case,frame,rank_a,rank_b,pair_similarity,iou,containment,nested,gdino_a,gdino_b,siglip_source_a,siglip_source_b,sam_a,sam_b,crop_a,crop_b,track_a,track_b,birth_a,obs_a,life_a,birth_b,obs_b,life_b,first_frame,post_initial_a,post_initial_b,persistent_a,persistent_b,new_persistent_a,new_persistent_b,has_new_persistent_track,spatially_distinct,eligible,min_siglip,min_gdino,semantic_support,dup_evidence,eligible_dup_evidence
Cosmos2.5_0036,0,1,2,0.1716467291116714,0.0,0.0,False,0.7974219918251038,0.1143990531563758,0.9353830814361572,0.6408697366714478,0.97265625,0.9296875,/shared/ssd_30T/zhuoyingyang/physact/sam3_robowm/identity_v1/sam_masked_negative6/crops/Cosmos2.5_0036/frame_0000_rank_01.png,/shared/ssd_30T/zhuoyingyang/physact/sam3_robowm/identity_v1/sam_masked_negative6/crops/Cosmos2.5_0036/frame_0000_rank_02.png,T00,T01,0,32,92,0,6,15,0,False,False,True,True,False,False,False,True,False,0.6408697366714478,0.1143990531563758,0.27076722673135595,0.046476308819075565,0.0
Cosmos2.5_0036,0,1,3,0.1514617651700973,0.0,0.0,False,0.7974219918251038,0.1016993448138237,0.9353830814361572,0.6119279861450195,0.97265625,0.9765625,/shared/ssd_30T/zhuoyingyang/physact/sam3_robowm/identity_v1/sam_masked_negative6/crops/Cosmos2.5_0036/frame_0000_rank_01.png,/shared/ssd_30T/zhuoyingyang/physact/sam3_robowm/identity_v1/sam_masked_negative6/crops/Cosmos2.5_0036/frame_0000_rank_03.png,T00,T02,0,32,92,0,3,6,0,False,False,True,True,False,False,False,True,False,0.6119279861450195,0.1016993448138237,0.24946477760235225,0.03778437556341802,0.0
Cosmos2.5_0036,0,2,3,0.5720272660255432,0.0270018277371167,0.0774361185965416,False,0.1143990531563758,0.1016993448138237,0.6408697366714478,0.6119279861450195,0.9296875,0.9765625,/shared/ssd_30T/zhuoyingyang/physact/sam3_robowm/identity_v1/sam_masked_negative6/crops/Cosmos2.5_0036/frame_0000_rank_02.png,/shared/ssd_30T/zhuoyingyang/physact/sam3_robowm/identity_v1/sam_masked_negative6/crops/Cosmos2.5_0036/frame_0000_rank_03.png,T01,T02,0,6,15,0,3,6,0,False,False,True,True,False,False,False,True,False,0.6119279861450195,0.1016993448138237,0.24946477760235225,0.14270065470154372,0.0
Cosmos2.5_0036,3,1,2,0.2325446009635925,0.0,0.0,False,0.7855073809623718,0.1153903901576995,0.8663011789321899,0.6699734330177307,0.96875,0.9609375,/shared/ssd_30T/zhuoyingyang/physact/sam3_robowm/identity_v1/sam_masked_negative6/crops/Cosmos2.5_0036/frame_0003_rank_01.png,/shared/ssd_30T/zhuoyingyang/physact/sam3_robowm/identity_v1/sam_masked_negative6/crops/Cosmos2.5_0036/frame_0003_rank_02.png,T00,T02,0,32,92,0,3,6,0,False,False,True,True,False,False,False,True,False,0.6699734330177307,0.1153903901576995,0.2780440537598481,0.06465764353188354,0.0
Cosmos2.5_0036,3,1,3,0.176313430070877,0.0,0.0,False,0.7855073809623718,0.120252713561058,0.8663011789321899,0.6099838614463806,0.96875,0.9375,/shared/ssd_30T/zhuoyingyang/physact/sam3_robowm/identity_v1/sam_masked_negative6/crops/Cosmos2.5_0036/frame_0003_rank_01.png,/shared/ssd_30T/zhuoyingyang/physact/sam3_robowm/identity_v1/sam_masked_negative6/crops/Cosmos2.5_0036/frame_0003_rank_03.png,T00,T01,0,32,92,0,6,15,0,False,False,True,True,False,False,False,True,False,0.6099838614463806,0.120252713561058,0.27083613969959713,0.04775204877759119,0.0
Cosmos2.5_0036,3,2,3,0.3297222256660461,0.0,0.0,False,0.1153903901576995,0.120252713561058,0.6699734330177307,0.6099838614463806,0.9609375,0.9375,/shared/ssd_30T/zhuoyingyang/physact/sam3_robowm/identity_v1/sam_masked_negative6/crops/Cosmos2.5_0036/frame_0003_rank_02.png,/shared/ssd_30T/zhuoyingyang/physact/sam3_robowm/identity_v1/sam_masked_negative6/crops/Cosmos2.5_0036/frame_0003_rank_03.png,T02,T01,0,3,6,0,6,15,0,False,False,True,True,False,False,False,True,False,0.6099838614463806,0.1153903901576995,0.26530411938414744,0.08747666472171149,0.0
Cosmos2.5_0036,6,1,2,0.1714977771043777,0.0,0.0,False,0.7590517401695251,0.1151273995637893,0.8501127362251282,0.6417263746261597,0.96875,0.953125,/shared/ssd_30T/zhuoyingyang/physact/sam3_robowm/identity_v1/sam_masked_negative6/crops/Cosmos2.5_0036/frame_0006_rank_01.png,/shared/ssd_30T/zhuoyingyang/physact/sam3_robowm/identity_v1/sam_masked_negative6/crops/Cosmos2.5_0036/frame_0006_rank_02.png,T00,T02,0,32,92,0,3,6,0,False,False,True,True,False,False,False,True,False,0.6417263746261597,0.1151273995637893,0.27180928744656213,0.04661468859341024,0.0
Cosmos2.5_0036,6,1,3,0.1726054847240448,0.0,0.0,False,0.7590517401695251,0.1083665937185287,0.8501127362251282,0.6224497556686401,0.96875,0.9296875,/shared/ssd_30T/zhuoyingyang/physact/sam3_robowm/identity_v1/sam_masked_negative6/crops/Cosmos2.5_0036/frame_0006_rank_01.png,/shared/ssd_30T/zhuoyingyang/physact/sam3_robowm/identity_v1/sam_masked_negative6/crops/Cosmos2.5_0036/frame_0006_rank_03.png,T00,T01,0,32,92,0,6,15,0,False,False,True,True,False,False,False,True,False,0.6224497556686401,0.1083665937185287,0.25971669138263137,0.044828525407024235,0.0
Cosmos2.5_0036,6,2,3,0.269420325756073,0.0,0.0,False,0.1151273995637893,0.1083665937185287,0.6417263746261597,0.6224497556686401,0.953125,0.9296875,/shared/ssd_30T/zhuoyingyang/physact/sam3_robowm/identity_v1/sam_masked_negative6/crops/Cosmos2.5_0036/frame_0006_rank_02.png,/shared/ssd_30T/zhuoyingyang/physact/sam3_robowm/identity_v1/sam_masked_negative6/crops/Cosmos2.5_0036/frame_0006_rank_03.png,T02,T01,0,3,6,0,6,15,0,False,False,True,True,False,False,False,True,False,0.6224497556686401,0.1083665937185287,0.25971669138263137,0.06997295559659802,0.0
Cosmos2.5_0036,9,1,2,0.2018338292837143,0.0,0.0,False,0.7439025044441223,0.1027691736817359,0.7763060331344604,0.6238125562667847,0.97265625,0.9296875,/shared/ssd_30T/zhuoyingyang/physact/sam3_robowm/identity_v1/sam_masked_negative6/crops/Cosmos2.5_0036/frame_0009_rank_01.png,/shared/ssd_30T/zhuoyingyang/physact/sam3_robowm/identity_v1/sam_masked_negative6/crops/Cosmos2.5_0036/frame_0009_rank_02.png,T00,T01,0,32,92,0,6,15,0,False,False,True,True,False,False,False,True,False,0.6238125562667847,0.1027691736817359,0.2531969607634121,0.05110371215387782,0.0
Cosmos2.5_0036,9,1,3,0.0821683555841445,0.0150517335583388,1.0,True,0.7439025044441223,0.1789017915725708,0.7763060331344604,0.600932240486145,0.97265625,0.98828125,/shared/ssd_30T/zhuoyingyang/physact/sam3_robowm/identity_v1/sam_masked_negative6/crops/Cosmos2.5_0036/frame_0009_rank_01.png,/shared/ssd_30T/zhuoyingyang/physact/sam3_robowm/identity_v1/sam_masked_negative6/crops/Cosmos2.5_0036/frame_0009_rank_03.png,T00,T03,0,32,92,9,7,24,0,False,True,True,True,False,True,True,False,False,0.600932240486145,0.1789017915725708,0.32788390389997846,0.02694168120597089,0.0
Cosmos2.5_0036,9,2,3,0.321817010641098,0.1263610385715254,0.996982540658133,True,0.1027691736817359,0.1789017915725708,0.6238125562667847,0.600932240486145,0.9296875,0.98828125,/shared/ssd_30T/zhuoyingyang/physact/sam3_robowm/identity_v1/sam_masked_negative6/crops/Cosmos2.5_0036/frame_0009_rank_02.png,/shared/ssd_30T/zhuoyingyang/physact/sam3_robowm/identity_v1/sam_masked_negative6/crops/Cosmos2.5_0036/frame_0009_rank_03.png,T01,T03,0,6,15,9,7,24,0,False,True,True,True,False,True,True,False,False,0.600932240486145,0.1027691736817359,0.24851018046244167,0.07997480339030277,0.0
Cosmos2.5_0036,12,1,2,0.1591875553131103,0.0,0.0,False,0.7442945241928101,0.1000190079212188,0.8647613525390625,0.6181515455245972,0.97265625,0.9453125,/shared/ssd_30T/zhuoyingyang/physact/sam3_robowm/identity_v1/sam_masked_negative6/crops/Cosmos2.5_0036/frame_0012_rank_01.png,/shared/ssd_30T/zhuoyingyang/physact/sam3_robowm/identity_v1/sam_masked_negative6/crops/Cosmos2.5_0036/frame_0012_rank_02.png,T00,T01,0,32,92,0,6,15,0,False,False,True,True,False,False,False,True,False,0.6181515455245972,0.1000190079212188,0.24865016454516642,0.039582011822147656,0.0
Cosmos2.5_0036,12,1,3,0.0678089633584022,0.0153491430550644,1.0,True,0.7442945241928101,0.1675406545400619,0.8647613525390625,0.6058709621429443,0.97265625,0.984375,/shared/ssd_30T/zhuoyingyang/physact/sam3_robowm/identity_v1/sam_masked_negative6/crops/Cosmos2.5_0036/frame_0012_rank_01.png,/shared/ssd_30T/zhuoyingyang/physact/sam3_robowm/identity_v1/sam_masked_negative6/crops/Cosmos2.5_0036/frame_0012_rank_03.png,T00,T03,0,32,92,9,7,24,0,False,True,True,True,False,True,True,False,False,0.6058709621429443,0.1675406545400619,0.31860322905495786,0.02160415468485626,0.0
Cosmos2.5_0036,12,2,3,0.4215908646583557,0.1011191094879154,0.9977632420442496,True,0.1000190079212188,0.1675406545400619,0.6181515455245972,0.6058709621429443,0.9453125,0.984375,/shared/ssd_30T/zhuoyingyang/physact/sam3_robowm/identity_v1/sam_masked_negative6/crops/Cosmos2.5_0036/frame_0012_rank_02.png,/shared/ssd_30T/zhuoyingyang/physact/sam3_robowm/identity_v1/sam_masked_negative6/crops/Cosmos2.5_0036/frame_0012_rank_03.png,T01,T03,0,6,15,9,7,24,0,False,True,True,True,False,True,True,False,False,0.6058709621429443,0.1000190079212188,0.24616785444450623,0.10378211860635163,0.0
Cosmos2.5_0036,15,1,2,0.0838177800178527,0.0,0.0,False,0.7040117383003235,0.1962819248437881,0.8282496333122253,0.6234102249145508,0.97265625,0.95703125,/shared/ssd_30T/zhuoyingyang/physact/sam3_robowm/identity_v1/sam_masked_negative6/crops/Cosmos2.5_0036/frame_0015_rank_01.png,/shared/ssd_30T/zhuoyingyang/physact/sam3_robowm/identity_v1/sam_masked_negative6/crops/Cosmos2.5_0036/frame_0015_rank_02.png,T00,T04,0,32,92,15,19,66,0,False,True,True,True,False,True,True,True,True,0.6234102249145508,0.1962819248437881,0.34980588747693614,0.02931995292549157,0.02931995292549157
Cosmos2.5_0036,15,1,3,0.1326896250247955,0.0,0.0,False,0.7040117383003235,0.1176283210515976,0.8282496333122253,0.6221455335617065,0.97265625,0.9453125,/shared/ssd_30T/zhuoyingyang/physact/sam3_robowm/identity_v1/sam_masked_negative6/crops/Cosmos2.5_0036/frame_0015_rank_01.png,/shared/ssd_30T/zhuoyingyang/physact/sam3_robowm/identity_v1/sam_masked_negative6/crops/Cosmos2.5_0036/frame_0015_rank_03.png,T00,T01,0,32,92,0,6,15,0,False,False,True,True,False,False,False,True,False,0.6221455335617065,0.1176283210515976,0.2705215972202846,0.035895409296268325,0.0
Cosmos2.5_0036,15,2,3,0.2598312199115753,0.0,0.0,False,0.1962819248437881,0.1176283210515976,0.6234102249145508,0.6221455335617065,0.95703125,0.9453125,/shared/ssd_30T/zhuoyingyang/physact/sam3_robowm/identity_v1/sam_masked_negative6/crops/Cosmos2.5_0036/frame_0015_rank_02.png,/shared/ssd_30T/zhuoyingyang/physact/sam3_robowm/identity_v1/sam_masked_negative6/crops/Cosmos2.5_0036/frame_0015_rank_03.png,T04,T01,15,19,66,0,6,15,0,True,False,True,True,True,False,True,True,True,0.6221455335617065,0.1176283210515976,0.2705215972202846,0.07028995661817437,0.07028995661817437
Cosmos2.5_0036,18,1,2,0.0502214133739471,0.0,0.0,False,0.7260834574699402,0.1697554439306259,0.8038862347602844,0.6301881074905396,0.97265625,0.95703125,/shared/ssd_30T/zhuoyingyang/physact/sam3_robowm/identity_v1/sam_masked_negative6/crops/Cosmos2.5_0036/frame_0018_rank_01.png,/shared/ssd_30T/zhuoyingyang/physact/sam3_robowm/identity_v1/sam_masked_negative6/crops/Cosmos2.5_0036/frame_0018_rank_02.png,T00,T04,0,32,92,15,19,66,0,False,True,True,True,False,True,True,True,True,0.6301881074905396,0.1697554439306259,0.3270747039238246,0.016426153909919753,0.016426153909919753
Cosmos2.5_0036,18,1,3,0.049940675497055,0.0166743723464332,1.0,True,0.7260834574699402,0.2330711185932159,0.8038862347602844,0.6049580574035645,0.97265625,0.97265625,/shared/ssd_30T/zhuoyingyang/physact/sam3_robowm/identity_v1/sam_masked_negative6/crops/Cosmos2.5_0036/frame_0018_rank_01.png,/shared/ssd_30T/zhuoyingyang/physact/sam3_robowm/identity_v1/sam_masked_negative6/crops/Cosmos2.5_0036/frame_0018_rank_03.png,T00,T03,0,32,92,9,7,24,0,False,True,True,True,False,True,True,False,False,0.6049580574035645,0.2330711185932159,0.37549733839406596,0.0187525907267459,0.0
Cosmos2.5_0036,18,2,3,0.1855095326900482,0.0329066322671804,1.0,True,0.1697554439306259,0.2330711185932159,0.6301881074905396,0.6049580574035645,0.95703125,0.97265625,/shared/ssd_30T/zhuoyingyang/physact/sam3_robowm/identity_v1/sam_masked_negative6/crops/Cosmos2.5_0036/frame_0018_rank_02.png,/shared/ssd_30T/zhuoyingyang/physact/sam3_robowm/identity_v1/sam_masked_negative6/crops/Cosmos2.5_0036/frame_0018_rank_03.png,T04,T03,15,19,66,9,7,24,0,True,True,True,True,True,True,True,False,False,0.6049580574035645,0.1697554439306259,0.32046048679041717,0.05944847515011565,0.0
Cosmos2.5_0036,21,1,2,0.03030376881361,0.0,0.0,False,0.7290360331535339,0.1554431468248367,0.8423445224761963,0.6230276823043823,0.97265625,0.9609375,/shared/ssd_30T/zhuoyingyang/physact/sam3_robowm/identity_v1/sam_masked_negative6/crops/Cosmos2.5_0036/frame_0021_rank_01.png,/shared/ssd_30T/zhuoyingyang/physact/sam3_robowm/identity_v1/sam_masked_negative6/crops/Cosmos2.5_0036/frame_0021_rank_02.png,T00,T04,0,32,92,15,19,66,0,False,True,True,True,False,True,True,True,True,0.6230276823043823,0.1554431468248367,0.3111999092165321,0.00943053010371421,0.00943053010371421
Cosmos2.5_0036,21,1,3,0.037056341767311,0.0170667520949985,1.0,True,0.7290360331535339,0.2302005589008331,0.8423445224761963,0.609735906124115,0.97265625,0.9765625,/shared/ssd_30T/zhuoyingyang/physact/sam3_robowm/identity_v1/sam_masked_negative6/crops/Cosmos2.5_0036/frame_0021_rank_01.png,/shared/ssd_30T/zhuoyingyang/physact/sam3_robowm/identity_v1/sam_masked_negative6/crops/Cosmos2.5_0036/frame_0021_rank_03.png,T00,T03,0,32,92,9,7,24,0,False,True,True,True,False,True,True,False,False,0.609735906124115,0.2302005589008331,0.37464856381905054,0.013883105223510963,0.0
Cosmos2.5_0036,21,2,3,0.1946473270654678,0.0361523536968339,1.0,True,0.1554431468248367,0.2302005589008331,0.6230276823043823,0.609735906124115,0.9609375,0.9765625,/shared/ssd_30T/zhuoyingyang/physact/sam3_robowm/identity_v1/sam_masked_negative6/crops/Cosmos2.5_0036/frame_0021_rank_02.png,/shared/ssd_30T/zhuoyingyang/physact/sam3_robowm/identity_v1/sam_masked_negative6/crops/Cosmos2.5_0036/frame_0021_rank_03.png,T04,T03,15,19,66,9,7,24,0,True,True,True,True,True,True,True,False,False,0.609735906124115,0.1554431468248367,0.30786241729062297,0.05992459662953342,0.0
Cosmos2.5_0036,24,1,2,0.0429107621312141,0.0176127725127085,1.0,True,0.749562680721283,0.2019344568252563,0.8247921466827393,0.6097385287284851,0.97265625,0.98046875,/shared/ssd_30T/zhuoyingyang/physact/sam3_robowm/identity_v1/sam_masked_negative6/crops/Cosmos2.5_0036/frame_0024_rank_01.png,/shared/ssd_30T/zhuoyingyang/physact/sam3_robowm/identity_v1/sam_masked_negative6/crops/Cosmos2.5_0036/frame_0024_rank_02.png,T00,T03,0,32,92,9,7,24,0,False,True,True,True,False,True,True,False,False,0.6097385287284851,0.2019344568252563,0.35089488255632567,0.0150571668384348,0.0
Cosmos2.5_0036,24,1,3,0.1931682378053665,0.0,0.0,False,0.749562680721283,0.1157320588827133,0.8247921466827393,0.5788363218307495,0.97265625,0.95703125,/shared/ssd_30T/zhuoyingyang/physact/sam3_robowm/identity_v1/sam_masked_negative6/crops/Cosmos2.5_0036/frame_0024_rank_01.png,/shared/ssd_30T/zhuoyingyang/physact/sam3_robowm/identity_v1/sam_masked_negative6/crops/Cosmos2.5_0036/frame_0024_rank_03.png,T00,T05,0,32,92,24,5,21,0,False,True,True,True,False,True,True,True,True,0.5788363218307495,0.1157320588827133,0.25882410877190226,0.04999659699301286,0.04999659699301286
Cosmos2.5_0036,24,2,3,0.075589433312416,0.0087023932110449,0.5549870281925396,False,0.2019344568252563,0.1157320588827133,0.6097385287284851,0.5788363218307495,0.98046875,0.95703125,/shared/ssd_30T/zhuoyingyang/physact/sam3_robowm/identity_v1/sam_masked_negative6/crops/Cosmos2.5_0036/frame_0024_rank_02.png,/shared/ssd_30T/zhuoyingyang/physact/sam3_robowm/identity_v1/sam_masked_negative6/crops/Cosmos2.5_0036/frame_0024_rank_03.png,T03,T05,9,7,24,24,5,21,0,True,True,True,True,True,True,True,True,True,0.5788363218307495,0.1157320588827133,0.25882410877190226,0.01956436770965921,0.01956436770965921
Cosmos2.5_0036,27,1,2,0.0329636633396148,0.0,0.0,False,0.712012529373169,0.1078975051641464,0.8462184071540833,0.6286239624023438,0.97265625,0.95703125,/shared/ssd_30T/zhuoyingyang/physact/sam3_robowm/identity_v1/sam_masked_negative6/crops/Cosmos2.5_0036/frame_0027_rank_01.png,/shared/ssd_30T/zhuoyingyang/physact/sam3_robowm/identity_v1/sam_masked_negative6/crops/Cosmos2.5_0036/frame_0027_rank_02.png,T00,T04,0,32,92,15,19,66,0,False,True,True,True,False,True,True,True,True,0.6286239624023438,0.1078975051641464,0.2604360904898034,0.008584927608391333,0.008584927608391333
Cosmos2.5_0036,27,1,3,0.064728707075119,0.0195339216166059,1.0,True,0.712012529373169,0.2252479195594787,0.8462184071540833,0.6186690926551819,0.97265625,0.98046875,/shared/ssd_30T/zhuoyingyang/physact/sam3_robowm/identity_v1/sam_masked_negative6/crops/Cosmos2.5_0036/frame_0027_rank_01.png,/shared/ssd_30T/zhuoyingyang/physact/sam3_robowm/identity_v1/sam_masked_negative6/crops/Cosmos2.5_0036/frame_0027_rank_03.png,T00,T03,0,32,92,9,7,24,0,False,True,True,True,False,True,True,False,False,0.6186690926551819,0.2252479195594787,0.3733013876431885,0.024163316171491398,0.0
Cosmos2.5_0036,27,2,3,0.1816660910844802,0.0328566598187839,1.0,True,0.1078975051641464,0.2252479195594787,0.6286239624023438,0.6186690926551819,0.95703125,0.98046875,/shared/ssd_30T/zhuoyingyang/physact/sam3_robowm/identity_v1/sam_masked_negative6/crops/Cosmos2.5_0036/frame_0027_rank_02.png,/shared/ssd_30T/zhuoyingyang/physact/sam3_robowm/identity_v1/sam_masked_negative6/crops/Cosmos2.5_0036/frame_0027_rank_03.png,T04,T03,15,19,66,9,7,24,0,True,True,True,True,True,True,True,False,False,0.6186690926551819,0.1078975051641464,0.2583657322859598,0.046936292654569604,0.0
Cosmos2.5_0036,30,1,2,0.0339158587157726,0.0,0.0,False,0.672636866569519,0.1376660019159317,0.8147239685058594,0.6347572207450867,0.96875,0.953125,/shared/ssd_30T/zhuoyingyang/physact/sam3_robowm/identity_v1/sam_masked_negative6/crops/Cosmos2.5_0036/frame_0030_rank_01.png,/shared/ssd_30T/zhuoyingyang/physact/sam3_robowm/identity_v1/sam_masked_negative6/crops/Cosmos2.5_0036/frame_0030_rank_02.png,T00,T04,0,32,92,15,19,66,0,False,True,True,True,False,True,True,True,True,0.6347572207450867,0.1376660019159317,0.29560867505410693,0.010025822058291823,0.010025822058291823
Cosmos2.5_0036,30,1,3,0.1149258539080619,0.0,0.0,False,0.672636866569519,0.1024353206157684,0.8147239685058594,0.6301736235618591,0.96875,0.921875,/shared/ssd_30T/zhuoyingyang/physact/sam3_robowm/identity_v1/sam_masked_negative6/crops/Cosmos2.5_0036/frame_0030_rank_01.png,/shared/ssd_30T/zhuoyingyang/physact/sam3_robowm/identity_v1/sam_masked_negative6/crops/Cosmos2.5_0036/frame_0030_rank_03.png,T00,T05,0,32,92,24,5,21,0,False,True,True,True,False,True,True,True,True,0.6301736235618591,0.1024353206157684,0.25407092941373594,0.02919931851608852,0.02919931851608852
Cosmos2.5_0036,30,2,3,0.4292576909065246,0.0,0.0,False,0.1376660019159317,0.1024353206157684,0.6347572207450867,0.6301736235618591,0.953125,0.921875,/shared/ssd_30T/zhuoyingyang/physact/sam3_robowm/identity_v1/sam_masked_negative6/crops/Cosmos2.5_0036/frame_0030_rank_02.png,/shared/ssd_30T/zhuoyingyang/physact/sam3_robowm/identity_v1/sam_masked_negative6/crops/Cosmos2.5_0036/frame_0030_rank_03.png,T04,T05,15,19,66,24,5,21,0,True,True,True,True,True,True,True,True,True,0.6301736235618591,0.1024353206157684,0.25407092941373594,0.10906190048661489,0.10906190048661489
Cosmos2.5_0036,33,1,2,0.0415115132927894,0.0204523343106684,1.0,True,0.6586223244667053,0.2551440894603729,0.8271841406822205,0.6235908269882202,0.97265625,0.98046875,/shared/ssd_30T/zhuoyingyang/physact/sam3_robowm/identity_v1/sam_masked_negative6/crops/Cosmos2.5_0036/frame_0033_rank_01.png,/shared/ssd_30T/zhuoyingyang/physact/sam3_robowm/identity_v1/sam_masked_negative6/crops/Cosmos2.5_0036/frame_0033_rank_02.png,T00,T03,0,32,92,9,7,24,0,False,True,True,True,False,True,True,False,False,0.6235908269882202,0.2551440894603729,0.3988803250948214,0.016558125917405835,0.0
Cosmos2.5_0036,33,1,3,0.0716350153088569,0.0,0.0,False,0.6586223244667053,0.1772357523441314,0.8271841406822205,0.606366753578186,0.97265625,0.95703125,/shared/ssd_30T/zhuoyingyang/physact/sam3_robowm/identity_v1/sam_masked_negative6/crops/Cosmos2.5_0036/frame_0033_rank_01.png,/shared/ssd_30T/zhuoyingyang/physact/sam3_robowm/identity_v1/sam_masked_negative6/crops/Cosmos2.5_0036/frame_0033_rank_03.png,T00,T04,0,32,92,15,19,66,0,False,True,True,True,False,True,True,True,True,0.606366753578186,0.1772357523441314,0.32782597176992906,0.023483818506379758,0.023483818506379758
Cosmos2.5_0036,33,2,3,0.1619798243045807,0.0334441714668739,1.0,True,0.2551440894603729,0.1772357523441314,0.6235908269882202,0.606366753578186,0.98046875,0.95703125,/shared/ssd_30T/zhuoyingyang/physact/sam3_robowm/identity_v1/sam_masked_negative6/crops/Cosmos2.5_0036/frame_0033_rank_02.png,/shared/ssd_30T/zhuoyingyang/physact/sam3_robowm/identity_v1/sam_masked_negative6/crops/Cosmos2.5_0036/frame_0033_rank_03.png,T03,T04,9,7,24,15,19,66,0,True,True,True,True,True,True,True,False,False,0.606366753578186,0.1772357523441314,0.32782597176992906,0.05310119330977154,0.0
Cosmos2.5_0036,36,1,2,0.2067918926477432,0.2556957645798483,1.0,True,0.6589933633804321,0.1053295508027076,0.6855987906455994,0.6392948031425476,0.97265625,0.96875,/shared/ssd_30T/zhuoyingyang/physact/sam3_robowm/identity_v1/sam_masked_negative6/crops/Cosmos2.5_0036/frame_0036_rank_01.png,/shared/ssd_30T/zhuoyingyang/physact/sam3_robowm/identity_v1/sam_masked_negative6/crops/Cosmos2.5_0036/frame_0036_rank_02.png,T00,T04,0,32,92,15,19,66,0,False,True,True,True,False,True,True,False,False,0.6392948031425476,0.1053295508027076,0.259493033520189,0.05366105553054415,0.0
Cosmos2.5_0036,36,1,3,0.1284128427505493,0.0,0.0,False,0.6589933633804321,0.1351936161518097,0.6855987906455994,0.6269925832748413,0.97265625,0.9375,/shared/ssd_30T/zhuoyingyang/physact/sam3_robowm/identity_v1/sam_masked_negative6/crops/Cosmos2.5_0036/frame_0036_rank_01.png,/shared/ssd_30T/zhuoyingyang/physact/sam3_robowm/identity_v1/sam_masked_negative6/crops/Cosmos2.5_0036/frame_0036_rank_03.png,T00,T05,0,32,92,24,5,21,0,False,True,True,True,False,True,True,True,True,0.6269925832748413,0.1351936161518097,0.2911449718495761,0.03738675348773272,0.03738675348773272
Cosmos2.5_0036,36,2,3,0.2672072052955627,0.0,0.0,False,0.1053295508027076,0.1351936161518097,0.6392948031425476,0.6269925832748413,0.96875,0.9375,/shared/ssd_30T/zhuoyingyang/physact/sam3_robowm/identity_v1/sam_masked_negative6/crops/Cosmos2.5_0036/frame_0036_rank_02.png,/shared/ssd_30T/zhuoyingyang/physact/sam3_robowm/identity_v1/sam_masked_negative6/crops/Cosmos2.5_0036/frame_0036_rank_03.png,T04,T05,15,19,66,24,5,21,0,True,True,True,True,True,True,True,True,True,0.6269925832748413,0.1053295508027076,0.2569841379403956,0.06866801330434248,0.06866801330434248
Cosmos2.5_0036,39,1,2,0.0958356708288192,0.0,0.0,False,0.7286266088485718,0.1676545590162277,0.8356969952583313,0.6383630037307739,0.97265625,0.9609375,/shared/ssd_30T/zhuoyingyang/physact/sam3_robowm/identity_v1/sam_masked_negative6/crops/Cosmos2.5_0036/frame_0039_rank_01.png,/shared/ssd_30T/zhuoyingyang/physact/sam3_robowm/identity_v1/sam_masked_negative6/crops/Cosmos2.5_0036/frame_0039_rank_02.png,T00,T04,0,32,92,15,19,66,0,False,True,True,True,False,True,True,True,True,0.6383630037307739,0.1676545590162277,0.32714594278816517,0.03135225088603032,0.03135225088603032
Cosmos2.5_0036,39,1,3,0.1270015090703964,0.0,0.0,False,0.7286266088485718,0.1204811334609985,0.8356969952583313,0.6245617866516113,0.97265625,0.94140625,/shared/ssd_30T/zhuoyingyang/physact/sam3_robowm/identity_v1/sam_masked_negative6/crops/Cosmos2.5_0036/frame_0039_rank_01.png,/shared/ssd_30T/zhuoyingyang/physact/sam3_robowm/identity_v1/sam_masked_negative6/crops/Cosmos2.5_0036/frame_0039_rank_03.png,T00,T05,0,32,92,24,5,21,0,False,True,True,True,False,True,True,True,True,0.6245617866516113,0.1204811334609985,0.2743135285985955,0.034838232090446966,0.034838232090446966
Cosmos2.5_0036,39,2,3,0.4130022227764129,0.0,0.0,False,0.1676545590162277,0.1204811334609985,0.6383630037307739,0.6245617866516113,0.9609375,0.94140625,/shared/ssd_30T/zhuoyingyang/physact/sam3_robowm/identity_v1/sam_masked_negative6/crops/Cosmos2.5_0036/frame_0039_rank_02.png,/shared/ssd_30T/zhuoyingyang/physact/sam3_robowm/identity_v1/sam_masked_negative6/crops/Cosmos2.5_0036/frame_0039_rank_03.png,T04,T05,15,19,66,24,5,21,0,True,True,True,True,True,True,True,True,True,0.6245617866516113,0.1204811334609985,0.2743135285985955,0.11329209704886105,0.11329209704886105
Cosmos2.5_0036,42,1,2,0.0852649211883544,0.0,0.0,False,0.753104567527771,0.1393882632255554,0.8450853824615479,0.6414563655853271,0.97265625,0.9609375,/shared/ssd_30T/zhuoyingyang/physact/sam3_robowm/identity_v1/sam_masked_negative6/crops/Cosmos2.5_0036/frame_0042_rank_01.png,/shared/ssd_30T/zhuoyingyang/physact/sam3_robowm/identity_v1/sam_masked_negative6/crops/Cosmos2.5_0036/frame_0042_rank_02.png,T00,T04,0,32,92,15,19,66,0,False,True,True,True,False,True,True,True,True,0.6414563655853271,0.1393882632255554,0.29901753917440305,0.025495706911641148,0.025495706911641148
Cosmos2.5_0036,42,1,3,0.0375665165483951,0.0203528486658637,0.9985657277957716,True,0.753104567527771,0.1947665959596634,0.8450853824615479,0.6082054376602173,0.97265625,0.984375,/shared/ssd_30T/zhuoyingyang/physact/sam3_robowm/identity_v1/sam_masked_negative6/crops/Cosmos2.5_0036/frame_0042_rank_01.png,/shared/ssd_30T/zhuoyingyang/physact/sam3_robowm/identity_v1/sam_masked_negative6/crops/Cosmos2.5_0036/frame_0042_rank_03.png,T00,T06,0,32,92,42,16,50,0,False,True,True,True,False,True,True,False,False,0.6082054376602173,0.1947665959596634,0.34417742915135763,0.01292954708779856,0.0
Cosmos2.5_0036,42,2,3,0.1211264729499816,0.0327481398875472,1.0,True,0.1393882632255554,0.1947665959596634,0.6414563655853271,0.6082054376602173,0.9609375,0.984375,/shared/ssd_30T/zhuoyingyang/physact/sam3_robowm/identity_v1/sam_masked_negative6/crops/Cosmos2.5_0036/frame_0042_rank_02.png,/shared/ssd_30T/zhuoyingyang/physact/sam3_robowm/identity_v1/sam_masked_negative6/crops/Cosmos2.5_0036/frame_0042_rank_03.png,T04,T06,15,19,66,42,16,50,0,True,True,True,True,True,True,True,False,False,0.6082054376602173,0.1393882632255554,0.2911643859399643,0.03526771511755509,0.0
Cosmos2.5_0036,45,1,2,0.1249163672327995,0.0,0.0,False,0.7475442886352539,0.1202020123600959,0.8250162601470947,0.6147398948669434,0.97265625,0.9609375,/shared/ssd_30T/zhuoyingyang/physact/sam3_robowm/identity_v1/sam_masked_negative6/crops/Cosmos2.5_0036/frame_0045_rank_01.png,/shared/ssd_30T/zhuoyingyang/physact/sam3_robowm/identity_v1/sam_masked_negative6/crops/Cosmos2.5_0036/frame_0045_rank_02.png,T00,T04,0,32,92,15,19,66,0,False,True,True,True,False,True,True,True,True,0.6147398948669434,0.1202020123600959,0.27183261842729683,0.03395634318931767,0.03395634318931767
Cosmos2.5_0036,45,1,3,0.1147575750946998,0.0,0.0,False,0.7475442886352539,0.1140840202569961,0.8250162601470947,0.6136137843132019,0.97265625,0.9375,/shared/ssd_30T/zhuoyingyang/physact/sam3_robowm/identity_v1/sam_masked_negative6/crops/Cosmos2.5_0036/frame_0045_rank_01.png,/shared/ssd_30T/zhuoyingyang/physact/sam3_robowm/identity_v1/sam_masked_negative6/crops/Cosmos2.5_0036/frame_0045_rank_03.png,T00,T05,0,32,92,24,5,21,0,False,True,True,True,False,True,True,True,True,0.6136137843132019,0.1140840202569961,0.2645817971810596,0.03036276545869608,0.03036276545869608
Cosmos2.5_0036,45,2,3,0.5103691816329956,0.0,0.0,False,0.1202020123600959,0.1140840202569961,0.6147398948669434,0.6136137843132019,0.9609375,0.9375,/shared/ssd_30T/zhuoyingyang/physact/sam3_robowm/identity_v1/sam_masked_negative6/crops/Cosmos2.5_0036/frame_0045_rank_02.png,/shared/ssd_30T/zhuoyingyang/physact/sam3_robowm/identity_v1/sam_masked_negative6/crops/Cosmos2.5_0036/frame_0045_rank_03.png,T04,T05,15,19,66,24,5,21,0,True,True,True,True,True,True,True,True,True,0.6136137843132019,0.1140840202569961,0.2645817971810596,0.13503439530228462,0.13503439530228462
Cosmos2.5_0036,48,1,2,0.0314370654523372,0.0223552096967673,1.0,True,0.7405995726585388,0.2008854001760482,0.7381120324134827,0.6160602569580078,0.97265625,0.98046875,/shared/ssd_30T/zhuoyingyang/physact/sam3_robowm/identity_v1/sam_masked_negative6/crops/Cosmos2.5_0036/frame_0048_rank_01.png,/shared/ssd_30T/zhuoyingyang/physact/sam3_robowm/identity_v1/sam_masked_negative6/crops/Cosmos2.5_0036/frame_0048_rank_02.png,T00,T06,0,32,92,42,16,50,0,False,True,True,True,False,True,True,False,False,0.6160602569580078,0.2008854001760482,0.3517918578528623,0.011059303660919739,0.0
Cosmos2.5_0036,48,1,3,0.1221863329410553,0.0,0.0,False,0.7405995726585388,0.1273120045661926,0.7381120324134827,0.5971245765686035,0.97265625,0.96484375,/shared/ssd_30T/zhuoyingyang/physact/sam3_robowm/identity_v1/sam_masked_negative6/crops/Cosmos2.5_0036/frame_0048_rank_01.png,/shared/ssd_30T/zhuoyingyang/physact/sam3_robowm/identity_v1/sam_masked_negative6/crops/Cosmos2.5_0036/frame_0048_rank_03.png,T00,T04,0,32,92,15,19,66,0,False,True,True,True,False,True,True,True,True,0.5971245765686035,0.1273120045661926,0.2757192898922523,0.033689128953046085,0.033689128953046085
Cosmos2.5_0036,48,2,3,0.1223964169621467,0.0319213134678924,1.0,True,0.2008854001760482,0.1273120045661926,0.6160602569580078,0.5971245765686035,0.98046875,0.96484375,/shared/ssd_30T/zhuoyingyang/physact/sam3_robowm/identity_v1/sam_masked_negative6/crops/Cosmos2.5_0036/frame_0048_rank_02.png,/shared/ssd_30T/zhuoyingyang/physact/sam3_robowm/identity_v1/sam_masked_negative6/crops/Cosmos2.5_0036/frame_0048_rank_03.png,T06,T04,42,16,50,15,19,66,0,True,True,True,True,True,True,True,False,False,0.5971245765686035,0.1273120045661926,0.2757192898922523,0.033747053170159115,0.0
Cosmos2.5_0036,51,1,2,0.4394977688789367,0.3057988166617337,1.0,True,0.7234309911727905,0.1188314408063888,0.7744544744491577,0.662100613117218,0.97265625,0.96875,/shared/ssd_30T/zhuoyingyang/physact/sam3_robowm/identity_v1/sam_masked_negative6/crops/Cosmos2.5_0036/frame_0051_rank_01.png,/shared/ssd_30T/zhuoyingyang/physact/sam3_robowm/identity_v1/sam_masked_negative6/crops/Cosmos2.5_0036/frame_0051_rank_02.png,T00,T04,0,32,92,15,19,66,0,False,True,True,True,False,True,True,False,False,0.662100613117218,0.1188314408063888,0.2804966484924774,0.12327765119046319,0.0
Cosmos2.5_0036,51,1,3,0.0299228690564632,0.0232533257979193,0.9828191020257728,True,0.7234309911727905,0.2063644528388977,0.7744544744491577,0.6157352924346924,0.97265625,0.984375,/shared/ssd_30T/zhuoyingyang/physact/sam3_robowm/identity_v1/sam_masked_negative6/crops/Cosmos2.5_0036/frame_0051_rank_01.png,/shared/ssd_30T/zhuoyingyang/physact/sam3_robowm/identity_v1/sam_masked_negative6/crops/Cosmos2.5_0036/frame_0051_rank_03.png,T00,T06,0,32,92,42,16,50,0,False,True,True,True,False,True,True,False,False,0.6157352924346924,0.2063644528388977,0.3564630089039871,0.010666395938906881,0.0
Cosmos2.5_0036,51,2,3,0.2415709793567657,0.0733955509160609,0.95177756718418,True,0.1188314408063888,0.2063644528388977,0.662100613117218,0.6157352924346924,0.96875,0.984375,/shared/ssd_30T/zhuoyingyang/physact/sam3_robowm/identity_v1/sam_masked_negative6/crops/Cosmos2.5_0036/frame_0051_rank_02.png,/shared/ssd_30T/zhuoyingyang/physact/sam3_robowm/identity_v1/sam_masked_negative6/crops/Cosmos2.5_0036/frame_0051_rank_03.png,T04,T06,15,19,66,42,16,50,0,True,True,True,True,True,True,True,False,False,0.6157352924346924,0.1188314408063888,0.2704971570189928,0.06534426313429892,0.0
Cosmos2.5_0036,54,1,2,0.3714728057384491,0.3116801554025276,1.0,True,0.706595242023468,0.1066382229328155,0.8246465921401978,0.662744402885437,0.97265625,0.96484375,/shared/ssd_30T/zhuoyingyang/physact/sam3_robowm/identity_v1/sam_masked_negative6/crops/Cosmos2.5_0036/frame_0054_rank_01.png,/shared/ssd_30T/zhuoyingyang/physact/sam3_robowm/identity_v1/sam_masked_negative6/crops/Cosmos2.5_0036/frame_0054_rank_02.png,T00,T04,0,32,92,15,19,66,0,False,True,True,True,False,True,True,False,False,0.662744402885437,0.1066382229328155,0.26584560440671745,0.09875441256219714,0.0
Cosmos2.5_0036,54,1,3,0.0641834139823913,0.024696300424661,1.0,True,0.706595242023468,0.2264043986797332,0.8246465921401978,0.6173031330108643,0.97265625,0.984375,/shared/ssd_30T/zhuoyingyang/physact/sam3_robowm/identity_v1/sam_masked_negative6/crops/Cosmos2.5_0036/frame_0054_rank_01.png,/shared/ssd_30T/zhuoyingyang/physact/sam3_robowm/identity_v1/sam_masked_negative6/crops/Cosmos2.5_0036/frame_0054_rank_03.png,T00,T06,0,32,92,42,16,50,0,False,True,True,True,False,True,True,False,False,0.6173031330108643,0.2264043986797332,0.3738450810595748,0.023994653602927324,0.0
Cosmos2.5_0036,54,2,3,0.1413290053606033,0.0757885730324444,0.9595563725748644,True,0.1066382229328155,0.2264043986797332,0.662744402885437,0.6173031330108643,0.96484375,0.984375,/shared/ssd_30T/zhuoyingyang/physact/sam3_robowm/identity_v1/sam_masked_negative6/crops/Cosmos2.5_0036/frame_0054_rank_02.png,/shared/ssd_30T/zhuoyingyang/physact/sam3_robowm/identity_v1/sam_masked_negative6/crops/Cosmos2.5_0036/frame_0054_rank_03.png,T04,T06,15,19,66,42,16,50,0,True,True,True,True,True,True,True,False,False,0.6173031330108643,0.1066382229328155,0.2565698912872241,0.0362607675411015,0.0
Cosmos2.5_0036,57,1,2,0.381533145904541,0.2988241642414702,1.0,True,0.599968433380127,0.1030141785740852,0.8677399158477783,0.6455965638160706,0.97265625,0.96875,/shared/ssd_30T/zhuoyingyang/physact/sam3_robowm/identity_v1/sam_masked_negative6/crops/Cosmos2.5_0036/frame_0057_rank_01.png,/shared/ssd_30T/zhuoyingyang/physact/sam3_robowm/identity_v1/sam_masked_negative6/crops/Cosmos2.5_0036/frame_0057_rank_02.png,T00,T04,0,32,92,15,19,66,0,False,True,True,True,False,True,True,False,False,0.6455965638160706,0.1030141785740852,0.2578867963114135,0.09839236068393717,0.0
Cosmos2.5_0036,57,1,3,0.1571142077445984,0.0,0.0,False,0.599968433380127,0.1194321140646934,0.8677399158477783,0.6353186368942261,0.97265625,0.9375,/shared/ssd_30T/zhuoyingyang/physact/sam3_robowm/identity_v1/sam_masked_negative6/crops/Cosmos2.5_0036/frame_0057_rank_01.png,/shared/ssd_30T/zhuoyingyang/physact/sam3_robowm/identity_v1/sam_masked_negative6/crops/Cosmos2.5_0036/frame_0057_rank_03.png,T00,T06,0,32,92,42,16,50,0,False,True,True,True,False,True,True,True,True,0.6353186368942261,0.1194321140646934,0.27545861378613073,0.043278461871433235,0.043278461871433235
Cosmos2.5_0036,57,2,3,0.3014637529850006,0.0,0.0,False,0.1030141785740852,0.1194321140646934,0.6455965638160706,0.6353186368942261,0.96875,0.9375,/shared/ssd_30T/zhuoyingyang/physact/sam3_robowm/identity_v1/sam_masked_negative6/crops/Cosmos2.5_0036/frame_0057_rank_02.png,/shared/ssd_30T/zhuoyingyang/physact/sam3_robowm/identity_v1/sam_masked_negative6/crops/Cosmos2.5_0036/frame_0057_rank_03.png,T04,T06,15,19,66,42,16,50,0,True,True,True,True,True,True,True,True,True,0.6353186368942261,0.1030141785740852,0.2558257756999208,0.07712219845279711,0.07712219845279711
Cosmos2.5_0036,60,1,2,0.3107200562953949,0.3000401031360521,1.0,True,0.6892770528793335,0.1004184037446975,0.870752215385437,0.6576697826385498,0.97265625,0.96484375,/shared/ssd_30T/zhuoyingyang/physact/sam3_robowm/identity_v1/sam_masked_negative6/crops/Cosmos2.5_0036/frame_0060_rank_01.png,/shared/ssd_30T/zhuoyingyang/physact/sam3_robowm/identity_v1/sam_masked_negative6/crops/Cosmos2.5_0036/frame_0060_rank_02.png,T00,T04,0,32,92,15,19,66,0,False,True,True,True,False,True,True,False,False,0.6576697826385498,0.1004184037446975,0.25698667234641825,0.07985091329864528,0.0
Cosmos2.5_0036,60,1,3,0.0741880610585212,0.0246582760905428,1.0,True,0.6892770528793335,0.2536364793777466,0.870752215385437,0.6166536808013916,0.97265625,0.98046875,/shared/ssd_30T/zhuoyingyang/physact/sam3_robowm/identity_v1/sam_masked_negative6/crops/Cosmos2.5_0036/frame_0060_rank_01.png,/shared/ssd_30T/zhuoyingyang/physact/sam3_robowm/identity_v1/sam_masked_negative6/crops/Cosmos2.5_0036/frame_0060_rank_03.png,T00,T06,0,32,92,42,16,50,0,False,True,True,True,False,True,True,False,False,0.6166536808013916,0.2536364793777466,0.39548181828472684,0.029340029282442302,0.0
Cosmos2.5_0036,60,2,3,0.1440883129835128,0.0799444071256623,0.9747743580473818,True,0.1004184037446975,0.2536364793777466,0.6576697826385498,0.6166536808013916,0.96484375,0.98046875,/shared/ssd_30T/zhuoyingyang/physact/sam3_robowm/identity_v1/sam_masked_negative6/crops/Cosmos2.5_0036/frame_0060_rank_02.png,/shared/ssd_30T/zhuoyingyang/physact/sam3_robowm/identity_v1/sam_masked_negative6/crops/Cosmos2.5_0036/frame_0060_rank_03.png,T04,T06,15,19,66,42,16,50,0,True,True,True,True,True,True,True,False,False,0.6166536808013916,0.1004184037446975,0.24884408429650876,0.03585552430221099,0.0
Cosmos2.5_0036,63,1,2,0.0751922726631164,0.0244935321328461,1.0,True,0.6875145435333252,0.2599107921123504,0.8755393624305725,0.616256833076477,0.97265625,0.984375,/shared/ssd_30T/zhuoyingyang/physact/sam3_robowm/identity_v1/sam_masked_negative6/crops/Cosmos2.5_0036/frame_0063_rank_01.png,/shared/ssd_30T/zhuoyingyang/physact/sam3_robowm/identity_v1/sam_masked_negative6/crops/Cosmos2.5_0036/frame_0063_rank_02.png,T00,T06,0,32,92,42,16,50,0,False,True,True,True,False,True,True,False,False,0.616256833076477,0.2599107921123504,0.4002146944198272,0.030093052426601458,0.0
Cosmos2.5_0036,63,1,3,0.1625909209251403,0.0,0.0,False,0.6875145435333252,0.1233894377946853,0.8755393624305725,0.5969623327255249,0.97265625,0.95703125,/shared/ssd_30T/zhuoyingyang/physact/sam3_robowm/identity_v1/sam_masked_negative6/crops/Cosmos2.5_0036/frame_0063_rank_01.png,/shared/ssd_30T/zhuoyingyang/physact/sam3_robowm/identity_v1/sam_masked_negative6/crops/Cosmos2.5_0036/frame_0063_rank_03.png,T00,T07,0,32,92,63,2,6,0,False,True,True,False,False,False,False,True,False,0.5969623327255249,0.1233894377946853,0.2714016334136668,0.044127441517315416,0.0
Cosmos2.5_0036,63,2,3,0.0658372268080711,0.0050219095606821,0.2903126200357804,False,0.2599107921123504,0.1233894377946853,0.616256833076477,0.5969623327255249,0.984375,0.95703125,/shared/ssd_30T/zhuoyingyang/physact/sam3_robowm/identity_v1/sam_masked_negative6/crops/Cosmos2.5_0036/frame_0063_rank_02.png,/shared/ssd_30T/zhuoyingyang/physact/sam3_robowm/identity_v1/sam_masked_negative6/crops/Cosmos2.5_0036/frame_0063_rank_03.png,T06,T07,42,16,50,63,2,6,0,True,True,True,False,True,False,True,True,True,0.5969623327255249,0.1233894377946853,0.2714016334136668,0.017868330895136546,0.017868330895136546
Cosmos2.5_0036,66,1,2,0.240942120552063,0.3042428623159784,1.0,True,0.6824526190757751,0.101945012807846,0.8341985940933228,0.6595362424850464,0.97265625,0.96484375,/shared/ssd_30T/zhuoyingyang/physact/sam3_robowm/identity_v1/sam_masked_negative6/crops/Cosmos2.5_0036/frame_0066_rank_01.png,/shared/ssd_30T/zhuoyingyang/physact/sam3_robowm/identity_v1/sam_masked_negative6/crops/Cosmos2.5_0036/frame_0066_rank_02.png,T00,T04,0,32,92,15,19,66,0,False,True,True,True,False,True,True,False,False,0.6595362424850464,0.101945012807846,0.2592998856293166,0.06247626430243495,0.0
Cosmos2.5_0036,66,1,3,0.0694677010178566,0.0245806311917087,0.9976824021448256,True,0.6824526190757751,0.2556228339672088,0.8341985940933228,0.6147679090499878,0.97265625,0.98046875,/shared/ssd_30T/zhuoyingyang/physact/sam3_robowm/identity_v1/sam_masked_negative6/crops/Cosmos2.5_0036/frame_0066_rank_01.png,/shared/ssd_30T/zhuoyingyang/physact/sam3_robowm/identity_v1/sam_masked_negative6/crops/Cosmos2.5_0036/frame_0066_rank_03.png,T00,T06,0,32,92,42,16,50,0,False,True,True,True,False,True,True,False,False,0.6147679090499878,0.2556228339672088,0.3964198722862581,0.027538377165518674,0.0
Cosmos2.5_0036,66,2,3,0.1699343174695968,0.0776414506307226,0.961687433583114,True,0.101945012807846,0.2556228339672088,0.6595362424850464,0.6147679090499878,0.96484375,0.98046875,/shared/ssd_30T/zhuoyingyang/physact/sam3_robowm/identity_v1/sam_masked_negative6/crops/Cosmos2.5_0036/frame_0066_rank_02.png,/shared/ssd_30T/zhuoyingyang/physact/sam3_robowm/identity_v1/sam_masked_negative6/crops/Cosmos2.5_0036/frame_0066_rank_03.png,T04,T06,15,19,66,42,16,50,0,True,True,True,True,True,True,True,False,False,0.6147679090499878,0.101945012807846,0.25034480694025535,0.042542173899450274,0.0
Cosmos2.5_0036,69,1,2,0.0718985274434089,0.0246022272584966,0.9983591004215522,True,0.6770676374435425,0.2470351457595825,0.8516470193862915,0.6123809218406677,0.97265625,0.98046875,/shared/ssd_30T/zhuoyingyang/physact/sam3_robowm/identity_v1/sam_masked_negative6/crops/Cosmos2.5_0036/frame_0069_rank_01.png,/shared/ssd_30T/zhuoyingyang/physact/sam3_robowm/identity_v1/sam_masked_negative6/crops/Cosmos2.5_0036/frame_0069_rank_02.png,T00,T06,0,32,92,42,16,50,0,False,True,True,True,False,True,True,False,False,0.6123809218406677,0.2470351457595825,0.3889467962167793,0.027964701901818073,0.0
Cosmos2.5_0036,69,1,3,0.1618488430976867,0.0,0.0,False,0.6770676374435425,0.1249604970216751,0.8516470193862915,0.5800194144248962,0.97265625,0.95703125,/shared/ssd_30T/zhuoyingyang/physact/sam3_robowm/identity_v1/sam_masked_negative6/crops/Cosmos2.5_0036/frame_0069_rank_01.png,/shared/ssd_30T/zhuoyingyang/physact/sam3_robowm/identity_v1/sam_masked_negative6/crops/Cosmos2.5_0036/frame_0069_rank_03.png,T00,T07,0,32,92,63,2,6,0,False,True,True,False,False,False,False,True,False,0.5800194144248962,0.1249604970216751,0.26922019669548564,0.04357297737369601,0.0
Cosmos2.5_0036,69,2,3,0.0752481818199157,0.0050165866088777,0.2892575430477107,False,0.2470351457595825,0.1249604970216751,0.6123809218406677,0.5800194144248962,0.98046875,0.95703125,/shared/ssd_30T/zhuoyingyang/physact/sam3_robowm/identity_v1/sam_masked_negative6/crops/Cosmos2.5_0036/frame_0069_rank_02.png,/shared/ssd_30T/zhuoyingyang/physact/sam3_robowm/identity_v1/sam_masked_negative6/crops/Cosmos2.5_0036/frame_0069_rank_03.png,T06,T07,42,16,50,63,2,6,0,True,True,True,False,True,False,True,True,True,0.5800194144248962,0.1249604970216751,0.26922019669548564,0.020258330310535373,0.020258330310535373
Cosmos2.5_0036,72,1,2,0.0791472345590591,0.0244001704300346,1.0,True,0.6965875029563904,0.243795096874237,0.8472452163696289,0.6098002791404724,0.97265625,0.984375,/shared/ssd_30T/zhuoyingyang/physact/sam3_robowm/identity_v1/sam_masked_negative6/crops/Cosmos2.5_0036/frame_0072_rank_01.png,/shared/ssd_30T/zhuoyingyang/physact/sam3_robowm/identity_v1/sam_masked_negative6/crops/Cosmos2.5_0036/frame_0072_rank_02.png,T00,T06,0,32,92,42,16,50,0,False,True,True,True,False,True,True,False,False,0.6098002791404724,0.243795096874237,0.3855727144482455,0.0305170140700084,0.0
Cosmos2.5_0036,72,1,3,0.1169812977313995,0.0,0.0,False,0.6965875029563904,0.1142493784427642,0.8472452163696289,0.5833439826965332,0.97265625,0.96484375,/shared/ssd_30T/zhuoyingyang/physact/sam3_robowm/identity_v1/sam_masked_negative6/crops/Cosmos2.5_0036/frame_0072_rank_01.png,/shared/ssd_30T/zhuoyingyang/physact/sam3_robowm/identity_v1/sam_masked_negative6/crops/Cosmos2.5_0036/frame_0072_rank_03.png,T00,T04,0,32,92,15,19,66,0,False,True,True,True,False,True,True,True,True,0.5833439826965332,0.1142493784427642,0.25816019724466727,0.03019991489627524,0.03019991489627524
Cosmos2.5_0036,72,2,3,0.1816663742065429,0.0334714096087932,1.0,True,0.243795096874237,0.1142493784427642,0.6098002791404724,0.5833439826965332,0.984375,0.96484375,/shared/ssd_30T/zhuoyingyang/physact/sam3_robowm/identity_v1/sam_masked_negative6/crops/Cosmos2.5_0036/frame_0072_rank_02.png,/shared/ssd_30T/zhuoyingyang/physact/sam3_robowm/identity_v1/sam_masked_negative6/crops/Cosmos2.5_0036/frame_0072_rank_03.png,T06,T04,42,16,50,15,19,66,0,True,True,True,True,True,True,True,False,False,0.5833439826965332,0.1142493784427642,0.25816019724466727,0.04689902699788465,0.0
Cosmos2.5_0036,75,1,2,0.0806253030896186,0.0241161374868551,1.0,True,0.6996020078659058,0.2434763610363006,0.8461142182350159,0.6103715896606445,0.97265625,0.98046875,/shared/ssd_30T/zhuoyingyang/physact/sam3_robowm/identity_v1/sam_masked_negative6/crops/Cosmos2.5_0036/frame_0075_rank_01.png,/shared/ssd_30T/zhuoyingyang/physact/sam3_robowm/identity_v1/sam_masked_negative6/crops/Cosmos2.5_0036/frame_0075_rank_02.png,T00,T06,0,32,92,42,16,50,0,False,True,True,True,False,True,True,False,False,0.6103715896606445,0.2434763610363006,0.3855010421912187,0.031081138368030857,0.0
Cosmos2.5_0036,75,1,3,0.1447958797216415,0.0,0.0,False,0.6996020078659058,0.1166238784790039,0.8461142182350159,0.5982766151428223,0.97265625,0.9609375,/shared/ssd_30T/zhuoyingyang/physact/sam3_robowm/identity_v1/sam_masked_negative6/crops/Cosmos2.5_0036/frame_0075_rank_01.png,/shared/ssd_30T/zhuoyingyang/physact/sam3_robowm/identity_v1/sam_masked_negative6/crops/Cosmos2.5_0036/frame_0075_rank_03.png,T00,T04,0,32,92,15,19,66,0,False,True,True,True,False,True,True,True,True,0.5982766151428223,0.1166238784790039,0.2641464352612889,0.03824731546899395,0.03824731546899395
Cosmos2.5_0036,75,2,3,0.2081361711025238,0.033359381878763,1.0,True,0.2434763610363006,0.1166238784790039,0.6103715896606445,0.5982766151428223,0.98046875,0.9609375,/shared/ssd_30T/zhuoyingyang/physact/sam3_robowm/identity_v1/sam_masked_negative6/crops/Cosmos2.5_0036/frame_0075_rank_02.png,/shared/ssd_30T/zhuoyingyang/physact/sam3_robowm/identity_v1/sam_masked_negative6/crops/Cosmos2.5_0036/frame_0075_rank_03.png,T06,T04,42,16,50,15,19,66,0,True,True,True,True,True,True,True,False,False,0.5982766151428223,0.1166238784790039,0.2641464352612889,0.05497842764566535,0.0
Cosmos2.5_0036,78,1,2,0.0975497812032699,0.0238494468072858,0.9880883349649824,True,0.6959450244903564,0.2432823479175567,0.8544157147407532,0.6073912978172302,0.97265625,0.98046875,/shared/ssd_30T/zhuoyingyang/physact/sam3_robowm/identity_v1/sam_masked_negative6/crops/Cosmos2.5_0036/frame_0078_rank_01.png,/shared/ssd_30T/zhuoyingyang/physact/sam3_robowm/identity_v1/sam_masked_negative6/crops/Cosmos2.5_0036/frame_0078_rank_02.png,T00,T06,0,32,92,42,16,50,0,False,True,True,True,False,True,True,False,False,0.6073912978172302,0.2432823479175567,0.38440549038439564,0.037498671480333465,0.0
Cosmos2.5_0036,78,1,3,0.1704378575086593,0.0,0.0,False,0.6959450244903564,0.1315712928771972,0.8544157147407532,0.5915676355361938,0.97265625,0.95703125,/shared/ssd_30T/zhuoyingyang/physact/sam3_robowm/identity_v1/sam_masked_negative6/crops/Cosmos2.5_0036/frame_0078_rank_01.png,/shared/ssd_30T/zhuoyingyang/physact/sam3_robowm/identity_v1/sam_masked_negative6/crops/Cosmos2.5_0036/frame_0078_rank_03.png,T00,T08,0,32,92,78,1,0,0,False,True,True,False,False,False,False,True,False,0.5915676355361938,0.1315712928771972,0.2789862337675528,0.047549815957751686,0.0
Cosmos2.5_0036,78,2,3,0.0948985368013382,0.0049864379097936,0.2871432756310458,False,0.2432823479175567,0.1315712928771972,0.6073912978172302,0.5915676355361938,0.98046875,0.95703125,/shared/ssd_30T/zhuoyingyang/physact/sam3_robowm/identity_v1/sam_masked_negative6/crops/Cosmos2.5_0036/frame_0078_rank_02.png,/shared/ssd_30T/zhuoyingyang/physact/sam3_robowm/identity_v1/sam_masked_negative6/crops/Cosmos2.5_0036/frame_0078_rank_03.png,T06,T08,42,16,50,78,1,0,0,True,True,True,False,True,False,True,True,True,0.5915676355361938,0.1315712928771972,0.2789862337675528,0.026475385372256854,0.026475385372256854
Cosmos2.5_0036,81,1,2,0.0945389494299888,0.0234691331260913,0.9686459635419928,True,0.6951761841773987,0.2426708191633224,0.8421441316604614,0.6138197183609009,0.97265625,0.98046875,/shared/ssd_30T/zhuoyingyang/physact/sam3_robowm/identity_v1/sam_masked_negative6/crops/Cosmos2.5_0036/frame_0081_rank_01.png,/shared/ssd_30T/zhuoyingyang/physact/sam3_robowm/identity_v1/sam_masked_negative6/crops/Cosmos2.5_0036/frame_0081_rank_02.png,T00,T06,0,32,92,42,16,50,0,False,True,True,True,False,True,True,False,False,0.6138197183609009,0.2426708191633224,0.38594835648469816,0.036487152156294174,0.0
Cosmos2.5_0036,81,1,3,0.1269272714853286,0.0,0.0,False,0.6951761841773987,0.1027558296918869,0.8421441316604614,0.5679565668106079,0.97265625,0.90234375,/shared/ssd_30T/zhuoyingyang/physact/sam3_robowm/identity_v1/sam_masked_negative6/crops/Cosmos2.5_0036/frame_0081_rank_01.png,/shared/ssd_30T/zhuoyingyang/physact/sam3_robowm/identity_v1/sam_masked_negative6/crops/Cosmos2.5_0036/frame_0081_rank_03.png,T00,T04,0,32,92,15,19,66,0,False,True,True,True,False,True,True,True,True,0.5679565668106079,0.1027558296918869,0.24157990034682028,0.030663077596719483,0.030663077596719483
Cosmos2.5_0036,81,2,3,0.1568682044744491,0.0,0.0,False,0.2426708191633224,0.1027558296918869,0.6138197183609009,0.5679565668106079,0.98046875,0.90234375,/shared/ssd_30T/zhuoyingyang/physact/sam3_robowm/identity_v1/sam_masked_negative6/crops/Cosmos2.5_0036/frame_0081_rank_02.png,/shared/ssd_30T/zhuoyingyang/physact/sam3_robowm/identity_v1/sam_masked_negative6/crops/Cosmos2.5_0036/frame_0081_rank_03.png,T06,T04,42,16,50,15,19,66,0,True,True,True,True,True,True,True,True,True,0.5679565668106079,0.1027558296918869,0.24157990034682028,0.03789620520452204,0.03789620520452204
Cosmos2.5_0036,84,1,2,0.3790398836135864,0.2930879352487817,1.0,True,0.7005628943443298,0.1056071892380714,0.8266996145248413,0.6658966541290283,0.9765625,0.9609375,/shared/ssd_30T/zhuoyingyang/physact/sam3_robowm/identity_v1/sam_masked_negative6/crops/Cosmos2.5_0036/frame_0084_rank_01.png,/shared/ssd_30T/zhuoyingyang/physact/sam3_robowm/identity_v1/sam_masked_negative6/crops/Cosmos2.5_0036/frame_0084_rank_02.png,T00,T09,0,32,92,84,3,6,0,False,True,True,True,False,True,True,False,False,0.6658966541290283,0.1056071892380714,0.26518573484560376,0.10051597007186104,0.0
Cosmos2.5_0036,84,1,3,0.0775098502635955,0.0223568744349572,0.9175409488091216,True,0.7005628943443298,0.2375974804162979,0.8266996145248413,0.6178895831108093,0.9765625,0.98046875,/shared/ssd_30T/zhuoyingyang/physact/sam3_robowm/identity_v1/sam_masked_negative6/crops/Cosmos2.5_0036/frame_0084_rank_01.png,/shared/ssd_30T/zhuoyingyang/physact/sam3_robowm/identity_v1/sam_masked_negative6/crops/Cosmos2.5_0036/frame_0084_rank_03.png,T00,T06,0,32,92,42,16,50,0,False,True,True,True,False,True,True,False,False,0.6178895831108093,0.2375974804162979,0.38315663653733706,0.02969841352551188,0.0
Cosmos2.5_0036,84,2,3,0.1671538054943084,0.0745367371619263,0.9020652233599186,True,0.1056071892380714,0.2375974804162979,0.6658966541290283,0.6178895831108093,0.9609375,0.98046875,/shared/ssd_30T/zhuoyingyang/physact/sam3_robowm/identity_v1/sam_masked_negative6/crops/Cosmos2.5_0036/frame_0084_rank_02.png,/shared/ssd_30T/zhuoyingyang/physact/sam3_robowm/identity_v1/sam_masked_negative6/crops/Cosmos2.5_0036/frame_0084_rank_03.png,T09,T06,84,3,6,42,16,50,0,True,True,True,True,True,True,True,False,False,0.6178895831108093,0.1056071892380714,0.25544780706010434,0.0426990730552723,0.0
Cosmos2.5_0036,87,1,2,0.0780608803033828,0.0214402669399902,0.8623094007204046,False,0.7376825213432312,0.2041043639183044,0.8101961016654968,0.614260733127594,0.9765625,0.98046875,/shared/ssd_30T/zhuoyingyang/physact/sam3_robowm/identity_v1/sam_masked_negative6/crops/Cosmos2.5_0036/frame_0087_rank_01.png,/shared/ssd_30T/zhuoyingyang/physact/sam3_robowm/identity_v1/sam_masked_negative6/crops/Cosmos2.5_0036/frame_0087_rank_02.png,T00,T06,0,32,92,42,16,50,0,False,True,True,True,False,True,True,True,True,0.614260733127594,0.2041043639183044,0.3540809176092365,0.02763986812720656,0.02763986812720656
Cosmos2.5_0036,87,1,3,0.1177439019083976,0.0,0.0,False,0.7376825213432312,0.2020564973354339,0.8101961016654968,0.6035556793212891,0.9765625,0.9609375,/shared/ssd_30T/zhuoyingyang/physact/sam3_robowm/identity_v1/sam_masked_negative6/crops/Cosmos2.5_0036/frame_0087_rank_01.png,/shared/ssd_30T/zhuoyingyang/physact/sam3_robowm/identity_v1/sam_masked_negative6/crops/Cosmos2.5_0036/frame_0087_rank_03.png,T00,T09,0,32,92,84,3,6,0,False,True,True,True,False,True,True,True,True,0.6035556793212891,0.2020564973354339,0.34921676149716535,0.04111814411049052,0.04111814411049052
Cosmos2.5_0036,87,2,3,0.1160614788532257,0.0340527077327484,1.0,True,0.2041043639183044,0.2020564973354339,0.614260733127594,0.6035556793212891,0.98046875,0.9609375,/shared/ssd_30T/zhuoyingyang/physact/sam3_robowm/identity_v1/sam_masked_negative6/crops/Cosmos2.5_0036/frame_0087_rank_02.png,/shared/ssd_30T/zhuoyingyang/physact/sam3_robowm/identity_v1/sam_masked_negative6/crops/Cosmos2.5_0036/frame_0087_rank_03.png,T06,T09,42,16,50,84,3,6,0,True,True,True,True,True,True,True,False,False,0.6035556793212891,0.2020564973354339,0.34921676149716535,0.04053061377969522,0.0
Cosmos2.5_0036,90,1,2,0.4715243875980377,0.2629150721101344,1.0,True,0.7074418067932129,0.1114486157894134,0.7891548871994019,0.6536719799041748,0.97265625,0.9453125,/shared/ssd_30T/zhuoyingyang/physact/sam3_robowm/identity_v1/sam_masked_negative6/crops/Cosmos2.5_0036/frame_0090_rank_01.png,/shared/ssd_30T/zhuoyingyang/physact/sam3_robowm/identity_v1/sam_masked_negative6/crops/Cosmos2.5_0036/frame_0090_rank_02.png,T00,T10,0,32,92,90,2,2,0,False,True,True,False,False,False,False,False,False,0.6536719799041748,0.1114486157894134,0.2699089426837235,0.1272686489061766,0.0
Cosmos2.5_0036,90,1,3,0.2590674161911011,0.0,0.0,False,0.7074418067932129,0.1022793129086494,0.7891548871994019,0.6194045543670654,0.97265625,0.9453125,/shared/ssd_30T/zhuoyingyang/physact/sam3_robowm/identity_v1/sam_masked_negative6/crops/Cosmos2.5_0036/frame_0090_rank_01.png,/shared/ssd_30T/zhuoyingyang/physact/sam3_robowm/identity_v1/sam_masked_negative6/crops/Cosmos2.5_0036/frame_0090_rank_03.png,T00,T09,0,32,92,84,3,6,0,False,True,True,True,False,True,True,True,True,0.6194045543670654,0.1022793129086494,0.2516987728081955,0.06520695072989019,0.06520695072989019
Cosmos2.5_0036,90,2,3,0.2588678300380707,0.0,0.0,False,0.1114486157894134,0.1022793129086494,0.6536719799041748,0.6194045543670654,0.9453125,0.9453125,/shared/ssd_30T/zhuoyingyang/physact/sam3_robowm/identity_v1/sam_masked_negative6/crops/Cosmos2.5_0036/frame_0090_rank_02.png,/shared/ssd_30T/zhuoyingyang/physact/sam3_robowm/identity_v1/sam_masked_negative6/crops/Cosmos2.5_0036/frame_0090_rank_03.png,T10,T09,90,2,2,84,3,6,0,True,True,False,True,False,True,True,True,True,0.6194045543670654,0.1022793129086494,0.2516987728081955,0.06515671514010292,0.06515671514010292
Cosmos2.5_0036,92,1,2,0.4330744743347168,0.2660515080633653,1.0,True,0.7377153635025024,0.1050023883581161,0.826996922492981,0.6576460599899292,0.97265625,0.9453125,/shared/ssd_30T/zhuoyingyang/physact/sam3_robowm/identity_v1/sam_masked_negative6/crops/Cosmos2.5_0036/frame_0092_rank_01.png,/shared/ssd_30T/zhuoyingyang/physact/sam3_robowm/identity_v1/sam_masked_negative6/crops/Cosmos2.5_0036/frame_0092_rank_02.png,T00,T10,0,32,92,90,2,2,0,False,True,True,False,False,False,False,False,False,0.6576460599899292,0.1050023883581161,0.26278205226622203,0.11380419914979219,0.0
Cosmos2.5_0036,92,1,3,0.0558961816132068,0.0208809120738066,0.8398660504504144,False,0.7377153635025024,0.2117739766836166,0.826996922492981,0.6122708320617676,0.97265625,0.98046875,/shared/ssd_30T/zhuoyingyang/physact/sam3_robowm/identity_v1/sam_masked_negative6/crops/Cosmos2.5_0036/frame_0092_rank_01.png,/shared/ssd_30T/zhuoyingyang/physact/sam3_robowm/identity_v1/sam_masked_negative6/crops/Cosmos2.5_0036/frame_0092_rank_03.png,T00,T06,0,32,92,42,16,50,0,False,True,True,True,False,True,True,True,True,0.6122708320617676,0.2117739766836166,0.3600875295162376,0.02012751794649058,0.02012751794649058
Cosmos2.5_0036,92,2,3,0.1634063571691513,0.0783934367593475,0.8475065051628756,False,0.1050023883581161,0.2117739766836166,0.6576460599899292,0.6122708320617676,0.9453125,0.98046875,/shared/ssd_30T/zhuoyingyang/physact/sam3_robowm/identity_v1/sam_masked_negative6/crops/Cosmos2.5_0036/frame_0092_rank_02.png,/shared/ssd_30T/zhuoyingyang/physact/sam3_robowm/identity_v1/sam_masked_negative6/crops/Cosmos2.5_0036/frame_0092_rank_03.png,T10,T06,90,2,2,42,16,50,0,True,True,False,True,False,True,True,True,True,0.6122708320617676,0.1050023883581161,0.25355453000981193,0.04143242209263962,0.04143242209263962
Cosmos2.5_0057,0,1,2,0.3829540610313415,0.0,0.0,False,0.7040800452232361,0.1103783175349235,0.9722316861152648,0.7249230146408081,0.9609375,0.87890625,/shared/ssd_30T/zhuoyingyang/physact/sam3_robowm/identity_v1/sam_masked_negative6/crops/Cosmos2.5_0057/frame_0000_rank_01.png,/shared/ssd_30T/zhuoyingyang/physact/sam3_robowm/identity_v1/sam_masked_negative6/crops/Cosmos2.5_0057/frame_0000_rank_02.png,T00,T01,0,31,92,0,6,15,0,False,False,True,True,False,False,False,True,False,0.7249230146408081,0.1103783175349235,0.2828706112313492,0.10832644931746298,0.0
Cosmos2.5_0057,0,1,3,0.3469074964523315,0.0,0.0,False,0.7040800452232361,0.1006798893213272,0.9722316861152648,0.7109590768814087,0.9609375,0.87890625,/shared/ssd_30T/zhuoyingyang/physact/sam3_robowm/identity_v1/sam_masked_negative6/crops/Cosmos2.5_0057/frame_0000_rank_01.png,/shared/ssd_30T/zhuoyingyang/physact/sam3_robowm/identity_v1/sam_masked_negative6/crops/Cosmos2.5_0057/frame_0000_rank_03.png,T00,T02,0,31,92,0,30,90,0,False,False,True,True,False,False,False,True,False,0.7109590768814087,0.1006798893213272,0.26754304545701274,0.09281268809272461,0.0
Cosmos2.5_0057,0,2,3,0.6069058179855347,0.0,0.0,False,0.1103783175349235,0.1006798893213272,0.7249230146408081,0.7109590768814087,0.87890625,0.87890625,/shared/ssd_30T/zhuoyingyang/physact/sam3_robowm/identity_v1/sam_masked_negative6/crops/Cosmos2.5_0057/frame_0000_rank_02.png,/shared/ssd_30T/zhuoyingyang/physact/sam3_robowm/identity_v1/sam_masked_negative6/crops/Cosmos2.5_0057/frame_0000_rank_03.png,T01,T02,0,6,15,0,30,90,0,False,False,True,True,False,False,False,True,False,0.7109590768814087,0.1006798893213272,0.26754304545701274,0.1623734308494294,0.0
Cosmos2.5_0057,3,1,2,0.3825825154781341,0.0,0.0,False,0.6480932235717773,0.1539085954427719,0.96709144115448,0.6925212144851685,0.95703125,0.890625,/shared/ssd_30T/zhuoyingyang/physact/sam3_robowm/identity_v1/sam_masked_negative6/crops/Cosmos2.5_0057/frame_0003_rank_01.png,/shared/ssd_30T/zhuoyingyang/physact/sam3_robowm/identity_v1/sam_masked_negative6/crops/Cosmos2.5_0057/frame_0003_rank_02.png,T00,T02,0,31,92,0,30,90,0,False,False,True,True,False,False,False,True,False,0.6925212144851685,0.1539085954427719,0.32647353251945993,0.1249030653083274,0.0
Cosmos2.5_0057,3,1,3,0.317271739244461,0.0,0.0,False,0.6480932235717773,0.1081624627113342,0.96709144115448,0.6036499738693237,0.95703125,0.9375,/shared/ssd_30T/zhuoyingyang/physact/sam3_robowm/identity_v1/sam_masked_negative6/crops/Cosmos2.5_0057/frame_0003_rank_01.png,/shared/ssd_30T/zhuoyingyang/physact/sam3_robowm/identity_v1/sam_masked_negative6/crops/Cosmos2.5_0057/frame_0003_rank_03.png,T00,T01,0,31,92,0,6,15,0,False,False,True,True,False,False,False,True,False,0.6036499738693237,0.1081624627113342,0.2555235170964477,0.08107039068705173,0.0
Cosmos2.5_0057,3,2,3,0.6324180364608765,0.127970241787863,1.0,True,0.1539085954427719,0.1081624627113342,0.6925212144851685,0.6036499738693237,0.890625,0.9375,/shared/ssd_30T/zhuoyingyang/physact/sam3_robowm/identity_v1/sam_masked_negative6/crops/Cosmos2.5_0057/frame_0003_rank_02.png,/shared/ssd_30T/zhuoyingyang/physact/sam3_robowm/identity_v1/sam_masked_negative6/crops/Cosmos2.5_0057/frame_0003_rank_03.png,T02,T01,0,30,90,0,6,15,0,False,False,True,True,False,False,False,False,False,0.6036499738693237,0.1081624627113342,0.2555235170964477,0.16159768095171267,0.0
Cosmos2.5_0057,6,1,2,0.3086158335208893,0.0,0.0,False,0.6168983578681946,0.1847509145736694,0.9099152088165284,0.7556853890419006,0.95703125,0.828125,/shared/ssd_30T/zhuoyingyang/physact/sam3_robowm/identity_v1/sam_masked_negative6/crops/Cosmos2.5_0057/frame_0006_rank_01.png,/shared/ssd_30T/zhuoyingyang/physact/sam3_robowm/identity_v1/sam_masked_negative6/crops/Cosmos2.5_0057/frame_0006_rank_02.png,T00,T02,0,31,92,0,30,90,0,False,False,True,True,False,False,False,True,False,0.7556853890419006,0.1847509145736694,0.37364898869855157,0.11531399409144083,0.0
Cosmos2.5_0057,6,1,3,0.2433105707168579,0.0,0.0,False,0.6168983578681946,0.1101572811603546,0.9099152088165284,0.6256741285324097,0.95703125,0.9609375,/shared/ssd_30T/zhuoyingyang/physact/sam3_robowm/identity_v1/sam_masked_negative6/crops/Cosmos2.5_0057/frame_0006_rank_01.png,/shared/ssd_30T/zhuoyingyang/physact/sam3_robowm/identity_v1/sam_masked_negative6/crops/Cosmos2.5_0057/frame_0006_rank_03.png,T00,T01,0,31,92,0,6,15,0,False,False,True,True,False,False,False,True,False,0.6256741285324097,0.1101572811603546,0.2625310665264294,0.06387658362745093,0.0
Cosmos2.5_0057,6,2,3,0.2276264280080795,0.0,0.0,False,0.1847509145736694,0.1101572811603546,0.7556853890419006,0.6256741285324097,0.828125,0.9609375,/shared/ssd_30T/zhuoyingyang/physact/sam3_robowm/identity_v1/sam_masked_negative6/crops/Cosmos2.5_0057/frame_0006_rank_02.png,/shared/ssd_30T/zhuoyingyang/physact/sam3_robowm/identity_v1/sam_masked_negative6/crops/Cosmos2.5_0057/frame_0006_rank_03.png,T02,T01,0,30,90,0,6,15,0,False,False,True,True,False,False,False,True,False,0.6256741285324097,0.1101572811603546,0.2625310665264294,0.05975900891456261,0.0
Cosmos2.5_0057,9,1,2,0.2512901127338409,0.1519814795982591,1.0,True,0.5368079543113708,0.178269624710083,0.8173150420188904,0.7831746339797974,0.95703125,0.96484375,/shared/ssd_30T/zhuoyingyang/physact/sam3_robowm/identity_v1/sam_masked_negative6/crops/Cosmos2.5_0057/frame_0009_rank_01.png,/shared/ssd_30T/zhuoyingyang/physact/sam3_robowm/identity_v1/sam_masked_negative6/crops/Cosmos2.5_0057/frame_0009_rank_02.png,T00,T01,0,31,92,0,6,15,0,False,False,True,True,False,False,False,False,False,0.7831746339797974,0.178269624710083,0.37365257671001695,0.09389519812475029,0.0
Cosmos2.5_0057,9,1,3,0.2863754034042358,0.0,0.0,False,0.5368079543113708,0.1973392069339752,0.8173150420188904,0.7608507871627808,0.95703125,0.8828125,/shared/ssd_30T/zhuoyingyang/physact/sam3_robowm/identity_v1/sam_masked_negative6/crops/Cosmos2.5_0057/frame_0009_rank_01.png,/shared/ssd_30T/zhuoyingyang/physact/sam3_robowm/identity_v1/sam_masked_negative6/crops/Cosmos2.5_0057/frame_0009_rank_03.png,T00,T02,0,31,92,0,30,90,0,False,False,True,True,False,False,False,True,False,0.7608507871627808,0.1973392069339752,0.38748637515891304,0.11096656699977878,0.0
Cosmos2.5_0057,9,2,3,0.2076820880174636,0.0,0.0,False,0.178269624710083,0.1973392069339752,0.7831746339797974,0.7608507871627808,0.96484375,0.8828125,/shared/ssd_30T/zhuoyingyang/physact/sam3_robowm/identity_v1/sam_masked_negative6/crops/Cosmos2.5_0057/frame_0009_rank_02.png,/shared/ssd_30T/zhuoyingyang/physact/sam3_robowm/identity_v1/sam_masked_negative6/crops/Cosmos2.5_0057/frame_0009_rank_03.png,T01,T02,0,6,15,0,30,90,0,False,False,True,True,False,False,False,True,False,0.7608507871627808,0.178269624710083,0.3682887240846238,0.07648697121118221,0.0
Cosmos2.5_0057,12,1,2,0.2700746357440948,0.0,0.0,False,0.2157606780529022,0.5219762325286865,0.7897628545761108,0.7828365564346313,0.875,0.953125,/shared/ssd_30T/zhuoyingyang/physact/sam3_robowm/identity_v1/sam_masked_negative6/crops/Cosmos2.5_0057/frame_0012_rank_01.png,/shared/ssd_30T/zhuoyingyang/physact/sam3_robowm/identity_v1/sam_masked_negative6/crops/Cosmos2.5_0057/frame_0012_rank_02.png,T02,T00,0,30,90,0,31,92,0,False,False,True,True,False,False,False,True,False,0.7828365564346313,0.2157606780529022,0.41098095603194934,0.11099553199808855,0.0
Cosmos2.5_0057,12,1,3,0.1873629093170166,0.0,0.0,False,0.2157606780529022,0.1065721288323402,0.7897628545761108,0.6849896907806396,0.875,0.96875,/shared/ssd_30T/zhuoyingyang/physact/sam3_robowm/identity_v1/sam_masked_negative6/crops/Cosmos2.5_0057/frame_0012_rank_01.png,/shared/ssd_30T/zhuoyingyang/physact/sam3_robowm/identity_v1/sam_masked_negative6/crops/Cosmos2.5_0057/frame_0012_rank_03.png,T02,T01,0,30,90,0,6,15,0,False,False,True,True,False,False,False,True,False,0.6849896907806396,0.1065721288323402,0.27018661990316845,0.05062295116358858,0.0
Cosmos2.5_0057,12,2,3,0.2928890883922577,0.0802930713941703,1.0,True,0.5219762325286865,0.1065721288323402,0.7828365564346313,0.6849896907806396,0.953125,0.96875,/shared/ssd_30T/zhuoyingyang/physact/sam3_robowm/identity_v1/sam_masked_negative6/crops/Cosmos2.5_0057/frame_0012_rank_02.png,/shared/ssd_30T/zhuoyingyang/physact/sam3_robowm/identity_v1/sam_masked_negative6/crops/Cosmos2.5_0057/frame_0012_rank_03.png,T00,T01,0,31,92,0,6,15,0,False,False,True,True,False,False,False,False,False,0.6849896907806396,0.1065721288323402,0.27018661990316845,0.07913471279922443,0.0
Cosmos2.5_0057,15,1,2,0.3155059814453125,0.0,0.0,False,0.5354510545730591,0.172234445810318,0.7746984958648682,0.7726529836654663,0.953125,0.86328125,/shared/ssd_30T/zhuoyingyang/physact/sam3_robowm/identity_v1/sam_masked_negative6/crops/Cosmos2.5_0057/frame_0015_rank_01.png,/shared/ssd_30T/zhuoyingyang/physact/sam3_robowm/identity_v1/sam_masked_negative6/crops/Cosmos2.5_0057/frame_0015_rank_02.png,T00,T02,0,31,92,0,30,90,0,False,False,True,True,False,False,False,True,False,0.7726529836654663,0.172234445810318,0.36479783229250456,0.11509589810656917,0.0
Cosmos2.5_0057,15,1,3,0.2465726137161255,0.0775162525159605,1.0,True,0.5354510545730591,0.1228341832756996,0.7746984958648682,0.6993333101272583,0.953125,0.96484375,/shared/ssd_30T/zhuoyingyang/physact/sam3_robowm/identity_v1/sam_masked_negative6/crops/Cosmos2.5_0057/frame_0015_rank_01.png,/shared/ssd_30T/zhuoyingyang/physact/sam3_robowm/identity_v1/sam_masked_negative6/crops/Cosmos2.5_0057/frame_0015_rank_03.png,T00,T01,0,31,92,0,6,15,0,False,False,True,True,False,False,False,False,False,0.6993333101272583,0.1228341832756996,0.29309049112342983,0.07226808845164696,0.0
Cosmos2.5_0057,15,2,3,0.1830532550811767,0.0,0.0,False,0.172234445810318,0.1228341832756996,0.7726529836654663,0.6993333101272583,0.86328125,0.96484375,/shared/ssd_30T/zhuoyingyang/physact/sam3_robowm/identity_v1/sam_masked_negative6/crops/Cosmos2.5_0057/frame_0015_rank_02.png,/shared/ssd_30T/zhuoyingyang/physact/sam3_robowm/identity_v1/sam_masked_negative6/crops/Cosmos2.5_0057/frame_0015_rank_03.png,T02,T01,0,30,90,0,6,15,0,False,False,True,True,False,False,False,True,False,0.6993333101272583,0.1228341832756996,0.29309049112342983,0.05365116843348456,0.0
Cosmos2.5_0057,18,1,2,0.328141838312149,0.0,0.0,False,0.5175871849060059,0.1948328018188476,0.7754216194152832,0.7701237201690674,0.9609375,0.890625,/shared/ssd_30T/zhuoyingyang/physact/sam3_robowm/identity_v1/sam_masked_negative6/crops/Cosmos2.5_0057/frame_0018_rank_01.png,/shared/ssd_30T/zhuoyingyang/physact/sam3_robowm/identity_v1/sam_masked_negative6/crops/Cosmos2.5_0057/frame_0018_rank_02.png,T00,T02,0,31,92,0,30,90,0,False,False,True,True,False,False,False,True,False,0.7701237201690674,0.1948328018188476,0.3873568924747481,0.12710800277954526,0.0
Cosmos2.5_0057,18,1,3,0.3305602669715881,0.0,0.0,False,0.5175871849060059,0.1669506430625915,0.7754216194152832,0.7204992175102234,0.9609375,0.8828125,/shared/ssd_30T/zhuoyingyang/physact/sam3_robowm/identity_v1/sam_masked_negative6/crops/Cosmos2.5_0057/frame_0018_rank_01.png,/shared/ssd_30T/zhuoyingyang/physact/sam3_robowm/identity_v1/sam_masked_negative6/crops/Cosmos2.5_0057/frame_0018_rank_03.png,T00,T03,0,31,92,18,7,18,0,False,True,True,True,False,True,True,True,True,0.7204992175102234,0.1669506430625915,0.3468253273471039,0.1146466728003671,0.1146466728003671
Cosmos2.5_0057,18,2,3,0.473063051700592,0.0,0.0,False,0.1948328018188476,0.1669506430625915,0.7701237201690674,0.7204992175102234,0.890625,0.8828125,/shared/ssd_30T/zhuoyingyang/physact/sam3_robowm/identity_v1/sam_masked_negative6/crops/Cosmos2.5_0057/frame_0018_rank_02.png,/shared/ssd_30T/zhuoyingyang/physact/sam3_robowm/identity_v1/sam_masked_negative6/crops/Cosmos2.5_0057/frame_0018_rank_03.png,T02,T03,0,30,90,18,7,18,0,False,True,True,True,False,True,True,True,True,0.7204992175102234,0.1669506430625915,0.3468253273471039,0.16407024776187776,0.16407024776187776
Cosmos2.5_0057,21,1,2,0.2120080143213272,0.0,0.0,False,0.5853304862976074,0.14212267100811,0.8738983869552612,0.760806679725647,0.95703125,0.91796875,/shared/ssd_30T/zhuoyingyang/physact/sam3_robowm/identity_v1/sam_masked_negative6/crops/Cosmos2.5_0057/frame_0021_rank_01.png,/shared/ssd_30T/zhuoyingyang/physact/sam3_robowm/identity_v1/sam_masked_negative6/crops/Cosmos2.5_0057/frame_0021_rank_02.png,T00,T02,0,31,92,0,30,90,0,False,False,True,True,False,False,False,True,False,0.760806679725647,0.14212267100811,0.3288280362794825,0.06971417902479443,0.0
Cosmos2.5_0057,21,1,3,0.2023608684539795,0.0,0.0,False,0.5853304862976074,0.1432353556156158,0.8738983869552612,0.7327797412872314,0.95703125,0.87890625,/shared/ssd_30T/zhuoyingyang/physact/sam3_robowm/identity_v1/sam_masked_negative6/crops/Cosmos2.5_0057/frame_0021_rank_01.png,/shared/ssd_30T/zhuoyingyang/physact/sam3_robowm/identity_v1/sam_masked_negative6/crops/Cosmos2.5_0057/frame_0021_rank_03.png,T00,T03,0,31,92,18,7,18,0,False,True,True,True,False,True,True,True,True,0.7327797412872314,0.1432353556156158,0.32397525651073344,0.06555991426511279,0.06555991426511279
Cosmos2.5_0057,21,2,3,0.4196019470691681,0.0,0.0,False,0.14212267100811,0.1432353556156158,0.760806679725647,0.7327797412872314,0.91796875,0.87890625,/shared/ssd_30T/zhuoyingyang/physact/sam3_robowm/identity_v1/sam_masked_negative6/crops/Cosmos2.5_0057/frame_0021_rank_02.png,/shared/ssd_30T/zhuoyingyang/physact/sam3_robowm/identity_v1/sam_masked_negative6/crops/Cosmos2.5_0057/frame_0021_rank_03.png,T02,T03,0,30,90,18,7,18,0,False,True,True,True,False,True,True,True,True,0.7327797412872314,0.14212267100811,0.3227144466744139,0.1354116101719333,0.1354116101719333
Cosmos2.5_0057,24,1,2,0.3604494333267212,0.0,0.0,False,0.5857612490653992,0.1625052541494369,0.8180798292160034,0.7602255344390869,0.95703125,0.91796875,/shared/ssd_30T/zhuoyingyang/physact/sam3_robowm/identity_v1/sam_masked_negative6/crops/Cosmos2.5_0057/frame_0024_rank_01.png,/shared/ssd_30T/zhuoyingyang/physact/sam3_robowm/identity_v1/sam_masked_negative6/crops/Cosmos2.5_0057/frame_0024_rank_02.png,T00,T02,0,31,92,0,30,90,0,False,False,True,True,False,False,False,True,False,0.7602255344390869,0.1625052541494369,0.3514834899179694,0.1266920247646304,0.0
Cosmos2.5_0057,24,1,3,0.3610747158527374,0.0,0.0,False,0.5857612490653992,0.1487168222665786,0.8180798292160034,0.7534147500991821,0.95703125,0.87890625,/shared/ssd_30T/zhuoyingyang/physact/sam3_robowm/identity_v1/sam_masked_negative6/crops/Cosmos2.5_0057/frame_0024_rank_01.png,/shared/ssd_30T/zhuoyingyang/physact/sam3_robowm/identity_v1/sam_masked_negative6/crops/Cosmos2.5_0057/frame_0024_rank_03.png,T00,T03,0,31,92,18,7,18,0,False,True,True,True,False,True,True,True,True,0.7534147500991821,0.1487168222665786,0.33473190389253127,0.12086322708484154,0.12086322708484154
Cosmos2.5_0057,24,2,3,0.4271474182605743,0.0,0.0,False,0.1625052541494369,0.1487168222665786,0.7602255344390869,0.7534147500991821,0.91796875,0.87890625,/shared/ssd_30T/zhuoyingyang/physact/sam3_robowm/identity_v1/sam_masked_negative6/crops/Cosmos2.5_0057/frame_0024_rank_02.png,/shared/ssd_30T/zhuoyingyang/physact/sam3_robowm/identity_v1/sam_masked_negative6/crops/Cosmos2.5_0057/frame_0024_rank_03.png,T02,T03,0,30,90,18,7,18,0,False,True,True,True,False,True,True,True,True,0.7534147500991821,0.1487168222665786,0.33473190389253127,0.1429798685571414,0.1429798685571414
Cosmos2.5_0057,27,1,2,0.2600739300251007,0.1892119540912252,0.9727275713110471,True,0.5774920582771301,0.1026116758584976,0.8527613878250122,0.8052806854248047,0.95703125,0.91015625,/shared/ssd_30T/zhuoyingyang/physact/sam3_robowm/identity_v1/sam_masked_negative6/crops/Cosmos2.5_0057/frame_0027_rank_01.png,/shared/ssd_30T/zhuoyingyang/physact/sam3_robowm/identity_v1/sam_masked_negative6/crops/Cosmos2.5_0057/frame_0027_rank_02.png,T00,T03,0,31,92,18,7,18,0,False,True,True,True,False,True,True,False,False,0.8052806854248047,0.1026116758584976,0.2874564326431378,0.0747599241484965,0.0
Cosmos2.5_0057,27,1,3,0.3603977560997009,0.0,0.0,False,0.5774920582771301,0.1800138652324676,0.8527613878250122,0.7543339729309082,0.95703125,0.92578125,/shared/ssd_30T/zhuoyingyang/physact/sam3_robowm/identity_v1/sam_masked_negative6/crops/Cosmos2.5_0057/frame_0027_rank_01.png,/shared/ssd_30T/zhuoyingyang/physact/sam3_robowm/identity_v1/sam_masked_negative6/crops/Cosmos2.5_0057/frame_0027_rank_03.png,T00,T02,0,31,92,0,30,90,0,False,False,True,True,False,False,False,True,False,0.7543339729309082,0.1800138652324676,0.3684977261035085,0.13280575361554667,0.0
Cosmos2.5_0057,27,2,3,0.43461874127388,0.0,0.0,False,0.1026116758584976,0.1800138652324676,0.8052806854248047,0.7543339729309082,0.91015625,0.92578125,/shared/ssd_30T/zhuoyingyang/physact/sam3_robowm/identity_v1/sam_masked_negative6/crops/Cosmos2.5_0057/frame_0027_rank_02.png,/shared/ssd_30T/zhuoyingyang/physact/sam3_robowm/identity_v1/sam_masked_negative6/crops/Cosmos2.5_0057/frame_0027_rank_03.png,T03,T02,18,7,18,0,30,90,0,True,False,True,True,True,False,True,True,True,0.7543339729309082,0.1026116758584976,0.2782147967298631,0.12091736475850148,0.12091736475850148
Cosmos2.5_0057,30,1,2,0.2951052486896515,0.1133627803817063,1.0,True,0.5349147915840149,0.1339124739170074,0.7912410497665405,0.7469272017478943,0.95703125,0.921875,/shared/ssd_30T/zhuoyingyang/physact/sam3_robowm/identity_v1/sam_masked_negative6/crops/Cosmos2.5_0057/frame_0030_rank_01.png,/shared/ssd_30T/zhuoyingyang/physact/sam3_robowm/identity_v1/sam_masked_negative6/crops/Cosmos2.5_0057/frame_0030_rank_02.png,T00,T03,0,31,92,18,7,18,0,False,True,True,True,False,True,True,False,False,0.7469272017478943,0.1339124739170074,0.3162639236807894,0.09333114384938432,0.0
Cosmos2.5_0057,30,1,3,0.254483014345169,0.0,0.0,False,0.5349147915840149,0.1739200055599212,0.7912410497665405,0.7381900548934937,0.95703125,0.921875,/shared/ssd_30T/zhuoyingyang/physact/sam3_robowm/identity_v1/sam_masked_negative6/crops/Cosmos2.5_0057/frame_0030_rank_01.png,/shared/ssd_30T/zhuoyingyang/physact/sam3_robowm/identity_v1/sam_masked_negative6/crops/Cosmos2.5_0057/frame_0030_rank_03.png,T00,T02,0,31,92,0,30,90,0,False,False,True,True,False,False,False,True,False,0.7381900548934937,0.1739200055599212,0.35830994746358213,0.09118379550039153,0.0
Cosmos2.5_0057,30,2,3,0.3535954058170318,0.0,0.0,False,0.1339124739170074,0.1739200055599212,0.7469272017478943,0.7381900548934937,0.921875,0.921875,/shared/ssd_30T/zhuoyingyang/physact/sam3_robowm/identity_v1/sam_masked_negative6/crops/Cosmos2.5_0057/frame_0030_rank_02.png,/shared/ssd_30T/zhuoyingyang/physact/sam3_robowm/identity_v1/sam_masked_negative6/crops/Cosmos2.5_0057/frame_0030_rank_03.png,T03,T02,18,7,18,0,30,90,0,True,False,True,True,True,False,True,True,True,0.7381900548934937,0.1339124739170074,0.3144087410866931,0.11117348639697132,0.11117348639697132
Cosmos2.5_0057,33,1,2,0.2613380253314972,0.0,0.0,False,0.4964669942855835,0.203088030219078,0.7861301898956299,0.7420302629470825,0.953125,0.92578125,/shared/ssd_30T/zhuoyingyang/physact/sam3_robowm/identity_v1/sam_masked_negative6/crops/Cosmos2.5_0057/frame_0033_rank_01.png,/shared/ssd_30T/zhuoyingyang/physact/sam3_robowm/identity_v1/sam_masked_negative6/crops/Cosmos2.5_0057/frame_0033_rank_02.png,T00,T02,0,31,92,0,30,90,0,False,False,True,True,False,False,False,True,False,0.7420302629470825,0.203088030219078,0.38819771311133133,0.10145082378271839,0.0
Cosmos2.5_0057,33,1,3,0.253678023815155,0.0,0.0,False,0.4964669942855835,0.1758432686328888,0.7861301898956299,0.7377593517303467,0.953125,0.88671875,/shared/ssd_30T/zhuoyingyang/physact/sam3_robowm/identity_v1/sam_masked_negative6/crops/Cosmos2.5_0057/frame_0033_rank_01.png,/shared/ssd_30T/zhuoyingyang/physact/sam3_robowm/identity_v1/sam_masked_negative6/crops/Cosmos2.5_0057/frame_0033_rank_03.png,T00,T03,0,31,92,18,7,18,0,False,True,True,True,False,True,True,True,True,0.7377593517303467,0.1758432686328888,0.3601805323344742,0.09136988565929995,0.09136988565929995
Cosmos2.5_0057,33,2,3,0.5915255546569824,0.0,0.0,False,0.203088030219078,0.1758432686328888,0.7420302629470825,0.7377593517303467,0.92578125,0.88671875,/shared/ssd_30T/zhuoyingyang/physact/sam3_robowm/identity_v1/sam_masked_negative6/crops/Cosmos2.5_0057/frame_0033_rank_02.png,/shared/ssd_30T/zhuoyingyang/physact/sam3_robowm/identity_v1/sam_masked_negative6/crops/Cosmos2.5_0057/frame_0033_rank_03.png,T02,T03,0,30,90,18,7,18,0,False,True,True,True,False,True,True,True,True,0.7377593517303467,0.1758432686328888,0.3601805323344742,0.21305598916579704,0.21305598916579704
Cosmos2.5_0057,36,1,2,0.2639674842357635,0.1545417561440886,1.0,True,0.567966878414154,0.1169222965836525,0.7634804248809814,0.7580626010894775,0.953125,0.953125,/shared/ssd_30T/zhuoyingyang/physact/sam3_robowm/identity_v1/sam_masked_negative6/crops/Cosmos2.5_0057/frame_0036_rank_01.png,/shared/ssd_30T/zhuoyingyang/physact/sam3_robowm/identity_v1/sam_masked_negative6/crops/Cosmos2.5_0057/frame_0036_rank_02.png,T00,T04,0,31,92,36,19,56,0,False,True,True,True,False,True,True,False,False,0.7580626010894775,0.1169222965836525,0.297715334293615,0.07858716781189488,0.0
Cosmos2.5_0057,36,1,3,0.2014020830392837,0.0,0.0,False,0.567966878414154,0.1167230829596519,0.7634804248809814,0.7356719970703125,0.953125,0.87890625,/shared/ssd_30T/zhuoyingyang/physact/sam3_robowm/identity_v1/sam_masked_negative6/crops/Cosmos2.5_0057/frame_0036_rank_01.png,/shared/ssd_30T/zhuoyingyang/physact/sam3_robowm/identity_v1/sam_masked_negative6/crops/Cosmos2.5_0057/frame_0036_rank_03.png,T00,T03,0,31,92,18,7,18,0,False,True,True,True,False,True,True,True,True,0.7356719970703125,0.1167230829596519,0.29303566940754994,0.05901799422349146,0.05901799422349146
Cosmos2.5_0057,36,2,3,0.2751187086105346,0.0,0.0,False,0.1169222965836525,0.1167230829596519,0.7580626010894775,0.7356719970703125,0.953125,0.87890625,/shared/ssd_30T/zhuoyingyang/physact/sam3_robowm/identity_v1/sam_masked_negative6/crops/Cosmos2.5_0057/frame_0036_rank_02.png,/shared/ssd_30T/zhuoyingyang/physact/sam3_robowm/identity_v1/sam_masked_negative6/crops/Cosmos2.5_0057/frame_0036_rank_03.png,T04,T03,36,19,56,18,7,18,0,True,True,True,True,True,True,True,True,True,0.7356719970703125,0.1167230829596519,0.29303566940754994,0.08061959494422868,0.08061959494422868
Cosmos2.5_0057,39,1,2,0.5591008067131042,0.3897936930874072,1.0,True,0.206031858921051,0.4272708296775818,0.8076964616775513,0.7959854602813721,0.94140625,0.94140625,/shared/ssd_30T/zhuoyingyang/physact/sam3_robowm/identity_v1/sam_masked_negative6/crops/Cosmos2.5_0057/frame_0039_rank_01.png,/shared/ssd_30T/zhuoyingyang/physact/sam3_robowm/identity_v1/sam_masked_negative6/crops/Cosmos2.5_0057/frame_0039_rank_02.png,T04,T00,36,19,56,0,31,92,0,True,False,True,True,True,False,True,False,False,0.7959854602813721,0.206031858921051,0.40496711478328645,0.22641744056761373,0.0
Cosmos2.5_0057,39,1,3,0.371654063463211,0.0,0.0,False,0.206031858921051,0.187359407544136,0.8076964616775513,0.7615491151809692,0.94140625,0.921875,/shared/ssd_30T/zhuoyingyang/physact/sam3_robowm/identity_v1/sam_masked_negative6/crops/Cosmos2.5_0057/frame_0039_rank_01.png,/shared/ssd_30T/zhuoyingyang/physact/sam3_robowm/identity_v1/sam_masked_negative6/crops/Cosmos2.5_0057/frame_0039_rank_03.png,T04,T02,36,19,56,0,30,90,0,True,False,True,True,True,False,True,True,True,0.7615491151809692,0.187359407544136,0.3777345510223646,0.1403865807979134,0.1403865807979134
Cosmos2.5_0057,39,2,3,0.2147707194089889,0.0,0.0,False,0.4272708296775818,0.187359407544136,0.7959854602813721,0.7615491151809692,0.94140625,0.921875,/shared/ssd_30T/zhuoyingyang/physact/sam3_robowm/identity_v1/sam_masked_negative6/crops/Cosmos2.5_0057/frame_0039_rank_02.png,/shared/ssd_30T/zhuoyingyang/physact/sam3_robowm/identity_v1/sam_masked_negative6/crops/Cosmos2.5_0057/frame_0039_rank_03.png,T00,T02,0,31,92,0,30,90,0,False,False,True,True,False,False,False,True,False,0.7615491151809692,0.187359407544136,0.3777345510223646,0.08112632126870467,0.0
Cosmos2.5_0057,42,1,2,0.6238871216773987,0.316187666802577,1.0,True,0.3123552203178406,0.3437798023223877,0.766729474067688,0.7648847103118896,0.94140625,0.94140625,/shared/ssd_30T/zhuoyingyang/physact/sam3_robowm/identity_v1/sam_masked_negative6/crops/Cosmos2.5_0057/frame_0042_rank_01.png,/shared/ssd_30T/zhuoyingyang/physact/sam3_robowm/identity_v1/sam_masked_negative6/crops/Cosmos2.5_0057/frame_0042_rank_02.png,T04,T00,36,19,56,0,31,92,0,True,False,True,True,True,False,True,False,False,0.7648847103118896,0.3123552203178406,0.48879006966919647,0.3049498296704102,0.0
Cosmos2.5_0057,42,1,3,0.3649542331695556,0.0,0.0,False,0.3123552203178406,0.2006649374961853,0.766729474067688,0.7477682828903198,0.94140625,0.92578125,/shared/ssd_30T/zhuoyingyang/physact/sam3_robowm/identity_v1/sam_masked_negative6/crops/Cosmos2.5_0057/frame_0042_rank_01.png,/shared/ssd_30T/zhuoyingyang/physact/sam3_robowm/identity_v1/sam_masked_negative6/crops/Cosmos2.5_0057/frame_0042_rank_03.png,T04,T02,36,19,56,0,30,90,0,True,False,True,True,True,False,True,True,True,0.7477682828903198,0.2006649374961853,0.38736400936046683,0.14137013499363374,0.14137013499363374
Cosmos2.5_0057,42,2,3,0.384979635477066,0.0,0.0,False,0.3437798023223877,0.2006649374961853,0.7648847103118896,0.7477682828903198,0.94140625,0.92578125,/shared/ssd_30T/zhuoyingyang/physact/sam3_robowm/identity_v1/sam_masked_negative6/crops/Cosmos2.5_0057/frame_0042_rank_02.png,/shared/ssd_30T/zhuoyingyang/physact/sam3_robowm/identity_v1/sam_masked_negative6/crops/Cosmos2.5_0057/frame_0042_rank_03.png,T00,T02,0,31,92,0,30,90,0,False,False,True,True,False,False,False,True,False,0.7477682828903198,0.2006649374961853,0.38736400936046683,0.1491272551205273,0.0
Cosmos2.5_0057,45,1,2,0.3636079132556915,0.0,0.0,False,0.1555807739496231,0.5702645182609558,0.7564706802368164,0.751537561416626,0.92578125,0.95703125,/shared/ssd_30T/zhuoyingyang/physact/sam3_robowm/identity_v1/sam_masked_negative6/crops/Cosmos2.5_0057/frame_0045_rank_01.png,/shared/ssd_30T/zhuoyingyang/physact/sam3_robowm/identity_v1/sam_masked_negative6/crops/Cosmos2.5_0057/frame_0045_rank_02.png,T02,T00,0,30,90,0,31,92,0,False,False,True,True,False,False,False,True,False,0.751537561416626,0.1555807739496231,0.34194267861355226,0.1243330638237353,0.0
Cosmos2.5_0057,45,1,3,0.4526140093803406,0.0,0.0,False,0.1555807739496231,0.1047067940235138,0.7564706802368164,0.746801495552063,0.92578125,0.8828125,/shared/ssd_30T/zhuoyingyang/physact/sam3_robowm/identity_v1/sam_masked_negative6/crops/Cosmos2.5_0057/frame_0045_rank_01.png,/shared/ssd_30T/zhuoyingyang/physact/sam3_robowm/identity_v1/sam_masked_negative6/crops/Cosmos2.5_0057/frame_0045_rank_03.png,T02,T04,0,30,90,36,19,56,0,False,True,True,True,False,True,True,True,True,0.746801495552063,0.1047067940235138,0.279634029351261,0.1265662791838541,0.1265662791838541
Cosmos2.5_0057,45,2,3,0.2889550924301147,0.0,0.0,False,0.5702645182609558,0.1047067940235138,0.751537561416626,0.746801495552063,0.95703125,0.8828125,/shared/ssd_30T/zhuoyingyang/physact/sam3_robowm/identity_v1/sam_masked_negative6/crops/Cosmos2.5_0057/frame_0045_rank_02.png,/shared/ssd_30T/zhuoyingyang/physact/sam3_robowm/identity_v1/sam_masked_negative6/crops/Cosmos2.5_0057/frame_0045_rank_03.png,T00,T04,0,31,92,36,19,56,0,False,True,True,True,False,True,True,True,True,0.746801495552063,0.1047067940235138,0.279634029351261,0.08080167679779904,0.08080167679779904
Cosmos2.5_0057,48,1,2,0.4201695621013641,0.0,0.0,False,0.5890875458717346,0.1370235979557037,0.7860442399978638,0.751089334487915,0.95703125,0.91796875,/shared/ssd_30T/zhuoyingyang/physact/sam3_robowm/identity_v1/sam_masked_negative6/crops/Cosmos2.5_0057/frame_0048_rank_01.png,/shared/ssd_30T/zhuoyingyang/physact/sam3_robowm/identity_v1/sam_masked_negative6/crops/Cosmos2.5_0057/frame_0048_rank_02.png,T00,T02,0,31,92,0,30,90,0,False,False,True,True,False,False,False,True,False,0.751089334487915,0.1370235979557037,0.3208067377685343,0.1347932265273722,0.0
Cosmos2.5_0057,48,1,3,0.2826217412948608,0.0,0.0,False,0.5890875458717346,0.1026063933968544,0.7860442399978638,0.6176263093948364,0.95703125,0.9609375,/shared/ssd_30T/zhuoyingyang/physact/sam3_robowm/identity_v1/sam_masked_negative6/crops/Cosmos2.5_0057/frame_0048_rank_01.png,/shared/ssd_30T/zhuoyingyang/physact/sam3_robowm/identity_v1/sam_masked_negative6/crops/Cosmos2.5_0057/frame_0048_rank_03.png,T00,T04,0,31,92,36,19,56,0,False,True,True,True,False,True,True,True,True,0.6176263093948364,0.1026063933968544,0.2517387695092154,0.07114684939012007,0.07114684939012007
Cosmos2.5_0057,48,2,3,0.1605327129364013,0.0,0.0,False,0.1370235979557037,0.1026063933968544,0.751089334487915,0.6176263093948364,0.91796875,0.9609375,/shared/ssd_30T/zhuoyingyang/physact/sam3_robowm/identity_v1/sam_masked_negative6/crops/Cosmos2.5_0057/frame_0048_rank_02.png,/shared/ssd_30T/zhuoyingyang/physact/sam3_robowm/identity_v1/sam_masked_negative6/crops/Cosmos2.5_0057/frame_0048_rank_03.png,T02,T04,0,30,90,36,19,56,0,False,True,True,True,False,True,True,True,True,0.6176263093948364,0.1026063933968544,0.2517387695092154,0.04041230762058577,0.04041230762058577
Cosmos2.5_0057,51,1,2,0.4784708321094513,0.0,0.0,False,0.5403734445571899,0.1572553962469101,0.8948560953140259,0.7204673290252686,0.953125,0.90625,/shared/ssd_30T/zhuoyingyang/physact/sam3_robowm/identity_v1/sam_masked_negative6/crops/Cosmos2.5_0057/frame_0051_rank_01.png,/shared/ssd_30T/zhuoyingyang/physact/sam3_robowm/identity_v1/sam_masked_negative6/crops/Cosmos2.5_0057/frame_0051_rank_02.png,T00,T02,0,31,92,0,30,90,0,False,False,True,True,False,False,False,True,False,0.7204673290252686,0.1572553962469101,0.3365967547508763,0.16105172933099268,0.0
Cosmos2.5_0057,51,1,3,0.4382204711437225,0.0,0.0,False,0.5403734445571899,0.1389554589986801,0.8948560953140259,0.7110024690628052,0.953125,0.8203125,/shared/ssd_30T/zhuoyingyang/physact/sam3_robowm/identity_v1/sam_masked_negative6/crops/Cosmos2.5_0057/frame_0051_rank_01.png,/shared/ssd_30T/zhuoyingyang/physact/sam3_robowm/identity_v1/sam_masked_negative6/crops/Cosmos2.5_0057/frame_0051_rank_03.png,T00,T04,0,31,92,36,19,56,0,False,True,True,True,False,True,True,True,True,0.7110024690628052,0.1389554589986801,0.3143209735888093,0.13774188513644156,0.13774188513644156
Cosmos2.5_0057,51,2,3,0.4406034350395202,0.0,0.0,False,0.1572553962469101,0.1389554589986801,0.7204673290252686,0.7110024690628052,0.90625,0.8203125,/shared/ssd_30T/zhuoyingyang/physact/sam3_robowm/identity_v1/sam_masked_negative6/crops/Cosmos2.5_0057/frame_0051_rank_02.png,/shared/ssd_30T/zhuoyingyang/physact/sam3_robowm/identity_v1/sam_masked_negative6/crops/Cosmos2.5_0057/frame_0051_rank_03.png,T02,T04,0,30,90,36,19,56,0,False,True,True,True,False,True,True,True,True,0.7110024690628052,0.1389554589986801,0.3143209735888093,0.13849090066819567,0.13849090066819567
Cosmos2.5_0057,54,1,2,0.4295866787433624,0.0,0.0,False,0.175213411450386,0.1452542841434478,0.7209615707397461,0.7142696380615234,0.8984375,0.86328125,/shared/ssd_30T/zhuoyingyang/physact/sam3_robowm/identity_v1/sam_masked_negative6/crops/Cosmos2.5_0057/frame_0054_rank_01.png,/shared/ssd_30T/zhuoyingyang/physact/sam3_robowm/identity_v1/sam_masked_negative6/crops/Cosmos2.5_0057/frame_0054_rank_02.png,T02,T04,0,30,90,36,19,56,0,False,True,True,True,False,True,True,True,True,0.7142696380615234,0.1452542841434478,0.3221035935254777,0.13837141295391198,0.13837141295391198
Cosmos2.5_0057,54,1,3,0.4217346906661987,0.0,0.0,False,0.175213411450386,0.3999250829219818,0.7209615707397461,0.6969029903411865,0.8984375,0.94140625,/shared/ssd_30T/zhuoyingyang/physact/sam3_robowm/identity_v1/sam_masked_negative6/crops/Cosmos2.5_0057/frame_0054_rank_01.png,/shared/ssd_30T/zhuoyingyang/physact/sam3_robowm/identity_v1/sam_masked_negative6/crops/Cosmos2.5_0057/frame_0054_rank_03.png,T02,T00,0,30,90,0,31,92,0,False,False,True,True,False,False,False,True,False,0.6969029903411865,0.175213411450386,0.3494377632535652,0.14737002699283067,0.0
Cosmos2.5_0057,54,2,3,0.5464495420455933,0.0,0.0,False,0.1452542841434478,0.3999250829219818,0.7142696380615234,0.6969029903411865,0.86328125,0.94140625,/shared/ssd_30T/zhuoyingyang/physact/sam3_robowm/identity_v1/sam_masked_negative6/crops/Cosmos2.5_0057/frame_0054_rank_02.png,/shared/ssd_30T/zhuoyingyang/physact/sam3_robowm/identity_v1/sam_masked_negative6/crops/Cosmos2.5_0057/frame_0054_rank_03.png,T04,T00,36,19,56,0,31,92,0,True,False,True,True,True,False,True,True,True,0.6969029903411865,0.1452542841434478,0.3181637078289055,0.17386041243863334,0.17386041243863334
Cosmos2.5_0057,57,1,2,0.5452365875244141,0.0,0.0,False,0.2087516486644745,0.1476158052682876,0.7686675786972046,0.7364776730537415,0.88671875,0.87109375,/shared/ssd_30T/zhuoyingyang/physact/sam3_robowm/identity_v1/sam_masked_negative6/crops/Cosmos2.5_0057/frame_0057_rank_01.png,/shared/ssd_30T/zhuoyingyang/physact/sam3_robowm/identity_v1/sam_masked_negative6/crops/Cosmos2.5_0057/frame_0057_rank_02.png,T02,T04,0,30,90,36,19,56,0,False,True,True,True,False,True,True,True,True,0.7364776730537415,0.1476158052682876,0.3297207072204333,0.17977579324100548,0.17977579324100548
Cosmos2.5_0057,57,1,3,0.5864885449409485,0.0,0.0,False,0.2087516486644745,0.128679409623146,0.7686675786972046,0.7231738567352295,0.88671875,0.8828125,/shared/ssd_30T/zhuoyingyang/physact/sam3_robowm/identity_v1/sam_masked_negative6/crops/Cosmos2.5_0057/frame_0057_rank_01.png,/shared/ssd_30T/zhuoyingyang/physact/sam3_robowm/identity_v1/sam_masked_negative6/crops/Cosmos2.5_0057/frame_0057_rank_03.png,T02,T00,0,30,90,0,31,92,0,False,False,True,True,False,False,False,True,False,0.7231738567352295,0.128679409623146,0.30505341325673263,0.17891033247021096,0.0
Cosmos2.5_0057,57,2,3,0.7881196737289429,0.4335690203440053,1.0,True,0.1476158052682876,0.128679409623146,0.7364776730537415,0.7231738567352295,0.87109375,0.8828125,/shared/ssd_30T/zhuoyingyang/physact/sam3_robowm/identity_v1/sam_masked_negative6/crops/Cosmos2.5_0057/frame_0057_rank_02.png,/shared/ssd_30T/zhuoyingyang/physact/sam3_robowm/identity_v1/sam_masked_negative6/crops/Cosmos2.5_0057/frame_0057_rank_03.png,T04,T00,36,19,56,0,31,92,0,True,False,True,True,True,False,True,False,False,0.7231738567352295,0.128679409623146,0.30505341325673263,0.2404185965257965,0.0
Cosmos2.5_0057,60,1,2,0.5810606479644775,0.0,0.0,False,0.1599191278219223,0.1937915533781051,0.733647346496582,0.7258022427558899,0.8671875,0.890625,/shared/ssd_30T/zhuoyingyang/physact/sam3_robowm/identity_v1/sam_masked_negative6/crops/Cosmos2.5_0057/frame_0060_rank_01.png,/shared/ssd_30T/zhuoyingyang/physact/sam3_robowm/identity_v1/sam_masked_negative6/crops/Cosmos2.5_0057/frame_0060_rank_02.png,T04,T02,36,19,56,0,30,90,0,True,False,True,True,True,False,True,True,True,0.7258022427558899,0.1599191278219223,0.3406899787676724,0.1979615398177478,0.1979615398177478
Cosmos2.5_0057,60,1,3,0.8054161667823792,0.4079396180635262,1.0,True,0.1599191278219223,0.1316023021936416,0.733647346496582,0.7004045844078064,0.8671875,0.85546875,/shared/ssd_30T/zhuoyingyang/physact/sam3_robowm/identity_v1/sam_masked_negative6/crops/Cosmos2.5_0057/frame_0060_rank_01.png,/shared/ssd_30T/zhuoyingyang/physact/sam3_robowm/identity_v1/sam_masked_negative6/crops/Cosmos2.5_0057/frame_0060_rank_03.png,T04,T00,36,19,56,0,31,92,0,True,False,True,True,True,False,True,False,False,0.7004045844078064,0.1316023021936416,0.30360312214311647,0.24452686285967132,0.0
Cosmos2.5_0057,60,2,3,0.6517044901847839,0.0,0.0,False,0.1937915533781051,0.1316023021936416,0.7258022427558899,0.7004045844078064,0.890625,0.85546875,/shared/ssd_30T/zhuoyingyang/physact/sam3_robowm/identity_v1/sam_masked_negative6/crops/Cosmos2.5_0057/frame_0060_rank_02.png,/shared/ssd_30T/zhuoyingyang/physact/sam3_robowm/identity_v1/sam_masked_negative6/crops/Cosmos2.5_0057/frame_0060_rank_03.png,T02,T00,0,30,90,0,31,92,0,False,False,True,True,False,False,False,True,False,0.7004045844078064,0.1316023021936416,0.30360312214311647,0.1978595179347884,0.0
Cosmos2.5_0057,63,1,2,0.4929239451885223,0.0,0.0,False,0.2133373320102691,0.1497921347618103,0.7466272711753845,0.7332321405410767,0.8671875,0.8828125,/shared/ssd_30T/zhuoyingyang/physact/sam3_robowm/identity_v1/sam_masked_negative6/crops/Cosmos2.5_0057/frame_0063_rank_01.png,/shared/ssd_30T/zhuoyingyang/physact/sam3_robowm/identity_v1/sam_masked_negative6/crops/Cosmos2.5_0057/frame_0063_rank_02.png,T02,T04,0,30,90,36,19,56,0,False,True,True,True,False,True,True,True,True,0.7332321405410767,0.1497921347618103,0.33140972769009,0.163359790446853,0.163359790446853
Cosmos2.5_0057,63,1,3,0.6432172656059265,0.0,0.0,False,0.2133373320102691,0.1446313560009002,0.7466272711753845,0.713199257850647,0.8671875,0.87109375,/shared/ssd_30T/zhuoyingyang/physact/sam3_robowm/identity_v1/sam_masked_negative6/crops/Cosmos2.5_0057/frame_0063_rank_01.png,/shared/ssd_30T/zhuoyingyang/physact/sam3_robowm/identity_v1/sam_masked_negative6/crops/Cosmos2.5_0057/frame_0063_rank_03.png,T02,T00,0,30,90,0,31,92,0,False,False,True,True,False,False,False,True,False,0.713199257850647,0.1446313560009002,0.32117125612634567,0.20658289715680875,0.0
Cosmos2.5_0057,63,2,3,0.66499263048172,0.455000464503411,1.0,True,0.1497921347618103,0.1446313560009002,0.7332321405410767,0.713199257850647,0.8828125,0.87109375,/shared/ssd_30T/zhuoyingyang/physact/sam3_robowm/identity_v1/sam_masked_negative6/crops/Cosmos2.5_0057/frame_0063_rank_02.png,/shared/ssd_30T/zhuoyingyang/physact/sam3_robowm/identity_v1/sam_masked_negative6/crops/Cosmos2.5_0057/frame_0063_rank_03.png,T04,T00,36,19,56,0,31,92,0,True,False,True,True,True,False,True,False,False,0.713199257850647,0.1446313560009002,0.32117125612634567,0.21357651844657682,0.0
Cosmos2.5_0057,66,1,2,0.5627763867378235,0.0,0.0,False,0.1524019986391067,0.2095505148172378,0.7258216142654419,0.7192195653915405,0.875,0.87109375,/shared/ssd_30T/zhuoyingyang/physact/sam3_robowm/identity_v1/sam_masked_negative6/crops/Cosmos2.5_0057/frame_0066_rank_01.png,/shared/ssd_30T/zhuoyingyang/physact/sam3_robowm/identity_v1/sam_masked_negative6/crops/Cosmos2.5_0057/frame_0066_rank_02.png,T00,T02,0,31,92,0,30,90,0,False,False,True,True,False,False,False,True,False,0.7192195653915405,0.1524019986391067,0.33107476380120016,0.1863210593121178,0.0
Cosmos2.5_0057,66,1,3,0.7034366130828857,0.4404842627171156,1.0,True,0.1524019986391067,0.1585972309112548,0.7258216142654419,0.6982043981552124,0.875,0.87890625,/shared/ssd_30T/zhuoyingyang/physact/sam3_robowm/identity_v1/sam_masked_negative6/crops/Cosmos2.5_0057/frame_0066_rank_01.png,/shared/ssd_30T/zhuoyingyang/physact/sam3_robowm/identity_v1/sam_masked_negative6/crops/Cosmos2.5_0057/frame_0066_rank_03.png,T00,T04,0,31,92,36,19,56,0,False,True,True,True,False,True,True,False,False,0.6982043981552124,0.1524019986391067,0.3262020014308143,0.22946243106735065,0.0
Cosmos2.5_0057,66,2,3,0.4284940958023071,0.0,0.0,False,0.2095505148172378,0.1585972309112548,0.7192195653915405,0.6982043981552124,0.87109375,0.87890625,/shared/ssd_30T/zhuoyingyang/physact/sam3_robowm/identity_v1/sam_masked_negative6/crops/Cosmos2.5_0057/frame_0066_rank_02.png,/shared/ssd_30T/zhuoyingyang/physact/sam3_robowm/identity_v1/sam_masked_negative6/crops/Cosmos2.5_0057/frame_0066_rank_03.png,T02,T04,0,30,90,36,19,56,0,False,True,True,True,False,True,True,True,True,0.6982043981552124,0.1585972309112548,0.33276611028990905,0.14258831354232537,0.14258831354232537
Cosmos2.5_0057,69,1,2,0.5688475370407104,0.0,0.0,False,0.2148011326789856,0.1546369045972824,0.750724196434021,0.7456066608428955,0.875,0.86328125,/shared/ssd_30T/zhuoyingyang/physact/sam3_robowm/identity_v1/sam_masked_negative6/crops/Cosmos2.5_0057/frame_0069_rank_01.png,/shared/ssd_30T/zhuoyingyang/physact/sam3_robowm/identity_v1/sam_masked_negative6/crops/Cosmos2.5_0057/frame_0069_rank_02.png,T02,T00,0,30,90,0,31,92,0,False,False,True,True,False,False,False,True,False,0.7456066608428955,0.1546369045972824,0.33955604262015593,0.19315561853176622,0.0
Cosmos2.5_0057,69,1,3,0.4722839593887329,0.0,0.0,False,0.2148011326789856,0.164612129330635,0.750724196434021,0.7198256254196167,0.875,0.88671875,/shared/ssd_30T/zhuoyingyang/physact/sam3_robowm/identity_v1/sam_masked_negative6/crops/Cosmos2.5_0057/frame_0069_rank_01.png,/shared/ssd_30T/zhuoyingyang/physact/sam3_robowm/identity_v1/sam_masked_negative6/crops/Cosmos2.5_0057/frame_0069_rank_03.png,T02,T04,0,30,90,36,19,56,0,False,True,True,True,False,True,True,True,True,0.7198256254196167,0.164612129330635,0.34422671155370727,0.16257275425994816,0.16257275425994816
Cosmos2.5_0057,69,2,3,0.6792227029800415,0.4489792052202319,1.0,True,0.1546369045972824,0.164612129330635,0.7456066608428955,0.7198256254196167,0.86328125,0.88671875,/shared/ssd_30T/zhuoyingyang/physact/sam3_robowm/identity_v1/sam_masked_negative6/crops/Cosmos2.5_0057/frame_0069_rank_02.png,/shared/ssd_30T/zhuoyingyang/physact/sam3_robowm/identity_v1/sam_masked_negative6/crops/Cosmos2.5_0057/frame_0069_rank_03.png,T00,T04,0,31,92,36,19,56,0,False,True,True,True,False,True,True,False,False,0.7198256254196167,0.1546369045972824,0.3336339409662818,0.2266117471890015,0.0
Cosmos2.5_0057,72,1,2,0.5993306636810303,0.0,0.0,False,0.2114406824111938,0.1440978348255157,0.7272743582725525,0.7175049781799316,0.87890625,0.87890625,/shared/ssd_30T/zhuoyingyang/physact/sam3_robowm/identity_v1/sam_masked_negative6/crops/Cosmos2.5_0057/frame_0072_rank_01.png,/shared/ssd_30T/zhuoyingyang/physact/sam3_robowm/identity_v1/sam_masked_negative6/crops/Cosmos2.5_0057/frame_0072_rank_02.png,T02,T00,0,30,90,0,31,92,0,False,False,True,True,False,False,False,True,False,0.7175049781799316,0.1440978348255157,0.3215445751871069,0.19271152364992372,0.0
Cosmos2.5_0057,72,1,3,0.4476673603057861,0.0,0.0,False,0.2114406824111938,0.1787335276603698,0.7272743582725525,0.7059388160705566,0.87890625,0.87890625,/shared/ssd_30T/zhuoyingyang/physact/sam3_robowm/identity_v1/sam_masked_negative6/crops/Cosmos2.5_0057/frame_0072_rank_01.png,/shared/ssd_30T/zhuoyingyang/physact/sam3_robowm/identity_v1/sam_masked_negative6/crops/Cosmos2.5_0057/frame_0072_rank_03.png,T02,T04,0,30,90,36,19,56,0,False,True,True,True,False,True,True,True,True,0.7059388160705566,0.1787335276603698,0.3552111131548048,0.15901642137729136,0.15901642137729136
Cosmos2.5_0057,72,2,3,0.6839430332183838,0.4999444242549566,1.0,True,0.1440978348255157,0.1787335276603698,0.7175049781799316,0.7059388160705566,0.87890625,0.87890625,/shared/ssd_30T/zhuoyingyang/physact/sam3_robowm/identity_v1/sam_masked_negative6/crops/Cosmos2.5_0057/frame_0072_rank_02.png,/shared/ssd_30T/zhuoyingyang/physact/sam3_robowm/identity_v1/sam_masked_negative6/crops/Cosmos2.5_0057/frame_0072_rank_03.png,T00,T04,0,31,92,36,19,56,0,False,True,True,True,False,True,True,False,False,0.7059388160705566,0.1440978348255157,0.3189424006228322,0.21813843290393278,0.0
Cosmos2.5_0057,75,1,2,0.699872612953186,0.0,0.0,False,0.1502110213041305,0.2252880632877349,0.7246325016021729,0.715451717376709,0.859375,0.87890625,/shared/ssd_30T/zhuoyingyang/physact/sam3_robowm/identity_v1/sam_masked_negative6/crops/Cosmos2.5_0057/frame_0075_rank_01.png,/shared/ssd_30T/zhuoyingyang/physact/sam3_robowm/identity_v1/sam_masked_negative6/crops/Cosmos2.5_0057/frame_0075_rank_02.png,T00,T02,0,31,92,0,30,90,0,False,False,True,True,False,False,False,True,False,0.715451717376709,0.1502110213041305,0.3278242412649644,0.2294352083235063,0.0
Cosmos2.5_0057,75,1,3,0.7265111804008484,0.4097700326720334,1.0,True,0.1502110213041305,0.1881310045719146,0.7246325016021729,0.6901138424873352,0.859375,0.890625,/shared/ssd_30T/zhuoyingyang/physact/sam3_robowm/identity_v1/sam_masked_negative6/crops/Cosmos2.5_0057/frame_0075_rank_01.png,/shared/ssd_30T/zhuoyingyang/physact/sam3_robowm/identity_v1/sam_masked_negative6/crops/Cosmos2.5_0057/frame_0075_rank_03.png,T00,T04,0,31,92,36,19,56,0,False,True,True,True,False,True,True,False,False,0.6901138424873352,0.1502110213041305,0.3219669316810974,0.23391257558567338,0.0
Cosmos2.5_0057,75,2,3,0.5129328966140747,0.0,0.0,False,0.2252880632877349,0.1881310045719146,0.715451717376709,0.6901138424873352,0.87890625,0.890625,/shared/ssd_30T/zhuoyingyang/physact/sam3_robowm/identity_v1/sam_masked_negative6/crops/Cosmos2.5_0057/frame_0075_rank_02.png,/shared/ssd_30T/zhuoyingyang/physact/sam3_robowm/identity_v1/sam_masked_negative6/crops/Cosmos2.5_0057/frame_0075_rank_03.png,T02,T04,0,30,90,36,19,56,0,False,True,True,True,False,True,True,True,True,0.6901138424873352,0.1881310045719146,0.36032181512659817,0.18482091234612713,0.18482091234612713
Cosmos2.5_0057,78,1,2,0.6416063904762268,0.0,0.0,False,0.1499570310115814,0.2307608425617218,0.7315496206283569,0.7207043170928955,0.8671875,0.87890625,/shared/ssd_30T/zhuoyingyang/physact/sam3_robowm/identity_v1/sam_masked_negative6/crops/Cosmos2.5_0057/frame_0078_rank_01.png,/shared/ssd_30T/zhuoyingyang/physact/sam3_robowm/identity_v1/sam_masked_negative6/crops/Cosmos2.5_0057/frame_0078_rank_02.png,T00,T02,0,31,92,0,30,90,0,False,False,True,True,False,False,False,True,False,0.7207043170928955,0.1499570310115814,0.3287471363046071,0.21092626350379512,0.0
Cosmos2.5_0057,78,1,3,0.7046015858650208,0.4216636465014216,1.0,True,0.1499570310115814,0.1916650533676147,0.7315496206283569,0.7118399143218994,0.8671875,0.89453125,/shared/ssd_30T/zhuoyingyang/physact/sam3_robowm/identity_v1/sam_masked_negative6/crops/Cosmos2.5_0057/frame_0078_rank_01.png,/shared/ssd_30T/zhuoyingyang/physact/sam3_robowm/identity_v1/sam_masked_negative6/crops/Cosmos2.5_0057/frame_0078_rank_03.png,T00,T04,0,31,92,36,19,56,0,False,True,True,True,False,True,True,False,False,0.7118399143218994,0.1499570310115814,0.32671914560865656,0.23020682812832405,0.0
Cosmos2.5_0057,78,2,3,0.4986474215984344,0.0,0.0,False,0.2307608425617218,0.1916650533676147,0.7207043170928955,0.7118399143218994,0.87890625,0.89453125,/shared/ssd_30T/zhuoyingyang/physact/sam3_robowm/identity_v1/sam_masked_negative6/crops/Cosmos2.5_0057/frame_0078_rank_02.png,/shared/ssd_30T/zhuoyingyang/physact/sam3_robowm/identity_v1/sam_masked_negative6/crops/Cosmos2.5_0057/frame_0078_rank_03.png,T02,T04,0,30,90,36,19,56,0,False,True,True,True,False,True,True,True,True,0.7118399143218994,0.1916650533676147,0.36937086399404206,0.18418582894421506,0.18418582894421506
Cosmos2.5_0057,81,1,2,0.7235425710678101,0.4051969395670595,1.0,True,0.1450846344232559,0.1922428011894226,0.7283424139022827,0.7159461975097656,0.8671875,0.8984375,/shared/ssd_30T/zhuoyingyang/physact/sam3_robowm/identity_v1/sam_masked_negative6/crops/Cosmos2.5_0057/frame_0081_rank_01.png,/shared/ssd_30T/zhuoyingyang/physact/sam3_robowm/identity_v1/sam_masked_negative6/crops/Cosmos2.5_0057/frame_0081_rank_02.png,T00,T04,0,31,92,36,19,56,0,False,True,True,True,False,True,True,False,False,0.7159461975097656,0.1450846344232559,0.3222930224693431,0.23319272211468398,0.0
Cosmos2.5_0057,81,1,3,0.6513806581497192,0.0,0.0,False,0.1450846344232559,0.219111829996109,0.7283424139022827,0.7023223638534546,0.8671875,0.88671875,/shared/ssd_30T/zhuoyingyang/physact/sam3_robowm/identity_v1/sam_masked_negative6/crops/Cosmos2.5_0057/frame_0081_rank_01.png,/shared/ssd_30T/zhuoyingyang/physact/sam3_robowm/identity_v1/sam_masked_negative6/crops/Cosmos2.5_0057/frame_0081_rank_03.png,T00,T02,0,31,92,0,30,90,0,False,False,True,True,False,False,False,True,False,0.7023223638534546,0.1450846344232559,0.3192118158949561,0.20792840272682353,0.0
Cosmos2.5_0057,81,2,3,0.5375884175300598,0.0,0.0,False,0.1922428011894226,0.219111829996109,0.7159461975097656,0.7023223638534546,0.8984375,0.88671875,/shared/ssd_30T/zhuoyingyang/physact/sam3_robowm/identity_v1/sam_masked_negative6/crops/Cosmos2.5_0057/frame_0081_rank_02.png,/shared/ssd_30T/zhuoyingyang/physact/sam3_robowm/identity_v1/sam_masked_negative6/crops/Cosmos2.5_0057/frame_0081_rank_03.png,T04,T02,36,19,56,0,30,90,0,True,False,True,True,True,False,True,True,True,0.7023223638534546,0.1922428011894226,0.36744580357539125,0.19753460807215578,0.19753460807215578
Cosmos2.5_0057,84,1,2,0.5337362289428711,0.0,0.0,False,0.1420640796422958,0.2201366424560547,0.7245070934295654,0.6996642351150513,0.87109375,0.88671875,/shared/ssd_30T/zhuoyingyang/physact/sam3_robowm/identity_v1/sam_masked_negative6/crops/Cosmos2.5_0057/frame_0084_rank_01.png,/shared/ssd_30T/zhuoyingyang/physact/sam3_robowm/identity_v1/sam_masked_negative6/crops/Cosmos2.5_0057/frame_0084_rank_02.png,T00,T02,0,31,92,0,30,90,0,False,False,True,True,False,False,False,True,False,0.6996642351150513,0.1420640796422958,0.3152731444640514,0.1682726992132038,0.0
Cosmos2.5_0057,84,1,3,0.7249984741210938,0.4051551497327874,1.0,True,0.1420640796422958,0.1802590936422348,0.7245070934295654,0.6924248933792114,0.87109375,0.89453125,/shared/ssd_30T/zhuoyingyang/physact/sam3_robowm/identity_v1/sam_masked_negative6/crops/Cosmos2.5_0057/frame_0084_rank_01.png,/shared/ssd_30T/zhuoyingyang/physact/sam3_robowm/identity_v1/sam_masked_negative6/crops/Cosmos2.5_0057/frame_0084_rank_03.png,T00,T04,0,31,92,36,19,56,0,False,True,True,True,False,True,True,False,False,0.6924248933792114,0.1420640796422958,0.3136378567700852,0.22738696758492194,0.0
Cosmos2.5_0057,84,2,3,0.4700871706008911,0.0,0.0,False,0.2201366424560547,0.1802590936422348,0.6996642351150513,0.6924248933792114,0.88671875,0.89453125,/shared/ssd_30T/zhuoyingyang/physact/sam3_robowm/identity_v1/sam_masked_negative6/crops/Cosmos2.5_0057/frame_0084_rank_02.png,/shared/ssd_30T/zhuoyingyang/physact/sam3_robowm/identity_v1/sam_masked_negative6/crops/Cosmos2.5_0057/frame_0084_rank_03.png,T02,T04,0,30,90,36,19,56,0,False,True,True,True,False,True,True,True,True,0.6924248933792114,0.1802590936422348,0.3532929148679007,0.16607846674359295,0.16607846674359295
Cosmos2.5_0057,87,1,2,0.572774350643158,0.0,0.0,False,0.1646278202533722,0.1238579824566841,0.7350149154663086,0.725204348564148,0.87109375,0.8828125,/shared/ssd_30T/zhuoyingyang/physact/sam3_robowm/identity_v1/sam_masked_negative6/crops/Cosmos2.5_0057/frame_0087_rank_01.png,/shared/ssd_30T/zhuoyingyang/physact/sam3_robowm/identity_v1/sam_masked_negative6/crops/Cosmos2.5_0057/frame_0087_rank_02.png,T02,T00,0,30,90,0,31,92,0,False,False,True,True,False,False,False,True,False,0.725204348564148,0.1238579824566841,0.2997037662125207,0.17166263007768537,0.0
Cosmos2.5_0057,87,1,3,0.3261316120624542,0.0,0.0,False,0.1646278202533722,0.1092437133193016,0.7350149154663086,0.6931715607643127,0.87109375,0.890625,/shared/ssd_30T/zhuoyingyang/physact/sam3_robowm/identity_v1/sam_masked_negative6/crops/Cosmos2.5_0057/frame_0087_rank_01.png,/shared/ssd_30T/zhuoyingyang/physact/sam3_robowm/identity_v1/sam_masked_negative6/crops/Cosmos2.5_0057/frame_0087_rank_03.png,T02,T04,0,30,90,36,19,56,0,False,True,True,True,False,True,True,True,True,0.6931715607643127,0.1092437133193016,0.27518109539942864,0.08974525425172766,0.08974525425172766
Cosmos2.5_0057,87,2,3,0.5623976588249207,0.4391780558957454,1.0,True,0.1238579824566841,0.1092437133193016,0.725204348564148,0.6931715607643127,0.8828125,0.890625,/shared/ssd_30T/zhuoyingyang/physact/sam3_robowm/identity_v1/sam_masked_negative6/crops/Cosmos2.5_0057/frame_0087_rank_02.png,/shared/ssd_30T/zhuoyingyang/physact/sam3_robowm/identity_v1/sam_masked_negative6/crops/Cosmos2.5_0057/frame_0087_rank_03.png,T00,T04,0,31,92,36,19,56,0,False,True,True,True,False,True,True,False,False,0.6931715607643127,0.1092437133193016,0.27518109539942864,0.1547612038055158,0.0
Cosmos2.5_0057,90,1,2,0.2289387136697769,0.0,0.0,False,0.1104585826396942,0.2382927983999252,0.7370915412902832,0.609154462814331,0.8515625,0.96484375,/shared/ssd_30T/zhuoyingyang/physact/sam3_robowm/identity_v1/sam_masked_negative6/crops/Cosmos2.5_0057/frame_0090_rank_01.png,/shared/ssd_30T/zhuoyingyang/physact/sam3_robowm/identity_v1/sam_masked_negative6/crops/Cosmos2.5_0057/frame_0090_rank_02.png,T02,T05,0,30,90,90,1,0,0,False,True,True,False,False,False,False,True,False,0.609154462814331,0.1104585826396942,0.2593961036159088,0.05938581029277833,0.0
Cosmos2.5_0057,90,1,3,0.17519511282444,0.0,0.0,False,0.1104585826396942,0.1175981611013412,0.7370915412902832,0.6064136028289795,0.8515625,0.90234375,/shared/ssd_30T/zhuoyingyang/physact/sam3_robowm/identity_v1/sam_masked_negative6/crops/Cosmos2.5_0057/frame_0090_rank_01.png,/shared/ssd_30T/zhuoyingyang/physact/sam3_robowm/identity_v1/sam_masked_negative6/crops/Cosmos2.5_0057/frame_0090_rank_03.png,T02,T06,0,30,90,90,2,2,0,False,True,True,False,False,False,False,True,False,0.6064136028289795,0.1104585826396942,0.2588118758131464,0.04534257578338914,0.0
Cosmos2.5_0057,90,2,3,0.5449300408363342,0.1696083253010333,1.0,True,0.2382927983999252,0.1175981611013412,0.609154462814331,0.6064136028289795,0.96484375,0.90234375,/shared/ssd_30T/zhuoyingyang/physact/sam3_robowm/identity_v1/sam_masked_negative6/crops/Cosmos2.5_0057/frame_0090_rank_02.png,/shared/ssd_30T/zhuoyingyang/physact/sam3_robowm/identity_v1/sam_masked_negative6/crops/Cosmos2.5_0057/frame_0090_rank_03.png,T05,T06,90,1,0,90,2,2,0,True,True,False,False,False,False,False,False,False,0.6064136028289795,0.1175981611013412,0.2670451732563745,0.14552093716774211,0.0
Cosmos2.5_0057,92,1,2,0.6668593287467957,0.4385327923346348,1.0,True,0.1273441463708877,0.1043232530355453,0.719893217086792,0.7011550664901733,0.89453125,0.8828125,/shared/ssd_30T/zhuoyingyang/physact/sam3_robowm/identity_v1/sam_masked_negative6/crops/Cosmos2.5_0057/frame_0092_rank_01.png,/shared/ssd_30T/zhuoyingyang/physact/sam3_robowm/identity_v1/sam_masked_negative6/crops/Cosmos2.5_0057/frame_0092_rank_02.png,T00,T04,0,31,92,36,19,56,0,False,True,True,True,False,True,True,False,False,0.7011550664901733,0.1043232530355453,0.2704566091235504,0.18035651281526532,0.0
Cosmos2.5_0057,92,1,3,0.1412002146244049,0.0,0.0,False,0.1273441463708877,0.1198878437280654,0.719893217086792,0.6066744327545166,0.89453125,0.89453125,/shared/ssd_30T/zhuoyingyang/physact/sam3_robowm/identity_v1/sam_masked_negative6/crops/Cosmos2.5_0057/frame_0092_rank_01.png,/shared/ssd_30T/zhuoyingyang/physact/sam3_robowm/identity_v1/sam_masked_negative6/crops/Cosmos2.5_0057/frame_0092_rank_03.png,T00,T06,0,31,92,90,2,2,0,False,True,True,False,False,False,False,True,False,0.6066744327545166,0.1198878437280654,0.26969035872252867,0.0380803365337538,0.0
Cosmos2.5_0057,92,2,3,0.2119302153587341,0.0,0.0,False,0.1043232530355453,0.1198878437280654,0.7011550664901733,0.6066744327545166,0.8828125,0.89453125,/shared/ssd_30T/zhuoyingyang/physact/sam3_robowm/identity_v1/sam_masked_negative6/crops/Cosmos2.5_0057/frame_0092_rank_02.png,/shared/ssd_30T/zhuoyingyang/physact/sam3_robowm/identity_v1/sam_masked_negative6/crops/Cosmos2.5_0057/frame_0092_rank_03.png,T04,T06,36,19,56,90,2,2,0,True,True,True,False,True,False,True,True,True,0.6066744327545166,0.1043232530355453,0.2515755360889555,0.053316457542321324,0.053316457542321324
Cosmos3_seed101_0039,0,1,2,0.1493655443191528,0.0,0.0,False,0.7446960210800171,0.1213861480355262,0.9609690308570862,0.6626429557800293,0.98046875,0.95703125,/shared/ssd_30T/zhuoyingyang/physact/sam3_robowm/identity_v1/sam_masked_negative6/crops/Cosmos3_seed101_0039/frame_0000_rank_01.png,/shared/ssd_30T/zhuoyingyang/physact/sam3_robowm/identity_v1/sam_masked_negative6/crops/Cosmos3_seed101_0039/frame_0000_rank_02.png,T00,T01,0,63,188,0,4,15,0,False,False,True,True,False,False,False,True,False,0.6626429557800293,0.1213861480355262,0.2836118402412235,0.042361836892986955,0.0
Cosmos3_seed101_0039,0,1,3,0.20526023209095,0.0,0.0,False,0.7446960210800171,0.1285450160503387,0.9609690308570862,0.6612504720687866,0.98046875,0.96875,/shared/ssd_30T/zhuoyingyang/physact/sam3_robowm/identity_v1/sam_masked_negative6/crops/Cosmos3_seed101_0039/frame_0000_rank_01.png,/shared/ssd_30T/zhuoyingyang/physact/sam3_robowm/identity_v1/sam_masked_negative6/crops/Cosmos3_seed101_0039/frame_0000_rank_03.png,T00,T02,0,63,188,0,48,141,0,False,False,True,True,False,False,False,True,False,0.6612504720687866,0.1285450160503387,0.29154837085014934,0.05984328626644002,0.0
Cosmos3_seed101_0039,0,2,3,0.480840265750885,0.2741236953624028,1.0,True,0.1213861480355262,0.1285450160503387,0.6626429557800293,0.6612504720687866,0.95703125,0.96875,/shared/ssd_30T/zhuoyingyang/physact/sam3_robowm/identity_v1/sam_masked_negative6/crops/Cosmos3_seed101_0039/frame_0000_rank_02.png,/shared/ssd_30T/zhuoyingyang/physact/sam3_robowm/identity_v1/sam_masked_negative6/crops/Cosmos3_seed101_0039/frame_0000_rank_03.png,T01,T02,0,4,15,0,48,141,0,False,False,True,True,False,False,False,False,False,0.6612504720687866,0.1213861480355262,0.28331369132306916,0.13622863062664878,0.0
Cosmos3_seed101_0039,3,1,2,0.2349181771278381,0.0,0.0,False,0.7401434779167175,0.1386317461729049,0.9476197957992554,0.6695661544799805,0.9765625,0.96875,/shared/ssd_30T/zhuoyingyang/physact/sam3_robowm/identity_v1/sam_masked_negative6/crops/Cosmos3_seed101_0039/frame_0003_rank_01.png,/shared/ssd_30T/zhuoyingyang/physact/sam3_robowm/identity_v1/sam_masked_negative6/crops/Cosmos3_seed101_0039/frame_0003_rank_02.png,T00,T02,0,63,188,0,48,141,0,False,False,True,True,False,False,False,True,False,0.6695661544799805,0.1386317461729049,0.3046688779213208,0.07157225742886053,0.0
Cosmos3_seed101_0039,3,1,3,0.1964199990034103,0.0,0.0,False,0.7401434779167175,0.1137992888689041,0.9476197957992554,0.6659228801727295,0.9765625,0.95703125,/shared/ssd_30T/zhuoyingyang/physact/sam3_robowm/identity_v1/sam_masked_negative6/crops/Cosmos3_seed101_0039/frame_0003_rank_01.png,/shared/ssd_30T/zhuoyingyang/physact/sam3_robowm/identity_v1/sam_masked_negative6/crops/Cosmos3_seed101_0039/frame_0003_rank_03.png,T00,T01,0,63,188,0,4,15,0,False,False,True,True,False,False,False,True,False,0.6659228801727295,0.1137992888689041,0.2752844895833927,0.05407137916962431,0.0
Cosmos3_seed101_0039,3,2,3,0.4685142636299133,0.2684423180362328,1.0,True,0.1386317461729049,0.1137992888689041,0.6695661544799805,0.6659228801727295,0.96875,0.95703125,/shared/ssd_30T/zhuoyingyang/physact/sam3_robowm/identity_v1/sam_masked_negative6/crops/Cosmos3_seed101_0039/frame_0003_rank_02.png,/shared/ssd_30T/zhuoyingyang/physact/sam3_robowm/identity_v1/sam_masked_negative6/crops/Cosmos3_seed101_0039/frame_0003_rank_03.png,T02,T01,0,48,141,0,4,15,0,False,False,True,True,False,False,False,False,False,0.6659228801727295,0.1137992888689041,0.2752844895833927,0.12897470992589977,0.0
Cosmos3_seed101_0039,6,1,2,0.2678459882736206,0.0,0.0,False,0.7506785988807678,0.1217140778899192,0.9471084475517272,0.6648993492126465,0.9765625,0.96875,/shared/ssd_30T/zhuoyingyang/physact/sam3_robowm/identity_v1/sam_masked_negative6/crops/Cosmos3_seed101_0039/frame_0006_rank_01.png,/shared/ssd_30T/zhuoyingyang/physact/sam3_robowm/identity_v1/sam_masked_negative6/crops/Cosmos3_seed101_0039/frame_0006_rank_02.png,T00,T02,0,63,188,0,48,141,0,False,False,True,True,False,False,False,True,False,0.6648993492126465,0.1217140778899192,0.28447778679366975,0.07619623394564282,0.0
Cosmos3_seed101_0039,6,1,3,0.1860514730215072,0.0290657430265682,1.0,True,0.7506785988807678,0.1383332014083862,0.9471084475517272,0.662163496017456,0.9765625,0.9921875,/shared/ssd_30T/zhuoyingyang/physact/sam3_robowm/identity_v1/sam_masked_negative6/crops/Cosmos3_seed101_0039/frame_0006_rank_01.png,/shared/ssd_30T/zhuoyingyang/physact/sam3_robowm/identity_v1/sam_masked_negative6/crops/Cosmos3_seed101_0039/frame_0006_rank_03.png,T00,T03,0,63,188,6,7,24,0,False,True,True,True,False,True,True,False,False,0.662163496017456,0.1383332014083862,0.3026535911894387,0.056309146456044123,0.0
Cosmos3_seed101_0039,6,2,3,0.1297311633825302,0.0,0.0,False,0.1217140778899192,0.1383332014083862,0.6648993492126465,0.662163496017456,0.96875,0.9921875,/shared/ssd_30T/zhuoyingyang/physact/sam3_robowm/identity_v1/sam_masked_negative6/crops/Cosmos3_seed101_0039/frame_0006_rank_02.png,/shared/ssd_30T/zhuoyingyang/physact/sam3_robowm/identity_v1/sam_masked_negative6/crops/Cosmos3_seed101_0039/frame_0006_rank_03.png,T02,T03,0,48,141,6,7,24,0,False,True,True,True,False,True,True,True,True,0.662163496017456,0.1217140778899192,0.2838919148727731,0.03682962839133908,0.03682962839133908
Cosmos3_seed101_0039,9,1,2,0.2882987856864929,0.0,0.0,False,0.7365555167198181,0.1384929120540619,0.945354700088501,0.672179102897644,0.9765625,0.96875,/shared/ssd_30T/zhuoyingyang/physact/sam3_robowm/identity_v1/sam_masked_negative6/crops/Cosmos3_seed101_0039/frame_0009_rank_01.png,/shared/ssd_30T/zhuoyingyang/physact/sam3_robowm/identity_v1/sam_masked_negative6/crops/Cosmos3_seed101_0039/frame_0009_rank_02.png,T00,T02,0,63,188,0,48,141,0,False,False,True,True,False,False,False,True,False,0.672179102897644,0.1384929120540619,0.30510988411092427,0.08796280909012605,0.0
Cosmos3_seed101_0039,9,1,3,0.2104525119066238,0.0,0.0,False,0.7365555167198181,0.1307090073823928,0.945354700088501,0.6711232662200928,0.9765625,0.953125,/shared/ssd_30T/zhuoyingyang/physact/sam3_robowm/identity_v1/sam_masked_negative6/crops/Cosmos3_seed101_0039/frame_0009_rank_01.png,/shared/ssd_30T/zhuoyingyang/physact/sam3_robowm/identity_v1/sam_masked_negative6/crops/Cosmos3_seed101_0039/frame_0009_rank_03.png,T00,T01,0,63,188,0,4,15,0,False,False,True,True,False,False,False,True,False,0.6711232662200928,0.1307090073823928,0.29617875676499433,0.06233156333457401,0.0
Cosmos3_seed101_0039,9,2,3,0.4227640032768249,0.2808057633999641,1.0,True,0.1384929120540619,0.1307090073823928,0.672179102897644,0.6711232662200928,0.96875,0.953125,/shared/ssd_30T/zhuoyingyang/physact/sam3_robowm/identity_v1/sam_masked_negative6/crops/Cosmos3_seed101_0039/frame_0009_rank_02.png,/shared/ssd_30T/zhuoyingyang/physact/sam3_robowm/identity_v1/sam_masked_negative6/crops/Cosmos3_seed101_0039/frame_0009_rank_03.png,T02,T01,0,48,141,0,4,15,0,False,False,True,True,False,False,False,False,False,0.6711232662200928,0.1307090073823928,0.29617875676499433,0.125213716895522,0.0
Cosmos3_seed101_0039,12,1,2,0.2031885832548141,0.0295205186491366,1.0,True,0.7425635457038879,0.1479481011629104,0.9374537467956544,0.6668156981468201,0.9765625,0.98828125,/shared/ssd_30T/zhuoyingyang/physact/sam3_robowm/identity_v1/sam_masked_negative6/crops/Cosmos3_seed101_0039/frame_0012_rank_01.png,/shared/ssd_30T/zhuoyingyang/physact/sam3_robowm/identity_v1/sam_masked_negative6/crops/Cosmos3_seed101_0039/frame_0012_rank_02.png,T00,T03,0,63,188,6,7,24,0,False,True,True,True,False,True,True,False,False,0.6668156981468201,0.1479481011629104,0.3140925283518258,0.06382001584673001,0.0
Cosmos3_seed101_0039,12,1,3,0.2783217430114746,0.0,0.0,False,0.7425635457038879,0.1210021153092384,0.9374537467956544,0.6660782098770142,0.9765625,0.96875,/shared/ssd_30T/zhuoyingyang/physact/sam3_robowm/identity_v1/sam_masked_negative6/crops/Cosmos3_seed101_0039/frame_0012_rank_01.png,/shared/ssd_30T/zhuoyingyang/physact/sam3_robowm/identity_v1/sam_masked_negative6/crops/Cosmos3_seed101_0039/frame_0012_rank_03.png,T00,T02,0,63,188,0,48,141,0,False,False,True,True,False,False,False,True,False,0.6660782098770142,0.1210021153092384,0.28389588295096774,0.07901439697669492,0.0
Cosmos3_seed101_0039,12,2,3,0.1239834055304527,0.0,0.0,False,0.1479481011629104,0.1210021153092384,0.6668156981468201,0.6660782098770142,0.98828125,0.96875,/shared/ssd_30T/zhuoyingyang/physact/sam3_robowm/identity_v1/sam_masked_negative6/crops/Cosmos3_seed101_0039/frame_0012_rank_02.png,/shared/ssd_30T/zhuoyingyang/physact/sam3_robowm/identity_v1/sam_masked_negative6/crops/Cosmos3_seed101_0039/frame_0012_rank_03.png,T03,T02,6,7,24,0,48,141,0,True,False,True,True,True,False,True,True,True,0.6660782098770142,0.1210021153092384,0.28389588295096774,0.03519837838433577,0.03519837838433577
Cosmos3_seed101_0039,15,1,2,0.2512602508068084,0.0,0.0,False,0.7293368577957153,0.1349352449178695,0.922791302204132,0.6742103695869446,0.97265625,0.96875,/shared/ssd_30T/zhuoyingyang/physact/sam3_robowm/identity_v1/sam_masked_negative6/crops/Cosmos3_seed101_0039/frame_0015_rank_01.png,/shared/ssd_30T/zhuoyingyang/physact/sam3_robowm/identity_v1/sam_masked_negative6/crops/Cosmos3_seed101_0039/frame_0015_rank_02.png,T00,T02,0,63,188,0,48,141,0,False,False,True,True,False,False,False,True,False,0.6742103695869446,0.1349352449178695,0.3016201938637095,0.07578516555859383,0.0
Cosmos3_seed101_0039,15,1,3,0.234124407172203,0.0,0.0,False,0.7293368577957153,0.1229741051793098,0.922791302204132,0.6722241640090942,0.97265625,0.953125,/shared/ssd_30T/zhuoyingyang/physact/sam3_robowm/identity_v1/sam_masked_negative6/crops/Cosmos3_seed101_0039/frame_0015_rank_01.png,/shared/ssd_30T/zhuoyingyang/physact/sam3_robowm/identity_v1/sam_masked_negative6/crops/Cosmos3_seed101_0039/frame_0015_rank_03.png,T00,T01,0,63,188,0,4,15,0,False,False,True,True,False,False,False,True,False,0.6722241640090942,0.1229741051793098,0.28751724304627013,0.0673148040799942,0.0
Cosmos3_seed101_0039,15,2,3,0.4124500751495361,0.2784710197164782,1.0,True,0.1349352449178695,0.1229741051793098,0.6742103695869446,0.6722241640090942,0.96875,0.953125,/shared/ssd_30T/zhuoyingyang/physact/sam3_robowm/identity_v1/sam_masked_negative6/crops/Cosmos3_seed101_0039/frame_0015_rank_02.png,/shared/ssd_30T/zhuoyingyang/physact/sam3_robowm/identity_v1/sam_masked_negative6/crops/Cosmos3_seed101_0039/frame_0015_rank_03.png,T02,T01,0,48,141,0,4,15,0,False,False,True,True,False,False,False,False,False,0.6722241640090942,0.1229741051793098,0.28751724304627013,0.11858650850122154,0.0
Cosmos3_seed101_0039,18,1,2,0.2617623805999756,0.0,0.0,False,0.7532256841659546,0.1279921233654022,0.9446945190429688,0.6794406175613403,0.9765625,0.96875,/shared/ssd_30T/zhuoyingyang/physact/sam3_robowm/identity_v1/sam_masked_negative6/crops/Cosmos3_seed101_0039/frame_0018_rank_01.png,/shared/ssd_30T/zhuoyingyang/physact/sam3_robowm/identity_v1/sam_masked_negative6/crops/Cosmos3_seed101_0039/frame_0018_rank_02.png,T00,T02,0,63,188,0,48,141,0,False,False,True,True,False,False,False,True,False,0.6794406175613403,0.1279921233654022,0.29489497680085386,0.07719241115436608,0.0
Cosmos3_seed101_0039,18,1,3,0.1858458220958709,0.028599535483221,1.0,True,0.7532256841659546,0.1445394307374954,0.9446945190429688,0.6661372184753418,0.9765625,0.98828125,/shared/ssd_30T/zhuoyingyang/physact/sam3_robowm/identity_v1/sam_masked_negative6/crops/Cosmos3_seed101_0039/frame_0018_rank_01.png,/shared/ssd_30T/zhuoyingyang/physact/sam3_robowm/identity_v1/sam_masked_negative6/crops/Cosmos3_seed101_0039/frame_0018_rank_03.png,T00,T03,0,63,188,6,7,24,0,False,True,True,True,False,True,True,False,False,0.6661372184753418,0.1445394307374954,0.31029517294261044,0.057667061507899874,0.0
Cosmos3_seed101_0039,18,2,3,0.1449771672487259,0.0,0.0,False,0.1279921233654022,0.1445394307374954,0.6794406175613403,0.6661372184753418,0.96875,0.98828125,/shared/ssd_30T/zhuoyingyang/physact/sam3_robowm/identity_v1/sam_masked_negative6/crops/Cosmos3_seed101_0039/frame_0018_rank_02.png,/shared/ssd_30T/zhuoyingyang/physact/sam3_robowm/identity_v1/sam_masked_negative6/crops/Cosmos3_seed101_0039/frame_0018_rank_03.png,T02,T03,0,48,141,6,7,24,0,False,True,True,True,False,True,True,True,True,0.6661372184753418,0.1279921233654022,0.2919936935027567,0.04233241853852237,0.04233241853852237
Cosmos3_seed101_0039,21,1,2,0.17709381878376,0.028427457202692,1.0,True,0.7500150799751282,0.1370316594839096,0.93212229013443,0.6663336753845215,0.9765625,0.98828125,/shared/ssd_30T/zhuoyingyang/physact/sam3_robowm/identity_v1/sam_masked_negative6/crops/Cosmos3_seed101_0039/frame_0021_rank_01.png,/shared/ssd_30T/zhuoyingyang/physact/sam3_robowm/identity_v1/sam_masked_negative6/crops/Cosmos3_seed101_0039/frame_0021_rank_02.png,T00,T03,0,63,188,6,7,24,0,False,True,True,True,False,True,True,False,False,0.6663336753845215,0.1370316594839096,0.3021734755201947,0.053513054715032295,0.0
Cosmos3_seed101_0039,21,1,3,0.2575884759426117,0.0,0.0,False,0.7500150799751282,0.1287379264831543,0.93212229013443,0.6581765413284302,0.9765625,0.96875,/shared/ssd_30T/zhuoyingyang/physact/sam3_robowm/identity_v1/sam_masked_negative6/crops/Cosmos3_seed101_0039/frame_0021_rank_01.png,/shared/ssd_30T/zhuoyingyang/physact/sam3_robowm/identity_v1/sam_masked_negative6/crops/Cosmos3_seed101_0039/frame_0021_rank_03.png,T00,T02,0,63,188,0,48,141,0,False,False,True,True,False,False,False,True,False,0.6581765413284302,0.1287379264831543,0.29108810211081493,0.07498094058775215,0.0
Cosmos3_seed101_0039,21,2,3,0.1334596276283264,0.0,0.0,False,0.1370316594839096,0.1287379264831543,0.6663336753845215,0.6581765413284302,0.98828125,0.96875,/shared/ssd_30T/zhuoyingyang/physact/sam3_robowm/identity_v1/sam_masked_negative6/crops/Cosmos3_seed101_0039/frame_0021_rank_02.png,/shared/ssd_30T/zhuoyingyang/physact/sam3_robowm/identity_v1/sam_masked_negative6/crops/Cosmos3_seed101_0039/frame_0021_rank_03.png,T03,T02,6,7,24,0,48,141,0,True,False,True,True,True,False,True,True,True,0.6581765413284302,0.1287379264831543,0.29108810211081493,0.038848509714745606,0.038848509714745606
Cosmos3_seed101_0039,24,1,2,0.2516272962093353,0.0,0.0,False,0.7447381615638733,0.1290929317474365,0.9464925527572632,0.6855177879333496,0.9765625,0.96875,/shared/ssd_30T/zhuoyingyang/physact/sam3_robowm/identity_v1/sam_masked_negative6/crops/Cosmos3_seed101_0039/frame_0024_rank_01.png,/shared/ssd_30T/zhuoyingyang/physact/sam3_robowm/identity_v1/sam_masked_negative6/crops/Cosmos3_seed101_0039/frame_0024_rank_02.png,T00,T02,0,63,188,0,48,141,0,False,False,True,True,False,False,False,True,False,0.6855177879333496,0.1290929317474365,0.2974819339209249,0.0748545747036465,0.0
Cosmos3_seed101_0039,24,1,3,0.1784964948892593,0.0285675009153478,1.0,True,0.7447381615638733,0.1454639136791229,0.9464925527572632,0.6652735471725464,0.9765625,0.98828125,/shared/ssd_30T/zhuoyingyang/physact/sam3_robowm/identity_v1/sam_masked_negative6/crops/Cosmos3_seed101_0039/frame_0024_rank_01.png,/shared/ssd_30T/zhuoyingyang/physact/sam3_robowm/identity_v1/sam_masked_negative6/crops/Cosmos3_seed101_0039/frame_0024_rank_03.png,T00,T03,0,63,188,6,7,24,0,False,True,True,True,False,True,True,False,False,0.6652735471725464,0.1454639136791229,0.3110840623351045,0.055527414742728,0.0
Cosmos3_seed101_0039,24,2,3,0.1532293111085891,0.0,0.0,False,0.1290929317474365,0.1454639136791229,0.6855177879333496,0.6652735471725464,0.96875,0.98828125,/shared/ssd_30T/zhuoyingyang/physact/sam3_robowm/identity_v1/sam_masked_negative6/crops/Cosmos3_seed101_0039/frame_0024_rank_02.png,/shared/ssd_30T/zhuoyingyang/physact/sam3_robowm/identity_v1/sam_masked_negative6/crops/Cosmos3_seed101_0039/frame_0024_rank_03.png,T02,T03,0,48,141,6,7,24,0,False,True,True,True,False,True,True,True,True,0.6652735471725464,0.1290929317474365,0.29305650072728384,0.04490484572233544,0.04490484572233544
Cosmos3_seed101_0039,27,1,2,0.2158025354146957,0.0,0.0,False,0.7480697631835938,0.1231264919042587,0.895391583442688,0.677316427230835,0.9765625,0.96484375,/shared/ssd_30T/zhuoyingyang/physact/sam3_robowm/identity_v1/sam_masked_negative6/crops/Cosmos3_seed101_0039/frame_0027_rank_01.png,/shared/ssd_30T/zhuoyingyang/physact/sam3_robowm/identity_v1/sam_masked_negative6/crops/Cosmos3_seed101_0039/frame_0027_rank_02.png,T00,T02,0,63,188,0,48,141,0,False,False,True,True,False,False,False,True,False,0.677316427230835,0.1231264919042587,0.28878295585795716,0.06232009405869731,0.0
Cosmos3_seed101_0039,27,1,3,0.1655476838350296,0.0288096221954969,1.0,True,0.7480697631835938,0.1485243290662765,0.895391583442688,0.6521373987197876,0.9765625,0.98828125,/shared/ssd_30T/zhuoyingyang/physact/sam3_robowm/identity_v1/sam_masked_negative6/crops/Cosmos3_seed101_0039/frame_0027_rank_01.png,/shared/ssd_30T/zhuoyingyang/physact/sam3_robowm/identity_v1/sam_masked_negative6/crops/Cosmos3_seed101_0039/frame_0027_rank_03.png,T00,T03,0,63,188,6,7,24,0,False,True,True,True,False,True,True,False,False,0.6521373987197876,0.1485243290662765,0.3112206124341434,0.05152185155019185,0.0
Cosmos3_seed101_0039,27,2,3,0.1206039860844612,0.0,0.0,False,0.1231264919042587,0.1485243290662765,0.677316427230835,0.6521373987197876,0.96484375,0.98828125,/shared/ssd_30T/zhuoyingyang/physact/sam3_robowm/identity_v1/sam_masked_negative6/crops/Cosmos3_seed101_0039/frame_0027_rank_02.png,/shared/ssd_30T/zhuoyingyang/physact/sam3_robowm/identity_v1/sam_masked_negative6/crops/Cosmos3_seed101_0039/frame_0027_rank_03.png,T02,T03,0,48,141,6,7,24,0,False,True,True,True,False,True,True,True,True,0.6521373987197876,0.1231264919042587,0.2833644122749649,0.034174877634841394,0.034174877634841394
Cosmos3_seed101_0039,30,1,2,0.278523176908493,0.0,0.0,False,0.7436632513999939,0.107460431754589,0.9271100759506226,0.6877841949462891,0.9765625,0.95703125,/shared/ssd_30T/zhuoyingyang/physact/sam3_robowm/identity_v1/sam_masked_negative6/crops/Cosmos3_seed101_0039/frame_0030_rank_01.png,/shared/ssd_30T/zhuoyingyang/physact/sam3_robowm/identity_v1/sam_masked_negative6/crops/Cosmos3_seed101_0039/frame_0030_rank_02.png,T00,T02,0,63,188,0,48,141,0,False,False,True,True,False,False,False,True,False,0.6877841949462891,0.107460431754589,0.27186317614364514,0.07572019550396127,0.0
Cosmos3_seed101_0039,30,1,3,0.1736039966344833,0.0288168714611918,1.0,True,0.7436632513999939,0.1532364636659622,0.9271100759506226,0.6738176345825195,0.9765625,0.984375,/shared/ssd_30T/zhuoyingyang/physact/sam3_robowm/identity_v1/sam_masked_negative6/crops/Cosmos3_seed101_0039/frame_0030_rank_01.png,/shared/ssd_30T/zhuoyingyang/physact/sam3_robowm/identity_v1/sam_masked_negative6/crops/Cosmos3_seed101_0039/frame_0030_rank_03.png,T00,T03,0,63,188,6,7,24,0,False,True,True,True,False,True,True,False,False,0.6738176345825195,0.1532364636659622,0.321330719787556,0.05578429719655497,0.0
Cosmos3_seed101_0039,30,2,3,0.1351087838411331,0.0,0.0,False,0.107460431754589,0.1532364636659622,0.6877841949462891,0.6738176345825195,0.95703125,0.984375,/shared/ssd_30T/zhuoyingyang/physact/sam3_robowm/identity_v1/sam_masked_negative6/crops/Cosmos3_seed101_0039/frame_0030_rank_02.png,/shared/ssd_30T/zhuoyingyang/physact/sam3_robowm/identity_v1/sam_masked_negative6/crops/Cosmos3_seed101_0039/frame_0030_rank_03.png,T02,T03,0,48,141,6,7,24,0,False,True,True,True,False,True,True,True,True,0.6738176345825195,0.107460431754589,0.26908871016096797,0.03635624837522754,0.03635624837522754
Cosmos3_seed101_0039,33,1,2,0.2812086343765259,0.0,0.0,False,0.7511029839515686,0.1069526746869087,0.9117189049720764,0.6703853607177734,0.9765625,0.95703125,/shared/ssd_30T/zhuoyingyang/physact/sam3_robowm/identity_v1/sam_masked_negative6/crops/Cosmos3_seed101_0039/frame_0033_rank_01.png,/shared/ssd_30T/zhuoyingyang/physact/sam3_robowm/identity_v1/sam_masked_negative6/crops/Cosmos3_seed101_0039/frame_0033_rank_02.png,T00,T02,0,63,188,0,48,141,0,False,False,True,True,False,False,False,True,False,0.6703853607177734,0.1069526746869087,0.2677676369535982,0.0752985715179507,0.0
Cosmos3_seed101_0039,33,1,3,0.185827225446701,0.0,0.0,False,0.7511029839515686,0.1476062834262848,0.9117189049720764,0.6560239791870117,0.9765625,0.94921875,/shared/ssd_30T/zhuoyingyang/physact/sam3_robowm/identity_v1/sam_masked_negative6/crops/Cosmos3_seed101_0039/frame_0033_rank_01.png,/shared/ssd_30T/zhuoyingyang/physact/sam3_robowm/identity_v1/sam_masked_negative6/crops/Cosmos3_seed101_0039/frame_0033_rank_03.png,T00,T04,0,63,188,33,12,42,0,False,True,True,True,False,True,True,True,True,0.6560239791870117,0.1476062834262848,0.3111804322355717,0.05782579633564144,0.05782579633564144
Cosmos3_seed101_0039,33,2,3,0.3796901106834411,0.3222705097732841,1.0,True,0.1069526746869087,0.1476062834262848,0.6703853607177734,0.6560239791870117,0.95703125,0.94921875,/shared/ssd_30T/zhuoyingyang/physact/sam3_robowm/identity_v1/sam_masked_negative6/crops/Cosmos3_seed101_0039/frame_0033_rank_02.png,/shared/ssd_30T/zhuoyingyang/physact/sam3_robowm/identity_v1/sam_masked_negative6/crops/Cosmos3_seed101_0039/frame_0033_rank_03.png,T02,T04,0,48,141,33,12,42,0,False,True,True,True,False,True,True,False,False,0.6560239791870117,0.1069526746869087,0.26488397315201956,0.10057382508435996,0.0
Cosmos3_seed101_0039,36,1,2,0.2685552537441253,0.0,0.0,False,0.7307388186454773,0.1039985790848732,0.9002838730812073,0.6740680932998657,0.9765625,0.92578125,/shared/ssd_30T/zhuoyingyang/physact/sam3_robowm/identity_v1/sam_masked_negative6/crops/Cosmos3_seed101_0039/frame_0036_rank_01.png,/shared/ssd_30T/zhuoyingyang/physact/sam3_robowm/identity_v1/sam_masked_negative6/crops/Cosmos3_seed101_0039/frame_0036_rank_02.png,T00,T04,0,63,188,33,12,42,0,False,True,True,True,False,True,True,True,True,0.6740680932998657,0.1039985790848732,0.2647680568150844,0.07110485268131399,0.07110485268131399
Cosmos3_seed101_0039,36,1,3,0.2626859545707702,0.0,0.0,False,0.7307388186454773,0.1289178431034088,0.9002838730812073,0.6613174676895142,0.9765625,0.9609375,/shared/ssd_30T/zhuoyingyang/physact/sam3_robowm/identity_v1/sam_masked_negative6/crops/Cosmos3_seed101_0039/frame_0036_rank_01.png,/shared/ssd_30T/zhuoyingyang/physact/sam3_robowm/identity_v1/sam_masked_negative6/crops/Cosmos3_seed101_0039/frame_0036_rank_03.png,T00,T02,0,63,188,0,48,141,0,False,False,True,True,False,False,False,True,False,0.6613174676895142,0.1289178431034088,0.29198565297140955,0.07670052997176437,0.0
Cosmos3_seed101_0039,36,2,3,0.2965183854103088,0.0,0.0,False,0.1039985790848732,0.1289178431034088,0.6740680932998657,0.6613174676895142,0.92578125,0.9609375,/shared/ssd_30T/zhuoyingyang/physact/sam3_robowm/identity_v1/sam_masked_negative6/crops/Cosmos3_seed101_0039/frame_0036_rank_02.png,/shared/ssd_30T/zhuoyingyang/physact/sam3_robowm/identity_v1/sam_masked_negative6/crops/Cosmos3_seed101_0039/frame_0036_rank_03.png,T04,T02,33,12,42,0,48,141,0,True,False,True,True,True,False,True,True,True,0.6613174676895142,0.1039985790848732,0.262251934146759,0.0777625200839276,0.0777625200839276
Cosmos3_seed101_0039,39,1,2,0.3078276813030243,0.0,0.0,False,0.7331396341323853,0.1365358531475067,0.9101951122283936,0.6583924293518066,0.9765625,0.9609375,/shared/ssd_30T/zhuoyingyang/physact/sam3_robowm/identity_v1/sam_masked_negative6/crops/Cosmos3_seed101_0039/frame_0039_rank_01.png,/shared/ssd_30T/zhuoyingyang/physact/sam3_robowm/identity_v1/sam_masked_negative6/crops/Cosmos3_seed101_0039/frame_0039_rank_02.png,T00,T02,0,63,188,0,48,141,0,False,False,True,True,False,False,False,True,False,0.6583924293518066,0.1365358531475067,0.29982356819871325,0.09229399379860907,0.0
Cosmos3_seed101_0039,39,1,3,0.2174689471721649,0.0286820319764862,1.0,True,0.7331396341323853,0.14238902926445,0.9101951122283936,0.6467263102531433,0.9765625,0.97265625,/shared/ssd_30T/zhuoyingyang/physact/sam3_robowm/identity_v1/sam_masked_negative6/crops/Cosmos3_seed101_0039/frame_0039_rank_01.png,/shared/ssd_30T/zhuoyingyang/physact/sam3_robowm/identity_v1/sam_masked_negative6/crops/Cosmos3_seed101_0039/frame_0039_rank_03.png,T00,T05,0,63,188,39,2,6,0,False,True,True,False,False,False,False,False,False,0.6467263102531433,0.14238902926445,0.3034579567530313,0.06599268236609805,0.0
Cosmos3_seed101_0039,39,2,3,0.1475515216588974,0.0,0.0,False,0.1365358531475067,0.14238902926445,0.6583924293518066,0.6467263102531433,0.9609375,0.97265625,/shared/ssd_30T/zhuoyingyang/physact/sam3_robowm/identity_v1/sam_masked_negative6/crops/Cosmos3_seed101_0039/frame_0039_rank_02.png,/shared/ssd_30T/zhuoyingyang/physact/sam3_robowm/identity_v1/sam_masked_negative6/crops/Cosmos3_seed101_0039/frame_0039_rank_03.png,T02,T05,0,48,141,39,2,6,0,False,True,True,False,False,False,False,True,False,0.6467263102531433,0.1365358531475067,0.2971553945721868,0.04384573063827622,0.0
Cosmos3_seed101_0039,42,1,2,0.2859216034412384,0.0,0.0,False,0.7307034134864807,0.1298935562372207,0.901849329471588,0.675024151802063,0.9765625,0.9609375,/shared/ssd_30T/zhuoyingyang/physact/sam3_robowm/identity_v1/sam_masked_negative6/crops/Cosmos3_seed101_0039/frame_0042_rank_01.png,/shared/ssd_30T/zhuoyingyang/physact/sam3_robowm/identity_v1/sam_masked_negative6/crops/Cosmos3_seed101_0039/frame_0042_rank_02.png,T00,T02,0,63,188,0,48,141,0,False,False,True,True,False,False,False,True,False,0.675024151802063,0.1298935562372207,0.29611026261104745,0.08466432108115687,0.0
Cosmos3_seed101_0039,42,1,3,0.3121663928031921,0.0,0.0,False,0.7307034134864807,0.1510363817214965,0.901849329471588,0.6407605409622192,0.9765625,0.921875,/shared/ssd_30T/zhuoyingyang/physact/sam3_robowm/identity_v1/sam_masked_negative6/crops/Cosmos3_seed101_0039/frame_0042_rank_01.png,/shared/ssd_30T/zhuoyingyang/physact/sam3_robowm/identity_v1/sam_masked_negative6/crops/Cosmos3_seed101_0039/frame_0042_rank_03.png,T00,T04,0,63,188,33,12,42,0,False,True,True,True,False,True,True,True,True,0.6407605409622192,0.1510363817214965,0.311091873337833,0.09711242793025886,0.09711242793025886
Cosmos3_seed101_0039,42,2,3,0.3420473635196686,0.0190566280954273,0.0883101766456505,False,0.1298935562372207,0.1510363817214965,0.675024151802063,0.6407605409622192,0.9609375,0.921875,/shared/ssd_30T/zhuoyingyang/physact/sam3_robowm/identity_v1/sam_masked_negative6/crops/Cosmos3_seed101_0039/frame_0042_rank_02.png,/shared/ssd_30T/zhuoyingyang/physact/sam3_robowm/identity_v1/sam_masked_negative6/crops/Cosmos3_seed101_0039/frame_0042_rank_03.png,T02,T04,0,48,141,33,12,42,0,False,True,True,True,False,True,True,True,True,0.6407605409622192,0.1298935562372207,0.28849725364735795,0.09867972499274388,0.09867972499274388
Cosmos3_seed101_0039,45,1,2,0.2550356686115265,0.0,0.0,False,0.7342122793197632,0.1378004550933838,0.9059842228889464,0.6858611106872559,0.9765625,0.9609375,/shared/ssd_30T/zhuoyingyang/physact/sam3_robowm/identity_v1/sam_masked_negative6/crops/Cosmos3_seed101_0039/frame_0045_rank_01.png,/shared/ssd_30T/zhuoyingyang/physact/sam3_robowm/identity_v1/sam_masked_negative6/crops/Cosmos3_seed101_0039/frame_0045_rank_02.png,T00,T02,0,63,188,0,48,141,0,False,False,True,True,False,False,False,True,False,0.6858611106872559,0.1378004550933838,0.3074279967464862,0.0784051047001423,0.0
Cosmos3_seed101_0039,45,1,3,0.1841600239276886,0.0282042572498721,1.0,True,0.7342122793197632,0.1318820714950561,0.9059842228889464,0.6350984573364258,0.9765625,0.97265625,/shared/ssd_30T/zhuoyingyang/physact/sam3_robowm/identity_v1/sam_masked_negative6/crops/Cosmos3_seed101_0039/frame_0045_rank_01.png,/shared/ssd_30T/zhuoyingyang/physact/sam3_robowm/identity_v1/sam_masked_negative6/crops/Cosmos3_seed101_0039/frame_0045_rank_03.png,T00,T05,0,63,188,39,2,6,0,False,True,True,False,False,False,False,False,False,0.6350984573364258,0.1318820714950561,0.28940991717085707,0.053297737271095415,0.0
Cosmos3_seed101_0039,45,2,3,0.1579271405935287,0.0,0.0,False,0.1378004550933838,0.1318820714950561,0.6858611106872559,0.6350984573364258,0.9609375,0.97265625,/shared/ssd_30T/zhuoyingyang/physact/sam3_robowm/identity_v1/sam_masked_negative6/crops/Cosmos3_seed101_0039/frame_0045_rank_02.png,/shared/ssd_30T/zhuoyingyang/physact/sam3_robowm/identity_v1/sam_masked_negative6/crops/Cosmos3_seed101_0039/frame_0045_rank_03.png,T02,T05,0,48,141,39,2,6,0,False,True,True,False,False,False,False,True,False,0.6350984573364258,0.1318820714950561,0.28940991717085707,0.045705680678203436,0.0
Cosmos3_seed101_0039,48,1,2,0.2697636783123016,0.0,0.0,False,0.7444495558738708,0.1672107428312301,0.9156721234321594,0.6775023937225342,0.9765625,0.9609375,/shared/ssd_30T/zhuoyingyang/physact/sam3_robowm/identity_v1/sam_masked_negative6/crops/Cosmos3_seed101_0039/frame_0048_rank_01.png,/shared/ssd_30T/zhuoyingyang/physact/sam3_robowm/identity_v1/sam_masked_negative6/crops/Cosmos3_seed101_0039/frame_0048_rank_02.png,T00,T02,0,63,188,0,48,141,0,False,False,True,True,False,False,False,True,False,0.6775023937225342,0.1672107428312301,0.3365793792321233,0.09079689138572866,0.0
Cosmos3_seed101_0039,48,1,3,0.2107628434896469,0.0,0.0,False,0.7444495558738708,0.1059335172176361,0.9156721234321594,0.6622801423072815,0.9765625,0.93359375,/shared/ssd_30T/zhuoyingyang/physact/sam3_robowm/identity_v1/sam_masked_negative6/crops/Cosmos3_seed101_0039/frame_0048_rank_01.png,/shared/ssd_30T/zhuoyingyang/physact/sam3_robowm/identity_v1/sam_masked_negative6/crops/Cosmos3_seed101_0039/frame_0048_rank_03.png,T00,T04,0,63,188,33,12,42,0,False,True,True,True,False,True,True,True,True,0.6622801423072815,0.1059335172176361,0.26487292209285357,0.055825370223701536,0.055825370223701536
Cosmos3_seed101_0039,48,2,3,0.2164766937494278,0.0,0.0,False,0.1672107428312301,0.1059335172176361,0.6775023937225342,0.6622801423072815,0.9609375,0.93359375,/shared/ssd_30T/zhuoyingyang/physact/sam3_robowm/identity_v1/sam_masked_negative6/crops/Cosmos3_seed101_0039/frame_0048_rank_02.png,/shared/ssd_30T/zhuoyingyang/physact/sam3_robowm/identity_v1/sam_masked_negative6/crops/Cosmos3_seed101_0039/frame_0048_rank_03.png,T02,T04,0,48,141,33,12,42,0,False,True,True,True,False,True,True,True,True,0.6622801423072815,0.1059335172176361,0.26487292209285357,0.05733881443841071,0.05733881443841071
Cosmos3_seed101_0039,51,1,2,0.267951637506485,0.0,0.0,False,0.741654634475708,0.1386772841215133,0.893876314163208,0.6914952993392944,0.97265625,0.96484375,/shared/ssd_30T/zhuoyingyang/physact/sam3_robowm/identity_v1/sam_masked_negative6/crops/Cosmos3_seed101_0039/frame_0051_rank_01.png,/shared/ssd_30T/zhuoyingyang/physact/sam3_robowm/identity_v1/sam_masked_negative6/crops/Cosmos3_seed101_0039/frame_0051_rank_02.png,T00,T02,0,63,188,0,48,141,0,False,False,True,True,False,False,False,True,False,0.6914952993392944,0.1386772841215133,0.30966867793686564,0.08297622933765146,0.0
Cosmos3_seed101_0039,51,1,3,0.3108507990837097,0.0,0.0,False,0.741654634475708,0.1021363586187362,0.893876314163208,0.6596770286560059,0.97265625,0.9296875,/shared/ssd_30T/zhuoyingyang/physact/sam3_robowm/identity_v1/sam_masked_negative6/crops/Cosmos3_seed101_0039/frame_0051_rank_01.png,/shared/ssd_30T/zhuoyingyang/physact/sam3_robowm/identity_v1/sam_masked_negative6/crops/Cosmos3_seed101_0039/frame_0051_rank_03.png,T00,T04,0,63,188,33,12,42,0,False,True,True,True,False,True,True,True,True,0.6596770286560059,0.1021363586187362,0.2595708180272816,0.08068779620259268,0.08068779620259268
Cosmos3_seed101_0039,51,2,3,0.3321129977703094,0.0,0.0,False,0.1386772841215133,0.1021363586187362,0.6914952993392944,0.6596770286560059,0.96484375,0.9296875,/shared/ssd_30T/zhuoyingyang/physact/sam3_robowm/identity_v1/sam_masked_negative6/crops/Cosmos3_seed101_0039/frame_0051_rank_02.png,/shared/ssd_30T/zhuoyingyang/physact/sam3_robowm/identity_v1/sam_masked_negative6/crops/Cosmos3_seed101_0039/frame_0051_rank_03.png,T02,T04,0,48,141,33,12,42,0,False,True,True,True,False,True,True,True,True,0.6596770286560059,0.1021363586187362,0.2595708180272816,0.08620684250873197,0.08620684250873197
Cosmos3_seed101_0039,54,1,2,0.2548797130584717,0.0,0.0,False,0.7317063808441162,0.1689972579479217,0.8865703344345093,0.6838365793228149,0.97265625,0.9609375,/shared/ssd_30T/zhuoyingyang/physact/sam3_robowm/identity_v1/sam_masked_negative6/crops/Cosmos3_seed101_0039/frame_0054_rank_01.png,/shared/ssd_30T/zhuoyingyang/physact/sam3_robowm/identity_v1/sam_masked_negative6/crops/Cosmos3_seed101_0039/frame_0054_rank_02.png,T00,T02,0,63,188,0,48,141,0,False,False,True,True,False,False,False,True,False,0.6838365793228149,0.1689972579479217,0.3399507417112694,0.08664654750138295,0.0
Cosmos3_seed101_0039,54,1,3,0.2595265209674835,0.0,0.0,False,0.7317063808441162,0.1177912950515747,0.8865703344345093,0.6617898941040039,0.97265625,0.92578125,/shared/ssd_30T/zhuoyingyang/physact/sam3_robowm/identity_v1/sam_masked_negative6/crops/Cosmos3_seed101_0039/frame_0054_rank_01.png,/shared/ssd_30T/zhuoyingyang/physact/sam3_robowm/identity_v1/sam_masked_negative6/crops/Cosmos3_seed101_0039/frame_0054_rank_03.png,T00,T04,0,63,188,33,12,42,0,False,True,True,True,False,True,True,True,True,0.6617898941040039,0.1177912950515747,0.27920080350628484,0.07246001318531207,0.07246001318531207
Cosmos3_seed101_0039,54,2,3,0.3404901623725891,0.0,0.0,False,0.1689972579479217,0.1177912950515747,0.6838365793228149,0.6617898941040039,0.9609375,0.92578125,/shared/ssd_30T/zhuoyingyang/physact/sam3_robowm/identity_v1/sam_masked_negative6/crops/Cosmos3_seed101_0039/frame_0054_rank_02.png,/shared/ssd_30T/zhuoyingyang/physact/sam3_robowm/identity_v1/sam_masked_negative6/crops/Cosmos3_seed101_0039/frame_0054_rank_03.png,T02,T04,0,48,141,33,12,42,0,False,True,True,True,False,True,True,True,True,0.6617898941040039,0.1177912950515747,0.27920080350628484,0.09506512692041227,0.09506512692041227
Cosmos3_seed101_0039,57,1,2,0.2429681569337844,0.0,0.0,False,0.739791989326477,0.142749473452568,0.8897572159767151,0.6756218671798706,0.9765625,0.96484375,/shared/ssd_30T/zhuoyingyang/physact/sam3_robowm/identity_v1/sam_masked_negative6/crops/Cosmos3_seed101_0039/frame_0057_rank_01.png,/shared/ssd_30T/zhuoyingyang/physact/sam3_robowm/identity_v1/sam_masked_negative6/crops/Cosmos3_seed101_0039/frame_0057_rank_02.png,T00,T02,0,63,188,0,48,141,0,False,False,True,True,False,False,False,True,False,0.6756218671798706,0.142749473452568,0.3105554150115038,0.0754550768111516,0.0
Cosmos3_seed101_0039,57,1,3,0.2297958880662918,0.0,0.0,False,0.739791989326477,0.121930330991745,0.8897572159767151,0.6696100234985352,0.9765625,0.9296875,/shared/ssd_30T/zhuoyingyang/physact/sam3_robowm/identity_v1/sam_masked_negative6/crops/Cosmos3_seed101_0039/frame_0057_rank_01.png,/shared/ssd_30T/zhuoyingyang/physact/sam3_robowm/identity_v1/sam_masked_negative6/crops/Cosmos3_seed101_0039/frame_0057_rank_03.png,T00,T04,0,63,188,33,12,42,0,False,True,True,True,False,True,True,True,True,0.6696100234985352,0.121930330991745,0.28573724258585287,0.06566124341362951,0.06566124341362951
Cosmos3_seed101_0039,57,2,3,0.2869258821010589,0.0,0.0,False,0.142749473452568,0.121930330991745,0.6756218671798706,0.6696100234985352,0.96484375,0.9296875,/shared/ssd_30T/zhuoyingyang/physact/sam3_robowm/identity_v1/sam_masked_negative6/crops/Cosmos3_seed101_0039/frame_0057_rank_02.png,/shared/ssd_30T/zhuoyingyang/physact/sam3_robowm/identity_v1/sam_masked_negative6/crops/Cosmos3_seed101_0039/frame_0057_rank_03.png,T02,T04,0,48,141,33,12,42,0,False,True,True,True,False,True,True,True,True,0.6696100234985352,0.121930330991745,0.28573724258585287,0.08198541037807008,0.08198541037807008
Cosmos3_seed101_0039,60,1,2,0.2404195517301559,0.0,0.0,False,0.7365817427635193,0.1093344166874885,0.9148848056793212,0.6780034303665161,0.97265625,0.9296875,/shared/ssd_30T/zhuoyingyang/physact/sam3_robowm/identity_v1/sam_masked_negative6/crops/Cosmos3_seed101_0039/frame_0060_rank_01.png,/shared/ssd_30T/zhuoyingyang/physact/sam3_robowm/identity_v1/sam_masked_negative6/crops/Cosmos3_seed101_0039/frame_0060_rank_02.png,T00,T04,0,63,188,33,12,42,0,False,True,True,True,False,True,True,True,True,0.6780034303665161,0.1093344166874885,0.2722666148671909,0.06545821749745703,0.06545821749745703
Cosmos3_seed101_0039,60,1,3,0.2115554809570312,0.0,0.0,False,0.7365817427635193,0.1524323225021362,0.9148848056793212,0.675285816192627,0.97265625,0.96484375,/shared/ssd_30T/zhuoyingyang/physact/sam3_robowm/identity_v1/sam_masked_negative6/crops/Cosmos3_seed101_0039/frame_0060_rank_01.png,/shared/ssd_30T/zhuoyingyang/physact/sam3_robowm/identity_v1/sam_masked_negative6/crops/Cosmos3_seed101_0039/frame_0060_rank_03.png,T00,T02,0,63,188,0,48,141,0,False,False,True,True,False,False,False,True,False,0.675285816192627,0.1524323225021362,0.32083544896877086,0.06787449771465336,0.0
Cosmos3_seed101_0039,60,2,3,0.3367559015750885,0.0,0.0,False,0.1093344166874885,0.1524323225021362,0.6780034303665161,0.675285816192627,0.9296875,0.96484375,/shared/ssd_30T/zhuoyingyang/physact/sam3_robowm/identity_v1/sam_masked_negative6/crops/Cosmos3_seed101_0039/frame_0060_rank_02.png,/shared/ssd_30T/zhuoyingyang/physact/sam3_robowm/identity_v1/sam_masked_negative6/crops/Cosmos3_seed101_0039/frame_0060_rank_03.png,T04,T02,33,12,42,0,48,141,0,True,False,True,True,True,False,True,True,True,0.675285816192627,0.1093344166874885,0.271720409264294,0.09150345139814936,0.09150345139814936
Cosmos3_seed101_0039,63,1,2,0.243161991238594,0.0,0.0,False,0.7538808584213257,0.1305550336837768,0.908444344997406,0.6649284362792969,0.97265625,0.96484375,/shared/ssd_30T/zhuoyingyang/physact/sam3_robowm/identity_v1/sam_masked_negative6/crops/Cosmos3_seed101_0039/frame_0063_rank_01.png,/shared/ssd_30T/zhuoyingyang/physact/sam3_robowm/identity_v1/sam_masked_negative6/crops/Cosmos3_seed101_0039/frame_0063_rank_02.png,T00,T02,0,63,188,0,48,141,0,False,False,True,True,False,False,False,True,False,0.6649284362792969,0.1305550336837768,0.29463495107631854,0.07164402139220334,0.0
Cosmos3_seed101_0039,63,1,3,0.2666045427322387,0.0,0.0,False,0.7538808584213257,0.1075246855616569,0.908444344997406,0.6312826871871948,0.97265625,0.92578125,/shared/ssd_30T/zhuoyingyang/physact/sam3_robowm/identity_v1/sam_masked_negative6/crops/Cosmos3_seed101_0039/frame_0063_rank_01.png,/shared/ssd_30T/zhuoyingyang/physact/sam3_robowm/identity_v1/sam_masked_negative6/crops/Cosmos3_seed101_0039/frame_0063_rank_03.png,T00,T04,0,63,188,33,12,42,0,False,True,True,True,False,True,True,True,True,0.6312826871871948,0.1075246855616569,0.2605349735454358,0.06945980748783682,0.06945980748783682
Cosmos3_seed101_0039,63,2,3,0.3508031368255615,0.0241878354018909,0.0993980100489121,False,0.1305550336837768,0.1075246855616569,0.6649284362792969,0.6312826871871948,0.96484375,0.92578125,/shared/ssd_30T/zhuoyingyang/physact/sam3_robowm/identity_v1/sam_masked_negative6/crops/Cosmos3_seed101_0039/frame_0063_rank_02.png,/shared/ssd_30T/zhuoyingyang/physact/sam3_robowm/identity_v1/sam_masked_negative6/crops/Cosmos3_seed101_0039/frame_0063_rank_03.png,T02,T04,0,48,141,33,12,42,0,False,True,True,True,False,True,True,True,True,0.6312826871871948,0.1075246855616569,0.2605349735454358,0.09139648597250358,0.09139648597250358
Cosmos3_seed101_0039,66,1,2,0.2155524939298629,0.0,0.0,False,0.7467746138572693,0.1380659937858581,0.892606258392334,0.6687865257263184,0.97265625,0.9609375,/shared/ssd_30T/zhuoyingyang/physact/sam3_robowm/identity_v1/sam_masked_negative6/crops/Cosmos3_seed101_0039/frame_0066_rank_01.png,/shared/ssd_30T/zhuoyingyang/physact/sam3_robowm/identity_v1/sam_masked_negative6/crops/Cosmos3_seed101_0039/frame_0066_rank_02.png,T00,T02,0,63,188,0,48,141,0,False,False,True,True,False,False,False,True,False,0.6687865257263184,0.1380659937858581,0.3038695053884076,0.06549982971570517,0.0
Cosmos3_seed101_0039,66,1,3,0.1829084455966949,0.0297754730685438,1.0,True,0.7467746138572693,0.1112589016556739,0.892606258392334,0.6271501779556274,0.97265625,0.98046875,/shared/ssd_30T/zhuoyingyang/physact/sam3_robowm/identity_v1/sam_masked_negative6/crops/Cosmos3_seed101_0039/frame_0066_rank_01.png,/shared/ssd_30T/zhuoyingyang/physact/sam3_robowm/identity_v1/sam_masked_negative6/crops/Cosmos3_seed101_0039/frame_0066_rank_03.png,T00,T06,0,63,188,66,1,0,0,False,True,True,False,False,False,False,False,False,0.6271501779556274,0.1112589016556739,0.26415154735966156,0.04831554892951743,0.0
Cosmos3_seed101_0039,66,2,3,0.124290220439434,0.0,0.0,False,0.1380659937858581,0.1112589016556739,0.6687865257263184,0.6271501779556274,0.9609375,0.98046875,/shared/ssd_30T/zhuoyingyang/physact/sam3_robowm/identity_v1/sam_masked_negative6/crops/Cosmos3_seed101_0039/frame_0066_rank_02.png,/shared/ssd_30T/zhuoyingyang/physact/sam3_robowm/identity_v1/sam_masked_negative6/crops/Cosmos3_seed101_0039/frame_0066_rank_03.png,T02,T06,0,48,141,66,1,0,0,False,True,True,False,False,False,False,True,False,0.6271501779556274,0.1112589016556739,0.26415154735966156,0.03283145405074993,0.0
Cosmos3_seed101_0039,69,1,2,0.1990074515342712,0.0,0.0,False,0.7466097474098206,0.1023070961236953,0.8742777705192566,0.6668908596038818,0.9765625,0.9296875,/shared/ssd_30T/zhuoyingyang/physact/sam3_robowm/identity_v1/sam_masked_negative6/crops/Cosmos3_seed101_0039/frame_0069_rank_01.png,/shared/ssd_30T/zhuoyingyang/physact/sam3_robowm/identity_v1/sam_masked_negative6/crops/Cosmos3_seed101_0039/frame_0069_rank_02.png,T00,T04,0,63,188,33,12,42,0,False,True,True,True,False,True,True,True,True,0.6668908596038818,0.1023070961236953,0.2612042635132668,0.05198159481166145,0.05198159481166145
Cosmos3_seed101_0039,69,1,3,0.2180394828319549,0.0,0.0,False,0.7466097474098206,0.1451035737991333,0.8742777705192566,0.6536323428153992,0.9765625,0.9609375,/shared/ssd_30T/zhuoyingyang/physact/sam3_robowm/identity_v1/sam_masked_negative6/crops/Cosmos3_seed101_0039/frame_0069_rank_01.png,/shared/ssd_30T/zhuoyingyang/physact/sam3_robowm/identity_v1/sam_masked_negative6/crops/Cosmos3_seed101_0039/frame_0069_rank_03.png,T00,T02,0,63,188,0,48,141,0,False,False,True,True,False,False,False,True,False,0.6536323428153992,0.1451035737991333,0.3079681621421517,0.0671492188021824,0.0
Cosmos3_seed101_0039,69,2,3,0.2906183302402496,0.0,0.0,False,0.1023070961236953,0.1451035737991333,0.6668908596038818,0.6536323428153992,0.9296875,0.9609375,/shared/ssd_30T/zhuoyingyang/physact/sam3_robowm/identity_v1/sam_masked_negative6/crops/Cosmos3_seed101_0039/frame_0069_rank_02.png,/shared/ssd_30T/zhuoyingyang/physact/sam3_robowm/identity_v1/sam_masked_negative6/crops/Cosmos3_seed101_0039/frame_0069_rank_03.png,T04,T02,33,12,42,0,48,141,0,True,False,True,True,True,False,True,True,True,0.6536323428153992,0.1023070961236953,0.2585947155801356,0.07515236445085126,0.07515236445085126
Cosmos3_seed101_0039,72,1,2,0.2201364636421203,0.0,0.0,False,0.7274662256240845,0.1664145439863205,0.8600293397903442,0.6726686954498291,0.9765625,0.9609375,/shared/ssd_30T/zhuoyingyang/physact/sam3_robowm/identity_v1/sam_masked_negative6/crops/Cosmos3_seed101_0039/frame_0072_rank_01.png,/shared/ssd_30T/zhuoyingyang/physact/sam3_robowm/identity_v1/sam_masked_negative6/crops/Cosmos3_seed101_0039/frame_0072_rank_02.png,T00,T02,0,63,188,0,48,141,0,False,False,True,True,False,False,False,True,False,0.6726686954498291,0.1664145439863205,0.3345771274417252,0.07365262565056038,0.0
Cosmos3_seed101_0039,72,1,3,0.2242020666599273,0.0,0.0,False,0.7274662256240845,0.1111108064651489,0.8600293397903442,0.66683030128479,0.9765625,0.9296875,/shared/ssd_30T/zhuoyingyang/physact/sam3_robowm/identity_v1/sam_masked_negative6/crops/Cosmos3_seed101_0039/frame_0072_rank_01.png,/shared/ssd_30T/zhuoyingyang/physact/sam3_robowm/identity_v1/sam_masked_negative6/crops/Cosmos3_seed101_0039/frame_0072_rank_03.png,T00,T04,0,63,188,33,12,42,0,False,True,True,True,False,True,True,True,True,0.66683030128479,0.1111108064651489,0.27219855354345884,0.061027478246286355,0.061027478246286355
Cosmos3_seed101_0039,72,2,3,0.2691951990127563,0.0,0.0,False,0.1664145439863205,0.1111108064651489,0.6726686954498291,0.66683030128479,0.9609375,0.9296875,/shared/ssd_30T/zhuoyingyang/physact/sam3_robowm/identity_v1/sam_masked_negative6/crops/Cosmos3_seed101_0039/frame_0072_rank_02.png,/shared/ssd_30T/zhuoyingyang/physact/sam3_robowm/identity_v1/sam_masked_negative6/crops/Cosmos3_seed101_0039/frame_0072_rank_03.png,T02,T04,0,48,141,33,12,42,0,False,True,True,True,False,True,True,True,True,0.66683030128479,0.1111108064651489,0.27219855354345884,0.0732745437921158,0.0732745437921158
Cosmos3_seed101_0039,75,1,2,0.1816916167736053,0.0,0.0,False,0.7298973202705383,0.1704698652029037,0.8592575788497925,0.6639997959136963,0.9765625,0.9609375,/shared/ssd_30T/zhuoyingyang/physact/sam3_robowm/identity_v1/sam_masked_negative6/crops/Cosmos3_seed101_0039/frame_0075_rank_01.png,/shared/ssd_30T/zhuoyingyang/physact/sam3_robowm/identity_v1/sam_masked_negative6/crops/Cosmos3_seed101_0039/frame_0075_rank_02.png,T00,T02,0,63,188,0,48,141,0,False,False,True,True,False,False,False,True,False,0.6639997959136963,0.1704698652029037,0.3364401220190056,0.061128349717142164,0.0
Cosmos3_seed101_0039,75,1,3,0.2198746651411056,0.0,0.0,False,0.7298973202705383,0.1286537796258926,0.8592575788497925,0.6524438858032227,0.9765625,0.9296875,/shared/ssd_30T/zhuoyingyang/physact/sam3_robowm/identity_v1/sam_masked_negative6/crops/Cosmos3_seed101_0039/frame_0075_rank_01.png,/shared/ssd_30T/zhuoyingyang/physact/sam3_robowm/identity_v1/sam_masked_negative6/crops/Cosmos3_seed101_0039/frame_0075_rank_03.png,T00,T04,0,63,188,33,12,42,0,False,True,True,True,False,True,True,True,True,0.6524438858032227,0.1286537796258926,0.28972292263883587,0.06370273059891648,0.06370273059891648
Cosmos3_seed101_0039,75,2,3,0.3158651888370514,0.0,0.0,False,0.1704698652029037,0.1286537796258926,0.6639997959136963,0.6524438858032227,0.9609375,0.9296875,/shared/ssd_30T/zhuoyingyang/physact/sam3_robowm/identity_v1/sam_masked_negative6/crops/Cosmos3_seed101_0039/frame_0075_rank_02.png,/shared/ssd_30T/zhuoyingyang/physact/sam3_robowm/identity_v1/sam_masked_negative6/crops/Cosmos3_seed101_0039/frame_0075_rank_03.png,T02,T04,0,48,141,33,12,42,0,False,True,True,True,False,True,True,True,True,0.6524438858032227,0.1286537796258926,0.28972292263883587,0.09151338566973832,0.09151338566973832
Cosmos3_seed101_0039,78,1,2,0.2482271343469619,0.0,0.0,False,0.7367176413536072,0.1493093073368072,0.8514999151229858,0.6658471822738647,0.97265625,0.95703125,/shared/ssd_30T/zhuoyingyang/physact/sam3_robowm/identity_v1/sam_masked_negative6/crops/Cosmos3_seed101_0039/frame_0078_rank_01.png,/shared/ssd_30T/zhuoyingyang/physact/sam3_robowm/identity_v1/sam_masked_negative6/crops/Cosmos3_seed101_0039/frame_0078_rank_02.png,T00,T02,0,63,188,0,48,141,0,False,False,True,True,False,False,False,True,False,0.6658471822738647,0.1493093073368072,0.31530490255857985,0.07826723240766432,0.0
Cosmos3_seed101_0039,78,1,3,0.2186106443405151,0.0291033985967507,1.0,True,0.7367176413536072,0.1278048604726791,0.8514999151229858,0.6325565576553345,0.97265625,0.98046875,/shared/ssd_30T/zhuoyingyang/physact/sam3_robowm/identity_v1/sam_masked_negative6/crops/Cosmos3_seed101_0039/frame_0078_rank_01.png,/shared/ssd_30T/zhuoyingyang/physact/sam3_robowm/identity_v1/sam_masked_negative6/crops/Cosmos3_seed101_0039/frame_0078_rank_03.png,T00,T07,0,63,188,78,15,48,0,False,True,True,True,False,True,True,False,False,0.6325565576553345,0.1278048604726791,0.2843304461224971,0.0621576620324652,0.0
Cosmos3_seed101_0039,78,2,3,0.1208915337920188,0.0,0.0,False,0.1493093073368072,0.1278048604726791,0.6658471822738647,0.6325565576553345,0.95703125,0.98046875,/shared/ssd_30T/zhuoyingyang/physact/sam3_robowm/identity_v1/sam_masked_negative6/crops/Cosmos3_seed101_0039/frame_0078_rank_02.png,/shared/ssd_30T/zhuoyingyang/physact/sam3_robowm/identity_v1/sam_masked_negative6/crops/Cosmos3_seed101_0039/frame_0078_rank_03.png,T02,T07,0,48,141,78,15,48,0,False,True,True,True,False,True,True,True,True,0.6325565576553345,0.1278048604726791,0.2843304461224971,0.034373143735517635,0.034373143735517635
Cosmos3_seed101_0039,81,1,2,0.283338338136673,0.0,0.0,False,0.7474467754364014,0.152307778596878,0.8556544184684753,0.6679929494857788,0.9765625,0.95703125,/shared/ssd_30T/zhuoyingyang/physact/sam3_robowm/identity_v1/sam_masked_negative6/crops/Cosmos3_seed101_0039/frame_0081_rank_01.png,/shared/ssd_30T/zhuoyingyang/physact/sam3_robowm/identity_v1/sam_masked_negative6/crops/Cosmos3_seed101_0039/frame_0081_rank_02.png,T00,T02,0,63,188,0,48,141,0,False,False,True,True,False,False,False,True,False,0.6679929494857788,0.152307778596878,0.3189679016054053,0.09037583515981736,0.0
Cosmos3_seed101_0039,81,1,3,0.1921419352293014,0.0285076374582568,1.0,True,0.7474467754364014,0.1251224726438522,0.8556544184684753,0.6231885552406311,0.9765625,0.98046875,/shared/ssd_30T/zhuoyingyang/physact/sam3_robowm/identity_v1/sam_masked_negative6/crops/Cosmos3_seed101_0039/frame_0081_rank_01.png,/shared/ssd_30T/zhuoyingyang/physact/sam3_robowm/identity_v1/sam_masked_negative6/crops/Cosmos3_seed101_0039/frame_0081_rank_03.png,T00,T07,0,63,188,78,15,48,0,False,True,True,True,False,True,True,False,False,0.6231885552406311,0.1251224726438522,0.27923984843689065,0.05365368487180098,0.0
Cosmos3_seed101_0039,81,2,3,0.1161734461784362,0.0,0.0,False,0.152307778596878,0.1251224726438522,0.6679929494857788,0.6231885552406311,0.95703125,0.98046875,/shared/ssd_30T/zhuoyingyang/physact/sam3_robowm/identity_v1/sam_masked_negative6/crops/Cosmos3_seed101_0039/frame_0081_rank_02.png,/shared/ssd_30T/zhuoyingyang/physact/sam3_robowm/identity_v1/sam_masked_negative6/crops/Cosmos3_seed101_0039/frame_0081_rank_03.png,T02,T07,0,48,141,78,15,48,0,False,True,True,True,False,True,True,True,True,0.6231885552406311,0.1251224726438522,0.27923984843689065,0.0324402555032578,0.0324402555032578
Cosmos3_seed101_0039,84,1,2,0.2432799935340881,0.0,0.0,False,0.7390202283859253,0.1468542516231537,0.8593088388442993,0.6672581434249878,0.9765625,0.9609375,/shared/ssd_30T/zhuoyingyang/physact/sam3_robowm/identity_v1/sam_masked_negative6/crops/Cosmos3_seed101_0039/frame_0084_rank_01.png,/shared/ssd_30T/zhuoyingyang/physact/sam3_robowm/identity_v1/sam_masked_negative6/crops/Cosmos3_seed101_0039/frame_0084_rank_02.png,T00,T02,0,63,188,0,48,141,0,False,False,True,True,False,False,False,True,False,0.6672581434249878,0.1468542516231537,0.3130330578263764,0.07615468028395668,0.0
Cosmos3_seed101_0039,84,1,3,0.1916702985763549,0.0294554873384225,1.0,True,0.7390202283859253,0.1272695660591125,0.8593088388442993,0.6310222148895264,0.9765625,0.98046875,/shared/ssd_30T/zhuoyingyang/physact/sam3_robowm/identity_v1/sam_masked_negative6/crops/Cosmos3_seed101_0039/frame_0084_rank_01.png,/shared/ssd_30T/zhuoyingyang/physact/sam3_robowm/identity_v1/sam_masked_negative6/crops/Cosmos3_seed101_0039/frame_0084_rank_03.png,T00,T07,0,63,188,78,15,48,0,False,True,True,True,False,True,True,False,False,0.6310222148895264,0.1272695660591125,0.2833900553347807,0.05431745651958715,0.0
Cosmos3_seed101_0039,84,2,3,0.1071977242827415,0.0,0.0,False,0.1468542516231537,0.1272695660591125,0.6672581434249878,0.6310222148895264,0.9609375,0.98046875,/shared/ssd_30T/zhuoyingyang/physact/sam3_robowm/identity_v1/sam_masked_negative6/crops/Cosmos3_seed101_0039/frame_0084_rank_02.png,/shared/ssd_30T/zhuoyingyang/physact/sam3_robowm/identity_v1/sam_masked_negative6/crops/Cosmos3_seed101_0039/frame_0084_rank_03.png,T02,T07,0,48,141,78,15,48,0,False,True,True,True,False,True,True,True,True,0.6310222148895264,0.1272695660591125,0.2833900553347807,0.030378769016248676,0.030378769016248676
Cosmos3_seed101_0039,87,1,2,0.2858947217464447,0.0,0.0,False,0.7360924482345581,0.1388889253139495,0.869088888168335,0.665420413017273,0.97265625,0.95703125,/shared/ssd_30T/zhuoyingyang/physact/sam3_robowm/identity_v1/sam_masked_negative6/crops/Cosmos3_seed101_0039/frame_0087_rank_01.png,/shared/ssd_30T/zhuoyingyang/physact/sam3_robowm/identity_v1/sam_masked_negative6/crops/Cosmos3_seed101_0039/frame_0087_rank_02.png,T00,T02,0,63,188,0,48,141,0,False,False,True,True,False,False,False,True,False,0.665420413017273,0.1388889253139495,0.3040057993623369,0.08691365341800081,0.0
Cosmos3_seed101_0039,87,1,3,0.2308911234140396,0.0291107827250297,1.0,True,0.7360924482345581,0.1217321008443832,0.869088888168335,0.6291955709457397,0.97265625,0.98046875,/shared/ssd_30T/zhuoyingyang/physact/sam3_robowm/identity_v1/sam_masked_negative6/crops/Cosmos3_seed101_0039/frame_0087_rank_01.png,/shared/ssd_30T/zhuoyingyang/physact/sam3_robowm/identity_v1/sam_masked_negative6/crops/Cosmos3_seed101_0039/frame_0087_rank_03.png,T00,T07,0,63,188,78,15,48,0,False,True,True,True,False,True,True,False,False,0.6291955709457397,0.1217321008443832,0.2767549433943431,0.06390025979070882,0.0
Cosmos3_seed101_0039,87,2,3,0.1142892763018608,0.0,0.0,False,0.1388889253139495,0.1217321008443832,0.665420413017273,0.6291955709457397,0.95703125,0.98046875,/shared/ssd_30T/zhuoyingyang/physact/sam3_robowm/identity_v1/sam_masked_negative6/crops/Cosmos3_seed101_0039/frame_0087_rank_02.png,/shared/ssd_30T/zhuoyingyang/physact/sam3_robowm/identity_v1/sam_masked_negative6/crops/Cosmos3_seed101_0039/frame_0087_rank_03.png,T02,T07,0,48,141,78,15,48,0,False,True,True,True,False,True,True,True,True,0.6291955709457397,0.1217321008443832,0.2767549433943431,0.03163012219350192,0.03163012219350192
Cosmos3_seed101_0039,90,1,2,0.2772577106952667,0.0,0.0,False,0.7123466730117798,0.1600176244974136,0.8532598614692688,0.6628375053405762,0.9765625,0.9609375,/shared/ssd_30T/zhuoyingyang/physact/sam3_robowm/identity_v1/sam_masked_negative6/crops/Cosmos3_seed101_0039/frame_0090_rank_01.png,/shared/ssd_30T/zhuoyingyang/physact/sam3_robowm/identity_v1/sam_masked_negative6/crops/Cosmos3_seed101_0039/frame_0090_rank_02.png,T00,T02,0,63,188,0,48,141,0,False,False,True,True,False,False,False,True,False,0.6628375053405762,0.1600176244974136,0.3256772682156228,0.09029653381095193,0.0
Cosmos3_seed101_0039,90,1,3,0.2683915197849273,0.0,0.0,False,0.7123466730117798,0.1385456770658493,0.8532598614692688,0.6418452262878418,0.9765625,0.92578125,/shared/ssd_30T/zhuoyingyang/physact/sam3_robowm/identity_v1/sam_masked_negative6/crops/Cosmos3_seed101_0039/frame_0090_rank_01.png,/shared/ssd_30T/zhuoyingyang/physact/sam3_robowm/identity_v1/sam_masked_negative6/crops/Cosmos3_seed101_0039/frame_0090_rank_03.png,T00,T08,0,63,188,90,1,0,0,False,True,True,False,False,False,False,True,False,0.6418452262878418,0.1385456770658493,0.29820275224674286,0.08003508987955146,0.0
Cosmos3_seed101_0039,90,2,3,0.4018934369087219,0.0201419896656381,0.0814448172589353,False,0.1600176244974136,0.1385456770658493,0.6628375053405762,0.6418452262878418,0.9609375,0.92578125,/shared/ssd_30T/zhuoyingyang/physact/sam3_robowm/identity_v1/sam_masked_negative6/crops/Cosmos3_seed101_0039/frame_0090_rank_02.png,/shared/ssd_30T/zhuoyingyang/physact/sam3_robowm/identity_v1/sam_masked_negative6/crops/Cosmos3_seed101_0039/frame_0090_rank_03.png,T02,T08,0,48,141,90,1,0,0,False,True,True,False,False,False,False,True,False,0.6418452262878418,0.1385456770658493,0.29820275224674286,0.11984572899608359,0.0
Cosmos3_seed101_0039,93,1,2,0.3061671853065491,0.0,0.0,False,0.7164164781570435,0.1400310695171356,0.8513748645782471,0.6515661478042603,0.9765625,0.95703125,/shared/ssd_30T/zhuoyingyang/physact/sam3_robowm/identity_v1/sam_masked_negative6/crops/Cosmos3_seed101_0039/frame_0093_rank_01.png,/shared/ssd_30T/zhuoyingyang/physact/sam3_robowm/identity_v1/sam_masked_negative6/crops/Cosmos3_seed101_0039/frame_0093_rank_02.png,T00,T02,0,63,188,0,48,141,0,False,False,True,True,False,False,False,True,False,0.6515661478042603,0.1400310695171356,0.30205877662830893,0.09248048543742897,0.0
Cosmos3_seed101_0039,93,1,3,0.2422861605882644,0.0285008281111949,1.0,True,0.7164164781570435,0.1327669620513916,0.8513748645782471,0.6209216117858887,0.9765625,0.98046875,/shared/ssd_30T/zhuoyingyang/physact/sam3_robowm/identity_v1/sam_masked_negative6/crops/Cosmos3_seed101_0039/frame_0093_rank_01.png,/shared/ssd_30T/zhuoyingyang/physact/sam3_robowm/identity_v1/sam_masked_negative6/crops/Cosmos3_seed101_0039/frame_0093_rank_03.png,T00,T07,0,63,188,78,15,48,0,False,True,True,True,False,True,True,False,False,0.6209216117858887,0.1327669620513916,0.28711996807757206,0.06956519469373998,0.0
Cosmos3_seed101_0039,93,2,3,0.0957539156079292,0.0,0.0,False,0.1400310695171356,0.1327669620513916,0.6515661478042603,0.6209216117858887,0.95703125,0.98046875,/shared/ssd_30T/zhuoyingyang/physact/sam3_robowm/identity_v1/sam_masked_negative6/crops/Cosmos3_seed101_0039/frame_0093_rank_02.png,/shared/ssd_30T/zhuoyingyang/physact/sam3_robowm/identity_v1/sam_masked_negative6/crops/Cosmos3_seed101_0039/frame_0093_rank_03.png,T02,T07,0,48,141,78,15,48,0,False,True,True,True,False,True,True,True,True,0.6209216117858887,0.1327669620513916,0.28711996807757206,0.027492861192651163,0.027492861192651163
Cosmos3_seed101_0039,96,1,2,0.304523229598999,0.0,0.0,False,0.7098939418792725,0.141552984714508,0.8970981240272522,0.6503843069076538,0.9765625,0.953125,/shared/ssd_30T/zhuoyingyang/physact/sam3_robowm/identity_v1/sam_masked_negative6/crops/Cosmos3_seed101_0039/frame_0096_rank_01.png,/shared/ssd_30T/zhuoyingyang/physact/sam3_robowm/identity_v1/sam_masked_negative6/crops/Cosmos3_seed101_0039/frame_0096_rank_02.png,T00,T02,0,63,188,0,48,141,0,False,False,True,True,False,False,False,True,False,0.6503843069076538,0.141552984714508,0.30342023639542404,0.09239851031282627,0.0
Cosmos3_seed101_0039,96,1,3,0.2690476179122925,0.028220944493943,1.0,True,0.7098939418792725,0.1326656937599182,0.8970981240272522,0.6325474977493286,0.9765625,0.984375,/shared/ssd_30T/zhuoyingyang/physact/sam3_robowm/identity_v1/sam_masked_negative6/crops/Cosmos3_seed101_0039/frame_0096_rank_01.png,/shared/ssd_30T/zhuoyingyang/physact/sam3_robowm/identity_v1/sam_masked_negative6/crops/Cosmos3_seed101_0039/frame_0096_rank_03.png,T00,T07,0,63,188,78,15,48,0,False,True,True,True,False,True,True,False,False,0.6325474977493286,0.1326656937599182,0.2896849195678211,0.07793903755483632,0.0
Cosmos3_seed101_0039,96,2,3,0.0975472554564476,0.0,0.0,False,0.141552984714508,0.1326656937599182,0.6503843069076538,0.6325474977493286,0.953125,0.984375,/shared/ssd_30T/zhuoyingyang/physact/sam3_robowm/identity_v1/sam_masked_negative6/crops/Cosmos3_seed101_0039/frame_0096_rank_02.png,/shared/ssd_30T/zhuoyingyang/physact/sam3_robowm/identity_v1/sam_masked_negative6/crops/Cosmos3_seed101_0039/frame_0096_rank_03.png,T02,T07,0,48,141,78,15,48,0,False,True,True,True,False,True,True,True,True,0.6325474977493286,0.1326656937599182,0.2896849195678211,0.028257968850962722,0.028257968850962722
Cosmos3_seed101_0039,99,1,2,0.3003197908401489,0.0,0.0,False,0.7078664898872375,0.1472036093473434,0.8999273777008057,0.6554476022720337,0.9765625,0.95703125,/shared/ssd_30T/zhuoyingyang/physact/sam3_robowm/identity_v1/sam_masked_negative6/crops/Cosmos3_seed101_0039/frame_0099_rank_01.png,/shared/ssd_30T/zhuoyingyang/physact/sam3_robowm/identity_v1/sam_masked_negative6/crops/Cosmos3_seed101_0039/frame_0099_rank_02.png,T00,T02,0,63,188,0,48,141,0,False,False,True,True,False,False,False,True,False,0.6554476022720337,0.1472036093473434,0.3106191442788183,0.09328507644076076,0.0
Cosmos3_seed101_0039,99,1,3,0.2504672110080719,0.0275803816944192,1.0,True,0.7078664898872375,0.1446803212165832,0.8999273777008057,0.627543568611145,0.9765625,0.98046875,/shared/ssd_30T/zhuoyingyang/physact/sam3_robowm/identity_v1/sam_masked_negative6/crops/Cosmos3_seed101_0039/frame_0099_rank_01.png,/shared/ssd_30T/zhuoyingyang/physact/sam3_robowm/identity_v1/sam_masked_negative6/crops/Cosmos3_seed101_0039/frame_0099_rank_03.png,T00,T07,0,63,188,78,15,48,0,False,True,True,True,False,True,True,False,False,0.627543568611145,0.1446803212165832,0.30131910839517195,0.07547055670317762,0.0
Cosmos3_seed101_0039,99,2,3,0.1172110438346862,0.0,0.0,False,0.1472036093473434,0.1446803212165832,0.6554476022720337,0.627543568611145,0.95703125,0.98046875,/shared/ssd_30T/zhuoyingyang/physact/sam3_robowm/identity_v1/sam_masked_negative6/crops/Cosmos3_seed101_0039/frame_0099_rank_02.png,/shared/ssd_30T/zhuoyingyang/physact/sam3_robowm/identity_v1/sam_masked_negative6/crops/Cosmos3_seed101_0039/frame_0099_rank_03.png,T02,T07,0,48,141,78,15,48,0,False,True,True,True,False,True,True,True,True,0.627543568611145,0.1446803212165832,0.30131910839517195,0.03531792722233506,0.03531792722233506
Cosmos3_seed101_0039,102,1,2,0.2768888175487518,0.0,0.0,False,0.7068066596984863,0.1508682966232299,0.8568160533905029,0.6484085321426392,0.9765625,0.95703125,/shared/ssd_30T/zhuoyingyang/physact/sam3_robowm/identity_v1/sam_masked_negative6/crops/Cosmos3_seed101_0039/frame_0102_rank_01.png,/shared/ssd_30T/zhuoyingyang/physact/sam3_robowm/identity_v1/sam_masked_negative6/crops/Cosmos3_seed101_0039/frame_0102_rank_02.png,T00,T02,0,63,188,0,48,141,0,False,False,True,True,False,False,False,True,False,0.6484085321426392,0.1508682966232299,0.31276874965432333,0.08660216925798715,0.0
Cosmos3_seed101_0039,102,1,3,0.2806253135204315,0.0,0.0,False,0.7068066596984863,0.1030844822525978,0.8568160533905029,0.6429198980331421,0.9765625,0.8984375,/shared/ssd_30T/zhuoyingyang/physact/sam3_robowm/identity_v1/sam_masked_negative6/crops/Cosmos3_seed101_0039/frame_0102_rank_01.png,/shared/ssd_30T/zhuoyingyang/physact/sam3_robowm/identity_v1/sam_masked_negative6/crops/Cosmos3_seed101_0039/frame_0102_rank_03.png,T00,T09,0,63,188,102,1,0,0,False,True,True,False,False,False,False,True,False,0.6429198980331421,0.1030844822525978,0.2574394391281946,0.07224402331787366,0.0
Cosmos3_seed101_0039,102,2,3,0.2816668450832367,0.0,0.0,False,0.1508682966232299,0.1030844822525978,0.6484085321426392,0.6429198980331421,0.95703125,0.8984375,/shared/ssd_30T/zhuoyingyang/physact/sam3_robowm/identity_v1/sam_masked_negative6/crops/Cosmos3_seed101_0039/frame_0102_rank_02.png,/shared/ssd_30T/zhuoyingyang/physact/sam3_robowm/identity_v1/sam_masked_negative6/crops/Cosmos3_seed101_0039/frame_0102_rank_03.png,T02,T09,0,48,141,102,1,0,0,False,True,True,False,False,False,False,True,False,0.6429198980331421,0.1030844822525978,0.2574394391281946,0.07251215461923653,0.0
Cosmos3_seed101_0039,105,1,2,0.2968757450580597,0.0,0.0,False,0.7002592086791992,0.1505154073238372,0.8876394033432007,0.6481189727783203,0.97265625,0.95703125,/shared/ssd_30T/zhuoyingyang/physact/sam3_robowm/identity_v1/sam_masked_negative6/crops/Cosmos3_seed101_0039/frame_0105_rank_01.png,/shared/ssd_30T/zhuoyingyang/physact/sam3_robowm/identity_v1/sam_masked_negative6/crops/Cosmos3_seed101_0039/frame_0105_rank_02.png,T00,T02,0,63,188,0,48,141,0,False,False,True,True,False,False,False,True,False,0.6481189727783203,0.1505154073238372,0.3123329812588415,0.09272408651742357,0.0
Cosmos3_seed101_0039,105,1,3,0.2963517308235168,0.0272712680993298,1.0,True,0.7002592086791992,0.1373672932386398,0.8876394033432007,0.6223658323287964,0.97265625,0.984375,/shared/ssd_30T/zhuoyingyang/physact/sam3_robowm/identity_v1/sam_masked_negative6/crops/Cosmos3_seed101_0039/frame_0105_rank_01.png,/shared/ssd_30T/zhuoyingyang/physact/sam3_robowm/identity_v1/sam_masked_negative6/crops/Cosmos3_seed101_0039/frame_0105_rank_03.png,T00,T07,0,63,188,78,15,48,0,False,True,True,True,False,True,True,False,False,0.6223658323287964,0.1373672932386398,0.2923913640845432,0.08665068682430344,0.0
Cosmos3_seed101_0039,105,2,3,0.0981028079986572,0.0,0.0,False,0.1505154073238372,0.1373672932386398,0.6481189727783203,0.6223658323287964,0.95703125,0.984375,/shared/ssd_30T/zhuoyingyang/physact/sam3_robowm/identity_v1/sam_masked_negative6/crops/Cosmos3_seed101_0039/frame_0105_rank_02.png,/shared/ssd_30T/zhuoyingyang/physact/sam3_robowm/identity_v1/sam_masked_negative6/crops/Cosmos3_seed101_0039/frame_0105_rank_03.png,T02,T07,0,48,141,78,15,48,0,False,True,True,True,False,True,True,True,True,0.6223658323287964,0.1373672932386398,0.2923913640845432,0.028684413851251412,0.028684413851251412
Cosmos3_seed101_0039,108,1,2,0.3039033710956573,0.0,0.0,False,0.7151968479156494,0.1522949188947677,0.861764669418335,0.6569616198539734,0.9765625,0.95703125,/shared/ssd_30T/zhuoyingyang/physact/sam3_robowm/identity_v1/sam_masked_negative6/crops/Cosmos3_seed101_0039/frame_0108_rank_01.png,/shared/ssd_30T/zhuoyingyang/physact/sam3_robowm/identity_v1/sam_masked_negative6/crops/Cosmos3_seed101_0039/frame_0108_rank_02.png,T00,T02,0,63,188,0,48,141,0,False,False,True,True,False,False,False,True,False,0.6569616198539734,0.1522949188947677,0.3163098427375223,0.09612762751867023,0.0
Cosmos3_seed101_0039,108,1,3,0.2895390689373016,0.0272844071298039,1.0,True,0.7151968479156494,0.1281161457300186,0.861764669418335,0.6151494979858398,0.9765625,0.984375,/shared/ssd_30T/zhuoyingyang/physact/sam3_robowm/identity_v1/sam_masked_negative6/crops/Cosmos3_seed101_0039/frame_0108_rank_01.png,/shared/ssd_30T/zhuoyingyang/physact/sam3_robowm/identity_v1/sam_masked_negative6/crops/Cosmos3_seed101_0039/frame_0108_rank_03.png,T00,T07,0,63,188,78,15,48,0,False,True,True,True,False,True,True,False,False,0.6151494979858398,0.1281161457300186,0.2807322260263357,0.08128294734436134,0.0
Cosmos3_seed101_0039,108,2,3,0.106359951198101,0.0,0.0,False,0.1522949188947677,0.1281161457300186,0.6569616198539734,0.6151494979858398,0.95703125,0.984375,/shared/ssd_30T/zhuoyingyang/physact/sam3_robowm/identity_v1/sam_masked_negative6/crops/Cosmos3_seed101_0039/frame_0108_rank_02.png,/shared/ssd_30T/zhuoyingyang/physact/sam3_robowm/identity_v1/sam_masked_negative6/crops/Cosmos3_seed101_0039/frame_0108_rank_03.png,T02,T07,0,48,141,78,15,48,0,False,True,True,True,False,True,True,True,True,0.6151494979858398,0.1281161457300186,0.2807322260263357,0.029858665859895325,0.029858665859895325
Cosmos3_seed101_0039,111,1,2,0.2900809347629547,0.0,0.0,False,0.7093226909637451,0.1363040059804916,0.9036034345626832,0.6586627960205078,0.9765625,0.95703125,/shared/ssd_30T/zhuoyingyang/physact/sam3_robowm/identity_v1/sam_masked_negative6/crops/Cosmos3_seed101_0039/frame_0111_rank_01.png,/shared/ssd_30T/zhuoyingyang/physact/sam3_robowm/identity_v1/sam_masked_negative6/crops/Cosmos3_seed101_0039/frame_0111_rank_02.png,T00,T02,0,63,188,0,48,141,0,False,False,True,True,False,False,False,True,False,0.6586627960205078,0.1363040059804916,0.2996304018084724,0.08691706704000139,0.0
Cosmos3_seed101_0039,111,1,3,0.3257920145988464,0.0267695972606242,1.0,True,0.7093226909637451,0.1365342140197754,0.9036034345626832,0.6254266500473022,0.9765625,0.98046875,/shared/ssd_30T/zhuoyingyang/physact/sam3_robowm/identity_v1/sam_masked_negative6/crops/Cosmos3_seed101_0039/frame_0111_rank_01.png,/shared/ssd_30T/zhuoyingyang/physact/sam3_robowm/identity_v1/sam_masked_negative6/crops/Cosmos3_seed101_0039/frame_0111_rank_03.png,T00,T07,0,63,188,78,15,48,0,False,True,True,True,False,True,True,False,False,0.6254266500473022,0.1365342140197754,0.29221932874337647,0.0952027238160272,0.0
Cosmos3_seed101_0039,111,2,3,0.1223522722721099,0.0,0.0,False,0.1363040059804916,0.1365342140197754,0.6586627960205078,0.6254266500473022,0.95703125,0.98046875,/shared/ssd_30T/zhuoyingyang/physact/sam3_robowm/identity_v1/sam_masked_negative6/crops/Cosmos3_seed101_0039/frame_0111_rank_02.png,/shared/ssd_30T/zhuoyingyang/physact/sam3_robowm/identity_v1/sam_masked_negative6/crops/Cosmos3_seed101_0039/frame_0111_rank_03.png,T02,T07,0,48,141,78,15,48,0,False,True,True,True,False,True,True,True,True,0.6254266500473022,0.1363040059804916,0.29197287176792014,0.0357235443026184,0.0357235443026184
Cosmos3_seed101_0039,114,1,2,0.2860755622386932,0.0,0.0,False,0.6968864798545837,0.1397768259048462,0.8442453145980835,0.6589005589485168,0.9765625,0.95703125,/shared/ssd_30T/zhuoyingyang/physact/sam3_robowm/identity_v1/sam_masked_negative6/crops/Cosmos3_seed101_0039/frame_0114_rank_01.png,/shared/ssd_30T/zhuoyingyang/physact/sam3_robowm/identity_v1/sam_masked_negative6/crops/Cosmos3_seed101_0039/frame_0114_rank_02.png,T00,T02,0,63,188,0,48,141,0,False,False,True,True,False,False,False,True,False,0.6589005589485168,0.1397768259048462,0.30347821786209417,0.0868177018020952,0.0
Cosmos3_seed101_0039,114,1,3,0.2756650447845459,0.0267663327685897,1.0,True,0.6968864798545837,0.1496301591396331,0.8442453145980835,0.6169968843460083,0.9765625,0.984375,/shared/ssd_30T/zhuoyingyang/physact/sam3_robowm/identity_v1/sam_masked_negative6/crops/Cosmos3_seed101_0039/frame_0114_rank_01.png,/shared/ssd_30T/zhuoyingyang/physact/sam3_robowm/identity_v1/sam_masked_negative6/crops/Cosmos3_seed101_0039/frame_0114_rank_03.png,T00,T07,0,63,188,78,15,48,0,False,True,True,True,False,True,True,False,False,0.6169968843460083,0.1496301591396331,0.3038442726025143,0.08375924501449987,0.0
Cosmos3_seed101_0039,114,2,3,0.1300632804632187,0.0,0.0,False,0.1397768259048462,0.1496301591396331,0.6589005589485168,0.6169968843460083,0.95703125,0.984375,/shared/ssd_30T/zhuoyingyang/physact/sam3_robowm/identity_v1/sam_masked_negative6/crops/Cosmos3_seed101_0039/frame_0114_rank_02.png,/shared/ssd_30T/zhuoyingyang/physact/sam3_robowm/identity_v1/sam_masked_negative6/crops/Cosmos3_seed101_0039/frame_0114_rank_03.png,T02,T07,0,48,141,78,15,48,0,False,True,True,True,False,True,True,True,True,0.6169968843460083,0.1397768259048462,0.2936696546922486,0.038195638661774514,0.038195638661774514
Cosmos3_seed101_0039,117,1,2,0.2869620025157928,0.0,0.0,False,0.6918120384216309,0.1386209726333618,0.8898508548736572,0.6535289287567139,0.9765625,0.953125,/shared/ssd_30T/zhuoyingyang/physact/sam3_robowm/identity_v1/sam_masked_negative6/crops/Cosmos3_seed101_0039/frame_0117_rank_01.png,/shared/ssd_30T/zhuoyingyang/physact/sam3_robowm/identity_v1/sam_masked_negative6/crops/Cosmos3_seed101_0039/frame_0117_rank_02.png,T00,T02,0,63,188,0,48,141,0,False,False,True,True,False,False,False,True,False,0.6535289287567139,0.1386209726333618,0.30098640459046433,0.08637166139130825,0.0
Cosmos3_seed101_0039,117,1,3,0.2736177742481231,0.0275658910265907,1.0,True,0.6918120384216309,0.1524377912282943,0.8898508548736572,0.6284099221229553,0.9765625,0.984375,/shared/ssd_30T/zhuoyingyang/physact/sam3_robowm/identity_v1/sam_masked_negative6/crops/Cosmos3_seed101_0039/frame_0117_rank_01.png,/shared/ssd_30T/zhuoyingyang/physact/sam3_robowm/identity_v1/sam_masked_negative6/crops/Cosmos3_seed101_0039/frame_0117_rank_03.png,T00,T07,0,63,188,78,15,48,0,False,True,True,True,False,True,True,False,False,0.6284099221229553,0.1524377912282943,0.3095051219517502,0.08468610258683179,0.0
Cosmos3_seed101_0039,117,2,3,0.1270651370286941,0.0,0.0,False,0.1386209726333618,0.1524377912282943,0.6535289287567139,0.6284099221229553,0.953125,0.984375,/shared/ssd_30T/zhuoyingyang/physact/sam3_robowm/identity_v1/sam_masked_negative6/crops/Cosmos3_seed101_0039/frame_0117_rank_02.png,/shared/ssd_30T/zhuoyingyang/physact/sam3_robowm/identity_v1/sam_masked_negative6/crops/Cosmos3_seed101_0039/frame_0117_rank_03.png,T02,T07,0,48,141,78,15,48,0,False,True,True,True,False,True,True,True,True,0.6284099221229553,0.1386209726333618,0.29514537878330266,0.037502687998486176,0.037502687998486176
Cosmos3_seed101_0039,120,1,2,0.2615549564361572,0.0,0.0,False,0.6811148524284363,0.1493629515171051,0.885911226272583,0.6584839820861816,0.9765625,0.95703125,/shared/ssd_30T/zhuoyingyang/physact/sam3_robowm/identity_v1/sam_masked_negative6/crops/Cosmos3_seed101_0039/frame_0120_rank_01.png,/shared/ssd_30T/zhuoyingyang/physact/sam3_robowm/identity_v1/sam_masked_negative6/crops/Cosmos3_seed101_0039/frame_0120_rank_02.png,T00,T02,0,63,188,0,48,141,0,False,False,True,True,False,False,False,True,False,0.6584839820861816,0.1493629515171051,0.3136129957306117,0.0820270334361329,0.0
Cosmos3_seed101_0039,120,1,3,0.2851957678794861,0.0275541084343036,1.0,True,0.6811148524284363,0.1522893160581588,0.885911226272583,0.6305460929870605,0.9765625,0.984375,/shared/ssd_30T/zhuoyingyang/physact/sam3_robowm/identity_v1/sam_masked_negative6/crops/Cosmos3_seed101_0039/frame_0120_rank_01.png,/shared/ssd_30T/zhuoyingyang/physact/sam3_robowm/identity_v1/sam_masked_negative6/crops/Cosmos3_seed101_0039/frame_0120_rank_03.png,T00,T07,0,63,188,78,15,48,0,False,True,True,True,False,True,True,False,False,0.6305460929870605,0.1522893160581588,0.3098797076998487,0.08837638118772904,0.0
Cosmos3_seed101_0039,120,2,3,0.1599078476428985,0.0,0.0,False,0.1493629515171051,0.1522893160581588,0.6584839820861816,0.6305460929870605,0.95703125,0.984375,/shared/ssd_30T/zhuoyingyang/physact/sam3_robowm/identity_v1/sam_masked_negative6/crops/Cosmos3_seed101_0039/frame_0120_rank_02.png,/shared/ssd_30T/zhuoyingyang/physact/sam3_robowm/identity_v1/sam_masked_negative6/crops/Cosmos3_seed101_0039/frame_0120_rank_03.png,T02,T07,0,48,141,78,15,48,0,False,True,True,True,False,True,True,True,True,0.6305460929870605,0.1493629515171051,0.3068879689986663,0.049073794590077296,0.049073794590077296
Cosmos3_seed101_0039,123,1,2,0.2819153070449829,0.0,0.0,False,0.6895523071289062,0.1223639100790023,0.8909128904342651,0.6562820672988892,0.97265625,0.95703125,/shared/ssd_30T/zhuoyingyang/physact/sam3_robowm/identity_v1/sam_masked_negative6/crops/Cosmos3_seed101_0039/frame_0123_rank_01.png,/shared/ssd_30T/zhuoyingyang/physact/sam3_robowm/identity_v1/sam_masked_negative6/crops/Cosmos3_seed101_0039/frame_0123_rank_02.png,T00,T02,0,63,188,0,48,141,0,False,False,True,True,False,False,False,True,False,0.6562820672988892,0.1223639100790023,0.2833817917040949,0.0798896648192173,0.0
Cosmos3_seed101_0039,123,1,3,0.2707211375236511,0.0267055824828161,1.0,True,0.6895523071289062,0.1525463163852691,0.8909128904342651,0.6402001976966858,0.97265625,0.98046875,/shared/ssd_30T/zhuoyingyang/physact/sam3_robowm/identity_v1/sam_masked_negative6/crops/Cosmos3_seed101_0039/frame_0123_rank_01.png,/shared/ssd_30T/zhuoyingyang/physact/sam3_robowm/identity_v1/sam_masked_negative6/crops/Cosmos3_seed101_0039/frame_0123_rank_03.png,T00,T07,0,63,188,78,15,48,0,False,True,True,True,False,True,True,False,False,0.6402001976966858,0.1525463163852691,0.3125062909890783,0.0846020585798604,0.0
Cosmos3_seed101_0039,123,2,3,0.1207795888185501,0.0,0.0,False,0.1223639100790023,0.1525463163852691,0.6562820672988892,0.6402001976966858,0.95703125,0.98046875,/shared/ssd_30T/zhuoyingyang/physact/sam3_robowm/identity_v1/sam_masked_negative6/crops/Cosmos3_seed101_0039/frame_0123_rank_02.png,/shared/ssd_30T/zhuoyingyang/physact/sam3_robowm/identity_v1/sam_masked_negative6/crops/Cosmos3_seed101_0039/frame_0123_rank_03.png,T02,T07,0,48,141,78,15,48,0,False,True,True,True,False,True,True,True,True,0.6402001976966858,0.1223639100790023,0.2798881909325879,0.03380478061600581,0.03380478061600581
Cosmos3_seed101_0039,126,1,2,0.3050431311130523,0.0,0.0,False,0.7020304203033447,0.1252940893173217,0.8656231164932251,0.647416889667511,0.96875,0.95703125,/shared/ssd_30T/zhuoyingyang/physact/sam3_robowm/identity_v1/sam_masked_negative6/crops/Cosmos3_seed101_0039/frame_0126_rank_01.png,/shared/ssd_30T/zhuoyingyang/physact/sam3_robowm/identity_v1/sam_masked_negative6/crops/Cosmos3_seed101_0039/frame_0126_rank_02.png,T00,T02,0,63,188,0,48,141,0,False,False,True,True,False,False,False,True,False,0.647416889667511,0.1252940893173217,0.2848113579187876,0.0868797483961072,0.0
Cosmos3_seed101_0039,126,1,3,0.2500283122062683,0.0287264714972824,1.0,True,0.7020304203033447,0.1405827850103378,0.8656231164932251,0.6353733539581299,0.96875,0.984375,/shared/ssd_30T/zhuoyingyang/physact/sam3_robowm/identity_v1/sam_masked_negative6/crops/Cosmos3_seed101_0039/frame_0126_rank_01.png,/shared/ssd_30T/zhuoyingyang/physact/sam3_robowm/identity_v1/sam_masked_negative6/crops/Cosmos3_seed101_0039/frame_0126_rank_03.png,T00,T07,0,63,188,78,15,48,0,False,True,True,True,False,True,True,False,False,0.6353733539581299,0.1405827850103378,0.2988687933204018,0.07472565996502409,0.0
Cosmos3_seed101_0039,126,2,3,0.1286985874176025,0.0,0.0,False,0.1252940893173217,0.1405827850103378,0.647416889667511,0.6353733539581299,0.95703125,0.984375,/shared/ssd_30T/zhuoyingyang/physact/sam3_robowm/identity_v1/sam_masked_negative6/crops/Cosmos3_seed101_0039/frame_0126_rank_02.png,/shared/ssd_30T/zhuoyingyang/physact/sam3_robowm/identity_v1/sam_masked_negative6/crops/Cosmos3_seed101_0039/frame_0126_rank_03.png,T02,T07,0,48,141,78,15,48,0,False,True,True,True,False,True,True,True,True,0.6353733539581299,0.1252940893173217,0.2821498285675116,0.03631228437675745,0.03631228437675745
Cosmos3_seed101_0039,129,1,2,0.3300000131130218,0.0,0.0,False,0.7245257496833801,0.1260050237178802,0.8294784426689148,0.6552543044090271,0.97265625,0.95703125,/shared/ssd_30T/zhuoyingyang/physact/sam3_robowm/identity_v1/sam_masked_negative6/crops/Cosmos3_seed101_0039/frame_0129_rank_01.png,/shared/ssd_30T/zhuoyingyang/physact/sam3_robowm/identity_v1/sam_masked_negative6/crops/Cosmos3_seed101_0039/frame_0129_rank_02.png,T00,T02,0,63,188,0,48,141,0,False,False,True,True,False,False,False,True,False,0.6552543044090271,0.1260050237178802,0.2873418420075686,0.09482281163041749,0.0
Cosmos3_seed101_0039,129,1,3,0.2706147730350494,0.0,0.0,False,0.7245257496833801,0.1135680451989173,0.8294784426689148,0.6310859322547913,0.97265625,0.93359375,/shared/ssd_30T/zhuoyingyang/physact/sam3_robowm/identity_v1/sam_masked_negative6/crops/Cosmos3_seed101_0039/frame_0129_rank_01.png,/shared/ssd_30T/zhuoyingyang/physact/sam3_robowm/identity_v1/sam_masked_negative6/crops/Cosmos3_seed101_0039/frame_0129_rank_03.png,T00,T10,0,63,188,129,1,0,0,False,True,True,False,False,False,False,True,False,0.6310859322547913,0.1135680451989173,0.26771476552239887,0.07244757050997544,0.0
Cosmos3_seed101_0039,129,2,3,0.2866650521755218,0.0227145050885588,0.088651204388788,False,0.1260050237178802,0.1135680451989173,0.6552543044090271,0.6310859322547913,0.95703125,0.93359375,/shared/ssd_30T/zhuoyingyang/physact/sam3_robowm/identity_v1/sam_masked_negative6/crops/Cosmos3_seed101_0039/frame_0129_rank_02.png,/shared/ssd_30T/zhuoyingyang/physact/sam3_robowm/identity_v1/sam_masked_negative6/crops/Cosmos3_seed101_0039/frame_0129_rank_03.png,T02,T10,0,48,141,129,1,0,0,False,True,True,False,False,False,False,True,False,0.6310859322547913,0.1135680451989173,0.26771476552239887,0.07674446722663605,0.0
Cosmos3_seed101_0039,132,1,2,0.1868525147438049,0.4310026537504229,0.6247726714995501,False,0.1195816919207573,0.46462082862854,0.8105001449584961,0.7891876697540283,0.96484375,0.97265625,/shared/ssd_30T/zhuoyingyang/physact/sam3_robowm/identity_v1/sam_masked_negative6/crops/Cosmos3_seed101_0039/frame_0132_rank_01.png,/shared/ssd_30T/zhuoyingyang/physact/sam3_robowm/identity_v1/sam_masked_negative6/crops/Cosmos3_seed101_0039/frame_0132_rank_02.png,T11,T00,132,20,56,0,63,188,0,True,False,True,True,True,False,True,True,True,0.7891876697540283,0.1195816919207573,0.30720090623594615,0.05740126186176236,0.05740126186176236
Cosmos3_seed101_0039,132,1,3,0.1614750027656555,0.0,0.0,False,0.1195816919207573,0.1208706647157669,0.8105001449584961,0.6581270694732666,0.96484375,0.9609375,/shared/ssd_30T/zhuoyingyang/physact/sam3_robowm/identity_v1/sam_masked_negative6/crops/Cosmos3_seed101_0039/frame_0132_rank_01.png,/shared/ssd_30T/zhuoyingyang/physact/sam3_robowm/identity_v1/sam_masked_negative6/crops/Cosmos3_seed101_0039/frame_0132_rank_03.png,T11,T02,132,20,56,0,48,141,0,True,False,True,True,True,False,True,True,True,0.6581270694732666,0.1195816919207573,0.2805351109334855,0.04529940781384804,0.04529940781384804
Cosmos3_seed101_0039,132,2,3,0.3223586678504944,0.0,0.0,False,0.46462082862854,0.1208706647157669,0.7891876697540283,0.6581270694732666,0.97265625,0.9609375,/shared/ssd_30T/zhuoyingyang/physact/sam3_robowm/identity_v1/sam_masked_negative6/crops/Cosmos3_seed101_0039/frame_0132_rank_02.png,/shared/ssd_30T/zhuoyingyang/physact/sam3_robowm/identity_v1/sam_masked_negative6/crops/Cosmos3_seed101_0039/frame_0132_rank_03.png,T00,T02,0,63,188,0,48,141,0,False,False,True,True,False,False,False,True,False,0.6581270694732666,0.1208706647157669,0.28204300444200603,0.09091900718847613,0.0
Cosmos3_seed101_0039,135,1,2,0.4332292377948761,0.3417404248241849,0.5243465800380835,False,0.2311987727880478,0.5114073753356934,0.8386117219924927,0.7487799525260925,0.96484375,0.96875,/shared/ssd_30T/zhuoyingyang/physact/sam3_robowm/identity_v1/sam_masked_negative6/crops/Cosmos3_seed101_0039/frame_0135_rank_01.png,/shared/ssd_30T/zhuoyingyang/physact/sam3_robowm/identity_v1/sam_masked_negative6/crops/Cosmos3_seed101_0039/frame_0135_rank_02.png,T11,T00,132,20,56,0,63,188,0,True,False,True,True,True,False,True,True,True,0.7487799525260925,0.2311987727880478,0.41607331819323057,0.18025512650763822,0.18025512650763822
Cosmos3_seed101_0039,135,1,3,0.2792615592479706,0.0,0.0,False,0.2311987727880478,0.1578318774700164,0.8386117219924927,0.6738585829734802,0.96484375,0.9609375,/shared/ssd_30T/zhuoyingyang/physact/sam3_robowm/identity_v1/sam_masked_negative6/crops/Cosmos3_seed101_0039/frame_0135_rank_01.png,/shared/ssd_30T/zhuoyingyang/physact/sam3_robowm/identity_v1/sam_masked_negative6/crops/Cosmos3_seed101_0039/frame_0135_rank_03.png,T11,T02,132,20,56,0,48,141,0,True,False,True,True,True,False,True,True,True,0.6738585829734802,0.1578318774700164,0.3261232363693044,0.09107368349548642,0.09107368349548642
Cosmos3_seed101_0039,135,2,3,0.315506249666214,0.0,0.0,False,0.5114073753356934,0.1578318774700164,0.7487799525260925,0.6738585829734802,0.96875,0.9609375,/shared/ssd_30T/zhuoyingyang/physact/sam3_robowm/identity_v1/sam_masked_negative6/crops/Cosmos3_seed101_0039/frame_0135_rank_02.png,/shared/ssd_30T/zhuoyingyang/physact/sam3_robowm/identity_v1/sam_masked_negative6/crops/Cosmos3_seed101_0039/frame_0135_rank_03.png,T00,T02,0,63,188,0,48,141,0,False,False,True,True,False,False,False,True,False,0.6738585829734802,0.1578318774700164,0.3261232363693044,0.10289391923588748,0.0
Cosmos3_seed101_0039,138,1,2,0.4860439896583557,0.1989199484752347,0.3712188513706086,False,0.3104696571826935,0.5546495914459229,0.7877556085586548,0.7530980110168457,0.97265625,0.97265625,/shared/ssd_30T/zhuoyingyang/physact/sam3_robowm/identity_v1/sam_masked_negative6/crops/Cosmos3_seed101_0039/frame_0138_rank_01.png,/shared/ssd_30T/zhuoyingyang/physact/sam3_robowm/identity_v1/sam_masked_negative6/crops/Cosmos3_seed101_0039/frame_0138_rank_02.png,T11,T00,132,20,56,0,63,188,0,True,False,True,True,True,False,True,True,True,0.7530980110168457,0.3104696571826935,0.4835432569123143,0.23502329376205652,0.23502329376205652
Cosmos3_seed101_0039,138,1,3,0.2241093963384628,0.0,0.0,False,0.3104696571826935,0.1954184025526046,0.7877556085586548,0.6796380281448364,0.97265625,0.9375,/shared/ssd_30T/zhuoyingyang/physact/sam3_robowm/identity_v1/sam_masked_negative6/crops/Cosmos3_seed101_0039/frame_0138_rank_01.png,/shared/ssd_30T/zhuoyingyang/physact/sam3_robowm/identity_v1/sam_masked_negative6/crops/Cosmos3_seed101_0039/frame_0138_rank_03.png,T11,T02,132,20,56,0,48,141,0,True,False,True,True,True,False,True,True,True,0.6796380281448364,0.1954184025526046,0.3644362465151704,0.08167358721037006,0.08167358721037006
Cosmos3_seed101_0039,138,2,3,0.2492605596780777,0.0,0.0,False,0.5546495914459229,0.1954184025526046,0.7530980110168457,0.6796380281448364,0.97265625,0.9375,/shared/ssd_30T/zhuoyingyang/physact/sam3_robowm/identity_v1/sam_masked_negative6/crops/Cosmos3_seed101_0039/frame_0138_rank_02.png,/shared/ssd_30T/zhuoyingyang/physact/sam3_robowm/identity_v1/sam_masked_negative6/crops/Cosmos3_seed101_0039/frame_0138_rank_03.png,T00,T02,0,63,188,0,48,141,0,False,False,True,True,False,False,False,True,False,0.6796380281448364,0.1954184025526046,0.3644362465151704,0.09083958277334928,0.0
Cosmos3_seed101_0039,141,1,2,0.5426754355430603,0.1164596958050176,0.2331184101332852,False,0.3755776882171631,0.5429759621620178,0.823451578617096,0.7693438529968262,0.97265625,0.97265625,/shared/ssd_30T/zhuoyingyang/physact/sam3_robowm/identity_v1/sam_masked_negative6/crops/Cosmos3_seed101_0039/frame_0141_rank_01.png,/shared/ssd_30T/zhuoyingyang/physact/sam3_robowm/identity_v1/sam_masked_negative6/crops/Cosmos3_seed101_0039/frame_0141_rank_02.png,T11,T00,132,20,56,0,63,188,0,True,False,True,True,True,False,True,True,True,0.7693438529968262,0.3755776882171631,0.5375391946199206,0.2917093165618313,0.2917093165618313
Cosmos3_seed101_0039,141,1,3,0.1863288283348083,0.0,0.0,False,0.3755776882171631,0.203595295548439,0.823451578617096,0.6768462061882019,0.97265625,0.94921875,/shared/ssd_30T/zhuoyingyang/physact/sam3_robowm/identity_v1/sam_masked_negative6/crops/Cosmos3_seed101_0039/frame_0141_rank_01.png,/shared/ssd_30T/zhuoyingyang/physact/sam3_robowm/identity_v1/sam_masked_negative6/crops/Cosmos3_seed101_0039/frame_0141_rank_03.png,T11,T02,132,20,56,0,48,141,0,True,False,True,True,True,False,True,True,True,0.6768462061882019,0.203595295548439,0.37121786512737587,0.06916858986613283,0.06916858986613283
Cosmos3_seed101_0039,141,2,3,0.2164946794509887,0.0,0.0,False,0.5429759621620178,0.203595295548439,0.7693438529968262,0.6768462061882019,0.97265625,0.94921875,/shared/ssd_30T/zhuoyingyang/physact/sam3_robowm/identity_v1/sam_masked_negative6/crops/Cosmos3_seed101_0039/frame_0141_rank_02.png,/shared/ssd_30T/zhuoyingyang/physact/sam3_robowm/identity_v1/sam_masked_negative6/crops/Cosmos3_seed101_0039/frame_0141_rank_03.png,T00,T02,0,63,188,0,48,141,0,False,False,True,True,False,False,False,True,False,0.6768462061882019,0.203595295548439,0.37121786512737587,0.08036669271723158,0.0
Cosmos3_seed101_0039,144,1,2,0.6057136654853821,0.4513765284039531,0.997415380916023,True,0.1679422259330749,0.3756871819496155,0.8316018581390381,0.8163853883743286,0.9609375,0.97265625,/shared/ssd_30T/zhuoyingyang/physact/sam3_robowm/identity_v1/sam_masked_negative6/crops/Cosmos3_seed101_0039/frame_0144_rank_01.png,/shared/ssd_30T/zhuoyingyang/physact/sam3_robowm/identity_v1/sam_masked_negative6/crops/Cosmos3_seed101_0039/frame_0144_rank_02.png,T12,T11,144,6,18,132,20,56,0,True,True,True,True,True,True,True,False,False,0.8163853883743286,0.1679422259330749,0.37027770570589663,0.22428226637063622,0.0
Cosmos3_seed101_0039,144,1,3,0.5681808590888977,0.3535921013084387,1.0,True,0.1679422259330749,0.5229281187057495,0.8316018581390381,0.7324017286300659,0.9609375,0.96875,/shared/ssd_30T/zhuoyingyang/physact/sam3_robowm/identity_v1/sam_masked_negative6/crops/Cosmos3_seed101_0039/frame_0144_rank_01.png,/shared/ssd_30T/zhuoyingyang/physact/sam3_robowm/identity_v1/sam_masked_negative6/crops/Cosmos3_seed101_0039/frame_0144_rank_03.png,T12,T00,144,6,18,0,63,188,0,True,False,True,True,True,False,True,False,False,0.7324017286300659,0.1679422259330749,0.35071523574456404,0.19926968394091168,0.0
Cosmos3_seed101_0039,144,2,3,0.503678023815155,0.0460389592055622,0.1004083978175059,False,0.3756871819496155,0.5229281187057495,0.8163853883743286,0.7324017286300659,0.97265625,0.96875,/shared/ssd_30T/zhuoyingyang/physact/sam3_robowm/identity_v1/sam_masked_negative6/crops/Cosmos3_seed101_0039/frame_0144_rank_02.png,/shared/ssd_30T/zhuoyingyang/physact/sam3_robowm/identity_v1/sam_masked_negative6/crops/Cosmos3_seed101_0039/frame_0144_rank_03.png,T11,T00,132,20,56,0,63,188,0,True,False,True,True,True,False,True,True,True,0.7324017286300659,0.3756871819496155,0.5245511809957695,0.2642049022338549,0.2642049022338549
Cosmos3_seed101_0039,147,1,2,0.7409871220588684,0.4024101326644963,1.0,True,0.3887543380260467,0.1514614522457122,0.8189164400100708,0.7778526544570923,0.9765625,0.96484375,/shared/ssd_30T/zhuoyingyang/physact/sam3_robowm/identity_v1/sam_masked_negative6/crops/Cosmos3_seed101_0039/frame_0147_rank_01.png,/shared/ssd_30T/zhuoyingyang/physact/sam3_robowm/identity_v1/sam_masked_negative6/crops/Cosmos3_seed101_0039/frame_0147_rank_02.png,T11,T12,132,20,56,144,6,18,0,True,True,True,True,True,True,True,False,False,0.7778526544570923,0.1514614522457122,0.34324144953261887,0.2543374938604896,0.0
Cosmos3_seed101_0039,147,1,3,0.4074817895889282,0.0360234768884744,0.0841382023406404,False,0.3887543380260467,0.5434156060218811,0.8189164400100708,0.7633841037750244,0.9765625,0.97265625,/shared/ssd_30T/zhuoyingyang/physact/sam3_robowm/identity_v1/sam_masked_negative6/crops/Cosmos3_seed101_0039/frame_0147_rank_01.png,/shared/ssd_30T/zhuoyingyang/physact/sam3_robowm/identity_v1/sam_masked_negative6/crops/Cosmos3_seed101_0039/frame_0147_rank_03.png,T11,T00,132,20,56,0,63,188,0,True,False,True,True,True,False,True,True,True,0.7633841037750244,0.3887543380260467,0.5447649786124898,0.22198180839039158,0.22198180839039158
Cosmos3_seed101_0039,147,2,3,0.5827986001968384,0.2834298661434726,1.0,True,0.1514614522457122,0.5434156060218811,0.7778526544570923,0.7633841037750244,0.96484375,0.97265625,/shared/ssd_30T/zhuoyingyang/physact/sam3_robowm/identity_v1/sam_masked_negative6/crops/Cosmos3_seed101_0039/frame_0147_rank_02.png,/shared/ssd_30T/zhuoyingyang/physact/sam3_robowm/identity_v1/sam_masked_negative6/crops/Cosmos3_seed101_0039/frame_0147_rank_03.png,T12,T00,144,6,18,0,63,188,0,True,False,True,True,True,False,True,False,False,0.7633841037750244,0.1514614522457122,0.340034211483281,0.19817146247149187,0.0
Cosmos3_seed101_0039,150,1,2,0.4636731445789337,0.0186192662071537,0.0456220536010314,False,0.4961910545825958,0.5378803014755249,0.753875732421875,0.7231420278549194,0.9765625,0.96875,/shared/ssd_30T/zhuoyingyang/physact/sam3_robowm/identity_v1/sam_masked_negative6/crops/Cosmos3_seed101_0039/frame_0150_rank_01.png,/shared/ssd_30T/zhuoyingyang/physact/sam3_robowm/identity_v1/sam_masked_negative6/crops/Cosmos3_seed101_0039/frame_0150_rank_02.png,T11,T00,132,20,56,0,63,188,0,True,False,True,True,True,False,True,True,True,0.7231420278549194,0.4961910545825958,0.5990130260806766,0.27774625344657017,0.27774625344657017
Cosmos3_seed101_0039,150,1,3,0.2773453593254089,0.0,0.0,False,0.4961910545825958,0.1392498016357422,0.753875732421875,0.6743465662002563,0.9765625,0.92578125,/shared/ssd_30T/zhuoyingyang/physact/sam3_robowm/identity_v1/sam_masked_negative6/crops/Cosmos3_seed101_0039/frame_0150_rank_01.png,/shared/ssd_30T/zhuoyingyang/physact/sam3_robowm/identity_v1/sam_masked_negative6/crops/Cosmos3_seed101_0039/frame_0150_rank_03.png,T11,T12,132,20,56,144,6,18,0,True,True,True,True,True,True,True,True,True,0.6743465662002563,0.1392498016357422,0.30643535301451363,0.0849884230918188,0.0849884230918188
Cosmos3_seed101_0039,150,2,3,0.4146236479282379,0.0,0.0,False,0.5378803014755249,0.1392498016357422,0.7231420278549194,0.6743465662002563,0.96875,0.92578125,/shared/ssd_30T/zhuoyingyang/physact/sam3_robowm/identity_v1/sam_masked_negative6/crops/Cosmos3_seed101_0039/frame_0150_rank_02.png,/shared/ssd_30T/zhuoyingyang/physact/sam3_robowm/identity_v1/sam_masked_negative6/crops/Cosmos3_seed101_0039/frame_0150_rank_03.png,T00,T12,0,63,188,144,6,18,0,False,True,True,True,False,True,True,True,True,0.6743465662002563,0.1392498016357422,0.30643535301451363,0.127055343921055,0.127055343921055
Cosmos3_seed101_0039,153,1,2,0.4372251033782959,0.0,0.0,False,0.4421075582504272,0.5180642008781433,0.79473876953125,0.7154899835586548,0.9765625,0.96875,/shared/ssd_30T/zhuoyingyang/physact/sam3_robowm/identity_v1/sam_masked_negative6/crops/Cosmos3_seed101_0039/frame_0153_rank_01.png,/shared/ssd_30T/zhuoyingyang/physact/sam3_robowm/identity_v1/sam_masked_negative6/crops/Cosmos3_seed101_0039/frame_0153_rank_02.png,T11,T00,132,20,56,0,63,188,0,True,False,True,True,True,False,True,True,True,0.7154899835586548,0.4421075582504272,0.5624264659346635,0.24590696971097287,0.24590696971097287
Cosmos3_seed101_0039,153,1,3,0.1902187168598175,0.0,0.0,False,0.4421075582504272,0.1969460397958755,0.79473876953125,0.662851095199585,0.9765625,0.9453125,/shared/ssd_30T/zhuoyingyang/physact/sam3_robowm/identity_v1/sam_masked_negative6/crops/Cosmos3_seed101_0039/frame_0153_rank_01.png,/shared/ssd_30T/zhuoyingyang/physact/sam3_robowm/identity_v1/sam_masked_negative6/crops/Cosmos3_seed101_0039/frame_0153_rank_03.png,T11,T12,132,20,56,144,6,18,0,True,True,True,True,True,True,True,True,True,0.662851095199585,0.1969460397958755,0.3613113590435777,0.06872818310414616,0.06872818310414616
Cosmos3_seed101_0039,153,2,3,0.1987544894218444,0.0,0.0,False,0.5180642008781433,0.1969460397958755,0.7154899835586548,0.662851095199585,0.96875,0.9453125,/shared/ssd_30T/zhuoyingyang/physact/sam3_robowm/identity_v1/sam_masked_negative6/crops/Cosmos3_seed101_0039/frame_0153_rank_02.png,/shared/ssd_30T/zhuoyingyang/physact/sam3_robowm/identity_v1/sam_masked_negative6/crops/Cosmos3_seed101_0039/frame_0153_rank_03.png,T00,T12,0,63,188,144,6,18,0,False,True,True,True,False,True,True,True,True,0.662851095199585,0.1969460397958755,0.3613113590435777,0.07181225468901899,0.07181225468901899
Cosmos3_seed101_0039,156,1,2,0.4062637388706207,0.0,0.0,False,0.511189341545105,0.4940758645534515,0.7828609943389893,0.7181395888328552,0.9765625,0.96484375,/shared/ssd_30T/zhuoyingyang/physact/sam3_robowm/identity_v1/sam_masked_negative6/crops/Cosmos3_seed101_0039/frame_0156_rank_01.png,/shared/ssd_30T/zhuoyingyang/physact/sam3_robowm/identity_v1/sam_masked_negative6/crops/Cosmos3_seed101_0039/frame_0156_rank_02.png,T11,T00,132,20,56,0,63,188,0,True,False,True,True,True,False,True,True,True,0.7181395888328552,0.4940758645534515,0.5956638634520757,0.24199662827615914,0.24199662827615914
Cosmos3_seed101_0039,156,1,3,0.2551240921020508,0.0,0.0,False,0.511189341545105,0.2049576044082641,0.7828609943389893,0.6787181496620178,0.9765625,0.94140625,/shared/ssd_30T/zhuoyingyang/physact/sam3_robowm/identity_v1/sam_masked_negative6/crops/Cosmos3_seed101_0039/frame_0156_rank_01.png,/shared/ssd_30T/zhuoyingyang/physact/sam3_robowm/identity_v1/sam_masked_negative6/crops/Cosmos3_seed101_0039/frame_0156_rank_03.png,T11,T12,132,20,56,144,6,18,0,True,True,True,True,True,True,True,True,True,0.6787181496620178,0.2049576044082641,0.37297244673452334,0.09515425685222577,0.09515425685222577
Cosmos3_seed101_0039,156,2,3,0.2299644201993942,0.0,0.0,False,0.4940758645534515,0.2049576044082641,0.7181395888328552,0.6787181496620178,0.96484375,0.94140625,/shared/ssd_30T/zhuoyingyang/physact/sam3_robowm/identity_v1/sam_masked_negative6/crops/Cosmos3_seed101_0039/frame_0156_rank_02.png,/shared/ssd_30T/zhuoyingyang/physact/sam3_robowm/identity_v1/sam_masked_negative6/crops/Cosmos3_seed101_0039/frame_0156_rank_03.png,T00,T12,0,63,188,144,6,18,0,False,True,True,True,False,True,True,True,True,0.6787181496620178,0.2049576044082641,0.37297244673452334,0.0857703924636541,0.0857703924636541
Cosmos3_seed101_0039,159,1,2,0.3532050549983978,0.0,0.0,False,0.4834617078304291,0.4736775755882263,0.7983414530754089,0.7131645083427429,0.9765625,0.9609375,/shared/ssd_30T/zhuoyingyang/physact/sam3_robowm/identity_v1/sam_masked_negative6/crops/Cosmos3_seed101_0039/frame_0159_rank_01.png,/shared/ssd_30T/zhuoyingyang/physact/sam3_robowm/identity_v1/sam_masked_negative6/crops/Cosmos3_seed101_0039/frame_0159_rank_02.png,T11,T00,132,20,56,0,63,188,0,True,False,True,True,True,False,True,True,True,0.7131645083427429,0.4736775755882263,0.5812142765859764,0.2052878205274038,0.2052878205274038
Cosmos3_seed101_0039,159,1,3,0.3021808564662933,0.0,0.0,False,0.4834617078304291,0.1242401599884033,0.7983414530754089,0.7098919153213501,0.9765625,0.9453125,/shared/ssd_30T/zhuoyingyang/physact/sam3_robowm/identity_v1/sam_masked_negative6/crops/Cosmos3_seed101_0039/frame_0159_rank_01.png,/shared/ssd_30T/zhuoyingyang/physact/sam3_robowm/identity_v1/sam_masked_negative6/crops/Cosmos3_seed101_0039/frame_0159_rank_03.png,T11,T13,132,20,56,159,10,29,0,True,True,True,True,True,True,True,True,True,0.7098919153213501,0.1242401599884033,0.29697994062562305,0.0897416528115597,0.0897416528115597
Cosmos3_seed101_0039,159,2,3,0.4598510563373565,0.2509740979064787,1.0,True,0.4736775755882263,0.1242401599884033,0.7131645083427429,0.7098919153213501,0.9609375,0.9453125,/shared/ssd_30T/zhuoyingyang/physact/sam3_robowm/identity_v1/sam_masked_negative6/crops/Cosmos3_seed101_0039/frame_0159_rank_02.png,/shared/ssd_30T/zhuoyingyang/physact/sam3_robowm/identity_v1/sam_masked_negative6/crops/Cosmos3_seed101_0039/frame_0159_rank_03.png,T00,T13,0,63,188,159,10,29,0,False,True,True,True,False,True,True,False,False,0.7098919153213501,0.1242401599884033,0.29697994062562305,0.13656653940769817,0.0
Cosmos3_seed101_0039,162,1,2,0.3494207262992859,0.0,0.0,False,0.5203485488891602,0.4079892039299011,0.7785463333129883,0.6598284840583801,0.9765625,0.9609375,/shared/ssd_30T/zhuoyingyang/physact/sam3_robowm/identity_v1/sam_masked_negative6/crops/Cosmos3_seed101_0039/frame_0162_rank_01.png,/shared/ssd_30T/zhuoyingyang/physact/sam3_robowm/identity_v1/sam_masked_negative6/crops/Cosmos3_seed101_0039/frame_0162_rank_02.png,T11,T00,132,20,56,0,63,188,0,True,False,True,True,True,False,True,True,True,0.6598284840583801,0.4079892039299011,0.5188476635210493,0.18129612742621254,0.18129612742621254
Cosmos3_seed101_0039,162,1,3,0.228765532374382,0.0,0.0,False,0.5203485488891602,0.2484710067510604,0.7785463333129883,0.6438697576522827,0.9765625,0.953125,/shared/ssd_30T/zhuoyingyang/physact/sam3_robowm/identity_v1/sam_masked_negative6/crops/Cosmos3_seed101_0039/frame_0162_rank_01.png,/shared/ssd_30T/zhuoyingyang/physact/sam3_robowm/identity_v1/sam_masked_negative6/crops/Cosmos3_seed101_0039/frame_0162_rank_03.png,T11,T12,132,20,56,144,6,18,0,True,True,True,True,True,True,True,True,True,0.6438697576522827,0.2484710067510604,0.3999787080588465,0.09150134208749953,0.09150134208749953
Cosmos3_seed101_0039,162,2,3,0.1368966996669769,0.0,0.0,False,0.4079892039299011,0.2484710067510604,0.6598284840583801,0.6438697576522827,0.9609375,0.953125,/shared/ssd_30T/zhuoyingyang/physact/sam3_robowm/identity_v1/sam_masked_negative6/crops/Cosmos3_seed101_0039/frame_0162_rank_02.png,/shared/ssd_30T/zhuoyingyang/physact/sam3_robowm/identity_v1/sam_masked_negative6/crops/Cosmos3_seed101_0039/frame_0162_rank_03.png,T00,T12,0,63,188,144,6,18,0,False,True,True,True,False,True,True,True,True,0.6438697576522827,0.2484710067510604,0.3999787080588465,0.05475576507031734,0.05475576507031734
Cosmos3_seed101_0039,165,1,2,0.3521013557910919,0.0,0.0,False,0.5080167055130005,0.1569520384073257,0.7533656358718872,0.7167487740516663,0.9765625,0.94921875,/shared/ssd_30T/zhuoyingyang/physact/sam3_robowm/identity_v1/sam_masked_negative6/crops/Cosmos3_seed101_0039/frame_0165_rank_01.png,/shared/ssd_30T/zhuoyingyang/physact/sam3_robowm/identity_v1/sam_masked_negative6/crops/Cosmos3_seed101_0039/frame_0165_rank_02.png,T11,T13,132,20,56,159,10,29,0,True,True,True,True,True,True,True,True,True,0.7167487740516663,0.1569520384073257,0.335403012975973,0.1180958556052573,0.1180958556052573
Cosmos3_seed101_0039,165,1,3,0.3027263879776001,0.0,0.0,False,0.5080167055130005,0.440089464187622,0.7533656358718872,0.6858752965927124,0.9765625,0.97265625,/shared/ssd_30T/zhuoyingyang/physact/sam3_robowm/identity_v1/sam_masked_negative6/crops/Cosmos3_seed101_0039/frame_0165_rank_01.png,/shared/ssd_30T/zhuoyingyang/physact/sam3_robowm/identity_v1/sam_masked_negative6/crops/Cosmos3_seed101_0039/frame_0165_rank_03.png,T11,T00,132,20,56,0,63,188,0,True,False,True,True,True,False,True,True,True,0.6858752965927124,0.440089464187622,0.5494055804021407,0.166319566889877,0.166319566889877
Cosmos3_seed101_0039,165,2,3,0.5110816955566406,0.3378385483073395,1.0,True,0.1569520384073257,0.440089464187622,0.7167487740516663,0.6858752965927124,0.94921875,0.97265625,/shared/ssd_30T/zhuoyingyang/physact/sam3_robowm/identity_v1/sam_masked_negative6/crops/Cosmos3_seed101_0039/frame_0165_rank_02.png,/shared/ssd_30T/zhuoyingyang/physact/sam3_robowm/identity_v1/sam_masked_negative6/crops/Cosmos3_seed101_0039/frame_0165_rank_03.png,T13,T00,159,10,29,0,63,188,0,True,False,True,True,True,False,True,False,False,0.6858752965927124,0.1569520384073257,0.3280998718278556,0.1676858388056969,0.0
Cosmos3_seed101_0039,168,1,2,0.3174509704113006,0.0,0.0,False,0.5118289589881897,0.1880868524312973,0.7745896577835083,0.7182115912437439,0.9765625,0.953125,/shared/ssd_30T/zhuoyingyang/physact/sam3_robowm/identity_v1/sam_masked_negative6/crops/Cosmos3_seed101_0039/frame_0168_rank_01.png,/shared/ssd_30T/zhuoyingyang/physact/sam3_robowm/identity_v1/sam_masked_negative6/crops/Cosmos3_seed101_0039/frame_0168_rank_02.png,T11,T13,132,20,56,159,10,29,0,True,True,True,True,True,True,True,True,True,0.7182115912437439,0.1880868524312973,0.3675406883281214,0.11667614817539954,0.11667614817539954
Cosmos3_seed101_0039,168,1,3,0.3446791470050812,0.0,0.0,False,0.5118289589881897,0.4467374980449676,0.7745896577835083,0.7098060846328735,0.9765625,0.97265625,/shared/ssd_30T/zhuoyingyang/physact/sam3_robowm/identity_v1/sam_masked_negative6/crops/Cosmos3_seed101_0039/frame_0168_rank_01.png,/shared/ssd_30T/zhuoyingyang/physact/sam3_robowm/identity_v1/sam_masked_negative6/crops/Cosmos3_seed101_0039/frame_0168_rank_03.png,T11,T00,132,20,56,0,63,188,0,True,False,True,True,True,False,True,True,True,0.7098060846328735,0.4467374980449676,0.5631136602374199,0.194093536077543,0.194093536077543
Cosmos3_seed101_0039,168,2,3,0.5138618350028992,0.3652716086970879,1.0,True,0.1880868524312973,0.4467374980449676,0.7182115912437439,0.7098060846328735,0.953125,0.97265625,/shared/ssd_30T/zhuoyingyang/physact/sam3_robowm/identity_v1/sam_masked_negative6/crops/Cosmos3_seed101_0039/frame_0168_rank_02.png,/shared/ssd_30T/zhuoyingyang/physact/sam3_robowm/identity_v1/sam_masked_negative6/crops/Cosmos3_seed101_0039/frame_0168_rank_03.png,T13,T00,159,10,29,0,63,188,0,True,False,True,True,True,False,True,False,False,0.7098060846328735,0.1880868524312973,0.36538362346331316,0.18775669923286648,0.0
Cosmos3_seed101_0039,171,1,2,0.2176372706890106,0.0,0.0,False,0.4843127131462097,0.1234521344304084,0.7769699096679688,0.6649483442306519,0.9765625,0.9296875,/shared/ssd_30T/zhuoyingyang/physact/sam3_robowm/identity_v1/sam_masked_negative6/crops/Cosmos3_seed101_0039/frame_0171_rank_01.png,/shared/ssd_30T/zhuoyingyang/physact/sam3_robowm/identity_v1/sam_masked_negative6/crops/Cosmos3_seed101_0039/frame_0171_rank_02.png,T11,T13,132,20,56,159,10,29,0,True,True,True,True,True,True,True,True,True,0.6649483442306519,0.1234521344304084,0.28651229010504925,0.062355752837320935,0.062355752837320935
Cosmos3_seed101_0039,171,1,3,0.2115949988365173,0.0,0.0,False,0.4843127131462097,0.2035606205463409,0.7769699096679688,0.663213312625885,0.9765625,0.95703125,/shared/ssd_30T/zhuoyingyang/physact/sam3_robowm/identity_v1/sam_masked_negative6/crops/Cosmos3_seed101_0039/frame_0171_rank_01.png,/shared/ssd_30T/zhuoyingyang/physact/sam3_robowm/identity_v1/sam_masked_negative6/crops/Cosmos3_seed101_0039/frame_0171_rank_03.png,T11,T14,132,20,56,171,1,0,0,True,True,True,False,True,False,True,True,True,0.663213312625885,0.2035606205463409,0.36742905910218854,0.07774615133323023,0.07774615133323023
Cosmos3_seed101_0039,171,2,3,0.3099748194217682,0.0,0.0,False,0.1234521344304084,0.2035606205463409,0.6649483442306519,0.663213312625885,0.9296875,0.95703125,/shared/ssd_30T/zhuoyingyang/physact/sam3_robowm/identity_v1/sam_masked_negative6/crops/Cosmos3_seed101_0039/frame_0171_rank_02.png,/shared/ssd_30T/zhuoyingyang/physact/sam3_robowm/identity_v1/sam_masked_negative6/crops/Cosmos3_seed101_0039/frame_0171_rank_03.png,T13,T14,159,10,29,171,1,0,0,True,True,True,False,True,False,True,True,True,0.663213312625885,0.1234521344304084,0.2861382515958452,0.08869565286808259,0.08869565286808259
Cosmos3_seed101_0039,174,1,2,0.848254919052124,0.0017607549566576,0.0045133336280206,False,0.626240611076355,0.6054510474205017,0.7748269438743591,0.7734258770942688,0.97265625,0.97265625,/shared/ssd_30T/zhuoyingyang/physact/sam3_robowm/identity_v1/sam_masked_negative6/crops/Cosmos3_seed101_0039/frame_0174_rank_01.png,/shared/ssd_30T/zhuoyingyang/physact/sam3_robowm/identity_v1/sam_masked_negative6/crops/Cosmos3_seed101_0039/frame_0174_rank_02.png,T00,T13,0,63,188,159,10,29,0,False,True,True,True,False,True,True,True,True,0.7734258770942688,0.6054510474205017,0.6843036660641569,0.5804639508643231,0.5804639508643231
Cosmos3_seed101_0039,174,1,3,0.3122690320014953,0.020372976538846,0.065628930737034,False,0.626240611076355,0.3744884133338928,0.7748269438743591,0.745252251625061,0.97265625,0.9765625,/shared/ssd_30T/zhuoyingyang/physact/sam3_robowm/identity_v1/sam_masked_negative6/crops/Cosmos3_seed101_0039/frame_0174_rank_01.png,/shared/ssd_30T/zhuoyingyang/physact/sam3_robowm/identity_v1/sam_masked_negative6/crops/Cosmos3_seed101_0039/frame_0174_rank_03.png,T00,T11,0,63,188,132,20,56,0,False,True,True,True,False,True,True,True,True,0.745252251625061,0.3744884133338928,0.5282881157517934,0.1649680185237064,0.1649680185237064
Cosmos3_seed101_0039,174,2,3,0.3798369169235229,0.0,0.0,False,0.6054510474205017,0.3744884133338928,0.7734258770942688,0.745252251625061,0.97265625,0.9765625,/shared/ssd_30T/zhuoyingyang/physact/sam3_robowm/identity_v1/sam_masked_negative6/crops/Cosmos3_seed101_0039/frame_0174_rank_02.png,/shared/ssd_30T/zhuoyingyang/physact/sam3_robowm/identity_v1/sam_masked_negative6/crops/Cosmos3_seed101_0039/frame_0174_rank_03.png,T13,T11,159,10,29,132,20,56,0,True,True,True,True,True,True,True,True,True,0.745252251625061,0.3744884133338928,0.5282881157517934,0.20066332913449839,0.20066332913449839
Cosmos3_seed101_0039,177,1,2,0.9259004592895508,0.0093633827030188,0.0242331454454865,False,0.620039701461792,0.6447811722755432,0.7686506509780884,0.7642550468444824,0.97265625,0.97265625,/shared/ssd_30T/zhuoyingyang/physact/sam3_robowm/identity_v1/sam_masked_negative6/crops/Cosmos3_seed101_0039/frame_0177_rank_01.png,/shared/ssd_30T/zhuoyingyang/physact/sam3_robowm/identity_v1/sam_masked_negative6/crops/Cosmos3_seed101_0039/frame_0177_rank_02.png,T13,T00,159,10,29,0,63,188,0,True,False,True,True,True,False,True,True,True,0.7642550468444824,0.620039701461792,0.6883810507895469,0.6373723310922651,0.6373723310922651
Cosmos3_seed101_0039,177,1,3,0.3812250196933746,0.0,0.0,False,0.620039701461792,0.3475382030010223,0.7686506509780884,0.7506614327430725,0.97265625,0.9765625,/shared/ssd_30T/zhuoyingyang/physact/sam3_robowm/identity_v1/sam_masked_negative6/crops/Cosmos3_seed101_0039/frame_0177_rank_01.png,/shared/ssd_30T/zhuoyingyang/physact/sam3_robowm/identity_v1/sam_masked_negative6/crops/Cosmos3_seed101_0039/frame_0177_rank_03.png,T13,T11,159,10,29,132,20,56,0,True,True,True,True,True,True,True,True,True,0.7506614327430725,0.3475382030010223,0.5107675845212774,0.19471738246786133,0.19471738246786133
Cosmos3_seed101_0039,177,2,3,0.3456947207450866,0.0268519390026017,0.0846789045558439,False,0.6447811722755432,0.3475382030010223,0.7642550468444824,0.7506614327430725,0.97265625,0.9765625,/shared/ssd_30T/zhuoyingyang/physact/sam3_robowm/identity_v1/sam_masked_negative6/crops/Cosmos3_seed101_0039/frame_0177_rank_02.png,/shared/ssd_30T/zhuoyingyang/physact/sam3_robowm/identity_v1/sam_masked_negative6/crops/Cosmos3_seed101_0039/frame_0177_rank_03.png,T00,T11,0,63,188,132,20,56,0,False,True,True,True,False,True,True,True,True,0.7506614327430725,0.3475382030010223,0.5107675845212774,0.1765696574967254,0.1765696574967254
Cosmos3_seed101_0039,180,1,2,0.8896011114120483,0.0222064433061536,0.0564072344347729,False,0.6219459772109985,0.6368038058280945,0.7691018581390381,0.7604398727416992,0.97265625,0.97265625,/shared/ssd_30T/zhuoyingyang/physact/sam3_robowm/identity_v1/sam_masked_negative6/crops/Cosmos3_seed101_0039/frame_0180_rank_01.png,/shared/ssd_30T/zhuoyingyang/physact/sam3_robowm/identity_v1/sam_masked_negative6/crops/Cosmos3_seed101_0039/frame_0180_rank_02.png,T13,T00,159,10,29,0,63,188,0,True,False,True,True,True,False,True,True,True,0.7604398727416992,0.6219459772109985,0.6877154351638063,0.6117924154569425,0.6117924154569425
Cosmos3_seed101_0039,180,1,3,0.3695142865180969,0.0,0.0,False,0.6219459772109985,0.3227567672729492,0.7691018581390381,0.7314658164978027,0.97265625,0.9765625,/shared/ssd_30T/zhuoyingyang/physact/sam3_robowm/identity_v1/sam_masked_negative6/crops/Cosmos3_seed101_0039/frame_0180_rank_01.png,/shared/ssd_30T/zhuoyingyang/physact/sam3_robowm/identity_v1/sam_masked_negative6/crops/Cosmos3_seed101_0039/frame_0180_rank_03.png,T13,T11,159,10,29,132,20,56,0,True,True,True,True,True,True,True,True,True,0.7314658164978027,0.3227567672729492,0.48588634710547185,0.17954194687956282,0.17954194687956282
Cosmos3_seed101_0039,180,2,3,0.3185625076293945,0.015386871750379,0.0494359090705423,False,0.6368038058280945,0.3227567672729492,0.7604398727416992,0.7314658164978027,0.97265625,0.9765625,/shared/ssd_30T/zhuoyingyang/physact/sam3_robowm/identity_v1/sam_masked_negative6/crops/Cosmos3_seed101_0039/frame_0180_rank_02.png,/shared/ssd_30T/zhuoyingyang/physact/sam3_robowm/identity_v1/sam_masked_negative6/crops/Cosmos3_seed101_0039/frame_0180_rank_03.png,T00,T11,0,63,188,132,20,56,0,False,True,True,True,False,True,True,True,True,0.7314658164978027,0.3227567672729492,0.48588634710547185,0.15478517315680548,0.15478517315680548
Cosmos3_seed101_0039,183,1,2,0.389079600572586,0.0,0.0,False,0.3507257401943207,0.5837661623954773,0.7481127977371216,0.7433516979217529,0.9765625,0.97265625,/shared/ssd_30T/zhuoyingyang/physact/sam3_robowm/identity_v1/sam_masked_negative6/crops/Cosmos3_seed101_0039/frame_0183_rank_01.png,/shared/ssd_30T/zhuoyingyang/physact/sam3_robowm/identity_v1/sam_masked_negative6/crops/Cosmos3_seed101_0039/frame_0183_rank_02.png,T11,T13,132,20,56,159,10,29,0,True,True,True,True,True,True,True,True,True,0.7433516979217529,0.3507257401943207,0.5106002100257224,0.1986641257690866,0.1986641257690866
Cosmos3_seed101_0039,183,1,3,0.335197240114212,0.0131854926404443,0.044163160284878,False,0.3507257401943207,0.6189270615577698,0.7481127977371216,0.7245504260063171,0.9765625,0.97265625,/shared/ssd_30T/zhuoyingyang/physact/sam3_robowm/identity_v1/sam_masked_negative6/crops/Cosmos3_seed101_0039/frame_0183_rank_01.png,/shared/ssd_30T/zhuoyingyang/physact/sam3_robowm/identity_v1/sam_masked_negative6/crops/Cosmos3_seed101_0039/frame_0183_rank_03.png,T11,T00,132,20,56,0,63,188,0,True,False,True,True,True,False,True,True,True,0.7245504260063171,0.3507257401943207,0.5041016608474683,0.1689734854530619,0.1689734854530619
Cosmos3_seed101_0039,183,2,3,0.8764439225196838,0.0148532988597476,0.0370652829719228,False,0.5837661623954773,0.6189270615577698,0.7433516979217529,0.7245504260063171,0.97265625,0.97265625,/shared/ssd_30T/zhuoyingyang/physact/sam3_robowm/identity_v1/sam_masked_negative6/crops/Cosmos3_seed101_0039/frame_0183_rank_02.png,/shared/ssd_30T/zhuoyingyang/physact/sam3_robowm/identity_v1/sam_masked_negative6/crops/Cosmos3_seed101_0039/frame_0183_rank_03.png,T13,T00,159,10,29,0,63,188,0,True,False,True,True,True,False,True,True,True,0.7245504260063171,0.5837661623954773,0.6503599170088175,0.570003996712784,0.570003996712784
Cosmos3_seed101_0039,186,1,2,0.3686123788356781,0.0,0.0,False,0.5928258299827576,0.2834964692592621,0.7635469436645508,0.7567769289016724,0.97265625,0.9765625,/shared/ssd_30T/zhuoyingyang/physact/sam3_robowm/identity_v1/sam_masked_negative6/crops/Cosmos3_seed101_0039/frame_0186_rank_01.png,/shared/ssd_30T/zhuoyingyang/physact/sam3_robowm/identity_v1/sam_masked_negative6/crops/Cosmos3_seed101_0039/frame_0186_rank_02.png,T13,T11,159,10,29,132,20,56,0,True,True,True,True,True,True,True,True,True,0.7567769289016724,0.2834964692592621,0.4631885008940655,0.17073701516389309,0.17073701516389309
Cosmos3_seed101_0039,186,1,3,0.8901856541633606,0.0128188979485961,0.0328192363673371,False,0.5928258299827576,0.6305503249168396,0.7635469436645508,0.7353832721710205,0.97265625,0.97265625,/shared/ssd_30T/zhuoyingyang/physact/sam3_robowm/identity_v1/sam_masked_negative6/crops/Cosmos3_seed101_0039/frame_0186_rank_01.png,/shared/ssd_30T/zhuoyingyang/physact/sam3_robowm/identity_v1/sam_masked_negative6/crops/Cosmos3_seed101_0039/frame_0186_rank_03.png,T13,T00,159,10,29,0,63,188,0,True,False,True,True,True,False,True,True,True,0.7353832721710205,0.5928258299827576,0.6602682778085143,0.5877613488042878,0.5877613488042878
Cosmos3_seed101_0039,186,2,3,0.3473016619682312,0.0174055594367401,0.0573301476143677,False,0.2834964692592621,0.6305503249168396,0.7567769289016724,0.7353832721710205,0.9765625,0.97265625,/shared/ssd_30T/zhuoyingyang/physact/sam3_robowm/identity_v1/sam_masked_negative6/crops/Cosmos3_seed101_0039/frame_0186_rank_02.png,/shared/ssd_30T/zhuoyingyang/physact/sam3_robowm/identity_v1/sam_masked_negative6/crops/Cosmos3_seed101_0039/frame_0186_rank_03.png,T11,T00,132,20,56,0,63,188,0,True,False,True,True,True,False,True,True,True,0.7353832721710205,0.2834964692592621,0.45659452604341116,0.15857603774047352,0.15857603774047352
Cosmos3_seed101_0039,188,1,2,0.3819414377212524,0.0,0.0,False,0.5910513997077942,0.3250085711479187,0.7660213708877563,0.7652304172515869,0.97265625,0.9765625,/shared/ssd_30T/zhuoyingyang/physact/sam3_robowm/identity_v1/sam_masked_negative6/crops/Cosmos3_seed101_0039/frame_0188_rank_01.png,/shared/ssd_30T/zhuoyingyang/physact/sam3_robowm/identity_v1/sam_masked_negative6/crops/Cosmos3_seed101_0039/frame_0188_rank_02.png,T13,T11,159,10,29,132,20,56,0,True,True,True,True,True,True,True,True,True,0.7652304172515869,0.3250085711479187,0.49870476688103144,0.19047601566098316,0.19047601566098316
Cosmos3_seed101_0039,188,1,3,0.9160282611846924,0.0118230884669456,0.0304836942236085,False,0.5910513997077942,0.6246359348297119,0.7660213708877563,0.749008059501648,0.97265625,0.97265625,/shared/ssd_30T/zhuoyingyang/physact/sam3_robowm/identity_v1/sam_masked_negative6/crops/Cosmos3_seed101_0039/frame_0188_rank_01.png,/shared/ssd_30T/zhuoyingyang/physact/sam3_robowm/identity_v1/sam_masked_negative6/crops/Cosmos3_seed101_0039/frame_0188_rank_03.png,T13,T00,159,10,29,0,63,188,0,True,False,True,True,True,False,True,True,True,0.749008059501648,0.5910513997077942,0.6653587468132269,0.6094874159073462,0.6094874159073462
Cosmos3_seed101_0039,188,2,3,0.3373287618160248,0.0172474161919325,0.0569873990708467,False,0.3250085711479187,0.6246359348297119,0.7652304172515869,0.749008059501648,0.9765625,0.97265625,/shared/ssd_30T/zhuoyingyang/physact/sam3_robowm/identity_v1/sam_masked_negative6/crops/Cosmos3_seed101_0039/frame_0188_rank_02.png,/shared/ssd_30T/zhuoyingyang/physact/sam3_robowm/identity_v1/sam_masked_negative6/crops/Cosmos3_seed101_0039/frame_0188_rank_03.png,T11,T00,132,20,56,0,63,188,0,True,False,True,True,True,False,True,True,True,0.749008059501648,0.3250085711479187,0.49339035174687584,0.16643475644674657,0.16643475644674657
Cosmos3_seed101_0049,111,1,2,0.3716127276420593,0.0,0.0,False,0.7252269983291626,0.1076591908931732,0.9143565893173218,0.6826203465461731,0.9765625,0.91796875,/shared/ssd_30T/zhuoyingyang/physact/sam3_robowm/identity_v1/sam_masked_negative6/crops/Cosmos3_seed101_0049/frame_0111_rank_01.png,/shared/ssd_30T/zhuoyingyang/physact/sam3_robowm/identity_v1/sam_masked_negative6/crops/Cosmos3_seed101_0049/frame_0111_rank_02.png,T00,T01,0,64,188,111,5,18,0,False,True,True,True,False,True,True,True,True,0.6826203465461731,0.1076591908931732,0.2710910441094993,0.10074088234086485,0.10074088234086485
Cosmos3_seed101_0049,114,1,2,0.1395935267210006,0.0364739531905299,0.9829952573002552,True,0.7249414920806885,0.1035143062472343,0.9146944284439088,0.6209700107574463,0.9765625,0.96875,/shared/ssd_30T/zhuoyingyang/physact/sam3_robowm/identity_v1/sam_masked_negative6/crops/Cosmos3_seed101_0049/frame_0114_rank_01.png,/shared/ssd_30T/zhuoyingyang/physact/sam3_robowm/identity_v1/sam_masked_negative6/crops/Cosmos3_seed101_0049/frame_0114_rank_02.png,T00,T02,0,64,188,114,7,21,0,False,True,True,True,False,True,True,False,False,0.6209700107574463,0.1035143062472343,0.25353358725008146,0.03539164758646538,0.0
Cosmos3_seed101_0049,117,1,2,0.5015942454338074,0.0,0.0,False,0.6758908629417419,0.1055041402578353,0.93362957239151,0.660864531993866,0.9765625,0.91796875,/shared/ssd_30T/zhuoyingyang/physact/sam3_robowm/identity_v1/sam_masked_negative6/crops/Cosmos3_seed101_0049/frame_0117_rank_01.png,/shared/ssd_30T/zhuoyingyang/physact/sam3_robowm/identity_v1/sam_masked_negative6/crops/Cosmos3_seed101_0049/frame_0117_rank_02.png,T00,T01,0,64,188,111,5,18,0,False,True,True,True,False,True,True,True,True,0.660864531993866,0.1055041402578353,0.26405291945916737,0.13244742489071495,0.13244742489071495
Cosmos3_seed101_0049,117,1,3,0.1451381891965866,0.036476524148417,0.9780836858149002,True,0.6758908629417419,0.129189908504486,0.93362957239151,0.6229407787322998,0.9765625,0.9765625,/shared/ssd_30T/zhuoyingyang/physact/sam3_robowm/identity_v1/sam_masked_negative6/crops/Cosmos3_seed101_0049/frame_0117_rank_01.png,/shared/ssd_30T/zhuoyingyang/physact/sam3_robowm/identity_v1/sam_masked_negative6/crops/Cosmos3_seed101_0049/frame_0117_rank_03.png,T00,T02,0,64,188,114,7,21,0,False,True,True,True,False,True,True,False,False,0.6229407787322998,0.129189908504486,0.2836858512653373,0.041173650753343255,0.0
Cosmos3_seed101_0049,117,2,3,0.0365104079246521,0.0066152065769623,1.0,True,0.1055041402578353,0.129189908504486,0.660864531993866,0.6229407787322998,0.91796875,0.9765625,/shared/ssd_30T/zhuoyingyang/physact/sam3_robowm/identity_v1/sam_masked_negative6/crops/Cosmos3_seed101_0049/frame_0117_rank_02.png,/shared/ssd_30T/zhuoyingyang/physact/sam3_robowm/identity_v1/sam_masked_negative6/crops/Cosmos3_seed101_0049/frame_0117_rank_03.png,T01,T02,111,5,18,114,7,21,0,True,True,True,True,True,True,True,False,False,0.6229407787322998,0.1055041402578353,0.256364645167187,0.009359977772512688,0.0
Cosmos3_seed101_0049,120,1,2,0.1547617316246032,0.0366056043542781,0.9764287040198736,True,0.6599117517471313,0.1377718150615692,0.9322694540023804,0.6082704067230225,0.9765625,0.98046875,/shared/ssd_30T/zhuoyingyang/physact/sam3_robowm/identity_v1/sam_masked_negative6/crops/Cosmos3_seed101_0049/frame_0120_rank_01.png,/shared/ssd_30T/zhuoyingyang/physact/sam3_robowm/identity_v1/sam_masked_negative6/crops/Cosmos3_seed101_0049/frame_0120_rank_02.png,T00,T02,0,64,188,114,7,21,0,False,True,True,True,False,True,True,False,False,0.6082704067230225,0.1377718150615692,0.2894866456029876,0.04480145455571618,0.0
Cosmos3_seed101_0049,120,1,3,0.3647794723510742,0.0,0.0,False,0.6599117517471313,0.1031498983502388,0.9322694540023804,0.5974797010421753,0.9765625,0.9375,/shared/ssd_30T/zhuoyingyang/physact/sam3_robowm/identity_v1/sam_masked_negative6/crops/Cosmos3_seed101_0049/frame_0120_rank_01.png,/shared/ssd_30T/zhuoyingyang/physact/sam3_robowm/identity_v1/sam_masked_negative6/crops/Cosmos3_seed101_0049/frame_0120_rank_03.png,T00,T01,0,64,188,111,5,18,0,False,True,True,True,False,True,True,True,True,0.5974797010421753,0.1031498983502388,0.24825384272722034,0.090557905759162,0.090557905759162
Cosmos3_seed101_0049,120,2,3,0.0980423763394355,0.0528842773126506,1.0,True,0.1377718150615692,0.1031498983502388,0.6082704067230225,0.5974797010421753,0.98046875,0.9375,/shared/ssd_30T/zhuoyingyang/physact/sam3_robowm/identity_v1/sam_masked_negative6/crops/Cosmos3_seed101_0049/frame_0120_rank_02.png,/shared/ssd_30T/zhuoyingyang/physact/sam3_robowm/identity_v1/sam_masked_negative6/crops/Cosmos3_seed101_0049/frame_0120_rank_03.png,T02,T01,114,7,21,111,5,18,0,True,True,True,True,True,True,True,False,False,0.5974797010421753,0.1031498983502388,0.24825384272722034,0.02433939667637317,0.0
Cosmos3_seed101_0049,123,1,2,0.1413446366786956,0.0432090268901176,0.97495119639403,True,0.6956770420074463,0.1153947040438652,0.9287137985229492,0.621855616569519,0.9765625,0.9453125,/shared/ssd_30T/zhuoyingyang/physact/sam3_robowm/identity_v1/sam_masked_negative6/crops/Cosmos3_seed101_0049/frame_0123_rank_01.png,/shared/ssd_30T/zhuoyingyang/physact/sam3_robowm/identity_v1/sam_masked_negative6/crops/Cosmos3_seed101_0049/frame_0123_rank_02.png,T00,T02,0,64,188,114,7,21,0,False,True,True,True,False,True,True,False,False,0.621855616569519,0.1153947040438652,0.2678784142704577,0.037863177139122954,0.0
Cosmos3_seed101_0049,123,1,3,0.3611139357089996,0.0,0.0,False,0.6956770420074463,0.1336133778095245,0.9287137985229492,0.6199710965156555,0.9765625,0.94140625,/shared/ssd_30T/zhuoyingyang/physact/sam3_robowm/identity_v1/sam_masked_negative6/crops/Cosmos3_seed101_0049/frame_0123_rank_01.png,/shared/ssd_30T/zhuoyingyang/physact/sam3_robowm/identity_v1/sam_masked_negative6/crops/Cosmos3_seed101_0049/frame_0123_rank_03.png,T00,T01,0,64,188,111,5,18,0,False,True,True,True,False,True,True,True,True,0.6199710965156555,0.1336133778095245,0.2878131900204219,0.10393335379723671,0.10393335379723671
Cosmos3_seed101_0049,123,2,3,0.1173786371946334,0.0654310115450799,1.0,True,0.1153947040438652,0.1336133778095245,0.621855616569519,0.6199710965156555,0.9453125,0.94140625,/shared/ssd_30T/zhuoyingyang/physact/sam3_robowm/identity_v1/sam_masked_negative6/crops/Cosmos3_seed101_0049/frame_0123_rank_02.png,/shared/ssd_30T/zhuoyingyang/physact/sam3_robowm/identity_v1/sam_masked_negative6/crops/Cosmos3_seed101_0049/frame_0123_rank_03.png,T02,T01,114,7,21,111,5,18,0,True,True,True,True,True,True,True,False,False,0.6199710965156555,0.1153947040438652,0.26747220640316005,0.031395523075044625,0.0
Cosmos3_seed101_0049,126,1,2,0.0954488664865493,0.042797044096623,0.9645015028895012,True,0.7371585965156555,0.1006999686360359,0.8957846164703369,0.6313347816467285,0.97265625,0.953125,/shared/ssd_30T/zhuoyingyang/physact/sam3_robowm/identity_v1/sam_masked_negative6/crops/Cosmos3_seed101_0049/frame_0126_rank_01.png,/shared/ssd_30T/zhuoyingyang/physact/sam3_robowm/identity_v1/sam_masked_negative6/crops/Cosmos3_seed101_0049/frame_0126_rank_02.png,T00,T02,0,64,188,114,7,21,0,False,True,True,True,False,True,True,False,False,0.6313347816467285,0.1006999686360359,0.25214161241386585,0.024066631098994342,0.0
Cosmos3_seed101_0049,129,1,2,0.5057623386383057,0.0,0.0,False,0.6411424875259399,0.1375878304243087,0.7717106342315674,0.6693378686904907,0.97265625,0.9140625,/shared/ssd_30T/zhuoyingyang/physact/sam3_robowm/identity_v1/sam_masked_negative6/crops/Cosmos3_seed101_0049/frame_0129_rank_01.png,/shared/ssd_30T/zhuoyingyang/physact/sam3_robowm/identity_v1/sam_masked_negative6/crops/Cosmos3_seed101_0049/frame_0129_rank_02.png,T00,T03,0,64,188,129,1,0,0,False,True,True,False,False,False,False,True,False,0.6693378686904907,0.1375878304243087,0.3034678651421851,0.1534826171758855,0.0
Cosmos3_seed101_0049,129,1,3,0.4070707261562347,0.0,0.0,False,0.6411424875259399,0.1689613163471222,0.7717106342315674,0.6210812330245972,0.97265625,0.9453125,/shared/ssd_30T/zhuoyingyang/physact/sam3_robowm/identity_v1/sam_masked_negative6/crops/Cosmos3_seed101_0049/frame_0129_rank_01.png,/shared/ssd_30T/zhuoyingyang/physact/sam3_robowm/identity_v1/sam_masked_negative6/crops/Cosmos3_seed101_0049/frame_0129_rank_03.png,T00,T01,0,64,188,111,5,18,0,False,True,True,True,False,True,True,True,True,0.6210812330245972,0.1689613163471222,0.323942437309979,0.13186748318859368,0.13186748318859368
Cosmos3_seed101_0049,129,2,3,0.4760366380214691,0.1164118599730524,0.9994838629438468,True,0.1375878304243087,0.1689613163471222,0.6693378686904907,0.6210812330245972,0.9140625,0.9453125,/shared/ssd_30T/zhuoyingyang/physact/sam3_robowm/identity_v1/sam_masked_negative6/crops/Cosmos3_seed101_0049/frame_0129_rank_02.png,/shared/ssd_30T/zhuoyingyang/physact/sam3_robowm/identity_v1/sam_masked_negative6/crops/Cosmos3_seed101_0049/frame_0129_rank_03.png,T03,T01,129,1,0,111,5,18,0,True,True,False,True,False,True,True,False,False,0.6210812330245972,0.1375878304243087,0.2923238262083829,0.1391568514418108,0.0
Cosmos3_seed101_0049,132,1,2,0.1508021652698516,0.0313678634128472,0.9185412908477332,True,0.7495921850204468,0.1020255461335182,0.8735144734382629,0.6395318508148193,0.97265625,0.98046875,/shared/ssd_30T/zhuoyingyang/physact/sam3_robowm/identity_v1/sam_masked_negative6/crops/Cosmos3_seed101_0049/frame_0132_rank_01.png,/shared/ssd_30T/zhuoyingyang/physact/sam3_robowm/identity_v1/sam_masked_negative6/crops/Cosmos3_seed101_0049/frame_0132_rank_02.png,T00,T02,0,64,188,114,7,21,0,False,True,True,True,False,True,True,False,False,0.6395318508148193,0.1020255461335182,0.2554380283927231,0.038520607773884476,0.0
Cosmos3_seed101_0049,135,1,2,0.1928348392248153,0.0411987548513883,1.0,True,0.606795608997345,0.1946253478527069,0.8692666292190552,0.6375147104263306,0.97265625,0.96875,/shared/ssd_30T/zhuoyingyang/physact/sam3_robowm/identity_v1/sam_masked_negative6/crops/Cosmos3_seed101_0049/frame_0135_rank_01.png,/shared/ssd_30T/zhuoyingyang/physact/sam3_robowm/identity_v1/sam_masked_negative6/crops/Cosmos3_seed101_0049/frame_0135_rank_02.png,T00,T02,0,64,188,114,7,21,0,False,True,True,True,False,True,True,False,False,0.6375147104263306,0.1946253478527069,0.3522449748086441,0.067925103084974,0.0
Cosmos3_seed101_0049,147,1,2,0.5791043639183044,0.0,0.0,False,0.1458035558462143,0.1285769790410995,0.8662733435630798,0.8418653011322021,0.953125,0.95703125,/shared/ssd_30T/zhuoyingyang/physact/sam3_robowm/identity_v1/sam_masked_negative6/crops/Cosmos3_seed101_0049/frame_0147_rank_01.png,/shared/ssd_30T/zhuoyingyang/physact/sam3_robowm/identity_v1/sam_masked_negative6/crops/Cosmos3_seed101_0049/frame_0147_rank_02.png,T04,T05,147,1,0,147,1,0,0,True,True,False,False,False,False,False,True,False,0.8418653011322021,0.1285769790410995,0.32900531481893125,0.1905284135639587,0.0
Cosmos3_seed101_0049,147,1,3,0.6919068694114685,0.2468705298611238,1.0,True,0.1458035558462143,0.7563353180885315,0.8662733435630798,0.8263088464736938,0.953125,0.9765625,/shared/ssd_30T/zhuoyingyang/physact/sam3_robowm/identity_v1/sam_masked_negative6/crops/Cosmos3_seed101_0049/frame_0147_rank_01.png,/shared/ssd_30T/zhuoyingyang/physact/sam3_robowm/identity_v1/sam_masked_negative6/crops/Cosmos3_seed101_0049/frame_0147_rank_03.png,T04,T00,147,1,0,0,64,188,0,True,False,False,True,False,False,False,False,False,0.8263088464736938,0.1458035558462143,0.34710051576315487,0.24016123123279057,0.0
Cosmos3_seed101_0049,147,2,3,0.6893631219863892,0.2894784012900515,1.0,True,0.1285769790410995,0.7563353180885315,0.8418653011322021,0.8263088464736938,0.95703125,0.9765625,/shared/ssd_30T/zhuoyingyang/physact/sam3_robowm/identity_v1/sam_masked_negative6/crops/Cosmos3_seed101_0049/frame_0147_rank_02.png,/shared/ssd_30T/zhuoyingyang/physact/sam3_robowm/identity_v1/sam_masked_negative6/crops/Cosmos3_seed101_0049/frame_0147_rank_03.png,T05,T00,147,1,0,0,64,188,0,True,False,False,True,False,False,False,False,False,0.8263088464736938,0.1285769790410995,0.3259513694318882,0.22469885364730532,0.0
Cosmos3_seed101_0049,156,1,2,0.1435075253248214,0.0178649544087374,0.597947108011921,False,0.7434053421020508,0.1007272377610206,0.8513317108154297,0.5867058038711548,0.9765625,0.984375,/shared/ssd_30T/zhuoyingyang/physact/sam3_robowm/identity_v1/sam_masked_negative6/crops/Cosmos3_seed101_0049/frame_0156_rank_01.png,/shared/ssd_30T/zhuoyingyang/physact/sam3_robowm/identity_v1/sam_masked_negative6/crops/Cosmos3_seed101_0049/frame_0156_rank_02.png,T00,T06,0,64,188,156,3,9,0,False,True,True,True,False,True,True,True,True,0.5867058038711548,0.1007272377610206,0.2430992698514344,0.034886574624650314,0.034886574624650314
Cosmos3_seed101_0049,159,1,2,0.187015950679779,0.0200315090326306,0.7394578814418176,False,0.7182645797729492,0.103495568037033,0.8514865636825562,0.6167862415313721,0.97265625,0.98046875,/shared/ssd_30T/zhuoyingyang/physact/sam3_robowm/identity_v1/sam_masked_negative6/crops/Cosmos3_seed101_0049/frame_0159_rank_01.png,/shared/ssd_30T/zhuoyingyang/physact/sam3_robowm/identity_v1/sam_masked_negative6/crops/Cosmos3_seed101_0049/frame_0159_rank_02.png,T00,T06,0,64,188,156,3,9,0,False,True,True,True,False,True,True,True,True,0.6167862415313721,0.103495568037033,0.25265518483640104,0.04725054958635482,0.04725054958635482
Cosmos3_seed101_0049,165,1,2,0.4940614104270935,0.0,0.0,False,0.6531251668930054,0.1243727579712867,0.8499335050582886,0.6477257609367371,0.9609375,0.9140625,/shared/ssd_30T/zhuoyingyang/physact/sam3_robowm/identity_v1/sam_masked_negative6/crops/Cosmos3_seed101_0049/frame_0165_rank_01.png,/shared/ssd_30T/zhuoyingyang/physact/sam3_robowm/identity_v1/sam_masked_negative6/crops/Cosmos3_seed101_0049/frame_0165_rank_02.png,T00,T07,0,64,188,165,4,12,0,False,True,True,True,False,True,True,True,True,0.6477257609367371,0.1243727579712867,0.28382994785038507,0.14022942435640964,0.14022942435640964
Cosmos3_seed101_0049,165,1,3,0.1321835964918136,0.0170456104179436,0.5503778641747376,False,0.6531251668930054,0.131158173084259,0.8499335050582886,0.5897045731544495,0.9609375,0.98046875,/shared/ssd_30T/zhuoyingyang/physact/sam3_robowm/identity_v1/sam_masked_negative6/crops/Cosmos3_seed101_0049/frame_0165_rank_01.png,/shared/ssd_30T/zhuoyingyang/physact/sam3_robowm/identity_v1/sam_masked_negative6/crops/Cosmos3_seed101_0049/frame_0165_rank_03.png,T00,T06,0,64,188,156,3,9,0,False,True,True,True,False,True,True,True,True,0.5897045731544495,0.131158173084259,0.2781089255568227,0.03676143799657488,0.03676143799657488
Cosmos3_seed101_0049,165,2,3,0.0678814128041267,0.0051064005213314,1.0,True,0.1243727579712867,0.131158173084259,0.6477257609367371,0.5897045731544495,0.9140625,0.98046875,/shared/ssd_30T/zhuoyingyang/physact/sam3_robowm/identity_v1/sam_masked_negative6/crops/Cosmos3_seed101_0049/frame_0165_rank_02.png,/shared/ssd_30T/zhuoyingyang/physact/sam3_robowm/identity_v1/sam_masked_negative6/crops/Cosmos3_seed101_0049/frame_0165_rank_03.png,T07,T06,165,4,12,156,3,9,0,True,True,True,True,True,True,True,False,False,0.5897045731544495,0.1243727579712867,0.27081946782219934,0.018383608090632622,0.0
Cosmos3_seed101_0049,168,1,2,0.6597546935081482,0.3087856981228312,1.0,True,0.6045081615447998,0.1242469176650047,0.8264739513397217,0.7208046317100525,0.97265625,0.94921875,/shared/ssd_30T/zhuoyingyang/physact/sam3_robowm/identity_v1/sam_masked_negative6/crops/Cosmos3_seed101_0049/frame_0168_rank_01.png,/shared/ssd_30T/zhuoyingyang/physact/sam3_robowm/identity_v1/sam_masked_negative6/crops/Cosmos3_seed101_0049/frame_0168_rank_02.png,T00,T08,0,64,188,168,4,9,0,False,True,True,True,False,True,True,False,False,0.7208046317100525,0.1242469176650047,0.29926201517839335,0.1974395191026517,0.0
Cosmos3_seed101_0049,168,1,3,0.6024574041366577,0.1840357484938633,1.0,True,0.6045081615447998,0.143881008028984,0.8264739513397217,0.6927273273468018,0.97265625,0.92578125,/shared/ssd_30T/zhuoyingyang/physact/sam3_robowm/identity_v1/sam_masked_negative6/crops/Cosmos3_seed101_0049/frame_0168_rank_01.png,/shared/ssd_30T/zhuoyingyang/physact/sam3_robowm/identity_v1/sam_masked_negative6/crops/Cosmos3_seed101_0049/frame_0168_rank_03.png,T00,T09,0,64,188,168,1,0,0,False,True,True,False,False,False,False,False,False,0.6927273273468018,0.143881008028984,0.3157060438887444,0.19019944367146668,0.0
Cosmos3_seed101_0049,168,2,3,0.4531019330024719,0.0,0.0,False,0.1242469176650047,0.143881008028984,0.7208046317100525,0.6927273273468018,0.94921875,0.92578125,/shared/ssd_30T/zhuoyingyang/physact/sam3_robowm/identity_v1/sam_masked_negative6/crops/Cosmos3_seed101_0049/frame_0168_rank_02.png,/shared/ssd_30T/zhuoyingyang/physact/sam3_robowm/identity_v1/sam_masked_negative6/crops/Cosmos3_seed101_0049/frame_0168_rank_03.png,T08,T09,168,4,9,168,1,0,0,True,True,True,False,True,False,True,True,True,0.6927273273468018,0.1242469176650047,0.29337558726853336,0.13292904568710787,0.13292904568710787
Cosmos3_seed101_0049,171,1,2,0.6890071034431458,0.4818878814541441,1.0,True,0.5441914796829224,0.1159618869423866,0.7303876876831055,0.7241587042808533,0.953125,0.953125,/shared/ssd_30T/zhuoyingyang/physact/sam3_robowm/identity_v1/sam_masked_negative6/crops/Cosmos3_seed101_0049/frame_0171_rank_01.png,/shared/ssd_30T/zhuoyingyang/physact/sam3_robowm/identity_v1/sam_masked_negative6/crops/Cosmos3_seed101_0049/frame_0171_rank_02.png,T00,T08,0,64,188,168,4,9,0,False,True,True,True,False,True,True,False,False,0.7241587042808533,0.1159618869423866,0.2897840744315696,0.19966328574804873,0.0
Cosmos3_seed101_0049,171,1,3,0.3808247447013855,0.0,0.0,False,0.5441914796829224,0.1007634177803993,0.7303876876831055,0.6619089841842651,0.953125,0.91015625,/shared/ssd_30T/zhuoyingyang/physact/sam3_robowm/identity_v1/sam_masked_negative6/crops/Cosmos3_seed101_0049/frame_0171_rank_01.png,/shared/ssd_30T/zhuoyingyang/physact/sam3_robowm/identity_v1/sam_masked_negative6/crops/Cosmos3_seed101_0049/frame_0171_rank_03.png,T00,T07,0,64,188,165,4,12,0,False,True,True,True,False,True,True,True,True,0.6619089841842651,0.1007634177803993,0.2582560967449923,0.098350312110488,0.098350312110488
Cosmos3_seed101_0049,171,2,3,0.5406678318977356,0.0,0.0,False,0.1159618869423866,0.1007634177803993,0.7241587042808533,0.6619089841842651,0.953125,0.91015625,/shared/ssd_30T/zhuoyingyang/physact/sam3_robowm/identity_v1/sam_masked_negative6/crops/Cosmos3_seed101_0049/frame_0171_rank_02.png,/shared/ssd_30T/zhuoyingyang/physact/sam3_robowm/identity_v1/sam_masked_negative6/crops/Cosmos3_seed101_0049/frame_0171_rank_03.png,T08,T07,168,4,9,165,4,12,0,True,True,True,True,True,True,True,True,True,0.6619089841842651,0.1007634177803993,0.2582560967449923,0.13963076390148682,0.13963076390148682
Cosmos3_seed101_0049,174,1,2,0.4891090393066406,0.0,0.0,False,0.5182263255119324,0.1745100766420364,0.7467780113220215,0.6588872671127319,0.96875,0.90234375,/shared/ssd_30T/zhuoyingyang/physact/sam3_robowm/identity_v1/sam_masked_negative6/crops/Cosmos3_seed101_0049/frame_0174_rank_01.png,/shared/ssd_30T/zhuoyingyang/physact/sam3_robowm/identity_v1/sam_masked_negative6/crops/Cosmos3_seed101_0049/frame_0174_rank_02.png,T00,T07,0,64,188,165,4,12,0,False,True,True,True,False,True,True,True,True,0.6588872671127319,0.1745100766420364,0.33909064788387305,0.1658523010243475,0.1658523010243475
Cosmos3_seed101_0049,174,1,3,0.3012300133705139,0.0,0.0,False,0.5182263255119324,0.1310615241527557,0.7467780113220215,0.6032028198242188,0.96875,0.94921875,/shared/ssd_30T/zhuoyingyang/physact/sam3_robowm/identity_v1/sam_masked_negative6/crops/Cosmos3_seed101_0049/frame_0174_rank_01.png,/shared/ssd_30T/zhuoyingyang/physact/sam3_robowm/identity_v1/sam_masked_negative6/crops/Cosmos3_seed101_0049/frame_0174_rank_03.png,T00,T08,0,64,188,168,4,9,0,False,True,True,True,False,True,True,True,True,0.6032028198242188,0.1310615241527557,0.281170199237761,0.0846969028757808,0.0846969028757808
Cosmos3_seed101_0049,174,2,3,0.4815614819526672,0.1148841374287633,1.0,True,0.1745100766420364,0.1310615241527557,0.6588872671127319,0.6032028198242188,0.90234375,0.94921875,/shared/ssd_30T/zhuoyingyang/physact/sam3_robowm/identity_v1/sam_masked_negative6/crops/Cosmos3_seed101_0049/frame_0174_rank_02.png,/shared/ssd_30T/zhuoyingyang/physact/sam3_robowm/identity_v1/sam_masked_negative6/crops/Cosmos3_seed101_0049/frame_0174_rank_03.png,T07,T08,165,4,12,168,4,9,0,True,True,True,True,True,True,True,False,False,0.6032028198242188,0.1310615241527557,0.281170199237761,0.13540073782586287,0.0
Cosmos3_seed101_0049,177,1,2,0.4059868156909942,0.0,0.0,False,0.5566132068634033,0.1591625213623047,0.7775004506111145,0.670112133026123,0.97265625,0.90234375,/shared/ssd_30T/zhuoyingyang/physact/sam3_robowm/identity_v1/sam_masked_negative6/crops/Cosmos3_seed101_0049/frame_0177_rank_01.png,/shared/ssd_30T/zhuoyingyang/physact/sam3_robowm/identity_v1/sam_masked_negative6/crops/Cosmos3_seed101_0049/frame_0177_rank_02.png,T00,T07,0,64,188,165,4,12,0,False,True,True,True,False,True,True,True,True,0.670112133026123,0.1591625213623047,0.326583429904075,0.13258856676419842,0.13258856676419842
Cosmos3_seed101_0049,177,1,3,0.2827826142311096,0.0,0.0,False,0.5566132068634033,0.1253904700279235,0.7775004506111145,0.6140608191490173,0.97265625,0.94140625,/shared/ssd_30T/zhuoyingyang/physact/sam3_robowm/identity_v1/sam_masked_negative6/crops/Cosmos3_seed101_0049/frame_0177_rank_01.png,/shared/ssd_30T/zhuoyingyang/physact/sam3_robowm/identity_v1/sam_masked_negative6/crops/Cosmos3_seed101_0049/frame_0177_rank_03.png,T00,T08,0,64,188,168,4,9,0,False,True,True,True,False,True,True,True,True,0.6140608191490173,0.1253904700279235,0.2774840080776314,0.07846765321151895,0.07846765321151895
Cosmos3_seed101_0049,177,2,3,0.4168623089790344,0.1137061195889836,1.0,True,0.1591625213623047,0.1253904700279235,0.670112133026123,0.6140608191490173,0.90234375,0.94140625,/shared/ssd_30T/zhuoyingyang/physact/sam3_robowm/identity_v1/sam_masked_negative6/crops/Cosmos3_seed101_0049/frame_0177_rank_02.png,/shared/ssd_30T/zhuoyingyang/physact/sam3_robowm/identity_v1/sam_masked_negative6/crops/Cosmos3_seed101_0049/frame_0177_rank_03.png,T07,T08,165,4,12,168,4,9,0,True,True,True,True,True,True,True,False,False,0.6140608191490173,0.1253904700279235,0.2774840080776314,0.11567262431199847,0.0
Cosmos3_seed101_0049,180,1,2,0.1374963521957397,0.0110921897995573,0.737811271372602,False,0.6361848711967468,0.1337522566318512,0.7801973223686218,0.5846927165985107,0.97265625,0.98828125,/shared/ssd_30T/zhuoyingyang/physact/sam3_robowm/identity_v1/sam_masked_negative6/crops/Cosmos3_seed101_0049/frame_0180_rank_01.png,/shared/ssd_30T/zhuoyingyang/physact/sam3_robowm/identity_v1/sam_masked_negative6/crops/Cosmos3_seed101_0049/frame_0180_rank_02.png,T00,T10,0,64,188,180,4,8,0,False,True,True,True,False,True,True,True,True,0.5846927165985107,0.1337522566318512,0.27964972784048664,0.0384508174705983,0.0384508174705983
Cosmos3_seed101_0049,183,1,2,0.1360607892274856,0.0094109220921634,0.615031601143715,False,0.6310014128684998,0.1588494032621383,0.7751854658126831,0.5818699598312378,0.97265625,0.984375,/shared/ssd_30T/zhuoyingyang/physact/sam3_robowm/identity_v1/sam_masked_negative6/crops/Cosmos3_seed101_0049/frame_0183_rank_01.png,/shared/ssd_30T/zhuoyingyang/physact/sam3_robowm/identity_v1/sam_masked_negative6/crops/Cosmos3_seed101_0049/frame_0183_rank_02.png,T00,T10,0,64,188,180,4,8,0,False,True,True,True,False,True,True,True,True,0.5818699598312378,0.1588494032621383,0.3040225253091562,0.041365544736497006,0.041365544736497006
Cosmos3_seed101_0049,186,1,2,0.1369144022464752,0.0052910488949246,0.3381149666370875,False,0.6511856913566589,0.1328050196170807,0.7816718816757202,0.580730676651001,0.97265625,0.98828125,/shared/ssd_30T/zhuoyingyang/physact/sam3_robowm/identity_v1/sam_masked_negative6/crops/Cosmos3_seed101_0049/frame_0186_rank_01.png,/shared/ssd_30T/zhuoyingyang/physact/sam3_robowm/identity_v1/sam_masked_negative6/crops/Cosmos3_seed101_0049/frame_0186_rank_02.png,T00,T10,0,64,188,180,4,8,0,False,True,True,True,False,True,True,True,True,0.580730676651001,0.1328050196170807,0.2777119891270032,0.03802277098800326,0.03802277098800326
Cosmos3_seed101_0049,188,1,2,0.1424281299114227,0.0029959065783653,0.1875501795231836,False,0.6727854013442993,0.1213477700948715,0.7726283073425293,0.5842764377593994,0.97265625,0.984375,/shared/ssd_30T/zhuoyingyang/physact/sam3_robowm/identity_v1/sam_masked_negative6/crops/Cosmos3_seed101_0049/frame_0188_rank_01.png,/shared/ssd_30T/zhuoyingyang/physact/sam3_robowm/identity_v1/sam_masked_negative6/crops/Cosmos3_seed101_0049/frame_0188_rank_02.png,T00,T10,0,64,188,180,4,8,0,False,True,True,True,False,True,True,True,True,0.5842764377593994,0.1213477700948715,0.26627174623132305,0.037924586863976255,0.037924586863976255
LVP_0062,30,1,2,0.5852394700050354,0.3526599629762209,1.0,True,0.640387773513794,0.2232289612293243,0.8661683201789856,0.7589421272277832,0.9765625,0.96875,/shared/ssd_30T/zhuoyingyang/physact/sam3_robowm/identity_v1/sam_masked_negative6/crops/LVP_0062/frame_0030_rank_01.png,/shared/ssd_30T/zhuoyingyang/physact/sam3_robowm/identity_v1/sam_masked_negative6/crops/LVP_0062/frame_0030_rank_02.png,T00,T01,0,17,48,30,1,0,0,False,True,True,False,False,False,False,False,False,0.7589421272277832,0.2232289612293243,0.4116040119996788,0.24088691383463823,0.0
LVP_0062,42,1,2,0.6040907502174377,0.3768971525637428,1.0,True,0.8267149329185486,0.1160123720765113,0.9083240032196044,0.835589587688446,0.97265625,0.95703125,/shared/ssd_30T/zhuoyingyang/physact/sam3_robowm/identity_v1/sam_masked_negative6/crops/LVP_0062/frame_0042_rank_01.png,/shared/ssd_30T/zhuoyingyang/physact/sam3_robowm/identity_v1/sam_masked_negative6/crops/LVP_0062/frame_0042_rank_02.png,T00,T02,0,17,48,42,3,6,0,False,True,True,True,False,True,True,False,False,0.835589587688446,0.1160123720765113,0.31134985169447355,0.1880835654902025,0.0
LVP_0062,45,1,2,0.651128351688385,0.3802678114923126,1.0,True,0.8078992962837219,0.123277448117733,0.9045798778533936,0.8911863565444946,0.9765625,0.96484375,/shared/ssd_30T/zhuoyingyang/physact/sam3_robowm/identity_v1/sam_masked_negative6/crops/LVP_0062/frame_0045_rank_01.png,/shared/ssd_30T/zhuoyingyang/physact/sam3_robowm/identity_v1/sam_masked_negative6/crops/LVP_0062/frame_0045_rank_02.png,T00,T02,0,17,48,42,3,6,0,False,True,True,True,False,True,True,False,False,0.8911863565444946,0.123277448117733,0.3314561506928864,0.2158204970576361,0.0
LVP_0062,48,1,2,0.6409797668457031,0.3795656068396165,1.0,True,0.7975670099258423,0.1244950518012046,0.9079241156578064,0.8995559215545654,0.9765625,0.96484375,/shared/ssd_30T/zhuoyingyang/physact/sam3_robowm/identity_v1/sam_masked_negative6/crops/LVP_0062/frame_0048_rank_01.png,/shared/ssd_30T/zhuoyingyang/physact/sam3_robowm/identity_v1/sam_masked_negative6/crops/LVP_0062/frame_0048_rank_02.png,T00,T02,0,17,48,42,3,6,0,False,True,True,True,False,True,True,False,False,0.8995559215545654,0.1244950518012046,0.3346494599607416,0.2145035328206766,0.0
LVP_0043,0,1,2,0.052040010690689,0.4777364422635506,1.0,True,0.3885081112384796,0.2346064299345016,0.9220855236053468,0.7351398468017578,0.984375,0.9765625,/shared/ssd_30T/zhuoyingyang/physact/sam3_robowm/identity_v1/sam_masked_negative6/crops/LVP_0043/frame_0000_rank_01.png,/shared/ssd_30T/zhuoyingyang/physact/sam3_robowm/identity_v1/sam_masked_negative6/crops/LVP_0043/frame_0000_rank_02.png,T00,T01,0,17,48,0,8,24,0,False,False,True,True,False,False,False,False,False,0.7351398468017578,0.2346064299345016,0.41529331196246927,0.02161186839429854,0.0
LVP_0043,0,1,3,0.2298858314752578,0.0063120383294189,1.0,True,0.3885081112384796,0.1536426693201065,0.9220855236053468,0.5753049254417419,0.984375,0.8671875,/shared/ssd_30T/zhuoyingyang/physact/sam3_robowm/identity_v1/sam_masked_negative6/crops/LVP_0043/frame_0000_rank_01.png,/shared/ssd_30T/zhuoyingyang/physact/sam3_robowm/identity_v1/sam_masked_negative6/crops/LVP_0043/frame_0000_rank_03.png,T00,T02,0,17,48,0,6,15,0,False,False,True,True,False,False,False,False,False,0.5753049254417419,0.1536426693201065,0.2973068859240803,0.0683466406739768,0.0
LVP_0043,0,2,3,-0.0721540451049804,0.0030154907349277,1.0,True,0.2346064299345016,0.1536426693201065,0.7351398468017578,0.5753049254417419,0.9765625,0.8671875,/shared/ssd_30T/zhuoyingyang/physact/sam3_robowm/identity_v1/sam_masked_negative6/crops/LVP_0043/frame_0000_rank_02.png,/shared/ssd_30T/zhuoyingyang/physact/sam3_robowm/identity_v1/sam_masked_negative6/crops/LVP_0043/frame_0000_rank_03.png,T01,T02,0,8,24,0,6,15,0,False,False,True,True,False,False,False,False,False,0.5753049254417419,0.1536426693201065,0.2973068859240803,-0.02145189445698735,0.0
LVP_0043,3,1,2,0.0359268374741077,0.4804407148854449,1.0,True,0.392743706703186,0.2291856408119201,0.9265923500061036,0.7353644371032715,0.984375,0.9765625,/shared/ssd_30T/zhuoyingyang/physact/sam3_robowm/identity_v1/sam_masked_negative6/crops/LVP_0043/frame_0003_rank_01.png,/shared/ssd_30T/zhuoyingyang/physact/sam3_robowm/identity_v1/sam_masked_negative6/crops/LVP_0043/frame_0003_rank_02.png,T00,T01,0,17,48,0,8,24,0,False,False,True,True,False,False,False,False,False,0.7353644371032715,0.2291856408119201,0.41053010821109115,0.01474904847592772,0.0
LVP_0043,3,1,3,0.2042230069637298,0.0,0.0,False,0.392743706703186,0.1662462949752807,0.9265923500061036,0.5730979442596436,0.984375,0.87109375,/shared/ssd_30T/zhuoyingyang/physact/sam3_robowm/identity_v1/sam_masked_negative6/crops/LVP_0043/frame_0003_rank_01.png,/shared/ssd_30T/zhuoyingyang/physact/sam3_robowm/identity_v1/sam_masked_negative6/crops/LVP_0043/frame_0003_rank_03.png,T00,T02,0,17,48,0,6,15,0,False,False,True,True,False,False,False,True,False,0.5730979442596436,0.1662462949752807,0.30866715065117584,0.06303693365690972,0.0
LVP_0043,3,2,3,0.1165471524000167,0.0096159534788723,1.0,True,0.2291856408119201,0.1662462949752807,0.7353644371032715,0.5730979442596436,0.9765625,0.87109375,/shared/ssd_30T/zhuoyingyang/physact/sam3_robowm/identity_v1/sam_masked_negative6/crops/LVP_0043/frame_0003_rank_02.png,/shared/ssd_30T/zhuoyingyang/physact/sam3_robowm/identity_v1/sam_masked_negative6/crops/LVP_0043/frame_0003_rank_03.png,T01,T02,0,8,24,0,6,15,0,False,False,True,True,False,False,False,False,False,0.5730979442596436,0.1662462949752807,0.30866715065117584,0.03597427744782151,0.0
LVP_0043,6,1,2,0.0310039613395929,0.4783403796889544,1.0,True,0.397092342376709,0.2291952073574066,0.9203481674194336,0.7296169996261597,0.984375,0.98046875,/shared/ssd_30T/zhuoyingyang/physact/sam3_robowm/identity_v1/sam_masked_negative6/crops/LVP_0043/frame_0006_rank_01.png,/shared/ssd_30T/zhuoyingyang/physact/sam3_robowm/identity_v1/sam_masked_negative6/crops/LVP_0043/frame_0006_rank_02.png,T00,T01,0,17,48,0,8,24,0,False,False,True,True,False,False,False,False,False,0.7296169996261597,0.2291952073574066,0.4089311916701959,0.012678486857096409,0.0
LVP_0043,6,1,3,0.2102942615747451,0.0,0.0,False,0.397092342376709,0.1577049493789672,0.9203481674194336,0.5682202577590942,0.984375,0.875,/shared/ssd_30T/zhuoyingyang/physact/sam3_robowm/identity_v1/sam_masked_negative6/crops/LVP_0043/frame_0006_rank_01.png,/shared/ssd_30T/zhuoyingyang/physact/sam3_robowm/identity_v1/sam_masked_negative6/crops/LVP_0043/frame_0006_rank_03.png,T00,T02,0,17,48,0,6,15,0,False,False,True,True,False,False,False,True,False,0.5682202577590942,0.1577049493789672,0.29935121009610377,0.06295184167866652,0.0
LVP_0043,6,2,3,0.1514573693275451,0.0095088285729254,1.0,True,0.2291952073574066,0.1577049493789672,0.7296169996261597,0.5682202577590942,0.98046875,0.875,/shared/ssd_30T/zhuoyingyang/physact/sam3_robowm/identity_v1/sam_masked_negative6/crops/LVP_0043/frame_0006_rank_02.png,/shared/ssd_30T/zhuoyingyang/physact/sam3_robowm/identity_v1/sam_masked_negative6/crops/LVP_0043/frame_0006_rank_03.png,T01,T02,0,8,24,0,6,15,0,False,False,True,True,False,False,False,False,False,0.5682202577590942,0.1577049493789672,0.29935121009610377,0.04533894678617314,0.0
LVP_0043,9,1,2,0.0523624569177627,0.4824799493607559,1.0,True,0.3906866014003753,0.2322875261306762,0.9252994060516356,0.7301454544067383,0.984375,0.9765625,/shared/ssd_30T/zhuoyingyang/physact/sam3_robowm/identity_v1/sam_masked_negative6/crops/LVP_0043/frame_0009_rank_01.png,/shared/ssd_30T/zhuoyingyang/physact/sam3_robowm/identity_v1/sam_masked_negative6/crops/LVP_0043/frame_0009_rank_02.png,T00,T01,0,17,48,0,8,24,0,False,False,True,True,False,False,False,False,False,0.7301454544067383,0.2322875261306762,0.41182967513245045,0.021564413621579147,0.0
LVP_0043,9,1,3,0.2012001574039459,0.0,0.0,False,0.3906866014003753,0.1619714647531509,0.9252994060516356,0.5529958009719849,0.984375,0.8671875,/shared/ssd_30T/zhuoyingyang/physact/sam3_robowm/identity_v1/sam_masked_negative6/crops/LVP_0043/frame_0009_rank_01.png,/shared/ssd_30T/zhuoyingyang/physact/sam3_robowm/identity_v1/sam_masked_negative6/crops/LVP_0043/frame_0009_rank_03.png,T00,T02,0,17,48,0,6,15,0,False,False,True,True,False,False,False,True,False,0.5529958009719849,0.1619714647531509,0.2992817065671978,0.06021552646944175,0.0
LVP_0043,9,2,3,0.153435468673706,0.0093365266380469,1.0,True,0.2322875261306762,0.1619714647531509,0.7301454544067383,0.5529958009719849,0.9765625,0.8671875,/shared/ssd_30T/zhuoyingyang/physact/sam3_robowm/identity_v1/sam_masked_negative6/crops/LVP_0043/frame_0009_rank_02.png,/shared/ssd_30T/zhuoyingyang/physact/sam3_robowm/identity_v1/sam_masked_negative6/crops/LVP_0043/frame_0009_rank_03.png,T01,T02,0,8,24,0,6,15,0,False,False,True,True,False,False,False,False,False,0.5529958009719849,0.1619714647531509,0.2992817065671978,0.045920428912604554,0.0
LVP_0043,12,1,2,0.0568080842494964,0.4797780225660285,1.0,True,0.3843119740486145,0.2365328222513198,0.8839205503463745,0.7139770984649658,0.984375,0.984375,/shared/ssd_30T/zhuoyingyang/physact/sam3_robowm/identity_v1/sam_masked_negative6/crops/LVP_0043/frame_0012_rank_01.png,/shared/ssd_30T/zhuoyingyang/physact/sam3_robowm/identity_v1/sam_masked_negative6/crops/LVP_0043/frame_0012_rank_02.png,T00,T01,0,17,48,0,8,24,0,False,False,True,True,False,False,False,False,False,0.7139770984649658,0.2365328222513198,0.4109489239829286,0.0233452210958621,0.0
LVP_0043,12,1,3,0.1933794617652893,0.0062357833273341,1.0,True,0.3843119740486145,0.1581864058971405,0.8839205503463745,0.5547839403152466,0.984375,0.80859375,/shared/ssd_30T/zhuoyingyang/physact/sam3_robowm/identity_v1/sam_masked_negative6/crops/LVP_0043/frame_0012_rank_01.png,/shared/ssd_30T/zhuoyingyang/physact/sam3_robowm/identity_v1/sam_masked_negative6/crops/LVP_0043/frame_0012_rank_03.png,T00,T02,0,17,48,0,6,15,0,False,False,True,True,False,False,False,False,False,0.5547839403152466,0.1581864058971405,0.29624192405519273,0.05728710382610688,0.0
LVP_0043,12,2,3,0.0799629315733909,0.0029917917939385,1.0,True,0.2365328222513198,0.1581864058971405,0.7139770984649658,0.5547839403152466,0.984375,0.80859375,/shared/ssd_30T/zhuoyingyang/physact/sam3_robowm/identity_v1/sam_masked_negative6/crops/LVP_0043/frame_0012_rank_02.png,/shared/ssd_30T/zhuoyingyang/physact/sam3_robowm/identity_v1/sam_masked_negative6/crops/LVP_0043/frame_0012_rank_03.png,T01,T02,0,8,24,0,6,15,0,False,False,True,True,False,False,False,False,False,0.5547839403152466,0.1581864058971405,0.29624192405519273,0.02368837270239504,0.0
LVP_0043,15,1,2,0.0537584871053695,0.4772033215206989,1.0,True,0.3833882212638855,0.237573817372322,0.8649885058403015,0.712271511554718,0.984375,0.984375,/shared/ssd_30T/zhuoyingyang/physact/sam3_robowm/identity_v1/sam_masked_negative6/crops/LVP_0043/frame_0015_rank_01.png,/shared/ssd_30T/zhuoyingyang/physact/sam3_robowm/identity_v1/sam_masked_negative6/crops/LVP_0043/frame_0015_rank_02.png,T00,T01,0,17,48,0,8,24,0,False,False,True,True,False,False,False,False,False,0.712271511554718,0.237573817372322,0.41136001507877296,0.02211409206627682,0.0
LVP_0043,15,1,3,0.1750997006893158,0.0,0.0,False,0.3833882212638855,0.1620208024978637,0.8649885058403015,0.5795376300811768,0.984375,0.8671875,/shared/ssd_30T/zhuoyingyang/physact/sam3_robowm/identity_v1/sam_masked_negative6/crops/LVP_0043/frame_0015_rank_01.png,/shared/ssd_30T/zhuoyingyang/physact/sam3_robowm/identity_v1/sam_masked_negative6/crops/LVP_0043/frame_0015_rank_03.png,T00,T02,0,17,48,0,6,15,0,False,False,True,True,False,False,False,True,False,0.5795376300811768,0.1620208024978637,0.3064264216797604,0.05365517471942412,0.0
LVP_0043,15,2,3,0.1337597370147705,0.0094933968440509,1.0,True,0.237573817372322,0.1620208024978637,0.712271511554718,0.5795376300811768,0.984375,0.8671875,/shared/ssd_30T/zhuoyingyang/physact/sam3_robowm/identity_v1/sam_masked_negative6/crops/LVP_0043/frame_0015_rank_02.png,/shared/ssd_30T/zhuoyingyang/physact/sam3_robowm/identity_v1/sam_masked_negative6/crops/LVP_0043/frame_0015_rank_03.png,T01,T02,0,8,24,0,6,15,0,False,False,True,True,False,False,False,False,False,0.5795376300811768,0.1620208024978637,0.3064264216797604,0.040987517578261926,0.0
LVP_0043,18,1,2,0.0645325928926467,0.4791992301955096,1.0,True,0.3810298442840576,0.2363761663436889,0.8175632357597351,0.7065456509590149,0.98046875,0.984375,/shared/ssd_30T/zhuoyingyang/physact/sam3_robowm/identity_v1/sam_masked_negative6/crops/LVP_0043/frame_0018_rank_01.png,/shared/ssd_30T/zhuoyingyang/physact/sam3_robowm/identity_v1/sam_masked_negative6/crops/LVP_0043/frame_0018_rank_02.png,T00,T01,0,17,48,0,8,24,0,False,False,True,True,False,False,False,False,False,0.7065456509590149,0.2363761663436889,0.4086692456259684,0.02637248605572566,0.0
LVP_0043,18,1,3,0.2422101944684982,0.0061657528557514,1.0,True,0.3810298442840576,0.1565406769514084,0.8175632357597351,0.554401159286499,0.98046875,0.8359375,/shared/ssd_30T/zhuoyingyang/physact/sam3_robowm/identity_v1/sam_masked_negative6/crops/LVP_0043/frame_0018_rank_01.png,/shared/ssd_30T/zhuoyingyang/physact/sam3_robowm/identity_v1/sam_masked_negative6/crops/LVP_0043/frame_0018_rank_03.png,T00,T03,0,17,48,18,11,30,0,False,True,True,True,False,True,True,False,False,0.554401159286499,0.1565406769514084,0.2945952015518144,0.0713539610573514,0.0
LVP_0043,18,2,3,-0.0523990951478481,0.0029546240220518,1.0,True,0.2363761663436889,0.1565406769514084,0.7065456509590149,0.554401159286499,0.984375,0.8359375,/shared/ssd_30T/zhuoyingyang/physact/sam3_robowm/identity_v1/sam_masked_negative6/crops/LVP_0043/frame_0018_rank_02.png,/shared/ssd_30T/zhuoyingyang/physact/sam3_robowm/identity_v1/sam_masked_negative6/crops/LVP_0043/frame_0018_rank_03.png,T01,T03,0,8,24,18,11,30,0,False,True,True,True,False,True,True,False,False,0.554401159286499,0.1565406769514084,0.2945952015518144,-0.015436521996213011,0.0
LVP_0043,21,1,2,0.1773499548435211,0.4792021166132239,1.0,True,0.3764949738979339,0.2336517423391342,0.8056337833404541,0.7021983861923218,0.984375,0.984375,/shared/ssd_30T/zhuoyingyang/physact/sam3_robowm/identity_v1/sam_masked_negative6/crops/LVP_0043/frame_0021_rank_01.png,/shared/ssd_30T/zhuoyingyang/physact/sam3_robowm/identity_v1/sam_masked_negative6/crops/LVP_0043/frame_0021_rank_02.png,T00,T04,0,17,48,21,5,15,0,False,True,True,True,False,True,True,False,False,0.7021983861923218,0.2336517423391342,0.40505539917592037,0.07183655675297389,0.0
LVP_0043,21,1,3,0.2077111005783081,0.0061806747693374,1.0,True,0.3764949738979339,0.1619134396314621,0.8056337833404541,0.5789604783058167,0.984375,0.82421875,/shared/ssd_30T/zhuoyingyang/physact/sam3_robowm/identity_v1/sam_masked_negative6/crops/LVP_0043/frame_0021_rank_01.png,/shared/ssd_30T/zhuoyingyang/physact/sam3_robowm/identity_v1/sam_masked_negative6/crops/LVP_0043/frame_0021_rank_03.png,T00,T03,0,17,48,18,11,30,0,False,True,True,True,False,True,True,False,False,0.5789604783058167,0.1619134396314621,0.30617230843623217,0.06359538715189099,0.0
LVP_0043,21,2,3,0.1696402579545974,0.0029617924315644,1.0,True,0.2336517423391342,0.1619134396314621,0.7021983861923218,0.5789604783058167,0.984375,0.82421875,/shared/ssd_30T/zhuoyingyang/physact/sam3_robowm/identity_v1/sam_masked_negative6/crops/LVP_0043/frame_0021_rank_02.png,/shared/ssd_30T/zhuoyingyang/physact/sam3_robowm/identity_v1/sam_masked_negative6/crops/LVP_0043/frame_0021_rank_03.png,T04,T03,21,5,15,18,11,30,0,True,True,True,True,True,True,True,False,False,0.5789604783058167,0.1619134396314621,0.30617230843623217,0.05193914938167698,0.0
LVP_0043,24,1,2,0.4204314351081848,0.4806767407537374,1.0,True,0.3727054297924042,0.2108325064182281,0.8052057027816772,0.7071586847305298,0.984375,0.98828125,/shared/ssd_30T/zhuoyingyang/physact/sam3_robowm/identity_v1/sam_masked_negative6/crops/LVP_0043/frame_0024_rank_01.png,/shared/ssd_30T/zhuoyingyang/physact/sam3_robowm/identity_v1/sam_masked_negative6/crops/LVP_0043/frame_0024_rank_02.png,T00,T01,0,17,48,0,8,24,0,False,False,True,True,False,False,False,False,False,0.7071586847305298,0.2108325064182281,0.38612438143317906,0.16233882781621162,0.0
LVP_0043,24,1,3,0.2027793377637863,0.0061230280922271,1.0,True,0.3727054297924042,0.1605734676122665,0.8052057027816772,0.5547992587089539,0.984375,0.86328125,/shared/ssd_30T/zhuoyingyang/physact/sam3_robowm/identity_v1/sam_masked_negative6/crops/LVP_0043/frame_0024_rank_01.png,/shared/ssd_30T/zhuoyingyang/physact/sam3_robowm/identity_v1/sam_masked_negative6/crops/LVP_0043/frame_0024_rank_03.png,T00,T03,0,17,48,18,11,30,0,False,True,True,True,False,True,True,False,False,0.5547992587089539,0.1605734676122665,0.29847284767564985,0.060524126392139735,0.0
LVP_0043,24,2,3,0.1453601121902465,0.0029431971869152,1.0,True,0.2108325064182281,0.1605734676122665,0.7071586847305298,0.5547992587089539,0.98828125,0.86328125,/shared/ssd_30T/zhuoyingyang/physact/sam3_robowm/identity_v1/sam_masked_negative6/crops/LVP_0043/frame_0024_rank_02.png,/shared/ssd_30T/zhuoyingyang/physact/sam3_robowm/identity_v1/sam_masked_negative6/crops/LVP_0043/frame_0024_rank_03.png,T01,T03,0,8,24,18,11,30,0,False,True,True,True,False,True,True,False,False,0.5547992587089539,0.1605734676122665,0.29847284767564985,0.04338604662387482,0.0
LVP_0043,27,1,2,0.2030666470527649,0.4889809662471827,1.0,True,0.3811258971691131,0.2341768443584442,0.8025768995285034,0.7156461477279663,0.98046875,0.984375,/shared/ssd_30T/zhuoyingyang/physact/sam3_robowm/identity_v1/sam_masked_negative6/crops/LVP_0043/frame_0027_rank_01.png,/shared/ssd_30T/zhuoyingyang/physact/sam3_robowm/identity_v1/sam_masked_negative6/crops/LVP_0043/frame_0027_rank_02.png,T00,T04,0,17,48,21,5,15,0,False,True,True,True,False,True,True,False,False,0.7156461477279663,0.2341768443584442,0.40937483624694393,0.08313037538444158,0.0
LVP_0043,27,1,3,0.206087589263916,0.0058509774995658,1.0,True,0.3811258971691131,0.1581821888685226,0.8025768995285034,0.5044355392456055,0.98046875,0.89453125,/shared/ssd_30T/zhuoyingyang/physact/sam3_robowm/identity_v1/sam_masked_negative6/crops/LVP_0043/frame_0027_rank_01.png,/shared/ssd_30T/zhuoyingyang/physact/sam3_robowm/identity_v1/sam_masked_negative6/crops/LVP_0043/frame_0027_rank_03.png,T00,T03,0,17,48,18,11,30,0,False,True,True,True,False,True,True,False,False,0.5044355392456055,0.1581821888685226,0.28247604808362675,0.05821480777435265,0.0
LVP_0043,27,2,3,0.1526562869548797,0.0028610166312282,1.0,True,0.2341768443584442,0.1581821888685226,0.7156461477279663,0.5044355392456055,0.984375,0.89453125,/shared/ssd_30T/zhuoyingyang/physact/sam3_robowm/identity_v1/sam_masked_negative6/crops/LVP_0043/frame_0027_rank_02.png,/shared/ssd_30T/zhuoyingyang/physact/sam3_robowm/identity_v1/sam_masked_negative6/crops/LVP_0043/frame_0027_rank_03.png,T04,T03,21,5,15,18,11,30,0,True,True,True,True,True,True,True,False,False,0.5044355392456055,0.1581821888685226,0.28247604808362675,0.04312174465413452,0.0
LVP_0043,30,1,2,0.1840862929821014,0.490480711728336,1.0,True,0.380008339881897,0.2318855971097946,0.7965830564498901,0.7075232267379761,0.98046875,0.984375,/shared/ssd_30T/zhuoyingyang/physact/sam3_robowm/identity_v1/sam_masked_negative6/crops/LVP_0043/frame_0030_rank_01.png,/shared/ssd_30T/zhuoyingyang/physact/sam3_robowm/identity_v1/sam_masked_negative6/crops/LVP_0043/frame_0030_rank_02.png,T00,T04,0,17,48,21,5,15,0,False,True,True,True,False,True,True,False,False,0.7075232267379761,0.2318855971097946,0.40504869571594,0.07456391287158258,0.0
LVP_0043,30,1,3,0.2499261796474456,0.0011237833377787,0.0582854286444913,False,0.380008339881897,0.1556499600410461,0.7965830564498901,0.568760097026825,0.98046875,0.87109375,/shared/ssd_30T/zhuoyingyang/physact/sam3_robowm/identity_v1/sam_masked_negative6/crops/LVP_0043/frame_0030_rank_01.png,/shared/ssd_30T/zhuoyingyang/physact/sam3_robowm/identity_v1/sam_masked_negative6/crops/LVP_0043/frame_0030_rank_03.png,T00,T03,0,17,48,18,11,30,0,False,True,True,True,False,True,True,True,True,0.568760097026825,0.1556499600410461,0.2975356892461252,0.07436195812205364,0.07436195812205364
LVP_0043,30,2,3,0.1244410350918769,0.0096316887121286,1.0,True,0.2318855971097946,0.1556499600410461,0.7075232267379761,0.568760097026825,0.984375,0.87109375,/shared/ssd_30T/zhuoyingyang/physact/sam3_robowm/identity_v1/sam_masked_negative6/crops/LVP_0043/frame_0030_rank_02.png,/shared/ssd_30T/zhuoyingyang/physact/sam3_robowm/identity_v1/sam_masked_negative6/crops/LVP_0043/frame_0030_rank_03.png,T04,T03,21,5,15,18,11,30,0,True,True,True,True,True,True,True,False,False,0.568760097026825,0.1556499600410461,0.2975356892461252,0.03702564914656285,0.0
LVP_0043,33,1,2,0.1398132145404815,0.4864385395045141,1.0,True,0.3855119049549103,0.2340025603771209,0.7907117605209351,0.7032239437103271,0.98046875,0.984375,/shared/ssd_30T/zhuoyingyang/physact/sam3_robowm/identity_v1/sam_masked_negative6/crops/LVP_0043/frame_0033_rank_01.png,/shared/ssd_30T/zhuoyingyang/physact/sam3_robowm/identity_v1/sam_masked_negative6/crops/LVP_0043/frame_0033_rank_02.png,T00,T04,0,17,48,21,5,15,0,False,True,True,True,False,True,True,False,False,0.7032239437103271,0.2340025603771209,0.405655276493124,0.05671596820181149,0.0
LVP_0043,33,1,3,0.2260264158248901,0.0001092502070187,0.0056673202623359,False,0.3855119049549103,0.1576968878507614,0.7907117605209351,0.5666536092758179,0.98046875,0.859375,/shared/ssd_30T/zhuoyingyang/physact/sam3_robowm/identity_v1/sam_masked_negative6/crops/LVP_0043/frame_0033_rank_01.png,/shared/ssd_30T/zhuoyingyang/physact/sam3_robowm/identity_v1/sam_masked_negative6/crops/LVP_0043/frame_0033_rank_03.png,T00,T03,0,17,48,18,11,30,0,False,True,True,True,False,True,True,True,True,0.5666536092758179,0.1576968878507614,0.298930611801799,0.06756621476590222,0.06756621476590222
LVP_0043,33,2,3,0.041712075471878,0.0095604393631855,1.0,True,0.2340025603771209,0.1576968878507614,0.7032239437103271,0.5666536092758179,0.984375,0.859375,/shared/ssd_30T/zhuoyingyang/physact/sam3_robowm/identity_v1/sam_masked_negative6/crops/LVP_0043/frame_0033_rank_02.png,/shared/ssd_30T/zhuoyingyang/physact/sam3_robowm/identity_v1/sam_masked_negative6/crops/LVP_0043/frame_0033_rank_03.png,T04,T03,21,5,15,18,11,30,0,True,True,True,True,True,True,True,False,False,0.5666536092758179,0.1576968878507614,0.298930611801799,0.012469016240331305,0.0
LVP_0043,36,1,2,0.1255856156349182,0.4868362303435333,1.0,True,0.3823692500591278,0.2332253456115722,0.7901232838630676,0.7029037475585938,0.98046875,0.984375,/shared/ssd_30T/zhuoyingyang/physact/sam3_robowm/identity_v1/sam_masked_negative6/crops/LVP_0043/frame_0036_rank_01.png,/shared/ssd_30T/zhuoyingyang/physact/sam3_robowm/identity_v1/sam_masked_negative6/crops/LVP_0043/frame_0036_rank_02.png,T00,T04,0,17,48,21,5,15,0,False,True,True,True,False,True,True,False,False,0.7029037475585938,0.2332253456115722,0.4048888359241612,0.05084821372324117,0.0
LVP_0043,36,1,3,0.2326830774545669,0.0,0.0,False,0.3823692500591278,0.1614590138196945,0.7901232838630676,0.569220781326294,0.98046875,0.8671875,/shared/ssd_30T/zhuoyingyang/physact/sam3_robowm/identity_v1/sam_masked_negative6/crops/LVP_0043/frame_0036_rank_01.png,/shared/ssd_30T/zhuoyingyang/physact/sam3_robowm/identity_v1/sam_masked_negative6/crops/LVP_0043/frame_0036_rank_03.png,T00,T03,0,17,48,18,11,30,0,False,True,True,True,False,True,True,True,True,0.569220781326294,0.1614590138196945,0.30315973677026997,0.07054014051202284,0.07054014051202284
LVP_0043,36,2,3,0.0633990839123725,0.009550934783737,1.0,True,0.2332253456115722,0.1614590138196945,0.7029037475585938,0.569220781326294,0.984375,0.8671875,/shared/ssd_30T/zhuoyingyang/physact/sam3_robowm/identity_v1/sam_masked_negative6/crops/LVP_0043/frame_0036_rank_02.png,/shared/ssd_30T/zhuoyingyang/physact/sam3_robowm/identity_v1/sam_masked_negative6/crops/LVP_0043/frame_0036_rank_03.png,T04,T03,21,5,15,18,11,30,0,True,True,True,True,True,True,True,False,False,0.569220781326294,0.1614590138196945,0.30315973677026997,0.019220049590351108,0.0
LVP_0043,39,1,3,0.2210049480199813,0.0,0.0,False,0.3743833005428314,0.1643803566694259,0.7804391384124756,0.5675047039985657,0.98046875,0.875,/shared/ssd_30T/zhuoyingyang/physact/sam3_robowm/identity_v1/sam_masked_negative6/crops/LVP_0043/frame_0039_rank_01.png,/shared/ssd_30T/zhuoyingyang/physact/sam3_robowm/identity_v1/sam_masked_negative6/crops/LVP_0043/frame_0039_rank_03.png,T00,T03,0,17,48,18,11,30,0,False,True,True,True,False,True,True,True,True,0.5675047039985657,0.1643803566694259,0.30542859338127004,0.06750123040404359,0.06750123040404359
LVP_0043,42,1,2,0.1009918376803398,0.481994052450609,1.0,True,0.383968710899353,0.2137165665626526,0.8253215551376343,0.696738600730896,0.984375,0.984375,/shared/ssd_30T/zhuoyingyang/physact/sam3_robowm/identity_v1/sam_masked_negative6/crops/LVP_0043/frame_0042_rank_01.png,/shared/ssd_30T/zhuoyingyang/physact/sam3_robowm/identity_v1/sam_masked_negative6/crops/LVP_0043/frame_0042_rank_02.png,T00,T05,0,17,48,42,3,6,0,False,True,True,True,False,True,True,False,False,0.696738600730896,0.2137165665626526,0.38588156413577723,0.03897088828903605,0.0
LVP_0043,42,1,3,0.282478779554367,0.0,0.0,False,0.383968710899353,0.1641348153352737,0.8253215551376343,0.558777928352356,0.984375,0.88671875,/shared/ssd_30T/zhuoyingyang/physact/sam3_robowm/identity_v1/sam_masked_negative6/crops/LVP_0043/frame_0042_rank_01.png,/shared/ssd_30T/zhuoyingyang/physact/sam3_robowm/identity_v1/sam_masked_negative6/crops/LVP_0043/frame_0042_rank_03.png,T00,T03,0,17,48,18,11,30,0,False,True,True,True,False,True,True,True,True,0.558777928352356,0.1641348153352737,0.30284469961275656,0.08554720114112035,0.08554720114112035
LVP_0043,42,2,3,0.2141933590173721,0.009502938328302,1.0,True,0.2137165665626526,0.1641348153352737,0.696738600730896,0.558777928352356,0.984375,0.88671875,/shared/ssd_30T/zhuoyingyang/physact/sam3_robowm/identity_v1/sam_masked_negative6/crops/LVP_0043/frame_0042_rank_02.png,/shared/ssd_30T/zhuoyingyang/physact/sam3_robowm/identity_v1/sam_masked_negative6/crops/LVP_0043/frame_0042_rank_03.png,T05,T03,42,3,6,18,11,30,0,True,True,True,True,True,True,True,False,False,0.558777928352356,0.1641348153352737,0.30284469961275656,0.06486732347066337,0.0
LVP_0043,45,1,2,0.0484949573874473,0.4812171938672557,1.0,True,0.3862142860889435,0.2227587252855301,0.8314089179039001,0.6940196752548218,0.984375,0.98046875,/shared/ssd_30T/zhuoyingyang/physact/sam3_robowm/identity_v1/sam_masked_negative6/crops/LVP_0043/frame_0045_rank_01.png,/shared/ssd_30T/zhuoyingyang/physact/sam3_robowm/identity_v1/sam_masked_negative6/crops/LVP_0043/frame_0045_rank_02.png,T00,T05,0,17,48,42,3,6,0,False,True,True,True,False,True,True,False,False,0.6940196752548218,0.2227587252855301,0.39319071477190515,0.019067766958003485,0.0
LVP_0043,45,1,3,0.2466588020324707,0.0,0.0,False,0.3862142860889435,0.1679113954305648,0.8314089179039001,0.5728639960289001,0.984375,0.8828125,/shared/ssd_30T/zhuoyingyang/physact/sam3_robowm/identity_v1/sam_masked_negative6/crops/LVP_0043/frame_0045_rank_01.png,/shared/ssd_30T/zhuoyingyang/physact/sam3_robowm/identity_v1/sam_masked_negative6/crops/LVP_0043/frame_0045_rank_03.png,T00,T03,0,17,48,18,11,30,0,False,True,True,True,False,True,True,True,True,0.5728639960289001,0.1679113954305648,0.31014576083696865,0.07650018182349586,0.07650018182349586
LVP_0043,45,2,3,0.1409495025873184,0.00961117017733,1.0,True,0.2227587252855301,0.1679113954305648,0.6940196752548218,0.5728639960289001,0.98046875,0.8828125,/shared/ssd_30T/zhuoyingyang/physact/sam3_robowm/identity_v1/sam_masked_negative6/crops/LVP_0043/frame_0045_rank_02.png,/shared/ssd_30T/zhuoyingyang/physact/sam3_robowm/identity_v1/sam_masked_negative6/crops/LVP_0043/frame_0045_rank_03.png,T05,T03,42,3,6,18,11,30,0,True,True,True,True,True,True,True,False,False,0.5728639960289001,0.1679113954305648,0.31014576083696865,0.043714890719536145,0.0
LVP_0043,48,1,2,0.0680964663624763,0.4774922944645721,1.0,True,0.381619393825531,0.2304155230522155,0.8721200823783875,0.7073005437850952,0.984375,0.98046875,/shared/ssd_30T/zhuoyingyang/physact/sam3_robowm/identity_v1/sam_masked_negative6/crops/LVP_0043/frame_0048_rank_01.png,/shared/ssd_30T/zhuoyingyang/physact/sam3_robowm/identity_v1/sam_masked_negative6/crops/LVP_0043/frame_0048_rank_02.png,T00,T05,0,17,48,42,3,6,0,False,True,True,True,False,True,True,False,False,0.7073005437850952,0.2304155230522155,0.4036991760597972,0.027490487363115376,0.0
LVP_0043,48,1,3,0.2483533769845962,0.0,0.0,False,0.381619393825531,0.164150595664978,0.8721200823783875,0.562328577041626,0.984375,0.890625,/shared/ssd_30T/zhuoyingyang/physact/sam3_robowm/identity_v1/sam_masked_negative6/crops/LVP_0043/frame_0048_rank_01.png,/shared/ssd_30T/zhuoyingyang/physact/sam3_robowm/identity_v1/sam_masked_negative6/crops/LVP_0043/frame_0048_rank_03.png,T00,T03,0,17,48,18,11,30,0,False,True,True,True,False,True,True,True,True,0.562328577041626,0.164150595664978,0.30381996458564464,0.07545471420018526,0.07545471420018526
LVP_0043,48,2,3,0.1416818499565124,0.0095095674290317,1.0,True,0.2304155230522155,0.164150595664978,0.7073005437850952,0.562328577041626,0.98046875,0.890625,/shared/ssd_30T/zhuoyingyang/physact/sam3_robowm/identity_v1/sam_masked_negative6/crops/LVP_0043/frame_0048_rank_02.png,/shared/ssd_30T/zhuoyingyang/physact/sam3_robowm/identity_v1/sam_masked_negative6/crops/LVP_0043/frame_0048_rank_03.png,T05,T03,42,3,6,18,11,30,0,True,True,True,True,True,True,True,False,False,0.562328577041626,0.164150595664978,0.30381996458564464,0.043045774636216214,0.0
