case,frame,prompt,gdino_score,source_similarity,x1,y1,x2,y2,rank
Cosmos2.5_0036,0,white tape roll,0.7974219918251038,0.9353830814361572,662.7784423828125,339.21063232421875,759.197265625,409.4937133789063,1
Cosmos2.5_0036,0,white tape roll,0.1143990531563758,0.6408697366714478,914.031982421875,478.8466491699219,1110.7891845703125,701.31884765625,2
Cosmos2.5_0036,0,white tape roll,0.1016993448138237,0.6119279861450195,1015.8194580078124,189.95977783203125,1278.1575927734375,514.5381469726562,3
Cosmos2.5_0036,0,white tape roll,0.134957730770111,0.6043004393577576,653.7451171875,0.976348876953125,1278.068359375,700.8338623046875,4
Cosmos2.5_0036,0,white tape roll,0.1804828494787216,0.5523820519447327,488.6476440429688,145.33203125,503.56341552734375,188.96890258789065,5
Cosmos2.5_0036,3,white tape roll,0.7855073809623718,0.8663011789321899,662.78857421875,339.5564880371094,758.76513671875,410.0774841308594,1
Cosmos2.5_0036,3,white tape roll,0.1153903901576995,0.6699734330177307,629.86279296875,189.80767822265625,726.3614501953125,264.49139404296875,2
Cosmos2.5_0036,3,white tape roll,0.120252713561058,0.6099838614463806,912.0765380859376,417.2785339355469,1112.374267578125,701.41650390625,3
Cosmos2.5_0036,3,white tape roll,0.1499763131141662,0.6094638109207153,629.9595336914062,0.63690185546875,1277.710693359375,700.8831787109375,4
Cosmos2.5_0036,3,white tape roll,0.1247299462556839,0.5768031477928162,1131.0433349609375,646.6019897460938,1243.5626220703125,701.7483520507812,5
Cosmos2.5_0036,3,white tape roll,0.1558923423290252,0.5544930696487427,488.7621154785156,145.2169189453125,503.3866271972656,188.66281127929688,6
Cosmos2.5_0036,6,white tape roll,0.7590517401695251,0.8501127362251282,663.8053588867188,338.09442138671875,759.9215698242188,409.1187133789063,1
Cosmos2.5_0036,6,white tape roll,0.1151273995637893,0.6417263746261597,606.081787109375,205.4916534423828,704.58203125,276.6165771484375,2
Cosmos2.5_0036,6,white tape roll,0.1083665937185287,0.6224497556686401,914.3230590820312,416.9146423339844,1112.65625,701.4105224609375,3
Cosmos2.5_0036,6,white tape roll,0.1700322329998016,0.6085638403892517,607.4037475585938,0.67791748046875,1257.82763671875,700.785888671875,4
Cosmos2.5_0036,6,white tape roll,0.1283225119113922,0.5632661581039429,489.5505981445313,143.95773315429688,504.072509765625,188.06362915039065,5
Cosmos2.5_0036,6,white tape roll,0.1171122640371322,0.55751633644104,1131.580322265625,647.1967163085938,1243.507080078125,701.5285034179688,6
Cosmos2.5_0036,9,white tape roll,0.7439025044441223,0.7763060331344604,663.80615234375,338.5859375,759.018310546875,409.364990234375,1
Cosmos2.5_0036,9,white tape roll,0.1027691736817359,0.6238125562667847,912.5673828125,418.0442810058594,1112.830810546875,701.5101318359375,2
Cosmos2.5_0036,9,white tape roll,0.1789017915725708,0.600932240486145,600.2064208984375,1.023834228515625,1240.14990234375,700.65478515625,3
Cosmos2.5_0036,9,white tape roll,0.1073355302214622,0.5638858079910278,489.1656799316406,144.4453125,504.0066223144531,188.7847900390625,4
Cosmos2.5_0036,9,white tape roll,0.1051678583025932,0.4349726438522339,1131.5787353515625,646.7760009765625,1244.1839599609375,701.6192626953125,5
Cosmos2.5_0036,12,white tape roll,0.7442945241928101,0.8647613525390625,663.068115234375,338.14794921875,758.83349609375,409.73834228515625,1
Cosmos2.5_0036,12,white tape roll,0.1000190079212188,0.6181515455245972,912.7899780273438,474.9098510742188,1112.9697265625,701.0945434570312,2
Cosmos2.5_0036,12,white tape roll,0.1675406545400619,0.6058709621429443,594.229248046875,1.78546142578125,1233.410888671875,700.588623046875,3
Cosmos2.5_0036,12,white tape roll,0.1038207039237022,0.5674399137496948,488.5638122558594,145.17132568359375,503.9724426269531,189.044677734375,4
Cosmos2.5_0036,12,white tape roll,0.1014387458562851,0.5602537393569946,1131.90283203125,647.0222778320312,1243.756591796875,701.6071166992188,5
Cosmos2.5_0036,15,white tape roll,0.7040117383003235,0.8282496333122253,664.450439453125,338.17779541015625,759.630126953125,408.82916259765625,1
Cosmos2.5_0036,15,white tape roll,0.1962819248437881,0.6234102249145508,638.3084716796875,129.20172119140625,756.9737548828125,238.21978759765625,2
Cosmos2.5_0036,15,white tape roll,0.1176283210515976,0.6221455335617065,914.8442993164062,473.2677612304688,1113.4608154296875,701.3722534179688,3
Cosmos2.5_0036,15,white tape roll,0.2246610969305038,0.6161512136459351,628.4888916015625,13.73968505859375,1220.6795654296875,700.0936889648438,4
Cosmos2.5_0036,15,white tape roll,0.1436752825975418,0.5658574104309082,489.8863525390625,145.13690185546875,504.11083984375,189.1690368652344,5
Cosmos2.5_0036,15,white tape roll,0.1448416411876678,0.5548021793365479,1132.2518310546875,647.1989135742188,1243.1197509765625,701.7362670898438,6
Cosmos2.5_0036,18,white tape roll,0.7260834574699402,0.8038862347602844,664.3270874023438,339.5688171386719,759.1170043945312,409.9363708496094,1
Cosmos2.5_0036,18,white tape roll,0.1697554439306259,0.6301881074905396,631.71142578125,140.35374450683594,741.40234375,260.3583374023437,2
Cosmos2.5_0036,18,white tape roll,0.2330711185932159,0.6049580574035645,621.8605346679688,20.79644775390625,1210.2275390625,700.6835327148438,3
Cosmos2.5_0036,18,white tape roll,0.1210371181368827,0.5758607387542725,1131.7099609375,647.3794555664062,1242.61962890625,701.7802124023438,4
Cosmos2.5_0036,18,white tape roll,0.139133408665657,0.5680416226387024,489.4900817871094,144.52883911132812,503.9403381347656,188.9390563964844,5
Cosmos2.5_0036,21,white tape roll,0.7290360331535339,0.8423445224761963,664.0333251953125,338.4354858398437,759.2269287109375,409.0335083007813,1
Cosmos2.5_0036,21,white tape roll,0.1554431468248367,0.6230276823043823,633.600341796875,140.64349365234375,748.1953125,264.87176513671875,2
Cosmos2.5_0036,21,white tape roll,0.2302005589008331,0.609735906124115,628.722900390625,21.59286499023437,1208.9515380859375,700.249755859375,3
Cosmos2.5_0036,21,white tape roll,0.131364032626152,0.5729540586471558,1131.731689453125,647.3486328125,1243.190185546875,701.74853515625,4
Cosmos2.5_0036,21,white tape roll,0.1222332268953323,0.559073805809021,489.6213684082031,144.6977081298828,504.1451721191406,189.45985412597656,5
Cosmos2.5_0036,24,white tape roll,0.749562680721283,0.8247921466827393,663.5512084960938,338.92340087890625,758.9306030273438,409.5325317382813,1
Cosmos2.5_0036,24,white tape roll,0.2019344568252563,0.6097385287284851,626.6151123046875,27.885467529296875,1195.2764892578125,700.295166015625,2
Cosmos2.5_0036,24,white tape roll,0.1157320588827133,0.5788363218307495,1131.7225341796875,647.5691528320312,1243.3265380859375,701.6701049804688,3
Cosmos2.5_0036,24,white tape roll,0.1462599486112594,0.5581139922142029,489.5401916503906,143.9514923095703,504.1542663574219,189.5367889404297,4
Cosmos2.5_0036,27,white tape roll,0.712012529373169,0.8462184071540833,662.8135375976562,339.47808837890625,758.7031860351562,409.5357055664063,1
Cosmos2.5_0036,27,white tape roll,0.1078975051641464,0.6286239624023438,646.4863891601562,160.747314453125,743.6022338867188,277.0985412597656,2
Cosmos2.5_0036,27,white tape roll,0.2252479195594787,0.6186690926551819,641.5884399414062,43.77130126953125,1165.5068359375,700.1795043945312,3
Cosmos2.5_0036,27,white tape roll,0.1229994669556617,0.5518372058868408,1131.0355224609375,647.0538330078125,1243.2218017578125,701.74267578125,4
Cosmos2.5_0036,27,white tape roll,0.1493945121765136,0.5488600730895996,489.40142822265625,143.993896484375,503.9680786132813,188.7955322265625,5
Cosmos2.5_0036,30,white tape roll,0.672636866569519,0.8147239685058594,662.5264282226562,339.618408203125,758.6376342773438,409.6759643554688,1
Cosmos2.5_0036,30,white tape roll,0.1376660019159317,0.6347572207450867,645.13720703125,160.9628143310547,741.8702392578125,281.6420593261719,2
Cosmos2.5_0036,30,white tape roll,0.1024353206157684,0.6301736235618591,1136.7413330078125,375.4500427246094,1162.3541259765625,450.4572448730469,3
Cosmos2.5_0036,30,white tape roll,0.2372792661190033,0.6151419878005981,640.4244384765625,49.98748779296875,1162.2723388671875,700.0567016601562,4
Cosmos2.5_0036,30,white tape roll,0.1103667989373207,0.5865534543991089,1131.048828125,646.5531005859375,1242.5498046875,701.8028564453125,5
Cosmos2.5_0036,30,white tape roll,0.1269656270742416,0.567554771900177,489.0213928222656,144.04312133789062,504.1934509277344,189.17758178710935,6
Cosmos2.5_0036,33,white tape roll,0.6586223244667053,0.8271841406822205,661.3870849609375,335.4938049316406,757.6541748046875,406.8302917480469,1
Cosmos2.5_0036,33,white tape roll,0.2551440894603729,0.6235908269882202,651.810302734375,47.457794189453125,1166.28466796875,700.1116943359375,2
Cosmos2.5_0036,33,white tape roll,0.1772357523441314,0.606366753578186,654.1627197265625,155.61419677734375,748.58740234375,274.54150390625,3
Cosmos2.5_0036,33,white tape roll,0.120305985212326,0.5970412492752075,1131.390625,646.7924194335938,1243.119140625,701.6616821289062,4
Cosmos2.5_0036,33,white tape roll,0.1347498744726181,0.5618170499801636,488.7166748046875,144.22991943359375,504.159912109375,189.13247680664065,5
Cosmos2.5_0036,36,white tape roll,0.6589933633804321,0.6855987906455994,659.4457397460938,325.0118408203125,750.0657348632812,395.8569946289063,1
Cosmos2.5_0036,36,white tape roll,0.1053295508027076,0.6392948031425476,656.020263671875,149.499755859375,757.6546630859375,396.541259765625,2
Cosmos2.5_0036,36,white tape roll,0.1351936161518097,0.6269925832748413,1134.9052734375,380.21923828125,1167.9189453125,458.23870849609375,3
Cosmos2.5_0036,36,white tape roll,0.2501640617847442,0.6032441258430481,661.3814086914062,43.356781005859375,1168.688720703125,700.54931640625,4
Cosmos2.5_0036,36,white tape roll,0.2038824558258056,0.5968316793441772,666.0265502929688,150.1883087158203,756.2445678710938,243.0595550537109,5
Cosmos2.5_0036,36,white tape roll,0.1396201848983764,0.5616946220397949,488.3779296875,144.2716064453125,503.9927978515625,188.958740234375,6
Cosmos2.5_0036,36,white tape roll,0.1317461729049682,0.5516488552093506,1131.18798828125,647.0445556640625,1242.98046875,701.71240234375,7
Cosmos2.5_0036,39,white tape roll,0.7286266088485718,0.8356969952583313,660.5685424804688,319.0536499023437,749.9375610351562,395.1548461914063,1
Cosmos2.5_0036,39,white tape roll,0.1676545590162277,0.6383630037307739,667.2238159179688,150.47833251953125,759.2258911132812,269.1515808105469,2
Cosmos2.5_0036,39,white tape roll,0.1204811334609985,0.6245617866516113,1133.4149169921875,380.9397583007813,1167.6278076171875,458.0192260742188,3
Cosmos2.5_0036,39,white tape roll,0.2109590768814087,0.6047389507293701,658.4209594726562,43.40838623046875,1168.920166015625,700.1826171875,4
Cosmos2.5_0036,39,white tape roll,0.1184162050485611,0.5666980743408203,488.55511474609375,144.30873107910156,503.5755004882813,189.24571228027344,5
Cosmos2.5_0036,42,white tape roll,0.753104567527771,0.8450853824615479,660.4406127929688,318.9613342285156,749.7631225585938,395.0944519042969,1
Cosmos2.5_0036,42,white tape roll,0.1393882632255554,0.6414563655853271,666.9813842773438,150.61367797851562,758.9048461914062,269.4730834960937,2
Cosmos2.5_0036,42,white tape roll,0.1947665959596634,0.6082054376602173,660.5687255859375,43.301666259765625,1168.5328369140625,700.1124267578125,3
Cosmos2.5_0036,42,white tape roll,0.1226825416088104,0.6053496599197388,1133.55224609375,380.8991394042969,1167.53076171875,457.3186340332031,4
Cosmos2.5_0036,42,white tape roll,0.103280484676361,0.5618290305137634,488.692626953125,144.90884399414062,503.6483154296875,188.983154296875,5
Cosmos2.5_0036,45,white tape roll,0.7475442886352539,0.8250162601470947,661.1398315429688,317.9548645019531,750.3163452148438,394.3575744628906,1
Cosmos2.5_0036,45,white tape roll,0.1202020123600959,0.6147398948669434,668.1653442382812,150.16275024414062,759.3910522460938,268.3314208984375,2
Cosmos2.5_0036,45,white tape roll,0.1140840202569961,0.6136137843132019,1133.919921875,381.3565979003906,1167.669189453125,457.5909729003906,3
Cosmos2.5_0036,45,white tape roll,0.2001448720693588,0.6081571578979492,659.365234375,42.242584228515625,1169.36083984375,700.3719482421875,4
Cosmos2.5_0036,45,white tape roll,0.1061136052012443,0.5683746337890625,488.7752380371094,145.20437622070312,503.5222473144531,188.70486450195312,5
Cosmos2.5_0036,48,white tape roll,0.7405995726585388,0.7381120324134827,662.4335327148438,313.3133239746094,753.9834594726562,396.1528625488281,1
Cosmos2.5_0036,48,white tape roll,0.2008854001760482,0.6160602569580078,662.3316650390625,37.36700439453125,1174.020751953125,700.36279296875,2
Cosmos2.5_0036,48,white tape roll,0.1273120045661926,0.5971245765686035,670.92431640625,147.21151733398438,762.0328369140625,266.07232666015625,3
Cosmos2.5_0036,48,white tape roll,0.1013603210449218,0.5698059797286987,1131.515380859375,647.112060546875,1242.631591796875,701.6500244140625,4
Cosmos2.5_0036,48,white tape roll,0.1159205958247184,0.5671106576919556,488.6259765625,145.06126403808594,503.5765380859375,188.68370056152344,5
Cosmos2.5_0036,51,white tape roll,0.7234309911727905,0.7744544744491577,658.5010375976562,318.1065673828125,751.2390747070312,405.3551025390625,1
Cosmos2.5_0036,51,white tape roll,0.1188314408063888,0.662100613117218,655.1437377929688,148.1543731689453,757.8059692382812,405.8870849609375,2
Cosmos2.5_0036,51,white tape roll,0.2063644528388977,0.6157352924346924,660.0943603515625,37.33218383789063,1175.669921875,700.365966796875,3
Cosmos2.5_0036,51,white tape roll,0.1845820695161819,0.599833071231842,666.5818481445312,148.6273193359375,757.8268432617188,266.51739501953125,4
Cosmos2.5_0036,51,white tape roll,0.1054118573665618,0.5799269676208496,1131.7354736328125,647.2476196289062,1242.5780029296875,701.7410278320312,5
Cosmos2.5_0036,51,white tape roll,0.125677540898323,0.5536791086196899,488.6157531738281,144.80001831054688,503.9081726074219,188.9413146972656,6
Cosmos2.5_0036,54,white tape roll,0.706595242023468,0.8246465921401978,651.613525390625,323.7001647949219,746.1556396484375,414.0206604003906,1
Cosmos2.5_0036,54,white tape roll,0.1066382229328155,0.662744402885437,647.318115234375,151.6827850341797,751.5062255859375,414.6395263671875,2
Cosmos2.5_0036,54,white tape roll,0.2264043986797332,0.6173031330108643,651.5318603515625,39.578155517578125,1174.5850830078125,700.62744140625,3
Cosmos2.5_0036,54,white tape roll,0.1232134476304054,0.5682319402694702,488.6751708984375,145.28953552246094,504.021484375,188.5518951416016,4
Cosmos2.5_0036,54,white tape roll,0.1599814295768737,0.5636259317398071,656.2776489257812,152.05923461914062,755.8405151367188,270.7123107910156,5
Cosmos2.5_0036,54,white tape roll,0.1219040527939796,0.5406964421272278,1131.8909912109375,647.1166381835938,1242.5450439453125,701.7285766601562,6
Cosmos2.5_0036,57,white tape roll,0.599968433380127,0.8677399158477783,642.6390991210938,327.79449462890625,739.2131958007812,416.40631103515625,1
Cosmos2.5_0036,57,white tape roll,0.1030141785740852,0.6455965638160706,637.6244506835938,154.50949096679688,746.6200561523438,417.2503356933594,2
Cosmos2.5_0036,57,white tape roll,0.1194321140646934,0.6353186368942261,912.3223876953124,468.888916015625,1111.219970703125,701.549072265625,3
Cosmos2.5_0036,57,white tape roll,0.3116167485713959,0.614768385887146,641.3023681640625,42.76144409179688,1167.402587890625,700.164794921875,4
Cosmos2.5_0036,57,white tape roll,0.1586421281099319,0.6094083189964294,649.14208984375,154.90365600585938,749.7822265625,273.759521484375,5
Cosmos2.5_0036,57,white tape roll,0.1394315659999847,0.5626291632652283,488.8248291015625,145.46707153320312,504.0498046875,188.5604553222656,6
Cosmos2.5_0036,57,white tape roll,0.150936484336853,0.5402578115463257,1132.03564453125,647.1201171875,1242.8583984375,701.7735595703125,7
Cosmos2.5_0036,60,white tape roll,0.6892770528793335,0.870752215385437,638.76513671875,328.8462829589844,736.2227783203125,416.5013732910156,1
Cosmos2.5_0036,60,white tape roll,0.1004184037446975,0.6576697826385498,634.1364135742188,155.40301513671875,742.8621215820312,417.27044677734375,2
Cosmos2.5_0036,60,white tape roll,0.2536364793777466,0.6166536808013916,636.8790893554688,44.213470458984375,1165.072998046875,700.1124267578125,3
Cosmos2.5_0036,60,white tape roll,0.1236249282956123,0.585351824760437,646.2117309570312,156.0152130126953,746.3810424804688,274.69647216796875,4
Cosmos2.5_0036,60,white tape roll,0.1271056234836578,0.5793821811676025,1131.4683837890625,647.2149658203125,1242.8516845703125,701.8011474609375,5
Cosmos2.5_0036,60,white tape roll,0.1234103441238403,0.5508308410644531,488.6865539550781,146.51852416992188,503.9892883300781,188.80294799804688,6
Cosmos2.5_0036,63,white tape roll,0.6875145435333252,0.8755393624305725,638.4431762695312,329.1279296875,735.8107299804688,416.4483642578125,1
Cosmos2.5_0036,63,white tape roll,0.2599107921123504,0.616256833076477,635.3873291015625,44.39126586914063,1164.6824951171875,700.2054443359375,2
Cosmos2.5_0036,63,white tape roll,0.1233894377946853,0.5969623327255249,1131.4197998046875,647.14697265625,1242.6051025390625,701.8232421875,3
Cosmos2.5_0036,63,white tape roll,0.1061031743884086,0.5435388088226318,488.5046997070313,146.71380615234375,503.9193115234375,188.92898559570312,4
Cosmos2.5_0036,63,white tape roll,0.1065094023942947,0.5365797281265259,645.7826538085938,156.21641540527344,744.5750122070312,274.5412902832031,5
Cosmos2.5_0036,66,white tape roll,0.6824526190757751,0.8341985940933228,638.0659790039062,329.1504211425781,735.6390991210938,416.2911071777344,1
Cosmos2.5_0036,66,white tape roll,0.101945012807846,0.6595362424850464,634.1903686523438,155.93589782714844,741.2504272460938,416.9736328125,2
Cosmos2.5_0036,66,white tape roll,0.2556228339672088,0.6147679090499878,638.2921142578125,44.33734130859375,1164.481201171875,700.1560668945312,3
Cosmos2.5_0036,66,white tape roll,0.1208778992295265,0.5863214135169983,1131.52880859375,647.2384033203125,1242.739013671875,701.786865234375,4
Cosmos2.5_0036,66,white tape roll,0.1567026376724243,0.5574904084205627,645.8117065429688,156.76095581054688,744.5798950195312,274.6867370605469,5
Cosmos2.5_0036,66,white tape roll,0.115777812898159,0.5539132952690125,488.6251525878906,146.6942138671875,503.9346008300781,188.69259643554688,6
Cosmos2.5_0036,69,white tape roll,0.6770676374435425,0.8516470193862915,638.0299072265625,329.1446533203125,735.5582275390625,416.4044189453125,1
Cosmos2.5_0036,69,white tape roll,0.2470351457595825,0.6123809218406677,638.18994140625,44.2767333984375,1164.74560546875,700.11279296875,2
Cosmos2.5_0036,69,white tape roll,0.1249604970216751,0.5800194144248962,1131.5626220703125,647.2537841796875,1242.7408447265625,701.795654296875,3
Cosmos2.5_0036,69,white tape roll,0.1369073987007141,0.5784156322479248,645.8512573242188,156.96768188476562,744.0390014648438,274.560791015625,4
Cosmos2.5_0036,69,white tape roll,0.1027871146798133,0.5570570230484009,488.6905212402344,146.54151916503906,503.9690856933594,188.8751373291016,5
Cosmos2.5_0036,72,white tape roll,0.6965875029563904,0.8472452163696289,637.7699584960938,329.3694763183594,735.1268920898438,416.1940612792969,1
Cosmos2.5_0036,72,white tape roll,0.243795096874237,0.6098002791404724,636.7979125976562,44.170501708984375,1164.858642578125,700.21435546875,2
Cosmos2.5_0036,72,white tape roll,0.1142493784427642,0.5833439826965332,645.7911376953125,156.90219116210938,744.7666015625,274.0578308105469,3
Cosmos2.5_0036,72,white tape roll,0.1221101507544517,0.5703005790710449,1131.470458984375,647.3969116210938,1242.8916015625,701.7846069335938,4
Cosmos2.5_0036,75,white tape roll,0.6996020078659058,0.8461142182350159,635.0948486328125,329.21307373046875,732.3070068359375,415.4280395507813,1
Cosmos2.5_0036,75,white tape roll,0.2434763610363006,0.6103715896606445,635.0376586914062,44.35714721679688,1164.90673828125,700.240966796875,2
Cosmos2.5_0036,75,white tape roll,0.1166238784790039,0.5982766151428223,645.4217529296875,156.3783721923828,743.6429443359375,274.4126892089844,3
Cosmos2.5_0036,75,white tape roll,0.1291464418172836,0.5622071027755737,1131.443359375,647.4317626953125,1242.912841796875,701.8177490234375,4
Cosmos2.5_0036,75,white tape roll,0.1002429649233818,0.5572169423103333,488.94921875,146.5225372314453,503.8296508789063,188.7029571533203,5
Cosmos2.5_0036,78,white tape roll,0.6959450244903564,0.8544157147407532,634.6878662109375,329.41162109375,731.9461669921875,415.4829711914063,1
Cosmos2.5_0036,78,white tape roll,0.2432823479175567,0.6073912978172302,635.8463745117188,44.276947021484375,1164.50830078125,700.119873046875,2
Cosmos2.5_0036,78,white tape roll,0.1315712928771972,0.5915676355361938,1131.373046875,647.2890014648438,1243.1953125,701.8084106445312,3
Cosmos2.5_0036,78,white tape roll,0.1101104542613029,0.5621700286865234,645.24609375,156.37493896484375,744.339599609375,274.7473449707031,4
Cosmos2.5_0036,81,white tape roll,0.6951761841773987,0.8421441316604614,634.2006225585938,329.4021301269531,731.6613159179688,415.4427795410156,1
Cosmos2.5_0036,81,white tape roll,0.2426708191633224,0.6138197183609009,637.2564086914062,44.163665771484375,1164.572265625,700.00732421875,2
Cosmos2.5_0036,81,white tape roll,0.1027558296918869,0.5679565668106079,489.1561279296875,146.35997009277344,503.9453125,189.1156463623047,3
Cosmos2.5_0036,81,white tape roll,0.135438933968544,0.5647268295288086,1131.4417724609375,646.9976196289062,1243.0592041015625,701.7955932617188,4
Cosmos2.5_0036,84,white tape roll,0.7005628943443298,0.8266996145248413,634.2332153320312,329.3613586425781,731.4227905273438,415.4113464355469,1
Cosmos2.5_0036,84,white tape roll,0.1056071892380714,0.6658966541290283,631.5794067382812,154.2002410888672,740.5087280273438,416.1558837890625,2
Cosmos2.5_0036,84,white tape roll,0.2375974804162979,0.6178895831108093,642.2473754882812,43.69107055664063,1163.98828125,700.2239990234375,3
Cosmos2.5_0036,84,white tape roll,0.1648767590522766,0.5746656656265259,648.5442504882812,155.02468872070312,741.7280883789062,272.07550048828125,4
Cosmos2.5_0036,84,white tape roll,0.1030106171965599,0.5560809373855591,489.1280212402344,146.29246520996094,503.8687438964844,189.3300323486328,5
Cosmos2.5_0036,84,white tape roll,0.1253081113100052,0.5554035305976868,1131.6070556640625,646.9983520507812,1243.0638427734375,701.7827758789062,6
Cosmos2.5_0036,87,white tape roll,0.7376825213432312,0.8101961016654968,633.747802734375,329.1593933105469,731.8575439453125,415.4567565917969,1
Cosmos2.5_0036,87,white tape roll,0.2041043639183044,0.614260733127594,647.256591796875,44.162689208984375,1164.511474609375,700.2303466796875,2
Cosmos2.5_0036,87,white tape roll,0.2020564973354339,0.6035556793212891,652.7650146484375,153.70533752441406,751.9654541015625,270.196044921875,3
Cosmos2.5_0036,87,white tape roll,0.1048589646816253,0.5508824586868286,488.286865234375,146.6868896484375,503.7938232421875,188.6141357421875,4
Cosmos2.5_0036,87,white tape roll,0.1170999035239219,0.5321842432022095,1131.1383056640625,646.9754638671875,1242.9117431640625,701.72705078125,5
Cosmos2.5_0036,90,white tape roll,0.7074418067932129,0.7891548871994019,635.3631591796875,328.0165405273437,733.41748046875,414.6446533203125,1
Cosmos2.5_0036,90,white tape roll,0.1114486157894134,0.6536719799041748,632.0977783203125,152.97125244140625,755.1036376953125,415.62542724609375,2
Cosmos2.5_0036,90,white tape roll,0.1022793129086494,0.6194045543670654,1131.073486328125,378.2618408203125,1165.7939453125,453.9453125,3
Cosmos2.5_0036,90,white tape roll,0.2289617955684662,0.6117254495620728,652.4381103515625,45.8634033203125,1166.8795166015625,700.2506713867188,4
Cosmos2.5_0036,90,white tape roll,0.1621693819761276,0.6056973934173584,657.0517578125,154.1267547607422,756.85205078125,267.95330810546875,5
Cosmos2.5_0036,90,white tape roll,0.1171135678887367,0.5675657987594604,1131.6707763671875,647.0192260742188,1242.7735595703125,701.7103881835938,6
Cosmos2.5_0036,92,white tape roll,0.7377153635025024,0.826996922492981,635.3018798828125,327.72540283203125,732.9766845703125,414.04107666015625,1
Cosmos2.5_0036,92,white tape roll,0.1050023883581161,0.6576460599899292,632.4429321289062,153.7427978515625,753.7595825195312,414.9505615234375,2
Cosmos2.5_0036,92,white tape roll,0.2117739766836166,0.6122708320617676,650.9429321289062,46.50411987304688,1167.498779296875,700.3614501953125,3
Cosmos2.5_0036,92,white tape roll,0.1265645772218704,0.5864084959030151,657.2763671875,154.74851989746094,756.410888671875,268.0054931640625,4
Cosmos2.5_0036,92,white tape roll,0.1193051934242248,0.5617801547050476,1131.659912109375,646.9902954101562,1242.682373046875,701.6863403320312,5
Cosmos2.5_0057,0,yellow cube,0.7040800452232361,0.9722316861152649,772.5079345703125,386.0792846679688,802.0,420.43499755859375,1
Cosmos2.5_0057,0,yellow cube,0.1103783175349235,0.7249230146408081,953.651611328125,457.4398498535156,995.704345703125,552.9052734375,2
Cosmos2.5_0057,0,yellow cube,0.1006798893213272,0.7109590768814087,1069.2933349609375,535.8866577148438,1120.0787353515625,585.1860961914062,3
Cosmos2.5_0057,0,yellow cube,0.1228805780410766,0.7047548294067383,966.4276123046876,458.2775573730469,994.5257568359376,522.0714721679688,4
Cosmos2.5_0057,0,yellow cube,0.1310207098722458,0.5924832820892334,954.5044555664062,457.4346923828125,1119.40625,585.5101318359375,5
Cosmos2.5_0057,3,yellow cube,0.6480932235717773,0.96709144115448,772.4306640625,386.03021240234375,802.05419921875,420.0875244140625,1
Cosmos2.5_0057,3,yellow cube,0.1539085954427719,0.6925212144851685,1070.1793212890625,532.8341674804688,1121.2149658203125,583.1076049804688,2
Cosmos2.5_0057,3,yellow cube,0.1081624627113342,0.6036499738693237,961.7672729492188,458.1323852539063,1121.816162109375,583.4033813476562,3
Cosmos2.5_0057,3,yellow cube,0.1018153205513954,0.5691471099853516,2.818756103515625,225.5908660888672,985.160888671875,700.342529296875,4
Cosmos2.5_0057,3,yellow cube,0.1520441323518753,0.565944492816925,686.3115844726562,27.34161376953125,1276.405029296875,699.0327758789062,5
Cosmos2.5_0057,3,yellow cube,0.1122952401638031,0.5388861894607544,311.69903564453125,216.91815185546875,620.4730834960938,421.83148193359375,6
Cosmos2.5_0057,6,yellow cube,0.6168983578681946,0.9099152088165283,772.536376953125,386.6329040527344,801.720703125,420.1419982910156,1
Cosmos2.5_0057,6,yellow cube,0.1847509145736694,0.7556853890419006,1069.8887939453125,535.1802368164062,1121.9576416015625,584.0387573242188,2
Cosmos2.5_0057,6,yellow cube,0.1101572811603546,0.6256741285324097,894.3067016601562,637.7484130859375,1029.8720703125,702.4820556640625,3
Cosmos2.5_0057,6,yellow cube,0.1062754765152931,0.5862990617752075,960.647216796875,458.6810302734375,1122.826416015625,584.4459228515625,4
Cosmos2.5_0057,6,yellow cube,0.1770078092813491,0.5470613241195679,715.9952392578125,50.0845947265625,1240.44091796875,699.78076171875,5
Cosmos2.5_0057,6,yellow cube,0.123853862285614,0.538593053817749,312.34295654296875,216.75848388671875,620.7180786132812,421.8488159179688,6
Cosmos2.5_0057,9,yellow cube,0.5368079543113708,0.8173150420188904,769.20751953125,389.000244140625,801.18359375,421.1821899414063,1
Cosmos2.5_0057,9,yellow cube,0.178269624710083,0.7831746339797974,740.5662841796875,343.52978515625,826.6241455078125,422.2083129882813,2
Cosmos2.5_0057,9,yellow cube,0.1973392069339752,0.7608507871627808,1069.27978515625,535.947021484375,1121.37548828125,583.9478759765625,3
Cosmos2.5_0057,9,yellow cube,0.1450295597314834,0.621168851852417,894.1445922851562,637.9652709960938,1029.927734375,702.5475463867188,4
Cosmos2.5_0057,9,yellow cube,0.1354923844337463,0.5866914987564087,961.96044921875,458.4855651855469,1121.8935546875,584.3616943359375,5
Cosmos2.5_0057,9,yellow cube,0.1456804573535919,0.5359510183334351,312.0159606933594,217.17515563964844,620.595703125,422.20404052734375,6
Cosmos2.5_0057,9,yellow cube,0.2377795577049255,0.5267094373703003,733.5728149414062,61.24508666992188,1210.274658203125,700.040771484375,7
Cosmos2.5_0057,12,yellow cube,0.2157606780529022,0.7897628545761108,1069.561279296875,538.9888305664062,1120.035400390625,583.7638549804688,1
Cosmos2.5_0057,12,yellow cube,0.5219762325286865,0.7828365564346313,764.217041015625,392.2640075683594,794.150390625,424.1642150878906,2
Cosmos2.5_0057,12,yellow cube,0.1065721288323402,0.6849896907806396,735.7094116210938,316.61993408203125,845.2295532226562,425.2066650390625,3
Cosmos2.5_0057,12,yellow cube,0.1367324292659759,0.6149870157241821,893.9744873046875,638.2496337890625,1029.4881591796875,702.5452880859375,4
Cosmos2.5_0057,12,yellow cube,0.1584973335266113,0.5884473323822021,963.23681640625,458.849365234375,1120.475830078125,583.9093017578125,5
Cosmos2.5_0057,12,yellow cube,0.1617065966129303,0.5534491539001465,311.6010131835937,217.27862548828125,620.5699462890625,422.2463989257813,6
Cosmos2.5_0057,12,yellow cube,0.240314707159996,0.5396698713302612,734.1944580078125,65.40313720703125,1208.1260986328125,700.4297485351562,7
Cosmos2.5_0057,15,yellow cube,0.5354510545730591,0.7746984958648682,742.46630859375,344.9500732421875,772.288818359375,375.71771240234375,1
Cosmos2.5_0057,15,yellow cube,0.172234445810318,0.7726529836654663,1069.2828369140625,537.0751953125,1119.9610595703125,583.8114013671875,2
Cosmos2.5_0057,15,yellow cube,0.1228341832756996,0.6993333101272583,713.5588989257812,268.316650390625,823.4794311523438,376.0045166015625,3
Cosmos2.5_0057,15,yellow cube,0.1285494714975357,0.6053434014320374,893.9990844726562,638.0267333984375,1029.8145751953125,702.4586181640625,4
Cosmos2.5_0057,15,yellow cube,0.1070850789546966,0.5572898387908936,3.124908447265625,224.6411590576172,981.0128173828124,700.152587890625,5
Cosmos2.5_0057,15,yellow cube,0.2543270289897918,0.5549059510231018,715.448486328125,27.49227905273437,1271.315185546875,700.0364990234375,6
Cosmos2.5_0057,15,yellow cube,0.1351343095302581,0.5481222867965698,958.5491333007812,458.8673095703125,1120.6663818359375,584.0364990234375,7
Cosmos2.5_0057,15,yellow cube,0.1629159301519394,0.5407516956329346,311.5223999023437,216.90835571289065,620.26416015625,422.4217224121094,8
Cosmos2.5_0057,18,yellow cube,0.5175871849060059,0.7754216194152832,676.4769287109375,294.6186218261719,709.6964111328125,330.3984680175781,1
Cosmos2.5_0057,18,yellow cube,0.1948328018188476,0.7701237201690674,1069.8853759765625,527.1594848632812,1119.1651611328125,583.3811645507812,2
Cosmos2.5_0057,18,yellow cube,0.1669506430625915,0.7204992175102234,965.0285034179688,457.7360534667969,997.3163452148438,522.7900390625,3
Cosmos2.5_0057,18,yellow cube,0.1741625964641571,0.7135727405548096,950.3154296875,456.8170166015625,997.8837890625,555.2879638671875,4
Cosmos2.5_0057,18,yellow cube,0.1076431050896644,0.6495403051376343,638.5633544921875,208.96409606933597,760.4149169921875,328.7919311523437,5
Cosmos2.5_0057,18,yellow cube,0.1060721054673194,0.6218942403793335,894.5573120117188,638.0361328125,1029.9210205078125,702.4127197265625,6
Cosmos2.5_0057,18,yellow cube,0.355223000049591,0.5970487594604492,951.3653564453124,457.0762939453125,1119.5194091796875,585.063232421875,7
Cosmos2.5_0057,18,yellow cube,0.1532173156738281,0.5577095150947571,650.8167724609375,0.232513427734375,1247.5496826171875,701.2845458984375,8
Cosmos2.5_0057,18,yellow cube,0.131779745221138,0.5436979532241821,311.8626708984375,216.93756103515625,620.0317993164062,422.0513305664063,9
Cosmos2.5_0057,21,yellow cube,0.5853304862976074,0.8738983869552612,622.654296875,304.0077209472656,653.334228515625,341.3175964355469,1
Cosmos2.5_0057,21,yellow cube,0.14212267100811,0.760806679725647,1069.1650390625,518.0775756835938,1118.498046875,583.6469116210938,2
Cosmos2.5_0057,21,yellow cube,0.1432353556156158,0.7327797412872314,965.3203735351562,457.9723815917969,995.1039428710938,522.4332885742188,3
Cosmos2.5_0057,21,yellow cube,0.1294325441122055,0.7246624231338501,951.2530517578124,457.22509765625,995.8590087890624,555.29052734375,4
Cosmos2.5_0057,21,yellow cube,0.103407472372055,0.6153439283370972,894.8121337890625,637.7843017578125,1030.7442626953125,702.3883056640625,5
Cosmos2.5_0057,21,yellow cube,0.2745555639266968,0.6106665134429932,952.6917724609376,457.294677734375,1118.6317138671875,585.0694580078125,6
Cosmos2.5_0057,21,yellow cube,0.1079098209738731,0.5563499927520752,312.43487548828125,216.47640991210935,616.1531372070312,421.7250061035156,7
Cosmos2.5_0057,21,yellow cube,0.1366023868322372,0.5522443056106567,578.832763671875,25.118865966796875,1161.020263671875,697.599365234375,8
Cosmos2.5_0057,24,yellow cube,0.5857612490653992,0.8180798292160034,605.2999877929688,302.6319274902344,638.2683715820312,341.6709899902344,1
Cosmos2.5_0057,24,yellow cube,0.1625052541494369,0.7602255344390869,1069.3880615234375,515.8269653320312,1118.6512451171875,583.8696899414062,2
Cosmos2.5_0057,24,yellow cube,0.1487168222665786,0.7534147500991821,965.4797973632812,457.9383544921875,995.2683715820312,522.4884033203125,3
Cosmos2.5_0057,24,yellow cube,0.1329399794340133,0.7265883088111877,951.2774047851562,457.4953002929688,995.6618041992188,554.1630249023438,4
Cosmos2.5_0057,24,yellow cube,0.1211117655038833,0.6100822687149048,894.5589599609375,638.0886840820312,1030.9822998046875,702.5057983398438,5
Cosmos2.5_0057,24,yellow cube,0.2928299307823181,0.6049085259437561,952.7161865234376,457.1027221679688,1118.8519287109375,586.1105346679688,6
Cosmos2.5_0057,24,yellow cube,0.1273055970668792,0.567956805229187,312.5500183105469,215.8290100097656,711.051513671875,459.5856628417969,7
Cosmos2.5_0057,24,yellow cube,0.1695007383823394,0.5557442307472229,554.25048828125,49.020263671875,1151.0194091796875,597.0907592773438,8
Cosmos2.5_0057,27,yellow cube,0.5774920582771301,0.8527613878250122,578.9745483398438,292.9564514160156,611.5315551757812,331.9812316894531,1
Cosmos2.5_0057,27,yellow cube,0.1026116758584976,0.8052806854248047,520.1461181640625,294.020751953125,616.9710693359375,361.1219482421875,2
Cosmos2.5_0057,27,yellow cube,0.1800138652324676,0.7543339729309082,1068.624267578125,514.972900390625,1118.862060546875,583.6793212890625,3
Cosmos2.5_0057,27,yellow cube,0.1612282246351242,0.7363241910934448,965.4232177734376,458.0421447753906,995.490478515625,522.9689331054688,4
Cosmos2.5_0057,27,yellow cube,0.1314400434494018,0.7158767580986023,950.9906616210938,457.1424560546875,995.9174194335938,554.6696166992188,5
Cosmos2.5_0057,27,yellow cube,0.3087010681629181,0.607304573059082,954.0050048828124,457.22021484375,1119.0545654296875,584.680908203125,6
Cosmos2.5_0057,27,yellow cube,0.1116214320063591,0.6048258543014526,894.4420776367188,637.947998046875,1030.903564453125,702.5450439453125,7
Cosmos2.5_0057,27,yellow cube,0.1318871825933456,0.5703017711639404,312.671630859375,215.42266845703125,710.864990234375,459.20318603515625,8
Cosmos2.5_0057,27,yellow cube,0.1796498447656631,0.5304561257362366,534.73095703125,60.10568237304688,1152.62841796875,698.9888916015625,9
Cosmos2.5_0057,30,yellow cube,0.5349147915840149,0.7912410497665405,568.4013671875,294.60943603515625,601.3695068359375,332.6351318359375,1
Cosmos2.5_0057,30,yellow cube,0.1339124739170074,0.7469272017478943,526.665771484375,255.3385772705078,632.41064453125,359.9169311523437,2
Cosmos2.5_0057,30,yellow cube,0.1739200055599212,0.7381900548934937,1068.673828125,512.397216796875,1118.302734375,583.6260986328125,3
Cosmos2.5_0057,30,yellow cube,0.1684445887804031,0.7328585982322693,964.9751586914062,457.3556518554688,997.1051635742188,523.4758911132812,4
Cosmos2.5_0057,30,yellow cube,0.1361447125673294,0.7168958783149719,951.0210571289062,456.56549072265625,997.5281372070312,555.6434936523438,5
Cosmos2.5_0057,30,yellow cube,0.3178837299346924,0.6073733568191528,954.24462890625,456.1085815429688,1118.721923828125,588.8826293945312,6
Cosmos2.5_0057,30,yellow cube,0.1536964178085327,0.5748703479766846,312.4354553222656,215.3280334472656,710.650146484375,459.8414001464844,7
Cosmos2.5_0057,30,yellow cube,0.1304565966129303,0.5416703224182129,533.9608154296875,64.025146484375,1151.8704833984375,698.9063110351562,8
Cosmos2.5_0057,33,yellow cube,0.4964669942855835,0.7861301898956299,570.3378295898438,315.5936584472656,599.8491821289062,351.7215881347656,1
Cosmos2.5_0057,33,yellow cube,0.203088030219078,0.7420302629470825,1068.715576171875,512.1915283203125,1118.658447265625,582.71728515625,2
Cosmos2.5_0057,33,yellow cube,0.1758432686328888,0.7377593517303467,965.618408203125,457.9507446289063,997.9068603515624,523.8180541992188,3
Cosmos2.5_0057,33,yellow cube,0.154588982462883,0.7270673513412476,951.30322265625,457.2861633300781,998.1533203125,554.772705078125,4
Cosmos2.5_0057,33,yellow cube,0.1185345947742462,0.7148654460906982,536.3717651367188,278.9628295898437,624.0903930664062,354.180419921875,5
Cosmos2.5_0057,33,yellow cube,0.101477563381195,0.6340609192848206,894.5602416992188,638.172607421875,1030.5631103515625,702.4366455078125,6
Cosmos2.5_0057,33,yellow cube,0.327528178691864,0.5814638137817383,952.61865234375,457.3165283203125,1119.031982421875,583.66015625,7
Cosmos2.5_0057,33,yellow cube,0.1255793124437332,0.5516893863677979,312.2096252441406,215.7867431640625,710.3587646484375,459.9686279296875,8
Cosmos2.5_0057,33,yellow cube,0.1430306136608123,0.5514459609985352,542.4581298828125,83.49356079101562,1162.1866455078125,699.201171875,9
Cosmos2.5_0057,36,yellow cube,0.567966878414154,0.7634804248809814,574.369384765625,321.0165100097656,602.414794921875,356.5950622558594,1
Cosmos2.5_0057,36,yellow cube,0.1169222965836525,0.7580626010894775,541.8107299804688,285.4341735839844,629.8745727539062,358.7514953613281,2
Cosmos2.5_0057,36,yellow cube,0.1167230829596519,0.7356719970703125,966.671875,458.2408142089844,997.8831787109376,523.3292846679688,3
Cosmos2.5_0057,36,yellow cube,0.1232710257172584,0.7345063090324402,951.1886596679688,457.1755981445313,998.8816528320312,554.9583129882812,4
Cosmos2.5_0057,36,yellow cube,0.1664261519908905,0.7133355736732483,1068.38916015625,513.3685913085938,1118.69921875,583.0335083007812,5
Cosmos2.5_0057,36,yellow cube,0.1200058162212371,0.6183723211288452,894.3695678710938,638.0137939453125,1030.560546875,702.5228271484375,6
Cosmos2.5_0057,36,yellow cube,0.2474420517683029,0.6060895919799805,953.254638671875,457.3470458984375,1118.86865234375,583.921142578125,7
Cosmos2.5_0057,36,yellow cube,0.168840691447258,0.5522394180297852,552.8724975585938,92.96957397460938,1167.8173828125,699.9697265625,8
Cosmos2.5_0057,36,yellow cube,0.1623271107673645,0.5432413816452026,312.2472229003906,215.6639404296875,711.07080078125,460.0925903320313,9
Cosmos2.5_0057,39,yellow cube,0.206031858921051,0.8076964616775513,568.9923095703125,311.81060791015625,616.971923828125,362.9985961914063,1
Cosmos2.5_0057,39,yellow cube,0.4272708296775818,0.7959854602813721,573.2716064453125,324.8335876464844,599.9248046875,360.7514343261719,2
Cosmos2.5_0057,39,yellow cube,0.187359407544136,0.7615491151809692,1068.5086669921875,513.7245483398438,1119.0233154296875,583.2316284179688,3
Cosmos2.5_0057,39,yellow cube,0.1292184144258499,0.7580387592315674,965.134033203125,457.9152526855469,998.61865234375,523.34326171875,4
Cosmos2.5_0057,39,yellow cube,0.1636223047971725,0.7458969354629517,951.562255859375,457.1575927734375,999.193603515625,554.2926025390625,5
Cosmos2.5_0057,39,yellow cube,0.1548942178487777,0.7359939813613892,544.2970581054688,285.4335632324219,630.9403686523438,361.6382751464844,6
Cosmos2.5_0057,39,yellow cube,0.1344591379165649,0.6153335571289062,894.2037353515625,638.0345458984375,1030.282958984375,702.4779052734375,7
Cosmos2.5_0057,39,yellow cube,0.329429030418396,0.598045825958252,952.31396484375,457.0857238769531,1119.11279296875,584.069580078125,8
Cosmos2.5_0057,39,yellow cube,0.186218112707138,0.5499880909919739,555.9229125976562,95.3677978515625,1168.7333984375,699.6578979492188,9
Cosmos2.5_0057,39,yellow cube,0.1473918110132217,0.5212976336479187,312.19647216796875,215.706787109375,710.6735229492188,459.822998046875,10
Cosmos2.5_0057,42,yellow cube,0.3123552203178406,0.766729474067688,565.656005859375,309.1855773925781,603.1605224609375,364.0906066894531,1
Cosmos2.5_0057,42,yellow cube,0.3437798023223877,0.7648847103118896,571.399169921875,337.2177124023437,596.0570068359375,363.6226806640625,2
Cosmos2.5_0057,42,yellow cube,0.2006649374961853,0.7477682828903198,1068.60986328125,514.1739501953125,1118.80126953125,583.1693115234375,3
Cosmos2.5_0057,42,yellow cube,0.122667595744133,0.7378206253051758,965.407958984375,458.1560974121094,998.5191650390624,523.8875122070312,4
Cosmos2.5_0057,42,yellow cube,0.1630383878946304,0.7364264726638794,951.5797729492188,457.2661437988281,999.1956176757812,554.508056640625,5
Cosmos2.5_0057,42,yellow cube,0.166744977235794,0.7153047919273376,539.688232421875,284.3012390136719,630.8751220703125,364.3934631347656,6
Cosmos2.5_0057,42,yellow cube,0.181340679526329,0.6056653261184692,894.5835571289062,637.9306640625,1030.040283203125,702.5758056640625,7
Cosmos2.5_0057,42,yellow cube,0.3262430727481842,0.5902814865112305,952.3992919921876,457.09417724609375,1118.9190673828125,584.2487182617188,8
Cosmos2.5_0057,42,yellow cube,0.2200261354446411,0.5501089096069336,550.8455810546875,95.636962890625,1168.7393798828125,700.1021728515625,9
Cosmos2.5_0057,42,yellow cube,0.1459511816501617,0.5166330337524414,312.0061340332031,215.69374084472656,710.29150390625,459.7337646484375,10
Cosmos2.5_0057,45,yellow cube,0.1555807739496231,0.7564706802368164,1068.728759765625,514.3128662109375,1119.1728515625,583.064208984375,1
Cosmos2.5_0057,45,yellow cube,0.5702645182609558,0.751537561416626,568.7909545898438,361.8363037109375,596.7835083007812,395.28314208984375,2
Cosmos2.5_0057,45,yellow cube,0.1047067940235138,0.746801495552063,951.78515625,456.8249206542969,999.73193359375,557.7282104492188,3
Cosmos2.5_0057,45,yellow cube,0.2098184078931808,0.6147506237030029,953.4898681640624,456.9906005859375,1119.3116455078125,584.0147705078125,4
Cosmos2.5_0057,45,yellow cube,0.121655486524105,0.6099316477775574,894.48779296875,637.9789428710938,1030.318359375,702.5983276367188,5
Cosmos2.5_0057,45,yellow cube,0.1619272381067276,0.5391451120376587,560.1857299804688,97.36135864257812,1168.474365234375,700.444580078125,6
Cosmos2.5_0057,45,yellow cube,0.1172865852713584,0.5334831476211548,312.2252197265625,216.39035034179688,710.15966796875,460.0201110839844,7
Cosmos2.5_0057,48,yellow cube,0.5890875458717346,0.7860442399978638,562.5618286132812,361.5535888671875,592.4093627929688,391.2008056640625,1
Cosmos2.5_0057,48,yellow cube,0.1370235979557037,0.751089334487915,1068.978759765625,521.080810546875,1118.65625,582.7005615234375,2
Cosmos2.5_0057,48,yellow cube,0.1026063933968544,0.6176263093948364,894.1978759765625,638.029541015625,1030.8270263671875,702.6015625,3
Cosmos2.5_0057,48,yellow cube,0.1699792444705963,0.6029624938964844,952.6998291015624,457.3904113769531,1118.7017822265625,583.2539672851562,4
Cosmos2.5_0057,48,yellow cube,0.1513354778289795,0.5595499277114868,312.03955078125,216.28543090820312,708.1505737304688,460.2353820800781,5
Cosmos2.5_0057,48,yellow cube,0.1441308557987213,0.5442297458648682,572.856689453125,54.72531127929688,1165.218017578125,699.3162841796875,6
Cosmos2.5_0057,51,yellow cube,0.5403734445571899,0.8948560953140259,547.6957397460938,354.6709899902344,576.0390014648438,385.2195129394531,1
Cosmos2.5_0057,51,yellow cube,0.1572553962469101,0.7204673290252686,1068.867431640625,515.6942138671875,1119.08837890625,583.094482421875,2
Cosmos2.5_0057,51,yellow cube,0.1389554589986801,0.7110024690628052,951.4376220703124,456.8426513671875,999.2633056640624,557.1473388671875,3
Cosmos2.5_0057,51,yellow cube,0.1385865956544876,0.6781377792358398,964.3668212890624,457.4093933105469,998.5604248046876,523.046875,4
Cosmos2.5_0057,51,yellow cube,0.1195936128497123,0.603759765625,894.343017578125,638.0943603515625,1031.1439208984375,702.5009765625,5
Cosmos2.5_0057,51,yellow cube,0.2477561831474304,0.5970550775527954,953.0451049804688,457.1507568359375,1119.1826171875,584.624755859375,6
Cosmos2.5_0057,51,yellow cube,0.1076442375779151,0.5434157848358154,2.570587158203125,275.734130859375,973.084228515625,700.459228515625,7
Cosmos2.5_0057,51,yellow cube,0.2082154303789138,0.5302841067314148,312.3088073730469,215.73635864257807,697.8580322265625,445.2524108886719,8
Cosmos2.5_0057,51,yellow cube,0.1820675283670425,0.5247207880020142,552.5811767578125,1.595245361328125,1173.3677978515625,700.1805419921875,9
Cosmos2.5_0057,54,yellow cube,0.175213411450386,0.7209615707397461,1070.5230712890625,529.7883911132812,1119.2767333984375,583.8356323242188,1
Cosmos2.5_0057,54,yellow cube,0.1452542841434478,0.7142696380615234,951.5491943359376,457.4466857910156,999.2725830078124,555.1537475585938,2
Cosmos2.5_0057,54,yellow cube,0.3999250829219818,0.6969029903411865,532.7543334960938,349.29498291015625,555.7947387695312,376.9461059570313,3
Cosmos2.5_0057,54,yellow cube,0.1103602647781372,0.6719444990158081,968.3408813476562,458.7566528320313,997.5784301757812,522.1066284179688,4
Cosmos2.5_0057,54,yellow cube,0.2789201438426971,0.6104005575180054,952.8237915039062,457.6705932617188,1119.6768798828125,585.5508422851562,5
Cosmos2.5_0057,54,yellow cube,0.1452189832925796,0.6101381778717041,894.4697265625,638.31689453125,1031.0269775390625,702.49951171875,6
Cosmos2.5_0057,54,yellow cube,0.125395119190216,0.5300585627555847,2.370025634765625,278.38848876953125,976.5655517578124,700.8565063476562,7
Cosmos2.5_0057,54,yellow cube,0.1957187205553054,0.5268442630767822,549.4345703125,17.69134521484375,1162.133544921875,699.9453735351562,8
Cosmos2.5_0057,54,yellow cube,0.291022390127182,0.5228444933891296,312.4906311035156,215.3534240722656,679.636474609375,433.4147644042969,9
Cosmos2.5_0057,57,yellow cube,0.2087516486644745,0.7686675786972046,1070.68359375,532.4898681640625,1119.697021484375,583.533447265625,1
Cosmos2.5_0057,57,yellow cube,0.1476158052682876,0.7364776730537415,951.78759765625,457.0985412597656,999.9990234375,555.0342407226562,2
Cosmos2.5_0057,57,yellow cube,0.128679409623146,0.7231738567352295,966.1390380859376,458.6611328125,998.097412109375,522.7178344726562,3
Cosmos2.5_0057,57,yellow cube,0.3477090001106262,0.6170271039009094,513.9998168945312,342.8746643066406,536.3201293945312,369.7471008300781,4
Cosmos2.5_0057,57,yellow cube,0.1677595824003219,0.6078439950942993,894.6304321289062,638.2009887695312,1030.9556884765625,702.5130004882812,5
Cosmos2.5_0057,57,yellow cube,0.3351703882217407,0.593563437461853,953.1185302734376,457.4788208007813,1120.5872802734375,585.2791137695312,6
Cosmos2.5_0057,57,yellow cube,0.1186588183045387,0.5339741706848145,1.942962646484375,273.7288513183594,987.59375,700.8135986328125,7
Cosmos2.5_0057,57,yellow cube,0.2264862805604934,0.530784010887146,543.0932006835938,51.369415283203125,1180.34619140625,699.7711181640625,8
Cosmos2.5_0057,57,yellow cube,0.298780083656311,0.5103322267532349,312.4776611328125,216.18663024902344,667.3657836914062,427.0609130859375,9
Cosmos2.5_0057,60,yellow cube,0.1599191278219223,0.733647346496582,950.9976806640624,457.5448913574219,999.2012939453124,555.143798828125,1
Cosmos2.5_0057,60,yellow cube,0.1937915533781051,0.7258022427558899,1070.3511962890625,531.9992065429688,1119.7786865234375,583.8069458007812,2
Cosmos2.5_0057,60,yellow cube,0.1316023021936416,0.7004045844078064,967.465087890625,459.09967041015625,997.7633056640624,522.443359375,3
Cosmos2.5_0057,60,yellow cube,0.1045782193541526,0.6208540797233582,936.5413818359376,674.798095703125,993.86279296875,702.322021484375,4
Cosmos2.5_0057,60,yellow cube,0.226340040564537,0.5967816114425659,894.5435791015625,637.9859008789062,1030.3118896484375,702.6980590820312,5
Cosmos2.5_0057,60,yellow cube,0.4071887731552124,0.5659887194633484,952.1758422851562,457.6806335449219,1120.4658203125,585.0283203125,6
Cosmos2.5_0057,60,yellow cube,0.1196654886007309,0.541095495223999,1131.6759033203125,647.2166748046875,1243.4290771484375,702.168701171875,7
Cosmos2.5_0057,60,yellow cube,0.1321860700845718,0.5235750675201416,2.514373779296875,271.01092529296875,975.202392578125,700.7498168945312,8
Cosmos2.5_0057,60,yellow cube,0.2374849319458007,0.522984504699707,540.4180908203125,75.44515991210938,1187.2047119140625,699.6510009765625,9
Cosmos2.5_0057,60,yellow cube,0.2942776978015899,0.5166070461273193,312.163818359375,215.98684692382807,658.591552734375,424.5339660644531,10
Cosmos2.5_0057,63,yellow cube,0.2133373320102691,0.7466272711753845,1069.3955078125,535.0532836914062,1119.79248046875,583.7072143554688,1
Cosmos2.5_0057,63,yellow cube,0.1497921347618103,0.7332321405410767,950.9029541015624,457.4485473632813,998.383056640625,554.2457885742188,2
Cosmos2.5_0057,63,yellow cube,0.1446313560009002,0.713199257850647,965.433837890625,458.410400390625,997.734375,523.1510009765625,3
Cosmos2.5_0057,63,yellow cube,0.1124410554766655,0.6063829660415649,937.6126708984376,675.648681640625,992.9842529296876,702.4296875,4
Cosmos2.5_0057,63,yellow cube,0.2079276442527771,0.595720112323761,894.4048461914062,638.0906982421875,1030.5416259765625,702.640869140625,5
Cosmos2.5_0057,63,yellow cube,0.3776347041130066,0.554438054561615,952.77294921875,457.6334533691406,1120.47265625,585.4722900390625,6
Cosmos2.5_0057,63,yellow cube,0.1210793256759643,0.543276846408844,1131.8482666015625,647.2251586914062,1242.8941650390625,702.2177124023438,7
Cosmos2.5_0057,63,yellow cube,0.1446924805641174,0.5383793115615845,2.893768310546875,270.61834716796875,972.1661376953124,700.7604370117188,8
Cosmos2.5_0057,63,yellow cube,0.2443991601467132,0.5221953988075256,542.1896362304688,86.1910400390625,1190.5654296875,699.7848510742188,9
Cosmos2.5_0057,63,yellow cube,0.3161588907241821,0.4838104546070099,312.3673400878906,215.7654266357422,652.9451904296875,423.09619140625,10
Cosmos2.5_0057,66,yellow cube,0.1524019986391067,0.7258216142654419,966.123046875,458.2949523925781,997.4830322265624,522.5587768554688,1
Cosmos2.5_0057,66,yellow cube,0.2095505148172378,0.7192195653915405,1069.7113037109375,533.2730102539062,1119.4998779296875,584.0696411132812,2
Cosmos2.5_0057,66,yellow cube,0.1585972309112548,0.6982043981552124,950.109375,457.3014831542969,998.007080078125,552.8221435546875,3
Cosmos2.5_0057,66,yellow cube,0.1129603385925293,0.6134347915649414,937.44384765625,675.1510009765625,992.982666015625,702.46337890625,4
Cosmos2.5_0057,66,yellow cube,0.2171325534582138,0.5896611213684082,894.3947143554688,637.9776611328125,1030.4488525390625,702.7095947265625,5
Cosmos2.5_0057,66,yellow cube,0.1233510822057724,0.565251350402832,1131.177490234375,647.1229858398438,1243.11474609375,702.2189331054688,6
Cosmos2.5_0057,66,yellow cube,0.3849469423294067,0.5569040775299072,952.0416870117188,457.2637634277344,1120.140380859375,586.875244140625,7
Cosmos2.5_0057,66,yellow cube,0.1473358869552612,0.540259599685669,2.192413330078125,269.281494140625,968.5084228515624,700.8463745117188,8
Cosmos2.5_0057,66,yellow cube,0.2461868673563003,0.5181634426116943,543.7813720703125,91.54986572265624,1192.7174072265625,699.818115234375,9
Cosmos2.5_0057,66,yellow cube,0.2958917915821075,0.5069990158081055,312.24249267578125,215.8947296142578,651.3494262695312,422.6803588867188,10
Cosmos2.5_0057,69,yellow cube,0.2148011326789856,0.750724196434021,1069.4307861328125,533.7479858398438,1120.0904541015625,584.4934692382812,1
Cosmos2.5_0057,69,yellow cube,0.1546369045972824,0.7456066608428955,966.0389404296876,457.86724853515625,997.4095458984376,522.4638671875,2
Cosmos2.5_0057,69,yellow cube,0.164612129330635,0.7198256254196167,950.8532104492188,457.08251953125,997.9078979492188,553.0012817382812,3
Cosmos2.5_0057,69,yellow cube,0.1211061999201774,0.6199922561645508,937.9432373046876,675.40869140625,993.3519287109376,702.3712158203125,4
Cosmos2.5_0057,69,yellow cube,0.2286768555641174,0.6023158431053162,894.5347900390625,638.0086059570312,1030.2318115234375,702.7130737304688,5
Cosmos2.5_0057,69,yellow cube,0.1639316827058792,0.5579483509063721,2.506439208984375,270.5385131835937,969.1414794921876,701.0574951171875,6
Cosmos2.5_0057,69,yellow cube,0.1368121206760406,0.5556765794754028,1130.9818115234375,647.0319213867188,1243.1944580078125,702.2930297851562,7
Cosmos2.5_0057,69,yellow cube,0.3805771768093109,0.5541636943817139,952.5082397460938,457.0684509277344,1120.6187744140625,586.2301025390625,8
Cosmos2.5_0057,69,yellow cube,0.2450767606496811,0.5244870185852051,545.209228515625,94.5684814453125,1193.281982421875,699.7569580078125,9
Cosmos2.5_0057,69,yellow cube,0.3111802041530609,0.5038274526596069,312.0760498046875,215.97018432617188,650.697509765625,423.0685119628906,10
Cosmos2.5_0057,72,yellow cube,0.2114406824111938,0.7272743582725525,1069.331787109375,533.5153198242188,1119.871337890625,583.7741088867188,1
Cosmos2.5_0057,72,yellow cube,0.1440978348255157,0.7175049781799316,963.0520629882812,457.67034912109375,997.2548217773438,524.289794921875,2
Cosmos2.5_0057,72,yellow cube,0.1787335276603698,0.7059388160705566,950.1618041992188,457.1834716796875,997.3876342773438,553.69091796875,3
Cosmos2.5_0057,72,yellow cube,0.108018547296524,0.6031397581100464,937.7792358398438,675.0748901367188,993.1963500976562,702.4382934570312,4
Cosmos2.5_0057,72,yellow cube,0.2070420384407043,0.593561589717865,894.6431274414062,638.0872802734375,1030.343017578125,702.6685791015625,5
Cosmos2.5_0057,72,yellow cube,0.4003569185733795,0.5735224485397339,951.97021484375,457.2259216308594,1120.5068359375,586.275146484375,6
Cosmos2.5_0057,72,yellow cube,0.1192220151424408,0.5688703060150146,1131.030517578125,647.1900024414062,1243.063720703125,702.2029418945312,7
Cosmos2.5_0057,72,yellow cube,0.1469321697950363,0.5485454201698303,2.351531982421875,271.16876220703125,969.6590576171876,700.8248901367188,8
Cosmos2.5_0057,72,yellow cube,0.2248882800340652,0.519035279750824,545.7083740234375,96.33673095703124,1193.381103515625,699.6094360351562,9
Cosmos2.5_0057,72,yellow cube,0.2973369359970093,0.5088441967964172,312.1430053710937,216.0462188720703,649.3545532226562,423.1726684570313,10
Cosmos2.5_0057,75,yellow cube,0.1502110213041305,0.7246325016021729,967.3125610351562,458.7290344238281,997.0590209960938,522.4611206054688,1
Cosmos2.5_0057,75,yellow cube,0.2252880632877349,0.715451717376709,1069.41796875,533.1311645507812,1119.699462890625,583.5988159179688,2
Cosmos2.5_0057,75,yellow cube,0.1881310045719146,0.6901138424873352,949.776123046875,457.29498291015625,997.8531494140624,553.526123046875,3
Cosmos2.5_0057,75,yellow cube,0.1972036361694336,0.6085573434829712,894.7057495117188,637.9559326171875,1030.1820068359375,702.647216796875,4
Cosmos2.5_0057,75,yellow cube,0.4337595105171203,0.5953727960586548,951.2828369140624,457.3670349121094,1120.3079833984375,585.2425537109375,5
Cosmos2.5_0057,75,yellow cube,0.1240200027823448,0.5477766990661621,2.1519775390625,271.5780334472656,970.0587768554688,700.9195556640625,6
Cosmos2.5_0057,75,yellow cube,0.1119151711463928,0.5438380241394043,1131.424072265625,647.3165893554688,1243.359619140625,702.2262573242188,7
Cosmos2.5_0057,75,yellow cube,0.1956937760114669,0.5209090709686279,545.4633178710938,96.69375610351562,1193.197021484375,699.639404296875,8
Cosmos2.5_0057,75,yellow cube,0.2720475196838379,0.498666912317276,312.286376953125,215.98178100585935,650.8587646484375,423.3119201660156,9
Cosmos2.5_0057,78,yellow cube,0.1499570310115814,0.7315496206283569,966.8900756835938,458.4524230957031,997.2171020507812,522.2999267578125,1
Cosmos2.5_0057,78,yellow cube,0.2307608425617218,0.7207043170928955,1069.8206787109375,534.1262817382812,1119.9884033203125,583.4163208007812,2
Cosmos2.5_0057,78,yellow cube,0.1916650533676147,0.7118399143218994,950.2537841796876,457.172607421875,997.8441162109376,553.6640625,3
Cosmos2.5_0057,78,yellow cube,0.1949547082185745,0.6039212346076965,894.8564453125,637.97705078125,1030.1826171875,702.6104736328125,4
Cosmos2.5_0057,78,yellow cube,0.1135535314679145,0.571044385433197,1131.5069580078125,647.327392578125,1243.5157470703125,702.18505859375,5
Cosmos2.5_0057,78,yellow cube,0.4152648746967315,0.5704052448272705,951.3380737304688,457.0981750488281,1120.819091796875,585.5488891601562,6
Cosmos2.5_0057,78,yellow cube,0.1317364275455474,0.5406638383865356,2.329986572265625,270.0352783203125,970.426025390625,700.897705078125,7
Cosmos2.5_0057,78,yellow cube,0.2145581245422363,0.5288426280021667,543.7940063476562,92.83306884765624,1193.400634765625,699.5076293945312,8
Cosmos2.5_0057,78,yellow cube,0.2650564014911651,0.5191283226013184,312.322021484375,215.8758544921875,648.1905517578125,423.28619384765625,9
Cosmos2.5_0057,81,yellow cube,0.1450846344232559,0.7283424139022827,967.7266845703124,458.52447509765625,997.094482421875,522.0029296875,1
Cosmos2.5_0057,81,yellow cube,0.1922428011894226,0.7159461975097656,950.5628662109376,457.0963745117188,997.8048095703124,554.4840087890625,2
Cosmos2.5_0057,81,yellow cube,0.219111829996109,0.7023223638534546,1069.8631591796875,533.9150390625,1119.6922607421875,583.0875244140625,3
Cosmos2.5_0057,81,yellow cube,0.1930842846632003,0.601726770401001,894.7450561523438,638.0088500976562,1030.0,702.5996704101562,4
Cosmos2.5_0057,81,yellow cube,0.4272926747798919,0.5786818265914917,951.6405029296876,457.1483459472656,1120.4368896484375,584.9688110351562,5
Cosmos2.5_0057,81,yellow cube,0.1064474061131477,0.5766539573669434,1131.609375,647.3984375,1243.57763671875,702.2069091796875,6
Cosmos2.5_0057,81,yellow cube,0.1115868091583252,0.5418905019760132,2.548095703125,269.86395263671875,970.965087890625,700.6849975585938,7
Cosmos2.5_0057,81,yellow cube,0.2551715970039367,0.5288751125335693,312.37872314453125,216.06692504882807,646.7738037109375,423.4081115722656,8
Cosmos2.5_0057,81,yellow cube,0.2185408473014831,0.5265175700187683,540.7766723632812,81.04440307617188,1193.6416015625,699.2430419921875,9
Cosmos2.5_0057,84,yellow cube,0.1420640796422958,0.7245070934295654,967.9423828125,458.4458618164063,996.975830078125,522.083984375,1
Cosmos2.5_0057,84,yellow cube,0.2201366424560547,0.6996642351150513,1069.965087890625,533.9847412109375,1119.064208984375,583.1748046875,2
Cosmos2.5_0057,84,yellow cube,0.1802590936422348,0.6924248933792114,950.428955078125,457.08013916015625,997.7711181640624,553.4067993164062,3
Cosmos2.5_0057,84,yellow cube,0.1940101981163025,0.6132389307022095,894.700927734375,637.9391479492188,1030.188232421875,702.6177368164062,4
Cosmos2.5_0057,84,yellow cube,0.4108460247516632,0.5768046379089355,951.7984008789062,457.0780944824219,1119.8349609375,585.4969482421875,5
Cosmos2.5_0057,84,yellow cube,0.1108485907316207,0.5488831400871277,1131.6824951171875,647.2078857421875,1243.4888916015625,702.20654296875,6
Cosmos2.5_0057,84,yellow cube,0.2665439546108246,0.5199863910675049,312.4228820800781,215.9017639160156,646.0072021484375,423.4390563964844,7
Cosmos2.5_0057,84,yellow cube,0.2195547223091125,0.5176742672920227,538.6113891601562,75.63162231445312,1193.263671875,699.588623046875,8
Cosmos2.5_0057,84,yellow cube,0.1229747310280799,0.5172842144966125,2.6573486328125,269.9759216308594,970.0064697265624,700.77880859375,9
Cosmos2.5_0057,87,yellow cube,0.1646278202533722,0.7350149154663086,1069.370361328125,537.3308715820312,1123.4296875,585.1998901367188,1
Cosmos2.5_0057,87,yellow cube,0.1238579824566841,0.725204348564148,965.6546020507812,457.72406005859375,996.4721069335938,523.1665649414062,2
Cosmos2.5_0057,87,yellow cube,0.1092437133193016,0.6931715607643127,950.90673828125,456.6946411132813,997.282958984375,555.7142944335938,3
Cosmos2.5_0057,87,yellow cube,0.2413183152675628,0.6064553260803223,894.23193359375,638.0414428710938,1029.8017578125,702.6043090820312,4
Cosmos2.5_0057,87,yellow cube,0.1161988154053688,0.5909249782562256,937.12451171875,674.587890625,994.3739013671876,702.233642578125,5
Cosmos2.5_0057,87,yellow cube,0.2302468717098236,0.5692762136459351,956.1754150390624,457.4081726074219,1124.0758056640625,586.0494384765625,6
Cosmos2.5_0057,87,yellow cube,0.10410737991333,0.5383898019790649,548.9453125,152.1549072265625,657.3984375,241.43798828125,7
Cosmos2.5_0057,87,yellow cube,0.1850828528404235,0.5350179076194763,2.1978759765625,266.196533203125,972.4942626953124,700.6740112304688,8
Cosmos2.5_0057,87,yellow cube,0.1365741938352584,0.5338513851165771,1131.7958984375,645.774658203125,1242.880615234375,702.388916015625,9
Cosmos2.5_0057,87,yellow cube,0.3880338072776794,0.531148374080658,311.6112976074219,216.03103637695312,645.44140625,423.6276550292969,10
Cosmos2.5_0057,87,yellow cube,0.3167972862720489,0.5216566920280457,585.9697875976562,20.381256103515625,1188.973388671875,699.4906005859375,11
Cosmos2.5_0057,87,yellow cube,0.1066354811191558,0.49554532766342163,2.00341796875,0.62371826171875,1278.0289306640625,702.5548095703125,12
Cosmos2.5_0057,90,yellow cube,0.1104585826396942,0.7370915412902832,1068.0087890625,537.1984252929688,1112.491943359375,585.0608520507812,1
Cosmos2.5_0057,90,yellow cube,0.2382927983999252,0.609154462814331,894.2781982421875,638.0950927734375,1029.579833984375,702.5924072265625,2
Cosmos2.5_0057,90,yellow cube,0.1175981611013412,0.6064136028289795,937.6657104492188,675.4114379882812,992.8526000976562,702.2312622070312,3
Cosmos2.5_0057,90,yellow cube,0.1476004421710968,0.5609579086303711,955.7298583984376,456.4407653808594,1112.8551025390625,586.0921020507812,4
Cosmos2.5_0057,90,yellow cube,0.4365668594837188,0.54863440990448,311.4586181640625,216.4234313964844,645.8900756835938,423.7497253417969,5
Cosmos2.5_0057,90,yellow cube,0.2009809166193008,0.548433244228363,2.818115234375,265.0209350585937,974.44873046875,700.6499633789062,6
Cosmos2.5_0057,90,yellow cube,0.129449263215065,0.5293102860450745,315.1341247558594,217.23829650878903,610.3228759765625,321.983154296875,7
Cosmos2.5_0057,90,yellow cube,0.112935222685337,0.5169181823730469,902.726318359375,55.011810302734375,1193.891845703125,700.4881591796875,8
Cosmos2.5_0057,90,yellow cube,0.2987479567527771,0.5121317505836487,620.899169921875,16.675689697265625,1206.28173828125,700.1402587890625,9
Cosmos2.5_0057,90,yellow cube,0.1032024100422859,0.5070847868919373,1131.830078125,646.79345703125,1242.68017578125,702.3116455078125,10
Cosmos2.5_0057,90,yellow cube,0.1054840460419654,0.4922980070114136,2.08056640625,1.353118896484375,1277.8021240234375,701.6961669921875,11
Cosmos2.5_0057,92,yellow cube,0.1273441463708877,0.719893217086792,965.3668823242188,457.0650634765625,993.8890991210938,523.0845336914062,1
Cosmos2.5_0057,92,yellow cube,0.1043232530355453,0.7011550664901733,951.3211059570312,456.3105163574219,994.4021606445312,555.9810791015625,2
Cosmos2.5_0057,92,yellow cube,0.1198878437280654,0.6066744327545166,937.4827270507812,675.136962890625,993.2368774414062,702.2642822265625,3
Cosmos2.5_0057,92,yellow cube,0.2400292605161667,0.6058663129806519,894.6060791015625,638.0580444335938,1029.69580078125,702.6498413085938,4
Cosmos2.5_0057,92,yellow cube,0.1226363629102706,0.5586354732513428,955.4801025390624,456.8185729980469,1110.0311279296875,584.062744140625,5
Cosmos2.5_0057,92,yellow cube,0.424536257982254,0.5512548089027405,311.4967041015625,216.39553833007807,645.7152709960938,423.7685241699219,6
Cosmos2.5_0057,92,yellow cube,0.1264809072017669,0.5446864366531372,315.08966064453125,217.5747833251953,610.119384765625,320.2350158691406,7
Cosmos2.5_0057,92,yellow cube,0.1990139484405517,0.5281009674072266,2.964599609375,262.4927978515625,972.27490234375,700.5986938476562,8
Cosmos2.5_0057,92,yellow cube,0.3017220497131347,0.518838107585907,631.473876953125,22.62030029296875,1202.389404296875,699.8890991210938,9
Cosmos2.5_0057,92,yellow cube,0.1310455054044723,0.5131621360778809,1131.3472900390625,646.9910888671875,1243.1597900390625,702.3782958984375,10
Cosmos2.5_0057,92,yellow cube,0.1092655956745147,0.5059182643890381,902.3656616210938,56.1915283203125,1195.74072265625,701.2137451171875,11
Cosmos2.5_0057,92,yellow cube,0.1040055826306343,0.49161213636398315,2.15472412109375,1.10284423828125,1278.026123046875,701.9403686523438,12
Cosmos3_seed101_0039,0,brown cube,0.7446960210800171,0.9609690308570862,472.6421813964844,363.7569580078125,591.5555419921875,474.7150268554688,1
Cosmos3_seed101_0039,0,brown cube,0.1213861480355262,0.6626429557800293,1133.5272216796875,556.54541015625,1195.8594970703125,597.6309814453125,2
Cosmos3_seed101_0039,0,brown cube,0.1285450160503387,0.6612504720687866,1111.63037109375,542.7215576171875,1219.003662109375,629.7296142578125,3
Cosmos3_seed101_0039,0,brown cube,0.15022012591362,0.6599351167678833,3.452056884765625,259.7303161621094,986.226806640625,717.32275390625,4
Cosmos3_seed101_0039,3,brown cube,0.7401434779167175,0.9476197957992554,472.9991760253906,363.4381408691406,591.4751586914062,472.6242370605469,1
Cosmos3_seed101_0039,3,brown cube,0.1386317461729049,0.6695661544799805,1111.4512939453125,543.2910766601562,1219.2542724609375,630.7335815429688,2
Cosmos3_seed101_0039,3,brown cube,0.1137992888689041,0.6659228801727295,1133.5037841796875,556.6966552734375,1195.3768310546875,597.5947265625,3
Cosmos3_seed101_0039,3,brown cube,0.146763414144516,0.660362958908081,3.490966796875,259.74908447265625,984.2344970703124,717.20556640625,4
Cosmos3_seed101_0039,6,brown cube,0.7506785988807678,0.9471084475517273,472.7372741699219,364.20452880859375,591.700927734375,473.9371337890625,1
Cosmos3_seed101_0039,6,brown cube,0.1217140778899192,0.6648993492126465,1111.862060546875,543.4240112304688,1219.217529296875,629.9641723632812,2
Cosmos3_seed101_0039,6,brown cube,0.1383332014083862,0.662163496017456,3.6910400390625,259.8056030273437,985.70703125,717.156982421875,3
Cosmos3_seed101_0039,9,brown cube,0.7365555167198181,0.945354700088501,472.9906005859375,364.5481567382813,591.6903076171875,472.84814453125,1
Cosmos3_seed101_0039,9,brown cube,0.1384929120540619,0.672179102897644,1111.694091796875,543.5100708007812,1219.070068359375,629.9473266601562,2
Cosmos3_seed101_0039,9,brown cube,0.1307090073823928,0.6711232662200928,1133.401123046875,556.4260864257812,1196.154052734375,597.9578247070312,3
Cosmos3_seed101_0039,9,brown cube,0.1456600576639175,0.6650969982147217,4.412750244140625,259.4792785644531,985.9765625,717.3660888671875,4
Cosmos3_seed101_0039,12,brown cube,0.7425635457038879,0.9374537467956543,472.8884887695313,364.2298583984375,591.8126831054688,475.6708984375,1
Cosmos3_seed101_0039,12,brown cube,0.1479481011629104,0.6668156981468201,4.55523681640625,259.473876953125,985.1091918945312,717.3203735351562,2
Cosmos3_seed101_0039,12,brown cube,0.1210021153092384,0.6660782098770142,1111.5706787109375,543.6074829101562,1218.9097900390625,629.8168334960938,3
Cosmos3_seed101_0039,12,brown cube,0.1088420674204826,0.663444995880127,1133.59228515625,556.5823364257812,1196.027099609375,597.8588256835938,4
Cosmos3_seed101_0039,15,brown cube,0.7293368577957153,0.9227913022041321,473.0234680175781,364.087158203125,591.6598510742188,469.1943359375,1
Cosmos3_seed101_0039,15,brown cube,0.1349352449178695,0.6742103695869446,1111.11376953125,543.5448608398438,1218.83154296875,629.6856079101562,2
Cosmos3_seed101_0039,15,brown cube,0.1229741051793098,0.6722241640090942,1133.6441650390625,556.5253295898438,1196.2218017578125,597.8164672851562,3
Cosmos3_seed101_0039,15,brown cube,0.1542152166366577,0.6628978252410889,3.603668212890625,259.3881225585937,985.767333984375,717.1729125976562,4
Cosmos3_seed101_0039,18,brown cube,0.7532256841659546,0.9446945190429688,472.771240234375,364.838623046875,591.69921875,473.4215698242188,1
Cosmos3_seed101_0039,18,brown cube,0.1279921233654022,0.6794406175613403,1111.5877685546875,543.3779296875,1218.9119873046875,629.824462890625,2
Cosmos3_seed101_0039,18,brown cube,0.1445394307374954,0.6661372184753418,3.3673095703125,259.6277160644531,989.6904296875,717.4189453125,3
Cosmos3_seed101_0039,18,brown cube,0.1118121817708015,0.6562684178352356,1133.6993408203125,556.55029296875,1195.7926025390625,597.6395263671875,4
Cosmos3_seed101_0039,21,brown cube,0.7500150799751282,0.9321222901344299,472.8993835449219,365.0087585449219,591.6122436523438,473.2099914550781,1
Cosmos3_seed101_0039,21,brown cube,0.1370316594839096,0.6663336753845215,2.91546630859375,259.37115478515625,989.4121704101562,717.4036865234375,2
Cosmos3_seed101_0039,21,brown cube,0.1287379264831543,0.6581765413284302,1111.947998046875,543.4601440429688,1218.92578125,630.0442504882812,3
Cosmos3_seed101_0039,21,brown cube,0.1264596879482269,0.6574596166610718,1133.2989501953125,556.5548706054688,1195.9373779296875,597.7300415039062,4
Cosmos3_seed101_0039,21,brown cube,0.1003182083368301,0.6315494179725647,966.84130859375,466.4692687988281,995.358154296875,530.83154296875,5
Cosmos3_seed101_0039,24,brown cube,0.7447381615638733,0.9464925527572632,472.9126281738281,364.9870300292969,591.5980834960938,473.7940368652344,1
Cosmos3_seed101_0039,24,brown cube,0.1290929317474365,0.6855177879333496,1112.2083740234375,543.43017578125,1219.1795654296875,631.4423828125,2
Cosmos3_seed101_0039,24,brown cube,0.1454639136791229,0.6652735471725464,3.075531005859375,259.4132080078125,989.6097412109376,717.62890625,3
Cosmos3_seed101_0039,24,brown cube,0.1170168668031692,0.6593173742294312,1133.231689453125,556.5012817382812,1196.071044921875,597.8179321289062,4
Cosmos3_seed101_0039,27,brown cube,0.7480697631835938,0.895391583442688,472.8326721191406,364.7117309570313,591.4494018554688,474.0846557617188,1
Cosmos3_seed101_0039,27,brown cube,0.1231264919042587,0.677316427230835,1107.67724609375,542.8612670898438,1218.967041015625,630.8703002929688,2
Cosmos3_seed101_0039,27,brown cube,0.1485243290662765,0.6521373987197876,3.3238525390625,259.33807373046875,986.2601318359376,717.472412109375,3
Cosmos3_seed101_0039,27,brown cube,0.1087232232093811,0.6481635570526123,1133.77783203125,556.2749633789062,1195.67822265625,597.5210571289062,4
Cosmos3_seed101_0039,30,brown cube,0.7436632513999939,0.9271100759506226,472.7084655761719,364.9992980957031,591.5439453125,473.2795715332031,1
Cosmos3_seed101_0039,30,brown cube,0.107460431754589,0.6877841949462891,1108.8349609375,543.3154907226562,1218.784912109375,629.9786987304688,2
Cosmos3_seed101_0039,30,brown cube,0.1532364636659622,0.6738176345825195,3.605560302734375,260.1007080078125,979.837158203125,717.5003051757812,3
Cosmos3_seed101_0039,30,brown cube,0.1353608071804046,0.6477617025375366,1133.2958984375,556.0397338867188,1196.091064453125,597.6405639648438,4
Cosmos3_seed101_0039,33,brown cube,0.7511029839515686,0.9117189049720764,472.8868408203125,364.8617248535156,591.64208984375,470.0788879394531,1
Cosmos3_seed101_0039,33,brown cube,0.1069526746869087,0.6703853607177734,1121.0999755859375,548.8671264648438,1219.0089111328125,630.1127319335938,2
Cosmos3_seed101_0039,33,brown cube,0.1476062834262848,0.6560239791870117,1133.5726318359375,556.5661010742188,1195.8953857421875,597.6996459960938,3
Cosmos3_seed101_0039,33,brown cube,0.1350202113389969,0.6431488990783691,3.2828369140625,259.9494323730469,983.3804321289062,717.456787109375,4
Cosmos3_seed101_0039,33,brown cube,0.1370502859354019,0.6343345642089844,1069.40283203125,540.7313842773438,1116.859130859375,590.9784545898438,5
Cosmos3_seed101_0039,36,brown cube,0.7307388186454773,0.9002838730812073,472.6940002441406,364.6880798339844,591.6517333984375,471.0696105957031,1
Cosmos3_seed101_0039,36,brown cube,0.1039985790848732,0.6740680932998657,952.0861206054688,465.5121154785156,996.4220581054688,563.22216796875,2
Cosmos3_seed101_0039,36,brown cube,0.1289178431034088,0.6613174676895142,1119.5047607421875,547.96533203125,1218.8582763671875,629.841064453125,3
Cosmos3_seed101_0039,36,brown cube,0.1817830353975296,0.6542394757270813,1133.8182373046875,556.4501342773438,1196.0535888671875,597.9334106445312,4
Cosmos3_seed101_0039,36,brown cube,0.147444948554039,0.6402105093002319,3.0595703125,258.7496032714844,984.673828125,717.735107421875,5
Cosmos3_seed101_0039,36,brown cube,0.1694870442152023,0.6205870509147644,1069.404541015625,538.822509765625,1117.08544921875,590.77685546875,6
Cosmos3_seed101_0039,39,brown cube,0.7331396341323853,0.9101951122283936,472.5521545410156,364.39691162109375,591.8406372070312,471.92279052734375,1
Cosmos3_seed101_0039,39,brown cube,0.1365358531475067,0.6583924293518066,1117.5543212890625,545.7576293945312,1219.1068115234375,630.7875366210938,2
Cosmos3_seed101_0039,39,brown cube,0.14238902926445,0.6467263102531433,3.670501708984375,258.9849853515625,978.8966064453124,717.5451049804688,3
Cosmos3_seed101_0039,39,brown cube,0.1618700474500656,0.6433832049369812,1134.04736328125,556.7369384765625,1195.853271484375,598.0638427734375,4
Cosmos3_seed101_0039,39,brown cube,0.1607391238212585,0.61737060546875,1069.4385986328125,538.6632080078125,1116.9134521484375,590.91552734375,5
Cosmos3_seed101_0039,42,brown cube,0.7307034134864807,0.9018493294715881,472.7605285644531,364.5728149414063,591.924072265625,472.32122802734375,1
Cosmos3_seed101_0039,42,brown cube,0.1298935562372207,0.675024151802063,1112.8524169921875,543.3963012695312,1219.0201416015625,632.9612426757812,2
Cosmos3_seed101_0039,42,brown cube,0.1510363817214965,0.6407605409622192,1069.949462890625,537.2703247070312,1117.603759765625,590.8753051757812,3
Cosmos3_seed101_0039,42,brown cube,0.1443014591932296,0.6380918622016907,2.98175048828125,260.0561828613281,983.05859375,717.5838623046875,4
Cosmos3_seed101_0039,42,brown cube,0.1410796046257019,0.6346948146820068,1134.656005859375,556.7194213867188,1196.053466796875,597.6677856445312,5
Cosmos3_seed101_0039,45,brown cube,0.7342122793197632,0.9059842228889465,472.84033203125,364.4158935546875,591.5845947265625,470.578369140625,1
Cosmos3_seed101_0039,45,brown cube,0.1378004550933838,0.6858611106872559,1112.6484375,543.6480712890625,1218.75830078125,631.3861083984375,2
Cosmos3_seed101_0039,45,brown cube,0.1318820714950561,0.6350984573364258,4.21356201171875,260.61065673828125,982.4478759765624,717.515869140625,3
Cosmos3_seed101_0039,45,brown cube,0.1691659837961197,0.6335394382476807,1069.42041015625,538.642333984375,1117.161376953125,590.9390869140625,4
Cosmos3_seed101_0039,45,brown cube,0.1526327133178711,0.6309109926223755,1134.5928955078125,556.8302001953125,1196.0919189453125,597.2354736328125,5
Cosmos3_seed101_0039,48,brown cube,0.7444495558738708,0.9156721234321594,472.6315307617188,364.7325744628906,591.5442504882812,470.8921813964844,1
Cosmos3_seed101_0039,48,brown cube,0.1672107428312301,0.6775023937225342,1113.078857421875,543.6713256835938,1218.64990234375,630.2238159179688,2
Cosmos3_seed101_0039,48,brown cube,0.1059335172176361,0.6622801423072815,952.6356811523438,465.9136657714844,995.2007446289062,562.5210571289062,3
Cosmos3_seed101_0039,48,brown cube,0.1345068365335464,0.6333765983581543,1134.48046875,557.1406860351562,1195.482177734375,597.3506469726562,4
Cosmos3_seed101_0039,48,brown cube,0.1244004815816879,0.6333568096160889,3.313995361328125,261.0638427734375,984.51025390625,717.5136108398438,5
Cosmos3_seed101_0039,48,brown cube,0.1381997764110565,0.6211392879486084,1069.322021484375,536.925537109375,1116.873046875,590.609375,6
Cosmos3_seed101_0039,48,brown cube,0.1038264483213424,0.577049970626831,955.4485473632812,466.7524719238281,1117.1060791015625,590.9352416992188,7
Cosmos3_seed101_0039,51,brown cube,0.741654634475708,0.893876314163208,472.6703186035156,363.9925537109375,591.583740234375,468.92572021484375,1
Cosmos3_seed101_0039,51,brown cube,0.1386772841215133,0.6914952993392944,1112.683837890625,543.3018188476562,1218.988037109375,630.2084350585938,2
Cosmos3_seed101_0039,51,brown cube,0.1021363586187362,0.6596770286560059,952.2617797851562,465.7234802246094,994.7575073242188,562.2918701171875,3
Cosmos3_seed101_0039,51,brown cube,0.1218430027365684,0.6237572431564331,2.80780029296875,261.4623718261719,986.2635498046876,717.433837890625,4
Cosmos3_seed101_0039,51,brown cube,0.1083396226167678,0.610388994216919,1069.41455078125,535.3197631835938,1117.496826171875,590.5097045898438,5
Cosmos3_seed101_0039,51,brown cube,0.130028560757637,0.6009911298751831,1136.4564208984375,557.1138305664062,1195.3758544921875,597.1824340820312,6
Cosmos3_seed101_0039,54,brown cube,0.7317063808441162,0.8865703344345093,472.84771728515625,362.1902770996094,591.6238403320312,470.2714538574219,1
Cosmos3_seed101_0039,54,brown cube,0.1689972579479217,0.6838365793228149,1112.187744140625,542.943359375,1218.794677734375,630.5113525390625,2
Cosmos3_seed101_0039,54,brown cube,0.1177912950515747,0.6617898941040039,952.318115234375,465.7899169921875,994.6575927734376,561.3680419921875,3
Cosmos3_seed101_0039,54,brown cube,0.1184956133365631,0.6384817957878113,1069.2947998046875,533.3927612304688,1117.5360107421875,590.6742553710938,4
Cosmos3_seed101_0039,54,brown cube,0.1276547163724899,0.625064492225647,2.727447509765625,264.8993530273437,986.4908447265624,717.6856689453125,5
Cosmos3_seed101_0039,54,brown cube,0.1167282685637474,0.6150548458099365,1138.6201171875,557.9010009765625,1194.526611328125,596.705810546875,6
Cosmos3_seed101_0039,57,brown cube,0.739791989326477,0.8897572159767151,472.6287231445313,362.7853393554688,591.9227905273438,471.6106567382813,1
Cosmos3_seed101_0039,57,brown cube,0.142749473452568,0.6756218671798706,1111.9915771484375,543.34130859375,1218.7508544921875,630.8082275390625,2
Cosmos3_seed101_0039,57,brown cube,0.121930330991745,0.6696100234985352,952.3681030273438,465.7752380371094,994.8223266601562,562.2543334960938,3
Cosmos3_seed101_0039,57,brown cube,0.1224756762385368,0.6273425817489624,3.624420166015625,264.745361328125,985.3709716796876,717.4110717773438,4
Cosmos3_seed101_0039,57,brown cube,0.108091689646244,0.6235214471817017,1069.4539794921875,531.3443603515625,1117.7784423828125,590.973388671875,5
Cosmos3_seed101_0039,57,brown cube,0.1158950105309486,0.5514882802963257,953.8963012695312,465.9635314941406,1117.59765625,590.9925537109375,6
Cosmos3_seed101_0039,60,brown cube,0.7365817427635193,0.9148848056793213,472.3925476074219,362.8029174804688,591.9367065429688,471.6130981445313,1
Cosmos3_seed101_0039,60,brown cube,0.1093344166874885,0.6780034303665161,952.2109375,465.7352294921875,994.691162109375,561.302734375,2
Cosmos3_seed101_0039,60,brown cube,0.1524323225021362,0.675285816192627,1111.542724609375,543.2371215820312,1218.817626953125,630.6857299804688,3
Cosmos3_seed101_0039,60,brown cube,0.1012255623936653,0.6443977355957031,966.4629516601562,466.23870849609375,993.8997192382812,531.358154296875,4
Cosmos3_seed101_0039,60,brown cube,0.1200952604413032,0.6349259614944458,1069.1094970703125,531.7909545898438,1117.4654541015625,590.7450561523438,5
Cosmos3_seed101_0039,60,brown cube,0.1222192868590354,0.6324310302734375,2.905426025390625,260.7815856933594,984.6385498046876,717.528564453125,6
Cosmos3_seed101_0039,60,brown cube,0.1442089080810547,0.5761414766311646,955.6077880859376,465.7418212890625,1117.3594970703125,590.740234375,7
Cosmos3_seed101_0039,63,brown cube,0.7538808584213257,0.908444344997406,472.6905212402344,362.7488403320313,591.8690795898438,472.1400146484375,1
Cosmos3_seed101_0039,63,brown cube,0.1305550336837768,0.6649284362792969,1111.5926513671875,543.191162109375,1218.5933837890625,629.8221435546875,2
Cosmos3_seed101_0039,63,brown cube,0.1075246855616569,0.6312826871871948,1069.098388671875,531.29541015625,1117.619873046875,590.83154296875,3
Cosmos3_seed101_0039,63,brown cube,0.1128379255533218,0.6279106736183167,2.777862548828125,262.8522644042969,985.33740234375,717.293701171875,4
Cosmos3_seed101_0039,63,brown cube,0.1034030690789222,0.5724566578865051,957.419677734375,465.975341796875,1117.349853515625,590.828369140625,5
Cosmos3_seed101_0039,66,brown cube,0.7467746138572693,0.892606258392334,472.6517333984375,363.0403442382813,591.8111572265625,474.4248046875,1
Cosmos3_seed101_0039,66,brown cube,0.1380659937858581,0.6687865257263184,1111.7728271484375,543.3494873046875,1218.5677490234375,632.1246337890625,2
Cosmos3_seed101_0039,66,brown cube,0.1112589016556739,0.6271501779556274,2.61932373046875,263.543212890625,984.9419555664062,717.3178100585938,3
Cosmos3_seed101_0039,66,brown cube,0.1181776672601699,0.6025498509407043,1068.636962890625,531.467529296875,1117.292724609375,590.4627685546875,4
Cosmos3_seed101_0039,66,brown cube,0.1304564774036407,0.5725573301315308,956.9744873046876,465.6388854980469,1117.3299560546875,590.6864013671875,5
Cosmos3_seed101_0039,69,brown cube,0.7466097474098206,0.8742777705192566,472.69580078125,365.3678588867188,591.611328125,474.58502197265625,1
Cosmos3_seed101_0039,69,brown cube,0.1023070961236953,0.6668908596038818,952.166259765625,465.64007568359375,994.806884765625,562.1868286132812,2
Cosmos3_seed101_0039,69,brown cube,0.1451035737991333,0.6536323428153992,1111.9063720703125,543.9172973632812,1218.5684814453125,631.8577270507812,3
Cosmos3_seed101_0039,69,brown cube,0.1204621493816375,0.6179702281951904,2.863311767578125,265.19512939453125,984.2442626953124,717.6934814453125,4
Cosmos3_seed101_0039,69,brown cube,0.1191654801368713,0.601034939289093,1068.7869873046875,531.6162719726562,1117.2916259765625,590.5798950195312,5
Cosmos3_seed101_0039,69,brown cube,0.1380456238985061,0.5728508234024048,956.3823852539062,465.5123596191406,1117.2698974609375,590.6802978515625,6
Cosmos3_seed101_0039,72,brown cube,0.7274662256240845,0.8600293397903442,472.5460510253906,365.5641174316406,591.5716552734375,473.6890563964844,1
Cosmos3_seed101_0039,72,brown cube,0.1664145439863205,0.6726686954498291,1112.43359375,544.2604370117188,1218.59619140625,632.3506469726562,2
Cosmos3_seed101_0039,72,brown cube,0.1111108064651489,0.66683030128479,952.3848876953124,465.51898193359375,994.7957763671876,562.5095825195312,3
Cosmos3_seed101_0039,72,brown cube,0.1246727630496025,0.66221022605896,966.4393920898438,466.0335388183594,993.9297485351562,531.0355224609375,4
Cosmos3_seed101_0039,72,brown cube,0.1249076053500175,0.6212555170059204,2.98992919921875,266.1420288085937,984.4722290039062,717.6151733398438,5
Cosmos3_seed101_0039,72,brown cube,0.1015695109963417,0.6128426194190979,1145.3408203125,558.772216796875,1194.9775390625,597.5675048828125,6
Cosmos3_seed101_0039,72,brown cube,0.1478940993547439,0.5869460105895996,1068.8150634765625,531.8408813476562,1117.4285888671875,590.8267211914062,7
Cosmos3_seed101_0039,72,brown cube,0.1494966000318527,0.5855331420898438,958.3836669921876,465.4040222167969,1117.4193115234375,590.834228515625,8
Cosmos3_seed101_0039,75,brown cube,0.7298973202705383,0.8592575788497925,472.6238098144531,364.980224609375,591.6085815429688,471.9861450195313,1
Cosmos3_seed101_0039,75,brown cube,0.1704698652029037,0.6639997959136963,1112.00390625,543.9130249023438,1218.314453125,631.4711303710938,2
Cosmos3_seed101_0039,75,brown cube,0.1286537796258926,0.6524438858032227,951.9996337890624,465.5900268554688,994.737548828125,562.8593139648438,3
Cosmos3_seed101_0039,75,brown cube,0.1097904965281486,0.6447935104370117,966.1682739257812,465.8992309570313,993.9324340820312,531.1820678710938,4
Cosmos3_seed101_0039,75,brown cube,0.1476703435182571,0.6355100870132446,1069.1497802734375,531.3958129882812,1117.2281494140625,590.8015747070312,5
Cosmos3_seed101_0039,75,brown cube,0.1186108887195587,0.6186182498931885,3.01239013671875,266.098876953125,984.48095703125,717.6161499023438,6
Cosmos3_seed101_0039,75,brown cube,0.1037376075983047,0.6038885712623596,1144.502197265625,558.8334350585938,1194.598876953125,597.6196899414062,7
Cosmos3_seed101_0039,75,brown cube,0.1357714682817459,0.5689865946769714,954.2861938476562,465.4875183105469,1117.1612548828125,590.8779296875,8
Cosmos3_seed101_0039,78,brown cube,0.7367176413536072,0.8514999151229858,472.7242431640625,364.619384765625,591.3203125,472.248779296875,1
Cosmos3_seed101_0039,78,brown cube,0.1493093073368072,0.6658471822738647,1111.8465576171875,543.697021484375,1218.5054931640625,631.8668212890625,2
Cosmos3_seed101_0039,78,brown cube,0.1278048604726791,0.6325565576553345,3.1326904296875,265.51318359375,973.41552734375,717.5347290039062,3
Cosmos3_seed101_0039,78,brown cube,0.1137609630823135,0.6203239560127258,1068.857421875,531.17431640625,1117.508056640625,590.77294921875,4
Cosmos3_seed101_0039,78,brown cube,0.1053491458296775,0.5774427652359009,955.3615112304688,465.4213562011719,1117.2783203125,590.84814453125,5
Cosmos3_seed101_0039,81,brown cube,0.7474467754364014,0.8556544184684753,472.7942199707031,365.7993774414063,591.4901123046875,471.9827880859375,1
Cosmos3_seed101_0039,81,brown cube,0.152307778596878,0.6679929494857788,1112.156494140625,543.48046875,1218.687255859375,631.901123046875,2
Cosmos3_seed101_0039,81,brown cube,0.1251224726438522,0.6231885552406311,2.958526611328125,266.4788818359375,982.8349609375,717.6692504882812,3
Cosmos3_seed101_0039,81,brown cube,0.1077732220292091,0.6215591430664062,1068.58544921875,531.1976318359375,1117.5615234375,591.0244140625,4
Cosmos3_seed101_0039,84,brown cube,0.7390202283859253,0.8593088388442993,472.6575927734375,364.6469421386719,591.549072265625,473.8036804199219,1
Cosmos3_seed101_0039,84,brown cube,0.1468542516231537,0.6672581434249878,1112.1044921875,543.1386108398438,1218.408447265625,631.1597290039062,2
Cosmos3_seed101_0039,84,brown cube,0.1272695660591125,0.6310222148895264,2.931915283203125,265.3348999023437,976.984130859375,717.6622314453125,3
Cosmos3_seed101_0039,84,brown cube,0.1259535551071167,0.5984593629837036,1068.410888671875,531.1173095703125,1117.56787109375,591.1363525390625,4
Cosmos3_seed101_0039,84,brown cube,0.1118513271212577,0.5710174441337585,958.3296508789062,465.5478210449219,1117.361328125,591.0442504882812,5
Cosmos3_seed101_0039,87,brown cube,0.7360924482345581,0.869088888168335,472.5881652832031,364.7921447753906,591.6605834960938,472.8463439941406,1
Cosmos3_seed101_0039,87,brown cube,0.1388889253139495,0.665420413017273,1111.98779296875,543.2103881835938,1218.494384765625,631.1223754882812,2
Cosmos3_seed101_0039,87,brown cube,0.1217321008443832,0.6291955709457397,3.286041259765625,265.6912536621094,981.4949951171876,717.51318359375,3
Cosmos3_seed101_0039,87,brown cube,0.1234646067023277,0.6079906821250916,1068.5789794921875,530.3533325195312,1117.4913330078125,590.5399780273438,4
Cosmos3_seed101_0039,90,brown cube,0.7123466730117798,0.8532598614692688,472.6683349609375,366.4832153320313,591.2840576171875,472.620361328125,1
Cosmos3_seed101_0039,90,brown cube,0.1600176244974136,0.6628375053405762,1112.2952880859375,543.6822509765625,1218.5140380859375,631.03271484375,2
Cosmos3_seed101_0039,90,brown cube,0.1385456770658493,0.6418452262878418,1068.4129638671875,529.9022827148438,1117.4683837890625,590.4269409179688,3
Cosmos3_seed101_0039,90,brown cube,0.1296694725751876,0.6225392818450928,3.218902587890625,265.2113647460937,980.1883544921876,717.654296875,4
Cosmos3_seed101_0039,90,brown cube,0.1624917685985565,0.5626702308654785,960.5865478515624,465.6968078613281,1117.2083740234375,590.3656005859375,5
Cosmos3_seed101_0039,93,brown cube,0.7164164781570435,0.8513748645782471,472.8148193359375,368.3187561035156,591.4244384765625,473.7571105957031,1
Cosmos3_seed101_0039,93,brown cube,0.1400310695171356,0.6515661478042603,1112.408447265625,544.3060913085938,1218.79541015625,631.1201782226562,2
Cosmos3_seed101_0039,93,brown cube,0.1327669620513916,0.6209216117858887,3.190673828125,267.2640380859375,977.5699462890624,717.5962524414062,3
Cosmos3_seed101_0039,93,brown cube,0.1255243867635727,0.6085138916969299,1068.6639404296875,529.3367309570312,1117.6373291015625,590.2587280273438,4
Cosmos3_seed101_0039,93,brown cube,0.1055849865078926,0.5947626829147339,1144.3306884765625,559.595458984375,1195.8709716796875,598.2198486328125,5
Cosmos3_seed101_0039,93,brown cube,0.1612293124198913,0.5541023015975952,959.896728515625,465.4763793945313,1117.434326171875,590.3246459960938,6
Cosmos3_seed101_0039,96,brown cube,0.7098939418792725,0.8970981240272522,472.8603820800781,369.0460510253906,591.405029296875,473.8018493652344,1
Cosmos3_seed101_0039,96,brown cube,0.141552984714508,0.6503843069076538,1112.77783203125,544.4140014648438,1218.70361328125,631.8941040039062,2
Cosmos3_seed101_0039,96,brown cube,0.1326656937599182,0.6325474977493286,2.31719970703125,265.04168701171875,973.7171020507812,718.0335693359375,3
Cosmos3_seed101_0039,96,brown cube,0.1429935097694397,0.6182887554168701,1068.63623046875,528.5829467773438,1117.7314453125,590.6974487304688,4
Cosmos3_seed101_0039,96,brown cube,0.1044651418924331,0.6067715883255005,1139.448486328125,559.123291015625,1195.757080078125,598.8182373046875,5
Cosmos3_seed101_0039,96,brown cube,0.1591299325227737,0.5703339576721191,961.5647583007812,465.67779541015625,1117.6075439453125,590.8822631835938,6
Cosmos3_seed101_0039,99,brown cube,0.7078664898872375,0.8999273777008057,472.7739868164063,370.2036743164063,591.5181274414062,472.38385009765625,1
Cosmos3_seed101_0039,99,brown cube,0.1472036093473434,0.6554476022720337,1112.5211181640625,543.842529296875,1218.8316650390625,631.7171630859375,2
Cosmos3_seed101_0039,99,brown cube,0.1446803212165832,0.627543568611145,2.933990478515625,263.6292724609375,971.782470703125,717.6991577148438,3
Cosmos3_seed101_0039,99,brown cube,0.1152860671281814,0.5814017057418823,1068.6309814453125,529.2606201171875,1117.9576416015625,590.2381591796875,4
Cosmos3_seed101_0039,99,brown cube,0.1384622156620025,0.5566227436065674,960.0806884765624,465.6507873535156,1117.6851806640625,590.2777709960938,5
Cosmos3_seed101_0039,102,brown cube,0.7068066596984863,0.8568160533905029,473.0145263671875,369.2783203125,591.5699462890625,472.6828002929688,1
Cosmos3_seed101_0039,102,brown cube,0.1508682966232299,0.6484085321426392,1112.561279296875,544.1348266601562,1218.6826171875,631.1383666992188,2
Cosmos3_seed101_0039,102,brown cube,0.1030844822525978,0.6429198980331421,965.7745361328124,466.2026977539063,994.9283447265624,531.231201171875,3
Cosmos3_seed101_0039,102,brown cube,0.1430788189172744,0.6253109574317932,2.802001953125,265.09527587890625,979.4599609375,717.642578125,4
Cosmos3_seed101_0039,102,brown cube,0.1177286505699157,0.6235379576683044,1137.349365234375,558.6267700195312,1195.802978515625,598.7521362304688,5
Cosmos3_seed101_0039,102,brown cube,0.1342068165540695,0.5943185091018677,1068.4544677734375,529.2984008789062,1117.7103271484375,590.4306030273438,6
Cosmos3_seed101_0039,102,brown cube,0.1884836852550506,0.5710293650627136,960.9964599609376,465.638427734375,1117.5340576171875,590.7213134765625,7
Cosmos3_seed101_0039,105,brown cube,0.7002592086791992,0.8876394033432007,472.68603515625,369.1622314453125,591.7425537109375,470.702880859375,1
Cosmos3_seed101_0039,105,brown cube,0.1505154073238372,0.6481189727783203,1112.3916015625,544.43408203125,1218.766845703125,631.1451416015625,2
Cosmos3_seed101_0039,105,brown cube,0.1373672932386398,0.6223658323287964,2.745819091796875,265.983154296875,984.499267578125,717.5118408203125,3
Cosmos3_seed101_0039,105,brown cube,0.1352415978908538,0.6193588972091675,1068.7664794921875,529.784912109375,1117.8096923828125,590.7061767578125,4
Cosmos3_seed101_0039,105,brown cube,0.1098065003752708,0.6108227968215942,1138.6561279296875,558.7142944335938,1195.8646240234375,599.5668334960938,5
Cosmos3_seed101_0039,105,brown cube,0.1669766902923584,0.5616235733032227,959.3394775390624,465.891357421875,1117.8028564453125,590.8927001953125,6
Cosmos3_seed101_0039,108,brown cube,0.7151968479156494,0.861764669418335,472.7810668945313,370.2000732421875,591.4744262695312,472.5716552734375,1
Cosmos3_seed101_0039,108,brown cube,0.1522949188947677,0.6569616198539734,1112.366943359375,544.2261962890625,1218.33837890625,631.0279541015625,2
Cosmos3_seed101_0039,108,brown cube,0.1281161457300186,0.6151494979858398,2.87200927734375,263.7021789550781,984.0535278320312,717.5831298828125,3
Cosmos3_seed101_0039,108,brown cube,0.1366142034530639,0.609271764755249,1068.4166259765625,529.68310546875,1117.9600830078125,590.6036376953125,4
Cosmos3_seed101_0039,108,brown cube,0.104674719274044,0.59347003698349,1140.202880859375,558.8934326171875,1195.59521484375,599.152099609375,5
Cosmos3_seed101_0039,108,brown cube,0.1688558459281921,0.5613932609558105,959.241455078125,465.9357299804688,1117.981201171875,590.6725463867188,6
Cosmos3_seed101_0039,111,brown cube,0.7093226909637451,0.9036034345626831,472.9060363769531,371.197021484375,591.6786499023438,470.8884887695313,1
Cosmos3_seed101_0039,111,brown cube,0.1363040059804916,0.6586627960205078,1112.5531005859375,543.8639526367188,1218.5797119140625,630.9946899414062,2
Cosmos3_seed101_0039,111,brown cube,0.1365342140197754,0.6254266500473022,2.7421875,265.10333251953125,980.339599609375,717.5552368164062,3
Cosmos3_seed101_0039,111,brown cube,0.1217769458889961,0.6179710626602173,1068.6492919921875,529.0707397460938,1118.0618896484375,590.4848022460938,4
Cosmos3_seed101_0039,111,brown cube,0.1423771977424621,0.5558487176895142,958.0829467773438,465.4852600097656,1118.0341796875,590.5064086914062,5
Cosmos3_seed101_0039,114,brown cube,0.6968864798545837,0.8442453145980835,472.8557739257813,370.9928588867188,591.4564819335938,470.9826049804688,1
Cosmos3_seed101_0039,114,brown cube,0.1397768259048462,0.6589005589485168,1112.2342529296875,544.0322265625,1218.6597900390625,631.008544921875,2
Cosmos3_seed101_0039,114,brown cube,0.1496301591396331,0.6169968843460083,2.626953125,265.0574951171875,981.5379638671876,717.6534423828125,3
Cosmos3_seed101_0039,114,brown cube,0.116119883954525,0.6071172952651978,1068.5400390625,528.6283569335938,1118.146484375,590.3799438476562,4
Cosmos3_seed101_0039,114,brown cube,0.1039479002356529,0.6010704040527344,1136.5634765625,558.3245239257812,1196.203369140625,599.2127075195312,5
Cosmos3_seed101_0039,114,brown cube,0.1495928913354873,0.5569061040878296,956.39892578125,465.5748901367188,1118.16943359375,590.4913940429688,6
Cosmos3_seed101_0039,117,brown cube,0.6918120384216309,0.8898508548736572,472.7984008789063,370.7813415527344,591.6118774414062,472.6620788574219,1
Cosmos3_seed101_0039,117,brown cube,0.1386209726333618,0.6535289287567139,1112.51708984375,543.9457397460938,1218.689453125,631.2411499023438,2
Cosmos3_seed101_0039,117,brown cube,0.1524377912282943,0.6284099221229553,2.79541015625,266.2799377441406,975.935791015625,717.522705078125,3
Cosmos3_seed101_0039,117,brown cube,0.1132238432765007,0.5910614728927612,1068.573486328125,528.2651977539062,1117.87451171875,590.2536010742188,4
Cosmos3_seed101_0039,117,brown cube,0.1450672745704651,0.5697214007377625,958.446533203125,465.3736572265625,1117.845947265625,590.4124755859375,5
Cosmos3_seed101_0039,120,brown cube,0.6811148524284363,0.885911226272583,472.88427734375,370.9119873046875,591.818603515625,471.9674072265625,1
Cosmos3_seed101_0039,120,brown cube,0.1493629515171051,0.6584839820861816,1112.15869140625,543.6032104492188,1218.888671875,630.8215942382812,2
Cosmos3_seed101_0039,120,brown cube,0.1522893160581588,0.6305460929870605,3.2071533203125,268.0830078125,973.63623046875,717.5695190429688,3
Cosmos3_seed101_0039,120,brown cube,0.1205180287361145,0.6201572418212891,1068.780029296875,528.4232177734375,1118.06201171875,590.7548828125,4
Cosmos3_seed101_0039,120,brown cube,0.1208132356405258,0.5736405849456787,958.889892578125,465.5141906738281,1117.84375,590.9432983398438,5
Cosmos3_seed101_0039,123,brown cube,0.6895523071289062,0.8909128904342651,472.6998901367188,370.5505676269531,591.7265014648438,468.3827209472656,1
Cosmos3_seed101_0039,123,brown cube,0.1223639100790023,0.6562820672988892,1112.3763427734375,543.475830078125,1218.8350830078125,630.9029541015625,2
Cosmos3_seed101_0039,123,brown cube,0.1525463163852691,0.6402001976966858,3.136322021484375,266.10693359375,969.208984375,717.4573364257812,3
Cosmos3_seed101_0039,126,brown cube,0.7020304203033447,0.8656231164932251,472.7679748535156,362.9166870117188,592.244140625,468.02197265625,1
Cosmos3_seed101_0039,126,brown cube,0.1252940893173217,0.647416889667511,1112.3475341796875,543.638671875,1218.7147216796875,631.2369384765625,2
Cosmos3_seed101_0039,126,brown cube,0.1405827850103378,0.6353733539581299,3.082916259765625,267.3731689453125,974.378662109375,717.4348754882812,3
Cosmos3_seed101_0039,126,brown cube,0.1048593819141388,0.6128025054931641,1068.862548828125,528.1895141601562,1118.510498046875,590.5507202148438,4
Cosmos3_seed101_0039,126,brown cube,0.1215678825974464,0.5651887655258179,960.7400512695312,465.2838745117188,1118.2386474609375,590.7544555664062,5
Cosmos3_seed101_0039,129,brown cube,0.7245257496833801,0.8294784426689148,472.7937622070313,359.6426696777344,592.4904174804688,470.6340637207031,1
Cosmos3_seed101_0039,129,brown cube,0.1260050237178802,0.6552543044090271,1112.3837890625,543.73291015625,1218.749755859375,630.6820068359375,2
Cosmos3_seed101_0039,129,brown cube,0.1135680451989173,0.6310859322547913,1068.706298828125,528.0867919921875,1118.244873046875,590.494140625,3
Cosmos3_seed101_0039,129,brown cube,0.1325414180755615,0.6207022666931152,3.073272705078125,268.15966796875,974.2921142578124,717.4835815429688,4
Cosmos3_seed101_0039,129,brown cube,0.1275620460510254,0.5691757202148438,959.163330078125,465.3394165039063,1118.085693359375,590.6560668945312,5
Cosmos3_seed101_0039,132,brown cube,0.1195816919207573,0.8105001449584961,471.16748046875,379.1194458007813,591.2607421875,467.7498779296875,1
Cosmos3_seed101_0039,132,brown cube,0.46462082862854,0.7891876697540283,469.877197265625,347.6856384277344,585.9271240234375,433.0565490722656,2
Cosmos3_seed101_0039,132,brown cube,0.1208706647157669,0.6581270694732666,1112.126220703125,543.5550537109375,1218.4326171875,631.44189453125,3
Cosmos3_seed101_0039,132,brown cube,0.110178492963314,0.6372562050819397,1068.760986328125,528.076904296875,1117.555908203125,590.3828125,4
Cosmos3_seed101_0039,132,brown cube,0.1377436816692352,0.6304566860198975,2.90008544921875,273.16778564453125,978.7732543945312,717.0491943359375,5
Cosmos3_seed101_0039,132,brown cube,0.1353184282779693,0.5793389081954956,962.8592529296876,465.6839599609375,1117.2213134765625,590.416259765625,6
Cosmos3_seed101_0039,135,brown cube,0.2311987727880478,0.8386117219924927,471.4109802246094,375.6503601074219,591.3934326171875,466.4546203613281,1
Cosmos3_seed101_0039,135,brown cube,0.5114073753356934,0.7487799525260925,470.1799926757813,333.96319580078125,586.2125854492188,422.6534423828125,2
Cosmos3_seed101_0039,135,brown cube,0.1578318774700164,0.6738585829734802,1112.3988037109375,543.6558837890625,1218.6060791015625,630.6925048828125,3
Cosmos3_seed101_0039,135,brown cube,0.1564454883337021,0.631016731262207,1069.081298828125,530.2984008789062,1117.531005859375,590.4891967773438,4
Cosmos3_seed101_0039,135,brown cube,0.101019486784935,0.6241250038146973,966.062744140625,466.2701416015625,994.3834228515624,531.32421875,5
Cosmos3_seed101_0039,135,brown cube,0.1717796176671981,0.6222105026245117,2.371307373046875,274.963134765625,983.2822265625,717.6761474609375,6
Cosmos3_seed101_0039,135,brown cube,0.1461376994848251,0.5747568607330322,961.7023315429688,465.893798828125,1117.1925048828125,590.821533203125,7
Cosmos3_seed101_0039,138,brown cube,0.3104696571826935,0.7877556085586548,472.38232421875,372.20849609375,591.609375,472.0031127929688,1
Cosmos3_seed101_0039,138,brown cube,0.5546495914459229,0.7530980110168457,474.7014770507813,319.2889099121094,588.9519653320312,403.4510803222656,2
Cosmos3_seed101_0039,138,brown cube,0.1954184025526046,0.6796380281448364,1111.9764404296875,542.9080810546875,1218.7176513671875,638.9908447265625,3
Cosmos3_seed101_0039,138,brown cube,0.1297439932823181,0.6768242716789246,953.0111694335938,465.9947814941406,994.8748168945312,563.0697631835938,4
Cosmos3_seed101_0039,138,brown cube,0.1120303869247436,0.661737322807312,966.6268920898438,466.4644165039063,994.0100708007812,531.1207885742188,5
Cosmos3_seed101_0039,138,brown cube,0.1397892236709594,0.6383052468299866,1135.6297607421875,557.270263671875,1195.2523193359375,597.7210693359375,6
Cosmos3_seed101_0039,138,brown cube,0.1932653784751892,0.6311761140823364,2.578277587890625,273.6217041015625,984.03759765625,717.547119140625,7
Cosmos3_seed101_0039,138,brown cube,0.1822152137756347,0.5971030592918396,1068.816162109375,533.435791015625,1117.35595703125,590.9208984375,8
Cosmos3_seed101_0039,138,brown cube,0.1731056123971939,0.5629379749298096,959.568115234375,465.9707946777344,1117.652587890625,591.185546875,9
Cosmos3_seed101_0039,138,brown cube,0.1080759391188621,0.5508817434310913,521.2382202148438,42.478790283203125,1173.524169921875,715.0711669921875,10
Cosmos3_seed101_0039,141,brown cube,0.3755776882171631,0.823451578617096,472.4845275878906,373.2755737304688,591.84716796875,472.7781372070313,1
Cosmos3_seed101_0039,141,brown cube,0.5429759621620178,0.7693438529968262,487.5300903320313,308.6932983398437,599.2711791992188,394.76959228515625,2
Cosmos3_seed101_0039,141,brown cube,0.203595295548439,0.6768462061882019,1115.9449462890625,543.9462890625,1218.9893798828125,643.3543701171875,3
Cosmos3_seed101_0039,141,brown cube,0.1139236465096473,0.672805666923523,953.0517578125,465.6041870117188,994.71533203125,564.0248413085938,4
Cosmos3_seed101_0039,141,brown cube,0.2003484368324279,0.6501566171646118,1132.27978515625,556.1369018554688,1196.118408203125,597.9518432617188,5
Cosmos3_seed101_0039,141,brown cube,0.1453923732042312,0.6438839435577393,966.3140869140624,466.2379455566406,994.0184326171876,531.2391357421875,6
Cosmos3_seed101_0039,141,brown cube,0.232761412858963,0.639742374420166,2.841705322265625,270.21240234375,983.2603759765624,717.4968872070312,7
Cosmos3_seed101_0039,141,brown cube,0.1064725518226623,0.6257971525192261,1070.0885009765625,520.9703369140625,1182.6732177734375,590.582763671875,8
Cosmos3_seed101_0039,141,brown cube,0.1846093535423278,0.6224400997161865,1068.995849609375,535.0665893554688,1117.704833984375,590.5737915039062,9
Cosmos3_seed101_0039,141,brown cube,0.140930488705635,0.56342613697052,963.5404052734376,466.2596130371094,1117.6016845703125,591.1347045898438,10
Cosmos3_seed101_0039,141,brown cube,0.1191895976662635,0.536038875579834,527.9099731445312,26.198883056640625,1196.27001953125,715.25830078125,11
Cosmos3_seed101_0039,144,brown cube,0.1679422259330749,0.8316018581390381,471.4925842285156,303.6393737792969,622.453125,475.4921569824219,1
Cosmos3_seed101_0039,144,brown cube,0.3756871819496155,0.8163853883743286,472.5091857910156,377.2613525390625,591.8583984375,475.7467041015625,2
Cosmos3_seed101_0039,144,brown cube,0.5229281187057495,0.7324017286300659,513.6701049804688,304.25640869140625,621.8640747070312,389.04150390625,3
Cosmos3_seed101_0039,144,brown cube,0.1381749361753463,0.6893174648284912,953.1118774414062,465.898193359375,994.0316772460938,561.712158203125,4
Cosmos3_seed101_0039,144,brown cube,0.1642529666423797,0.6633850932121277,1112.664794921875,544.009521484375,1218.578369140625,641.9443359375,5
Cosmos3_seed101_0039,144,brown cube,0.1717244535684585,0.644438624382019,966.4292602539062,466.38580322265625,993.2216186523438,531.087646484375,6
Cosmos3_seed101_0039,144,brown cube,0.2399646639823913,0.6328197717666626,2.310791015625,265.8705444335937,985.3107299804688,717.9859619140625,7
Cosmos3_seed101_0039,144,brown cube,0.1283699870109558,0.6295481324195862,1070.1278076171875,522.1090087890625,1183.3758544921875,590.65625,8
Cosmos3_seed101_0039,144,brown cube,0.182988241314888,0.6281014680862427,1069.033447265625,537.6406860351562,1118.179931640625,590.9420776367188,9
Cosmos3_seed101_0039,144,brown cube,0.2144096195697784,0.6231306791305542,1133.0174560546875,556.450927734375,1196.0894775390625,597.8707275390625,10
Cosmos3_seed101_0039,144,brown cube,0.1404659152030944,0.5645385980606079,960.315185546875,466.1316528320313,1117.638427734375,591.6289672851562,11
Cosmos3_seed101_0039,144,brown cube,0.14609295129776,0.5397015810012817,562.2835693359375,9.28570556640625,1226.3096923828125,715.6842651367188,12
Cosmos3_seed101_0039,147,brown cube,0.3887543380260467,0.8189164400100708,472.4348449707031,374.2378234863281,591.5264892578125,474.2797546386719,1
Cosmos3_seed101_0039,147,brown cube,0.1514614522457122,0.7778526544570923,471.8617858886719,303.511474609375,644.896728515625,474.61566162109375,2
Cosmos3_seed101_0039,147,brown cube,0.5434156060218811,0.7633841037750244,546.853515625,304.2059326171875,644.6148681640625,390.0426025390625,3
Cosmos3_seed101_0039,147,brown cube,0.1291498094797134,0.6679721474647522,952.73388671875,465.741943359375,994.22265625,561.929443359375,4
Cosmos3_seed101_0039,147,brown cube,0.1951638013124466,0.6672939658164978,1108.450927734375,543.2789306640625,1218.666015625,631.5880126953125,5
Cosmos3_seed101_0039,147,brown cube,0.1721067875623703,0.666225790977478,966.7759399414062,466.15325927734375,993.4982299804688,531.0338745117188,6
Cosmos3_seed101_0039,147,brown cube,0.132662832736969,0.6613963842391968,1069.873046875,521.5929565429688,1183.588623046875,590.5037231445312,7
Cosmos3_seed101_0039,147,brown cube,0.2331137657165527,0.634711503982544,1133.1148681640625,556.2843017578125,1195.6964111328125,597.4051513671875,8
Cosmos3_seed101_0039,147,brown cube,0.15646693110466,0.6344379186630249,1068.9193115234375,536.8974609375,1118.8536376953125,590.6239013671875,9
Cosmos3_seed101_0039,147,brown cube,0.2394142001867294,0.603927731513977,2.630035400390625,261.049072265625,981.5166015625,717.77099609375,10
Cosmos3_seed101_0039,147,brown cube,0.1498916000127792,0.5621253252029419,961.8748168945312,465.9951477050781,1117.5765380859375,592.1232299804688,11
Cosmos3_seed101_0039,147,brown cube,0.1506087630987167,0.5283106565475464,575.671875,5.362884521484375,1245.0484619140625,715.802490234375,12
Cosmos3_seed101_0039,150,brown cube,0.4961910545825958,0.753875732421875,472.6533508300781,371.675537109375,590.5646362304688,475.6353759765625,1
Cosmos3_seed101_0039,150,brown cube,0.5378803014755249,0.7231420278549194,576.8517456054688,308.1236877441406,667.0852661132812,398.9382629394531,2
Cosmos3_seed101_0039,150,brown cube,0.1392498016357422,0.6743465662002563,951.944580078125,465.81243896484375,994.5201416015624,564.2153930664062,3
Cosmos3_seed101_0039,150,brown cube,0.2273241877555847,0.6634715795516968,1108.4842529296875,543.0404052734375,1219.0247802734375,634.5765380859375,4
Cosmos3_seed101_0039,150,brown cube,0.1051569953560829,0.6413686871528625,1069.74658203125,520.5115356445312,1183.63427734375,591.0359497070312,5
Cosmos3_seed101_0039,150,brown cube,0.2349548488855362,0.6397115588188171,1132.92822265625,556.2271728515625,1195.9033203125,597.629150390625,6
Cosmos3_seed101_0039,150,brown cube,0.1719440221786499,0.6384613513946533,1068.6663818359375,537.6051025390625,1118.5093994140625,591.2139892578125,7
Cosmos3_seed101_0039,150,brown cube,0.1946779936552047,0.6310795545578003,966.2603759765624,466.24554443359375,993.9423828125,531.0874633789062,8
Cosmos3_seed101_0039,150,brown cube,0.2372139990329742,0.6210435628890991,2.783447265625,260.9088134765625,985.3555297851562,717.8223876953125,9
Cosmos3_seed101_0039,150,brown cube,0.2001418173313141,0.5663337111473083,962.1799926757812,465.9671020507813,1117.5594482421875,592.2942504882812,10
Cosmos3_seed101_0039,150,brown cube,0.1282903552055359,0.537942111492157,583.389892578125,3.160186767578125,1261.6002197265625,716.228759765625,11
Cosmos3_seed101_0039,153,brown cube,0.4421075582504272,0.79473876953125,472.5744323730469,371.0250549316406,591.6170043945312,475.5293884277344,1
Cosmos3_seed101_0039,153,brown cube,0.5180642008781433,0.7154899835586548,592.7413940429688,313.0528259277344,677.5575561523438,405.8106994628906,2
Cosmos3_seed101_0039,153,brown cube,0.1969460397958755,0.662851095199585,1107.6044921875,542.6570434570312,1218.81396484375,634.2777709960938,3
Cosmos3_seed101_0039,153,brown cube,0.1637770235538482,0.6606534719467163,952.2576293945312,465.5453186035156,994.9531860351562,562.2130737304688,4
Cosmos3_seed101_0039,153,brown cube,0.1731601357460022,0.6513248085975647,966.9666137695312,466.1353759765625,994.2409057617188,530.681884765625,5
Cosmos3_seed101_0039,153,brown cube,0.2145564258098602,0.6433510780334473,1132.916259765625,555.91943359375,1196.027587890625,597.76416015625,6
Cosmos3_seed101_0039,153,brown cube,0.1317441463470459,0.6364566087722778,1069.70263671875,519.96630859375,1184.081298828125,591.6842041015625,7
Cosmos3_seed101_0039,153,brown cube,0.1406278163194656,0.6235634684562683,1068.8780517578125,537.4989013671875,1118.4559326171875,591.5380859375,8
Cosmos3_seed101_0039,153,brown cube,0.2462973445653915,0.6187752485275269,3.014434814453125,260.29302978515625,984.2520751953124,717.8175048828125,9
Cosmos3_seed101_0039,153,brown cube,0.1507650464773178,0.5429694652557373,960.79248046875,465.5565490722656,1117.659912109375,592.8250732421875,10
Cosmos3_seed101_0039,153,brown cube,0.1529498547315597,0.5370705127716064,604.5184326171875,3.383087158203125,1266.5714111328125,716.1324462890625,11
Cosmos3_seed101_0039,153,brown cube,0.1074072122573852,0.519558310508728,960.5911865234376,465.635986328125,1218.3709716796875,643.0428466796875,12
Cosmos3_seed101_0039,156,brown cube,0.511189341545105,0.7828609943389893,472.6168823242188,371.1308898925781,591.7145385742188,475.8902893066406,1
Cosmos3_seed101_0039,156,brown cube,0.4940758645534515,0.7181395888328552,604.6768798828125,324.29998779296875,683.3621826171875,414.3594970703125,2
Cosmos3_seed101_0039,156,brown cube,0.2049576044082641,0.6787181496620178,1108.6212158203125,542.8609619140625,1218.7349853515625,634.6754150390625,3
Cosmos3_seed101_0039,156,brown cube,0.1860365271568298,0.65981125831604,951.9468994140624,465.70404052734375,994.88916015625,562.2191772460938,4
Cosmos3_seed101_0039,156,brown cube,0.1277371644973755,0.6496771574020386,1069.9830322265625,519.8787231445312,1183.6185302734375,591.1932983398438,5
Cosmos3_seed101_0039,156,brown cube,0.2341567575931549,0.6466127634048462,1133.38671875,556.1343994140625,1195.653564453125,597.654296875,6
Cosmos3_seed101_0039,156,brown cube,0.1853950321674347,0.6393780708312988,966.947265625,466.2541198730469,994.15625,530.2860107421875,7
Cosmos3_seed101_0039,156,brown cube,0.1738159656524658,0.6308884620666504,1068.993896484375,537.7515869140625,1118.345458984375,591.32763671875,8
Cosmos3_seed101_0039,156,brown cube,0.2385268658399582,0.603803813457489,2.935699462890625,259.999267578125,984.8502197265624,717.817138671875,9
Cosmos3_seed101_0039,156,brown cube,0.1660200506448745,0.5456912517547607,958.7081909179688,465.6598510742188,1117.9693603515625,592.2114868164062,10
Cosmos3_seed101_0039,156,brown cube,0.1575354486703872,0.538820743560791,613.318359375,6.02685546875,1265.2861328125,716.4252319335938,11
Cosmos3_seed101_0039,156,brown cube,0.1059417128562927,0.5319697856903076,958.7657470703124,465.6412658691406,1218.3240966796875,642.478759765625,12
Cosmos3_seed101_0039,159,brown cube,0.4834617078304291,0.7983414530754089,472.08685302734375,371.2535705566406,591.2760620117188,476.3816223144531,1
Cosmos3_seed101_0039,159,brown cube,0.4736775755882263,0.7131645083427429,612.412353515625,332.1679077148437,682.56103515625,422.731201171875,2
Cosmos3_seed101_0039,159,brown cube,0.1242401599884033,0.7098919153213501,613.4259033203125,395.10101318359375,672.5921630859375,422.0490112304688,3
Cosmos3_seed101_0039,159,brown cube,0.175976350903511,0.6513696312904358,1069.0692138671875,538.3259887695312,1117.9842529296875,591.6549682617188,4
Cosmos3_seed101_0039,159,brown cube,0.1224379912018776,0.6487982273101807,1069.9776611328125,519.6123657226562,1183.7913818359375,591.8855590820312,5
Cosmos3_seed101_0039,159,brown cube,0.15860415995121,0.6455893516540527,1124.74853515625,551.7717895507812,1218.0263671875,630.4459838867188,6
Cosmos3_seed101_0039,159,brown cube,0.2479089498519897,0.6411445736885071,1133.518310546875,556.3058471679688,1195.576171875,597.9622192382812,7
Cosmos3_seed101_0039,159,brown cube,0.1904753148555755,0.6310157775878906,966.5927734375,466.28717041015625,994.1060791015624,530.6219482421875,8
Cosmos3_seed101_0039,159,brown cube,0.1723237037658691,0.6121540069580078,951.946533203125,465.5754089355469,994.7197265625,562.9022216796875,9
Cosmos3_seed101_0039,159,brown cube,0.2572642862796783,0.5930848717689514,2.604827880859375,260.17547607421875,982.0262451171876,717.810791015625,10
Cosmos3_seed101_0039,159,brown cube,0.1265800893306732,0.5586991310119629,958.4849853515624,466.059814453125,1117.6090087890625,592.616455078125,11
Cosmos3_seed101_0039,159,brown cube,0.1553664058446884,0.5357699394226074,616.6787109375,8.9044189453125,1258.816162109375,715.86474609375,12
Cosmos3_seed101_0039,162,brown cube,0.5203485488891602,0.7785463333129883,472.5367736816406,370.8824768066406,591.4111938476562,476.6265563964844,1
Cosmos3_seed101_0039,162,brown cube,0.4079892039299011,0.6598284840583801,615.3709106445312,343.6401672363281,681.8258666992188,431.8612976074219,2
Cosmos3_seed101_0039,162,brown cube,0.2484710067510604,0.6438697576522827,1133.0228271484375,556.3372192382812,1195.6707763671875,597.9202270507812,3
Cosmos3_seed101_0039,162,brown cube,0.1923143714666366,0.6339370012283325,1069.048583984375,538.8353271484375,1117.3759765625,590.400146484375,4
Cosmos3_seed101_0039,162,brown cube,0.177407369017601,0.6296684741973877,1118.0440673828125,548.2174682617188,1218.2081298828125,632.7783813476562,5
Cosmos3_seed101_0039,162,brown cube,0.1741052865982055,0.6287050247192383,966.7545776367188,466.194580078125,994.3256225585938,531.0938110351562,6
Cosmos3_seed101_0039,162,brown cube,0.1299744844436645,0.6226983666419983,1070.1527099609375,519.7361450195312,1183.1109619140625,590.0204467773438,7
Cosmos3_seed101_0039,162,brown cube,0.1659640222787857,0.6105149984359741,952.23095703125,465.747314453125,995.055419921875,564.3759765625,8
Cosmos3_seed101_0039,162,brown cube,0.2663030624389648,0.5838233828544617,3.09521484375,260.50860595703125,981.493896484375,718.0094604492188,9
Cosmos3_seed101_0039,162,brown cube,0.1694712191820144,0.5412086248397827,614.1314697265625,14.49078369140625,1248.11474609375,715.4129638671875,10
Cosmos3_seed101_0039,162,brown cube,0.1660845875740051,0.5411525368690491,959.3005981445312,465.6796569824219,1117.58251953125,591.0332641601562,11
Cosmos3_seed101_0039,162,brown cube,0.1188071221113205,0.5025360584259033,958.2382202148438,465.50531005859375,1218.47412109375,642.9257202148438,12
Cosmos3_seed101_0039,165,brown cube,0.5080167055130005,0.7533656358718872,472.5244140625,370.6195373535156,591.1766357421875,476.4855041503906,1
Cosmos3_seed101_0039,165,brown cube,0.1569520384073257,0.7167487740516663,617.0335083007812,404.5473327636719,675.8773803710938,433.9832458496094,2
Cosmos3_seed101_0039,165,brown cube,0.440089464187622,0.6858752965927124,615.8602905273438,355.3268127441406,679.9678344726562,435.3029479980469,3
Cosmos3_seed101_0039,165,brown cube,0.1993515938520431,0.6746013164520264,1112.5810546875,542.9494018554688,1218.645751953125,635.0414428710938,4
Cosmos3_seed101_0039,165,brown cube,0.1657063066959381,0.6459689736366272,952.3839111328124,465.7765502929688,994.6392822265624,563.5106811523438,5
Cosmos3_seed101_0039,165,brown cube,0.1992354542016983,0.6400245428085327,965.9203491210938,466.0731506347656,994.0545043945312,531.52001953125,6
Cosmos3_seed101_0039,165,brown cube,0.2334988862276077,0.6342653036117554,1068.806884765625,538.1278076171875,1117.0302734375,590.533447265625,7
Cosmos3_seed101_0039,165,brown cube,0.2461909502744674,0.6339221000671387,1133.2406005859375,556.39208984375,1195.6947021484375,597.915771484375,8
Cosmos3_seed101_0039,165,brown cube,0.261064350605011,0.5936853885650635,2.883331298828125,260.23443603515625,981.3082275390624,718.08984375,9
Cosmos3_seed101_0039,165,brown cube,0.178652673959732,0.5560635328292847,960.1908569335938,465.7735595703125,1117.017578125,590.9530029296875,10
Cosmos3_seed101_0039,165,brown cube,0.1674209833145141,0.540433406829834,611.2694091796875,18.330596923828125,1240.735107421875,715.0933837890625,11
Cosmos3_seed101_0039,165,brown cube,0.1192549243569374,0.5089707374572754,959.156005859375,465.5196533203125,1218.373046875,641.8975830078125,12
Cosmos3_seed101_0039,168,brown cube,0.5118289589881897,0.7745896577835083,472.13677978515625,370.51220703125,591.3667602539062,476.2789306640625,1
Cosmos3_seed101_0039,168,brown cube,0.1880868524312973,0.7182115912437439,620.3792114257812,405.3267211914063,678.0438842773438,436.3326416015625,2
Cosmos3_seed101_0039,168,brown cube,0.4467374980449676,0.7098060846328735,619.036376953125,358.5368347167969,680.730224609375,437.8776550292969,3
Cosmos3_seed101_0039,168,brown cube,0.187060609459877,0.649783194065094,1117.92333984375,546.8179321289062,1218.08154296875,632.4736938476562,4
Cosmos3_seed101_0039,168,brown cube,0.2252452224493026,0.6360701322555542,1069.1405029296875,537.8967895507812,1117.0201416015625,591.0026245117188,5
Cosmos3_seed101_0039,168,brown cube,0.1883773356676101,0.6341973543167114,952.357421875,465.8447265625,994.7703857421876,561.5511474609375,6
Cosmos3_seed101_0039,168,brown cube,0.258639395236969,0.6265566945075989,1133.3951416015625,556.341064453125,1195.7393798828125,598.080322265625,7
Cosmos3_seed101_0039,168,brown cube,0.2425914853811264,0.6078189611434937,3.32415771484375,258.844970703125,986.0757446289062,717.8416748046875,8
Cosmos3_seed101_0039,168,brown cube,0.2147819995880127,0.5902036428451538,966.22265625,466.2399291992188,994.20849609375,531.2571411132812,9
Cosmos3_seed101_0039,168,brown cube,0.165309190750122,0.5666971206665039,960.2543334960938,465.7215576171875,1116.903564453125,591.4984130859375,10
Cosmos3_seed101_0039,168,brown cube,0.157165989279747,0.5385738611221313,609.6339721679688,19.6400146484375,1235.282470703125,715.440673828125,11
Cosmos3_seed101_0039,168,brown cube,0.1129053011536598,0.5272091031074524,959.1055297851562,465.4992065429688,1217.712646484375,637.9475708007812,12
Cosmos3_seed101_0039,171,brown cube,0.4843127131462097,0.7769699096679688,472.665283203125,370.4513244628906,591.3177490234375,475.8069152832031,1
Cosmos3_seed101_0039,171,brown cube,0.1234521344304084,0.6649483442306519,952.5675659179688,465.8511657714844,995.0505981445312,562.8013916015625,2
Cosmos3_seed101_0039,171,brown cube,0.2035606205463409,0.663213312625885,1117.52294921875,547.74462890625,1218.22021484375,632.989013671875,3
Cosmos3_seed101_0039,171,brown cube,0.10618207603693,0.6464617252349854,1068.6307373046875,519.4136962890625,1219.8218994140625,644.952880859375,4
Cosmos3_seed101_0039,171,brown cube,0.1913229376077652,0.6417117714881897,966.3677978515624,466.39007568359375,994.4271240234376,531.6076049804688,5
Cosmos3_seed101_0039,171,brown cube,0.5042868852615356,0.6376824378967285,625.5015869140625,393.7583618164063,683.9222412109375,472.68072509765625,6
Cosmos3_seed101_0039,171,brown cube,0.2766745090484619,0.6279834508895874,1133.2735595703125,556.4586181640625,1195.9527587890625,598.07568359375,7
Cosmos3_seed101_0039,171,brown cube,0.2278625816106796,0.6226744651794434,1069.1904296875,538.1112060546875,1117.4072265625,590.739013671875,8
Cosmos3_seed101_0039,171,brown cube,0.1324902772903442,0.6198139786720276,641.7957153320312,267.95428466796875,696.5288696289062,342.5361328125,9
Cosmos3_seed101_0039,171,brown cube,0.1318134367465973,0.5749207735061646,963.6424560546876,466.1636352539063,1116.8883056640625,590.9193725585938,10
Cosmos3_seed101_0039,171,brown cube,0.2408333271741867,0.5580153465270996,3.341552734375,259.2325439453125,986.5468139648438,717.9117431640625,11
Cosmos3_seed101_0039,171,brown cube,0.151451289653778,0.5176920890808105,609.9249267578125,20.601959228515625,1234.9918212890625,715.490966796875,12
Cosmos3_seed101_0039,174,brown cube,0.626240611076355,0.7748269438743591,575.2144775390625,452.2351379394531,649.1671142578125,523.9449462890625,1
Cosmos3_seed101_0039,174,brown cube,0.6054510474205017,0.7734258770942688,622.6539916992188,397.1661682128906,683.4415893554688,452.8109436035156,2
Cosmos3_seed101_0039,174,brown cube,0.3744884133338928,0.745252251625061,473.13232421875,371.4725036621094,590.838623046875,474.5108337402344,3
Cosmos3_seed101_0039,174,brown cube,0.1540460139513015,0.6684303283691406,1115.9178466796875,545.82421875,1218.5325927734375,630.8634033203125,4
Cosmos3_seed101_0039,174,brown cube,0.1681504398584365,0.6487257480621338,952.6749877929688,466.2338562011719,994.5929565429688,561.9584350585938,5
Cosmos3_seed101_0039,174,brown cube,0.1135672554373741,0.6430057287216187,1070.83642578125,518.2100219726562,1185.00439453125,590.0868530273438,6
Cosmos3_seed101_0039,174,brown cube,0.2127486616373062,0.637998104095459,1133.2188720703125,556.8008422851562,1195.6539306640625,597.5023803710938,7
Cosmos3_seed101_0039,174,brown cube,0.2069480121135711,0.6277722716331482,966.9522094726562,466.6658935546875,994.0464477539062,531.3065795898438,8
Cosmos3_seed101_0039,174,brown cube,0.2140184044837951,0.6209578514099121,1069.8349609375,538.8545532226562,1117.0712890625,589.9274291992188,9
Cosmos3_seed101_0039,174,brown cube,0.1253528743982315,0.5844706296920776,3.257049560546875,259.60107421875,985.081298828125,717.4948120117188,10
Cosmos3_seed101_0039,174,brown cube,0.1165985092520713,0.5532234311103821,957.3551635742188,466.7919006347656,1116.9544677734375,589.6603393554688,11
Cosmos3_seed101_0039,177,brown cube,0.620039701461792,0.7686506509780884,622.2326049804688,396.837890625,683.4093627929688,452.0198364257813,1
Cosmos3_seed101_0039,177,brown cube,0.6447811722755432,0.7642550468444824,573.0831909179688,448.7640686035156,647.3595581054688,522.0433349609375,2
Cosmos3_seed101_0039,177,brown cube,0.3475382030010223,0.7506614327430725,472.79388427734375,371.47467041015625,590.9165649414062,474.60888671875,3
Cosmos3_seed101_0039,177,brown cube,0.1295283585786819,0.6688849329948425,1109.6378173828125,543.2822265625,1218.7496337890625,634.43798828125,4
Cosmos3_seed101_0039,177,brown cube,0.1632264256477356,0.655166506767273,1133.48779296875,557.148681640625,1195.6103515625,597.3302001953125,5
Cosmos3_seed101_0039,177,brown cube,0.1609854698181152,0.6446664929389954,1069.423095703125,539.4610595703125,1117.634033203125,590.0902099609375,6
Cosmos3_seed101_0039,177,brown cube,0.1656600534915924,0.6220214366912842,952.5579833984376,466.0932312011719,994.0811767578124,564.1290283203125,7
Cosmos3_seed101_0039,177,brown cube,0.2002013176679611,0.6111546158790588,966.9974975585938,466.4161071777344,993.5670776367188,531.0463256835938,8
Cosmos3_seed101_0039,177,brown cube,0.1150359064340591,0.598339319229126,4.242095947265625,260.13043212890625,984.0574951171876,717.3396606445312,9
Cosmos3_seed101_0039,177,brown cube,0.1295615583658218,0.5545209646224976,958.4946899414062,466.3941345214844,1117.53466796875,590.1703491210938,10
Cosmos3_seed101_0039,180,brown cube,0.6219459772109985,0.7691018581390381,622.1441650390625,396.8023986816406,683.8267822265625,451.2747497558594,1
Cosmos3_seed101_0039,180,brown cube,0.6368038058280945,0.7604398727416992,581.19287109375,445.9436645507813,657.6956787109375,516.0634155273438,2
Cosmos3_seed101_0039,180,brown cube,0.3227567672729492,0.7314658164978027,472.4622497558594,370.9388122558594,590.8282470703125,473.4664001464844,3
Cosmos3_seed101_0039,180,brown cube,0.1325563192367553,0.6525922417640686,1133.4320068359375,557.05126953125,1195.2125244140625,596.8221435546875,4
Cosmos3_seed101_0039,180,brown cube,0.1364491134881973,0.6465033292770386,1108.1087646484375,543.6370849609375,1218.8709716796875,632.427978515625,5
Cosmos3_seed101_0039,180,brown cube,0.1255882978439331,0.644556999206543,951.9951171875,465.7241516113281,994.1156005859376,564.25439453125,6
Cosmos3_seed101_0039,180,brown cube,0.1633202135562896,0.6372159719467163,966.8970336914062,466.09661865234375,993.5679321289062,531.4813842773438,7
Cosmos3_seed101_0039,180,brown cube,0.1161675825715065,0.6216113567352295,1069.0565185546875,536.6341552734375,1118.5816650390625,590.0711669921875,8
Cosmos3_seed101_0039,180,brown cube,0.1170255690813064,0.6060001850128174,3.54730224609375,259.5976867675781,985.1403198242188,717.5394287109375,9
Cosmos3_seed101_0039,180,brown cube,0.1066487878561019,0.5432722568511963,959.6669311523438,465.7272338867188,1117.5142822265625,591.0770874023438,10
Cosmos3_seed101_0039,183,brown cube,0.3507257401943207,0.7481127977371216,472.7425842285156,371.078125,591.0028076171875,475.1007690429688,1
Cosmos3_seed101_0039,183,brown cube,0.5837661623954773,0.7433516979217529,622.3405151367188,396.7480163574219,683.6484985351562,451.4510803222656,2
Cosmos3_seed101_0039,183,brown cube,0.6189270615577698,0.7245504260063171,582.6015014648438,448.0836181640625,659.2546997070312,515.1331787109375,3
Cosmos3_seed101_0039,183,brown cube,0.1188557371497154,0.6642398834228516,1068.984375,532.9976196289062,1121.531494140625,590.5636596679688,4
Cosmos3_seed101_0039,183,brown cube,0.164305031299591,0.6637935638427734,1108.8033447265625,543.4742431640625,1219.0863037109375,631.66455078125,5
Cosmos3_seed101_0039,183,brown cube,0.1243615448474884,0.6502801179885864,966.9999389648438,466.2234802246094,994.1126098632812,531.52099609375,6
Cosmos3_seed101_0039,183,brown cube,0.1560804396867752,0.6428345441818237,1133.271240234375,556.7496948242188,1195.55615234375,597.1404418945312,7
Cosmos3_seed101_0039,183,brown cube,0.1151239648461341,0.6337335109710693,952.346923828125,465.7627258300781,994.65673828125,562.707275390625,8
Cosmos3_seed101_0039,183,brown cube,0.1317285299301147,0.6061307191848755,3.5966796875,259.8115234375,984.5291748046876,717.7430419921875,9
Cosmos3_seed101_0039,183,brown cube,0.12448650598526,0.578742265701294,651.8968505859375,237.89637756347656,704.27880859375,325.78143310546875,10
Cosmos3_seed101_0039,186,brown cube,0.5928258299827576,0.7635469436645508,622.3748779296875,397.3537292480469,683.5584716796875,451.2663879394531,1
Cosmos3_seed101_0039,186,brown cube,0.2834964692592621,0.7567769289016724,472.701904296875,371.3497009277344,591.072998046875,475.7209777832031,2
Cosmos3_seed101_0039,186,brown cube,0.6305503249168396,0.7353832721710205,580.0701293945312,448.3411865234375,659.3831176757812,514.5946655273438,3
Cosmos3_seed101_0039,186,brown cube,0.1561609059572219,0.6530435085296631,1112.0137939453125,543.4391479492188,1218.7510986328125,631.7802124023438,4
Cosmos3_seed101_0039,186,brown cube,0.1062998250126838,0.6485733389854431,1068.718994140625,538.2135009765625,1118.70703125,591.0472412109375,5
Cosmos3_seed101_0039,186,brown cube,0.1626143455505371,0.6394152641296387,1133.587158203125,556.728515625,1195.42626953125,597.0838623046875,6
Cosmos3_seed101_0039,186,brown cube,0.157359316945076,0.6236977577209473,966.689208984375,466.2246398925781,994.2305908203124,531.0631713867188,7
Cosmos3_seed101_0039,186,brown cube,0.1353949010372162,0.6213271617889404,4.029632568359375,258.95806884765625,984.31591796875,717.812255859375,8
Cosmos3_seed101_0039,188,brown cube,0.5910513997077942,0.7660213708877563,622.5161743164062,397.56353759765625,683.4169311523438,451.14251708984375,1
Cosmos3_seed101_0039,188,brown cube,0.3250085711479187,0.7652304172515869,472.4390869140625,371.2767639160156,590.98779296875,475.8299865722656,2
Cosmos3_seed101_0039,188,brown cube,0.6246359348297119,0.749008059501648,580.0718383789062,448.4245300292969,659.1124877929688,514.8400268554688,3
Cosmos3_seed101_0039,188,brown cube,0.1601387858390808,0.6548641324043274,1110.5223388671875,543.5970458984375,1218.5133056640625,634.6651611328125,4
Cosmos3_seed101_0039,188,brown cube,0.1689615994691848,0.6390891075134277,1133.484375,556.705810546875,1195.29443359375,597.5035400390625,5
Cosmos3_seed101_0039,188,brown cube,0.1716104000806808,0.6218140125274658,966.824951171875,466.286865234375,994.614501953125,530.6066284179688,6
Cosmos3_seed101_0039,188,brown cube,0.1396982073783874,0.6200913190841675,4.430755615234375,259.10467529296875,984.2314453125,717.6812744140625,7
Cosmos3_seed101_0049,0,yellow banana,0.8288022875785828,0.9696760773658752,681.6798095703125,461.256103515625,841.3411865234375,553.865478515625,1
Cosmos3_seed101_0049,3,yellow banana,0.8331946730613708,0.9676139950752258,681.5478515625,461.23822021484375,841.5064697265625,553.8984985351562,1
Cosmos3_seed101_0049,6,yellow banana,0.8435453176498413,0.9568871855735779,681.63232421875,461.61517333984375,841.6483154296875,554.0095825195312,1
Cosmos3_seed101_0049,9,yellow banana,0.8383496403694153,0.9568629264831543,681.7409057617188,461.6086120605469,841.6404418945312,554.114013671875,1
Cosmos3_seed101_0049,12,yellow banana,0.8362666368484497,0.9610066413879395,681.6021728515625,461.5594177246094,841.5445556640625,553.9315795898438,1
Cosmos3_seed101_0049,15,yellow banana,0.8434054851531982,0.9510447978973389,681.4297485351562,461.709716796875,841.3618774414062,553.8715209960938,1
Cosmos3_seed101_0049,18,yellow banana,0.8249510526657104,0.9505419135093689,681.8553466796875,461.8456726074219,841.2762451171875,554.0322265625,1
Cosmos3_seed101_0049,21,yellow banana,0.8341374397277832,0.9603770971298218,681.7902221679688,461.6487121582031,841.5350952148438,553.9999389648438,1
Cosmos3_seed101_0049,24,yellow banana,0.8187472224235535,0.9501535892486572,681.7984008789062,462.1950988769531,841.4935913085938,553.9268188476562,1
Cosmos3_seed101_0049,27,yellow banana,0.820909857749939,0.9482506513595581,681.8853149414062,461.4591064453125,841.4891967773438,553.952880859375,1
Cosmos3_seed101_0049,30,yellow banana,0.820163905620575,0.952988862991333,681.6848754882812,461.73333740234375,841.4292602539062,553.7747802734375,1
Cosmos3_seed101_0049,33,yellow banana,0.8137150406837463,0.9483935832977295,681.52490234375,462.1481628417969,841.5604248046875,553.9834594726562,1
Cosmos3_seed101_0049,36,yellow banana,0.8090744614601135,0.9551723003387451,681.5563354492188,462.036376953125,841.6030883789062,553.8165893554688,1
Cosmos3_seed101_0049,39,yellow banana,0.8062480688095093,0.954413652420044,681.3099365234375,462.2440490722656,841.5010986328125,553.96630859375,1
Cosmos3_seed101_0049,42,yellow banana,0.8049514293670654,0.9558511972427368,681.199951171875,462.1693115234375,841.646240234375,553.8881225585938,1
Cosmos3_seed101_0049,45,yellow banana,0.8103424310684204,0.9589242935180664,681.2044677734375,462.2121887207031,841.6593017578125,553.8540649414062,1
Cosmos3_seed101_0049,48,yellow banana,0.7912291288375854,0.9562690258026123,681.2481689453125,462.2648315429688,841.6920166015625,553.8931274414062,1
Cosmos3_seed101_0049,51,yellow banana,0.7827286720275879,0.9569081664085388,681.8222045898438,462.1437377929688,841.6752319335938,553.889892578125,1
Cosmos3_seed101_0049,54,yellow banana,0.779768705368042,0.9635597467422485,681.9092407226562,461.9059143066406,841.4711303710938,553.6845703125,1
Cosmos3_seed101_0049,57,yellow banana,0.7810481786727905,0.958627462387085,681.5323486328125,462.2335510253906,841.8038330078125,553.9599609375,1
Cosmos3_seed101_0049,60,yellow banana,0.7923572063446045,0.9614239931106567,681.6019287109375,462.1304931640625,841.4295654296875,553.7178344726562,1
Cosmos3_seed101_0049,63,yellow banana,0.8033341765403748,0.9548864960670471,681.418212890625,462.0220947265625,841.44091796875,553.666748046875,1
Cosmos3_seed101_0049,66,yellow banana,0.8004913926124573,0.952287495136261,681.67919921875,461.9098205566406,841.2071533203125,553.4483032226562,1
Cosmos3_seed101_0049,69,yellow banana,0.7981815338134766,0.9537217617034912,681.4719848632812,462.4914245605469,841.3388061523438,554.1172485351562,1
Cosmos3_seed101_0049,72,yellow banana,0.8021198511123657,0.9521403312683105,681.42919921875,462.3409423828125,841.0501708984375,553.8494262695312,1
Cosmos3_seed101_0049,75,yellow banana,0.801706075668335,0.9455357789993286,681.5902099609375,461.6134338378906,841.20947265625,553.65380859375,1
Cosmos3_seed101_0049,78,yellow banana,0.7927843928337097,0.9507542252540588,681.6990356445312,461.9197082519531,841.2821655273438,553.7310791015625,1
Cosmos3_seed101_0049,81,yellow banana,0.7962958216667175,0.9331227540969849,681.790771484375,462.751708984375,841.473876953125,554.0359497070312,1
Cosmos3_seed101_0049,84,yellow banana,0.8008846640586853,0.9481059312820435,681.455810546875,462.1226196289063,841.298583984375,553.809326171875,1
Cosmos3_seed101_0049,87,yellow banana,0.8065664172172546,0.9574679136276245,681.7439575195312,462.4921875,841.3754272460938,554.1080932617188,1
Cosmos3_seed101_0049,90,yellow banana,0.8314756155014038,0.9510267972946167,681.7603759765625,462.1349792480469,841.825439453125,554.0446166992188,1
Cosmos3_seed101_0049,93,yellow banana,0.8264549374580383,0.945895791053772,681.8955688476562,462.3569030761719,841.5962524414062,554.1871337890625,1
Cosmos3_seed101_0049,96,yellow banana,0.8274086117744446,0.9512400031089783,681.886962890625,462.0835876464844,841.560546875,553.9966430664062,1
Cosmos3_seed101_0049,99,yellow banana,0.8214356899261475,0.9589415788650513,681.7918090820312,462.2188415527344,841.5026245117188,554.1424560546875,1
Cosmos3_seed101_0049,102,yellow banana,0.8115779161453247,0.9546328783035278,681.705810546875,462.24609375,841.51220703125,553.9991455078125,1
Cosmos3_seed101_0049,105,yellow banana,0.8075203895568848,0.954028844833374,681.609619140625,461.884033203125,841.5006103515625,554.087646484375,1
Cosmos3_seed101_0049,108,yellow banana,0.7734254002571106,0.9084895849227905,681.8364868164062,461.8635864257813,841.2689819335938,553.7730102539062,1
Cosmos3_seed101_0049,111,yellow banana,0.7252269983291626,0.9143565893173218,681.528076171875,461.6397399902344,841.3221435546875,553.6678466796875,1
Cosmos3_seed101_0049,111,yellow banana,0.1076591908931732,0.6826203465461731,1068.9373779296875,541.6058349609375,1117.7559814453125,592.5777587890625,2
Cosmos3_seed101_0049,114,yellow banana,0.7249414920806885,0.9146944284439087,681.7076416015625,462.1352844238281,841.3382568359375,553.61376953125,1
Cosmos3_seed101_0049,114,yellow banana,0.1035143062472343,0.6209700107574463,684.422119140625,48.304107666015625,1278.4478759765625,710.4052734375,2
Cosmos3_seed101_0049,117,yellow banana,0.6758908629417419,0.93362957239151,681.2879028320312,461.8551940917969,841.2285766601562,553.4124755859375,1
Cosmos3_seed101_0049,117,yellow banana,0.1055041402578353,0.660864531993866,1068.538818359375,539.7734985351562,1117.45751953125,592.8286743164062,2
Cosmos3_seed101_0049,117,yellow banana,0.129189908504486,0.6229407787322998,684.793212890625,50.1680908203125,1278.664794921875,710.8109130859375,3
Cosmos3_seed101_0049,117,yellow banana,0.1005500927567482,0.6208925247192383,955.609619140625,465.179931640625,1117.89990234375,593.04150390625,4
Cosmos3_seed101_0049,120,yellow banana,0.6599117517471313,0.9322694540023804,681.8312377929688,462.0789489746094,841.6299438476562,553.77294921875,1
Cosmos3_seed101_0049,120,yellow banana,0.1377718150615692,0.6082704067230225,685.597900390625,51.029541015625,1278.2071533203125,709.9830322265625,2
Cosmos3_seed101_0049,120,yellow banana,0.1031498983502388,0.5974797010421753,955.3438720703124,465.452880859375,1117.8262939453125,592.55224609375,3
Cosmos3_seed101_0049,123,yellow banana,0.6956770420074463,0.9287137985229492,682.8099365234375,462.6085815429688,847.1424560546875,548.8927001953125,1
Cosmos3_seed101_0049,123,yellow banana,0.1153947040438652,0.621855616569519,686.92626953125,53.538330078125,1278.3819580078125,593.8671875,2
Cosmos3_seed101_0049,123,yellow banana,0.1336133778095245,0.6199710965156555,954.2127075195312,464.9869384765625,1118.4351806640625,592.317138671875,3
Cosmos3_seed101_0049,126,yellow banana,0.7371585965156555,0.8957846164703369,675.00244140625,453.8757934570313,842.97314453125,539.4185791015625,1
Cosmos3_seed101_0049,126,yellow banana,0.1006999686360359,0.6313347816467285,680.9651489257812,53.024444580078125,1278.37548828125,594.213134765625,2
Cosmos3_seed101_0049,129,yellow banana,0.6411424875259399,0.7717106342315674,677.5970458984375,427.9529724121094,834.48046875,517.8184204101562,1
Cosmos3_seed101_0049,129,yellow banana,0.1375878304243087,0.6693378686904907,1068.8621826171875,542.3981323242188,1117.9547119140625,591.4734497070312,2
Cosmos3_seed101_0049,129,yellow banana,0.1689613163471222,0.6210812330245972,954.8135986328124,465.1016845703125,1118.5208740234375,591.4481201171875,3
Cosmos3_seed101_0049,129,yellow banana,0.1391437798738479,0.6150909662246704,680.0724487304688,43.393096923828125,1278.5791015625,711.8505859375,4
Cosmos3_seed101_0049,132,yellow banana,0.7495921850204468,0.8735144734382629,664.0189208984375,381.4331665039063,834.6802978515625,464.77484130859375,1
Cosmos3_seed101_0049,132,yellow banana,0.1020255461335182,0.6395318508148193,677.9207763671875,20.51739501953125,1278.6439208984375,711.9136962890625,2
Cosmos3_seed101_0049,135,yellow banana,0.606795608997345,0.8692666292190552,680.701171875,330.1287536621094,841.33056640625,411.3205261230469,1
Cosmos3_seed101_0049,135,yellow banana,0.1946253478527069,0.6375147104263306,678.3212280273438,1.543060302734375,1278.520263671875,528.96435546875,2
Cosmos3_seed101_0049,138,yellow banana,0.7535927295684814,0.869118332862854,656.01708984375,290.28863525390625,829.3851318359375,378.41015625,1
Cosmos3_seed101_0049,141,yellow banana,0.7741309404373169,0.8389915227890015,635.498046875,258.80419921875,803.79931640625,359.82037353515625,1
Cosmos3_seed101_0049,144,yellow banana,0.8161632418632507,0.8695409893989563,590.8917236328125,224.98464965820312,765.892333984375,343.0769348144531,1
Cosmos3_seed101_0049,147,yellow banana,0.1458035558462143,0.8662733435630798,565.5805053710938,204.47657775878903,645.3749389648438,264.88092041015625,1
Cosmos3_seed101_0049,147,yellow banana,0.1285769790410995,0.8418653011322021,654.5230102539062,242.0219268798828,723.1073608398438,324.4286499023437,2
Cosmos3_seed101_0049,147,yellow banana,0.7563353180885315,0.8263088464736938,564.2511596679688,203.60903930664065,723.9663696289062,325.8523864746094,3
Cosmos3_seed101_0049,150,yellow banana,0.8238124847412109,0.8349806070327759,538.04541015625,202.73895263671875,684.808837890625,329.763671875,1
Cosmos3_seed101_0049,153,yellow banana,0.78274005651474,0.8292310237884521,525.3488159179688,219.16140747070312,663.4645385742188,344.0165100097656,1
Cosmos3_seed101_0049,156,yellow banana,0.7434053421020508,0.8513317108154297,520.1315307617188,248.9125213623047,646.6976928710938,368.6540832519531,1
Cosmos3_seed101_0049,156,yellow banana,0.1007272377610206,0.5867058038711548,571.017822265625,1.60467529296875,1273.3760986328125,715.1412963867188,2
Cosmos3_seed101_0049,159,yellow banana,0.7182645797729492,0.8514865636825562,519.8561401367188,270.9608459472656,640.9089965820312,381.0981140136719,1
Cosmos3_seed101_0049,159,yellow banana,0.103495568037033,0.6167862415313721,551.3955078125,14.647491455078123,1250.80712890625,713.3626708984375,2
Cosmos3_seed101_0049,162,yellow banana,0.7359601855278015,0.8375868201255798,519.8993530273438,281.3133544921875,640.5227661132812,382.68939208984375,1
Cosmos3_seed101_0049,165,yellow banana,0.6531251668930054,0.8499335050582886,519.5982055664062,279.1908874511719,635.8328247070312,401.9400329589844,1
Cosmos3_seed101_0049,165,yellow banana,0.1243727579712867,0.6477257609367371,1069.5938720703125,543.4901123046875,1117.5360107421875,591.875,2
Cosmos3_seed101_0049,165,yellow banana,0.131158173084259,0.5897045731544495,571.85986328125,25.883819580078125,1234.8126220703125,711.103271484375,3
Cosmos3_seed101_0049,168,yellow banana,0.6045081615447998,0.8264739513397217,521.3851928710938,275.2634582519531,632.7479858398438,417.8679504394531,1
Cosmos3_seed101_0049,168,yellow banana,0.1242469176650047,0.7208046317100525,578.8953247070312,324.4873962402344,632.1090698242188,416.6398010253906,2
Cosmos3_seed101_0049,168,yellow banana,0.143881008028984,0.6927273273468018,522.10302734375,275.4730224609375,574.3563232421875,331.4052124023437,3
Cosmos3_seed101_0049,168,yellow banana,0.1078453287482261,0.6532933712005615,1069.5238037109375,543.4963989257812,1117.4664306640625,592.0628051757812,4
Cosmos3_seed101_0049,168,yellow banana,0.1420762538909912,0.6048261523246765,569.463134765625,26.34027099609375,1232.1336669921875,712.2862548828125,5
Cosmos3_seed101_0049,171,yellow banana,0.5441914796829224,0.7303876876831055,549.5386962890625,301.866455078125,631.80126953125,421.550537109375,1
Cosmos3_seed101_0049,171,yellow banana,0.1159618869423866,0.7241587042808533,576.3316040039062,332.4139709472656,631.0296020507812,419.1527404785156,2
Cosmos3_seed101_0049,171,yellow banana,0.1007634177803993,0.6619089841842651,1069.5770263671875,543.8541870117188,1117.4178466796875,591.3607788085938,3
Cosmos3_seed101_0049,171,yellow banana,0.1730371415615081,0.6601488590240479,551.1166381835938,302.8981628417969,613.0043334960938,369.9181213378906,4
Cosmos3_seed101_0049,171,yellow banana,0.1056756973266601,0.5935367345809937,577.7235107421875,331.10955810546875,612.93603515625,370.25830078125,5
Cosmos3_seed101_0049,171,yellow banana,0.1652519106864929,0.5714429616928101,560.3350219726562,26.53924560546875,1231.162841796875,712.7632446289062,6
Cosmos3_seed101_0049,174,yellow banana,0.5182263255119324,0.7467780113220215,528.3380737304688,350.59197998046875,632.2064819335938,423.875732421875,1
Cosmos3_seed101_0049,174,yellow banana,0.1745100766420364,0.6588872671127319,1069.780029296875,543.982666015625,1118.04248046875,592.0352783203125,2
Cosmos3_seed101_0049,174,yellow banana,0.1310615241527557,0.6032028198242188,957.9261474609376,466.017333984375,1118.0989990234375,592.04833984375,3
Cosmos3_seed101_0049,174,yellow banana,0.1052088737487793,0.5939209461212158,313.03912353515625,224.09573364257807,715.6953735351562,473.4895324707031,4
Cosmos3_seed101_0049,174,yellow banana,0.2207450419664383,0.5580753684043884,561.249267578125,22.8743896484375,1236.162353515625,712.850830078125,5
Cosmos3_seed101_0049,177,yellow banana,0.5566132068634033,0.7775004506111145,525.6327514648438,350.14874267578125,630.3421020507812,424.2978515625,1
Cosmos3_seed101_0049,177,yellow banana,0.1591625213623047,0.670112133026123,1068.7467041015625,544.6959838867188,1117.8453369140625,592.6458129882812,2
Cosmos3_seed101_0049,177,yellow banana,0.1253904700279235,0.6140608191490173,954.1826171875,466.1809692382813,1117.858154296875,592.6804809570312,3
Cosmos3_seed101_0049,177,yellow banana,0.2023468613624572,0.5803744792938232,553.2254638671875,9.006805419921875,1250.7359619140625,714.8323974609375,4
Cosmos3_seed101_0049,180,yellow banana,0.6361848711967468,0.7801973223686218,524.4686279296875,350.3006591796875,630.995849609375,423.8524169921875,1
Cosmos3_seed101_0049,180,yellow banana,0.1337522566318512,0.5846927165985107,552.3988647460938,0.628021240234375,1277.7880859375,716.2691650390625,2
Cosmos3_seed101_0049,183,yellow banana,0.6310014128684998,0.7751854658126831,524.2077026367188,350.586181640625,630.7256469726562,424.238525390625,1
Cosmos3_seed101_0049,183,yellow banana,0.1588494032621383,0.5818699598312378,565.2137451171875,0.0,1278.2403564453125,714.8304443359375,2
Cosmos3_seed101_0049,186,yellow banana,0.6511856913566589,0.7816718816757202,524.660400390625,349.9971008300781,630.58447265625,422.9622497558594,1
Cosmos3_seed101_0049,186,yellow banana,0.1328050196170807,0.580730676651001,594.7699584960938,0.0,1278.469970703125,714.9002685546875,2
Cosmos3_seed101_0049,188,yellow banana,0.6727854013442993,0.7726283073425293,524.5994873046875,350.1492919921875,630.57275390625,423.0318603515625,1
Cosmos3_seed101_0049,188,yellow banana,0.1213477700948715,0.5842764377593994,610.6974487304688,0.0,1278.62158203125,714.510986328125,2
LVP_0062,0,brown cup,0.884270191192627,0.9601816534996033,287.9929504394531,208.40365600585935,337.2680358886719,276.27783203125,1
LVP_0062,3,brown cup,0.8717400431632996,0.971179187297821,287.82720947265625,208.5126953125,337.03106689453125,276.38525390625,1
LVP_0062,6,brown cup,0.8661379218101501,0.9537482261657715,287.93194580078125,208.4227294921875,337.065673828125,276.3170166015625,1
LVP_0062,9,brown cup,0.8647639155387878,0.9770007133483887,287.7886657714844,208.31585693359372,337.2593078613281,276.4218139648437,1
LVP_0062,12,brown cup,0.8593823313713074,0.9613789319992065,287.8616943359375,208.2017517089844,336.98455810546875,276.174072265625,1
LVP_0062,15,brown cup,0.853746235370636,0.9468808174133301,287.3895568847656,207.564208984375,337.0344543457031,276.56597900390625,1
LVP_0062,18,brown cup,0.8444293141365051,0.9156539440155029,286.3943786621094,208.60159301757807,336.4039611816406,276.4569702148437,1
LVP_0062,21,brown cup,0.8449677228927612,0.9319648742675781,286.17047119140625,207.74578857421875,336.64825439453125,275.4219970703125,1
LVP_0062,24,brown cup,0.8470353484153748,0.932327151298523,288.08770751953125,195.58966064453125,340.8646850585937,270.48297119140625,1
LVP_0062,27,brown cup,0.8252031803131104,0.911329984664917,298.2950439453125,210.52700805664065,356.48150634765625,293.7582092285156,1
LVP_0062,30,brown cup,0.640387773513794,0.8661683201789856,293.0088195800781,234.13723754882807,354.5328674316406,319.2597351074219,1
LVP_0062,30,brown cup,0.2232289612293243,0.7589421272277832,269.4622802734375,232.167236328125,382.8148193359375,363.1764526367188,2
LVP_0062,33,brown cup,0.8568311333656311,0.867403507232666,286.7881164550781,245.38726806640625,350.6529235839844,333.75653076171875,1
LVP_0062,36,brown cup,0.8559831380844116,0.8971046209335327,288.7318725585937,255.682373046875,353.1361083984375,341.2743530273437,1
LVP_0062,39,brown cup,0.8504104018211365,0.8975911140441895,288.1672668457031,254.22576904296875,351.3794250488281,337.57989501953125,1
LVP_0062,42,brown cup,0.8267149329185486,0.9083240032196045,287.3966369628906,253.632080078125,349.3896179199219,334.3294677734375,1
LVP_0062,42,brown cup,0.1160123720765113,0.835589587688446,267.8454284667969,250.0826873779297,383.1488342285156,365.1990356445313,2
LVP_0062,45,brown cup,0.8078992962837219,0.9045798778533936,287.4429626464844,254.42474365234372,349.4563293457031,334.0087280273437,1
LVP_0062,45,brown cup,0.123277448117733,0.8911863565444946,267.9996643066406,251.923828125,382.8851623535156,364.89202880859375,2
LVP_0062,48,brown cup,0.7975670099258423,0.9079241156578064,287.3505249023437,254.4074859619141,349.5654296875,334.0643310546875,1
LVP_0062,48,brown cup,0.1244950518012046,0.8995559215545654,267.9129638671875,251.74041748046875,383.0464477539063,365.14459228515625,2
LVP_0043,0,button,0.3885081112384796,0.9220855236053467,3.15130615234375,177.8495635986328,633.577392578125,478.9946899414063,1
LVP_0043,0,button,0.2346064299345016,0.7351398468017578,1.07586669921875,0.16790771484375,831.0,479.0,2
LVP_0043,0,button,0.1536426693201065,0.5753049254417419,434.65283203125,431.3995361328125,471.3787841796875,464.02874755859375,3
LVP_0043,0,button,0.1596464961767196,0.562313437461853,642.9343872070312,435.3329772949219,732.7409057617188,479.0,4
LVP_0043,0,button,0.1532754451036453,0.5595223307609558,461.4567565917969,445.8778991699219,501.2806701660156,478.4955749511719,5
LVP_0043,0,button,0.1543391048908233,0.5593756437301636,376.8541259765625,453.6315002441406,418.2586669921875,479.0,6
LVP_0043,0,button,0.1531990617513656,0.550095796585083,259.801513671875,443.7511291503906,301.9761962890625,478.4239807128906,7
LVP_0043,0,button,0.1713289022445678,0.5374618768692017,393.146728515625,434.0763854980469,431.9962768554688,468.1734924316406,8
LVP_0043,0,button,0.1616395562887191,0.5166732668876648,349.9510498046875,437.6883239746094,389.96685791015625,471.8619689941406,9
LVP_0043,0,button,0.1572932600975036,0.5136293768882751,305.3591613769531,440.9852600097656,347.0748596191406,475.4098205566406,10
LVP_0043,0,button,0.1587648838758468,0.5043647289276123,474.115234375,428.6432495117188,510.889892578125,459.392333984375,11
LVP_0043,0,button,0.1572053581476211,0.4676932692527771,235.25228881835935,429.19183349609375,276.8238220214844,463.8333129882813,12
LVP_0043,3,button,0.392743706703186,0.9265923500061035,2.907867431640625,177.64002990722656,636.7449951171875,478.860107421875,1
LVP_0043,3,button,0.2291856408119201,0.7353644371032715,1.07421875,0.168701171875,831.0,479.0,2
LVP_0043,3,button,0.1662462949752807,0.5730979442596436,643.068359375,436.2881774902344,732.5360107421875,479.0,3
LVP_0043,3,button,0.1525526940822601,0.5683056712150574,462.060791015625,445.1861267089844,501.3947143554688,478.3230895996094,4
LVP_0043,3,button,0.1528738141059875,0.5651345252990723,434.49066162109375,431.4976196289063,471.9801635742188,463.370361328125,5
LVP_0043,3,button,0.1571438163518905,0.4978870451450348,305.0830993652344,439.88031005859375,346.8653869628906,475.70843505859375,6
LVP_0043,3,button,0.1607194244861602,0.4902629256248474,349.8528747558594,437.6305236816406,390.8777160644531,471.6520080566406,7
LVP_0043,3,button,0.1575395911931991,0.481554239988327,235.2743377685547,429.4501037597656,277.4129638671875,463.8880310058594,8
LVP_0043,3,button,0.1570332050323486,0.47487157583236694,474.0452270507813,428.5796203613281,511.323486328125,459.4948425292969,9
LVP_0043,3,button,0.1612471640110016,0.4673842489719391,392.8550415039063,433.64068603515625,431.67816162109375,468.1717529296875,10
LVP_0043,3,button,0.1560174971818924,0.45411044359207153,212.6784210205078,414.3267822265625,253.3444366455078,447.83013916015625,11
LVP_0043,3,button,0.1557181477546692,0.440888375043869,188.04986572265625,433.1183471679688,230.62384033203125,468.3493041992188,12
LVP_0043,6,button,0.397092342376709,0.9203481674194336,2.027740478515625,177.56027221679688,632.747314453125,478.9569396972656,1
LVP_0043,6,button,0.2291952073574066,0.7296169996261597,1.067138671875,0.1552276611328125,831.0,479.0,2
LVP_0043,6,button,0.1577049493789672,0.5682202577590942,643.9752197265625,436.4233703613281,732.7303466796875,479.0,3
LVP_0043,6,button,0.1544395983219146,0.5498315691947937,434.5460815429688,431.4424133300781,471.9251098632813,463.4673156738281,4
LVP_0043,6,button,0.1507578641176223,0.5414468050003052,376.5362854003906,453.3375244140625,418.0277404785156,479.0,5
LVP_0043,6,button,0.1605652719736099,0.4996175765991211,392.8355407714844,433.8238525390625,431.9599914550781,468.099609375,6
LVP_0043,6,button,0.1598285287618637,0.49374881386756897,349.8213806152344,437.37115478515625,390.9589538574219,471.4344482421875,7
LVP_0043,6,button,0.1579602807760238,0.49038976430892944,305.0530090332031,440.0810546875,347.3777160644531,475.5979614257813,8
LVP_0043,6,button,0.1586300134658813,0.4741969108581543,235.0426483154297,429.09033203125,277.14471435546875,464.1654052734375,9
LVP_0043,6,button,0.1494474709033966,0.4694565534591675,165.7681427001953,417.9742126464844,207.8383026123047,451.0187683105469,10
LVP_0043,6,button,0.1516245305538177,0.4591677784919739,474.1772155761719,428.6528930664063,511.0471496582031,459.75006103515625,11
LVP_0043,6,button,0.15859055519104,0.4537964463233948,212.45211791992188,414.8766784667969,253.36648559570312,446.9890441894531,12
LVP_0043,9,button,0.3906866014003753,0.9252994060516357,2.341949462890625,177.36781311035156,637.9219970703125,478.9806518554688,1
LVP_0043,9,button,0.2322875261306762,0.7301454544067383,1.08465576171875,0.251953125,831.0,479.0,2
LVP_0043,9,button,0.1619714647531509,0.5529958009719849,644.6664428710938,436.9190368652344,732.8201293945312,479.0,3
LVP_0043,9,button,0.1533563435077667,0.5470991134643555,463.0134887695313,445.3665771484375,501.0431518554688,478.27191162109375,4
LVP_0043,9,button,0.1582140922546386,0.48638662695884705,235.2989044189453,429.1260070800781,277.1318664550781,464.0243835449219,5
LVP_0043,9,button,0.1527154147624969,0.48050403594970703,305.2806701660156,440.1563720703125,346.9748229980469,475.6419677734375,6
LVP_0043,9,button,0.1550293266773224,0.4745488166809082,324.09649658203125,422.1759033203125,364.02581787109375,454.94818115234375,7
LVP_0043,9,button,0.1589763611555099,0.47423312067985535,212.5406494140625,414.6947937011719,253.46807861328125,447.2438659667969,8
LVP_0043,9,button,0.154379203915596,0.4725944995880127,474.088134765625,428.6582336425781,510.9571533203125,459.7349548339844,9
LVP_0043,9,button,0.1533899307250976,0.4709918797016144,234.6057891845703,397.8431396484375,274.70904541015625,428.37884521484375,10
LVP_0043,9,button,0.1561087667942047,0.4455706477165222,187.6055450439453,432.8011474609375,230.9106903076172,468.2555541992188,11
LVP_0043,9,button,0.1544480323791504,0.44419074058532715,256.2874450683594,382.522216796875,292.8514709472656,410.9429321289063,12
LVP_0043,12,button,0.3843119740486145,0.8839205503463745,2.62274169921875,177.61746215820312,635.2202758789062,478.9496765136719,1
LVP_0043,12,button,0.2365328222513198,0.7139770984649658,1.03863525390625,0.2874298095703125,831.0,479.0,2
LVP_0043,12,button,0.1581864058971405,0.5547839403152466,434.7761840820313,431.5574035644531,471.8659057617188,463.6061096191406,3
LVP_0043,12,button,0.1607465595006942,0.512378454208374,392.6868286132813,433.6195068359375,432.037841796875,467.6082153320313,4
LVP_0043,12,button,0.1582053154706955,0.4943292438983917,324.0636291503906,422.3248291015625,363.8961486816406,454.88427734375,5
LVP_0043,12,button,0.1632537543773651,0.48807966709136963,235.2659454345703,429.1244812011719,276.9225158691406,464.1886901855469,6
LVP_0043,12,button,0.1553825885057449,0.4847983121871948,280.69580078125,425.7540588378906,321.0419921875,458.9118957519531,7
LVP_0043,12,button,0.1630134582519531,0.4729000926017761,474.4390258789063,428.4951477050781,511.115234375,459.7995910644531,8
LVP_0043,12,button,0.1577226519584655,0.46645212173461914,212.39100646972656,414.8835754394531,253.2374420166016,447.4432678222656,9
LVP_0043,12,button,0.1580971181392669,0.44726529717445374,256.2001342773437,382.6583862304688,292.991455078125,410.8844604492188,10
LVP_0043,12,button,0.1617756634950637,0.44271281361579895,234.62559509277344,397.7381896972656,274.5850524902344,428.6342468261719,11
LVP_0043,12,button,0.1550680696964264,0.43344515562057495,187.59710693359372,432.75787353515625,230.97799682617188,468.47991943359375,12
LVP_0043,15,button,0.3833882212638855,0.8649885058403015,3.287750244140625,177.48773193359375,632.1199951171875,478.9407348632813,1
LVP_0043,15,button,0.237573817372322,0.712271511554718,1.0789794921875,0.3542633056640625,831.0,479.0,2
LVP_0043,15,button,0.1620208024978637,0.5795376300811768,644.109375,436.7430419921875,733.3524169921875,479.0,3
LVP_0043,15,button,0.1569424718618393,0.5371319055557251,349.9633178710937,437.8103637695313,390.7307739257813,471.4227294921875,4
LVP_0043,15,button,0.1591354459524154,0.5342689752578735,434.9181823730469,431.6269226074219,471.8142395019531,463.9311218261719,5
LVP_0043,15,button,0.1595687419176101,0.5088057518005371,392.5506591796875,433.817138671875,431.98736572265625,467.9451293945313,6
LVP_0043,15,button,0.1619402915239334,0.4884588420391083,474.3299560546875,428.5086975097656,511.0146484375,459.7131042480469,7
LVP_0043,15,button,0.1591625064611435,0.48355114459991455,235.0290985107422,428.9783630371094,276.9376220703125,464.1441955566406,8
LVP_0043,15,button,0.1526194512844085,0.4746784567832947,305.0609436035156,440.2668762207031,347.1572570800781,475.5688781738281,9
LVP_0043,15,button,0.1587774604558944,0.47200560569763184,212.73361206054688,414.6837158203125,253.18649291992188,447.155517578125,10
LVP_0043,15,button,0.159982144832611,0.4574834704399109,255.9922332763672,382.6713562011719,292.9778137207031,410.8393249511719,11
LVP_0043,15,button,0.1568336635828018,0.4541344940662384,187.6808624267578,433.003662109375,231.1472625732422,468.31292724609375,12
LVP_0043,18,button,0.3810298442840576,0.8175632357597351,3.28680419921875,177.96751403808594,635.7498779296875,478.97900390625,1
LVP_0043,18,button,0.2363761663436889,0.7065456509590149,1.02001953125,0.3318634033203125,831.0,479.0,2
LVP_0043,18,button,0.1565406769514084,0.554401159286499,434.8609924316406,431.5831298828125,471.4837341308594,463.635009765625,3
LVP_0043,18,button,0.1606030017137527,0.5445233583450317,463.26312255859375,445.34033203125,501.257568359375,478.23187255859375,4
LVP_0043,18,button,0.1680236607789993,0.512738823890686,392.8424072265625,433.666259765625,432.0285034179688,468.30963134765625,5
LVP_0043,18,button,0.1562071591615677,0.4990108907222748,324.3637084960937,422.3877258300781,363.8919067382813,454.7520446777344,6
LVP_0043,18,button,0.1635332256555557,0.48516327142715454,793.9201049804688,169.40219116210938,810.8047485351562,180.379638671875,7
LVP_0043,18,button,0.1600037366151809,0.4783596992492676,778.5186157226562,69.57433319091797,798.7050170898438,80.7964096069336,8
LVP_0043,18,button,0.1590195894241333,0.475595623254776,474.3267517089844,428.4266357421875,510.7901306152344,459.4601440429688,9
LVP_0043,18,button,0.1591454595327377,0.47013819217681885,212.6049346923828,414.8541870117188,253.43443298339844,447.36712646484375,10
LVP_0043,18,button,0.1565822958946228,0.4699195623397827,165.74452209472656,418.15185546875,208.1209259033203,451.36529541015625,11
LVP_0043,18,button,0.1576517075300216,0.4673515558242798,234.61077880859372,397.6461181640625,274.4696044921875,428.4005737304688,12
LVP_0043,21,button,0.3764949738979339,0.8056337833404541,3.133331298828125,177.77371215820312,634.8031005859375,478.9922790527344,1
LVP_0043,21,button,0.2336517423391342,0.7021983861923218,1.059356689453125,0.583587646484375,831.0,479.0,2
LVP_0043,21,button,0.1619134396314621,0.5789604783058167,435.1365661621094,431.5250854492188,471.7715148925781,463.6256103515625,3
LVP_0043,21,button,0.1680949032306671,0.5254830121994019,463.4983520507813,445.580322265625,501.23626708984375,478.253173828125,4
LVP_0043,21,button,0.1604735851287841,0.5169577598571777,349.8222961425781,437.8533325195313,390.9100036621094,471.3076171875,5
LVP_0043,21,button,0.1610329002141952,0.5037446618080139,474.1296997070313,428.5841064453125,510.8533935546875,459.641845703125,6
LVP_0043,21,button,0.1654713600873947,0.4990593492984772,392.661865234375,433.7733154296875,431.965576171875,468.1827392578125,7
LVP_0043,21,button,0.1586867272853851,0.4943646192550659,305.29400634765625,440.2144470214844,346.9965209960937,475.6246643066406,8
LVP_0043,21,button,0.1626438945531845,0.4776117205619812,639.1282958984375,46.85419464111328,646.37353515625,54.90656280517578,9
LVP_0043,21,button,0.1600395441055297,0.47429853677749634,632.3174438476562,93.80339813232422,640.9069213867188,106.58271026611328,10
LVP_0043,21,button,0.1565882116556167,0.46706438064575195,235.1781005859375,428.99755859375,277.2396850585937,463.99407958984375,11
LVP_0043,21,button,0.1572040915489196,0.4332737922668457,212.6605224609375,414.7327880859375,253.52951049804688,447.39849853515625,12
LVP_0043,24,button,0.3727054297924042,0.8052057027816772,2.426422119140625,177.6741943359375,635.9539794921875,479.0,1
LVP_0043,24,button,0.2108325064182281,0.7071586847305298,0.891632080078125,0.574920654296875,831.0,479.0,2
LVP_0043,24,button,0.1605734676122665,0.5547992587089539,435.025634765625,431.6710205078125,471.6234130859375,463.60943603515625,3
LVP_0043,24,button,0.1614292860031128,0.5393885374069214,349.7325134277344,437.7748718261719,390.7604675292969,471.1734313964844,4
LVP_0043,24,button,0.1671652793884277,0.5284011363983154,463.81439208984375,445.4632873535156,501.6652221679688,478.2435607910156,5
LVP_0043,24,button,0.1611747741699218,0.5054765939712524,259.0494384765625,443.5203247070313,302.555908203125,478.4243774414063,6
LVP_0043,24,button,0.1601407676935196,0.48601552844047546,618.7948608398438,95.94283294677734,627.2189331054688,107.55973052978516,7
LVP_0043,24,button,0.1681440472602844,0.4768907129764557,392.7399597167969,433.787353515625,432.0428161621094,468.3410034179688,8
LVP_0043,24,button,0.1580513715744018,0.47303175926208496,484.3548889160156,412.16400146484375,518.9795532226562,441.6467895507813,9
LVP_0043,24,button,0.1586394309997558,0.47114476561546326,768.4784545898438,166.10658264160156,784.4880981445312,176.33070373535156,10
LVP_0043,24,button,0.1647689193487167,0.4680132269859314,625.9208984375,50.84593200683594,632.947509765625,59.30183410644531,11
LVP_0043,24,button,0.1634154766798019,0.46392232179641724,212.6700439453125,414.6674499511719,253.38580322265625,447.3173522949219,12
LVP_0043,27,button,0.3811258971691131,0.8025768995285034,2.633270263671875,178.06558227539062,647.829345703125,479.0,1
LVP_0043,27,button,0.2341768443584442,0.7156461477279663,0.976470947265625,0.6109619140625,831.0,479.0,2
LVP_0043,27,button,0.1581821888685226,0.5044355392456055,474.4080200195313,428.2775573730469,511.03118896484375,459.2971496582031,3
LVP_0043,27,button,0.1631495654582977,0.5034211277961731,392.7034301757813,433.6941223144531,432.1103515625,468.3187561035156,4
LVP_0043,27,button,0.1596397757530212,0.4943486154079437,608.8480224609375,97.38286590576172,618.1986083984375,110.69965362548828,5
LVP_0043,27,button,0.1649671643972396,0.4930347204208374,748.6340942382812,190.0019378662109,762.9175415039062,199.7797088623047,6
LVP_0043,27,button,0.1598587334156036,0.4756254553794861,235.1905517578125,428.9054565429688,277.4423828125,463.8513793945313,7
LVP_0043,27,button,0.1859693080186844,0.47133055329322815,801.5770263671875,200.27975463867188,814.8699951171875,210.24447631835935,8
LVP_0043,27,button,0.1600467711687088,0.46502891182899475,212.80421447753903,414.71484375,253.4936370849609,447.4830322265625,9
LVP_0043,27,button,0.1688472777605056,0.4604633152484894,761.6997680664062,165.94651794433594,776.9204711914062,175.6188201904297,10
LVP_0043,27,button,0.1795465499162674,0.45957082509994507,814.0772094726562,174.261474609375,827.5106811523438,184.1492919921875,11
LVP_0043,27,button,0.1593412458896637,0.4417659342288971,188.1552276611328,432.8157348632813,231.18077087402344,468.2595825195313,12
LVP_0043,30,button,0.380008339881897,0.7965830564498901,2.320465087890625,177.79156494140625,648.795166015625,478.9850463867188,1
LVP_0043,30,button,0.2318855971097946,0.7075232267379761,0.9200439453125,0.7497100830078125,831.0,479.0,2
LVP_0043,30,button,0.1556499600410461,0.568760097026825,643.619384765625,435.92626953125,732.38916015625,479.0,3
LVP_0043,30,button,0.1563242971897125,0.5250978469848633,259.16192626953125,443.466552734375,302.4950561523437,478.3909301757813,4
LVP_0043,30,button,0.1560379862785339,0.49235597252845764,234.3739318847656,397.6062622070313,274.6285705566406,428.3582763671875,5
LVP_0043,30,button,0.2057459503412246,0.4912203550338745,753.2371215820312,164.82081604003906,769.9937133789062,175.2371063232422,6
LVP_0043,30,button,0.1585948467254638,0.48348018527030945,392.7478942871094,433.8741455078125,432.1626281738281,468.3606567382813,7
LVP_0043,30,button,0.1920513212680816,0.46620452404022217,807.3580932617188,172.3141326904297,821.4873657226562,182.2831573486328,8
LVP_0043,30,button,0.1647656410932541,0.46486401557922363,794.5335693359375,198.44091796875,808.7177734375,208.51544189453125,9
LVP_0043,30,button,0.1559140980243683,0.45984745025634766,187.9410095214844,432.7696838378906,231.04611206054688,468.1163635253906,10
LVP_0043,30,button,0.160642996430397,0.4532923698425293,816.6982421875,147.96205139160156,829.65673828125,157.85597229003906,11
LVP_0043,30,button,0.1610993444919586,0.4517563581466675,212.6908721923828,414.7093200683594,253.2980194091797,447.4453430175781,12
LVP_0043,33,button,0.3855119049549103,0.7907117605209351,2.41851806640625,177.93603515625,644.0944213867188,479.0,1
LVP_0043,33,button,0.2340025603771209,0.7032239437103271,1.000396728515625,0.5146484375,831.0,479.0,2
LVP_0043,33,button,0.1576968878507614,0.5666536092758179,643.5909423828125,436.2613525390625,732.429931640625,479.0,3
LVP_0043,33,button,0.1584616899490356,0.5291336178779602,463.2810363769531,445.04345703125,501.3124694824219,478.2572021484375,4
LVP_0043,33,button,0.1569652408361435,0.5087345838546753,474.2882690429688,428.7636413574219,510.6765747070313,459.5519714355469,5
LVP_0043,33,button,0.1836817860603332,0.49194014072418213,752.5664672851562,164.6196746826172,768.9442749023438,174.89183044433594,6
LVP_0043,33,button,0.1810013353824615,0.4912329912185669,806.5756225585938,172.2055206298828,821.3419799804688,182.2597503662109,7
LVP_0043,33,button,0.1563912034034729,0.48476332426071167,324.1609191894531,422.36810302734375,363.7289733886719,454.82818603515625,8
LVP_0043,33,button,0.1604333519935608,0.48281627893447876,392.8179016113281,433.9586486816406,432.1148376464844,468.3301086425781,9
LVP_0043,33,button,0.157221108675003,0.45865851640701294,794.1948852539062,198.42645263671875,808.5132446289062,208.55987548828125,10
LVP_0043,33,button,0.1605887562036514,0.45007216930389404,212.7256774902344,414.8400268554688,253.31243896484372,447.4109497070313,11
LVP_0043,33,button,0.1560474336147308,0.4461451768875122,187.91232299804688,432.7546997070313,231.0751037597656,468.2056274414063,12
LVP_0043,36,button,0.3823692500591278,0.7901232838630676,1.85321044921875,177.84645080566406,643.8955078125,479.0,1
LVP_0043,36,button,0.2332253456115722,0.7029037475585938,0.799774169921875,0.6058197021484375,831.0,479.0,2
LVP_0043,36,button,0.1614590138196945,0.569220781326294,643.9779663085938,436.3179626464844,732.8508911132812,479.0,3
LVP_0043,36,button,0.1545010209083557,0.5296148061752319,350.0132141113281,437.916259765625,390.9090881347656,471.26220703125,4
LVP_0043,36,button,0.1581969410181045,0.5271973609924316,259.0162048339844,443.4686279296875,302.3944396972656,478.4638671875,5
LVP_0043,36,button,0.1562901139259338,0.5049880743026733,474.33587646484375,428.8400573730469,510.6829833984375,459.5994567871094,6
LVP_0043,36,button,0.1569979339838028,0.49557772278785706,234.40904235839844,397.7333984375,274.4890441894531,428.18157958984375,7
LVP_0043,36,button,0.1553129702806472,0.4934557378292084,392.8484497070313,433.8140258789063,432.2078247070313,468.1494140625,8
LVP_0043,36,button,0.1599438637495041,0.48891815543174744,633.5126342773438,102.5445556640625,641.0746459960938,111.47860717773438,9
LVP_0043,36,button,0.1789375394582748,0.4882199466228485,603.8629150390625,102.27787017822266,612.1043701171875,114.33293914794922,10
LVP_0043,36,button,0.1584177911281585,0.4760090410709381,212.66339111328125,414.7951049804688,253.42840576171875,447.3330078125,11
LVP_0043,36,button,0.1593050360679626,0.4634370803833008,809.188232421875,172.7662353515625,823.0843505859375,182.84817504882807,12
LVP_0043,39,button,0.3743833005428314,0.7804391384124756,2.1038818359375,177.8594207763672,637.612548828125,479.0,1
LVP_0043,39,button,0.2290474027395248,0.7065040469169617,0.9429931640625,0.578582763671875,831.0,479.0,2
LVP_0043,39,button,0.1643803566694259,0.5675047039985657,644.0357055664062,436.3102722167969,732.2808227539062,479.0,3
LVP_0043,39,button,0.1590806245803833,0.5204441547393799,463.4185485839844,445.4162902832031,501.3893127441406,478.3402404785156,4
LVP_0043,39,button,0.1571886092424392,0.49380797147750854,639.2607421875,101.37029266357422,647.5360107421875,110.89183807373048,5
LVP_0043,39,button,0.167665421962738,0.4846673607826233,749.006591796875,190.07452392578125,763.95263671875,200.26071166992188,6
LVP_0043,39,button,0.2007054537534713,0.4701264500617981,761.8590087890625,165.46914672851562,777.931884765625,175.51370239257812,7
LVP_0043,39,button,0.1560394912958145,0.46481990814208984,187.9384613037109,432.63134765625,230.9999542236328,468.059814453125,8
LVP_0043,39,button,0.1941749006509781,0.462427020072937,814.9212646484375,174.2430419921875,827.9730224609375,184.072021484375,9
LVP_0043,39,button,0.1584053933620453,0.4559503197669983,212.61526489257807,414.7427673339844,253.00143432617188,447.4272155761719,10
LVP_0043,39,button,0.1747045516967773,0.45204734802246094,725.7379760742188,262.1231994628906,742.3776245117188,273.5454406738281,11
LVP_0043,39,button,0.1765464693307876,0.4470655024051666,802.7532348632812,200.62083435058597,815.6636352539062,209.2389373779297,12
LVP_0043,42,button,0.383968710899353,0.8253215551376343,2.131195068359375,177.959716796875,638.124755859375,478.9691162109375,1
LVP_0043,42,button,0.2137165665626526,0.696738600730896,1.021331787109375,0.4534759521484375,831.0,479.0,2
LVP_0043,42,button,0.1641348153352737,0.558777928352356,644.0380249023438,436.47161865234375,732.7883911132812,479.0,3
LVP_0043,42,button,0.1554679721593856,0.5523252487182617,434.8578186035156,431.2021484375,471.6797180175781,463.3592529296875,4
LVP_0043,42,button,0.1561372131109237,0.5112900733947754,349.9969787597656,437.906005859375,390.8457336425781,471.3366088867188,5
LVP_0043,42,button,0.1661184281110763,0.49814605712890625,392.6712341308594,433.7015686035156,432.1659240722656,468.2428283691406,6
LVP_0043,42,button,0.17058826982975,0.4919677972793579,640.8253173828125,89.25666046142578,650.3055419921875,102.47650909423828,7
LVP_0043,42,button,0.1591027081012725,0.49001067876815796,474.4557189941406,428.8200073242188,510.9126892089844,459.7081909179688,8
LVP_0043,42,button,0.1638804823160171,0.4877181649208069,787.3385009765625,168.3247528076172,804.08203125,179.9177703857422,9
LVP_0043,42,button,0.1561305373907089,0.48729342222213745,235.0386657714844,428.9482421875,277.3112487792969,464.0059814453125,10
LVP_0043,42,button,0.1565025448799133,0.4693715572357178,187.9548797607422,432.8544006347656,231.10890197753903,468.4032897949219,11
LVP_0043,42,button,0.1587303876876831,0.45714688301086426,212.6253967285156,414.83306884765625,253.13037109375,447.4734497070313,12
LVP_0043,45,button,0.3862142860889435,0.8314089179039001,2.471832275390625,178.00917053222656,637.897705078125,478.934326171875,1
LVP_0043,45,button,0.2227587252855301,0.6940196752548218,0.966278076171875,0.2745513916015625,831.0,479.0,2
LVP_0043,45,button,0.1679113954305648,0.5728639960289001,643.4188232421875,436.3123779296875,732.884521484375,479.0,3
LVP_0043,45,button,0.1663999706506729,0.49319782853126526,658.7291870117188,84.84455871582031,667.2029418945312,96.531005859375,4
LVP_0043,45,button,0.1641839146614074,0.49167564511299133,392.7586059570313,433.73675537109375,432.2033081054688,468.3430786132813,5
LVP_0043,45,button,0.1545505076646804,0.48801684379577637,474.1692199707031,428.8606567382813,510.8923034667969,459.80218505859375,6
LVP_0043,45,button,0.1568819433450698,0.48192113637924194,670.3143920898438,30.38988494873047,678.8395385742188,39.729278564453125,7
LVP_0043,45,button,0.1579947471618652,0.47286543250083923,789.482177734375,70.81794738769531,810.3001708984375,82.90721130371094,8
LVP_0043,45,button,0.1727250218391418,0.4726670980453491,783.0211181640625,193.703857421875,797.236083984375,204.98880004882807,9
LVP_0043,45,button,0.1559491604566574,0.4548822045326233,187.6764068603516,432.7720336914063,231.0375518798828,468.2939453125,10
LVP_0043,45,button,0.1564982533454895,0.453056275844574,212.467041015625,414.7696533203125,253.59494018554688,447.52044677734375,11
LVP_0043,45,button,0.1625384539365768,0.4507113993167877,717.673095703125,17.531126022338867,727.37060546875,29.9948673248291,12
LVP_0043,48,button,0.381619393825531,0.8721200823783875,3.35882568359375,177.55621337890625,632.6589965820312,478.9495849609375,1
LVP_0043,48,button,0.2304155230522155,0.7073005437850952,1.003143310546875,0.4264068603515625,831.0,479.0,2
LVP_0043,48,button,0.164150595664978,0.562328577041626,644.01953125,436.3887939453125,732.6661376953125,479.0,3
LVP_0043,48,button,0.1596695780754089,0.5394785404205322,462.8361511230469,445.0445251464844,500.9965515136719,478.3133239746094,4
LVP_0043,48,button,0.1574154645204544,0.5323027968406677,259.1770324707031,443.455078125,302.4496154785156,478.38812255859375,5
LVP_0043,48,button,0.1607438772916793,0.5081396698951721,349.9173583984375,437.9304809570313,390.8526611328125,471.3612060546875,6
LVP_0043,48,button,0.1645222008228302,0.4861515164375305,392.5968017578125,433.8818359375,432.1419067382813,468.3167114257813,7
LVP_0043,48,button,0.1575648784637451,0.48508983850479126,305.0902709960937,440.1585388183594,346.98681640625,475.8517761230469,8
LVP_0043,48,button,0.1582423001527786,0.4808305501937866,474.1123046875,428.84759521484375,510.8230590820313,459.70947265625,9
LVP_0043,48,button,0.1671218276023864,0.4780377745628357,673.0545654296875,75.88033294677734,682.79248046875,89.37198638916016,10
LVP_0043,48,button,0.1599494367837906,0.45586061477661133,212.5919342041016,414.59869384765625,253.5548553466797,447.44866943359375,11
LVP_0043,48,button,0.1575728058815002,0.45436665415763855,187.75064086914065,432.8040161132813,231.06097412109372,468.1989135742188,12
