case,frame,rank,gdino_score,source_similarity,x1,y1,x2,y2,sam_score,mask_pixels,crop_path
Cosmos2.5_0036,0,1,0.7974219918251038,0.9353830814361572,662.7784423828125,339.21063232421875,759.197265625,409.4937133789063,0.97265625,4952,/shared/ssd_30T/zhuoyingyang/physact/sam3_robowm/identity_v1/sam_masked_negative6/crops/Cosmos2.5_0036/frame_0000_rank_01.png
Cosmos2.5_0036,0,2,0.1143990531563758,0.6408697366714478,914.031982421875,478.8466491699219,1110.7891845703125,701.31884765625,0.9296875,25412,/shared/ssd_30T/zhuoyingyang/physact/sam3_robowm/identity_v1/sam_masked_negative6/crops/Cosmos2.5_0036/frame_0000_rank_02.png
Cosmos2.5_0036,0,3,0.1016993448138237,0.6119279861450195,1015.8194580078124,189.95977783203125,1278.1575927734375,514.5381469726562,0.9765625,42196,/shared/ssd_30T/zhuoyingyang/physact/sam3_robowm/identity_v1/sam_masked_negative6/crops/Cosmos2.5_0036/frame_0000_rank_03.png
Cosmos2.5_0036,3,1,0.7855073809623718,0.8663011789321899,662.78857421875,339.5564880371094,758.76513671875,410.0774841308594,0.96875,4999,/shared/ssd_30T/zhuoyingyang/physact/sam3_robowm/identity_v1/sam_masked_negative6/crops/Cosmos2.5_0036/frame_0003_rank_01.png
Cosmos2.5_0036,3,2,0.1153903901576995,0.6699734330177307,629.86279296875,189.80767822265625,726.3614501953125,264.49139404296875,0.9609375,4786,/shared/ssd_30T/zhuoyingyang/physact/sam3_robowm/identity_v1/sam_masked_negative6/crops/Cosmos2.5_0036/frame_0003_rank_02.png
Cosmos2.5_0036,3,3,0.120252713561058,0.6099838614463806,912.0765380859376,417.2785339355469,1112.374267578125,701.41650390625,0.9375,25736,/shared/ssd_30T/zhuoyingyang/physact/sam3_robowm/identity_v1/sam_masked_negative6/crops/Cosmos2.5_0036/frame_0003_rank_03.png
Cosmos2.5_0036,6,1,0.7590517401695251,0.8501127362251282,663.8053588867188,338.09442138671875,759.9215698242188,409.1187133789063,0.96875,5030,/shared/ssd_30T/zhuoyingyang/physact/sam3_robowm/identity_v1/sam_masked_negative6/crops/Cosmos2.5_0036/frame_0006_rank_01.png
Cosmos2.5_0036,6,2,0.1151273995637893,0.6417263746261597,606.081787109375,205.4916534423828,704.58203125,276.6165771484375,0.953125,4627,/shared/ssd_30T/zhuoyingyang/physact/sam3_robowm/identity_v1/sam_masked_negative6/crops/Cosmos2.5_0036/frame_0006_rank_02.png
Cosmos2.5_0036,6,3,0.1083665937185287,0.6224497556686401,914.3230590820312,416.9146423339844,1112.65625,701.4105224609375,0.9296875,26280,/shared/ssd_30T/zhuoyingyang/physact/sam3_robowm/identity_v1/sam_masked_negative6/crops/Cosmos2.5_0036/frame_0006_rank_03.png
Cosmos2.5_0036,9,1,0.7439025044441223,0.7763060331344604,663.80615234375,338.5859375,759.018310546875,409.364990234375,0.97265625,4971,/shared/ssd_30T/zhuoyingyang/physact/sam3_robowm/identity_v1/sam_masked_negative6/crops/Cosmos2.5_0036/frame_0009_rank_01.png
Cosmos2.5_0036,9,2,0.1027691736817359,0.6238125562667847,912.5673828125,418.0442810058594,1112.830810546875,701.5101318359375,0.9296875,26572,/shared/ssd_30T/zhuoyingyang/physact/sam3_robowm/identity_v1/sam_masked_negative6/crops/Cosmos2.5_0036/frame_0009_rank_02.png
Cosmos2.5_0036,9,3,0.1789017915725708,0.600932240486145,600.2064208984375,1.023834228515625,1240.14990234375,700.65478515625,0.98828125,132417,/shared/ssd_30T/zhuoyingyang/physact/sam3_robowm/identity_v1/sam_masked_negative6/crops/Cosmos2.5_0036/frame_0009_rank_03.png
Cosmos2.5_0036,12,1,0.7442945241928101,0.8647613525390625,663.068115234375,338.14794921875,758.83349609375,409.73834228515625,0.97265625,5014,/shared/ssd_30T/zhuoyingyang/physact/sam3_robowm/identity_v1/sam_masked_negative6/crops/Cosmos2.5_0036/frame_0012_rank_01.png
Cosmos2.5_0036,12,2,0.1000190079212188,0.6181515455245972,912.7899780273438,474.9098510742188,1112.9697265625,701.0945434570312,0.9453125,25234,/shared/ssd_30T/zhuoyingyang/physact/sam3_robowm/identity_v1/sam_masked_negative6/crops/Cosmos2.5_0036/frame_0012_rank_02.png
Cosmos2.5_0036,12,3,0.1675406545400619,0.6058709621429443,594.229248046875,1.78546142578125,1233.410888671875,700.588623046875,0.984375,130916,/shared/ssd_30T/zhuoyingyang/physact/sam3_robowm/identity_v1/sam_masked_negative6/crops/Cosmos2.5_0036/frame_0012_rank_03.png
Cosmos2.5_0036,15,1,0.7040117383003235,0.8282496333122253,664.450439453125,338.17779541015625,759.630126953125,408.82916259765625,0.97265625,4980,/shared/ssd_30T/zhuoyingyang/physact/sam3_robowm/identity_v1/sam_masked_negative6/crops/Cosmos2.5_0036/frame_0015_rank_01.png
Cosmos2.5_0036,15,2,0.1962819248437881,0.6234102249145508,638.3084716796875,129.20172119140625,756.9737548828125,238.21978759765625,0.95703125,3680,/shared/ssd_30T/zhuoyingyang/physact/sam3_robowm/identity_v1/sam_masked_negative6/crops/Cosmos2.5_0036/frame_0015_rank_02.png
Cosmos2.5_0036,15,3,0.1176283210515976,0.6221455335617065,914.8442993164062,473.2677612304688,1113.4608154296875,701.3722534179688,0.9453125,25675,/shared/ssd_30T/zhuoyingyang/physact/sam3_robowm/identity_v1/sam_masked_negative6/crops/Cosmos2.5_0036/frame_0015_rank_03.png
Cosmos2.5_0036,18,1,0.7260834574699402,0.8038862347602844,664.3270874023438,339.5688171386719,759.1170043945312,409.9363708496094,0.97265625,4996,/shared/ssd_30T/zhuoyingyang/physact/sam3_robowm/identity_v1/sam_masked_negative6/crops/Cosmos2.5_0036/frame_0018_rank_01.png
Cosmos2.5_0036,18,2,0.1697554439306259,0.6301881074905396,631.71142578125,140.35374450683594,741.40234375,260.3583374023437,0.95703125,4486,/shared/ssd_30T/zhuoyingyang/physact/sam3_robowm/identity_v1/sam_masked_negative6/crops/Cosmos2.5_0036/frame_0018_rank_02.png
Cosmos2.5_0036,18,3,0.2330711185932159,0.6049580574035645,621.8605346679688,20.79644775390625,1210.2275390625,700.6835327148438,0.97265625,120498,/shared/ssd_30T/zhuoyingyang/physact/sam3_robowm/identity_v1/sam_masked_negative6/crops/Cosmos2.5_0036/frame_0018_rank_03.png
Cosmos2.5_0036,21,1,0.7290360331535339,0.8423445224761963,664.0333251953125,338.4354858398437,759.2269287109375,409.0335083007813,0.97265625,4987,/shared/ssd_30T/zhuoyingyang/physact/sam3_robowm/identity_v1/sam_masked_negative6/crops/Cosmos2.5_0036/frame_0021_rank_01.png
Cosmos2.5_0036,21,2,0.1554431468248367,0.6230276823043823,633.600341796875,140.64349365234375,748.1953125,264.87176513671875,0.9609375,4628,/shared/ssd_30T/zhuoyingyang/physact/sam3_robowm/identity_v1/sam_masked_negative6/crops/Cosmos2.5_0036/frame_0021_rank_02.png
Cosmos2.5_0036,21,3,0.2302005589008331,0.609735906124115,628.722900390625,21.59286499023437,1208.9515380859375,700.249755859375,0.9765625,120399,/shared/ssd_30T/zhuoyingyang/physact/sam3_robowm/identity_v1/sam_masked_negative6/crops/Cosmos2.5_0036/frame_0021_rank_03.png
Cosmos2.5_0036,24,1,0.749562680721283,0.8247921466827393,663.5512084960938,338.92340087890625,758.9306030273438,409.5325317382813,0.97265625,4964,/shared/ssd_30T/zhuoyingyang/physact/sam3_robowm/identity_v1/sam_masked_negative6/crops/Cosmos2.5_0036/frame_0024_rank_01.png
Cosmos2.5_0036,24,2,0.2019344568252563,0.6097385287284851,626.6151123046875,27.885467529296875,1195.2764892578125,700.295166015625,0.98046875,119068,/shared/ssd_30T/zhuoyingyang/physact/sam3_robowm/identity_v1/sam_masked_negative6/crops/Cosmos2.5_0036/frame_0024_rank_02.png
Cosmos2.5_0036,24,3,0.1157320588827133,0.5788363218307495,1131.7225341796875,647.5691528320312,1243.3265380859375,701.6701049804688,0.95703125,3854,/shared/ssd_30T/zhuoyingyang/physact/sam3_robowm/identity_v1/sam_masked_negative6/crops/Cosmos2.5_0036/frame_0024_rank_03.png
Cosmos2.5_0036,27,1,0.712012529373169,0.8462184071540833,662.8135375976562,339.47808837890625,758.7031860351562,409.5357055664063,0.97265625,4976,/shared/ssd_30T/zhuoyingyang/physact/sam3_robowm/identity_v1/sam_masked_negative6/crops/Cosmos2.5_0036/frame_0027_rank_01.png
Cosmos2.5_0036,27,2,0.1078975051641464,0.6286239624023438,646.4863891601562,160.747314453125,743.6022338867188,277.0985412597656,0.95703125,4942,/shared/ssd_30T/zhuoyingyang/physact/sam3_robowm/identity_v1/sam_masked_negative6/crops/Cosmos2.5_0036/frame_0027_rank_02.png
Cosmos2.5_0036,27,3,0.2252479195594787,0.6186690926551819,641.5884399414062,43.77130126953125,1165.5068359375,700.1795043945312,0.98046875,115542,/shared/ssd_30T/zhuoyingyang/physact/sam3_robowm/identity_v1/sam_masked_negative6/crops/Cosmos2.5_0036/frame_0027_rank_03.png
Cosmos2.5_0036,30,1,0.672636866569519,0.8147239685058594,662.5264282226562,339.618408203125,758.6376342773438,409.6759643554688,0.96875,4981,/shared/ssd_30T/zhuoyingyang/physact/sam3_robowm/identity_v1/sam_masked_negative6/crops/Cosmos2.5_0036/frame_0030_rank_01.png
Cosmos2.5_0036,30,2,0.1376660019159317,0.6347572207450867,645.13720703125,160.9628143310547,741.8702392578125,281.6420593261719,0.953125,5069,/shared/ssd_30T/zhuoyingyang/physact/sam3_robowm/identity_v1/sam_masked_negative6/crops/Cosmos2.5_0036/frame_0030_rank_02.png
Cosmos2.5_0036,30,3,0.1024353206157684,0.6301736235618591,1136.7413330078125,375.4500427246094,1162.3541259765625,450.4572448730469,0.921875,781,/shared/ssd_30T/zhuoyingyang/physact/sam3_robowm/identity_v1/sam_masked_negative6/crops/Cosmos2.5_0036/frame_0030_rank_03.png
Cosmos2.5_0036,33,1,0.6586223244667053,0.8271841406822205,661.3870849609375,335.4938049316406,757.6541748046875,406.8302917480469,0.97265625,4848,/shared/ssd_30T/zhuoyingyang/physact/sam3_robowm/identity_v1/sam_masked_negative6/crops/Cosmos2.5_0036/frame_0033_rank_01.png
Cosmos2.5_0036,33,2,0.2551440894603729,0.6235908269882202,651.810302734375,47.457794189453125,1166.28466796875,700.1116943359375,0.98046875,112544,/shared/ssd_30T/zhuoyingyang/physact/sam3_robowm/identity_v1/sam_masked_negative6/crops/Cosmos2.5_0036/frame_0033_rank_02.png
Cosmos2.5_0036,33,3,0.1772357523441314,0.606366753578186,654.1627197265625,155.61419677734375,748.58740234375,274.54150390625,0.95703125,4194,/shared/ssd_30T/zhuoyingyang/physact/sam3_robowm/identity_v1/sam_masked_negative6/crops/Cosmos2.5_0036/frame_0033_rank_03.png
Cosmos2.5_0036,36,1,0.6589933633804321,0.6855987906455994,659.4457397460938,325.0118408203125,750.0657348632812,395.8569946289063,0.97265625,4759,/shared/ssd_30T/zhuoyingyang/physact/sam3_robowm/identity_v1/sam_masked_negative6/crops/Cosmos2.5_0036/frame_0036_rank_01.png
Cosmos2.5_0036,36,2,0.1053295508027076,0.6392948031425476,656.020263671875,149.499755859375,757.6546630859375,396.541259765625,0.96875,12474,/shared/ssd_30T/zhuoyingyang/physact/sam3_robowm/identity_v1/sam_masked_negative6/crops/Cosmos2.5_0036/frame_0036_rank_02.png
Cosmos2.5_0036,36,3,0.1351936161518097,0.6269925832748413,1134.9052734375,380.21923828125,1167.9189453125,458.23870849609375,0.9375,996,/shared/ssd_30T/zhuoyingyang/physact/sam3_robowm/identity_v1/sam_masked_negative6/crops/Cosmos2.5_0036/frame_0036_rank_03.png
Cosmos2.5_0036,39,1,0.7286266088485718,0.8356969952583313,660.5685424804688,319.0536499023437,749.9375610351562,395.1548461914063,0.97265625,4872,/shared/ssd_30T/zhuoyingyang/physact/sam3_robowm/identity_v1/sam_masked_negative6/crops/Cosmos2.5_0036/frame_0039_rank_01.png
Cosmos2.5_0036,39,2,0.1676545590162277,0.6383630037307739,667.2238159179688,150.47833251953125,759.2258911132812,269.1515808105469,0.9609375,4868,/shared/ssd_30T/zhuoyingyang/physact/sam3_robowm/identity_v1/sam_masked_negative6/crops/Cosmos2.5_0036/frame_0039_rank_02.png
Cosmos2.5_0036,39,3,0.1204811334609985,0.6245617866516113,1133.4149169921875,380.9397583007813,1167.6278076171875,458.0192260742188,0.94140625,1064,/shared/ssd_30T/zhuoyingyang/physact/sam3_robowm/identity_v1/sam_masked_negative6/crops/Cosmos2.5_0036/frame_0039_rank_03.png
Cosmos2.5_0036,42,1,0.753104567527771,0.8450853824615479,660.4406127929688,318.9613342285156,749.7631225585938,395.0944519042969,0.97265625,4852,/shared/ssd_30T/zhuoyingyang/physact/sam3_robowm/identity_v1/sam_masked_negative6/crops/Cosmos2.5_0036/frame_0042_rank_01.png
Cosmos2.5_0036,42,2,0.1393882632255554,0.6414563655853271,666.9813842773438,150.61367797851562,758.9048461914062,269.4730834960937,0.9609375,4888,/shared/ssd_30T/zhuoyingyang/physact/sam3_robowm/identity_v1/sam_masked_negative6/crops/Cosmos2.5_0036/frame_0042_rank_02.png
Cosmos2.5_0036,42,3,0.1947665959596634,0.6082054376602173,660.5687255859375,43.301666259765625,1168.5328369140625,700.1124267578125,0.984375,115117,/shared/ssd_30T/zhuoyingyang/physact/sam3_robowm/identity_v1/sam_masked_negative6/crops/Cosmos2.5_0036/frame_0042_rank_03.png
Cosmos2.5_0036,45,1,0.7475442886352539,0.8250162601470947,661.1398315429688,317.9548645019531,750.3163452148438,394.3575744628906,0.97265625,4872,/shared/ssd_30T/zhuoyingyang/physact/sam3_robowm/identity_v1/sam_masked_negative6/crops/Cosmos2.5_0036/frame_0045_rank_01.png
Cosmos2.5_0036,45,2,0.1202020123600959,0.6147398948669434,668.1653442382812,150.16275024414062,759.3910522460938,268.3314208984375,0.9609375,4704,/shared/ssd_30T/zhuoyingyang/physact/sam3_robowm/identity_v1/sam_masked_negative6/crops/Cosmos2.5_0036/frame_0045_rank_02.png
Cosmos2.5_0036,45,3,0.1140840202569961,0.6136137843132019,1133.919921875,381.3565979003906,1167.669189453125,457.5909729003906,0.9375,988,/shared/ssd_30T/zhuoyingyang/physact/sam3_robowm/identity_v1/sam_masked_negative6/crops/Cosmos2.5_0036/frame_0045_rank_03.png
Cosmos2.5_0036,48,1,0.7405995726585388,0.7381120324134827,662.4335327148438,313.3133239746094,753.9834594726562,396.1528625488281,0.97265625,5435,/shared/ssd_30T/zhuoyingyang/physact/sam3_robowm/identity_v1/sam_masked_negative6/crops/Cosmos2.5_0036/frame_0048_rank_01.png
Cosmos2.5_0036,48,2,0.2008854001760482,0.6160602569580078,662.3316650390625,37.36700439453125,1174.020751953125,700.36279296875,0.98046875,117313,/shared/ssd_30T/zhuoyingyang/physact/sam3_robowm/identity_v1/sam_masked_negative6/crops/Cosmos2.5_0036/frame_0048_rank_02.png
Cosmos2.5_0036,48,3,0.1273120045661926,0.5971245765686035,670.92431640625,147.21151733398438,762.0328369140625,266.07232666015625,0.96484375,4981,/shared/ssd_30T/zhuoyingyang/physact/sam3_robowm/identity_v1/sam_masked_negative6/crops/Cosmos2.5_0036/frame_0048_rank_03.png
Cosmos2.5_0036,51,1,0.7234309911727905,0.7744544744491577,658.5010375976562,318.1065673828125,751.2390747070312,405.3551025390625,0.97265625,5796,/shared/ssd_30T/zhuoyingyang/physact/sam3_robowm/identity_v1/sam_masked_negative6/crops/Cosmos2.5_0036/frame_0051_rank_01.png
Cosmos2.5_0036,51,2,0.1188314408063888,0.662100613117218,655.1437377929688,148.1543731689453,757.8059692382812,405.8870849609375,0.96875,14347,/shared/ssd_30T/zhuoyingyang/physact/sam3_robowm/identity_v1/sam_masked_negative6/crops/Cosmos2.5_0036/frame_0051_rank_02.png
Cosmos2.5_0036,51,3,0.2063644528388977,0.6157352924346924,660.0943603515625,37.33218383789063,1175.669921875,700.365966796875,0.984375,118058,/shared/ssd_30T/zhuoyingyang/physact/sam3_robowm/identity_v1/sam_masked_negative6/crops/Cosmos2.5_0036/frame_0051_rank_03.png
Cosmos2.5_0036,54,1,0.706595242023468,0.8246465921401978,651.613525390625,323.7001647949219,746.1556396484375,414.0206604003906,0.97265625,6146,/shared/ssd_30T/zhuoyingyang/physact/sam3_robowm/identity_v1/sam_masked_negative6/crops/Cosmos2.5_0036/frame_0054_rank_01.png
Cosmos2.5_0036,54,2,0.1066382229328155,0.662744402885437,647.318115234375,151.6827850341797,751.5062255859375,414.6395263671875,0.96484375,14179,/shared/ssd_30T/zhuoyingyang/physact/sam3_robowm/identity_v1/sam_masked_negative6/crops/Cosmos2.5_0036/frame_0054_rank_02.png
Cosmos2.5_0036,54,3,0.2264043986797332,0.6173031330108643,651.5318603515625,39.578155517578125,1174.5850830078125,700.62744140625,0.984375,117218,/shared/ssd_30T/zhuoyingyang/physact/sam3_robowm/identity_v1/sam_masked_negative6/crops/Cosmos2.5_0036/frame_0054_rank_03.png
Cosmos2.5_0036,57,1,0.599968433380127,0.8677399158477783,642.6390991210938,327.79449462890625,739.2131958007812,416.40631103515625,0.97265625,6043,/shared/ssd_30T/zhuoyingyang/physact/sam3_robowm/identity_v1/sam_masked_negative6/crops/Cosmos2.5_0036/frame_0057_rank_01.png
Cosmos2.5_0036,57,2,0.1030141785740852,0.6455965638160706,637.6244506835938,154.50949096679688,746.6200561523438,417.2503356933594,0.96875,14299,/shared/ssd_30T/zhuoyingyang/physact/sam3_robowm/identity_v1/sam_masked_negative6/crops/Cosmos2.5_0036/frame_0057_rank_02.png
Cosmos2.5_0036,57,3,0.1194321140646934,0.6353186368942261,912.3223876953124,468.888916015625,1111.219970703125,701.549072265625,0.9375,25884,/shared/ssd_30T/zhuoyingyang/physact/sam3_robowm/identity_v1/sam_masked_negative6/crops/Cosmos2.5_0036/frame_0057_rank_03.png
Cosmos2.5_0036,60,1,0.6892770528793335,0.870752215385437,638.76513671875,328.8462829589844,736.2227783203125,416.5013732910156,0.97265625,5565,/shared/ssd_30T/zhuoyingyang/physact/sam3_robowm/identity_v1/sam_masked_negative6/crops/Cosmos2.5_0036/frame_0060_rank_01.png
Cosmos2.5_0036,60,2,0.1004184037446975,0.6576697826385498,634.1364135742188,155.40301513671875,742.8621215820312,417.27044677734375,0.96484375,14311,/shared/ssd_30T/zhuoyingyang/physact/sam3_robowm/identity_v1/sam_masked_negative6/crops/Cosmos2.5_0036/frame_0060_rank_02.png
Cosmos2.5_0036,60,3,0.2536364793777466,0.6166536808013916,636.8790893554688,44.213470458984375,1165.072998046875,700.1124267578125,0.98046875,115753,/shared/ssd_30T/zhuoyingyang/physact/sam3_robowm/identity_v1/sam_masked_negative6/crops/Cosmos2.5_0036/frame_0060_rank_03.png
Cosmos2.5_0036,63,1,0.6875145435333252,0.8755393624305725,638.4431762695312,329.1279296875,735.8107299804688,416.4483642578125,0.97265625,5563,/shared/ssd_30T/zhuoyingyang/physact/sam3_robowm/identity_v1/sam_masked_negative6/crops/Cosmos2.5_0036/frame_0063_rank_01.png
Cosmos2.5_0036,63,2,0.2599107921123504,0.616256833076477,635.3873291015625,44.39126586914063,1164.6824951171875,700.2054443359375,0.984375,116599,/shared/ssd_30T/zhuoyingyang/physact/sam3_robowm/identity_v1/sam_masked_negative6/crops/Cosmos2.5_0036/frame_0063_rank_02.png
Cosmos2.5_0036,63,3,0.1233894377946853,0.5969623327255249,1131.4197998046875,647.14697265625,1242.6051025390625,701.8232421875,0.95703125,3925,/shared/ssd_30T/zhuoyingyang/physact/sam3_robowm/identity_v1/sam_masked_negative6/crops/Cosmos2.5_0036/frame_0063_rank_03.png
Cosmos2.5_0036,66,1,0.6824526190757751,0.8341985940933228,638.0659790039062,329.1504211425781,735.6390991210938,416.2911071777344,0.97265625,5629,/shared/ssd_30T/zhuoyingyang/physact/sam3_robowm/identity_v1/sam_masked_negative6/crops/Cosmos2.5_0036/frame_0066_rank_01.png
Cosmos2.5_0036,66,2,0.101945012807846,0.6595362424850464,634.1903686523438,155.93589782714844,741.2504272460938,416.9736328125,0.96484375,14274,/shared/ssd_30T/zhuoyingyang/physact/sam3_robowm/identity_v1/sam_masked_negative6/crops/Cosmos2.5_0036/frame_0066_rank_02.png
Cosmos2.5_0036,66,3,0.2556228339672088,0.6147679090499878,638.2921142578125,44.33734130859375,1164.481201171875,700.1560668945312,0.98046875,116523,/shared/ssd_30T/zhuoyingyang/physact/sam3_robowm/identity_v1/sam_masked_negative6/crops/Cosmos2.5_0036/frame_0066_rank_03.png
Cosmos2.5_0036,69,1,0.6770676374435425,0.8516470193862915,638.0299072265625,329.1446533203125,735.5582275390625,416.4044189453125,0.97265625,5609,/shared/ssd_30T/zhuoyingyang/physact/sam3_robowm/identity_v1/sam_masked_negative6/crops/Cosmos2.5_0036/frame_0069_rank_01.png
Cosmos2.5_0036,69,2,0.2470351457595825,0.6123809218406677,638.18994140625,44.2767333984375,1164.74560546875,700.11279296875,0.98046875,116400,/shared/ssd_30T/zhuoyingyang/physact/sam3_robowm/identity_v1/sam_masked_negative6/crops/Cosmos2.5_0036/frame_0069_rank_02.png
Cosmos2.5_0036,69,3,0.1249604970216751,0.5800194144248962,1131.5626220703125,647.2537841796875,1242.7408447265625,701.795654296875,0.95703125,3982,/shared/ssd_30T/zhuoyingyang/physact/sam3_robowm/identity_v1/sam_masked_negative6/crops/Cosmos2.5_0036/frame_0069_rank_03.png
Cosmos2.5_0036,72,1,0.6965875029563904,0.8472452163696289,637.7699584960938,329.3694763183594,735.1268920898438,416.1940612792969,0.97265625,5597,/shared/ssd_30T/zhuoyingyang/physact/sam3_robowm/identity_v1/sam_masked_negative6/crops/Cosmos2.5_0036/frame_0072_rank_01.png
Cosmos2.5_0036,72,2,0.243795096874237,0.6098002791404724,636.7979125976562,44.170501708984375,1164.858642578125,700.21435546875,0.984375,116371,/shared/ssd_30T/zhuoyingyang/physact/sam3_robowm/identity_v1/sam_masked_negative6/crops/Cosmos2.5_0036/frame_0072_rank_02.png
Cosmos2.5_0036,72,3,0.1142493784427642,0.5833439826965332,645.7911376953125,156.90219116210938,744.7666015625,274.0578308105469,0.96484375,5579,/shared/ssd_30T/zhuoyingyang/physact/sam3_robowm/identity_v1/sam_masked_negative6/crops/Cosmos2.5_0036/frame_0072_rank_03.png
Cosmos2.5_0036,75,1,0.6996020078659058,0.8461142182350159,635.0948486328125,329.21307373046875,732.3070068359375,415.4280395507813,0.97265625,5690,/shared/ssd_30T/zhuoyingyang/physact/sam3_robowm/identity_v1/sam_masked_negative6/crops/Cosmos2.5_0036/frame_0075_rank_01.png
Cosmos2.5_0036,75,2,0.2434763610363006,0.6103715896606445,635.0376586914062,44.35714721679688,1164.90673828125,700.240966796875,0.98046875,116073,/shared/ssd_30T/zhuoyingyang/physact/sam3_robowm/identity_v1/sam_masked_negative6/crops/Cosmos2.5_0036/frame_0075_rank_02.png
Cosmos2.5_0036,75,3,0.1166238784790039,0.5982766151428223,645.4217529296875,156.3783721923828,743.6429443359375,274.4126892089844,0.9609375,5819,/shared/ssd_30T/zhuoyingyang/physact/sam3_robowm/identity_v1/sam_masked_negative6/crops/Cosmos2.5_0036/frame_0075_rank_03.png
Cosmos2.5_0036,78,1,0.6959450244903564,0.8544157147407532,634.6878662109375,329.41162109375,731.9461669921875,415.4829711914063,0.97265625,5611,/shared/ssd_30T/zhuoyingyang/physact/sam3_robowm/identity_v1/sam_masked_negative6/crops/Cosmos2.5_0036/frame_0078_rank_01.png
Cosmos2.5_0036,78,2,0.2432823479175567,0.6073912978172302,635.8463745117188,44.276947021484375,1164.50830078125,700.119873046875,0.98046875,116122,/shared/ssd_30T/zhuoyingyang/physact/sam3_robowm/identity_v1/sam_masked_negative6/crops/Cosmos2.5_0036/frame_0078_rank_02.png
Cosmos2.5_0036,78,3,0.1315712928771972,0.5915676355361938,1131.373046875,647.2890014648438,1243.1953125,701.8084106445312,0.95703125,4007,/shared/ssd_30T/zhuoyingyang/physact/sam3_robowm/identity_v1/sam_masked_negative6/crops/Cosmos2.5_0036/frame_0078_rank_03.png
Cosmos2.5_0036,81,1,0.6951761841773987,0.8421441316604614,634.2006225585938,329.4021301269531,731.6613159179688,415.4427795410156,0.97265625,5602,/shared/ssd_30T/zhuoyingyang/physact/sam3_robowm/identity_v1/sam_masked_negative6/crops/Cosmos2.5_0036/frame_0081_rank_01.png
Cosmos2.5_0036,81,2,0.2426708191633224,0.6138197183609009,637.2564086914062,44.163665771484375,1164.572265625,700.00732421875,0.98046875,115723,/shared/ssd_30T/zhuoyingyang/physact/sam3_robowm/identity_v1/sam_masked_negative6/crops/Cosmos2.5_0036/frame_0081_rank_02.png
Cosmos2.5_0036,81,3,0.1027558296918869,0.5679565668106079,489.1561279296875,146.35997009277344,503.9453125,189.1156463623047,0.90234375,449,/shared/ssd_30T/zhuoyingyang/physact/sam3_robowm/identity_v1/sam_masked_negative6/crops/Cosmos2.5_0036/frame_0081_rank_03.png
Cosmos2.5_0036,84,1,0.7005628943443298,0.8266996145248413,634.2332153320312,329.3613586425781,731.4227905273438,415.4113464355469,0.9765625,5606,/shared/ssd_30T/zhuoyingyang/physact/sam3_robowm/identity_v1/sam_masked_negative6/crops/Cosmos2.5_0036/frame_0084_rank_01.png
Cosmos2.5_0036,84,2,0.1056071892380714,0.6658966541290283,631.5794067382812,154.2002410888672,740.5087280273438,416.1558837890625,0.9609375,14317,/shared/ssd_30T/zhuoyingyang/physact/sam3_robowm/identity_v1/sam_masked_negative6/crops/Cosmos2.5_0036/frame_0084_rank_02.png
Cosmos2.5_0036,84,3,0.2375974804162979,0.6178895831108093,642.2473754882812,43.69107055664063,1163.98828125,700.2239990234375,0.98046875,114945,/shared/ssd_30T/zhuoyingyang/physact/sam3_robowm/identity_v1/sam_masked_negative6/crops/Cosmos2.5_0036/frame_0084_rank_03.png
Cosmos2.5_0036,87,1,0.7376825213432312,0.8101961016654968,633.747802734375,329.1593933105469,731.8575439453125,415.4567565917969,0.9765625,5950,/shared/ssd_30T/zhuoyingyang/physact/sam3_robowm/identity_v1/sam_masked_negative6/crops/Cosmos2.5_0036/frame_0087_rank_01.png
Cosmos2.5_0036,87,2,0.2041043639183044,0.614260733127594,647.256591796875,44.162689208984375,1164.511474609375,700.2303466796875,0.98046875,116399,/shared/ssd_30T/zhuoyingyang/physact/sam3_robowm/identity_v1/sam_masked_negative6/crops/Cosmos2.5_0036/frame_0087_rank_02.png
Cosmos2.5_0036,87,3,0.2020564973354339,0.6035556793212891,652.7650146484375,153.70533752441406,751.9654541015625,270.196044921875,0.9609375,5017,/shared/ssd_30T/zhuoyingyang/physact/sam3_robowm/identity_v1/sam_masked_negative6/crops/Cosmos2.5_0036/frame_0087_rank_03.png
Cosmos2.5_0036,90,1,0.7074418067932129,0.7891548871994019,635.3631591796875,328.0165405273437,733.41748046875,414.6446533203125,0.97265625,5838,/shared/ssd_30T/zhuoyingyang/physact/sam3_robowm/identity_v1/sam_masked_negative6/crops/Cosmos2.5_0036/frame_0090_rank_01.png
Cosmos2.5_0036,90,2,0.1114486157894134,0.6536719799041748,632.0977783203125,152.97125244140625,755.1036376953125,415.62542724609375,0.9453125,14335,/shared/ssd_30T/zhuoyingyang/physact/sam3_robowm/identity_v1/sam_masked_negative6/crops/Cosmos2.5_0036/frame_0090_rank_02.png
Cosmos2.5_0036,90,3,0.1022793129086494,0.6194045543670654,1131.073486328125,378.2618408203125,1165.7939453125,453.9453125,0.9453125,1290,/shared/ssd_30T/zhuoyingyang/physact/sam3_robowm/identity_v1/sam_masked_negative6/crops/Cosmos2.5_0036/frame_0090_rank_03.png
Cosmos2.5_0036,92,1,0.7377153635025024,0.826996922492981,635.3018798828125,327.72540283203125,732.9766845703125,414.04107666015625,0.97265625,5800,/shared/ssd_30T/zhuoyingyang/physact/sam3_robowm/identity_v1/sam_masked_negative6/crops/Cosmos2.5_0036/frame_0092_rank_01.png
Cosmos2.5_0036,92,2,0.1050023883581161,0.6576460599899292,632.4429321289062,153.7427978515625,753.7595825195312,414.9505615234375,0.9453125,14184,/shared/ssd_30T/zhuoyingyang/physact/sam3_robowm/identity_v1/sam_masked_negative6/crops/Cosmos2.5_0036/frame_0092_rank_02.png
Cosmos2.5_0036,92,3,0.2117739766836166,0.6122708320617676,650.9429321289062,46.50411987304688,1167.498779296875,700.3614501953125,0.98046875,114782,/shared/ssd_30T/zhuoyingyang/physact/sam3_robowm/identity_v1/sam_masked_negative6/crops/Cosmos2.5_0036/frame_0092_rank_03.png
Cosmos2.5_0057,0,1,0.7040800452232361,0.9722316861152648,772.5079345703125,386.0792846679688,802.0,420.43499755859375,0.9609375,720,/shared/ssd_30T/zhuoyingyang/physact/sam3_robowm/identity_v1/sam_masked_negative6/crops/Cosmos2.5_0057/frame_0000_rank_01.png
Cosmos2.5_0057,0,2,0.1103783175349235,0.7249230146408081,953.651611328125,457.4398498535156,995.704345703125,552.9052734375,0.87890625,1323,/shared/ssd_30T/zhuoyingyang/physact/sam3_robowm/identity_v1/sam_masked_negative6/crops/Cosmos2.5_0057/frame_0000_rank_02.png
Cosmos2.5_0057,0,3,0.1006798893213272,0.7109590768814087,1069.2933349609375,535.8866577148438,1120.0787353515625,585.1860961914062,0.87890625,1060,/shared/ssd_30T/zhuoyingyang/physact/sam3_robowm/identity_v1/sam_masked_negative6/crops/Cosmos2.5_0057/frame_0000_rank_03.png
Cosmos2.5_0057,3,1,0.6480932235717773,0.96709144115448,772.4306640625,386.03021240234375,802.05419921875,420.0875244140625,0.95703125,739,/shared/ssd_30T/zhuoyingyang/physact/sam3_robowm/identity_v1/sam_masked_negative6/crops/Cosmos2.5_0057/frame_0003_rank_01.png
Cosmos2.5_0057,3,2,0.1539085954427719,0.6925212144851685,1070.1793212890625,532.8341674804688,1121.2149658203125,583.1076049804688,0.890625,1332,/shared/ssd_30T/zhuoyingyang/physact/sam3_robowm/identity_v1/sam_masked_negative6/crops/Cosmos2.5_0057/frame_0003_rank_02.png
Cosmos2.5_0057,3,3,0.1081624627113342,0.6036499738693237,961.7672729492188,458.1323852539063,1121.816162109375,583.4033813476562,0.9375,2144,/shared/ssd_30T/zhuoyingyang/physact/sam3_robowm/identity_v1/sam_masked_negative6/crops/Cosmos2.5_0057/frame_0003_rank_03.png
Cosmos2.5_0057,6,1,0.6168983578681946,0.9099152088165284,772.536376953125,386.6329040527344,801.720703125,420.1419982910156,0.95703125,724,/shared/ssd_30T/zhuoyingyang/physact/sam3_robowm/identity_v1/sam_masked_negative6/crops/Cosmos2.5_0057/frame_0006_rank_01.png
Cosmos2.5_0057,6,2,0.1847509145736694,0.7556853890419006,1069.8887939453125,535.1802368164062,1121.9576416015625,584.0387573242188,0.828125,1388,/shared/ssd_30T/zhuoyingyang/physact/sam3_robowm/identity_v1/sam_masked_negative6/crops/Cosmos2.5_0057/frame_0006_rank_02.png
Cosmos2.5_0057,6,3,0.1101572811603546,0.6256741285324097,894.3067016601562,637.7484130859375,1029.8720703125,702.4820556640625,0.9609375,6602,/shared/ssd_30T/zhuoyingyang/physact/sam3_robowm/identity_v1/sam_masked_negative6/crops/Cosmos2.5_0057/frame_0006_rank_03.png
Cosmos2.5_0057,9,1,0.5368079543113708,0.8173150420188904,769.20751953125,389.000244140625,801.18359375,421.1821899414063,0.95703125,863,/shared/ssd_30T/zhuoyingyang/physact/sam3_robowm/identity_v1/sam_masked_negative6/crops/Cosmos2.5_0057/frame_0009_rank_01.png
Cosmos2.5_0057,9,2,0.178269624710083,0.7831746339797974,740.5662841796875,343.52978515625,826.6241455078125,422.2083129882813,0.96484375,4837,/shared/ssd_30T/zhuoyingyang/physact/sam3_robowm/identity_v1/sam_masked_negative6/crops/Cosmos2.5_0057/frame_0009_rank_02.png
Cosmos2.5_0057,9,3,0.1973392069339752,0.7608507871627808,1069.27978515625,535.947021484375,1121.37548828125,583.9478759765625,0.8828125,1304,/shared/ssd_30T/zhuoyingyang/physact/sam3_robowm/identity_v1/sam_masked_negative6/crops/Cosmos2.5_0057/frame_0009_rank_03.png
Cosmos2.5_0057,12,1,0.2157606780529022,0.7897628545761108,1069.561279296875,538.9888305664062,1120.035400390625,583.7638549804688,0.875,1148,/shared/ssd_30T/zhuoyingyang/physact/sam3_robowm/identity_v1/sam_masked_negative6/crops/Cosmos2.5_0057/frame_0012_rank_01.png
Cosmos2.5_0057,12,2,0.5219762325286865,0.7828365564346313,764.217041015625,392.2640075683594,794.150390625,424.1642150878906,0.953125,795,/shared/ssd_30T/zhuoyingyang/physact/sam3_robowm/identity_v1/sam_masked_negative6/crops/Cosmos2.5_0057/frame_0012_rank_02.png
Cosmos2.5_0057,12,3,0.1065721288323402,0.6849896907806396,735.7094116210938,316.61993408203125,845.2295532226562,425.2066650390625,0.96875,7222,/shared/ssd_30T/zhuoyingyang/physact/sam3_robowm/identity_v1/sam_masked_negative6/crops/Cosmos2.5_0057/frame_0012_rank_03.png
Cosmos2.5_0057,15,1,0.5354510545730591,0.7746984958648682,742.46630859375,344.9500732421875,772.288818359375,375.71771240234375,0.953125,770,/shared/ssd_30T/zhuoyingyang/physact/sam3_robowm/identity_v1/sam_masked_negative6/crops/Cosmos2.5_0057/frame_0015_rank_01.png
Cosmos2.5_0057,15,2,0.172234445810318,0.7726529836654663,1069.2828369140625,537.0751953125,1119.9610595703125,583.8114013671875,0.86328125,1255,/shared/ssd_30T/zhuoyingyang/physact/sam3_robowm/identity_v1/sam_masked_negative6/crops/Cosmos2.5_0057/frame_0015_rank_02.png
Cosmos2.5_0057,15,3,0.1228341832756996,0.6993333101272583,713.5588989257812,268.316650390625,823.4794311523438,376.0045166015625,0.96484375,7286,/shared/ssd_30T/zhuoyingyang/physact/sam3_robowm/identity_v1/sam_masked_negative6/crops/Cosmos2.5_0057/frame_0015_rank_03.png
Cosmos2.5_0057,18,1,0.5175871849060059,0.7754216194152832,676.4769287109375,294.6186218261719,709.6964111328125,330.3984680175781,0.9609375,1027,/shared/ssd_30T/zhuoyingyang/physact/sam3_robowm/identity_v1/sam_masked_negative6/crops/Cosmos2.5_0057/frame_0018_rank_01.png
Cosmos2.5_0057,18,2,0.1948328018188476,0.7701237201690674,1069.8853759765625,527.1594848632812,1119.1651611328125,583.3811645507812,0.890625,1344,/shared/ssd_30T/zhuoyingyang/physact/sam3_robowm/identity_v1/sam_masked_negative6/crops/Cosmos2.5_0057/frame_0018_rank_02.png
Cosmos2.5_0057,18,3,0.1669506430625915,0.7204992175102234,965.0285034179688,457.7360534667969,997.3163452148438,522.7900390625,0.8828125,948,/shared/ssd_30T/zhuoyingyang/physact/sam3_robowm/identity_v1/sam_masked_negative6/crops/Cosmos2.5_0057/frame_0018_rank_03.png
Cosmos2.5_0057,21,1,0.5853304862976074,0.8738983869552612,622.654296875,304.0077209472656,653.334228515625,341.3175964355469,0.95703125,1006,/shared/ssd_30T/zhuoyingyang/physact/sam3_robowm/identity_v1/sam_masked_negative6/crops/Cosmos2.5_0057/frame_0021_rank_01.png
Cosmos2.5_0057,21,2,0.14212267100811,0.760806679725647,1069.1650390625,518.0775756835938,1118.498046875,583.6469116210938,0.91796875,1646,/shared/ssd_30T/zhuoyingyang/physact/sam3_robowm/identity_v1/sam_masked_negative6/crops/Cosmos2.5_0057/frame_0021_rank_02.png
Cosmos2.5_0057,21,3,0.1432353556156158,0.7327797412872314,965.3203735351562,457.9723815917969,995.1039428710938,522.4332885742188,0.87890625,883,/shared/ssd_30T/zhuoyingyang/physact/sam3_robowm/identity_v1/sam_masked_negative6/crops/Cosmos2.5_0057/frame_0021_rank_03.png
Cosmos2.5_0057,24,1,0.5857612490653992,0.8180798292160034,605.2999877929688,302.6319274902344,638.2683715820312,341.6709899902344,0.95703125,1071,/shared/ssd_30T/zhuoyingyang/physact/sam3_robowm/identity_v1/sam_masked_negative6/crops/Cosmos2.5_0057/frame_0024_rank_01.png
Cosmos2.5_0057,24,2,0.1625052541494369,0.7602255344390869,1069.3880615234375,515.8269653320312,1118.6512451171875,583.8696899414062,0.91796875,1707,/shared/ssd_30T/zhuoyingyang/physact/sam3_robowm/identity_v1/sam_masked_negative6/crops/Cosmos2.5_0057/frame_0024_rank_02.png
Cosmos2.5_0057,24,3,0.1487168222665786,0.7534147500991821,965.4797973632812,457.9383544921875,995.2683715820312,522.4884033203125,0.87890625,875,/shared/ssd_30T/zhuoyingyang/physact/sam3_robowm/identity_v1/sam_masked_negative6/crops/Cosmos2.5_0057/frame_0024_rank_03.png
Cosmos2.5_0057,27,1,0.5774920582771301,0.8527613878250122,578.9745483398438,292.9564514160156,611.5315551757812,331.9812316894531,0.95703125,1060,/shared/ssd_30T/zhuoyingyang/physact/sam3_robowm/identity_v1/sam_masked_negative6/crops/Cosmos2.5_0057/frame_0027_rank_01.png
Cosmos2.5_0057,27,2,0.1026116758584976,0.8052806854248047,520.1461181640625,294.020751953125,616.9710693359375,361.1219482421875,0.91015625,2770,/shared/ssd_30T/zhuoyingyang/physact/sam3_robowm/identity_v1/sam_masked_negative6/crops/Cosmos2.5_0057/frame_0027_rank_02.png
Cosmos2.5_0057,27,3,0.1800138652324676,0.7543339729309082,1068.624267578125,514.972900390625,1118.862060546875,583.6793212890625,0.92578125,1793,/shared/ssd_30T/zhuoyingyang/physact/sam3_robowm/identity_v1/sam_masked_negative6/crops/Cosmos2.5_0057/frame_0027_rank_03.png
Cosmos2.5_0057,30,1,0.5349147915840149,0.7912410497665405,568.4013671875,294.60943603515625,601.3695068359375,332.6351318359375,0.95703125,1048,/shared/ssd_30T/zhuoyingyang/physact/sam3_robowm/identity_v1/sam_masked_negative6/crops/Cosmos2.5_0057/frame_0030_rank_01.png
Cosmos2.5_0057,30,2,0.1339124739170074,0.7469272017478943,526.665771484375,255.3385772705078,632.41064453125,359.9169311523437,0.921875,6342,/shared/ssd_30T/zhuoyingyang/physact/sam3_robowm/identity_v1/sam_masked_negative6/crops/Cosmos2.5_0057/frame_0030_rank_02.png
Cosmos2.5_0057,30,3,0.1739200055599212,0.7381900548934937,1068.673828125,512.397216796875,1118.302734375,583.6260986328125,0.921875,1840,/shared/ssd_30T/zhuoyingyang/physact/sam3_robowm/identity_v1/sam_masked_negative6/crops/Cosmos2.5_0057/frame_0030_rank_03.png
Cosmos2.5_0057,33,1,0.4964669942855835,0.7861301898956299,570.3378295898438,315.5936584472656,599.8491821289062,351.7215881347656,0.953125,970,/shared/ssd_30T/zhuoyingyang/physact/sam3_robowm/identity_v1/sam_masked_negative6/crops/Cosmos2.5_0057/frame_0033_rank_01.png
Cosmos2.5_0057,33,2,0.203088030219078,0.7420302629470825,1068.715576171875,512.1915283203125,1118.658447265625,582.71728515625,0.92578125,1862,/shared/ssd_30T/zhuoyingyang/physact/sam3_robowm/identity_v1/sam_masked_negative6/crops/Cosmos2.5_0057/frame_0033_rank_02.png
Cosmos2.5_0057,33,3,0.1758432686328888,0.7377593517303467,965.618408203125,457.9507446289063,997.9068603515624,523.8180541992188,0.88671875,896,/shared/ssd_30T/zhuoyingyang/physact/sam3_robowm/identity_v1/sam_masked_negative6/crops/Cosmos2.5_0057/frame_0033_rank_03.png
Cosmos2.5_0057,36,1,0.567966878414154,0.7634804248809814,574.369384765625,321.0165100097656,602.414794921875,356.5950622558594,0.953125,872,/shared/ssd_30T/zhuoyingyang/physact/sam3_robowm/identity_v1/sam_masked_negative6/crops/Cosmos2.5_0057/frame_0036_rank_01.png
Cosmos2.5_0057,36,2,0.1169222965836525,0.7580626010894775,541.8107299804688,285.4341735839844,629.8745727539062,358.7514953613281,0.953125,3844,/shared/ssd_30T/zhuoyingyang/physact/sam3_robowm/identity_v1/sam_masked_negative6/crops/Cosmos2.5_0057/frame_0036_rank_02.png
Cosmos2.5_0057,36,3,0.1167230829596519,0.7356719970703125,966.671875,458.2408142089844,997.8831787109376,523.3292846679688,0.87890625,826,/shared/ssd_30T/zhuoyingyang/physact/sam3_robowm/identity_v1/sam_masked_negative6/crops/Cosmos2.5_0057/frame_0036_rank_03.png
Cosmos2.5_0057,39,1,0.206031858921051,0.8076964616775513,568.9923095703125,311.81060791015625,616.971923828125,362.9985961914063,0.94140625,1603,/shared/ssd_30T/zhuoyingyang/physact/sam3_robowm/identity_v1/sam_masked_negative6/crops/Cosmos2.5_0057/frame_0039_rank_01.png
Cosmos2.5_0057,39,2,0.4272708296775818,0.7959854602813721,573.2716064453125,324.8335876464844,599.9248046875,360.7514343261719,0.94140625,799,/shared/ssd_30T/zhuoyingyang/physact/sam3_robowm/identity_v1/sam_masked_negative6/crops/Cosmos2.5_0057/frame_0039_rank_02.png
Cosmos2.5_0057,39,3,0.187359407544136,0.7615491151809692,1068.5086669921875,513.7245483398438,1119.0233154296875,583.2316284179688,0.921875,1759,/shared/ssd_30T/zhuoyingyang/physact/sam3_robowm/identity_v1/sam_masked_negative6/crops/Cosmos2.5_0057/frame_0039_rank_03.png
Cosmos2.5_0057,42,1,0.3123552203178406,0.766729474067688,565.656005859375,309.1855773925781,603.1605224609375,364.0906066894531,0.94140625,1475,/shared/ssd_30T/zhuoyingyang/physact/sam3_robowm/identity_v1/sam_masked_negative6/crops/Cosmos2.5_0057/frame_0042_rank_01.png
Cosmos2.5_0057,42,2,0.3437798023223877,0.7648847103118896,571.399169921875,337.2177124023437,596.0570068359375,363.6226806640625,0.94140625,508,/shared/ssd_30T/zhuoyingyang/physact/sam3_robowm/identity_v1/sam_masked_negative6/crops/Cosmos2.5_0057/frame_0042_rank_02.png
Cosmos2.5_0057,42,3,0.2006649374961853,0.7477682828903198,1068.60986328125,514.1739501953125,1118.80126953125,583.1693115234375,0.92578125,1748,/shared/ssd_30T/zhuoyingyang/physact/sam3_robowm/identity_v1/sam_masked_negative6/crops/Cosmos2.5_0057/frame_0042_rank_03.png
Cosmos2.5_0057,45,1,0.1555807739496231,0.7564706802368164,1068.728759765625,514.3128662109375,1119.1728515625,583.064208984375,0.92578125,1749,/shared/ssd_30T/zhuoyingyang/physact/sam3_robowm/identity_v1/sam_masked_negative6/crops/Cosmos2.5_0057/frame_0045_rank_01.png
Cosmos2.5_0057,45,2,0.5702645182609558,0.751537561416626,568.7909545898438,361.8363037109375,596.7835083007812,395.28314208984375,0.95703125,764,/shared/ssd_30T/zhuoyingyang/physact/sam3_robowm/identity_v1/sam_masked_negative6/crops/Cosmos2.5_0057/frame_0045_rank_02.png
Cosmos2.5_0057,45,3,0.1047067940235138,0.746801495552063,951.78515625,456.8249206542969,999.73193359375,557.7282104492188,0.8828125,1265,/shared/ssd_30T/zhuoyingyang/physact/sam3_robowm/identity_v1/sam_masked_negative6/crops/Cosmos2.5_0057/frame_0045_rank_03.png
Cosmos2.5_0057,48,1,0.5890875458717346,0.7860442399978638,562.5618286132812,361.5535888671875,592.4093627929688,391.2008056640625,0.95703125,703,/shared/ssd_30T/zhuoyingyang/physact/sam3_robowm/identity_v1/sam_masked_negative6/crops/Cosmos2.5_0057/frame_0048_rank_01.png
Cosmos2.5_0057,48,2,0.1370235979557037,0.751089334487915,1068.978759765625,521.080810546875,1118.65625,582.7005615234375,0.91796875,1653,/shared/ssd_30T/zhuoyingyang/physact/sam3_robowm/identity_v1/sam_masked_negative6/crops/Cosmos2.5_0057/frame_0048_rank_02.png
Cosmos2.5_0057,48,3,0.1026063933968544,0.6176263093948364,894.1978759765625,638.029541015625,1030.8270263671875,702.6015625,0.9609375,6485,/shared/ssd_30T/zhuoyingyang/physact/sam3_robowm/identity_v1/sam_masked_negative6/crops/Cosmos2.5_0057/frame_0048_rank_03.png
Cosmos2.5_0057,51,1,0.5403734445571899,0.8948560953140259,547.6957397460938,354.6709899902344,576.0390014648438,385.2195129394531,0.953125,674,/shared/ssd_30T/zhuoyingyang/physact/sam3_robowm/identity_v1/sam_masked_negative6/crops/Cosmos2.5_0057/frame_0051_rank_01.png
Cosmos2.5_0057,51,2,0.1572553962469101,0.7204673290252686,1068.867431640625,515.6942138671875,1119.08837890625,583.094482421875,0.90625,1504,/shared/ssd_30T/zhuoyingyang/physact/sam3_robowm/identity_v1/sam_masked_negative6/crops/Cosmos2.5_0057/frame_0051_rank_02.png
Cosmos2.5_0057,51,3,0.1389554589986801,0.7110024690628052,951.4376220703124,456.8426513671875,999.2633056640624,557.1473388671875,0.8203125,1422,/shared/ssd_30T/zhuoyingyang/physact/sam3_robowm/identity_v1/sam_masked_negative6/crops/Cosmos2.5_0057/frame_0051_rank_03.png
Cosmos2.5_0057,54,1,0.175213411450386,0.7209615707397461,1070.5230712890625,529.7883911132812,1119.2767333984375,583.8356323242188,0.8984375,1341,/shared/ssd_30T/zhuoyingyang/physact/sam3_robowm/identity_v1/sam_masked_negative6/crops/Cosmos2.5_0057/frame_0054_rank_01.png
Cosmos2.5_0057,54,2,0.1452542841434478,0.7142696380615234,951.5491943359376,457.4466857910156,999.2725830078124,555.1537475585938,0.86328125,1275,/shared/ssd_30T/zhuoyingyang/physact/sam3_robowm/identity_v1/sam_masked_negative6/crops/Cosmos2.5_0057/frame_0054_rank_02.png
Cosmos2.5_0057,54,3,0.3999250829219818,0.6969029903411865,532.7543334960938,349.29498291015625,555.7947387695312,376.9461059570313,0.94140625,480,/shared/ssd_30T/zhuoyingyang/physact/sam3_robowm/identity_v1/sam_masked_negative6/crops/Cosmos2.5_0057/frame_0054_rank_03.png
Cosmos2.5_0057,57,1,0.2087516486644745,0.7686675786972046,1070.68359375,532.4898681640625,1119.697021484375,583.533447265625,0.88671875,1360,/shared/ssd_30T/zhuoyingyang/physact/sam3_robowm/identity_v1/sam_masked_negative6/crops/Cosmos2.5_0057/frame_0057_rank_01.png
Cosmos2.5_0057,57,2,0.1476158052682876,0.7364776730537415,951.78759765625,457.0985412597656,999.9990234375,555.0342407226562,0.87109375,1293,/shared/ssd_30T/zhuoyingyang/physact/sam3_robowm/identity_v1/sam_masked_negative6/crops/Cosmos2.5_0057/frame_0057_rank_02.png
Cosmos2.5_0057,57,3,0.128679409623146,0.7231738567352295,966.1390380859376,458.6611328125,998.097412109375,522.7178344726562,0.8828125,871,/shared/ssd_30T/zhuoyingyang/physact/sam3_robowm/identity_v1/sam_masked_negative6/crops/Cosmos2.5_0057/frame_0057_rank_03.png
Cosmos2.5_0057,60,1,0.1599191278219223,0.733647346496582,950.9976806640624,457.5448913574219,999.2012939453124,555.143798828125,0.8671875,1325,/shared/ssd_30T/zhuoyingyang/physact/sam3_robowm/identity_v1/sam_masked_negative6/crops/Cosmos2.5_0057/frame_0060_rank_01.png
Cosmos2.5_0057,60,2,0.1937915533781051,0.7258022427558899,1070.3511962890625,531.9992065429688,1119.7786865234375,583.8069458007812,0.890625,1367,/shared/ssd_30T/zhuoyingyang/physact/sam3_robowm/identity_v1/sam_masked_negative6/crops/Cosmos2.5_0057/frame_0060_rank_02.png
Cosmos2.5_0057,60,3,0.1316023021936416,0.7004045844078064,967.465087890625,459.09967041015625,997.7633056640624,522.443359375,0.85546875,792,/shared/ssd_30T/zhuoyingyang/physact/sam3_robowm/identity_v1/sam_masked_negative6/crops/Cosmos2.5_0057/frame_0060_rank_03.png
Cosmos2.5_0057,63,1,0.2133373320102691,0.7466272711753845,1069.3955078125,535.0532836914062,1119.79248046875,583.7072143554688,0.8671875,1333,/shared/ssd_30T/zhuoyingyang/physact/sam3_robowm/identity_v1/sam_masked_negative6/crops/Cosmos2.5_0057/frame_0063_rank_01.png
Cosmos2.5_0057,63,2,0.1497921347618103,0.7332321405410767,950.9029541015624,457.4485473632813,998.383056640625,554.2457885742188,0.8828125,1282,/shared/ssd_30T/zhuoyingyang/physact/sam3_robowm/identity_v1/sam_masked_negative6/crops/Cosmos2.5_0057/frame_0063_rank_02.png
Cosmos2.5_0057,63,3,0.1446313560009002,0.713199257850647,965.433837890625,458.410400390625,997.734375,523.1510009765625,0.87109375,845,/shared/ssd_30T/zhuoyingyang/physact/sam3_robowm/identity_v1/sam_masked_negative6/crops/Cosmos2.5_0057/frame_0063_rank_03.png
Cosmos2.5_0057,66,1,0.1524019986391067,0.7258216142654419,966.123046875,458.2949523925781,997.4830322265624,522.5587768554688,0.875,802,/shared/ssd_30T/zhuoyingyang/physact/sam3_robowm/identity_v1/sam_masked_negative6/crops/Cosmos2.5_0057/frame_0066_rank_01.png
Cosmos2.5_0057,66,2,0.2095505148172378,0.7192195653915405,1069.7113037109375,533.2730102539062,1119.4998779296875,584.0696411132812,0.87109375,1334,/shared/ssd_30T/zhuoyingyang/physact/sam3_robowm/identity_v1/sam_masked_negative6/crops/Cosmos2.5_0057/frame_0066_rank_02.png
Cosmos2.5_0057,66,3,0.1585972309112548,0.6982043981552124,950.109375,457.3014831542969,998.007080078125,552.8221435546875,0.87890625,1323,/shared/ssd_30T/zhuoyingyang/physact/sam3_robowm/identity_v1/sam_masked_negative6/crops/Cosmos2.5_0057/frame_0066_rank_03.png
Cosmos2.5_0057,69,1,0.2148011326789856,0.750724196434021,1069.4307861328125,533.7479858398438,1120.0904541015625,584.4934692382812,0.875,1347,/shared/ssd_30T/zhuoyingyang/physact/sam3_robowm/identity_v1/sam_masked_negative6/crops/Cosmos2.5_0057/frame_0069_rank_01.png
Cosmos2.5_0057,69,2,0.1546369045972824,0.7456066608428955,966.0389404296876,457.86724853515625,997.4095458984376,522.4638671875,0.86328125,793,/shared/ssd_30T/zhuoyingyang/physact/sam3_robowm/identity_v1/sam_masked_negative6/crops/Cosmos2.5_0057/frame_0069_rank_02.png
Cosmos2.5_0057,69,3,0.164612129330635,0.7198256254196167,950.8532104492188,457.08251953125,997.9078979492188,553.0012817382812,0.88671875,1308,/shared/ssd_30T/zhuoyingyang/physact/sam3_robowm/identity_v1/sam_masked_negative6/crops/Cosmos2.5_0057/frame_0069_rank_03.png
Cosmos2.5_0057,72,1,0.2114406824111938,0.7272743582725525,1069.331787109375,533.5153198242188,1119.871337890625,583.7741088867188,0.87890625,1335,/shared/ssd_30T/zhuoyingyang/physact/sam3_robowm/identity_v1/sam_masked_negative6/crops/Cosmos2.5_0057/frame_0072_rank_01.png
Cosmos2.5_0057,72,2,0.1440978348255157,0.7175049781799316,963.0520629882812,457.67034912109375,997.2548217773438,524.289794921875,0.87890625,908,/shared/ssd_30T/zhuoyingyang/physact/sam3_robowm/identity_v1/sam_masked_negative6/crops/Cosmos2.5_0057/frame_0072_rank_02.png
Cosmos2.5_0057,72,3,0.1787335276603698,0.7059388160705566,950.1618041992188,457.1834716796875,997.3876342773438,553.69091796875,0.87890625,1352,/shared/ssd_30T/zhuoyingyang/physact/sam3_robowm/identity_v1/sam_masked_negative6/crops/Cosmos2.5_0057/frame_0072_rank_03.png
Cosmos2.5_0057,75,1,0.1502110213041305,0.7246325016021729,967.3125610351562,458.7290344238281,997.0590209960938,522.4611206054688,0.859375,721,/shared/ssd_30T/zhuoyingyang/physact/sam3_robowm/identity_v1/sam_masked_negative6/crops/Cosmos2.5_0057/frame_0075_rank_01.png
Cosmos2.5_0057,75,2,0.2252880632877349,0.715451717376709,1069.41796875,533.1311645507812,1119.699462890625,583.5988159179688,0.87890625,1345,/shared/ssd_30T/zhuoyingyang/physact/sam3_robowm/identity_v1/sam_masked_negative6/crops/Cosmos2.5_0057/frame_0075_rank_02.png
Cosmos2.5_0057,75,3,0.1881310045719146,0.6901138424873352,949.776123046875,457.29498291015625,997.8531494140624,553.526123046875,0.890625,1395,/shared/ssd_30T/zhuoyingyang/physact/sam3_robowm/identity_v1/sam_masked_negative6/crops/Cosmos2.5_0057/frame_0075_rank_03.png
Cosmos2.5_0057,78,1,0.1499570310115814,0.7315496206283569,966.8900756835938,458.4524230957031,997.2171020507812,522.2999267578125,0.8671875,766,/shared/ssd_30T/zhuoyingyang/physact/sam3_robowm/identity_v1/sam_masked_negative6/crops/Cosmos2.5_0057/frame_0078_rank_01.png
Cosmos2.5_0057,78,2,0.2307608425617218,0.7207043170928955,1069.8206787109375,534.1262817382812,1119.9884033203125,583.4163208007812,0.87890625,1355,/shared/ssd_30T/zhuoyingyang/physact/sam3_robowm/identity_v1/sam_masked_negative6/crops/Cosmos2.5_0057/frame_0078_rank_02.png
Cosmos2.5_0057,78,3,0.1916650533676147,0.7118399143218994,950.2537841796876,457.172607421875,997.8441162109376,553.6640625,0.89453125,1397,/shared/ssd_30T/zhuoyingyang/physact/sam3_robowm/identity_v1/sam_masked_negative6/crops/Cosmos2.5_0057/frame_0078_rank_03.png
Cosmos2.5_0057,81,1,0.1450846344232559,0.7283424139022827,967.7266845703124,458.52447509765625,997.094482421875,522.0029296875,0.8671875,750,/shared/ssd_30T/zhuoyingyang/physact/sam3_robowm/identity_v1/sam_masked_negative6/crops/Cosmos2.5_0057/frame_0081_rank_01.png
Cosmos2.5_0057,81,2,0.1922428011894226,0.7159461975097656,950.5628662109376,457.0963745117188,997.8048095703124,554.4840087890625,0.8984375,1455,/shared/ssd_30T/zhuoyingyang/physact/sam3_robowm/identity_v1/sam_masked_negative6/crops/Cosmos2.5_0057/frame_0081_rank_02.png
Cosmos2.5_0057,81,3,0.219111829996109,0.7023223638534546,1069.8631591796875,533.9150390625,1119.6922607421875,583.0875244140625,0.88671875,1331,/shared/ssd_30T/zhuoyingyang/physact/sam3_robowm/identity_v1/sam_masked_negative6/crops/Cosmos2.5_0057/frame_0081_rank_03.png
Cosmos2.5_0057,84,1,0.1420640796422958,0.7245070934295654,967.9423828125,458.4458618164063,996.975830078125,522.083984375,0.87109375,710,/shared/ssd_30T/zhuoyingyang/physact/sam3_robowm/identity_v1/sam_masked_negative6/crops/Cosmos2.5_0057/frame_0084_rank_01.png
Cosmos2.5_0057,84,2,0.2201366424560547,0.6996642351150513,1069.965087890625,533.9847412109375,1119.064208984375,583.1748046875,0.88671875,1281,/shared/ssd_30T/zhuoyingyang/physact/sam3_robowm/identity_v1/sam_masked_negative6/crops/Cosmos2.5_0057/frame_0084_rank_02.png
Cosmos2.5_0057,84,3,0.1802590936422348,0.6924248933792114,950.428955078125,457.08013916015625,997.7711181640624,553.4067993164062,0.89453125,1373,/shared/ssd_30T/zhuoyingyang/physact/sam3_robowm/identity_v1/sam_masked_negative6/crops/Cosmos2.5_0057/frame_0084_rank_03.png
Cosmos2.5_0057,87,1,0.1646278202533722,0.7350149154663086,1069.370361328125,537.3308715820312,1123.4296875,585.1998901367188,0.87109375,1202,/shared/ssd_30T/zhuoyingyang/physact/sam3_robowm/identity_v1/sam_masked_negative6/crops/Cosmos2.5_0057/frame_0087_rank_01.png
Cosmos2.5_0057,87,2,0.1238579824566841,0.725204348564148,965.6546020507812,457.72406005859375,996.4721069335938,523.1665649414062,0.8828125,793,/shared/ssd_30T/zhuoyingyang/physact/sam3_robowm/identity_v1/sam_masked_negative6/crops/Cosmos2.5_0057/frame_0087_rank_02.png
Cosmos2.5_0057,87,3,0.1092437133193016,0.6931715607643127,950.90673828125,456.6946411132813,997.282958984375,555.7142944335938,0.890625,1325,/shared/ssd_30T/zhuoyingyang/physact/sam3_robowm/identity_v1/sam_masked_negative6/crops/Cosmos2.5_0057/frame_0087_rank_03.png
Cosmos2.5_0057,90,1,0.1104585826396942,0.7370915412902832,1068.0087890625,537.1984252929688,1112.491943359375,585.0608520507812,0.8515625,898,/shared/ssd_30T/zhuoyingyang/physact/sam3_robowm/identity_v1/sam_masked_negative6/crops/Cosmos2.5_0057/frame_0090_rank_01.png
Cosmos2.5_0057,90,2,0.2382927983999252,0.609154462814331,894.2781982421875,638.0950927734375,1029.579833984375,702.5924072265625,0.96484375,6253,/shared/ssd_30T/zhuoyingyang/physact/sam3_robowm/identity_v1/sam_masked_negative6/crops/Cosmos2.5_0057/frame_0090_rank_02.png
Cosmos2.5_0057,90,3,0.1175981611013412,0.6064136028289795,937.6657104492188,675.4114379882812,992.8526000976562,702.2312622070312,0.90234375,1002,/shared/ssd_30T/zhuoyingyang/physact/sam3_robowm/identity_v1/sam_masked_negative6/crops/Cosmos2.5_0057/frame_0090_rank_03.png
Cosmos2.5_0057,92,1,0.1273441463708877,0.719893217086792,965.3668823242188,457.0650634765625,993.8890991210938,523.0845336914062,0.89453125,855,/shared/ssd_30T/zhuoyingyang/physact/sam3_robowm/identity_v1/sam_masked_negative6/crops/Cosmos2.5_0057/frame_0092_rank_01.png
Cosmos2.5_0057,92,2,0.1043232530355453,0.7011550664901733,951.3211059570312,456.3105163574219,994.4021606445312,555.9810791015625,0.8828125,1402,/shared/ssd_30T/zhuoyingyang/physact/sam3_robowm/identity_v1/sam_masked_negative6/crops/Cosmos2.5_0057/frame_0092_rank_02.png
Cosmos2.5_0057,92,3,0.1198878437280654,0.6066744327545166,937.4827270507812,675.136962890625,993.2368774414062,702.2642822265625,0.89453125,959,/shared/ssd_30T/zhuoyingyang/physact/sam3_robowm/identity_v1/sam_masked_negative6/crops/Cosmos2.5_0057/frame_0092_rank_03.png
Cosmos3_seed101_0039,0,1,0.7446960210800171,0.9609690308570862,472.6421813964844,363.7569580078125,591.5555419921875,474.7150268554688,0.98046875,8869,/shared/ssd_30T/zhuoyingyang/physact/sam3_robowm/identity_v1/sam_masked_negative6/crops/Cosmos3_seed101_0039/frame_0000_rank_01.png
Cosmos3_seed101_0039,0,2,0.1213861480355262,0.6626429557800293,1133.5272216796875,556.54541015625,1195.8594970703125,597.6309814453125,0.95703125,1416,/shared/ssd_30T/zhuoyingyang/physact/sam3_robowm/identity_v1/sam_masked_negative6/crops/Cosmos3_seed101_0039/frame_0000_rank_02.png
Cosmos3_seed101_0039,0,3,0.1285450160503387,0.6612504720687866,1111.63037109375,542.7215576171875,1219.003662109375,629.7296142578125,0.96875,5186,/shared/ssd_30T/zhuoyingyang/physact/sam3_robowm/identity_v1/sam_masked_negative6/crops/Cosmos3_seed101_0039/frame_0000_rank_03.png
Cosmos3_seed101_0039,3,1,0.7401434779167175,0.9476197957992554,472.9991760253906,363.4381408691406,591.4751586914062,472.6242370605469,0.9765625,8744,/shared/ssd_30T/zhuoyingyang/physact/sam3_robowm/identity_v1/sam_masked_negative6/crops/Cosmos3_seed101_0039/frame_0003_rank_01.png
Cosmos3_seed101_0039,3,2,0.1386317461729049,0.6695661544799805,1111.4512939453125,543.2910766601562,1219.2542724609375,630.7335815429688,0.96875,5174,/shared/ssd_30T/zhuoyingyang/physact/sam3_robowm/identity_v1/sam_masked_negative6/crops/Cosmos3_seed101_0039/frame_0003_rank_02.png
Cosmos3_seed101_0039,3,3,0.1137992888689041,0.6659228801727295,1133.5037841796875,556.6966552734375,1195.3768310546875,597.5947265625,0.95703125,1418,/shared/ssd_30T/zhuoyingyang/physact/sam3_robowm/identity_v1/sam_masked_negative6/crops/Cosmos3_seed101_0039/frame_0003_rank_03.png
Cosmos3_seed101_0039,6,1,0.7506785988807678,0.9471084475517272,472.7372741699219,364.20452880859375,591.700927734375,473.9371337890625,0.9765625,8844,/shared/ssd_30T/zhuoyingyang/physact/sam3_robowm/identity_v1/sam_masked_negative6/crops/Cosmos3_seed101_0039/frame_0006_rank_01.png
Cosmos3_seed101_0039,6,2,0.1217140778899192,0.6648993492126465,1111.862060546875,543.4240112304688,1219.217529296875,629.9641723632812,0.96875,5165,/shared/ssd_30T/zhuoyingyang/physact/sam3_robowm/identity_v1/sam_masked_negative6/crops/Cosmos3_seed101_0039/frame_0006_rank_02.png
Cosmos3_seed101_0039,6,3,0.1383332014083862,0.662163496017456,3.6910400390625,259.8056030273437,985.70703125,717.156982421875,0.9921875,310843,/shared/ssd_30T/zhuoyingyang/physact/sam3_robowm/identity_v1/sam_masked_negative6/crops/Cosmos3_seed101_0039/frame_0006_rank_03.png
Cosmos3_seed101_0039,9,1,0.7365555167198181,0.945354700088501,472.9906005859375,364.5481567382813,591.6903076171875,472.84814453125,0.9765625,8744,/shared/ssd_30T/zhuoyingyang/physact/sam3_robowm/identity_v1/sam_masked_negative6/crops/Cosmos3_seed101_0039/frame_0009_rank_01.png
Cosmos3_seed101_0039,9,2,0.1384929120540619,0.672179102897644,1111.694091796875,543.5100708007812,1219.070068359375,629.9473266601562,0.96875,5160,/shared/ssd_30T/zhuoyingyang/physact/sam3_robowm/identity_v1/sam_masked_negative6/crops/Cosmos3_seed101_0039/frame_0009_rank_02.png
Cosmos3_seed101_0039,9,3,0.1307090073823928,0.6711232662200928,1133.401123046875,556.4260864257812,1196.154052734375,597.9578247070312,0.953125,1411,/shared/ssd_30T/zhuoyingyang/physact/sam3_robowm/identity_v1/sam_masked_negative6/crops/Cosmos3_seed101_0039/frame_0009_rank_03.png
Cosmos3_seed101_0039,12,1,0.7425635457038879,0.9374537467956544,472.8884887695313,364.2298583984375,591.8126831054688,475.6708984375,0.9765625,8889,/shared/ssd_30T/zhuoyingyang/physact/sam3_robowm/identity_v1/sam_masked_negative6/crops/Cosmos3_seed101_0039/frame_0012_rank_01.png
Cosmos3_seed101_0039,12,2,0.1479481011629104,0.6668156981468201,4.55523681640625,259.473876953125,985.1091918945312,717.3203735351562,0.98828125,309737,/shared/ssd_30T/zhuoyingyang/physact/sam3_robowm/identity_v1/sam_masked_negative6/crops/Cosmos3_seed101_0039/frame_0012_rank_02.png
Cosmos3_seed101_0039,12,3,0.1210021153092384,0.6660782098770142,1111.5706787109375,543.6074829101562,1218.9097900390625,629.8168334960938,0.96875,5156,/shared/ssd_30T/zhuoyingyang/physact/sam3_robowm/identity_v1/sam_masked_negative6/crops/Cosmos3_seed101_0039/frame_0012_rank_03.png
Cosmos3_seed101_0039,15,1,0.7293368577957153,0.922791302204132,473.0234680175781,364.087158203125,591.6598510742188,469.1943359375,0.97265625,8445,/shared/ssd_30T/zhuoyingyang/physact/sam3_robowm/identity_v1/sam_masked_negative6/crops/Cosmos3_seed101_0039/frame_0015_rank_01.png
Cosmos3_seed101_0039,15,2,0.1349352449178695,0.6742103695869446,1111.11376953125,543.5448608398438,1218.83154296875,629.6856079101562,0.96875,5144,/shared/ssd_30T/zhuoyingyang/physact/sam3_robowm/identity_v1/sam_masked_negative6/crops/Cosmos3_seed101_0039/frame_0015_rank_02.png
Cosmos3_seed101_0039,15,3,0.1229741051793098,0.6722241640090942,1133.6441650390625,556.5253295898438,1196.2218017578125,597.8164672851562,0.953125,1408,/shared/ssd_30T/zhuoyingyang/physact/sam3_robowm/identity_v1/sam_masked_negative6/crops/Cosmos3_seed101_0039/frame_0015_rank_03.png
Cosmos3_seed101_0039,18,1,0.7532256841659546,0.9446945190429688,472.771240234375,364.838623046875,591.69921875,473.4215698242188,0.9765625,8773,/shared/ssd_30T/zhuoyingyang/physact/sam3_robowm/identity_v1/sam_masked_negative6/crops/Cosmos3_seed101_0039/frame_0018_rank_01.png
Cosmos3_seed101_0039,18,2,0.1279921233654022,0.6794406175613403,1111.5877685546875,543.3779296875,1218.9119873046875,629.824462890625,0.96875,5128,/shared/ssd_30T/zhuoyingyang/physact/sam3_robowm/identity_v1/sam_masked_negative6/crops/Cosmos3_seed101_0039/frame_0018_rank_02.png
Cosmos3_seed101_0039,18,3,0.1445394307374954,0.6661372184753418,3.3673095703125,259.6277160644531,989.6904296875,717.4189453125,0.98828125,311559,/shared/ssd_30T/zhuoyingyang/physact/sam3_robowm/identity_v1/sam_masked_negative6/crops/Cosmos3_seed101_0039/frame_0018_rank_03.png
Cosmos3_seed101_0039,21,1,0.7500150799751282,0.93212229013443,472.8993835449219,365.0087585449219,591.6122436523438,473.2099914550781,0.9765625,8754,/shared/ssd_30T/zhuoyingyang/physact/sam3_robowm/identity_v1/sam_masked_negative6/crops/Cosmos3_seed101_0039/frame_0021_rank_01.png
Cosmos3_seed101_0039,21,2,0.1370316594839096,0.6663336753845215,2.91546630859375,259.37115478515625,989.4121704101562,717.4036865234375,0.98828125,310406,/shared/ssd_30T/zhuoyingyang/physact/sam3_robowm/identity_v1/sam_masked_negative6/crops/Cosmos3_seed101_0039/frame_0021_rank_02.png
Cosmos3_seed101_0039,21,3,0.1287379264831543,0.6581765413284302,1111.947998046875,543.4601440429688,1218.92578125,630.0442504882812,0.96875,5106,/shared/ssd_30T/zhuoyingyang/physact/sam3_robowm/identity_v1/sam_masked_negative6/crops/Cosmos3_seed101_0039/frame_0021_rank_03.png
Cosmos3_seed101_0039,24,1,0.7447381615638733,0.9464925527572632,472.9126281738281,364.9870300292969,591.5980834960938,473.7940368652344,0.9765625,8749,/shared/ssd_30T/zhuoyingyang/physact/sam3_robowm/identity_v1/sam_masked_negative6/crops/Cosmos3_seed101_0039/frame_0024_rank_01.png
Cosmos3_seed101_0039,24,2,0.1290929317474365,0.6855177879333496,1112.2083740234375,543.43017578125,1219.1795654296875,631.4423828125,0.96875,5044,/shared/ssd_30T/zhuoyingyang/physact/sam3_robowm/identity_v1/sam_masked_negative6/crops/Cosmos3_seed101_0039/frame_0024_rank_02.png
Cosmos3_seed101_0039,24,3,0.1454639136791229,0.6652735471725464,3.075531005859375,259.4132080078125,989.6097412109376,717.62890625,0.98828125,310129,/shared/ssd_30T/zhuoyingyang/physact/sam3_robowm/identity_v1/sam_masked_negative6/crops/Cosmos3_seed101_0039/frame_0024_rank_03.png
Cosmos3_seed101_0039,27,1,0.7480697631835938,0.895391583442688,472.8326721191406,364.7117309570313,591.4494018554688,474.0846557617188,0.9765625,8761,/shared/ssd_30T/zhuoyingyang/physact/sam3_robowm/identity_v1/sam_masked_negative6/crops/Cosmos3_seed101_0039/frame_0027_rank_01.png
Cosmos3_seed101_0039,27,2,0.1231264919042587,0.677316427230835,1107.67724609375,542.8612670898438,1218.967041015625,630.8703002929688,0.96484375,4802,/shared/ssd_30T/zhuoyingyang/physact/sam3_robowm/identity_v1/sam_masked_negative6/crops/Cosmos3_seed101_0039/frame_0027_rank_02.png
Cosmos3_seed101_0039,27,3,0.1485243290662765,0.6521373987197876,3.3238525390625,259.33807373046875,986.2601318359376,717.472412109375,0.98828125,309487,/shared/ssd_30T/zhuoyingyang/physact/sam3_robowm/identity_v1/sam_masked_negative6/crops/Cosmos3_seed101_0039/frame_0027_rank_03.png
Cosmos3_seed101_0039,30,1,0.7436632513999939,0.9271100759506226,472.7084655761719,364.9992980957031,591.5439453125,473.2795715332031,0.9765625,8739,/shared/ssd_30T/zhuoyingyang/physact/sam3_robowm/identity_v1/sam_masked_negative6/crops/Cosmos3_seed101_0039/frame_0030_rank_01.png
Cosmos3_seed101_0039,30,2,0.107460431754589,0.6877841949462891,1108.8349609375,543.3154907226562,1218.784912109375,629.9786987304688,0.95703125,4504,/shared/ssd_30T/zhuoyingyang/physact/sam3_robowm/identity_v1/sam_masked_negative6/crops/Cosmos3_seed101_0039/frame_0030_rank_02.png
Cosmos3_seed101_0039,30,3,0.1532364636659622,0.6738176345825195,3.605560302734375,260.1007080078125,979.837158203125,717.5003051757812,0.984375,304146,/shared/ssd_30T/zhuoyingyang/physact/sam3_robowm/identity_v1/sam_masked_negative6/crops/Cosmos3_seed101_0039/frame_0030_rank_03.png
Cosmos3_seed101_0039,33,1,0.7511029839515686,0.9117189049720764,472.8868408203125,364.8617248535156,591.64208984375,470.0788879394531,0.9765625,8549,/shared/ssd_30T/zhuoyingyang/physact/sam3_robowm/identity_v1/sam_masked_negative6/crops/Cosmos3_seed101_0039/frame_0033_rank_01.png
Cosmos3_seed101_0039,33,2,0.1069526746869087,0.6703853607177734,1121.0999755859375,548.8671264648438,1219.0089111328125,630.1127319335938,0.95703125,4184,/shared/ssd_30T/zhuoyingyang/physact/sam3_robowm/identity_v1/sam_masked_negative6/crops/Cosmos3_seed101_0039/frame_0033_rank_02.png
Cosmos3_seed101_0039,33,3,0.1476062834262848,0.6560239791870117,1133.5726318359375,556.5661010742188,1195.8953857421875,597.6996459960938,0.94921875,1387,/shared/ssd_30T/zhuoyingyang/physact/sam3_robowm/identity_v1/sam_masked_negative6/crops/Cosmos3_seed101_0039/frame_0033_rank_03.png
Cosmos3_seed101_0039,36,1,0.7307388186454773,0.9002838730812073,472.6940002441406,364.6880798339844,591.6517333984375,471.0696105957031,0.9765625,8625,/shared/ssd_30T/zhuoyingyang/physact/sam3_robowm/identity_v1/sam_masked_negative6/crops/Cosmos3_seed101_0039/frame_0036_rank_01.png
Cosmos3_seed101_0039,36,2,0.1039985790848732,0.6740680932998657,952.0861206054688,465.5121154785156,996.4220581054688,563.22216796875,0.92578125,1519,/shared/ssd_30T/zhuoyingyang/physact/sam3_robowm/identity_v1/sam_masked_negative6/crops/Cosmos3_seed101_0039/frame_0036_rank_02.png
Cosmos3_seed101_0039,36,3,0.1289178431034088,0.6613174676895142,1119.5047607421875,547.96533203125,1218.8582763671875,629.841064453125,0.9609375,4216,/shared/ssd_30T/zhuoyingyang/physact/sam3_robowm/identity_v1/sam_masked_negative6/crops/Cosmos3_seed101_0039/frame_0036_rank_03.png
Cosmos3_seed101_0039,39,1,0.7331396341323853,0.9101951122283936,472.5521545410156,364.39691162109375,591.8406372070312,471.92279052734375,0.9765625,8621,/shared/ssd_30T/zhuoyingyang/physact/sam3_robowm/identity_v1/sam_masked_negative6/crops/Cosmos3_seed101_0039/frame_0039_rank_01.png
Cosmos3_seed101_0039,39,2,0.1365358531475067,0.6583924293518066,1117.5543212890625,545.7576293945312,1219.1068115234375,630.7875366210938,0.9609375,4244,/shared/ssd_30T/zhuoyingyang/physact/sam3_robowm/identity_v1/sam_masked_negative6/crops/Cosmos3_seed101_0039/frame_0039_rank_02.png
Cosmos3_seed101_0039,39,3,0.14238902926445,0.6467263102531433,3.670501708984375,258.9849853515625,978.8966064453124,717.5451049804688,0.97265625,300655,/shared/ssd_30T/zhuoyingyang/physact/sam3_robowm/identity_v1/sam_masked_negative6/crops/Cosmos3_seed101_0039/frame_0039_rank_03.png
Cosmos3_seed101_0039,42,1,0.7307034134864807,0.901849329471588,472.7605285644531,364.5728149414063,591.924072265625,472.32122802734375,0.9765625,8671,/shared/ssd_30T/zhuoyingyang/physact/sam3_robowm/identity_v1/sam_masked_negative6/crops/Cosmos3_seed101_0039/frame_0042_rank_01.png
Cosmos3_seed101_0039,42,2,0.1298935562372207,0.675024151802063,1112.8524169921875,543.3963012695312,1219.0201416015625,632.9612426757812,0.9609375,4326,/shared/ssd_30T/zhuoyingyang/physact/sam3_robowm/identity_v1/sam_masked_negative6/crops/Cosmos3_seed101_0039/frame_0042_rank_02.png
Cosmos3_seed101_0039,42,3,0.1510363817214965,0.6407605409622192,1069.949462890625,537.2703247070312,1117.603759765625,590.8753051757812,0.921875,1448,/shared/ssd_30T/zhuoyingyang/physact/sam3_robowm/identity_v1/sam_masked_negative6/crops/Cosmos3_seed101_0039/frame_0042_rank_03.png
Cosmos3_seed101_0039,45,1,0.7342122793197632,0.9059842228889464,472.84033203125,364.4158935546875,591.5845947265625,470.578369140625,0.9765625,8606,/shared/ssd_30T/zhuoyingyang/physact/sam3_robowm/identity_v1/sam_masked_negative6/crops/Cosmos3_seed101_0039/frame_0045_rank_01.png
Cosmos3_seed101_0039,45,2,0.1378004550933838,0.6858611106872559,1112.6484375,543.6480712890625,1218.75830078125,631.3861083984375,0.9609375,4192,/shared/ssd_30T/zhuoyingyang/physact/sam3_robowm/identity_v1/sam_masked_negative6/crops/Cosmos3_seed101_0039/frame_0045_rank_02.png
Cosmos3_seed101_0039,45,3,0.1318820714950561,0.6350984573364258,4.21356201171875,260.61065673828125,982.4478759765624,717.515869140625,0.97265625,299044,/shared/ssd_30T/zhuoyingyang/physact/sam3_robowm/identity_v1/sam_masked_negative6/crops/Cosmos3_seed101_0039/frame_0045_rank_03.png
Cosmos3_seed101_0039,48,1,0.7444495558738708,0.9156721234321594,472.6315307617188,364.7325744628906,591.5442504882812,470.8921813964844,0.9765625,8586,/shared/ssd_30T/zhuoyingyang/physact/sam3_robowm/identity_v1/sam_masked_negative6/crops/Cosmos3_seed101_0039/frame_0048_rank_01.png
Cosmos3_seed101_0039,48,2,0.1672107428312301,0.6775023937225342,1113.078857421875,543.6713256835938,1218.64990234375,630.2238159179688,0.9609375,4212,/shared/ssd_30T/zhuoyingyang/physact/sam3_robowm/identity_v1/sam_masked_negative6/crops/Cosmos3_seed101_0039/frame_0048_rank_02.png
Cosmos3_seed101_0039,48,3,0.1059335172176361,0.6622801423072815,952.6356811523438,465.9136657714844,995.2007446289062,562.5210571289062,0.93359375,1600,/shared/ssd_30T/zhuoyingyang/physact/sam3_robowm/identity_v1/sam_masked_negative6/crops/Cosmos3_seed101_0039/frame_0048_rank_03.png
Cosmos3_seed101_0039,51,1,0.741654634475708,0.893876314163208,472.6703186035156,363.9925537109375,591.583740234375,468.92572021484375,0.97265625,8466,/shared/ssd_30T/zhuoyingyang/physact/sam3_robowm/identity_v1/sam_masked_negative6/crops/Cosmos3_seed101_0039/frame_0051_rank_01.png
Cosmos3_seed101_0039,51,2,0.1386772841215133,0.6914952993392944,1112.683837890625,543.3018188476562,1218.988037109375,630.2084350585938,0.96484375,4177,/shared/ssd_30T/zhuoyingyang/physact/sam3_robowm/identity_v1/sam_masked_negative6/crops/Cosmos3_seed101_0039/frame_0051_rank_02.png
Cosmos3_seed101_0039,51,3,0.1021363586187362,0.6596770286560059,952.2617797851562,465.7234802246094,994.7575073242188,562.2918701171875,0.9296875,1600,/shared/ssd_30T/zhuoyingyang/physact/sam3_robowm/identity_v1/sam_masked_negative6/crops/Cosmos3_seed101_0039/frame_0051_rank_03.png
Cosmos3_seed101_0039,54,1,0.7317063808441162,0.8865703344345093,472.84771728515625,362.1902770996094,591.6238403320312,470.2714538574219,0.97265625,8580,/shared/ssd_30T/zhuoyingyang/physact/sam3_robowm/identity_v1/sam_masked_negative6/crops/Cosmos3_seed101_0039/frame_0054_rank_01.png
Cosmos3_seed101_0039,54,2,0.1689972579479217,0.6838365793228149,1112.187744140625,542.943359375,1218.794677734375,630.5113525390625,0.9609375,4213,/shared/ssd_30T/zhuoyingyang/physact/sam3_robowm/identity_v1/sam_masked_negative6/crops/Cosmos3_seed101_0039/frame_0054_rank_02.png
Cosmos3_seed101_0039,54,3,0.1177912950515747,0.6617898941040039,952.318115234375,465.7899169921875,994.6575927734376,561.3680419921875,0.92578125,1546,/shared/ssd_30T/zhuoyingyang/physact/sam3_robowm/identity_v1/sam_masked_negative6/crops/Cosmos3_seed101_0039/frame_0054_rank_03.png
Cosmos3_seed101_0039,57,1,0.739791989326477,0.8897572159767151,472.6287231445313,362.7853393554688,591.9227905273438,471.6106567382813,0.9765625,8666,/shared/ssd_30T/zhuoyingyang/physact/sam3_robowm/identity_v1/sam_masked_negative6/crops/Cosmos3_seed101_0039/frame_0057_rank_01.png
Cosmos3_seed101_0039,57,2,0.142749473452568,0.6756218671798706,1111.9915771484375,543.34130859375,1218.7508544921875,630.8082275390625,0.96484375,4258,/shared/ssd_30T/zhuoyingyang/physact/sam3_robowm/identity_v1/sam_masked_negative6/crops/Cosmos3_seed101_0039/frame_0057_rank_02.png
Cosmos3_seed101_0039,57,3,0.121930330991745,0.6696100234985352,952.3681030273438,465.7752380371094,994.8223266601562,562.2543334960938,0.9296875,1508,/shared/ssd_30T/zhuoyingyang/physact/sam3_robowm/identity_v1/sam_masked_negative6/crops/Cosmos3_seed101_0039/frame_0057_rank_03.png
Cosmos3_seed101_0039,60,1,0.7365817427635193,0.9148848056793212,472.3925476074219,362.8029174804688,591.9367065429688,471.6130981445313,0.97265625,8670,/shared/ssd_30T/zhuoyingyang/physact/sam3_robowm/identity_v1/sam_masked_negative6/crops/Cosmos3_seed101_0039/frame_0060_rank_01.png
Cosmos3_seed101_0039,60,2,0.1093344166874885,0.6780034303665161,952.2109375,465.7352294921875,994.691162109375,561.302734375,0.9296875,1543,/shared/ssd_30T/zhuoyingyang/physact/sam3_robowm/identity_v1/sam_masked_negative6/crops/Cosmos3_seed101_0039/frame_0060_rank_02.png
Cosmos3_seed101_0039,60,3,0.1524323225021362,0.675285816192627,1111.542724609375,543.2371215820312,1218.817626953125,630.6857299804688,0.96484375,4298,/shared/ssd_30T/zhuoyingyang/physact/sam3_robowm/identity_v1/sam_masked_negative6/crops/Cosmos3_seed101_0039/frame_0060_rank_03.png
Cosmos3_seed101_0039,63,1,0.7538808584213257,0.908444344997406,472.6905212402344,362.7488403320313,591.8690795898438,472.1400146484375,0.97265625,8679,/shared/ssd_30T/zhuoyingyang/physact/sam3_robowm/identity_v1/sam_masked_negative6/crops/Cosmos3_seed101_0039/frame_0063_rank_01.png
Cosmos3_seed101_0039,63,2,0.1305550336837768,0.6649284362792969,1111.5926513671875,543.191162109375,1218.5933837890625,629.8221435546875,0.96484375,4262,/shared/ssd_30T/zhuoyingyang/physact/sam3_robowm/identity_v1/sam_masked_negative6/crops/Cosmos3_seed101_0039/frame_0063_rank_02.png
Cosmos3_seed101_0039,63,3,0.1075246855616569,0.6312826871871948,1069.098388671875,531.29541015625,1117.619873046875,590.83154296875,0.92578125,1574,/shared/ssd_30T/zhuoyingyang/physact/sam3_robowm/identity_v1/sam_masked_negative6/crops/Cosmos3_seed101_0039/frame_0063_rank_03.png
Cosmos3_seed101_0039,66,1,0.7467746138572693,0.892606258392334,472.6517333984375,363.0403442382813,591.8111572265625,474.4248046875,0.97265625,8786,/shared/ssd_30T/zhuoyingyang/physact/sam3_robowm/identity_v1/sam_masked_negative6/crops/Cosmos3_seed101_0039/frame_0066_rank_01.png
Cosmos3_seed101_0039,66,2,0.1380659937858581,0.6687865257263184,1111.7728271484375,543.3494873046875,1218.5677490234375,632.1246337890625,0.9609375,4288,/shared/ssd_30T/zhuoyingyang/physact/sam3_robowm/identity_v1/sam_masked_negative6/crops/Cosmos3_seed101_0039/frame_0066_rank_02.png
Cosmos3_seed101_0039,66,3,0.1112589016556739,0.6271501779556274,2.61932373046875,263.543212890625,984.9419555664062,717.3178100585938,0.98046875,299922,/shared/ssd_30T/zhuoyingyang/physact/sam3_robowm/identity_v1/sam_masked_negative6/crops/Cosmos3_seed101_0039/frame_0066_rank_03.png
Cosmos3_seed101_0039,69,1,0.7466097474098206,0.8742777705192566,472.69580078125,365.3678588867188,591.611328125,474.58502197265625,0.9765625,8763,/shared/ssd_30T/zhuoyingyang/physact/sam3_robowm/identity_v1/sam_masked_negative6/crops/Cosmos3_seed101_0039/frame_0069_rank_01.png
Cosmos3_seed101_0039,69,2,0.1023070961236953,0.6668908596038818,952.166259765625,465.64007568359375,994.806884765625,562.1868286132812,0.9296875,1508,/shared/ssd_30T/zhuoyingyang/physact/sam3_robowm/identity_v1/sam_masked_negative6/crops/Cosmos3_seed101_0039/frame_0069_rank_02.png
Cosmos3_seed101_0039,69,3,0.1451035737991333,0.6536323428153992,1111.9063720703125,543.9172973632812,1218.5684814453125,631.8577270507812,0.9609375,4314,/shared/ssd_30T/zhuoyingyang/physact/sam3_robowm/identity_v1/sam_masked_negative6/crops/Cosmos3_seed101_0039/frame_0069_rank_03.png
Cosmos3_seed101_0039,72,1,0.7274662256240845,0.8600293397903442,472.5460510253906,365.5641174316406,591.5716552734375,473.6890563964844,0.9765625,8719,/shared/ssd_30T/zhuoyingyang/physact/sam3_robowm/identity_v1/sam_masked_negative6/crops/Cosmos3_seed101_0039/frame_0072_rank_01.png
Cosmos3_seed101_0039,72,2,0.1664145439863205,0.6726686954498291,1112.43359375,544.2604370117188,1218.59619140625,632.3506469726562,0.9609375,4316,/shared/ssd_30T/zhuoyingyang/physact/sam3_robowm/identity_v1/sam_masked_negative6/crops/Cosmos3_seed101_0039/frame_0072_rank_02.png
Cosmos3_seed101_0039,72,3,0.1111108064651489,0.66683030128479,952.3848876953124,465.51898193359375,994.7957763671876,562.5095825195312,0.9296875,1509,/shared/ssd_30T/zhuoyingyang/physact/sam3_robowm/identity_v1/sam_masked_negative6/crops/Cosmos3_seed101_0039/frame_0072_rank_03.png
Cosmos3_seed101_0039,75,1,0.7298973202705383,0.8592575788497925,472.6238098144531,364.980224609375,591.6085815429688,471.9861450195313,0.9765625,8643,/shared/ssd_30T/zhuoyingyang/physact/sam3_robowm/identity_v1/sam_masked_negative6/crops/Cosmos3_seed101_0039/frame_0075_rank_01.png
Cosmos3_seed101_0039,75,2,0.1704698652029037,0.6639997959136963,1112.00390625,543.9130249023438,1218.314453125,631.4711303710938,0.9609375,4282,/shared/ssd_30T/zhuoyingyang/physact/sam3_robowm/identity_v1/sam_masked_negative6/crops/Cosmos3_seed101_0039/frame_0075_rank_02.png
Cosmos3_seed101_0039,75,3,0.1286537796258926,0.6524438858032227,951.9996337890624,465.5900268554688,994.737548828125,562.8593139648438,0.9296875,1536,/shared/ssd_30T/zhuoyingyang/physact/sam3_robowm/identity_v1/sam_masked_negative6/crops/Cosmos3_seed101_0039/frame_0075_rank_03.png
Cosmos3_seed101_0039,78,1,0.7367176413536072,0.8514999151229858,472.7242431640625,364.619384765625,591.3203125,472.248779296875,0.97265625,8618,/shared/ssd_30T/zhuoyingyang/physact/sam3_robowm/identity_v1/sam_masked_negative6/crops/Cosmos3_seed101_0039/frame_0078_rank_01.png
Cosmos3_seed101_0039,78,2,0.1493093073368072,0.6658471822738647,1111.8465576171875,543.697021484375,1218.5054931640625,631.8668212890625,0.95703125,4351,/shared/ssd_30T/zhuoyingyang/physact/sam3_robowm/identity_v1/sam_masked_negative6/crops/Cosmos3_seed101_0039/frame_0078_rank_02.png
Cosmos3_seed101_0039,78,3,0.1278048604726791,0.6325565576553345,3.1326904296875,265.51318359375,973.41552734375,717.5347290039062,0.98046875,292168,/shared/ssd_30T/zhuoyingyang/physact/sam3_robowm/identity_v1/sam_masked_negative6/crops/Cosmos3_seed101_0039/frame_0078_rank_03.png
Cosmos3_seed101_0039,81,1,0.7474467754364014,0.8556544184684753,472.7942199707031,365.7993774414063,591.4901123046875,471.9827880859375,0.9765625,8549,/shared/ssd_30T/zhuoyingyang/physact/sam3_robowm/identity_v1/sam_masked_negative6/crops/Cosmos3_seed101_0039/frame_0081_rank_01.png
Cosmos3_seed101_0039,81,2,0.152307778596878,0.6679929494857788,1112.156494140625,543.48046875,1218.687255859375,631.901123046875,0.95703125,4341,/shared/ssd_30T/zhuoyingyang/physact/sam3_robowm/identity_v1/sam_masked_negative6/crops/Cosmos3_seed101_0039/frame_0081_rank_02.png
Cosmos3_seed101_0039,81,3,0.1251224726438522,0.6231885552406311,2.958526611328125,266.4788818359375,982.8349609375,717.6692504882812,0.98046875,296346,/shared/ssd_30T/zhuoyingyang/physact/sam3_robowm/identity_v1/sam_masked_negative6/crops/Cosmos3_seed101_0039/frame_0081_rank_03.png
Cosmos3_seed101_0039,84,1,0.7390202283859253,0.8593088388442993,472.6575927734375,364.6469421386719,591.549072265625,473.8036804199219,0.9765625,8684,/shared/ssd_30T/zhuoyingyang/physact/sam3_robowm/identity_v1/sam_masked_negative6/crops/Cosmos3_seed101_0039/frame_0084_rank_01.png
Cosmos3_seed101_0039,84,2,0.1468542516231537,0.6672581434249878,1112.1044921875,543.1386108398438,1218.408447265625,631.1597290039062,0.9609375,4328,/shared/ssd_30T/zhuoyingyang/physact/sam3_robowm/identity_v1/sam_masked_negative6/crops/Cosmos3_seed101_0039/frame_0084_rank_02.png
Cosmos3_seed101_0039,84,3,0.1272695660591125,0.6310222148895264,2.931915283203125,265.3348999023437,976.984130859375,717.6622314453125,0.98046875,294484,/shared/ssd_30T/zhuoyingyang/physact/sam3_robowm/identity_v1/sam_masked_negative6/crops/Cosmos3_seed101_0039/frame_0084_rank_03.png
Cosmos3_seed101_0039,87,1,0.7360924482345581,0.869088888168335,472.5881652832031,364.7921447753906,591.6605834960938,472.8463439941406,0.97265625,8609,/shared/ssd_30T/zhuoyingyang/physact/sam3_robowm/identity_v1/sam_masked_negative6/crops/Cosmos3_seed101_0039/frame_0087_rank_01.png
Cosmos3_seed101_0039,87,2,0.1388889253139495,0.665420413017273,1111.98779296875,543.2103881835938,1218.494384765625,631.1223754882812,0.95703125,4324,/shared/ssd_30T/zhuoyingyang/physact/sam3_robowm/identity_v1/sam_masked_negative6/crops/Cosmos3_seed101_0039/frame_0087_rank_02.png
Cosmos3_seed101_0039,87,3,0.1217321008443832,0.6291955709457397,3.286041259765625,265.6912536621094,981.4949951171876,717.51318359375,0.98046875,295162,/shared/ssd_30T/zhuoyingyang/physact/sam3_robowm/identity_v1/sam_masked_negative6/crops/Cosmos3_seed101_0039/frame_0087_rank_03.png
Cosmos3_seed101_0039,90,1,0.7123466730117798,0.8532598614692688,472.6683349609375,366.4832153320313,591.2840576171875,472.620361328125,0.9765625,8538,/shared/ssd_30T/zhuoyingyang/physact/sam3_robowm/identity_v1/sam_masked_negative6/crops/Cosmos3_seed101_0039/frame_0090_rank_01.png
Cosmos3_seed101_0039,90,2,0.1600176244974136,0.6628375053405762,1112.2952880859375,543.6822509765625,1218.5140380859375,631.03271484375,0.9609375,4321,/shared/ssd_30T/zhuoyingyang/physact/sam3_robowm/identity_v1/sam_masked_negative6/crops/Cosmos3_seed101_0039/frame_0090_rank_02.png
Cosmos3_seed101_0039,90,3,0.1385456770658493,0.6418452262878418,1068.4129638671875,529.9022827148438,1117.4683837890625,590.4269409179688,0.92578125,1601,/shared/ssd_30T/zhuoyingyang/physact/sam3_robowm/identity_v1/sam_masked_negative6/crops/Cosmos3_seed101_0039/frame_0090_rank_03.png
Cosmos3_seed101_0039,93,1,0.7164164781570435,0.8513748645782471,472.8148193359375,368.3187561035156,591.4244384765625,473.7571105957031,0.9765625,8540,/shared/ssd_30T/zhuoyingyang/physact/sam3_robowm/identity_v1/sam_masked_negative6/crops/Cosmos3_seed101_0039/frame_0093_rank_01.png
Cosmos3_seed101_0039,93,2,0.1400310695171356,0.6515661478042603,1112.408447265625,544.3060913085938,1218.79541015625,631.1201782226562,0.95703125,4302,/shared/ssd_30T/zhuoyingyang/physact/sam3_robowm/identity_v1/sam_masked_negative6/crops/Cosmos3_seed101_0039/frame_0093_rank_02.png
Cosmos3_seed101_0039,93,3,0.1327669620513916,0.6209216117858887,3.190673828125,267.2640380859375,977.5699462890624,717.5962524414062,0.98046875,294103,/shared/ssd_30T/zhuoyingyang/physact/sam3_robowm/identity_v1/sam_masked_negative6/crops/Cosmos3_seed101_0039/frame_0093_rank_03.png
Cosmos3_seed101_0039,96,1,0.7098939418792725,0.8970981240272522,472.8603820800781,369.0460510253906,591.405029296875,473.8018493652344,0.9765625,8486,/shared/ssd_30T/zhuoyingyang/physact/sam3_robowm/identity_v1/sam_masked_negative6/crops/Cosmos3_seed101_0039/frame_0096_rank_01.png
Cosmos3_seed101_0039,96,2,0.141552984714508,0.6503843069076538,1112.77783203125,544.4140014648438,1218.70361328125,631.8941040039062,0.953125,4292,/shared/ssd_30T/zhuoyingyang/physact/sam3_robowm/identity_v1/sam_masked_negative6/crops/Cosmos3_seed101_0039/frame_0096_rank_02.png
Cosmos3_seed101_0039,96,3,0.1326656937599182,0.6325474977493286,2.31719970703125,265.04168701171875,973.7171020507812,718.0335693359375,0.984375,295346,/shared/ssd_30T/zhuoyingyang/physact/sam3_robowm/identity_v1/sam_masked_negative6/crops/Cosmos3_seed101_0039/frame_0096_rank_03.png
Cosmos3_seed101_0039,99,1,0.7078664898872375,0.8999273777008057,472.7739868164063,370.2036743164063,591.5181274414062,472.38385009765625,0.9765625,8426,/shared/ssd_30T/zhuoyingyang/physact/sam3_robowm/identity_v1/sam_masked_negative6/crops/Cosmos3_seed101_0039/frame_0099_rank_01.png
Cosmos3_seed101_0039,99,2,0.1472036093473434,0.6554476022720337,1112.5211181640625,543.842529296875,1218.8316650390625,631.7171630859375,0.95703125,4305,/shared/ssd_30T/zhuoyingyang/physact/sam3_robowm/identity_v1/sam_masked_negative6/crops/Cosmos3_seed101_0039/frame_0099_rank_02.png
Cosmos3_seed101_0039,99,3,0.1446803212165832,0.627543568611145,2.933990478515625,263.6292724609375,971.782470703125,717.6991577148438,0.98046875,291114,/shared/ssd_30T/zhuoyingyang/physact/sam3_robowm/identity_v1/sam_masked_negative6/crops/Cosmos3_seed101_0039/frame_0099_rank_03.png
Cosmos3_seed101_0039,102,1,0.7068066596984863,0.8568160533905029,473.0145263671875,369.2783203125,591.5699462890625,472.6828002929688,0.9765625,8483,/shared/ssd_30T/zhuoyingyang/physact/sam3_robowm/identity_v1/sam_masked_negative6/crops/Cosmos3_seed101_0039/frame_0102_rank_01.png
Cosmos3_seed101_0039,102,2,0.1508682966232299,0.6484085321426392,1112.561279296875,544.1348266601562,1218.6826171875,631.1383666992188,0.95703125,4298,/shared/ssd_30T/zhuoyingyang/physact/sam3_robowm/identity_v1/sam_masked_negative6/crops/Cosmos3_seed101_0039/frame_0102_rank_02.png
Cosmos3_seed101_0039,102,3,0.1030844822525978,0.6429198980331421,965.7745361328124,466.2026977539063,994.9283447265624,531.231201171875,0.8984375,898,/shared/ssd_30T/zhuoyingyang/physact/sam3_robowm/identity_v1/sam_masked_negative6/crops/Cosmos3_seed101_0039/frame_0102_rank_03.png
Cosmos3_seed101_0039,105,1,0.7002592086791992,0.8876394033432007,472.68603515625,369.1622314453125,591.7425537109375,470.702880859375,0.97265625,8350,/shared/ssd_30T/zhuoyingyang/physact/sam3_robowm/identity_v1/sam_masked_negative6/crops/Cosmos3_seed101_0039/frame_0105_rank_01.png
Cosmos3_seed101_0039,105,2,0.1505154073238372,0.6481189727783203,1112.3916015625,544.43408203125,1218.766845703125,631.1451416015625,0.95703125,4296,/shared/ssd_30T/zhuoyingyang/physact/sam3_robowm/identity_v1/sam_masked_negative6/crops/Cosmos3_seed101_0039/frame_0105_rank_02.png
Cosmos3_seed101_0039,105,3,0.1373672932386398,0.6223658323287964,2.745819091796875,265.983154296875,984.499267578125,717.5118408203125,0.984375,298831,/shared/ssd_30T/zhuoyingyang/physact/sam3_robowm/identity_v1/sam_masked_negative6/crops/Cosmos3_seed101_0039/frame_0105_rank_03.png
Cosmos3_seed101_0039,108,1,0.7151968479156494,0.861764669418335,472.7810668945313,370.2000732421875,591.4744262695312,472.5716552734375,0.9765625,8439,/shared/ssd_30T/zhuoyingyang/physact/sam3_robowm/identity_v1/sam_masked_negative6/crops/Cosmos3_seed101_0039/frame_0108_rank_01.png
Cosmos3_seed101_0039,108,2,0.1522949188947677,0.6569616198539734,1112.366943359375,544.2261962890625,1218.33837890625,631.0279541015625,0.95703125,4319,/shared/ssd_30T/zhuoyingyang/physact/sam3_robowm/identity_v1/sam_masked_negative6/crops/Cosmos3_seed101_0039/frame_0108_rank_02.png
Cosmos3_seed101_0039,108,3,0.1281161457300186,0.6151494979858398,2.87200927734375,263.7021789550781,984.0535278320312,717.5831298828125,0.984375,298382,/shared/ssd_30T/zhuoyingyang/physact/sam3_robowm/identity_v1/sam_masked_negative6/crops/Cosmos3_seed101_0039/frame_0108_rank_03.png
Cosmos3_seed101_0039,111,1,0.7093226909637451,0.9036034345626832,472.9060363769531,371.197021484375,591.6786499023438,470.8884887695313,0.9765625,8241,/shared/ssd_30T/zhuoyingyang/physact/sam3_robowm/identity_v1/sam_masked_negative6/crops/Cosmos3_seed101_0039/frame_0111_rank_01.png
Cosmos3_seed101_0039,111,2,0.1363040059804916,0.6586627960205078,1112.5531005859375,543.8639526367188,1218.5797119140625,630.9946899414062,0.95703125,4293,/shared/ssd_30T/zhuoyingyang/physact/sam3_robowm/identity_v1/sam_masked_negative6/crops/Cosmos3_seed101_0039/frame_0111_rank_02.png
Cosmos3_seed101_0039,111,3,0.1365342140197754,0.6254266500473022,2.7421875,265.10333251953125,980.339599609375,717.5552368164062,0.98046875,296820,/shared/ssd_30T/zhuoyingyang/physact/sam3_robowm/identity_v1/sam_masked_negative6/crops/Cosmos3_seed101_0039/frame_0111_rank_03.png
Cosmos3_seed101_0039,114,1,0.6968864798545837,0.8442453145980835,472.8557739257813,370.9928588867188,591.4564819335938,470.9826049804688,0.9765625,8231,/shared/ssd_30T/zhuoyingyang/physact/sam3_robowm/identity_v1/sam_masked_negative6/crops/Cosmos3_seed101_0039/frame_0114_rank_01.png
Cosmos3_seed101_0039,114,2,0.1397768259048462,0.6589005589485168,1112.2342529296875,544.0322265625,1218.6597900390625,631.008544921875,0.95703125,4310,/shared/ssd_30T/zhuoyingyang/physact/sam3_robowm/identity_v1/sam_masked_negative6/crops/Cosmos3_seed101_0039/frame_0114_rank_02.png
Cosmos3_seed101_0039,114,3,0.1496301591396331,0.6169968843460083,2.626953125,265.0574951171875,981.5379638671876,717.6534423828125,0.984375,299787,/shared/ssd_30T/zhuoyingyang/physact/sam3_robowm/identity_v1/sam_masked_negative6/crops/Cosmos3_seed101_0039/frame_0114_rank_03.png
Cosmos3_seed101_0039,117,1,0.6918120384216309,0.8898508548736572,472.7984008789063,370.7813415527344,591.6118774414062,472.6620788574219,0.9765625,8364,/shared/ssd_30T/zhuoyingyang/physact/sam3_robowm/identity_v1/sam_masked_negative6/crops/Cosmos3_seed101_0039/frame_0117_rank_01.png
Cosmos3_seed101_0039,117,2,0.1386209726333618,0.6535289287567139,1112.51708984375,543.9457397460938,1218.689453125,631.2411499023438,0.953125,4303,/shared/ssd_30T/zhuoyingyang/physact/sam3_robowm/identity_v1/sam_masked_negative6/crops/Cosmos3_seed101_0039/frame_0117_rank_02.png
Cosmos3_seed101_0039,117,3,0.1524377912282943,0.6284099221229553,2.79541015625,266.2799377441406,975.935791015625,717.522705078125,0.984375,298460,/shared/ssd_30T/zhuoyingyang/physact/sam3_robowm/identity_v1/sam_masked_negative6/crops/Cosmos3_seed101_0039/frame_0117_rank_03.png
Cosmos3_seed101_0039,120,1,0.6811148524284363,0.885911226272583,472.88427734375,370.9119873046875,591.818603515625,471.9674072265625,0.9765625,8317,/shared/ssd_30T/zhuoyingyang/physact/sam3_robowm/identity_v1/sam_masked_negative6/crops/Cosmos3_seed101_0039/frame_0120_rank_01.png
Cosmos3_seed101_0039,120,2,0.1493629515171051,0.6584839820861816,1112.15869140625,543.6032104492188,1218.888671875,630.8215942382812,0.95703125,4320,/shared/ssd_30T/zhuoyingyang/physact/sam3_robowm/identity_v1/sam_masked_negative6/crops/Cosmos3_seed101_0039/frame_0120_rank_02.png
Cosmos3_seed101_0039,120,3,0.1522893160581588,0.6305460929870605,3.2071533203125,268.0830078125,973.63623046875,717.5695190429688,0.984375,296342,/shared/ssd_30T/zhuoyingyang/physact/sam3_robowm/identity_v1/sam_masked_negative6/crops/Cosmos3_seed101_0039/frame_0120_rank_03.png
Cosmos3_seed101_0039,123,1,0.6895523071289062,0.8909128904342651,472.6998901367188,370.5505676269531,591.7265014648438,468.3827209472656,0.97265625,7968,/shared/ssd_30T/zhuoyingyang/physact/sam3_robowm/identity_v1/sam_masked_negative6/crops/Cosmos3_seed101_0039/frame_0123_rank_01.png
Cosmos3_seed101_0039,123,2,0.1223639100790023,0.6562820672988892,1112.3763427734375,543.475830078125,1218.8350830078125,630.9029541015625,0.95703125,4340,/shared/ssd_30T/zhuoyingyang/physact/sam3_robowm/identity_v1/sam_masked_negative6/crops/Cosmos3_seed101_0039/frame_0123_rank_02.png
Cosmos3_seed101_0039,123,3,0.1525463163852691,0.6402001976966858,3.136322021484375,266.10693359375,969.208984375,717.4573364257812,0.98046875,294955,/shared/ssd_30T/zhuoyingyang/physact/sam3_robowm/identity_v1/sam_masked_negative6/crops/Cosmos3_seed101_0039/frame_0123_rank_03.png
Cosmos3_seed101_0039,126,1,0.7020304203033447,0.8656231164932251,472.7679748535156,362.9166870117188,592.244140625,468.02197265625,0.96875,8222,/shared/ssd_30T/zhuoyingyang/physact/sam3_robowm/identity_v1/sam_masked_negative6/crops/Cosmos3_seed101_0039/frame_0126_rank_01.png
Cosmos3_seed101_0039,126,2,0.1252940893173217,0.647416889667511,1112.3475341796875,543.638671875,1218.7147216796875,631.2369384765625,0.95703125,4365,/shared/ssd_30T/zhuoyingyang/physact/sam3_robowm/identity_v1/sam_masked_negative6/crops/Cosmos3_seed101_0039/frame_0126_rank_02.png
Cosmos3_seed101_0039,126,3,0.1405827850103378,0.6353733539581299,3.082916259765625,267.3731689453125,974.378662109375,717.4348754882812,0.984375,298897,/shared/ssd_30T/zhuoyingyang/physact/sam3_robowm/identity_v1/sam_masked_negative6/crops/Cosmos3_seed101_0039/frame_0126_rank_03.png
Cosmos3_seed101_0039,129,1,0.7245257496833801,0.8294784426689148,472.7937622070313,359.6426696777344,592.4904174804688,470.6340637207031,0.97265625,8765,/shared/ssd_30T/zhuoyingyang/physact/sam3_robowm/identity_v1/sam_masked_negative6/crops/Cosmos3_seed101_0039/frame_0129_rank_01.png
Cosmos3_seed101_0039,129,2,0.1260050237178802,0.6552543044090271,1112.3837890625,543.73291015625,1218.749755859375,630.6820068359375,0.95703125,4337,/shared/ssd_30T/zhuoyingyang/physact/sam3_robowm/identity_v1/sam_masked_negative6/crops/Cosmos3_seed101_0039/frame_0129_rank_02.png
Cosmos3_seed101_0039,129,3,0.1135680451989173,0.6310859322547913,1068.706298828125,528.0867919921875,1118.244873046875,590.494140625,0.93359375,1644,/shared/ssd_30T/zhuoyingyang/physact/sam3_robowm/identity_v1/sam_masked_negative6/crops/Cosmos3_seed101_0039/frame_0129_rank_03.png
Cosmos3_seed101_0039,132,1,0.1195816919207573,0.8105001449584961,471.16748046875,379.1194458007813,591.2607421875,467.7498779296875,0.96484375,5125,/shared/ssd_30T/zhuoyingyang/physact/sam3_robowm/identity_v1/sam_masked_negative6/crops/Cosmos3_seed101_0039/frame_0132_rank_01.png
Cosmos3_seed101_0039,132,2,0.46462082862854,0.7891876697540283,469.877197265625,347.6856384277344,585.9271240234375,433.0565490722656,0.97265625,5303,/shared/ssd_30T/zhuoyingyang/physact/sam3_robowm/identity_v1/sam_masked_negative6/crops/Cosmos3_seed101_0039/frame_0132_rank_02.png
Cosmos3_seed101_0039,132,3,0.1208706647157669,0.6581270694732666,1112.126220703125,543.5550537109375,1218.4326171875,631.44189453125,0.9609375,4362,/shared/ssd_30T/zhuoyingyang/physact/sam3_robowm/identity_v1/sam_masked_negative6/crops/Cosmos3_seed101_0039/frame_0132_rank_03.png
Cosmos3_seed101_0039,135,1,0.2311987727880478,0.8386117219924927,471.4109802246094,375.6503601074219,591.3934326171875,466.4546203613281,0.96484375,6148,/shared/ssd_30T/zhuoyingyang/physact/sam3_robowm/identity_v1/sam_masked_negative6/crops/Cosmos3_seed101_0039/frame_0135_rank_01.png
Cosmos3_seed101_0039,135,2,0.5114073753356934,0.7487799525260925,470.1799926757813,333.96319580078125,586.2125854492188,422.6534423828125,0.96875,5400,/shared/ssd_30T/zhuoyingyang/physact/sam3_robowm/identity_v1/sam_masked_negative6/crops/Cosmos3_seed101_0039/frame_0135_rank_02.png
Cosmos3_seed101_0039,135,3,0.1578318774700164,0.6738585829734802,1112.3988037109375,543.6558837890625,1218.6060791015625,630.6925048828125,0.9609375,4357,/shared/ssd_30T/zhuoyingyang/physact/sam3_robowm/identity_v1/sam_masked_negative6/crops/Cosmos3_seed101_0039/frame_0135_rank_03.png
Cosmos3_seed101_0039,138,1,0.3104696571826935,0.7877556085586548,472.38232421875,372.20849609375,591.609375,472.0031127929688,0.97265625,7433,/shared/ssd_30T/zhuoyingyang/physact/sam3_robowm/identity_v1/sam_masked_negative6/crops/Cosmos3_seed101_0039/frame_0138_rank_01.png
Cosmos3_seed101_0039,138,2,0.5546495914459229,0.7530980110168457,474.7014770507813,319.2889099121094,588.9519653320312,403.4510803222656,0.97265625,5268,/shared/ssd_30T/zhuoyingyang/physact/sam3_robowm/identity_v1/sam_masked_negative6/crops/Cosmos3_seed101_0039/frame_0138_rank_02.png
Cosmos3_seed101_0039,138,3,0.1954184025526046,0.6796380281448364,1111.9764404296875,542.9080810546875,1218.7176513671875,638.9908447265625,0.9375,4566,/shared/ssd_30T/zhuoyingyang/physact/sam3_robowm/identity_v1/sam_masked_negative6/crops/Cosmos3_seed101_0039/frame_0138_rank_03.png
Cosmos3_seed101_0039,141,1,0.3755776882171631,0.823451578617096,472.4845275878906,373.2755737304688,591.84716796875,472.7781372070313,0.97265625,7722,/shared/ssd_30T/zhuoyingyang/physact/sam3_robowm/identity_v1/sam_masked_negative6/crops/Cosmos3_seed101_0039/frame_0141_rank_01.png
Cosmos3_seed101_0039,141,2,0.5429759621620178,0.7693438529968262,487.5300903320313,308.6932983398437,599.2711791992188,394.76959228515625,0.97265625,5185,/shared/ssd_30T/zhuoyingyang/physact/sam3_robowm/identity_v1/sam_masked_negative6/crops/Cosmos3_seed101_0039/frame_0141_rank_02.png
Cosmos3_seed101_0039,141,3,0.203595295548439,0.6768462061882019,1115.9449462890625,543.9462890625,1218.9893798828125,643.3543701171875,0.94921875,4592,/shared/ssd_30T/zhuoyingyang/physact/sam3_robowm/identity_v1/sam_masked_negative6/crops/Cosmos3_seed101_0039/frame_0141_rank_03.png
Cosmos3_seed101_0039,144,1,0.1679422259330749,0.8316018581390381,471.4925842285156,303.6393737792969,622.453125,475.4921569824219,0.9609375,12897,/shared/ssd_30T/zhuoyingyang/physact/sam3_robowm/identity_v1/sam_masked_negative6/crops/Cosmos3_seed101_0039/frame_0144_rank_01.png
Cosmos3_seed101_0039,144,2,0.3756871819496155,0.8163853883743286,472.5091857910156,377.2613525390625,591.8583984375,475.7467041015625,0.97265625,7859,/shared/ssd_30T/zhuoyingyang/physact/sam3_robowm/identity_v1/sam_masked_negative6/crops/Cosmos3_seed101_0039/frame_0144_rank_02.png
Cosmos3_seed101_0039,144,3,0.5229281187057495,0.7324017286300659,513.6701049804688,304.25640869140625,621.8640747070312,389.04150390625,0.96875,4942,/shared/ssd_30T/zhuoyingyang/physact/sam3_robowm/identity_v1/sam_masked_negative6/crops/Cosmos3_seed101_0039/frame_0144_rank_03.png
Cosmos3_seed101_0039,147,1,0.3887543380260467,0.8189164400100708,472.4348449707031,374.2378234863281,591.5264892578125,474.2797546386719,0.9765625,7897,/shared/ssd_30T/zhuoyingyang/physact/sam3_robowm/identity_v1/sam_masked_negative6/crops/Cosmos3_seed101_0039/frame_0147_rank_01.png
Cosmos3_seed101_0039,147,2,0.1514614522457122,0.7778526544570923,471.8617858886719,303.511474609375,644.896728515625,474.61566162109375,0.96484375,12693,/shared/ssd_30T/zhuoyingyang/physact/sam3_robowm/identity_v1/sam_masked_negative6/crops/Cosmos3_seed101_0039/frame_0147_rank_02.png
Cosmos3_seed101_0039,147,3,0.5434156060218811,0.7633841037750244,546.853515625,304.2059326171875,644.6148681640625,390.0426025390625,0.97265625,4700,/shared/ssd_30T/zhuoyingyang/physact/sam3_robowm/identity_v1/sam_masked_negative6/crops/Cosmos3_seed101_0039/frame_0147_rank_03.png
Cosmos3_seed101_0039,150,1,0.4961910545825958,0.753875732421875,472.6533508300781,371.675537109375,590.5646362304688,475.6353759765625,0.9765625,8028,/shared/ssd_30T/zhuoyingyang/physact/sam3_robowm/identity_v1/sam_masked_negative6/crops/Cosmos3_seed101_0039/frame_0150_rank_01.png
Cosmos3_seed101_0039,150,2,0.5378803014755249,0.7231420278549194,576.8517456054688,308.1236877441406,667.0852661132812,398.9382629394531,0.96875,4508,/shared/ssd_30T/zhuoyingyang/physact/sam3_robowm/identity_v1/sam_masked_negative6/crops/Cosmos3_seed101_0039/frame_0150_rank_02.png
Cosmos3_seed101_0039,150,3,0.1392498016357422,0.6743465662002563,951.944580078125,465.81243896484375,994.5201416015624,564.2153930664062,0.92578125,1492,/shared/ssd_30T/zhuoyingyang/physact/sam3_robowm/identity_v1/sam_masked_negative6/crops/Cosmos3_seed101_0039/frame_0150_rank_03.png
Cosmos3_seed101_0039,153,1,0.4421075582504272,0.79473876953125,472.5744323730469,371.0250549316406,591.6170043945312,475.5293884277344,0.9765625,8142,/shared/ssd_30T/zhuoyingyang/physact/sam3_robowm/identity_v1/sam_masked_negative6/crops/Cosmos3_seed101_0039/frame_0153_rank_01.png
Cosmos3_seed101_0039,153,2,0.5180642008781433,0.7154899835586548,592.7413940429688,313.0528259277344,677.5575561523438,405.8106994628906,0.96875,4328,/shared/ssd_30T/zhuoyingyang/physact/sam3_robowm/identity_v1/sam_masked_negative6/crops/Cosmos3_seed101_0039/frame_0153_rank_02.png
Cosmos3_seed101_0039,153,3,0.1969460397958755,0.662851095199585,1107.6044921875,542.6570434570312,1218.81396484375,634.2777709960938,0.9453125,4713,/shared/ssd_30T/zhuoyingyang/physact/sam3_robowm/identity_v1/sam_masked_negative6/crops/Cosmos3_seed101_0039/frame_0153_rank_03.png
Cosmos3_seed101_0039,156,1,0.511189341545105,0.7828609943389893,472.6168823242188,371.1308898925781,591.7145385742188,475.8902893066406,0.9765625,8142,/shared/ssd_30T/zhuoyingyang/physact/sam3_robowm/identity_v1/sam_masked_negative6/crops/Cosmos3_seed101_0039/frame_0156_rank_01.png
Cosmos3_seed101_0039,156,2,0.4940758645534515,0.7181395888328552,604.6768798828125,324.29998779296875,683.3621826171875,414.3594970703125,0.96484375,4231,/shared/ssd_30T/zhuoyingyang/physact/sam3_robowm/identity_v1/sam_masked_negative6/crops/Cosmos3_seed101_0039/frame_0156_rank_02.png
Cosmos3_seed101_0039,156,3,0.2049576044082641,0.6787181496620178,1108.6212158203125,542.8609619140625,1218.7349853515625,634.6754150390625,0.94140625,4770,/shared/ssd_30T/zhuoyingyang/physact/sam3_robowm/identity_v1/sam_masked_negative6/crops/Cosmos3_seed101_0039/frame_0156_rank_03.png
Cosmos3_seed101_0039,159,1,0.4834617078304291,0.7983414530754089,472.08685302734375,371.2535705566406,591.2760620117188,476.3816223144531,0.9765625,8171,/shared/ssd_30T/zhuoyingyang/physact/sam3_robowm/identity_v1/sam_masked_negative6/crops/Cosmos3_seed101_0039/frame_0159_rank_01.png
Cosmos3_seed101_0039,159,2,0.4736775755882263,0.7131645083427429,612.412353515625,332.1679077148437,682.56103515625,422.731201171875,0.9609375,4076,/shared/ssd_30T/zhuoyingyang/physact/sam3_robowm/identity_v1/sam_masked_negative6/crops/Cosmos3_seed101_0039/frame_0159_rank_02.png
Cosmos3_seed101_0039,159,3,0.1242401599884033,0.7098919153213501,613.4259033203125,395.10101318359375,672.5921630859375,422.0490112304688,0.9453125,1333,/shared/ssd_30T/zhuoyingyang/physact/sam3_robowm/identity_v1/sam_masked_negative6/crops/Cosmos3_seed101_0039/frame_0159_rank_03.png
Cosmos3_seed101_0039,162,1,0.5203485488891602,0.7785463333129883,472.5367736816406,370.8824768066406,591.4111938476562,476.6265563964844,0.9765625,8181,/shared/ssd_30T/zhuoyingyang/physact/sam3_robowm/identity_v1/sam_masked_negative6/crops/Cosmos3_seed101_0039/frame_0162_rank_01.png
Cosmos3_seed101_0039,162,2,0.4079892039299011,0.6598284840583801,615.3709106445312,343.6401672363281,681.8258666992188,431.8612976074219,0.9609375,4018,/shared/ssd_30T/zhuoyingyang/physact/sam3_robowm/identity_v1/sam_masked_negative6/crops/Cosmos3_seed101_0039/frame_0162_rank_02.png
Cosmos3_seed101_0039,162,3,0.2484710067510604,0.6438697576522827,1133.0228271484375,556.3372192382812,1195.6707763671875,597.9202270507812,0.953125,1428,/shared/ssd_30T/zhuoyingyang/physact/sam3_robowm/identity_v1/sam_masked_negative6/crops/Cosmos3_seed101_0039/frame_0162_rank_03.png
Cosmos3_seed101_0039,165,1,0.5080167055130005,0.7533656358718872,472.5244140625,370.6195373535156,591.1766357421875,476.4855041503906,0.9765625,8218,/shared/ssd_30T/zhuoyingyang/physact/sam3_robowm/identity_v1/sam_masked_negative6/crops/Cosmos3_seed101_0039/frame_0165_rank_01.png
Cosmos3_seed101_0039,165,2,0.1569520384073257,0.7167487740516663,617.0335083007812,404.5473327636719,675.8773803710938,433.9832458496094,0.94921875,1386,/shared/ssd_30T/zhuoyingyang/physact/sam3_robowm/identity_v1/sam_masked_negative6/crops/Cosmos3_seed101_0039/frame_0165_rank_02.png
Cosmos3_seed101_0039,165,3,0.440089464187622,0.6858752965927124,615.8602905273438,355.3268127441406,679.9678344726562,435.3029479980469,0.97265625,3859,/shared/ssd_30T/zhuoyingyang/physact/sam3_robowm/identity_v1/sam_masked_negative6/crops/Cosmos3_seed101_0039/frame_0165_rank_03.png
Cosmos3_seed101_0039,168,1,0.5118289589881897,0.7745896577835083,472.13677978515625,370.51220703125,591.3667602539062,476.2789306640625,0.9765625,8231,/shared/ssd_30T/zhuoyingyang/physact/sam3_robowm/identity_v1/sam_masked_negative6/crops/Cosmos3_seed101_0039/frame_0168_rank_01.png
Cosmos3_seed101_0039,168,2,0.1880868524312973,0.7182115912437439,620.3792114257812,405.3267211914063,678.0438842773438,436.3326416015625,0.953125,1395,/shared/ssd_30T/zhuoyingyang/physact/sam3_robowm/identity_v1/sam_masked_negative6/crops/Cosmos3_seed101_0039/frame_0168_rank_02.png
Cosmos3_seed101_0039,168,3,0.4467374980449676,0.7098060846328735,619.036376953125,358.5368347167969,680.730224609375,437.8776550292969,0.97265625,3776,/shared/ssd_30T/zhuoyingyang/physact/sam3_robowm/identity_v1/sam_masked_negative6/crops/Cosmos3_seed101_0039/frame_0168_rank_03.png
Cosmos3_seed101_0039,171,1,0.4843127131462097,0.7769699096679688,472.665283203125,370.4513244628906,591.3177490234375,475.8069152832031,0.9765625,8139,/shared/ssd_30T/zhuoyingyang/physact/sam3_robowm/identity_v1/sam_masked_negative6/crops/Cosmos3_seed101_0039/frame_0171_rank_01.png
Cosmos3_seed101_0039,171,2,0.1234521344304084,0.6649483442306519,952.5675659179688,465.8511657714844,995.0505981445312,562.8013916015625,0.9296875,1452,/shared/ssd_30T/zhuoyingyang/physact/sam3_robowm/identity_v1/sam_masked_negative6/crops/Cosmos3_seed101_0039/frame_0171_rank_02.png
Cosmos3_seed101_0039,171,3,0.2035606205463409,0.663213312625885,1117.52294921875,547.74462890625,1218.22021484375,632.989013671875,0.95703125,4361,/shared/ssd_30T/zhuoyingyang/physact/sam3_robowm/identity_v1/sam_masked_negative6/crops/Cosmos3_seed101_0039/frame_0171_rank_03.png
Cosmos3_seed101_0039,174,1,0.626240611076355,0.7748269438743591,575.2144775390625,452.2351379394531,649.1671142578125,523.9449462890625,0.97265625,3113,/shared/ssd_30T/zhuoyingyang/physact/sam3_robowm/identity_v1/sam_masked_negative6/crops/Cosmos3_seed101_0039/frame_0174_rank_01.png
Cosmos3_seed101_0039,174,2,0.6054510474205017,0.7734258770942688,622.6539916992188,397.1661682128906,683.4415893554688,452.8109436035156,0.97265625,2449,/shared/ssd_30T/zhuoyingyang/physact/sam3_robowm/identity_v1/sam_masked_negative6/crops/Cosmos3_seed101_0039/frame_0174_rank_02.png
Cosmos3_seed101_0039,174,3,0.3744884133338928,0.745252251625061,473.13232421875,371.4725036621094,590.838623046875,474.5108337402344,0.9765625,8047,/shared/ssd_30T/zhuoyingyang/physact/sam3_robowm/identity_v1/sam_masked_negative6/crops/Cosmos3_seed101_0039/frame_0174_rank_03.png
Cosmos3_seed101_0039,177,1,0.620039701461792,0.7686506509780884,622.2326049804688,396.837890625,683.4093627929688,452.0198364257813,0.97265625,2449,/shared/ssd_30T/zhuoyingyang/physact/sam3_robowm/identity_v1/sam_masked_negative6/crops/Cosmos3_seed101_0039/frame_0177_rank_01.png
Cosmos3_seed101_0039,177,2,0.6447811722755432,0.7642550468444824,573.0831909179688,448.7640686035156,647.3595581054688,522.0433349609375,0.97265625,3368,/shared/ssd_30T/zhuoyingyang/physact/sam3_robowm/identity_v1/sam_masked_negative6/crops/Cosmos3_seed101_0039/frame_0177_rank_02.png
Cosmos3_seed101_0039,177,3,0.3475382030010223,0.7506614327430725,472.79388427734375,371.47467041015625,590.9165649414062,474.60888671875,0.9765625,8072,/shared/ssd_30T/zhuoyingyang/physact/sam3_robowm/identity_v1/sam_masked_negative6/crops/Cosmos3_seed101_0039/frame_0177_rank_03.png
Cosmos3_seed101_0039,180,1,0.6219459772109985,0.7691018581390381,622.1441650390625,396.8023986816406,683.8267822265625,451.2747497558594,0.97265625,2463,/shared/ssd_30T/zhuoyingyang/physact/sam3_robowm/identity_v1/sam_masked_negative6/crops/Cosmos3_seed101_0039/frame_0180_rank_01.png
Cosmos3_seed101_0039,180,2,0.6368038058280945,0.7604398727416992,581.19287109375,445.9436645507813,657.6956787109375,516.0634155273438,0.97265625,3177,/shared/ssd_30T/zhuoyingyang/physact/sam3_robowm/identity_v1/sam_masked_negative6/crops/Cosmos3_seed101_0039/frame_0180_rank_02.png
Cosmos3_seed101_0039,180,3,0.3227567672729492,0.7314658164978027,472.4622497558594,370.9388122558594,590.8282470703125,473.4664001464844,0.9765625,8076,/shared/ssd_30T/zhuoyingyang/physact/sam3_robowm/identity_v1/sam_masked_negative6/crops/Cosmos3_seed101_0039/frame_0180_rank_03.png
Cosmos3_seed101_0039,183,1,0.3507257401943207,0.7481127977371216,472.7425842285156,371.078125,591.0028076171875,475.1007690429688,0.9765625,8147,/shared/ssd_30T/zhuoyingyang/physact/sam3_robowm/identity_v1/sam_masked_negative6/crops/Cosmos3_seed101_0039/frame_0183_rank_01.png
Cosmos3_seed101_0039,183,2,0.5837661623954773,0.7433516979217529,622.3405151367188,396.7480163574219,683.6484985351562,451.4510803222656,0.97265625,2459,/shared/ssd_30T/zhuoyingyang/physact/sam3_robowm/identity_v1/sam_masked_negative6/crops/Cosmos3_seed101_0039/frame_0183_rank_02.png
Cosmos3_seed101_0039,183,3,0.6189270615577698,0.7245504260063171,582.6015014648438,448.0836181640625,659.2546997070312,515.1331787109375,0.97265625,3030,/shared/ssd_30T/zhuoyingyang/physact/sam3_robowm/identity_v1/sam_masked_negative6/crops/Cosmos3_seed101_0039/frame_0183_rank_03.png
Cosmos3_seed101_0039,186,1,0.5928258299827576,0.7635469436645508,622.3748779296875,397.3537292480469,683.5584716796875,451.2663879394531,0.97265625,2443,/shared/ssd_30T/zhuoyingyang/physact/sam3_robowm/identity_v1/sam_masked_negative6/crops/Cosmos3_seed101_0039/frame_0186_rank_01.png
Cosmos3_seed101_0039,186,2,0.2834964692592621,0.7567769289016724,472.701904296875,371.3497009277344,591.072998046875,475.7209777832031,0.9765625,8180,/shared/ssd_30T/zhuoyingyang/physact/sam3_robowm/identity_v1/sam_masked_negative6/crops/Cosmos3_seed101_0039/frame_0186_rank_02.png
Cosmos3_seed101_0039,186,3,0.6305503249168396,0.7353832721710205,580.0701293945312,448.3411865234375,659.3831176757812,514.5946655273438,0.97265625,3063,/shared/ssd_30T/zhuoyingyang/physact/sam3_robowm/identity_v1/sam_masked_negative6/crops/Cosmos3_seed101_0039/frame_0186_rank_03.png
Cosmos3_seed101_0039,188,1,0.5910513997077942,0.7660213708877563,622.5161743164062,397.56353759765625,683.4169311523438,451.14251708984375,0.97265625,2419,/shared/ssd_30T/zhuoyingyang/physact/sam3_robowm/identity_v1/sam_masked_negative6/crops/Cosmos3_seed101_0039/frame_0188_rank_01.png
Cosmos3_seed101_0039,188,2,0.3250085711479187,0.7652304172515869,472.4390869140625,371.2767639160156,590.98779296875,475.8299865722656,0.9765625,8203,/shared/ssd_30T/zhuoyingyang/physact/sam3_robowm/identity_v1/sam_masked_negative6/crops/Cosmos3_seed101_0039/frame_0188_rank_02.png
Cosmos3_seed101_0039,188,3,0.6246359348297119,0.749008059501648,580.0718383789062,448.4245300292969,659.1124877929688,514.8400268554688,0.97265625,3059,/shared/ssd_30T/zhuoyingyang/physact/sam3_robowm/identity_v1/sam_masked_negative6/crops/Cosmos3_seed101_0039/frame_0188_rank_03.png
Cosmos3_seed101_0049,0,1,0.8288022875785828,0.9696760773658752,681.6798095703125,461.256103515625,841.3411865234375,553.865478515625,0.9765625,4795,/shared/ssd_30T/zhuoyingyang/physact/sam3_robowm/identity_v1/sam_masked_negative6/crops/Cosmos3_seed101_0049/frame_0000_rank_01.png
Cosmos3_seed101_0049,3,1,0.8331946730613708,0.9676139950752258,681.5478515625,461.23822021484375,841.5064697265625,553.8984985351562,0.9765625,4820,/shared/ssd_30T/zhuoyingyang/physact/sam3_robowm/identity_v1/sam_masked_negative6/crops/Cosmos3_seed101_0049/frame_0003_rank_01.png
Cosmos3_seed101_0049,6,1,0.8435453176498413,0.956887185573578,681.63232421875,461.61517333984375,841.6483154296875,554.0095825195312,0.9765625,4795,/shared/ssd_30T/zhuoyingyang/physact/sam3_robowm/identity_v1/sam_masked_negative6/crops/Cosmos3_seed101_0049/frame_0006_rank_01.png
Cosmos3_seed101_0049,9,1,0.8383496403694153,0.9568629264831544,681.7409057617188,461.6086120605469,841.6404418945312,554.114013671875,0.9765625,4812,/shared/ssd_30T/zhuoyingyang/physact/sam3_robowm/identity_v1/sam_masked_negative6/crops/Cosmos3_seed101_0049/frame_0009_rank_01.png
Cosmos3_seed101_0049,12,1,0.8362666368484497,0.9610066413879396,681.6021728515625,461.5594177246094,841.5445556640625,553.9315795898438,0.9765625,4819,/shared/ssd_30T/zhuoyingyang/physact/sam3_robowm/identity_v1/sam_masked_negative6/crops/Cosmos3_seed101_0049/frame_0012_rank_01.png
Cosmos3_seed101_0049,15,1,0.8434054851531982,0.9510447978973388,681.4297485351562,461.709716796875,841.3618774414062,553.8715209960938,0.9765625,4812,/shared/ssd_30T/zhuoyingyang/physact/sam3_robowm/identity_v1/sam_masked_negative6/crops/Cosmos3_seed101_0049/frame_0015_rank_01.png
Cosmos3_seed101_0049,18,1,0.8249510526657104,0.9505419135093688,681.8553466796875,461.8456726074219,841.2762451171875,554.0322265625,0.9765625,4802,/shared/ssd_30T/zhuoyingyang/physact/sam3_robowm/identity_v1/sam_masked_negative6/crops/Cosmos3_seed101_0049/frame_0018_rank_01.png
Cosmos3_seed101_0049,21,1,0.8341374397277832,0.9603770971298218,681.7902221679688,461.6487121582031,841.5350952148438,553.9999389648438,0.9765625,4792,/shared/ssd_30T/zhuoyingyang/physact/sam3_robowm/identity_v1/sam_masked_negative6/crops/Cosmos3_seed101_0049/frame_0021_rank_01.png
Cosmos3_seed101_0049,24,1,0.8187472224235535,0.9501535892486572,681.7984008789062,462.1950988769531,841.4935913085938,553.9268188476562,0.9765625,4802,/shared/ssd_30T/zhuoyingyang/physact/sam3_robowm/identity_v1/sam_masked_negative6/crops/Cosmos3_seed101_0049/frame_0024_rank_01.png
Cosmos3_seed101_0049,27,1,0.820909857749939,0.948250651359558,681.8853149414062,461.4591064453125,841.4891967773438,553.952880859375,0.9765625,4786,/shared/ssd_30T/zhuoyingyang/physact/sam3_robowm/identity_v1/sam_masked_negative6/crops/Cosmos3_seed101_0049/frame_0027_rank_01.png
Cosmos3_seed101_0049,30,1,0.820163905620575,0.952988862991333,681.6848754882812,461.73333740234375,841.4292602539062,553.7747802734375,0.97265625,4842,/shared/ssd_30T/zhuoyingyang/physact/sam3_robowm/identity_v1/sam_masked_negative6/crops/Cosmos3_seed101_0049/frame_0030_rank_01.png
Cosmos3_seed101_0049,33,1,0.8137150406837463,0.9483935832977296,681.52490234375,462.1481628417969,841.5604248046875,553.9834594726562,0.97265625,4842,/shared/ssd_30T/zhuoyingyang/physact/sam3_robowm/identity_v1/sam_masked_negative6/crops/Cosmos3_seed101_0049/frame_0033_rank_01.png
Cosmos3_seed101_0049,36,1,0.8090744614601135,0.9551723003387452,681.5563354492188,462.036376953125,841.6030883789062,553.8165893554688,0.9765625,4816,/shared/ssd_30T/zhuoyingyang/physact/sam3_robowm/identity_v1/sam_masked_negative6/crops/Cosmos3_seed101_0049/frame_0036_rank_01.png
Cosmos3_seed101_0049,39,1,0.8062480688095093,0.954413652420044,681.3099365234375,462.2440490722656,841.5010986328125,553.96630859375,0.9765625,4777,/shared/ssd_30T/zhuoyingyang/physact/sam3_robowm/identity_v1/sam_masked_negative6/crops/Cosmos3_seed101_0049/frame_0039_rank_01.png
Cosmos3_seed101_0049,42,1,0.8049514293670654,0.9558511972427368,681.199951171875,462.1693115234375,841.646240234375,553.8881225585938,0.9765625,4775,/shared/ssd_30T/zhuoyingyang/physact/sam3_robowm/identity_v1/sam_masked_negative6/crops/Cosmos3_seed101_0049/frame_0042_rank_01.png
Cosmos3_seed101_0049,45,1,0.8103424310684204,0.9589242935180664,681.2044677734375,462.2121887207031,841.6593017578125,553.8540649414062,0.9765625,4781,/shared/ssd_30T/zhuoyingyang/physact/sam3_robowm/identity_v1/sam_masked_negative6/crops/Cosmos3_seed101_0049/frame_0045_rank_01.png
Cosmos3_seed101_0049,48,1,0.7912291288375854,0.9562690258026124,681.2481689453125,462.2648315429688,841.6920166015625,553.8931274414062,0.9765625,4817,/shared/ssd_30T/zhuoyingyang/physact/sam3_robowm/identity_v1/sam_masked_negative6/crops/Cosmos3_seed101_0049/frame_0048_rank_01.png
Cosmos3_seed101_0049,51,1,0.7827286720275879,0.9569081664085388,681.8222045898438,462.1437377929688,841.6752319335938,553.889892578125,0.9765625,4784,/shared/ssd_30T/zhuoyingyang/physact/sam3_robowm/identity_v1/sam_masked_negative6/crops/Cosmos3_seed101_0049/frame_0051_rank_01.png
Cosmos3_seed101_0049,54,1,0.779768705368042,0.9635597467422484,681.9092407226562,461.9059143066406,841.4711303710938,553.6845703125,0.9765625,4778,/shared/ssd_30T/zhuoyingyang/physact/sam3_robowm/identity_v1/sam_masked_negative6/crops/Cosmos3_seed101_0049/frame_0054_rank_01.png
Cosmos3_seed101_0049,57,1,0.7810481786727905,0.958627462387085,681.5323486328125,462.2335510253906,841.8038330078125,553.9599609375,0.9765625,4809,/shared/ssd_30T/zhuoyingyang/physact/sam3_robowm/identity_v1/sam_masked_negative6/crops/Cosmos3_seed101_0049/frame_0057_rank_01.png
Cosmos3_seed101_0049,60,1,0.7923572063446045,0.9614239931106568,681.6019287109375,462.1304931640625,841.4295654296875,553.7178344726562,0.9765625,4816,/shared/ssd_30T/zhuoyingyang/physact/sam3_robowm/identity_v1/sam_masked_negative6/crops/Cosmos3_seed101_0049/frame_0060_rank_01.png
Cosmos3_seed101_0049,63,1,0.8033341765403748,0.9548864960670472,681.418212890625,462.0220947265625,841.44091796875,553.666748046875,0.9765625,4739,/shared/ssd_30T/zhuoyingyang/physact/sam3_robowm/identity_v1/sam_masked_negative6/crops/Cosmos3_seed101_0049/frame_0063_rank_01.png
Cosmos3_seed101_0049,66,1,0.8004913926124573,0.952287495136261,681.67919921875,461.9098205566406,841.2071533203125,553.4483032226562,0.9765625,4745,/shared/ssd_30T/zhuoyingyang/physact/sam3_robowm/identity_v1/sam_masked_negative6/crops/Cosmos3_seed101_0049/frame_0066_rank_01.png
Cosmos3_seed101_0049,69,1,0.7981815338134766,0.9537217617034912,681.4719848632812,462.4914245605469,841.3388061523438,554.1172485351562,0.9765625,4789,/shared/ssd_30T/zhuoyingyang/physact/sam3_robowm/identity_v1/sam_masked_negative6/crops/Cosmos3_seed101_0049/frame_0069_rank_01.png
Cosmos3_seed101_0049,72,1,0.8021198511123657,0.9521403312683104,681.42919921875,462.3409423828125,841.0501708984375,553.8494262695312,0.9765625,4761,/shared/ssd_30T/zhuoyingyang/physact/sam3_robowm/identity_v1/sam_masked_negative6/crops/Cosmos3_seed101_0049/frame_0072_rank_01.png
Cosmos3_seed101_0049,75,1,0.801706075668335,0.9455357789993286,681.5902099609375,461.6134338378906,841.20947265625,553.65380859375,0.9765625,4750,/shared/ssd_30T/zhuoyingyang/physact/sam3_robowm/identity_v1/sam_masked_negative6/crops/Cosmos3_seed101_0049/frame_0075_rank_01.png
Cosmos3_seed101_0049,78,1,0.7927843928337097,0.9507542252540588,681.6990356445312,461.9197082519531,841.2821655273438,553.7310791015625,0.9765625,4743,/shared/ssd_30T/zhuoyingyang/physact/sam3_robowm/identity_v1/sam_masked_negative6/crops/Cosmos3_seed101_0049/frame_0078_rank_01.png
Cosmos3_seed101_0049,81,1,0.7962958216667175,0.9331227540969848,681.790771484375,462.751708984375,841.473876953125,554.0359497070312,0.9765625,4752,/shared/ssd_30T/zhuoyingyang/physact/sam3_robowm/identity_v1/sam_masked_negative6/crops/Cosmos3_seed101_0049/frame_0081_rank_01.png
Cosmos3_seed101_0049,84,1,0.8008846640586853,0.9481059312820436,681.455810546875,462.1226196289063,841.298583984375,553.809326171875,0.9765625,4738,/shared/ssd_30T/zhuoyingyang/physact/sam3_robowm/identity_v1/sam_masked_negative6/crops/Cosmos3_seed101_0049/frame_0084_rank_01.png
Cosmos3_seed101_0049,87,1,0.8065664172172546,0.9574679136276244,681.7439575195312,462.4921875,841.3754272460938,554.1080932617188,0.9765625,4748,/shared/ssd_30T/zhuoyingyang/physact/sam3_robowm/identity_v1/sam_masked_negative6/crops/Cosmos3_seed101_0049/frame_0087_rank_01.png
Cosmos3_seed101_0049,90,1,0.8314756155014038,0.9510267972946168,681.7603759765625,462.1349792480469,841.825439453125,554.0446166992188,0.9765625,4770,/shared/ssd_30T/zhuoyingyang/physact/sam3_robowm/identity_v1/sam_masked_negative6/crops/Cosmos3_seed101_0049/frame_0090_rank_01.png
Cosmos3_seed101_0049,93,1,0.8264549374580383,0.945895791053772,681.8955688476562,462.3569030761719,841.5962524414062,554.1871337890625,0.9765625,4776,/shared/ssd_30T/zhuoyingyang/physact/sam3_robowm/identity_v1/sam_masked_negative6/crops/Cosmos3_seed101_0049/frame_0093_rank_01.png
Cosmos3_seed101_0049,96,1,0.8274086117744446,0.9512400031089784,681.886962890625,462.0835876464844,841.560546875,553.9966430664062,0.9765625,4784,/shared/ssd_30T/zhuoyingyang/physact/sam3_robowm/identity_v1/sam_masked_negative6/crops/Cosmos3_seed101_0049/frame_0096_rank_01.png
Cosmos3_seed101_0049,99,1,0.8214356899261475,0.9589415788650512,681.7918090820312,462.2188415527344,841.5026245117188,554.1424560546875,0.9765625,4765,/shared/ssd_30T/zhuoyingyang/physact/sam3_robowm/identity_v1/sam_masked_negative6/crops/Cosmos3_seed101_0049/frame_0099_rank_01.png
Cosmos3_seed101_0049,102,1,0.8115779161453247,0.9546328783035278,681.705810546875,462.24609375,841.51220703125,553.9991455078125,0.9765625,4790,/shared/ssd_30T/zhuoyingyang/physact/sam3_robowm/identity_v1/sam_masked_negative6/crops/Cosmos3_seed101_0049/frame_0102_rank_01.png
Cosmos3_seed101_0049,105,1,0.8075203895568848,0.954028844833374,681.609619140625,461.884033203125,841.5006103515625,554.087646484375,0.9765625,4759,/shared/ssd_30T/zhuoyingyang/physact/sam3_robowm/identity_v1/sam_masked_negative6/crops/Cosmos3_seed101_0049/frame_0105_rank_01.png
Cosmos3_seed101_0049,108,1,0.7734254002571106,0.9084895849227904,681.8364868164062,461.8635864257813,841.2689819335938,553.7730102539062,0.9765625,4550,/shared/ssd_30T/zhuoyingyang/physact/sam3_robowm/identity_v1/sam_masked_negative6/crops/Cosmos3_seed101_0049/frame_0108_rank_01.png
Cosmos3_seed101_0049,111,1,0.7252269983291626,0.9143565893173218,681.528076171875,461.6397399902344,841.3221435546875,553.6678466796875,0.9765625,4281,/shared/ssd_30T/zhuoyingyang/physact/sam3_robowm/identity_v1/sam_masked_negative6/crops/Cosmos3_seed101_0049/frame_0111_rank_01.png
Cosmos3_seed101_0049,111,2,0.1076591908931732,0.6826203465461731,1068.9373779296875,541.6058349609375,1117.7559814453125,592.5777587890625,0.91796875,1398,/shared/ssd_30T/zhuoyingyang/physact/sam3_robowm/identity_v1/sam_masked_negative6/crops/Cosmos3_seed101_0049/frame_0111_rank_02.png
Cosmos3_seed101_0049,114,1,0.7249414920806885,0.9146944284439088,681.7076416015625,462.1352844238281,841.3382568359375,553.61376953125,0.9765625,4024,/shared/ssd_30T/zhuoyingyang/physact/sam3_robowm/identity_v1/sam_masked_negative6/crops/Cosmos3_seed101_0049/frame_0114_rank_01.png
Cosmos3_seed101_0049,114,2,0.1035143062472343,0.6209700107574463,684.422119140625,48.304107666015625,1278.4478759765625,710.4052734375,0.96875,137707,/shared/ssd_30T/zhuoyingyang/physact/sam3_robowm/identity_v1/sam_masked_negative6/crops/Cosmos3_seed101_0049/frame_0114_rank_02.png
Cosmos3_seed101_0049,117,1,0.6758908629417419,0.93362957239151,681.2879028320312,461.8551940917969,841.2285766601562,553.4124755859375,0.9765625,3890,/shared/ssd_30T/zhuoyingyang/physact/sam3_robowm/identity_v1/sam_masked_negative6/crops/Cosmos3_seed101_0049/frame_0117_rank_01.png
Cosmos3_seed101_0049,117,2,0.1055041402578353,0.660864531993866,1068.538818359375,539.7734985351562,1117.45751953125,592.8286743164062,0.91796875,1451,/shared/ssd_30T/zhuoyingyang/physact/sam3_robowm/identity_v1/sam_masked_negative6/crops/Cosmos3_seed101_0049/frame_0117_rank_02.png
Cosmos3_seed101_0049,117,3,0.129189908504486,0.6229407787322998,684.793212890625,50.1680908203125,1278.664794921875,710.8109130859375,0.9765625,140513,/shared/ssd_30T/zhuoyingyang/physact/sam3_robowm/identity_v1/sam_masked_negative6/crops/Cosmos3_seed101_0049/frame_0117_rank_03.png
Cosmos3_seed101_0049,120,1,0.6599117517471313,0.9322694540023804,681.8312377929688,462.0789489746094,841.6299438476562,553.77294921875,0.9765625,3904,/shared/ssd_30T/zhuoyingyang/physact/sam3_robowm/identity_v1/sam_masked_negative6/crops/Cosmos3_seed101_0049/frame_0120_rank_01.png
Cosmos3_seed101_0049,120,2,0.1377718150615692,0.6082704067230225,685.597900390625,51.029541015625,1278.2071533203125,709.9830322265625,0.98046875,139706,/shared/ssd_30T/zhuoyingyang/physact/sam3_robowm/identity_v1/sam_masked_negative6/crops/Cosmos3_seed101_0049/frame_0120_rank_02.png
Cosmos3_seed101_0049,120,3,0.1031498983502388,0.5974797010421753,955.3438720703124,465.452880859375,1117.8262939453125,592.55224609375,0.9375,2467,/shared/ssd_30T/zhuoyingyang/physact/sam3_robowm/identity_v1/sam_masked_negative6/crops/Cosmos3_seed101_0049/frame_0120_rank_03.png
Cosmos3_seed101_0049,123,1,0.6956770420074463,0.9287137985229492,682.8099365234375,462.6085815429688,847.1424560546875,548.8927001953125,0.9765625,3820,/shared/ssd_30T/zhuoyingyang/physact/sam3_robowm/identity_v1/sam_masked_negative6/crops/Cosmos3_seed101_0049/frame_0123_rank_01.png
Cosmos3_seed101_0049,123,2,0.1153947040438652,0.621855616569519,686.92626953125,53.538330078125,1278.3819580078125,593.8671875,0.9453125,115966,/shared/ssd_30T/zhuoyingyang/physact/sam3_robowm/identity_v1/sam_masked_negative6/crops/Cosmos3_seed101_0049/frame_0123_rank_02.png
Cosmos3_seed101_0049,123,3,0.1336133778095245,0.6199710965156555,954.2127075195312,464.9869384765625,1118.4351806640625,592.317138671875,0.94140625,2551,/shared/ssd_30T/zhuoyingyang/physact/sam3_robowm/identity_v1/sam_masked_negative6/crops/Cosmos3_seed101_0049/frame_0123_rank_03.png
Cosmos3_seed101_0049,126,1,0.7371585965156555,0.8957846164703369,675.00244140625,453.8757934570313,842.97314453125,539.4185791015625,0.97265625,3847,/shared/ssd_30T/zhuoyingyang/physact/sam3_robowm/identity_v1/sam_masked_negative6/crops/Cosmos3_seed101_0049/frame_0126_rank_01.png
Cosmos3_seed101_0049,126,2,0.1006999686360359,0.6313347816467285,680.9651489257812,53.024444580078125,1278.37548828125,594.213134765625,0.953125,114076,/shared/ssd_30T/zhuoyingyang/physact/sam3_robowm/identity_v1/sam_masked_negative6/crops/Cosmos3_seed101_0049/frame_0126_rank_02.png
Cosmos3_seed101_0049,129,1,0.6411424875259399,0.7717106342315674,677.5970458984375,427.9529724121094,834.48046875,517.8184204101562,0.97265625,3773,/shared/ssd_30T/zhuoyingyang/physact/sam3_robowm/identity_v1/sam_masked_negative6/crops/Cosmos3_seed101_0049/frame_0129_rank_01.png
Cosmos3_seed101_0049,129,2,0.1375878304243087,0.6693378686904907,1068.8621826171875,542.3981323242188,1117.9547119140625,591.4734497070312,0.9140625,1410,/shared/ssd_30T/zhuoyingyang/physact/sam3_robowm/identity_v1/sam_masked_negative6/crops/Cosmos3_seed101_0049/frame_0129_rank_02.png
Cosmos3_seed101_0049,129,3,0.1689613163471222,0.6210812330245972,954.8135986328124,465.1016845703125,1118.5208740234375,591.4481201171875,0.9453125,2534,/shared/ssd_30T/zhuoyingyang/physact/sam3_robowm/identity_v1/sam_masked_negative6/crops/Cosmos3_seed101_0049/frame_0129_rank_03.png
Cosmos3_seed101_0049,132,1,0.7495921850204468,0.8735144734382629,664.0189208984375,381.4331665039063,834.6802978515625,464.77484130859375,0.97265625,3957,/shared/ssd_30T/zhuoyingyang/physact/sam3_robowm/identity_v1/sam_masked_negative6/crops/Cosmos3_seed101_0049/frame_0132_rank_01.png
Cosmos3_seed101_0049,132,2,0.1020255461335182,0.6395318508148193,677.9207763671875,20.51739501953125,1278.6439208984375,711.9136962890625,0.98046875,140328,/shared/ssd_30T/zhuoyingyang/physact/sam3_robowm/identity_v1/sam_masked_negative6/crops/Cosmos3_seed101_0049/frame_0132_rank_02.png
Cosmos3_seed101_0049,135,1,0.606795608997345,0.8692666292190552,680.701171875,330.1287536621094,841.33056640625,411.3205261230469,0.97265625,4153,/shared/ssd_30T/zhuoyingyang/physact/sam3_robowm/identity_v1/sam_masked_negative6/crops/Cosmos3_seed101_0049/frame_0135_rank_01.png
Cosmos3_seed101_0049,135,2,0.1946253478527069,0.6375147104263306,678.3212280273438,1.543060302734375,1278.520263671875,528.96435546875,0.96875,117549,/shared/ssd_30T/zhuoyingyang/physact/sam3_robowm/identity_v1/sam_masked_negative6/crops/Cosmos3_seed101_0049/frame_0135_rank_02.png
Cosmos3_seed101_0049,138,1,0.7535927295684814,0.869118332862854,656.01708984375,290.28863525390625,829.3851318359375,378.41015625,0.97265625,4464,/shared/ssd_30T/zhuoyingyang/physact/sam3_robowm/identity_v1/sam_masked_negative6/crops/Cosmos3_seed101_0049/frame_0138_rank_01.png
Cosmos3_seed101_0049,141,1,0.7741309404373169,0.8389915227890015,635.498046875,258.80419921875,803.79931640625,359.82037353515625,0.97265625,4847,/shared/ssd_30T/zhuoyingyang/physact/sam3_robowm/identity_v1/sam_masked_negative6/crops/Cosmos3_seed101_0049/frame_0141_rank_01.png
Cosmos3_seed101_0049,144,1,0.8161632418632507,0.8695409893989563,590.8917236328125,224.98464965820312,765.892333984375,343.0769348144531,0.98046875,4978,/shared/ssd_30T/zhuoyingyang/physact/sam3_robowm/identity_v1/sam_masked_negative6/crops/Cosmos3_seed101_0049/frame_0144_rank_01.png
Cosmos3_seed101_0049,147,1,0.1458035558462143,0.8662733435630798,565.5805053710938,204.47657775878903,645.3749389648438,264.88092041015625,0.953125,2111,/shared/ssd_30T/zhuoyingyang/physact/sam3_robowm/identity_v1/sam_masked_negative6/crops/Cosmos3_seed101_0049/frame_0147_rank_01.png
Cosmos3_seed101_0049,147,2,0.1285769790410995,0.8418653011322021,654.5230102539062,242.0219268798828,723.1073608398438,324.4286499023437,0.95703125,2644,/shared/ssd_30T/zhuoyingyang/physact/sam3_robowm/identity_v1/sam_masked_negative6/crops/Cosmos3_seed101_0049/frame_0147_rank_02.png
Cosmos3_seed101_0049,147,3,0.7563353180885315,0.8263088464736938,564.2511596679688,203.60903930664065,723.9663696289062,325.8523864746094,0.9765625,4649,/shared/ssd_30T/zhuoyingyang/physact/sam3_robowm/identity_v1/sam_masked_negative6/crops/Cosmos3_seed101_0049/frame_0147_rank_03.png
Cosmos3_seed101_0049,150,1,0.8238124847412109,0.8349806070327759,538.04541015625,202.73895263671875,684.808837890625,329.763671875,0.9765625,4462,/shared/ssd_30T/zhuoyingyang/physact/sam3_robowm/identity_v1/sam_masked_negative6/crops/Cosmos3_seed101_0049/frame_0150_rank_01.png
Cosmos3_seed101_0049,153,1,0.78274005651474,0.8292310237884521,525.3488159179688,219.16140747070312,663.4645385742188,344.0165100097656,0.9765625,3854,/shared/ssd_30T/zhuoyingyang/physact/sam3_robowm/identity_v1/sam_masked_negative6/crops/Cosmos3_seed101_0049/frame_0153_rank_01.png
Cosmos3_seed101_0049,156,1,0.7434053421020508,0.8513317108154297,520.1315307617188,248.9125213623047,646.6976928710938,368.6540832519531,0.9765625,3374,/shared/ssd_30T/zhuoyingyang/physact/sam3_robowm/identity_v1/sam_masked_negative6/crops/Cosmos3_seed101_0049/frame_0156_rank_01.png
Cosmos3_seed101_0049,156,2,0.1007272377610206,0.5867058038711548,571.017822265625,1.60467529296875,1273.3760986328125,715.1412963867188,0.984375,147752,/shared/ssd_30T/zhuoyingyang/physact/sam3_robowm/identity_v1/sam_masked_negative6/crops/Cosmos3_seed101_0049/frame_0156_rank_02.png
Cosmos3_seed101_0049,159,1,0.7182645797729492,0.8514865636825562,519.8561401367188,270.9608459472656,640.9089965820312,381.0981140136719,0.97265625,2862,/shared/ssd_30T/zhuoyingyang/physact/sam3_robowm/identity_v1/sam_masked_negative6/crops/Cosmos3_seed101_0049/frame_0159_rank_01.png
Cosmos3_seed101_0049,159,2,0.103495568037033,0.6167862415313721,551.3955078125,14.647491455078123,1250.80712890625,713.3626708984375,0.98046875,141242,/shared/ssd_30T/zhuoyingyang/physact/sam3_robowm/identity_v1/sam_masked_negative6/crops/Cosmos3_seed101_0049/frame_0159_rank_02.png
Cosmos3_seed101_0049,162,1,0.7359601855278015,0.8375868201255798,519.8993530273438,281.3133544921875,640.5227661132812,382.68939208984375,0.97265625,2569,/shared/ssd_30T/zhuoyingyang/physact/sam3_robowm/identity_v1/sam_masked_negative6/crops/Cosmos3_seed101_0049/frame_0162_rank_01.png
Cosmos3_seed101_0049,165,1,0.6531251668930054,0.8499335050582886,519.5982055664062,279.1908874511719,635.8328247070312,401.9400329589844,0.9609375,2728,/shared/ssd_30T/zhuoyingyang/physact/sam3_robowm/identity_v1/sam_masked_negative6/crops/Cosmos3_seed101_0049/frame_0165_rank_01.png
Cosmos3_seed101_0049,165,2,0.1243727579712867,0.6477257609367371,1069.5938720703125,543.4901123046875,1117.5360107421875,591.875,0.9140625,1385,/shared/ssd_30T/zhuoyingyang/physact/sam3_robowm/identity_v1/sam_masked_negative6/crops/Cosmos3_seed101_0049/frame_0165_rank_02.png
Cosmos3_seed101_0049,165,3,0.131158173084259,0.5897045731544495,571.85986328125,25.883819580078125,1234.8126220703125,711.103271484375,0.98046875,133104,/shared/ssd_30T/zhuoyingyang/physact/sam3_robowm/identity_v1/sam_masked_negative6/crops/Cosmos3_seed101_0049/frame_0165_rank_03.png
Cosmos3_seed101_0049,168,1,0.6045081615447998,0.8264739513397217,521.3851928710938,275.2634582519531,632.7479858398438,417.8679504394531,0.97265625,3235,/shared/ssd_30T/zhuoyingyang/physact/sam3_robowm/identity_v1/sam_masked_negative6/crops/Cosmos3_seed101_0049/frame_0168_rank_01.png
Cosmos3_seed101_0049,168,2,0.1242469176650047,0.7208046317100525,578.8953247070312,324.4873962402344,632.1090698242188,416.6398010253906,0.94921875,2229,/shared/ssd_30T/zhuoyingyang/physact/sam3_robowm/identity_v1/sam_masked_negative6/crops/Cosmos3_seed101_0049/frame_0168_rank_02.png
Cosmos3_seed101_0049,168,3,0.143881008028984,0.6927273273468018,522.10302734375,275.4730224609375,574.3563232421875,331.4052124023437,0.92578125,1056,/shared/ssd_30T/zhuoyingyang/physact/sam3_robowm/identity_v1/sam_masked_negative6/crops/Cosmos3_seed101_0049/frame_0168_rank_03.png
Cosmos3_seed101_0049,171,1,0.5441914796829224,0.7303876876831055,549.5386962890625,301.866455078125,631.80126953125,421.550537109375,0.953125,2629,/shared/ssd_30T/zhuoyingyang/physact/sam3_robowm/identity_v1/sam_masked_negative6/crops/Cosmos3_seed101_0049/frame_0171_rank_01.png
Cosmos3_seed101_0049,171,2,0.1159618869423866,0.7241587042808533,576.3316040039062,332.4139709472656,631.0296020507812,419.1527404785156,0.953125,2032,/shared/ssd_30T/zhuoyingyang/physact/sam3_robowm/identity_v1/sam_masked_negative6/crops/Cosmos3_seed101_0049/frame_0171_rank_02.png
Cosmos3_seed101_0049,171,3,0.1007634177803993,0.6619089841842651,1069.5770263671875,543.8541870117188,1117.4178466796875,591.3607788085938,0.91015625,1361,/shared/ssd_30T/zhuoyingyang/physact/sam3_robowm/identity_v1/sam_masked_negative6/crops/Cosmos3_seed101_0049/frame_0171_rank_03.png
Cosmos3_seed101_0049,174,1,0.5182263255119324,0.7467780113220215,528.3380737304688,350.59197998046875,632.2064819335938,423.875732421875,0.96875,3110,/shared/ssd_30T/zhuoyingyang/physact/sam3_robowm/identity_v1/sam_masked_negative6/crops/Cosmos3_seed101_0049/frame_0174_rank_01.png
Cosmos3_seed101_0049,174,2,0.1745100766420364,0.6588872671127319,1069.780029296875,543.982666015625,1118.04248046875,592.0352783203125,0.90234375,1353,/shared/ssd_30T/zhuoyingyang/physact/sam3_robowm/identity_v1/sam_masked_negative6/crops/Cosmos3_seed101_0049/frame_0174_rank_02.png
Cosmos3_seed101_0049,174,3,0.1310615241527557,0.6032028198242188,957.9261474609376,466.017333984375,1118.0989990234375,592.04833984375,0.94921875,2405,/shared/ssd_30T/zhuoyingyang/physact/sam3_robowm/identity_v1/sam_masked_negative6/crops/Cosmos3_seed101_0049/frame_0174_rank_03.png
Cosmos3_seed101_0049,177,1,0.5566132068634033,0.7775004506111145,525.6327514648438,350.14874267578125,630.3421020507812,424.2978515625,0.97265625,3158,/shared/ssd_30T/zhuoyingyang/physact/sam3_robowm/identity_v1/sam_masked_negative6/crops/Cosmos3_seed101_0049/frame_0177_rank_01.png
Cosmos3_seed101_0049,177,2,0.1591625213623047,0.670112133026123,1068.7467041015625,544.6959838867188,1117.8453369140625,592.6458129882812,0.90234375,1275,/shared/ssd_30T/zhuoyingyang/physact/sam3_robowm/identity_v1/sam_masked_negative6/crops/Cosmos3_seed101_0049/frame_0177_rank_02.png
Cosmos3_seed101_0049,177,3,0.1253904700279235,0.6140608191490173,954.1826171875,466.1809692382813,1117.858154296875,592.6804809570312,0.94140625,2395,/shared/ssd_30T/zhuoyingyang/physact/sam3_robowm/identity_v1/sam_masked_negative6/crops/Cosmos3_seed101_0049/frame_0177_rank_03.png
Cosmos3_seed101_0049,180,1,0.6361848711967468,0.7801973223686218,524.4686279296875,350.3006591796875,630.995849609375,423.8524169921875,0.97265625,3135,/shared/ssd_30T/zhuoyingyang/physact/sam3_robowm/identity_v1/sam_masked_negative6/crops/Cosmos3_seed101_0049/frame_0180_rank_01.png
Cosmos3_seed101_0049,180,2,0.1337522566318512,0.5846927165985107,552.3988647460938,0.628021240234375,1277.7880859375,716.2691650390625,0.98828125,153314,/shared/ssd_30T/zhuoyingyang/physact/sam3_robowm/identity_v1/sam_masked_negative6/crops/Cosmos3_seed101_0049/frame_0180_rank_02.png
Cosmos3_seed101_0049,183,1,0.6310014128684998,0.7751854658126831,524.2077026367188,350.586181640625,630.7256469726562,424.238525390625,0.97265625,3196,/shared/ssd_30T/zhuoyingyang/physact/sam3_robowm/identity_v1/sam_masked_negative6/crops/Cosmos3_seed101_0049/frame_0183_rank_01.png
Cosmos3_seed101_0049,183,2,0.1588494032621383,0.5818699598312378,565.2137451171875,0.0,1278.2403564453125,714.8304443359375,0.984375,160474,/shared/ssd_30T/zhuoyingyang/physact/sam3_robowm/identity_v1/sam_masked_negative6/crops/Cosmos3_seed101_0049/frame_0183_rank_02.png
Cosmos3_seed101_0049,186,1,0.6511856913566589,0.7816718816757202,524.660400390625,349.9971008300781,630.58447265625,422.9622497558594,0.97265625,3173,/shared/ssd_30T/zhuoyingyang/physact/sam3_robowm/identity_v1/sam_masked_negative6/crops/Cosmos3_seed101_0049/frame_0186_rank_01.png
Cosmos3_seed101_0049,186,2,0.1328050196170807,0.580730676651001,594.7699584960938,0.0,1278.469970703125,714.9002685546875,0.98828125,157709,/shared/ssd_30T/zhuoyingyang/physact/sam3_robowm/identity_v1/sam_masked_negative6/crops/Cosmos3_seed101_0049/frame_0186_rank_02.png
Cosmos3_seed101_0049,188,1,0.6727854013442993,0.7726283073425293,524.5994873046875,350.1492919921875,630.57275390625,423.0318603515625,0.97265625,3169,/shared/ssd_30T/zhuoyingyang/physact/sam3_robowm/identity_v1/sam_masked_negative6/crops/Cosmos3_seed101_0049/frame_0188_rank_01.png
Cosmos3_seed101_0049,188,2,0.1213477700948715,0.5842764377593994,610.6974487304688,0.0,1278.62158203125,714.510986328125,0.984375,156217,/shared/ssd_30T/zhuoyingyang/physact/sam3_robowm/identity_v1/sam_masked_negative6/crops/Cosmos3_seed101_0049/frame_0188_rank_02.png
LVP_0062,0,1,0.884270191192627,0.9601816534996032,287.9929504394531,208.40365600585932,337.2680358886719,276.27783203125,0.9765625,2452,/shared/ssd_30T/zhuoyingyang/physact/sam3_robowm/identity_v1/sam_masked_negative6/crops/LVP_0062/frame_0000_rank_01.png
LVP_0062,3,1,0.8717400431632996,0.971179187297821,287.82720947265625,208.5126953125,337.03106689453125,276.38525390625,0.9765625,2438,/shared/ssd_30T/zhuoyingyang/physact/sam3_robowm/identity_v1/sam_masked_negative6/crops/LVP_0062/frame_0003_rank_01.png
LVP_0062,6,1,0.8661379218101501,0.9537482261657716,287.93194580078125,208.4227294921875,337.065673828125,276.3170166015625,0.9765625,2453,/shared/ssd_30T/zhuoyingyang/physact/sam3_robowm/identity_v1/sam_masked_negative6/crops/LVP_0062/frame_0006_rank_01.png
LVP_0062,9,1,0.8647639155387878,0.9770007133483888,287.7886657714844,208.3158569335937,337.2593078613281,276.4218139648437,0.9765625,2459,/shared/ssd_30T/zhuoyingyang/physact/sam3_robowm/identity_v1/sam_masked_negative6/crops/LVP_0062/frame_0009_rank_01.png
LVP_0062,12,1,0.8593823313713074,0.9613789319992064,287.8616943359375,208.2017517089844,336.98455810546875,276.174072265625,0.9765625,2454,/shared/ssd_30T/zhuoyingyang/physact/sam3_robowm/identity_v1/sam_masked_negative6/crops/LVP_0062/frame_0012_rank_01.png
LVP_0062,15,1,0.853746235370636,0.94688081741333,287.3895568847656,207.564208984375,337.0344543457031,276.56597900390625,0.97265625,2485,/shared/ssd_30T/zhuoyingyang/physact/sam3_robowm/identity_v1/sam_masked_negative6/crops/LVP_0062/frame_0015_rank_01.png
LVP_0062,18,1,0.8444293141365051,0.9156539440155028,286.3943786621094,208.60159301757807,336.4039611816406,276.4569702148437,0.9765625,2430,/shared/ssd_30T/zhuoyingyang/physact/sam3_robowm/identity_v1/sam_masked_negative6/crops/LVP_0062/frame_0018_rank_01.png
LVP_0062,21,1,0.8449677228927612,0.931964874267578,286.17047119140625,207.74578857421875,336.64825439453125,275.4219970703125,0.9765625,2457,/shared/ssd_30T/zhuoyingyang/physact/sam3_robowm/identity_v1/sam_masked_negative6/crops/LVP_0062/frame_0021_rank_01.png
LVP_0062,24,1,0.8470353484153748,0.932327151298523,288.08770751953125,195.58966064453125,340.8646850585937,270.48297119140625,0.9765625,2891,/shared/ssd_30T/zhuoyingyang/physact/sam3_robowm/identity_v1/sam_masked_negative6/crops/LVP_0062/frame_0024_rank_01.png
LVP_0062,27,1,0.8252031803131104,0.911329984664917,298.2950439453125,210.52700805664065,356.48150634765625,293.7582092285156,0.9765625,3487,/shared/ssd_30T/zhuoyingyang/physact/sam3_robowm/identity_v1/sam_masked_negative6/crops/LVP_0062/frame_0027_rank_01.png
LVP_0062,30,1,0.640387773513794,0.8661683201789856,293.0088195800781,234.13723754882807,354.5328674316406,319.2597351074219,0.9765625,3691,/shared/ssd_30T/zhuoyingyang/physact/sam3_robowm/identity_v1/sam_masked_negative6/crops/LVP_0062/frame_0030_rank_01.png
LVP_0062,30,2,0.2232289612293243,0.7589421272277832,269.4622802734375,232.167236328125,382.8148193359375,363.1764526367188,0.96875,9080,/shared/ssd_30T/zhuoyingyang/physact/sam3_robowm/identity_v1/sam_masked_negative6/crops/LVP_0062/frame_0030_rank_02.png
LVP_0062,33,1,0.8568311333656311,0.867403507232666,286.7881164550781,245.38726806640625,350.6529235839844,333.75653076171875,0.9765625,3887,/shared/ssd_30T/zhuoyingyang/physact/sam3_robowm/identity_v1/sam_masked_negative6/crops/LVP_0062/frame_0033_rank_01.png
LVP_0062,36,1,0.8559831380844116,0.8971046209335327,288.7318725585937,255.682373046875,353.1361083984375,341.2743530273437,0.9765625,3802,/shared/ssd_30T/zhuoyingyang/physact/sam3_robowm/identity_v1/sam_masked_negative6/crops/LVP_0062/frame_0036_rank_01.png
LVP_0062,39,1,0.8504104018211365,0.8975911140441895,288.1672668457031,254.22576904296875,351.3794250488281,337.57989501953125,0.97265625,3677,/shared/ssd_30T/zhuoyingyang/physact/sam3_robowm/identity_v1/sam_masked_negative6/crops/LVP_0062/frame_0039_rank_01.png
LVP_0062,42,1,0.8267149329185486,0.9083240032196044,287.3966369628906,253.632080078125,349.3896179199219,334.3294677734375,0.97265625,3517,/shared/ssd_30T/zhuoyingyang/physact/sam3_robowm/identity_v1/sam_masked_negative6/crops/LVP_0062/frame_0042_rank_01.png
LVP_0062,42,2,0.1160123720765113,0.835589587688446,267.8454284667969,250.0826873779297,383.1488342285156,365.1990356445313,0.95703125,8445,/shared/ssd_30T/zhuoyingyang/physact/sam3_robowm/identity_v1/sam_masked_negative6/crops/LVP_0062/frame_0042_rank_02.png
LVP_0062,45,1,0.8078992962837219,0.9045798778533936,287.4429626464844,254.4247436523437,349.4563293457031,334.0087280273437,0.9765625,3554,/shared/ssd_30T/zhuoyingyang/physact/sam3_robowm/identity_v1/sam_masked_negative6/crops/LVP_0062/frame_0045_rank_01.png
LVP_0062,45,2,0.123277448117733,0.8911863565444946,267.9996643066406,251.923828125,382.8851623535156,364.89202880859375,0.96484375,8389,/shared/ssd_30T/zhuoyingyang/physact/sam3_robowm/identity_v1/sam_masked_negative6/crops/LVP_0062/frame_0045_rank_02.png
LVP_0062,48,1,0.7975670099258423,0.9079241156578064,287.3505249023437,254.4074859619141,349.5654296875,334.0643310546875,0.9765625,3563,/shared/ssd_30T/zhuoyingyang/physact/sam3_robowm/identity_v1/sam_masked_negative6/crops/LVP_0062/frame_0048_rank_01.png
LVP_0062,48,2,0.1244950518012046,0.8995559215545654,267.9129638671875,251.74041748046875,383.0464477539063,365.14459228515625,0.96484375,8408,/shared/ssd_30T/zhuoyingyang/physact/sam3_robowm/identity_v1/sam_masked_negative6/crops/LVP_0062/frame_0048_rank_02.png
LVP_0043,0,1,0.3885081112384796,0.9220855236053468,3.15130615234375,177.8495635986328,633.577392578125,478.9946899414063,0.984375,133955,/shared/ssd_30T/zhuoyingyang/physact/sam3_robowm/identity_v1/sam_masked_negative6/crops/LVP_0043/frame_0000_rank_01.png
LVP_0043,0,2,0.2346064299345016,0.7351398468017578,1.07586669921875,0.16790771484375,831.0,479.0,0.9765625,62130,/shared/ssd_30T/zhuoyingyang/physact/sam3_robowm/identity_v1/sam_masked_negative6/crops/LVP_0043/frame_0000_rank_02.png
LVP_0043,0,3,0.1536426693201065,0.5753049254417419,434.65283203125,431.3995361328125,471.3787841796875,464.02874755859375,0.8671875,626,/shared/ssd_30T/zhuoyingyang/physact/sam3_robowm/identity_v1/sam_masked_negative6/crops/LVP_0043/frame_0000_rank_03.png
LVP_0043,3,1,0.392743706703186,0.9265923500061036,2.907867431640625,177.64002990722656,636.7449951171875,478.860107421875,0.984375,132011,/shared/ssd_30T/zhuoyingyang/physact/sam3_robowm/identity_v1/sam_masked_negative6/crops/LVP_0043/frame_0003_rank_01.png
LVP_0043,3,2,0.2291856408119201,0.7353644371032715,1.07421875,0.168701171875,831.0,479.0,0.9765625,59265,/shared/ssd_30T/zhuoyingyang/physact/sam3_robowm/identity_v1/sam_masked_negative6/crops/LVP_0043/frame_0003_rank_02.png
LVP_0043,3,3,0.1662462949752807,0.5730979442596436,643.068359375,436.2881774902344,732.5360107421875,479.0,0.87109375,1306,/shared/ssd_30T/zhuoyingyang/physact/sam3_robowm/identity_v1/sam_masked_negative6/crops/LVP_0043/frame_0003_rank_03.png
LVP_0043,6,1,0.397092342376709,0.9203481674194336,2.027740478515625,177.56027221679688,632.747314453125,478.9569396972656,0.984375,136754,/shared/ssd_30T/zhuoyingyang/physact/sam3_robowm/identity_v1/sam_masked_negative6/crops/LVP_0043/frame_0006_rank_01.png
LVP_0043,6,2,0.2291952073574066,0.7296169996261597,1.067138671875,0.1552276611328125,831.0,479.0,0.98046875,61643,/shared/ssd_30T/zhuoyingyang/physact/sam3_robowm/identity_v1/sam_masked_negative6/crops/LVP_0043/frame_0006_rank_02.png
LVP_0043,6,3,0.1577049493789672,0.5682202577590942,643.9752197265625,436.4233703613281,732.7303466796875,479.0,0.875,1266,/shared/ssd_30T/zhuoyingyang/physact/sam3_robowm/identity_v1/sam_masked_negative6/crops/LVP_0043/frame_0006_rank_03.png
LVP_0043,9,1,0.3906866014003753,0.9252994060516356,2.341949462890625,177.36781311035156,637.9219970703125,478.9806518554688,0.984375,134927,/shared/ssd_30T/zhuoyingyang/physact/sam3_robowm/identity_v1/sam_masked_negative6/crops/LVP_0043/frame_0009_rank_01.png
LVP_0043,9,2,0.2322875261306762,0.7301454544067383,1.08465576171875,0.251953125,831.0,479.0,0.9765625,63459,/shared/ssd_30T/zhuoyingyang/physact/sam3_robowm/identity_v1/sam_masked_negative6/crops/LVP_0043/frame_0009_rank_02.png
LVP_0043,9,3,0.1619714647531509,0.5529958009719849,644.6664428710938,436.9190368652344,732.8201293945312,479.0,0.8671875,1156,/shared/ssd_30T/zhuoyingyang/physact/sam3_robowm/identity_v1/sam_masked_negative6/crops/LVP_0043/frame_0009_rank_03.png
LVP_0043,12,1,0.3843119740486145,0.8839205503463745,2.62274169921875,177.61746215820312,635.2202758789062,478.9496765136719,0.984375,131419,/shared/ssd_30T/zhuoyingyang/physact/sam3_robowm/identity_v1/sam_masked_negative6/crops/LVP_0043/frame_0012_rank_01.png
LVP_0043,12,2,0.2365328222513198,0.7139770984649658,1.03863525390625,0.2874298095703125,831.0,479.0,0.984375,64706,/shared/ssd_30T/zhuoyingyang/physact/sam3_robowm/identity_v1/sam_masked_negative6/crops/LVP_0043/frame_0012_rank_02.png
LVP_0043,12,3,0.1581864058971405,0.5547839403152466,434.7761840820313,431.5574035644531,471.8659057617188,463.6061096191406,0.80859375,661,/shared/ssd_30T/zhuoyingyang/physact/sam3_robowm/identity_v1/sam_masked_negative6/crops/LVP_0043/frame_0012_rank_03.png
LVP_0043,15,1,0.3833882212638855,0.8649885058403015,3.287750244140625,177.48773193359375,632.1199951171875,478.9407348632813,0.984375,131559,/shared/ssd_30T/zhuoyingyang/physact/sam3_robowm/identity_v1/sam_masked_negative6/crops/LVP_0043/frame_0015_rank_01.png
LVP_0043,15,2,0.237573817372322,0.712271511554718,1.0789794921875,0.3542633056640625,831.0,479.0,0.984375,67457,/shared/ssd_30T/zhuoyingyang/physact/sam3_robowm/identity_v1/sam_masked_negative6/crops/LVP_0043/frame_0015_rank_02.png
LVP_0043,15,3,0.1620208024978637,0.5795376300811768,644.109375,436.7430419921875,733.3524169921875,479.0,0.8671875,509,/shared/ssd_30T/zhuoyingyang/physact/sam3_robowm/identity_v1/sam_masked_negative6/crops/LVP_0043/frame_0015_rank_03.png
LVP_0043,18,1,0.3810298442840576,0.8175632357597351,3.28680419921875,177.96751403808594,635.7498779296875,478.97900390625,0.98046875,127877,/shared/ssd_30T/zhuoyingyang/physact/sam3_robowm/identity_v1/sam_masked_negative6/crops/LVP_0043/frame_0018_rank_01.png
LVP_0043,18,2,0.2363761663436889,0.7065456509590149,1.02001953125,0.3318634033203125,831.0,479.0,0.984375,61299,/shared/ssd_30T/zhuoyingyang/physact/sam3_robowm/identity_v1/sam_masked_negative6/crops/LVP_0043/frame_0018_rank_02.png
LVP_0043,18,3,0.1565406769514084,0.554401159286499,434.8609924316406,431.5831298828125,471.4837341308594,463.635009765625,0.8359375,623,/shared/ssd_30T/zhuoyingyang/physact/sam3_robowm/identity_v1/sam_masked_negative6/crops/LVP_0043/frame_0018_rank_03.png
LVP_0043,21,1,0.3764949738979339,0.8056337833404541,3.133331298828125,177.77371215820312,634.8031005859375,478.9922790527344,0.984375,128947,/shared/ssd_30T/zhuoyingyang/physact/sam3_robowm/identity_v1/sam_masked_negative6/crops/LVP_0043/frame_0021_rank_01.png
LVP_0043,21,2,0.2336517423391342,0.7021983861923218,1.059356689453125,0.583587646484375,831.0,479.0,0.984375,2073,/shared/ssd_30T/zhuoyingyang/physact/sam3_robowm/identity_v1/sam_masked_negative6/crops/LVP_0043/frame_0021_rank_02.png
LVP_0043,21,3,0.1619134396314621,0.5789604783058167,435.1365661621094,431.5250854492188,471.7715148925781,463.6256103515625,0.82421875,600,/shared/ssd_30T/zhuoyingyang/physact/sam3_robowm/identity_v1/sam_masked_negative6/crops/LVP_0043/frame_0021_rank_03.png
LVP_0043,24,1,0.3727054297924042,0.8052057027816772,2.426422119140625,177.6741943359375,635.9539794921875,479.0,0.984375,129488,/shared/ssd_30T/zhuoyingyang/physact/sam3_robowm/identity_v1/sam_masked_negative6/crops/LVP_0043/frame_0024_rank_01.png
LVP_0043,24,2,0.2108325064182281,0.7071586847305298,0.891632080078125,0.574920654296875,831.0,479.0,0.98828125,78410,/shared/ssd_30T/zhuoyingyang/physact/sam3_robowm/identity_v1/sam_masked_negative6/crops/LVP_0043/frame_0024_rank_02.png
LVP_0043,24,3,0.1605734676122665,0.5547992587089539,435.025634765625,431.6710205078125,471.6234130859375,463.60943603515625,0.86328125,603,/shared/ssd_30T/zhuoyingyang/physact/sam3_robowm/identity_v1/sam_masked_negative6/crops/LVP_0043/frame_0024_rank_03.png
LVP_0043,27,1,0.3811258971691131,0.8025768995285034,2.633270263671875,178.06558227539062,647.829345703125,479.0,0.98046875,131144,/shared/ssd_30T/zhuoyingyang/physact/sam3_robowm/identity_v1/sam_masked_negative6/crops/LVP_0043/frame_0027_rank_01.png
LVP_0043,27,2,0.2341768443584442,0.7156461477279663,0.976470947265625,0.6109619140625,831.0,479.0,0.984375,150,/shared/ssd_30T/zhuoyingyang/physact/sam3_robowm/identity_v1/sam_masked_negative6/crops/LVP_0043/frame_0027_rank_02.png
LVP_0043,27,3,0.1581821888685226,0.5044355392456055,474.4080200195313,428.2775573730469,511.03118896484375,459.2971496582031,0.89453125,570,/shared/ssd_30T/zhuoyingyang/physact/sam3_robowm/identity_v1/sam_masked_negative6/crops/LVP_0043/frame_0027_rank_03.png
LVP_0043,30,1,0.380008339881897,0.7965830564498901,2.320465087890625,177.79156494140625,648.795166015625,478.9850463867188,0.98046875,127192,/shared/ssd_30T/zhuoyingyang/physact/sam3_robowm/identity_v1/sam_masked_negative6/crops/LVP_0043/frame_0030_rank_01.png
LVP_0043,30,2,0.2318855971097946,0.7075232267379761,0.9200439453125,0.7497100830078125,831.0,479.0,0.984375,2118,/shared/ssd_30T/zhuoyingyang/physact/sam3_robowm/identity_v1/sam_masked_negative6/crops/LVP_0043/frame_0030_rank_02.png
LVP_0043,30,3,0.1556499600410461,0.568760097026825,643.619384765625,435.92626953125,732.38916015625,479.0,0.87109375,1376,/shared/ssd_30T/zhuoyingyang/physact/sam3_robowm/identity_v1/sam_masked_negative6/crops/LVP_0043/frame_0030_rank_03.png
LVP_0043,33,1,0.3855119049549103,0.7907117605209351,2.41851806640625,177.93603515625,644.0944213867188,479.0,0.98046875,128349,/shared/ssd_30T/zhuoyingyang/physact/sam3_robowm/identity_v1/sam_masked_negative6/crops/LVP_0043/frame_0033_rank_01.png
LVP_0043,33,2,0.2340025603771209,0.7032239437103271,1.000396728515625,0.5146484375,831.0,479.0,0.984375,83,/shared/ssd_30T/zhuoyingyang/physact/sam3_robowm/identity_v1/sam_masked_negative6/crops/LVP_0043/frame_0033_rank_02.png
LVP_0043,33,3,0.1576968878507614,0.5666536092758179,643.5909423828125,436.2613525390625,732.429931640625,479.0,0.859375,1394,/shared/ssd_30T/zhuoyingyang/physact/sam3_robowm/identity_v1/sam_masked_negative6/crops/LVP_0043/frame_0033_rank_03.png
LVP_0043,36,1,0.3823692500591278,0.7901232838630676,1.85321044921875,177.84645080566406,643.8955078125,479.0,0.98046875,126835,/shared/ssd_30T/zhuoyingyang/physact/sam3_robowm/identity_v1/sam_masked_negative6/crops/LVP_0043/frame_0036_rank_01.png
LVP_0043,36,2,0.2332253456115722,0.7029037475585938,0.799774169921875,0.6058197021484375,831.0,479.0,0.984375,4753,/shared/ssd_30T/zhuoyingyang/physact/sam3_robowm/identity_v1/sam_masked_negative6/crops/LVP_0043/frame_0036_rank_02.png
LVP_0043,36,3,0.1614590138196945,0.569220781326294,643.9779663085938,436.3179626464844,732.8508911132812,479.0,0.8671875,1357,/shared/ssd_30T/zhuoyingyang/physact/sam3_robowm/identity_v1/sam_masked_negative6/crops/LVP_0043/frame_0036_rank_03.png
LVP_0043,39,1,0.3743833005428314,0.7804391384124756,2.1038818359375,177.8594207763672,637.612548828125,479.0,0.98046875,129598,/shared/ssd_30T/zhuoyingyang/physact/sam3_robowm/identity_v1/sam_masked_negative6/crops/LVP_0043/frame_0039_rank_01.png
LVP_0043,39,3,0.1643803566694259,0.5675047039985657,644.0357055664062,436.3102722167969,732.2808227539062,479.0,0.875,1346,/shared/ssd_30T/zhuoyingyang/physact/sam3_robowm/identity_v1/sam_masked_negative6/crops/LVP_0043/frame_0039_rank_03.png
LVP_0043,42,1,0.383968710899353,0.8253215551376343,2.131195068359375,177.959716796875,638.124755859375,478.9691162109375,0.984375,130436,/shared/ssd_30T/zhuoyingyang/physact/sam3_robowm/identity_v1/sam_masked_negative6/crops/LVP_0043/frame_0042_rank_01.png
LVP_0043,42,2,0.2137165665626526,0.696738600730896,1.021331787109375,0.4534759521484375,831.0,479.0,0.984375,33117,/shared/ssd_30T/zhuoyingyang/physact/sam3_robowm/identity_v1/sam_masked_negative6/crops/LVP_0043/frame_0042_rank_02.png
LVP_0043,42,3,0.1641348153352737,0.558777928352356,644.0380249023438,436.47161865234375,732.7883911132812,479.0,0.88671875,1252,/shared/ssd_30T/zhuoyingyang/physact/sam3_robowm/identity_v1/sam_masked_negative6/crops/LVP_0043/frame_0042_rank_03.png
LVP_0043,45,1,0.3862142860889435,0.8314089179039001,2.471832275390625,178.00917053222656,637.897705078125,478.934326171875,0.984375,130765,/shared/ssd_30T/zhuoyingyang/physact/sam3_robowm/identity_v1/sam_masked_negative6/crops/LVP_0043/frame_0045_rank_01.png
LVP_0043,45,2,0.2227587252855301,0.6940196752548218,0.966278076171875,0.2745513916015625,831.0,479.0,0.98046875,67070,/shared/ssd_30T/zhuoyingyang/physact/sam3_robowm/identity_v1/sam_masked_negative6/crops/LVP_0043/frame_0045_rank_02.png
LVP_0043,45,3,0.1679113954305648,0.5728639960289001,643.4188232421875,436.3123779296875,732.884521484375,479.0,0.8828125,1162,/shared/ssd_30T/zhuoyingyang/physact/sam3_robowm/identity_v1/sam_masked_negative6/crops/LVP_0043/frame_0045_rank_03.png
LVP_0043,48,1,0.381619393825531,0.8721200823783875,3.35882568359375,177.55621337890625,632.6589965820312,478.9495849609375,0.984375,129634,/shared/ssd_30T/zhuoyingyang/physact/sam3_robowm/identity_v1/sam_masked_negative6/crops/LVP_0043/frame_0048_rank_01.png
LVP_0043,48,2,0.2304155230522155,0.7073005437850952,1.003143310546875,0.4264068603515625,831.0,479.0,0.98046875,41126,/shared/ssd_30T/zhuoyingyang/physact/sam3_robowm/identity_v1/sam_masked_negative6/crops/LVP_0043/frame_0048_rank_02.png
LVP_0043,48,3,0.164150595664978,0.562328577041626,644.01953125,436.3887939453125,732.6661376953125,479.0,0.890625,1183,/shared/ssd_30T/zhuoyingyang/physact/sam3_robowm/identity_v1/sam_masked_negative6/crops/LVP_0043/frame_0048_rank_03.png
