case,frame,prompt,rank,gdino_score,phrase,x1,y1,x2,y2
Cosmos2.5_0036,0,white tape roll,1,0.7974219918251038,white tape roll,662.7784423828125,339.21063232421875,759.197265625,409.49371337890625
Cosmos2.5_0036,0,white tape roll,2,0.18048284947872162,white tape roll,488.64764404296875,145.33203125,503.56341552734375,188.96890258789062
Cosmos2.5_0036,0,white tape roll,3,0.13495773077011108,white tape roll,653.7451171875,0.976348876953125,1278.068359375,700.8338623046875
Cosmos2.5_0036,0,white tape roll,4,0.11439905315637589,white tape roll,914.031982421875,478.8466491699219,1110.7891845703125,701.31884765625
Cosmos2.5_0036,0,white tape roll,5,0.1016993448138237,roll,1015.8194580078125,189.95977783203125,1278.1575927734375,514.5381469726562
Cosmos2.5_0036,3,white tape roll,1,0.7855073809623718,white tape roll,662.78857421875,339.5564880371094,758.76513671875,410.0774841308594
Cosmos2.5_0036,3,white tape roll,2,0.15589234232902527,white tape roll,488.7621154785156,145.2169189453125,503.3866271972656,188.66281127929688
Cosmos2.5_0036,3,white tape roll,3,0.14997631311416626,white tape roll,629.9595336914062,0.63690185546875,1277.710693359375,700.8831787109375
Cosmos2.5_0036,3,white tape roll,4,0.1247299462556839,white tape roll,1131.0433349609375,646.6019897460938,1243.5626220703125,701.7483520507812
Cosmos2.5_0036,3,white tape roll,5,0.12025271356105804,white tape roll,912.0765380859375,417.2785339355469,1112.374267578125,701.41650390625
Cosmos2.5_0036,3,white tape roll,6,0.11539039015769958,white tape roll,629.86279296875,189.80767822265625,726.3614501953125,264.49139404296875
Cosmos2.5_0036,6,white tape roll,1,0.7590517401695251,white tape roll,663.8053588867188,338.09442138671875,759.9215698242188,409.11871337890625
Cosmos2.5_0036,6,white tape roll,2,0.17003223299980164,white tape roll,607.4037475585938,0.67791748046875,1257.82763671875,700.785888671875
Cosmos2.5_0036,6,white tape roll,3,0.1283225119113922,white tape roll,489.55059814453125,143.95773315429688,504.072509765625,188.06362915039062
Cosmos2.5_0036,6,white tape roll,4,0.11711226403713226,white tape roll,1131.580322265625,647.1967163085938,1243.507080078125,701.5285034179688
Cosmos2.5_0036,6,white tape roll,5,0.11512739956378937,white tape roll,606.081787109375,205.4916534423828,704.58203125,276.6165771484375
Cosmos2.5_0036,6,white tape roll,6,0.10836659371852875,white tape roll,914.3230590820312,416.9146423339844,1112.65625,701.4105224609375
Cosmos2.5_0036,9,white tape roll,1,0.7439025044441223,white tape roll,663.80615234375,338.5859375,759.018310546875,409.364990234375
Cosmos2.5_0036,9,white tape roll,2,0.1789017915725708,white tape roll,600.2064208984375,1.023834228515625,1240.14990234375,700.65478515625
Cosmos2.5_0036,9,white tape roll,3,0.10733553022146225,white tape roll,489.1656799316406,144.4453125,504.0066223144531,188.7847900390625
Cosmos2.5_0036,9,white tape roll,4,0.10516785830259323,white tape roll,1131.5787353515625,646.7760009765625,1244.1839599609375,701.6192626953125
Cosmos2.5_0036,9,white tape roll,5,0.10276917368173599,white tape roll,912.5673828125,418.0442810058594,1112.830810546875,701.5101318359375
Cosmos2.5_0036,12,white tape roll,1,0.7442945241928101,white tape roll,663.068115234375,338.14794921875,758.83349609375,409.73834228515625
Cosmos2.5_0036,12,white tape roll,2,0.16754065454006195,white tape roll,594.229248046875,1.78546142578125,1233.410888671875,700.588623046875
Cosmos2.5_0036,12,white tape roll,3,0.10382070392370224,white tape roll,488.5638122558594,145.17132568359375,503.9724426269531,189.044677734375
Cosmos2.5_0036,12,white tape roll,4,0.1014387458562851,tape roll,1131.90283203125,647.0222778320312,1243.756591796875,701.6071166992188
Cosmos2.5_0036,12,white tape roll,5,0.10001900792121887,roll,912.7899780273438,474.90985107421875,1112.9697265625,701.0945434570312
Cosmos2.5_0036,15,white tape roll,1,0.7040117383003235,white tape roll,664.450439453125,338.17779541015625,759.630126953125,408.82916259765625
Cosmos2.5_0036,15,white tape roll,2,0.22466109693050385,white tape roll,628.4888916015625,13.73968505859375,1220.6795654296875,700.0936889648438
Cosmos2.5_0036,15,white tape roll,3,0.19628192484378815,white tape roll,638.3084716796875,129.20172119140625,756.9737548828125,238.21978759765625
Cosmos2.5_0036,15,white tape roll,4,0.14484164118766785,white tape roll,1132.2518310546875,647.1989135742188,1243.1197509765625,701.7362670898438
Cosmos2.5_0036,15,white tape roll,5,0.1436752825975418,white tape roll,489.8863525390625,145.13690185546875,504.11083984375,189.16903686523438
Cosmos2.5_0036,15,white tape roll,6,0.1176283210515976,white tape roll,914.8442993164062,473.26776123046875,1113.4608154296875,701.3722534179688
Cosmos2.5_0036,18,white tape roll,1,0.7260834574699402,white tape roll,664.3270874023438,339.5688171386719,759.1170043945312,409.9363708496094
Cosmos2.5_0036,18,white tape roll,2,0.23307111859321594,white tape roll,621.8605346679688,20.79644775390625,1210.2275390625,700.6835327148438
Cosmos2.5_0036,18,white tape roll,3,0.16975544393062592,white tape roll,631.71142578125,140.35374450683594,741.40234375,260.35833740234375
Cosmos2.5_0036,18,white tape roll,4,0.13913340866565704,white tape roll,489.4900817871094,144.52883911132812,503.9403381347656,188.93905639648438
Cosmos2.5_0036,18,white tape roll,5,0.12103711813688278,white tape roll,1131.7099609375,647.3794555664062,1242.61962890625,701.7802124023438
Cosmos2.5_0036,21,white tape roll,1,0.7290360331535339,white tape roll,664.0333251953125,338.43548583984375,759.2269287109375,409.03350830078125
Cosmos2.5_0036,21,white tape roll,2,0.23020055890083313,white tape roll,628.722900390625,21.592864990234375,1208.9515380859375,700.249755859375
Cosmos2.5_0036,21,white tape roll,3,0.15544314682483673,white tape roll,633.600341796875,140.64349365234375,748.1953125,264.87176513671875
Cosmos2.5_0036,21,white tape roll,4,0.13136403262615204,white tape roll,1131.731689453125,647.3486328125,1243.190185546875,701.74853515625
Cosmos2.5_0036,21,white tape roll,5,0.12223322689533234,white tape roll,489.6213684082031,144.6977081298828,504.1451721191406,189.45985412597656
Cosmos2.5_0036,24,white tape roll,1,0.749562680721283,white tape roll,663.5512084960938,338.92340087890625,758.9306030273438,409.53253173828125
Cosmos2.5_0036,24,white tape roll,2,0.20193445682525635,white tape roll,626.6151123046875,27.885467529296875,1195.2764892578125,700.295166015625
Cosmos2.5_0036,24,white tape roll,3,0.14625994861125946,white tape roll,489.5401916503906,143.9514923095703,504.1542663574219,189.5367889404297
Cosmos2.5_0036,24,white tape roll,4,0.11573205888271332,white tape roll,1131.7225341796875,647.5691528320312,1243.3265380859375,701.6701049804688
Cosmos2.5_0036,27,white tape roll,1,0.712012529373169,white tape roll,662.8135375976562,339.47808837890625,758.7031860351562,409.53570556640625
Cosmos2.5_0036,27,white tape roll,2,0.22524791955947876,white tape roll,641.5884399414062,43.77130126953125,1165.5068359375,700.1795043945312
Cosmos2.5_0036,27,white tape roll,3,0.14939451217651367,white tape roll,489.40142822265625,143.993896484375,503.96807861328125,188.7955322265625
Cosmos2.5_0036,27,white tape roll,4,0.12299946695566177,white tape roll,1131.0355224609375,647.0538330078125,1243.2218017578125,701.74267578125
Cosmos2.5_0036,27,white tape roll,5,0.10789750516414642,white tape roll,646.4863891601562,160.747314453125,743.6022338867188,277.0985412597656
Cosmos2.5_0036,30,white tape roll,1,0.672636866569519,white tape roll,662.5264282226562,339.618408203125,758.6376342773438,409.67596435546875
Cosmos2.5_0036,30,white tape roll,2,0.2372792661190033,white tape roll,640.4244384765625,49.98748779296875,1162.2723388671875,700.0567016601562
Cosmos2.5_0036,30,white tape roll,3,0.1376660019159317,white tape roll,645.13720703125,160.9628143310547,741.8702392578125,281.6420593261719
Cosmos2.5_0036,30,white tape roll,4,0.12696562707424164,white tape roll,489.0213928222656,144.04312133789062,504.1934509277344,189.17758178710938
Cosmos2.5_0036,30,white tape roll,5,0.11036679893732071,white tape roll,1131.048828125,646.5531005859375,1242.5498046875,701.8028564453125
Cosmos2.5_0036,30,white tape roll,6,0.10243532061576843,white tape roll,1136.7413330078125,375.4500427246094,1162.3541259765625,450.4572448730469
Cosmos2.5_0036,33,white tape roll,1,0.6586223244667053,white tape roll,661.3870849609375,335.4938049316406,757.6541748046875,406.8302917480469
Cosmos2.5_0036,33,white tape roll,2,0.2551440894603729,white tape roll,651.810302734375,47.457794189453125,1166.28466796875,700.1116943359375
Cosmos2.5_0036,33,white tape roll,3,0.17723575234413147,white tape roll,654.1627197265625,155.61419677734375,748.58740234375,274.54150390625
Cosmos2.5_0036,33,white tape roll,4,0.1347498744726181,white tape roll,488.7166748046875,144.22991943359375,504.159912109375,189.13247680664062
Cosmos2.5_0036,33,white tape roll,5,0.12030598521232605,white tape roll,1131.390625,646.7924194335938,1243.119140625,701.6616821289062
Cosmos2.5_0036,36,white tape roll,1,0.6589933633804321,white tape roll,659.4457397460938,325.0118408203125,750.0657348632812,395.85699462890625
Cosmos2.5_0036,36,white tape roll,2,0.25016406178474426,white tape roll,661.3814086914062,43.356781005859375,1168.688720703125,700.54931640625
Cosmos2.5_0036,36,white tape roll,3,0.20388245582580566,white tape roll,666.0265502929688,150.1883087158203,756.2445678710938,243.05955505371094
Cosmos2.5_0036,36,white tape roll,4,0.13962018489837646,white tape roll,488.3779296875,144.2716064453125,503.9927978515625,188.958740234375
Cosmos2.5_0036,36,white tape roll,5,0.1351936161518097,white tape roll,1134.9052734375,380.21923828125,1167.9189453125,458.23870849609375
Cosmos2.5_0036,36,white tape roll,6,0.13174617290496826,white tape roll,1131.18798828125,647.0445556640625,1242.98046875,701.71240234375
Cosmos2.5_0036,36,white tape roll,7,0.10532955080270767,white tape roll,656.020263671875,149.499755859375,757.6546630859375,396.541259765625
Cosmos2.5_0036,39,white tape roll,1,0.7286266088485718,white tape roll,660.5685424804688,319.05364990234375,749.9375610351562,395.15484619140625
Cosmos2.5_0036,39,white tape roll,2,0.2109590768814087,white tape roll,658.4209594726562,43.40838623046875,1168.920166015625,700.1826171875
Cosmos2.5_0036,39,white tape roll,3,0.16765455901622772,white tape roll,667.2238159179688,150.47833251953125,759.2258911132812,269.1515808105469
Cosmos2.5_0036,39,white tape roll,4,0.12048113346099854,white tape roll,1133.4149169921875,380.93975830078125,1167.6278076171875,458.01922607421875
Cosmos2.5_0036,39,white tape roll,5,0.1184162050485611,white tape roll,488.55511474609375,144.30873107910156,503.57550048828125,189.24571228027344
Cosmos2.5_0036,42,white tape roll,1,0.753104567527771,white tape roll,660.4406127929688,318.9613342285156,749.7631225585938,395.0944519042969
Cosmos2.5_0036,42,white tape roll,2,0.1947665959596634,white tape roll,660.5687255859375,43.301666259765625,1168.5328369140625,700.1124267578125
Cosmos2.5_0036,42,white tape roll,3,0.13938826322555542,white tape roll,666.9813842773438,150.61367797851562,758.9048461914062,269.47308349609375
Cosmos2.5_0036,42,white tape roll,4,0.12268254160881042,white tape roll,1133.55224609375,380.8991394042969,1167.53076171875,457.3186340332031
Cosmos2.5_0036,42,white tape roll,5,0.10328048467636108,white tape roll,488.692626953125,144.90884399414062,503.6483154296875,188.983154296875
Cosmos2.5_0036,45,white tape roll,1,0.7475442886352539,white tape roll,661.1398315429688,317.9548645019531,750.3163452148438,394.3575744628906
Cosmos2.5_0036,45,white tape roll,2,0.20014487206935883,white tape roll,659.365234375,42.242584228515625,1169.36083984375,700.3719482421875
Cosmos2.5_0036,45,white tape roll,3,0.12020201236009598,white tape roll,668.1653442382812,150.16275024414062,759.3910522460938,268.3314208984375
Cosmos2.5_0036,45,white tape roll,4,0.11408402025699615,white tape roll,1133.919921875,381.3565979003906,1167.669189453125,457.5909729003906
Cosmos2.5_0036,45,white tape roll,5,0.10611360520124435,white tape roll,488.7752380371094,145.20437622070312,503.5222473144531,188.70486450195312
Cosmos2.5_0036,48,white tape roll,1,0.7405995726585388,white tape roll,662.4335327148438,313.3133239746094,753.9834594726562,396.1528625488281
Cosmos2.5_0036,48,white tape roll,2,0.20088540017604828,white tape roll,662.3316650390625,37.36700439453125,1174.020751953125,700.36279296875
Cosmos2.5_0036,48,white tape roll,3,0.12731200456619263,white tape roll,670.92431640625,147.21151733398438,762.0328369140625,266.07232666015625
Cosmos2.5_0036,48,white tape roll,4,0.11592059582471848,white tape roll,488.6259765625,145.06126403808594,503.5765380859375,188.68370056152344
Cosmos2.5_0036,48,white tape roll,5,0.10136032104492188,tape,1131.515380859375,647.112060546875,1242.631591796875,701.6500244140625
Cosmos2.5_0036,51,white tape roll,1,0.7234309911727905,white tape roll,658.5010375976562,318.1065673828125,751.2390747070312,405.3551025390625
Cosmos2.5_0036,51,white tape roll,2,0.2063644528388977,white tape roll,660.0943603515625,37.332183837890625,1175.669921875,700.365966796875
Cosmos2.5_0036,51,white tape roll,3,0.18458206951618195,white tape roll,666.5818481445312,148.6273193359375,757.8268432617188,266.51739501953125
Cosmos2.5_0036,51,white tape roll,4,0.12567754089832306,white tape roll,488.6157531738281,144.80001831054688,503.9081726074219,188.94131469726562
Cosmos2.5_0036,51,white tape roll,5,0.11883144080638885,white tape roll,655.1437377929688,148.1543731689453,757.8059692382812,405.8870849609375
Cosmos2.5_0036,51,white tape roll,6,0.10541185736656189,white tape roll,1131.7354736328125,647.2476196289062,1242.5780029296875,701.7410278320312
Cosmos2.5_0036,54,white tape roll,1,0.706595242023468,white tape roll,651.613525390625,323.7001647949219,746.1556396484375,414.0206604003906
Cosmos2.5_0036,54,white tape roll,2,0.22640439867973328,white tape roll,651.5318603515625,39.578155517578125,1174.5850830078125,700.62744140625
Cosmos2.5_0036,54,white tape roll,3,0.15998142957687378,white tape roll,656.2776489257812,152.05923461914062,755.8405151367188,270.7123107910156
Cosmos2.5_0036,54,white tape roll,4,0.12321344763040543,white tape roll,488.6751708984375,145.28953552246094,504.021484375,188.55189514160156
Cosmos2.5_0036,54,white tape roll,5,0.12190405279397964,white tape roll,1131.8909912109375,647.1166381835938,1242.5450439453125,701.7285766601562
Cosmos2.5_0036,54,white tape roll,6,0.10663822293281555,white tape roll,647.318115234375,151.6827850341797,751.5062255859375,414.6395263671875
Cosmos2.5_0036,57,white tape roll,1,0.599968433380127,white tape roll,642.6390991210938,327.79449462890625,739.2131958007812,416.40631103515625
Cosmos2.5_0036,57,white tape roll,2,0.3116167485713959,white tape roll,641.3023681640625,42.761444091796875,1167.402587890625,700.164794921875
Cosmos2.5_0036,57,white tape roll,3,0.15864212810993195,white tape roll,649.14208984375,154.90365600585938,749.7822265625,273.759521484375
Cosmos2.5_0036,57,white tape roll,4,0.15093648433685303,white tape roll,1132.03564453125,647.1201171875,1242.8583984375,701.7735595703125
Cosmos2.5_0036,57,white tape roll,5,0.13943156599998474,white tape roll,488.8248291015625,145.46707153320312,504.0498046875,188.56045532226562
Cosmos2.5_0036,57,white tape roll,6,0.11943211406469345,white tape roll,912.3223876953125,468.888916015625,1111.219970703125,701.549072265625
Cosmos2.5_0036,57,white tape roll,7,0.10301417857408524,white tape roll,637.6244506835938,154.50949096679688,746.6200561523438,417.2503356933594
Cosmos2.5_0036,60,white tape roll,1,0.6892770528793335,white tape roll,638.76513671875,328.8462829589844,736.2227783203125,416.5013732910156
Cosmos2.5_0036,60,white tape roll,2,0.2536364793777466,white tape roll,636.8790893554688,44.213470458984375,1165.072998046875,700.1124267578125
Cosmos2.5_0036,60,white tape roll,3,0.12710562348365784,white tape roll,1131.4683837890625,647.2149658203125,1242.8516845703125,701.8011474609375
Cosmos2.5_0036,60,white tape roll,4,0.12362492829561234,white tape roll,646.2117309570312,156.0152130126953,746.3810424804688,274.69647216796875
Cosmos2.5_0036,60,white tape roll,5,0.12341034412384033,white tape roll,488.6865539550781,146.51852416992188,503.9892883300781,188.80294799804688
Cosmos2.5_0036,60,white tape roll,6,0.10041840374469757,tape,634.1364135742188,155.40301513671875,742.8621215820312,417.27044677734375
Cosmos2.5_0036,63,white tape roll,1,0.6875145435333252,white tape roll,638.4431762695312,329.1279296875,735.8107299804688,416.4483642578125
Cosmos2.5_0036,63,white tape roll,2,0.25991079211235046,white tape roll,635.3873291015625,44.391265869140625,1164.6824951171875,700.2054443359375
Cosmos2.5_0036,63,white tape roll,3,0.12338943779468536,white tape roll,1131.4197998046875,647.14697265625,1242.6051025390625,701.8232421875
Cosmos2.5_0036,63,white tape roll,4,0.10650940239429474,white tape roll,645.7826538085938,156.21641540527344,744.5750122070312,274.5412902832031
Cosmos2.5_0036,63,white tape roll,5,0.10610317438840866,white tape roll,488.50469970703125,146.71380615234375,503.9193115234375,188.92898559570312
Cosmos2.5_0036,66,white tape roll,1,0.6824526190757751,white tape roll,638.0659790039062,329.1504211425781,735.6390991210938,416.2911071777344
Cosmos2.5_0036,66,white tape roll,2,0.25562283396720886,white tape roll,638.2921142578125,44.33734130859375,1164.481201171875,700.1560668945312
Cosmos2.5_0036,66,white tape roll,3,0.15670263767242432,white tape roll,645.8117065429688,156.76095581054688,744.5798950195312,274.6867370605469
Cosmos2.5_0036,66,white tape roll,4,0.12087789922952652,white tape roll,1131.52880859375,647.2384033203125,1242.739013671875,701.786865234375
Cosmos2.5_0036,66,white tape roll,5,0.11577781289815903,white tape roll,488.6251525878906,146.6942138671875,503.9346008300781,188.69259643554688
Cosmos2.5_0036,66,white tape roll,6,0.10194501280784607,white tape roll,634.1903686523438,155.93589782714844,741.2504272460938,416.9736328125
Cosmos2.5_0036,69,white tape roll,1,0.6770676374435425,white tape roll,638.0299072265625,329.1446533203125,735.5582275390625,416.4044189453125
Cosmos2.5_0036,69,white tape roll,2,0.24703514575958252,white tape roll,638.18994140625,44.2767333984375,1164.74560546875,700.11279296875
Cosmos2.5_0036,69,white tape roll,3,0.1369073987007141,white tape roll,645.8512573242188,156.96768188476562,744.0390014648438,274.560791015625
Cosmos2.5_0036,69,white tape roll,4,0.12496049702167511,white tape roll,1131.5626220703125,647.2537841796875,1242.7408447265625,701.795654296875
Cosmos2.5_0036,69,white tape roll,5,0.10278711467981339,white tape roll,488.6905212402344,146.54151916503906,503.9690856933594,188.87513732910156
Cosmos2.5_0036,72,white tape roll,1,0.6965875029563904,white tape roll,637.7699584960938,329.3694763183594,735.1268920898438,416.1940612792969
Cosmos2.5_0036,72,white tape roll,2,0.24379509687423706,white tape roll,636.7979125976562,44.170501708984375,1164.858642578125,700.21435546875
Cosmos2.5_0036,72,white tape roll,3,0.12211015075445175,white tape roll,1131.470458984375,647.3969116210938,1242.8916015625,701.7846069335938
Cosmos2.5_0036,72,white tape roll,4,0.11424937844276428,white tape roll,645.7911376953125,156.90219116210938,744.7666015625,274.0578308105469
Cosmos2.5_0036,75,white tape roll,1,0.6996020078659058,white tape roll,635.0948486328125,329.21307373046875,732.3070068359375,415.42803955078125
Cosmos2.5_0036,75,white tape roll,2,0.24347636103630066,white tape roll,635.0376586914062,44.357147216796875,1164.90673828125,700.240966796875
Cosmos2.5_0036,75,white tape roll,3,0.12914644181728363,white tape roll,1131.443359375,647.4317626953125,1242.912841796875,701.8177490234375
Cosmos2.5_0036,75,white tape roll,4,0.1166238784790039,white tape roll,645.4217529296875,156.3783721923828,743.6429443359375,274.4126892089844
Cosmos2.5_0036,75,white tape roll,5,0.1002429649233818,tape,488.94921875,146.5225372314453,503.82965087890625,188.7029571533203
Cosmos2.5_0036,78,white tape roll,1,0.6959450244903564,white tape roll,634.6878662109375,329.41162109375,731.9461669921875,415.48297119140625
Cosmos2.5_0036,78,white tape roll,2,0.24328234791755676,white tape roll,635.8463745117188,44.276947021484375,1164.50830078125,700.119873046875
Cosmos2.5_0036,78,white tape roll,3,0.13157129287719727,white tape roll,1131.373046875,647.2890014648438,1243.1953125,701.8084106445312
Cosmos2.5_0036,78,white tape roll,4,0.11011045426130295,white tape roll,645.24609375,156.37493896484375,744.339599609375,274.7473449707031
Cosmos2.5_0036,81,white tape roll,1,0.6951761841773987,white tape roll,634.2006225585938,329.4021301269531,731.6613159179688,415.4427795410156
Cosmos2.5_0036,81,white tape roll,2,0.24267081916332245,white tape roll,637.2564086914062,44.163665771484375,1164.572265625,700.00732421875
Cosmos2.5_0036,81,white tape roll,3,0.135438933968544,white tape roll,1131.4417724609375,646.9976196289062,1243.0592041015625,701.7955932617188
Cosmos2.5_0036,81,white tape roll,4,0.1027558296918869,white tape roll,489.1561279296875,146.35997009277344,503.9453125,189.1156463623047
Cosmos2.5_0036,84,white tape roll,1,0.7005628943443298,white tape roll,634.2332153320312,329.3613586425781,731.4227905273438,415.4113464355469
Cosmos2.5_0036,84,white tape roll,2,0.2375974804162979,white tape roll,642.2473754882812,43.691070556640625,1163.98828125,700.2239990234375
Cosmos2.5_0036,84,white tape roll,3,0.1648767590522766,white tape roll,648.5442504882812,155.02468872070312,741.7280883789062,272.07550048828125
Cosmos2.5_0036,84,white tape roll,4,0.1253081113100052,white tape roll,1131.6070556640625,646.9983520507812,1243.0638427734375,701.7827758789062
Cosmos2.5_0036,84,white tape roll,5,0.10560718923807144,white tape roll,631.5794067382812,154.2002410888672,740.5087280273438,416.1558837890625
Cosmos2.5_0036,84,white tape roll,6,0.1030106171965599,white tape roll,489.1280212402344,146.29246520996094,503.8687438964844,189.3300323486328
Cosmos2.5_0036,87,white tape roll,1,0.7376825213432312,white tape roll,633.747802734375,329.1593933105469,731.8575439453125,415.4567565917969
Cosmos2.5_0036,87,white tape roll,2,0.20410436391830444,white tape roll,647.256591796875,44.162689208984375,1164.511474609375,700.2303466796875
Cosmos2.5_0036,87,white tape roll,3,0.20205649733543396,white tape roll,652.7650146484375,153.70533752441406,751.9654541015625,270.196044921875
Cosmos2.5_0036,87,white tape roll,4,0.11709990352392197,white tape roll,1131.1383056640625,646.9754638671875,1242.9117431640625,701.72705078125
Cosmos2.5_0036,87,white tape roll,5,0.10485896468162537,white tape roll,488.286865234375,146.6868896484375,503.7938232421875,188.6141357421875
Cosmos2.5_0036,90,white tape roll,1,0.7074418067932129,white tape roll,635.3631591796875,328.01654052734375,733.41748046875,414.6446533203125
Cosmos2.5_0036,90,white tape roll,2,0.2289617955684662,white tape roll,652.4381103515625,45.8634033203125,1166.8795166015625,700.2506713867188
Cosmos2.5_0036,90,white tape roll,3,0.16216938197612762,white tape roll,657.0517578125,154.1267547607422,756.85205078125,267.95330810546875
Cosmos2.5_0036,90,white tape roll,4,0.11711356788873672,white tape roll,1131.6707763671875,647.0192260742188,1242.7735595703125,701.7103881835938
Cosmos2.5_0036,90,white tape roll,5,0.11144861578941345,white tape roll,632.0977783203125,152.97125244140625,755.1036376953125,415.62542724609375
Cosmos2.5_0036,90,white tape roll,6,0.10227931290864944,white tape roll,1131.073486328125,378.2618408203125,1165.7939453125,453.9453125
Cosmos2.5_0036,92,white tape roll,1,0.7377153635025024,white tape roll,635.3018798828125,327.72540283203125,732.9766845703125,414.04107666015625
Cosmos2.5_0036,92,white tape roll,2,0.21177397668361664,white tape roll,650.9429321289062,46.504119873046875,1167.498779296875,700.3614501953125
Cosmos2.5_0036,92,white tape roll,3,0.12656457722187042,white tape roll,657.2763671875,154.74851989746094,756.410888671875,268.0054931640625
Cosmos2.5_0036,92,white tape roll,4,0.11930519342422485,white tape roll,1131.659912109375,646.9902954101562,1242.682373046875,701.6863403320312
Cosmos2.5_0036,92,white tape roll,5,0.10500238835811615,white tape roll,632.4429321289062,153.7427978515625,753.7595825195312,414.9505615234375
Cosmos2.5_0057,0,yellow cube,1,0.7040800452232361,yellow cube,772.5079345703125,386.07928466796875,802.0,420.43499755859375
Cosmos2.5_0057,0,yellow cube,2,0.1310207098722458,yellow cube,954.5044555664062,457.4346923828125,1119.40625,585.5101318359375
Cosmos2.5_0057,0,yellow cube,3,0.12288057804107666,yellow cube,966.4276123046875,458.2775573730469,994.5257568359375,522.0714721679688
Cosmos2.5_0057,0,yellow cube,4,0.11037831753492355,yellow cube,953.651611328125,457.4398498535156,995.704345703125,552.9052734375
Cosmos2.5_0057,0,yellow cube,5,0.10067988932132721,yellow cube,1069.2933349609375,535.8866577148438,1120.0787353515625,585.1860961914062
Cosmos2.5_0057,3,yellow cube,1,0.6480932235717773,yellow cube,772.4306640625,386.03021240234375,802.05419921875,420.0875244140625
Cosmos2.5_0057,3,yellow cube,2,0.1539085954427719,yellow cube,1070.1793212890625,532.8341674804688,1121.2149658203125,583.1076049804688
Cosmos2.5_0057,3,yellow cube,3,0.1520441323518753,yellow cube,686.3115844726562,27.34161376953125,1276.405029296875,699.0327758789062
Cosmos2.5_0057,3,yellow cube,4,0.1122952401638031,yellow cube,311.69903564453125,216.91815185546875,620.4730834960938,421.83148193359375
Cosmos2.5_0057,3,yellow cube,5,0.10816246271133423,yellow cube,961.7672729492188,458.13238525390625,1121.816162109375,583.4033813476562
Cosmos2.5_0057,3,yellow cube,6,0.10181532055139542,yellow,2.818756103515625,225.5908660888672,985.160888671875,700.342529296875
Cosmos2.5_0057,6,yellow cube,1,0.6168983578681946,yellow cube,772.536376953125,386.6329040527344,801.720703125,420.1419982910156
Cosmos2.5_0057,6,yellow cube,2,0.18475091457366943,yellow cube,1069.8887939453125,535.1802368164062,1121.9576416015625,584.0387573242188
Cosmos2.5_0057,6,yellow cube,3,0.17700780928134918,yellow cube,715.9952392578125,50.0845947265625,1240.44091796875,699.78076171875
Cosmos2.5_0057,6,yellow cube,4,0.12385386228561401,yellow cube,312.34295654296875,216.75848388671875,620.7180786132812,421.84881591796875
Cosmos2.5_0057,6,yellow cube,5,0.11015728116035461,yellow cube,894.3067016601562,637.7484130859375,1029.8720703125,702.4820556640625
Cosmos2.5_0057,6,yellow cube,6,0.10627547651529312,yellow cube,960.647216796875,458.6810302734375,1122.826416015625,584.4459228515625
Cosmos2.5_0057,9,yellow cube,1,0.5368079543113708,yellow cube,769.20751953125,389.000244140625,801.18359375,421.18218994140625
Cosmos2.5_0057,9,yellow cube,2,0.23777955770492554,yellow cube,733.5728149414062,61.245086669921875,1210.274658203125,700.040771484375
Cosmos2.5_0057,9,yellow cube,3,0.19733920693397522,yellow cube,1069.27978515625,535.947021484375,1121.37548828125,583.9478759765625
Cosmos2.5_0057,9,yellow cube,4,0.178269624710083,yellow cube,740.5662841796875,343.52978515625,826.6241455078125,422.20831298828125
Cosmos2.5_0057,9,yellow cube,5,0.14568045735359192,yellow cube,312.0159606933594,217.17515563964844,620.595703125,422.20404052734375
Cosmos2.5_0057,9,yellow cube,6,0.14502955973148346,yellow cube,894.1445922851562,637.9652709960938,1029.927734375,702.5475463867188
Cosmos2.5_0057,9,yellow cube,7,0.13549238443374634,yellow cube,961.96044921875,458.4855651855469,1121.8935546875,584.3616943359375
Cosmos2.5_0057,12,yellow cube,1,0.5219762325286865,yellow cube,764.217041015625,392.2640075683594,794.150390625,424.1642150878906
Cosmos2.5_0057,12,yellow cube,2,0.24031470715999603,yellow cube,734.1944580078125,65.40313720703125,1208.1260986328125,700.4297485351562
Cosmos2.5_0057,12,yellow cube,3,0.21576067805290222,yellow cube,1069.561279296875,538.9888305664062,1120.035400390625,583.7638549804688
Cosmos2.5_0057,12,yellow cube,4,0.1617065966129303,yellow cube,311.60101318359375,217.27862548828125,620.5699462890625,422.24639892578125
Cosmos2.5_0057,12,yellow cube,5,0.15849733352661133,yellow cube,963.23681640625,458.849365234375,1120.475830078125,583.9093017578125
Cosmos2.5_0057,12,yellow cube,6,0.13673242926597595,yellow cube,893.9744873046875,638.2496337890625,1029.4881591796875,702.5452880859375
Cosmos2.5_0057,12,yellow cube,7,0.10657212883234024,yellow cube,735.7094116210938,316.61993408203125,845.2295532226562,425.2066650390625
Cosmos2.5_0057,15,yellow cube,1,0.5354510545730591,yellow cube,742.46630859375,344.9500732421875,772.288818359375,375.71771240234375
Cosmos2.5_0057,15,yellow cube,2,0.25432702898979187,yellow cube,715.448486328125,27.492279052734375,1271.315185546875,700.0364990234375
Cosmos2.5_0057,15,yellow cube,3,0.172234445810318,yellow cube,1069.2828369140625,537.0751953125,1119.9610595703125,583.8114013671875
Cosmos2.5_0057,15,yellow cube,4,0.1629159301519394,yellow cube,311.52239990234375,216.90835571289062,620.26416015625,422.4217224121094
Cosmos2.5_0057,15,yellow cube,5,0.13513430953025818,yellow cube,958.5491333007812,458.8673095703125,1120.6663818359375,584.0364990234375
Cosmos2.5_0057,15,yellow cube,6,0.1285494714975357,yellow cube,893.9990844726562,638.0267333984375,1029.8145751953125,702.4586181640625
Cosmos2.5_0057,15,yellow cube,7,0.12283418327569962,yellow cube,713.5588989257812,268.316650390625,823.4794311523438,376.0045166015625
Cosmos2.5_0057,15,yellow cube,8,0.10708507895469666,yellow,3.124908447265625,224.6411590576172,981.0128173828125,700.152587890625
Cosmos2.5_0057,18,yellow cube,1,0.5175871849060059,yellow cube,676.4769287109375,294.6186218261719,709.6964111328125,330.3984680175781
Cosmos2.5_0057,18,yellow cube,2,0.35522300004959106,yellow cube,951.3653564453125,457.0762939453125,1119.5194091796875,585.063232421875
Cosmos2.5_0057,18,yellow cube,3,0.19483280181884766,yellow cube,1069.8853759765625,527.1594848632812,1119.1651611328125,583.3811645507812
Cosmos2.5_0057,18,yellow cube,4,0.1741625964641571,yellow cube,950.3154296875,456.8170166015625,997.8837890625,555.2879638671875
Cosmos2.5_0057,18,yellow cube,5,0.16695064306259155,yellow cube,965.0285034179688,457.7360534667969,997.3163452148438,522.7900390625
Cosmos2.5_0057,18,yellow cube,6,0.15321731567382812,yellow cube,650.8167724609375,0.232513427734375,1247.5496826171875,701.2845458984375
Cosmos2.5_0057,18,yellow cube,7,0.131779745221138,yellow cube,311.8626708984375,216.93756103515625,620.0317993164062,422.05133056640625
Cosmos2.5_0057,18,yellow cube,8,0.10764310508966446,yellow cube,638.5633544921875,208.96409606933594,760.4149169921875,328.79193115234375
Cosmos2.5_0057,18,yellow cube,9,0.10607210546731949,yellow cube,894.5573120117188,638.0361328125,1029.9210205078125,702.4127197265625
Cosmos2.5_0057,21,yellow cube,1,0.5853304862976074,yellow cube,622.654296875,304.0077209472656,653.334228515625,341.3175964355469
Cosmos2.5_0057,21,yellow cube,2,0.2745555639266968,yellow cube,952.6917724609375,457.294677734375,1118.6317138671875,585.0694580078125
Cosmos2.5_0057,21,yellow cube,3,0.14323535561561584,yellow cube,965.3203735351562,457.9723815917969,995.1039428710938,522.4332885742188
Cosmos2.5_0057,21,yellow cube,4,0.14212267100811005,yellow cube,1069.1650390625,518.0775756835938,1118.498046875,583.6469116210938
Cosmos2.5_0057,21,yellow cube,5,0.13660238683223724,yellow cube,578.832763671875,25.118865966796875,1161.020263671875,697.599365234375
Cosmos2.5_0057,21,yellow cube,6,0.1294325441122055,yellow cube,951.2530517578125,457.22509765625,995.8590087890625,555.29052734375
Cosmos2.5_0057,21,yellow cube,7,0.10790982097387314,yellow cube,312.43487548828125,216.47640991210938,616.1531372070312,421.7250061035156
Cosmos2.5_0057,21,yellow cube,8,0.10340747237205505,yellow cube,894.8121337890625,637.7843017578125,1030.7442626953125,702.3883056640625
Cosmos2.5_0057,24,yellow cube,1,0.5857612490653992,yellow cube,605.2999877929688,302.6319274902344,638.2683715820312,341.6709899902344
Cosmos2.5_0057,24,yellow cube,2,0.2928299307823181,yellow cube,952.7161865234375,457.10272216796875,1118.8519287109375,586.1105346679688
Cosmos2.5_0057,24,yellow cube,3,0.16950073838233948,yellow cube,554.25048828125,49.020263671875,1151.0194091796875,597.0907592773438
Cosmos2.5_0057,24,yellow cube,4,0.16250525414943695,yellow cube,1069.3880615234375,515.8269653320312,1118.6512451171875,583.8696899414062
Cosmos2.5_0057,24,yellow cube,5,0.14871682226657867,yellow cube,965.4797973632812,457.9383544921875,995.2683715820312,522.4884033203125
Cosmos2.5_0057,24,yellow cube,6,0.13293997943401337,yellow cube,951.2774047851562,457.49530029296875,995.6618041992188,554.1630249023438
Cosmos2.5_0057,24,yellow cube,7,0.12730559706687927,yellow cube,312.5500183105469,215.82901000976562,711.051513671875,459.5856628417969
Cosmos2.5_0057,24,yellow cube,8,0.12111176550388336,yellow cube,894.5589599609375,638.0886840820312,1030.9822998046875,702.5057983398438
Cosmos2.5_0057,27,yellow cube,1,0.5774920582771301,yellow cube,578.9745483398438,292.9564514160156,611.5315551757812,331.9812316894531
Cosmos2.5_0057,27,yellow cube,2,0.3087010681629181,yellow cube,954.0050048828125,457.22021484375,1119.0545654296875,584.680908203125
Cosmos2.5_0057,27,yellow cube,3,0.18001386523246765,yellow cube,1068.624267578125,514.972900390625,1118.862060546875,583.6793212890625
Cosmos2.5_0057,27,yellow cube,4,0.17964984476566315,yellow cube,534.73095703125,60.105682373046875,1152.62841796875,698.9888916015625
Cosmos2.5_0057,27,yellow cube,5,0.1612282246351242,yellow cube,965.4232177734375,458.0421447753906,995.490478515625,522.9689331054688
Cosmos2.5_0057,27,yellow cube,6,0.13188718259334564,yellow cube,312.671630859375,215.42266845703125,710.864990234375,459.20318603515625
Cosmos2.5_0057,27,yellow cube,7,0.13144004344940186,yellow cube,950.9906616210938,457.1424560546875,995.9174194335938,554.6696166992188
Cosmos2.5_0057,27,yellow cube,8,0.1116214320063591,yellow cube,894.4420776367188,637.947998046875,1030.903564453125,702.5450439453125
Cosmos2.5_0057,27,yellow cube,9,0.10261167585849762,yellow cube,520.1461181640625,294.020751953125,616.9710693359375,361.1219482421875
Cosmos2.5_0057,30,yellow cube,1,0.5349147915840149,yellow cube,568.4013671875,294.60943603515625,601.3695068359375,332.6351318359375
Cosmos2.5_0057,30,yellow cube,2,0.3178837299346924,yellow cube,954.24462890625,456.10858154296875,1118.721923828125,588.8826293945312
Cosmos2.5_0057,30,yellow cube,3,0.17392000555992126,yellow cube,1068.673828125,512.397216796875,1118.302734375,583.6260986328125
Cosmos2.5_0057,30,yellow cube,4,0.16844458878040314,yellow cube,964.9751586914062,457.35565185546875,997.1051635742188,523.4758911132812
Cosmos2.5_0057,30,yellow cube,5,0.15369641780853271,yellow cube,312.4354553222656,215.32803344726562,710.650146484375,459.8414001464844
Cosmos2.5_0057,30,yellow cube,6,0.1361447125673294,yellow cube,951.0210571289062,456.56549072265625,997.5281372070312,555.6434936523438
Cosmos2.5_0057,30,yellow cube,7,0.13391247391700745,yellow cube,526.665771484375,255.3385772705078,632.41064453125,359.91693115234375
Cosmos2.5_0057,30,yellow cube,8,0.1304565966129303,yellow cube,533.9608154296875,64.025146484375,1151.8704833984375,698.9063110351562
Cosmos2.5_0057,33,yellow cube,1,0.4964669942855835,yellow cube,570.3378295898438,315.5936584472656,599.8491821289062,351.7215881347656
Cosmos2.5_0057,33,yellow cube,2,0.327528178691864,yellow cube,952.61865234375,457.3165283203125,1119.031982421875,583.66015625
Cosmos2.5_0057,33,yellow cube,3,0.20308803021907806,yellow cube,1068.715576171875,512.1915283203125,1118.658447265625,582.71728515625
Cosmos2.5_0057,33,yellow cube,4,0.1758432686328888,yellow cube,965.618408203125,457.95074462890625,997.9068603515625,523.8180541992188
Cosmos2.5_0057,33,yellow cube,5,0.154588982462883,yellow cube,951.30322265625,457.2861633300781,998.1533203125,554.772705078125
Cosmos2.5_0057,33,yellow cube,6,0.14303061366081238,yellow cube,542.4581298828125,83.49356079101562,1162.1866455078125,699.201171875
Cosmos2.5_0057,33,yellow cube,7,0.12557931244373322,yellow cube,312.2096252441406,215.7867431640625,710.3587646484375,459.9686279296875
Cosmos2.5_0057,33,yellow cube,8,0.11853459477424622,yellow cube,536.3717651367188,278.96282958984375,624.0903930664062,354.180419921875
Cosmos2.5_0057,33,yellow cube,9,0.10147756338119507,yellow,894.5602416992188,638.172607421875,1030.5631103515625,702.4366455078125
Cosmos2.5_0057,36,yellow cube,1,0.567966878414154,yellow cube,574.369384765625,321.0165100097656,602.414794921875,356.5950622558594
Cosmos2.5_0057,36,yellow cube,2,0.24744205176830292,yellow cube,953.254638671875,457.3470458984375,1118.86865234375,583.921142578125
Cosmos2.5_0057,36,yellow cube,3,0.168840691447258,yellow cube,552.8724975585938,92.96957397460938,1167.8173828125,699.9697265625
Cosmos2.5_0057,36,yellow cube,4,0.1664261519908905,yellow cube,1068.38916015625,513.3685913085938,1118.69921875,583.0335083007812
Cosmos2.5_0057,36,yellow cube,5,0.1623271107673645,yellow cube,312.2472229003906,215.6639404296875,711.07080078125,460.09259033203125
Cosmos2.5_0057,36,yellow cube,6,0.12327102571725845,yellow cube,951.1886596679688,457.17559814453125,998.8816528320312,554.9583129882812
Cosmos2.5_0057,36,yellow cube,7,0.12000581622123718,yellow cube,894.3695678710938,638.0137939453125,1030.560546875,702.5228271484375
Cosmos2.5_0057,36,yellow cube,8,0.1169222965836525,yellow cube,541.8107299804688,285.4341735839844,629.8745727539062,358.7514953613281
Cosmos2.5_0057,36,yellow cube,9,0.11672308295965195,yellow cube,966.671875,458.2408142089844,997.8831787109375,523.3292846679688
Cosmos2.5_0057,39,yellow cube,1,0.4272708296775818,yellow cube,573.2716064453125,324.8335876464844,599.9248046875,360.7514343261719
Cosmos2.5_0057,39,yellow cube,2,0.329429030418396,yellow cube,952.31396484375,457.0857238769531,1119.11279296875,584.069580078125
Cosmos2.5_0057,39,yellow cube,3,0.20603185892105103,yellow cube,568.9923095703125,311.81060791015625,616.971923828125,362.99859619140625
Cosmos2.5_0057,39,yellow cube,4,0.18735940754413605,yellow cube,1068.5086669921875,513.7245483398438,1119.0233154296875,583.2316284179688
Cosmos2.5_0057,39,yellow cube,5,0.18621811270713806,yellow cube,555.9229125976562,95.3677978515625,1168.7333984375,699.6578979492188
Cosmos2.5_0057,39,yellow cube,6,0.16362230479717255,yellow cube,951.562255859375,457.1575927734375,999.193603515625,554.2926025390625
Cosmos2.5_0057,39,yellow cube,7,0.15489421784877777,yellow cube,544.2970581054688,285.4335632324219,630.9403686523438,361.6382751464844
Cosmos2.5_0057,39,yellow cube,8,0.14739181101322174,yellow cube,312.19647216796875,215.706787109375,710.6735229492188,459.822998046875
Cosmos2.5_0057,39,yellow cube,9,0.13445913791656494,yellow cube,894.2037353515625,638.0345458984375,1030.282958984375,702.4779052734375
Cosmos2.5_0057,39,yellow cube,10,0.12921841442584991,yellow cube,965.134033203125,457.9152526855469,998.61865234375,523.34326171875
Cosmos2.5_0057,42,yellow cube,1,0.3437798023223877,yellow cube,571.399169921875,337.21771240234375,596.0570068359375,363.6226806640625
Cosmos2.5_0057,42,yellow cube,2,0.3262430727481842,yellow cube,952.3992919921875,457.09417724609375,1118.9190673828125,584.2487182617188
Cosmos2.5_0057,42,yellow cube,3,0.3123552203178406,yellow cube,565.656005859375,309.1855773925781,603.1605224609375,364.0906066894531
Cosmos2.5_0057,42,yellow cube,4,0.2200261354446411,yellow cube,550.8455810546875,95.636962890625,1168.7393798828125,700.1021728515625
Cosmos2.5_0057,42,yellow cube,5,0.2006649374961853,yellow cube,1068.60986328125,514.1739501953125,1118.80126953125,583.1693115234375
Cosmos2.5_0057,42,yellow cube,6,0.18134067952632904,yellow cube,894.5835571289062,637.9306640625,1030.040283203125,702.5758056640625
Cosmos2.5_0057,42,yellow cube,7,0.16674497723579407,yellow cube,539.688232421875,284.3012390136719,630.8751220703125,364.3934631347656
Cosmos2.5_0057,42,yellow cube,8,0.16303838789463043,yellow cube,951.5797729492188,457.2661437988281,999.1956176757812,554.508056640625
Cosmos2.5_0057,42,yellow cube,9,0.14595118165016174,yellow cube,312.0061340332031,215.69374084472656,710.29150390625,459.7337646484375
Cosmos2.5_0057,42,yellow cube,10,0.122667595744133,yellow cube,965.407958984375,458.1560974121094,998.5191650390625,523.8875122070312
Cosmos2.5_0057,45,yellow cube,1,0.5702645182609558,yellow cube,568.7909545898438,361.8363037109375,596.7835083007812,395.28314208984375
Cosmos2.5_0057,45,yellow cube,2,0.20981840789318085,yellow cube,953.4898681640625,456.9906005859375,1119.3116455078125,584.0147705078125
Cosmos2.5_0057,45,yellow cube,3,0.1619272381067276,yellow cube,560.1857299804688,97.36135864257812,1168.474365234375,700.444580078125
Cosmos2.5_0057,45,yellow cube,4,0.1555807739496231,yellow cube,1068.728759765625,514.3128662109375,1119.1728515625,583.064208984375
Cosmos2.5_0057,45,yellow cube,5,0.12165548652410507,yellow cube,894.48779296875,637.9789428710938,1030.318359375,702.5983276367188
Cosmos2.5_0057,45,yellow cube,6,0.11728658527135849,yellow cube,312.2252197265625,216.39035034179688,710.15966796875,460.0201110839844
Cosmos2.5_0057,45,yellow cube,7,0.1047067940235138,cube,951.78515625,456.8249206542969,999.73193359375,557.7282104492188
Cosmos2.5_0057,48,yellow cube,1,0.5890875458717346,yellow cube,562.5618286132812,361.5535888671875,592.4093627929688,391.2008056640625
Cosmos2.5_0057,48,yellow cube,2,0.1699792444705963,yellow cube,952.6998291015625,457.3904113769531,1118.7017822265625,583.2539672851562
Cosmos2.5_0057,48,yellow cube,3,0.1513354778289795,yellow cube,312.03955078125,216.28543090820312,708.1505737304688,460.2353820800781
Cosmos2.5_0057,48,yellow cube,4,0.1441308557987213,yellow cube,572.856689453125,54.725311279296875,1165.218017578125,699.3162841796875
Cosmos2.5_0057,48,yellow cube,5,0.13702359795570374,yellow cube,1068.978759765625,521.080810546875,1118.65625,582.7005615234375
Cosmos2.5_0057,48,yellow cube,6,0.1026063933968544,yellow,894.1978759765625,638.029541015625,1030.8270263671875,702.6015625
Cosmos2.5_0057,51,yellow cube,1,0.5403734445571899,yellow cube,547.6957397460938,354.6709899902344,576.0390014648438,385.2195129394531
Cosmos2.5_0057,51,yellow cube,2,0.24775618314743042,yellow cube,953.0451049804688,457.1507568359375,1119.1826171875,584.624755859375
Cosmos2.5_0057,51,yellow cube,3,0.20821543037891388,yellow cube,312.3088073730469,215.73635864257812,697.8580322265625,445.2524108886719
Cosmos2.5_0057,51,yellow cube,4,0.18206752836704254,yellow cube,552.5811767578125,1.595245361328125,1173.3677978515625,700.1805419921875
Cosmos2.5_0057,51,yellow cube,5,0.1572553962469101,yellow cube,1068.867431640625,515.6942138671875,1119.08837890625,583.094482421875
Cosmos2.5_0057,51,yellow cube,6,0.13895545899868011,yellow cube,951.4376220703125,456.8426513671875,999.2633056640625,557.1473388671875
Cosmos2.5_0057,51,yellow cube,7,0.1385865956544876,yellow cube,964.3668212890625,457.4093933105469,998.5604248046875,523.046875
Cosmos2.5_0057,51,yellow cube,8,0.11959361284971237,yellow cube,894.343017578125,638.0943603515625,1031.1439208984375,702.5009765625
Cosmos2.5_0057,51,yellow cube,9,0.10764423757791519,yellow cube,2.570587158203125,275.734130859375,973.084228515625,700.459228515625
Cosmos2.5_0057,54,yellow cube,1,0.3999250829219818,yellow cube,532.7543334960938,349.29498291015625,555.7947387695312,376.94610595703125
Cosmos2.5_0057,54,yellow cube,2,0.291022390127182,yellow cube,312.4906311035156,215.35342407226562,679.636474609375,433.4147644042969
Cosmos2.5_0057,54,yellow cube,3,0.27892014384269714,yellow cube,952.8237915039062,457.67059326171875,1119.6768798828125,585.5508422851562
Cosmos2.5_0057,54,yellow cube,4,0.19571872055530548,yellow cube,549.4345703125,17.69134521484375,1162.133544921875,699.9453735351562
Cosmos2.5_0057,54,yellow cube,5,0.17521341145038605,yellow cube,1070.5230712890625,529.7883911132812,1119.2767333984375,583.8356323242188
Cosmos2.5_0057,54,yellow cube,6,0.14525428414344788,yellow cube,951.5491943359375,457.4466857910156,999.2725830078125,555.1537475585938
Cosmos2.5_0057,54,yellow cube,7,0.14521898329257965,yellow cube,894.4697265625,638.31689453125,1031.0269775390625,702.49951171875
Cosmos2.5_0057,54,yellow cube,8,0.12539511919021606,yellow cube,2.370025634765625,278.38848876953125,976.5655517578125,700.8565063476562
Cosmos2.5_0057,54,yellow cube,9,0.11036026477813721,yellow cube,968.3408813476562,458.75665283203125,997.5784301757812,522.1066284179688
Cosmos2.5_0057,57,yellow cube,1,0.3477090001106262,yellow cube,513.9998168945312,342.8746643066406,536.3201293945312,369.7471008300781
Cosmos2.5_0057,57,yellow cube,2,0.3351703882217407,yellow cube,953.1185302734375,457.47882080078125,1120.5872802734375,585.2791137695312
Cosmos2.5_0057,57,yellow cube,3,0.29878008365631104,yellow cube,312.4776611328125,216.18663024902344,667.3657836914062,427.0609130859375
Cosmos2.5_0057,57,yellow cube,4,0.22648628056049347,yellow cube,543.0932006835938,51.369415283203125,1180.34619140625,699.7711181640625
Cosmos2.5_0057,57,yellow cube,5,0.2087516486644745,yellow cube,1070.68359375,532.4898681640625,1119.697021484375,583.533447265625
Cosmos2.5_0057,57,yellow cube,6,0.16775958240032196,yellow cube,894.6304321289062,638.2009887695312,1030.9556884765625,702.5130004882812
Cosmos2.5_0057,57,yellow cube,7,0.14761580526828766,yellow cube,951.78759765625,457.0985412597656,999.9990234375,555.0342407226562
Cosmos2.5_0057,57,yellow cube,8,0.12867940962314606,yellow cube,966.1390380859375,458.6611328125,998.097412109375,522.7178344726562
Cosmos2.5_0057,57,yellow cube,9,0.11865881830453873,yellow cube,1.942962646484375,273.7288513183594,987.59375,700.8135986328125
Cosmos2.5_0057,60,yellow cube,1,0.4071887731552124,yellow cube,952.1758422851562,457.6806335449219,1120.4658203125,585.0283203125
Cosmos2.5_0057,60,yellow cube,2,0.29427769780158997,yellow cube,312.163818359375,215.98684692382812,658.591552734375,424.5339660644531
Cosmos2.5_0057,60,yellow cube,3,0.23748493194580078,yellow cube,540.4180908203125,75.44515991210938,1187.2047119140625,699.6510009765625
Cosmos2.5_0057,60,yellow cube,4,0.22634004056453705,yellow cube,894.5435791015625,637.9859008789062,1030.3118896484375,702.6980590820312
Cosmos2.5_0057,60,yellow cube,5,0.19379155337810516,yellow cube,1070.3511962890625,531.9992065429688,1119.7786865234375,583.8069458007812
Cosmos2.5_0057,60,yellow cube,6,0.1599191278219223,yellow cube,950.9976806640625,457.5448913574219,999.2012939453125,555.143798828125
Cosmos2.5_0057,60,yellow cube,7,0.13218607008457184,yellow cube,2.514373779296875,271.01092529296875,975.202392578125,700.7498168945312
Cosmos2.5_0057,60,yellow cube,8,0.13160230219364166,yellow cube,967.465087890625,459.09967041015625,997.7633056640625,522.443359375
Cosmos2.5_0057,60,yellow cube,9,0.1196654886007309,cube,1131.6759033203125,647.2166748046875,1243.4290771484375,702.168701171875
Cosmos2.5_0057,60,yellow cube,10,0.10457821935415268,cube,936.5413818359375,674.798095703125,993.86279296875,702.322021484375
Cosmos2.5_0057,63,yellow cube,1,0.3776347041130066,yellow cube,952.77294921875,457.6334533691406,1120.47265625,585.4722900390625
Cosmos2.5_0057,63,yellow cube,2,0.31615889072418213,yellow cube,312.3673400878906,215.7654266357422,652.9451904296875,423.09619140625
Cosmos2.5_0057,63,yellow cube,3,0.24439916014671326,yellow cube,542.1896362304688,86.1910400390625,1190.5654296875,699.7848510742188
Cosmos2.5_0057,63,yellow cube,4,0.21333733201026917,yellow cube,1069.3955078125,535.0532836914062,1119.79248046875,583.7072143554688
Cosmos2.5_0057,63,yellow cube,5,0.2079276442527771,yellow cube,894.4048461914062,638.0906982421875,1030.5416259765625,702.640869140625
Cosmos2.5_0057,63,yellow cube,6,0.1497921347618103,yellow cube,950.9029541015625,457.44854736328125,998.383056640625,554.2457885742188
Cosmos2.5_0057,63,yellow cube,7,0.14469248056411743,yellow cube,2.893768310546875,270.61834716796875,972.1661376953125,700.7604370117188
Cosmos2.5_0057,63,yellow cube,8,0.14463135600090027,yellow cube,965.433837890625,458.410400390625,997.734375,523.1510009765625
Cosmos2.5_0057,63,yellow cube,9,0.12107932567596436,yellow cube,1131.8482666015625,647.2251586914062,1242.8941650390625,702.2177124023438
Cosmos2.5_0057,63,yellow cube,10,0.1124410554766655,cube,937.6126708984375,675.648681640625,992.9842529296875,702.4296875
Cosmos2.5_0057,66,yellow cube,1,0.38494694232940674,yellow cube,952.0416870117188,457.2637634277344,1120.140380859375,586.875244140625
Cosmos2.5_0057,66,yellow cube,2,0.29589179158210754,yellow cube,312.24249267578125,215.8947296142578,651.3494262695312,422.68035888671875
Cosmos2.5_0057,66,yellow cube,3,0.24618686735630035,yellow cube,543.7813720703125,91.54986572265625,1192.7174072265625,699.818115234375
Cosmos2.5_0057,66,yellow cube,4,0.2171325534582138,yellow cube,894.3947143554688,637.9776611328125,1030.4488525390625,702.7095947265625
Cosmos2.5_0057,66,yellow cube,5,0.20955051481723785,yellow cube,1069.7113037109375,533.2730102539062,1119.4998779296875,584.0696411132812
Cosmos2.5_0057,66,yellow cube,6,0.15859723091125488,yellow cube,950.109375,457.3014831542969,998.007080078125,552.8221435546875
Cosmos2.5_0057,66,yellow cube,7,0.15240199863910675,yellow cube,966.123046875,458.2949523925781,997.4830322265625,522.5587768554688
Cosmos2.5_0057,66,yellow cube,8,0.14733588695526123,yellow cube,2.192413330078125,269.281494140625,968.5084228515625,700.8463745117188
Cosmos2.5_0057,66,yellow cube,9,0.1233510822057724,yellow cube,1131.177490234375,647.1229858398438,1243.11474609375,702.2189331054688
Cosmos2.5_0057,66,yellow cube,10,0.1129603385925293,cube,937.44384765625,675.1510009765625,992.982666015625,702.46337890625
Cosmos2.5_0057,69,yellow cube,1,0.3805771768093109,yellow cube,952.5082397460938,457.0684509277344,1120.6187744140625,586.2301025390625
Cosmos2.5_0057,69,yellow cube,2,0.3111802041530609,yellow cube,312.0760498046875,215.97018432617188,650.697509765625,423.0685119628906
Cosmos2.5_0057,69,yellow cube,3,0.2450767606496811,yellow cube,545.209228515625,94.5684814453125,1193.281982421875,699.7569580078125
Cosmos2.5_0057,69,yellow cube,4,0.22867685556411743,yellow cube,894.5347900390625,638.0086059570312,1030.2318115234375,702.7130737304688
Cosmos2.5_0057,69,yellow cube,5,0.2148011326789856,yellow cube,1069.4307861328125,533.7479858398438,1120.0904541015625,584.4934692382812
Cosmos2.5_0057,69,yellow cube,6,0.16461212933063507,yellow cube,950.8532104492188,457.08251953125,997.9078979492188,553.0012817382812
Cosmos2.5_0057,69,yellow cube,7,0.1639316827058792,yellow cube,2.506439208984375,270.53851318359375,969.1414794921875,701.0574951171875
Cosmos2.5_0057,69,yellow cube,8,0.1546369045972824,yellow cube,966.0389404296875,457.86724853515625,997.4095458984375,522.4638671875
Cosmos2.5_0057,69,yellow cube,9,0.13681212067604065,yellow cube,1130.9818115234375,647.0319213867188,1243.1944580078125,702.2930297851562
Cosmos2.5_0057,69,yellow cube,10,0.12110619992017746,cube,937.9432373046875,675.40869140625,993.3519287109375,702.3712158203125
Cosmos2.5_0057,72,yellow cube,1,0.4003569185733795,yellow cube,951.97021484375,457.2259216308594,1120.5068359375,586.275146484375
Cosmos2.5_0057,72,yellow cube,2,0.2973369359970093,yellow cube,312.14300537109375,216.0462188720703,649.3545532226562,423.17266845703125
Cosmos2.5_0057,72,yellow cube,3,0.22488828003406525,yellow cube,545.7083740234375,96.33673095703125,1193.381103515625,699.6094360351562
Cosmos2.5_0057,72,yellow cube,4,0.21144068241119385,yellow cube,1069.331787109375,533.5153198242188,1119.871337890625,583.7741088867188
Cosmos2.5_0057,72,yellow cube,5,0.20704203844070435,yellow cube,894.6431274414062,638.0872802734375,1030.343017578125,702.6685791015625
Cosmos2.5_0057,72,yellow cube,6,0.17873352766036987,yellow cube,950.1618041992188,457.1834716796875,997.3876342773438,553.69091796875
Cosmos2.5_0057,72,yellow cube,7,0.14693216979503632,yellow cube,2.351531982421875,271.16876220703125,969.6590576171875,700.8248901367188
Cosmos2.5_0057,72,yellow cube,8,0.14409783482551575,yellow cube,963.0520629882812,457.67034912109375,997.2548217773438,524.289794921875
Cosmos2.5_0057,72,yellow cube,9,0.1192220151424408,cube,1131.030517578125,647.1900024414062,1243.063720703125,702.2029418945312
Cosmos2.5_0057,72,yellow cube,10,0.10801854729652405,cube,937.7792358398438,675.0748901367188,993.1963500976562,702.4382934570312
Cosmos2.5_0057,75,yellow cube,1,0.43375951051712036,yellow cube,951.2828369140625,457.3670349121094,1120.3079833984375,585.2425537109375
Cosmos2.5_0057,75,yellow cube,2,0.2720475196838379,yellow cube,312.286376953125,215.98178100585938,650.8587646484375,423.3119201660156
Cosmos2.5_0057,75,yellow cube,3,0.22528806328773499,yellow cube,1069.41796875,533.1311645507812,1119.699462890625,583.5988159179688
Cosmos2.5_0057,75,yellow cube,4,0.1972036361694336,yellow cube,894.7057495117188,637.9559326171875,1030.1820068359375,702.647216796875
Cosmos2.5_0057,75,yellow cube,5,0.19569377601146698,yellow cube,545.4633178710938,96.69375610351562,1193.197021484375,699.639404296875
Cosmos2.5_0057,75,yellow cube,6,0.18813100457191467,yellow cube,949.776123046875,457.29498291015625,997.8531494140625,553.526123046875
Cosmos2.5_0057,75,yellow cube,7,0.15021102130413055,yellow cube,967.3125610351562,458.7290344238281,997.0590209960938,522.4611206054688
Cosmos2.5_0057,75,yellow cube,8,0.12402000278234482,yellow cube,2.1519775390625,271.5780334472656,970.0587768554688,700.9195556640625
Cosmos2.5_0057,75,yellow cube,9,0.11191517114639282,cube,1131.424072265625,647.3165893554688,1243.359619140625,702.2262573242188
Cosmos2.5_0057,78,yellow cube,1,0.41526487469673157,yellow cube,951.3380737304688,457.0981750488281,1120.819091796875,585.5488891601562
Cosmos2.5_0057,78,yellow cube,2,0.26505640149116516,yellow cube,312.322021484375,215.8758544921875,648.1905517578125,423.28619384765625
Cosmos2.5_0057,78,yellow cube,3,0.2307608425617218,yellow cube,1069.8206787109375,534.1262817382812,1119.9884033203125,583.4163208007812
Cosmos2.5_0057,78,yellow cube,4,0.21455812454223633,yellow cube,543.7940063476562,92.83306884765625,1193.400634765625,699.5076293945312
Cosmos2.5_0057,78,yellow cube,5,0.19495470821857452,yellow cube,894.8564453125,637.97705078125,1030.1826171875,702.6104736328125
Cosmos2.5_0057,78,yellow cube,6,0.19166505336761475,yellow cube,950.2537841796875,457.172607421875,997.8441162109375,553.6640625
Cosmos2.5_0057,78,yellow cube,7,0.14995703101158142,yellow cube,966.8900756835938,458.4524230957031,997.2171020507812,522.2999267578125
Cosmos2.5_0057,78,yellow cube,8,0.13173642754554749,yellow cube,2.329986572265625,270.0352783203125,970.426025390625,700.897705078125
Cosmos2.5_0057,78,yellow cube,9,0.11355353146791458,cube,1131.5069580078125,647.327392578125,1243.5157470703125,702.18505859375
Cosmos2.5_0057,81,yellow cube,1,0.42729267477989197,yellow cube,951.6405029296875,457.1483459472656,1120.4368896484375,584.9688110351562
Cosmos2.5_0057,81,yellow cube,2,0.25517159700393677,yellow cube,312.37872314453125,216.06692504882812,646.7738037109375,423.4081115722656
Cosmos2.5_0057,81,yellow cube,3,0.219111829996109,yellow cube,1069.8631591796875,533.9150390625,1119.6922607421875,583.0875244140625
Cosmos2.5_0057,81,yellow cube,4,0.21854084730148315,yellow cube,540.7766723632812,81.04440307617188,1193.6416015625,699.2430419921875
Cosmos2.5_0057,81,yellow cube,5,0.19308428466320038,yellow cube,894.7450561523438,638.0088500976562,1030.0,702.5996704101562
Cosmos2.5_0057,81,yellow cube,6,0.1922428011894226,yellow cube,950.5628662109375,457.09637451171875,997.8048095703125,554.4840087890625
Cosmos2.5_0057,81,yellow cube,7,0.14508463442325592,yellow cube,967.7266845703125,458.52447509765625,997.094482421875,522.0029296875
Cosmos2.5_0057,81,yellow cube,8,0.1115868091583252,cube,2.548095703125,269.86395263671875,970.965087890625,700.6849975585938
Cosmos2.5_0057,81,yellow cube,9,0.10644740611314774,cube,1131.609375,647.3984375,1243.57763671875,702.2069091796875
Cosmos2.5_0057,84,yellow cube,1,0.4108460247516632,yellow cube,951.7984008789062,457.0780944824219,1119.8349609375,585.4969482421875
Cosmos2.5_0057,84,yellow cube,2,0.2665439546108246,yellow cube,312.4228820800781,215.90176391601562,646.0072021484375,423.4390563964844
Cosmos2.5_0057,84,yellow cube,3,0.2201366424560547,yellow cube,1069.965087890625,533.9847412109375,1119.064208984375,583.1748046875
Cosmos2.5_0057,84,yellow cube,4,0.21955472230911255,yellow cube,538.6113891601562,75.63162231445312,1193.263671875,699.588623046875
Cosmos2.5_0057,84,yellow cube,5,0.1940101981163025,yellow cube,894.700927734375,637.9391479492188,1030.188232421875,702.6177368164062
Cosmos2.5_0057,84,yellow cube,6,0.1802590936422348,yellow cube,950.428955078125,457.08013916015625,997.7711181640625,553.4067993164062
Cosmos2.5_0057,84,yellow cube,7,0.14206407964229584,yellow cube,967.9423828125,458.44586181640625,996.975830078125,522.083984375
Cosmos2.5_0057,84,yellow cube,8,0.12297473102807999,yellow cube,2.6573486328125,269.9759216308594,970.0064697265625,700.77880859375
Cosmos2.5_0057,84,yellow cube,9,0.11084859073162079,cube,1131.6824951171875,647.2078857421875,1243.4888916015625,702.20654296875
Cosmos2.5_0057,87,yellow cube,1,0.38803380727767944,yellow cube,311.6112976074219,216.03103637695312,645.44140625,423.6276550292969
Cosmos2.5_0057,87,yellow cube,2,0.31679728627204895,yellow cube,585.9697875976562,20.381256103515625,1188.973388671875,699.4906005859375
Cosmos2.5_0057,87,yellow cube,3,0.24131831526756287,yellow cube,894.23193359375,638.0414428710938,1029.8017578125,702.6043090820312
Cosmos2.5_0057,87,yellow cube,4,0.2302468717098236,yellow cube,956.1754150390625,457.4081726074219,1124.0758056640625,586.0494384765625
Cosmos2.5_0057,87,yellow cube,5,0.18508285284042358,yellow cube,2.1978759765625,266.196533203125,972.4942626953125,700.6740112304688
Cosmos2.5_0057,87,yellow cube,6,0.1646278202533722,yellow cube,1069.370361328125,537.3308715820312,1123.4296875,585.1998901367188
Cosmos2.5_0057,87,yellow cube,7,0.13657419383525848,yellow cube,1131.7958984375,645.774658203125,1242.880615234375,702.388916015625
Cosmos2.5_0057,87,yellow cube,8,0.12385798245668411,yellow cube,965.6546020507812,457.72406005859375,996.4721069335938,523.1665649414062
Cosmos2.5_0057,87,yellow cube,9,0.1161988154053688,cube,937.12451171875,674.587890625,994.3739013671875,702.233642578125
Cosmos2.5_0057,87,yellow cube,10,0.1092437133193016,cube,950.90673828125,456.69464111328125,997.282958984375,555.7142944335938
Cosmos2.5_0057,87,yellow cube,11,0.10663548111915588,cube,2.00341796875,0.62371826171875,1278.0289306640625,702.5548095703125
Cosmos2.5_0057,87,yellow cube,12,0.10410737991333008,cube,548.9453125,152.1549072265625,657.3984375,241.43798828125
Cosmos2.5_0057,90,yellow cube,1,0.43656685948371887,yellow cube,311.4586181640625,216.42343139648438,645.8900756835938,423.7497253417969
Cosmos2.5_0057,90,yellow cube,2,0.2987479567527771,yellow cube,620.899169921875,16.675689697265625,1206.28173828125,700.1402587890625
Cosmos2.5_0057,90,yellow cube,3,0.23829279839992523,yellow cube,894.2781982421875,638.0950927734375,1029.579833984375,702.5924072265625
Cosmos2.5_0057,90,yellow cube,4,0.20098091661930084,yellow cube,2.818115234375,265.02093505859375,974.44873046875,700.6499633789062
Cosmos2.5_0057,90,yellow cube,5,0.1476004421710968,yellow cube,955.7298583984375,456.4407653808594,1112.8551025390625,586.0921020507812
Cosmos2.5_0057,90,yellow cube,6,0.129449263215065,yellow cube,315.1341247558594,217.23829650878906,610.3228759765625,321.983154296875
Cosmos2.5_0057,90,yellow cube,7,0.11759816110134125,cube,937.6657104492188,675.4114379882812,992.8526000976562,702.2312622070312
Cosmos2.5_0057,90,yellow cube,8,0.11293522268533707,yellow cube,902.726318359375,55.011810302734375,1193.891845703125,700.4881591796875
Cosmos2.5_0057,90,yellow cube,9,0.11045858263969421,cube,1068.0087890625,537.1984252929688,1112.491943359375,585.0608520507812
Cosmos2.5_0057,90,yellow cube,10,0.10548404604196548,cube,2.08056640625,1.353118896484375,1277.8021240234375,701.6961669921875
Cosmos2.5_0057,90,yellow cube,11,0.10320241004228592,cube,1131.830078125,646.79345703125,1242.68017578125,702.3116455078125
Cosmos2.5_0057,92,yellow cube,1,0.42453625798225403,yellow cube,311.4967041015625,216.39553833007812,645.7152709960938,423.7685241699219
Cosmos2.5_0057,92,yellow cube,2,0.30172204971313477,yellow cube,631.473876953125,22.62030029296875,1202.389404296875,699.8890991210938
Cosmos2.5_0057,92,yellow cube,3,0.2400292605161667,yellow cube,894.6060791015625,638.0580444335938,1029.69580078125,702.6498413085938
Cosmos2.5_0057,92,yellow cube,4,0.19901394844055176,yellow cube,2.964599609375,262.4927978515625,972.27490234375,700.5986938476562
Cosmos2.5_0057,92,yellow cube,5,0.13104550540447235,yellow cube,1131.3472900390625,646.9910888671875,1243.1597900390625,702.3782958984375
Cosmos2.5_0057,92,yellow cube,6,0.12734414637088776,yellow cube,965.3668823242188,457.0650634765625,993.8890991210938,523.0845336914062
Cosmos2.5_0057,92,yellow cube,7,0.12648090720176697,yellow cube,315.08966064453125,217.5747833251953,610.119384765625,320.2350158691406
Cosmos2.5_0057,92,yellow cube,8,0.12263636291027069,yellow cube,955.4801025390625,456.8185729980469,1110.0311279296875,584.062744140625
Cosmos2.5_0057,92,yellow cube,9,0.11988784372806549,cube,937.4827270507812,675.136962890625,993.2368774414062,702.2642822265625
Cosmos2.5_0057,92,yellow cube,10,0.10926559567451477,cube,902.3656616210938,56.1915283203125,1195.74072265625,701.2137451171875
Cosmos2.5_0057,92,yellow cube,11,0.10432325303554535,cube,951.3211059570312,456.3105163574219,994.4021606445312,555.9810791015625
Cosmos2.5_0057,92,yellow cube,12,0.10400558263063431,cube,2.15472412109375,1.10284423828125,1278.026123046875,701.9403686523438
Cosmos3_seed101_0039,0,brown cube,1,0.7446960210800171,brown cube,472.6421813964844,363.7569580078125,591.5555419921875,474.71502685546875
Cosmos3_seed101_0039,0,brown cube,2,0.15022012591362,brown cube,3.452056884765625,259.7303161621094,986.226806640625,717.32275390625
Cosmos3_seed101_0039,0,brown cube,3,0.12854501605033875,brown cube,1111.63037109375,542.7215576171875,1219.003662109375,629.7296142578125
Cosmos3_seed101_0039,0,brown cube,4,0.12138614803552628,brown cube,1133.5272216796875,556.54541015625,1195.8594970703125,597.6309814453125
Cosmos3_seed101_0039,3,brown cube,1,0.7401434779167175,brown cube,472.9991760253906,363.4381408691406,591.4751586914062,472.6242370605469
Cosmos3_seed101_0039,3,brown cube,2,0.146763414144516,brown cube,3.490966796875,259.74908447265625,984.2344970703125,717.20556640625
Cosmos3_seed101_0039,3,brown cube,3,0.13863174617290497,brown cube,1111.4512939453125,543.2910766601562,1219.2542724609375,630.7335815429688
Cosmos3_seed101_0039,3,brown cube,4,0.11379928886890411,brown cube,1133.5037841796875,556.6966552734375,1195.3768310546875,597.5947265625
Cosmos3_seed101_0039,6,brown cube,1,0.7506785988807678,brown cube,472.7372741699219,364.20452880859375,591.700927734375,473.9371337890625
Cosmos3_seed101_0039,6,brown cube,2,0.13833320140838623,brown cube,3.6910400390625,259.80560302734375,985.70703125,717.156982421875
Cosmos3_seed101_0039,6,brown cube,3,0.12171407788991928,brown cube,1111.862060546875,543.4240112304688,1219.217529296875,629.9641723632812
Cosmos3_seed101_0039,9,brown cube,1,0.7365555167198181,brown cube,472.9906005859375,364.54815673828125,591.6903076171875,472.84814453125
Cosmos3_seed101_0039,9,brown cube,2,0.14566005766391754,brown cube,4.412750244140625,259.4792785644531,985.9765625,717.3660888671875
Cosmos3_seed101_0039,9,brown cube,3,0.1384929120540619,brown cube,1111.694091796875,543.5100708007812,1219.070068359375,629.9473266601562
Cosmos3_seed101_0039,9,brown cube,4,0.13070900738239288,brown cube,1133.401123046875,556.4260864257812,1196.154052734375,597.9578247070312
Cosmos3_seed101_0039,12,brown cube,1,0.7425635457038879,brown cube,472.88848876953125,364.2298583984375,591.8126831054688,475.6708984375
Cosmos3_seed101_0039,12,brown cube,2,0.14794810116291046,brown cube,4.55523681640625,259.473876953125,985.1091918945312,717.3203735351562
Cosmos3_seed101_0039,12,brown cube,3,0.12100211530923843,brown cube,1111.5706787109375,543.6074829101562,1218.9097900390625,629.8168334960938
Cosmos3_seed101_0039,12,brown cube,4,0.10884206742048264,brown cube,1133.59228515625,556.5823364257812,1196.027099609375,597.8588256835938
Cosmos3_seed101_0039,15,brown cube,1,0.7293368577957153,brown cube,473.0234680175781,364.087158203125,591.6598510742188,469.1943359375
Cosmos3_seed101_0039,15,brown cube,2,0.15421521663665771,brown cube,3.603668212890625,259.38812255859375,985.767333984375,717.1729125976562
Cosmos3_seed101_0039,15,brown cube,3,0.13493524491786957,brown cube,1111.11376953125,543.5448608398438,1218.83154296875,629.6856079101562
Cosmos3_seed101_0039,15,brown cube,4,0.12297410517930984,brown cube,1133.6441650390625,556.5253295898438,1196.2218017578125,597.8164672851562
Cosmos3_seed101_0039,18,brown cube,1,0.7532256841659546,brown cube,472.771240234375,364.838623046875,591.69921875,473.42156982421875
Cosmos3_seed101_0039,18,brown cube,2,0.14453943073749542,brown cube,3.3673095703125,259.6277160644531,989.6904296875,717.4189453125
Cosmos3_seed101_0039,18,brown cube,3,0.12799212336540222,brown cube,1111.5877685546875,543.3779296875,1218.9119873046875,629.824462890625
Cosmos3_seed101_0039,18,brown cube,4,0.11181218177080154,brown cube,1133.6993408203125,556.55029296875,1195.7926025390625,597.6395263671875
Cosmos3_seed101_0039,21,brown cube,1,0.7500150799751282,brown cube,472.8993835449219,365.0087585449219,591.6122436523438,473.2099914550781
Cosmos3_seed101_0039,21,brown cube,2,0.1370316594839096,brown cube,2.91546630859375,259.37115478515625,989.4121704101562,717.4036865234375
Cosmos3_seed101_0039,21,brown cube,3,0.1287379264831543,brown cube,1111.947998046875,543.4601440429688,1218.92578125,630.0442504882812
Cosmos3_seed101_0039,21,brown cube,4,0.12645968794822693,brown cube,1133.2989501953125,556.5548706054688,1195.9373779296875,597.7300415039062
Cosmos3_seed101_0039,21,brown cube,5,0.10031820833683014,brown,966.84130859375,466.4692687988281,995.358154296875,530.83154296875
Cosmos3_seed101_0039,24,brown cube,1,0.7447381615638733,brown cube,472.9126281738281,364.9870300292969,591.5980834960938,473.7940368652344
Cosmos3_seed101_0039,24,brown cube,2,0.14546391367912292,brown cube,3.075531005859375,259.4132080078125,989.6097412109375,717.62890625
Cosmos3_seed101_0039,24,brown cube,3,0.12909293174743652,brown cube,1112.2083740234375,543.43017578125,1219.1795654296875,631.4423828125
Cosmos3_seed101_0039,24,brown cube,4,0.11701686680316925,brown cube,1133.231689453125,556.5012817382812,1196.071044921875,597.8179321289062
Cosmos3_seed101_0039,27,brown cube,1,0.7480697631835938,brown cube,472.8326721191406,364.71173095703125,591.4494018554688,474.08465576171875
Cosmos3_seed101_0039,27,brown cube,2,0.14852432906627655,brown cube,3.3238525390625,259.33807373046875,986.2601318359375,717.472412109375
Cosmos3_seed101_0039,27,brown cube,3,0.12312649190425873,brown cube,1107.67724609375,542.8612670898438,1218.967041015625,630.8703002929688
Cosmos3_seed101_0039,27,brown cube,4,0.1087232232093811,brown cube,1133.77783203125,556.2749633789062,1195.67822265625,597.5210571289062
Cosmos3_seed101_0039,30,brown cube,1,0.7436632513999939,brown cube,472.7084655761719,364.9992980957031,591.5439453125,473.2795715332031
Cosmos3_seed101_0039,30,brown cube,2,0.15323646366596222,brown cube,3.605560302734375,260.1007080078125,979.837158203125,717.5003051757812
Cosmos3_seed101_0039,30,brown cube,3,0.13536080718040466,brown cube,1133.2958984375,556.0397338867188,1196.091064453125,597.6405639648438
Cosmos3_seed101_0039,30,brown cube,4,0.10746043175458908,brown cube,1108.8349609375,543.3154907226562,1218.784912109375,629.9786987304688
Cosmos3_seed101_0039,33,brown cube,1,0.7511029839515686,brown cube,472.8868408203125,364.8617248535156,591.64208984375,470.0788879394531
Cosmos3_seed101_0039,33,brown cube,2,0.1476062834262848,brown cube,1133.5726318359375,556.5661010742188,1195.8953857421875,597.6996459960938
Cosmos3_seed101_0039,33,brown cube,3,0.13705028593540192,brown cube,1069.40283203125,540.7313842773438,1116.859130859375,590.9784545898438
Cosmos3_seed101_0039,33,brown cube,4,0.1350202113389969,brown cube,3.2828369140625,259.9494323730469,983.3804321289062,717.456787109375
Cosmos3_seed101_0039,33,brown cube,5,0.10695267468690872,brown cube,1121.0999755859375,548.8671264648438,1219.0089111328125,630.1127319335938
Cosmos3_seed101_0039,36,brown cube,1,0.7307388186454773,brown cube,472.6940002441406,364.6880798339844,591.6517333984375,471.0696105957031
Cosmos3_seed101_0039,36,brown cube,2,0.1817830353975296,brown cube,1133.8182373046875,556.4501342773438,1196.0535888671875,597.9334106445312
Cosmos3_seed101_0039,36,brown cube,3,0.16948704421520233,brown cube,1069.404541015625,538.822509765625,1117.08544921875,590.77685546875
Cosmos3_seed101_0039,36,brown cube,4,0.147444948554039,brown cube,3.0595703125,258.7496032714844,984.673828125,717.735107421875
Cosmos3_seed101_0039,36,brown cube,5,0.1289178431034088,brown cube,1119.5047607421875,547.96533203125,1218.8582763671875,629.841064453125
Cosmos3_seed101_0039,36,brown cube,6,0.1039985790848732,brown cube,952.0861206054688,465.5121154785156,996.4220581054688,563.22216796875
Cosmos3_seed101_0039,39,brown cube,1,0.7331396341323853,brown cube,472.5521545410156,364.39691162109375,591.8406372070312,471.92279052734375
Cosmos3_seed101_0039,39,brown cube,2,0.1618700474500656,brown cube,1134.04736328125,556.7369384765625,1195.853271484375,598.0638427734375
Cosmos3_seed101_0039,39,brown cube,3,0.16073912382125854,brown cube,1069.4385986328125,538.6632080078125,1116.9134521484375,590.91552734375
Cosmos3_seed101_0039,39,brown cube,4,0.14238902926445007,brown cube,3.670501708984375,258.9849853515625,978.8966064453125,717.5451049804688
Cosmos3_seed101_0039,39,brown cube,5,0.1365358531475067,brown cube,1117.5543212890625,545.7576293945312,1219.1068115234375,630.7875366210938
Cosmos3_seed101_0039,42,brown cube,1,0.7307034134864807,brown cube,472.7605285644531,364.57281494140625,591.924072265625,472.32122802734375
Cosmos3_seed101_0039,42,brown cube,2,0.15103638172149658,brown cube,1069.949462890625,537.2703247070312,1117.603759765625,590.8753051757812
Cosmos3_seed101_0039,42,brown cube,3,0.14430145919322968,brown cube,2.98175048828125,260.0561828613281,983.05859375,717.5838623046875
Cosmos3_seed101_0039,42,brown cube,4,0.1410796046257019,brown cube,1134.656005859375,556.7194213867188,1196.053466796875,597.6677856445312
Cosmos3_seed101_0039,42,brown cube,5,0.12989355623722076,brown cube,1112.8524169921875,543.3963012695312,1219.0201416015625,632.9612426757812
Cosmos3_seed101_0039,45,brown cube,1,0.7342122793197632,brown cube,472.84033203125,364.4158935546875,591.5845947265625,470.578369140625
Cosmos3_seed101_0039,45,brown cube,2,0.1691659837961197,brown cube,1069.42041015625,538.642333984375,1117.161376953125,590.9390869140625
Cosmos3_seed101_0039,45,brown cube,3,0.1526327133178711,brown cube,1134.5928955078125,556.8302001953125,1196.0919189453125,597.2354736328125
Cosmos3_seed101_0039,45,brown cube,4,0.1378004550933838,brown cube,1112.6484375,543.6480712890625,1218.75830078125,631.3861083984375
Cosmos3_seed101_0039,45,brown cube,5,0.13188207149505615,brown cube,4.21356201171875,260.61065673828125,982.4478759765625,717.515869140625
Cosmos3_seed101_0039,48,brown cube,1,0.7444495558738708,brown cube,472.63153076171875,364.7325744628906,591.5442504882812,470.8921813964844
Cosmos3_seed101_0039,48,brown cube,2,0.16721074283123016,brown cube,1113.078857421875,543.6713256835938,1218.64990234375,630.2238159179688
Cosmos3_seed101_0039,48,brown cube,3,0.13819977641105652,brown cube,1069.322021484375,536.925537109375,1116.873046875,590.609375
Cosmos3_seed101_0039,48,brown cube,4,0.13450683653354645,brown cube,1134.48046875,557.1406860351562,1195.482177734375,597.3506469726562
Cosmos3_seed101_0039,48,brown cube,5,0.12440048158168793,brown cube,3.313995361328125,261.0638427734375,984.51025390625,717.5136108398438
Cosmos3_seed101_0039,48,brown cube,6,0.10593351721763611,brown cube,952.6356811523438,465.9136657714844,995.2007446289062,562.5210571289062
Cosmos3_seed101_0039,48,brown cube,7,0.10382644832134247,brown,955.4485473632812,466.7524719238281,1117.1060791015625,590.9352416992188
Cosmos3_seed101_0039,51,brown cube,1,0.741654634475708,brown cube,472.6703186035156,363.9925537109375,591.583740234375,468.92572021484375
Cosmos3_seed101_0039,51,brown cube,2,0.13867728412151337,brown cube,1112.683837890625,543.3018188476562,1218.988037109375,630.2084350585938
Cosmos3_seed101_0039,51,brown cube,3,0.13002856075763702,brown cube,1136.4564208984375,557.1138305664062,1195.3758544921875,597.1824340820312
Cosmos3_seed101_0039,51,brown cube,4,0.12184300273656845,brown cube,2.80780029296875,261.4623718261719,986.2635498046875,717.433837890625
Cosmos3_seed101_0039,51,brown cube,5,0.10833962261676788,brown cube,1069.41455078125,535.3197631835938,1117.496826171875,590.5097045898438
Cosmos3_seed101_0039,51,brown cube,6,0.10213635861873627,brown,952.2617797851562,465.7234802246094,994.7575073242188,562.2918701171875
Cosmos3_seed101_0039,54,brown cube,1,0.7317063808441162,brown cube,472.84771728515625,362.1902770996094,591.6238403320312,470.2714538574219
Cosmos3_seed101_0039,54,brown cube,2,0.16899725794792175,brown cube,1112.187744140625,542.943359375,1218.794677734375,630.5113525390625
Cosmos3_seed101_0039,54,brown cube,3,0.12765471637248993,brown cube,2.727447509765625,264.89935302734375,986.4908447265625,717.6856689453125
Cosmos3_seed101_0039,54,brown cube,4,0.11849561333656311,brown cube,1069.2947998046875,533.3927612304688,1117.5360107421875,590.6742553710938
Cosmos3_seed101_0039,54,brown cube,5,0.11779129505157471,brown cube,952.318115234375,465.7899169921875,994.6575927734375,561.3680419921875
Cosmos3_seed101_0039,54,brown cube,6,0.1167282685637474,brown cube,1138.6201171875,557.9010009765625,1194.526611328125,596.705810546875
Cosmos3_seed101_0039,57,brown cube,1,0.739791989326477,brown cube,472.62872314453125,362.78533935546875,591.9227905273438,471.61065673828125
Cosmos3_seed101_0039,57,brown cube,2,0.14274947345256805,brown cube,1111.9915771484375,543.34130859375,1218.7508544921875,630.8082275390625
Cosmos3_seed101_0039,57,brown cube,3,0.12247567623853683,brown cube,3.624420166015625,264.745361328125,985.3709716796875,717.4110717773438
Cosmos3_seed101_0039,57,brown cube,4,0.121930330991745,brown cube,952.3681030273438,465.7752380371094,994.8223266601562,562.2543334960938
Cosmos3_seed101_0039,57,brown cube,5,0.11589501053094864,brown cube,953.8963012695312,465.9635314941406,1117.59765625,590.9925537109375
Cosmos3_seed101_0039,57,brown cube,6,0.10809168964624405,brown cube,1069.4539794921875,531.3443603515625,1117.7784423828125,590.973388671875
Cosmos3_seed101_0039,60,brown cube,1,0.7365817427635193,brown cube,472.3925476074219,362.80291748046875,591.9367065429688,471.61309814453125
Cosmos3_seed101_0039,60,brown cube,2,0.15243232250213623,brown cube,1111.542724609375,543.2371215820312,1218.817626953125,630.6857299804688
Cosmos3_seed101_0039,60,brown cube,3,0.1442089080810547,brown cube,955.6077880859375,465.7418212890625,1117.3594970703125,590.740234375
Cosmos3_seed101_0039,60,brown cube,4,0.12221928685903549,brown cube,2.905426025390625,260.7815856933594,984.6385498046875,717.528564453125
Cosmos3_seed101_0039,60,brown cube,5,0.12009526044130325,brown cube,1069.1094970703125,531.7909545898438,1117.4654541015625,590.7450561523438
Cosmos3_seed101_0039,60,brown cube,6,0.10933441668748856,brown cube,952.2109375,465.7352294921875,994.691162109375,561.302734375
Cosmos3_seed101_0039,60,brown cube,7,0.10122556239366531,brown,966.4629516601562,466.23870849609375,993.8997192382812,531.358154296875
Cosmos3_seed101_0039,63,brown cube,1,0.7538808584213257,brown cube,472.6905212402344,362.74884033203125,591.8690795898438,472.1400146484375
Cosmos3_seed101_0039,63,brown cube,2,0.13055503368377686,brown cube,1111.5926513671875,543.191162109375,1218.5933837890625,629.8221435546875
Cosmos3_seed101_0039,63,brown cube,3,0.11283792555332184,brown cube,2.777862548828125,262.8522644042969,985.33740234375,717.293701171875
Cosmos3_seed101_0039,63,brown cube,4,0.10752468556165695,brown cube,1069.098388671875,531.29541015625,1117.619873046875,590.83154296875
Cosmos3_seed101_0039,63,brown cube,5,0.10340306907892227,brown,957.419677734375,465.975341796875,1117.349853515625,590.828369140625
Cosmos3_seed101_0039,66,brown cube,1,0.7467746138572693,brown cube,472.6517333984375,363.04034423828125,591.8111572265625,474.4248046875
Cosmos3_seed101_0039,66,brown cube,2,0.13806599378585815,brown cube,1111.7728271484375,543.3494873046875,1218.5677490234375,632.1246337890625
Cosmos3_seed101_0039,66,brown cube,3,0.13045647740364075,brown cube,956.9744873046875,465.6388854980469,1117.3299560546875,590.6864013671875
Cosmos3_seed101_0039,66,brown cube,4,0.11817766726016998,brown cube,1068.636962890625,531.467529296875,1117.292724609375,590.4627685546875
Cosmos3_seed101_0039,66,brown cube,5,0.11125890165567398,brown cube,2.61932373046875,263.543212890625,984.9419555664062,717.3178100585938
Cosmos3_seed101_0039,69,brown cube,1,0.7466097474098206,brown cube,472.69580078125,365.36785888671875,591.611328125,474.58502197265625
Cosmos3_seed101_0039,69,brown cube,2,0.1451035737991333,brown cube,1111.9063720703125,543.9172973632812,1218.5684814453125,631.8577270507812
Cosmos3_seed101_0039,69,brown cube,3,0.13804562389850616,brown cube,956.3823852539062,465.5123596191406,1117.2698974609375,590.6802978515625
Cosmos3_seed101_0039,69,brown cube,4,0.12046214938163757,brown cube,2.863311767578125,265.19512939453125,984.2442626953125,717.6934814453125
Cosmos3_seed101_0039,69,brown cube,5,0.11916548013687134,brown cube,1068.7869873046875,531.6162719726562,1117.2916259765625,590.5798950195312
Cosmos3_seed101_0039,69,brown cube,6,0.10230709612369537,brown,952.166259765625,465.64007568359375,994.806884765625,562.1868286132812
Cosmos3_seed101_0039,72,brown cube,1,0.7274662256240845,brown cube,472.5460510253906,365.5641174316406,591.5716552734375,473.6890563964844
Cosmos3_seed101_0039,72,brown cube,2,0.1664145439863205,brown cube,1112.43359375,544.2604370117188,1218.59619140625,632.3506469726562
Cosmos3_seed101_0039,72,brown cube,3,0.14949660003185272,brown cube,958.3836669921875,465.4040222167969,1117.4193115234375,590.834228515625
Cosmos3_seed101_0039,72,brown cube,4,0.14789409935474396,brown cube,1068.8150634765625,531.8408813476562,1117.4285888671875,590.8267211914062
Cosmos3_seed101_0039,72,brown cube,5,0.12490760535001755,brown cube,2.98992919921875,266.14202880859375,984.4722290039062,717.6151733398438
Cosmos3_seed101_0039,72,brown cube,6,0.12467276304960251,brown cube,966.4393920898438,466.0335388183594,993.9297485351562,531.0355224609375
Cosmos3_seed101_0039,72,brown cube,7,0.11111080646514893,brown cube,952.3848876953125,465.51898193359375,994.7957763671875,562.5095825195312
Cosmos3_seed101_0039,72,brown cube,8,0.1015695109963417,brown,1145.3408203125,558.772216796875,1194.9775390625,597.5675048828125
Cosmos3_seed101_0039,75,brown cube,1,0.7298973202705383,brown cube,472.6238098144531,364.980224609375,591.6085815429688,471.98614501953125
Cosmos3_seed101_0039,75,brown cube,2,0.17046986520290375,brown cube,1112.00390625,543.9130249023438,1218.314453125,631.4711303710938
Cosmos3_seed101_0039,75,brown cube,3,0.14767034351825714,brown cube,1069.1497802734375,531.3958129882812,1117.2281494140625,590.8015747070312
Cosmos3_seed101_0039,75,brown cube,4,0.1357714682817459,brown cube,954.2861938476562,465.4875183105469,1117.1612548828125,590.8779296875
Cosmos3_seed101_0039,75,brown cube,5,0.12865377962589264,brown cube,951.9996337890625,465.59002685546875,994.737548828125,562.8593139648438
Cosmos3_seed101_0039,75,brown cube,6,0.11861088871955872,brown cube,3.01239013671875,266.098876953125,984.48095703125,717.6161499023438
Cosmos3_seed101_0039,75,brown cube,7,0.10979049652814865,brown cube,966.1682739257812,465.89923095703125,993.9324340820312,531.1820678710938
Cosmos3_seed101_0039,75,brown cube,8,0.10373760759830475,brown,1144.502197265625,558.8334350585938,1194.598876953125,597.6196899414062
Cosmos3_seed101_0039,78,brown cube,1,0.7367176413536072,brown cube,472.7242431640625,364.619384765625,591.3203125,472.248779296875
Cosmos3_seed101_0039,78,brown cube,2,0.14930930733680725,brown cube,1111.8465576171875,543.697021484375,1218.5054931640625,631.8668212890625
Cosmos3_seed101_0039,78,brown cube,3,0.12780486047267914,brown cube,3.1326904296875,265.51318359375,973.41552734375,717.5347290039062
Cosmos3_seed101_0039,78,brown cube,4,0.11376096308231354,brown cube,1068.857421875,531.17431640625,1117.508056640625,590.77294921875
Cosmos3_seed101_0039,78,brown cube,5,0.10534914582967758,brown cube,955.3615112304688,465.4213562011719,1117.2783203125,590.84814453125
Cosmos3_seed101_0039,81,brown cube,1,0.7474467754364014,brown cube,472.7942199707031,365.79937744140625,591.4901123046875,471.9827880859375
Cosmos3_seed101_0039,81,brown cube,2,0.15230777859687805,brown cube,1112.156494140625,543.48046875,1218.687255859375,631.901123046875
Cosmos3_seed101_0039,81,brown cube,3,0.12512247264385223,brown cube,2.958526611328125,266.4788818359375,982.8349609375,717.6692504882812
Cosmos3_seed101_0039,81,brown cube,4,0.10777322202920914,brown cube,1068.58544921875,531.1976318359375,1117.5615234375,591.0244140625
Cosmos3_seed101_0039,84,brown cube,1,0.7390202283859253,brown cube,472.6575927734375,364.6469421386719,591.549072265625,473.8036804199219
Cosmos3_seed101_0039,84,brown cube,2,0.1468542516231537,brown cube,1112.1044921875,543.1386108398438,1218.408447265625,631.1597290039062
Cosmos3_seed101_0039,84,brown cube,3,0.12726956605911255,brown cube,2.931915283203125,265.33489990234375,976.984130859375,717.6622314453125
Cosmos3_seed101_0039,84,brown cube,4,0.1259535551071167,brown cube,1068.410888671875,531.1173095703125,1117.56787109375,591.1363525390625
Cosmos3_seed101_0039,84,brown cube,5,0.11185132712125778,brown cube,958.3296508789062,465.5478210449219,1117.361328125,591.0442504882812
Cosmos3_seed101_0039,87,brown cube,1,0.7360924482345581,brown cube,472.5881652832031,364.7921447753906,591.6605834960938,472.8463439941406
Cosmos3_seed101_0039,87,brown cube,2,0.13888892531394958,brown cube,1111.98779296875,543.2103881835938,1218.494384765625,631.1223754882812
Cosmos3_seed101_0039,87,brown cube,3,0.12346460670232773,brown cube,1068.5789794921875,530.3533325195312,1117.4913330078125,590.5399780273438
Cosmos3_seed101_0039,87,brown cube,4,0.12173210084438324,brown cube,3.286041259765625,265.6912536621094,981.4949951171875,717.51318359375
Cosmos3_seed101_0039,90,brown cube,1,0.7123466730117798,brown cube,472.6683349609375,366.48321533203125,591.2840576171875,472.620361328125
Cosmos3_seed101_0039,90,brown cube,2,0.16249176859855652,brown cube,960.5865478515625,465.6968078613281,1117.2083740234375,590.3656005859375
Cosmos3_seed101_0039,90,brown cube,3,0.16001762449741364,brown cube,1112.2952880859375,543.6822509765625,1218.5140380859375,631.03271484375
Cosmos3_seed101_0039,90,brown cube,4,0.1385456770658493,brown cube,1068.4129638671875,529.9022827148438,1117.4683837890625,590.4269409179688
Cosmos3_seed101_0039,90,brown cube,5,0.12966947257518768,brown cube,3.218902587890625,265.21136474609375,980.1883544921875,717.654296875
Cosmos3_seed101_0039,93,brown cube,1,0.7164164781570435,brown cube,472.8148193359375,368.3187561035156,591.4244384765625,473.7571105957031
Cosmos3_seed101_0039,93,brown cube,2,0.16122931241989136,brown cube,959.896728515625,465.47637939453125,1117.434326171875,590.3246459960938
Cosmos3_seed101_0039,93,brown cube,3,0.14003106951713562,brown cube,1112.408447265625,544.3060913085938,1218.79541015625,631.1201782226562
Cosmos3_seed101_0039,93,brown cube,4,0.1327669620513916,brown cube,3.190673828125,267.2640380859375,977.5699462890625,717.5962524414062
Cosmos3_seed101_0039,93,brown cube,5,0.1255243867635727,brown cube,1068.6639404296875,529.3367309570312,1117.6373291015625,590.2587280273438
Cosmos3_seed101_0039,93,brown cube,6,0.10558498650789261,brown,1144.3306884765625,559.595458984375,1195.8709716796875,598.2198486328125
Cosmos3_seed101_0039,96,brown cube,1,0.7098939418792725,brown cube,472.8603820800781,369.0460510253906,591.405029296875,473.8018493652344
Cosmos3_seed101_0039,96,brown cube,2,0.15912993252277374,brown cube,961.5647583007812,465.67779541015625,1117.6075439453125,590.8822631835938
Cosmos3_seed101_0039,96,brown cube,3,0.1429935097694397,brown cube,1068.63623046875,528.5829467773438,1117.7314453125,590.6974487304688
Cosmos3_seed101_0039,96,brown cube,4,0.14155298471450806,brown cube,1112.77783203125,544.4140014648438,1218.70361328125,631.8941040039062
Cosmos3_seed101_0039,96,brown cube,5,0.1326656937599182,brown cube,2.31719970703125,265.04168701171875,973.7171020507812,718.0335693359375
Cosmos3_seed101_0039,96,brown cube,6,0.10446514189243317,brown,1139.448486328125,559.123291015625,1195.757080078125,598.8182373046875
Cosmos3_seed101_0039,99,brown cube,1,0.7078664898872375,brown cube,472.77398681640625,370.20367431640625,591.5181274414062,472.38385009765625
Cosmos3_seed101_0039,99,brown cube,2,0.14720360934734344,brown cube,1112.5211181640625,543.842529296875,1218.8316650390625,631.7171630859375
Cosmos3_seed101_0039,99,brown cube,3,0.14468032121658325,brown cube,2.933990478515625,263.6292724609375,971.782470703125,717.6991577148438
Cosmos3_seed101_0039,99,brown cube,4,0.13846221566200256,brown cube,960.0806884765625,465.6507873535156,1117.6851806640625,590.2777709960938
Cosmos3_seed101_0039,99,brown cube,5,0.11528606712818146,brown cube,1068.6309814453125,529.2606201171875,1117.9576416015625,590.2381591796875
Cosmos3_seed101_0039,102,brown cube,1,0.7068066596984863,brown cube,473.0145263671875,369.2783203125,591.5699462890625,472.68280029296875
Cosmos3_seed101_0039,102,brown cube,2,0.18848368525505066,brown cube,960.9964599609375,465.638427734375,1117.5340576171875,590.7213134765625
Cosmos3_seed101_0039,102,brown cube,3,0.15086829662322998,brown cube,1112.561279296875,544.1348266601562,1218.6826171875,631.1383666992188
Cosmos3_seed101_0039,102,brown cube,4,0.14307881891727448,brown cube,2.802001953125,265.09527587890625,979.4599609375,717.642578125
Cosmos3_seed101_0039,102,brown cube,5,0.13420681655406952,brown cube,1068.4544677734375,529.2984008789062,1117.7103271484375,590.4306030273438
Cosmos3_seed101_0039,102,brown cube,6,0.11772865056991577,brown cube,1137.349365234375,558.6267700195312,1195.802978515625,598.7521362304688
Cosmos3_seed101_0039,102,brown cube,7,0.10308448225259781,brown,965.7745361328125,466.20269775390625,994.9283447265625,531.231201171875
Cosmos3_seed101_0039,105,brown cube,1,0.7002592086791992,brown cube,472.68603515625,369.1622314453125,591.7425537109375,470.702880859375
Cosmos3_seed101_0039,105,brown cube,2,0.1669766902923584,brown cube,959.3394775390625,465.891357421875,1117.8028564453125,590.8927001953125
Cosmos3_seed101_0039,105,brown cube,3,0.15051540732383728,brown cube,1112.3916015625,544.43408203125,1218.766845703125,631.1451416015625
Cosmos3_seed101_0039,105,brown cube,4,0.13736729323863983,brown cube,2.745819091796875,265.983154296875,984.499267578125,717.5118408203125
Cosmos3_seed101_0039,105,brown cube,5,0.13524159789085388,brown cube,1068.7664794921875,529.784912109375,1117.8096923828125,590.7061767578125
Cosmos3_seed101_0039,105,brown cube,6,0.10980650037527084,brown cube,1138.6561279296875,558.7142944335938,1195.8646240234375,599.5668334960938
Cosmos3_seed101_0039,108,brown cube,1,0.7151968479156494,brown cube,472.78106689453125,370.2000732421875,591.4744262695312,472.5716552734375
Cosmos3_seed101_0039,108,brown cube,2,0.16885584592819214,brown cube,959.241455078125,465.93572998046875,1117.981201171875,590.6725463867188
Cosmos3_seed101_0039,108,brown cube,3,0.15229491889476776,brown cube,1112.366943359375,544.2261962890625,1218.33837890625,631.0279541015625
Cosmos3_seed101_0039,108,brown cube,4,0.13661420345306396,brown cube,1068.4166259765625,529.68310546875,1117.9600830078125,590.6036376953125
Cosmos3_seed101_0039,108,brown cube,5,0.12811614573001862,brown cube,2.87200927734375,263.7021789550781,984.0535278320312,717.5831298828125
Cosmos3_seed101_0039,108,brown cube,6,0.10467471927404404,brown,1140.202880859375,558.8934326171875,1195.59521484375,599.152099609375
Cosmos3_seed101_0039,111,brown cube,1,0.7093226909637451,brown cube,472.9060363769531,371.197021484375,591.6786499023438,470.88848876953125
Cosmos3_seed101_0039,111,brown cube,2,0.14237719774246216,brown cube,958.0829467773438,465.4852600097656,1118.0341796875,590.5064086914062
Cosmos3_seed101_0039,111,brown cube,3,0.1365342140197754,brown cube,2.7421875,265.10333251953125,980.339599609375,717.5552368164062
Cosmos3_seed101_0039,111,brown cube,4,0.13630400598049164,brown cube,1112.5531005859375,543.8639526367188,1218.5797119140625,630.9946899414062
Cosmos3_seed101_0039,111,brown cube,5,0.12177694588899612,brown cube,1068.6492919921875,529.0707397460938,1118.0618896484375,590.4848022460938
Cosmos3_seed101_0039,114,brown cube,1,0.6968864798545837,brown cube,472.85577392578125,370.99285888671875,591.4564819335938,470.98260498046875
Cosmos3_seed101_0039,114,brown cube,2,0.14963015913963318,brown cube,2.626953125,265.0574951171875,981.5379638671875,717.6534423828125
Cosmos3_seed101_0039,114,brown cube,3,0.14959289133548737,brown cube,956.39892578125,465.57489013671875,1118.16943359375,590.4913940429688
Cosmos3_seed101_0039,114,brown cube,4,0.1397768259048462,brown cube,1112.2342529296875,544.0322265625,1218.6597900390625,631.008544921875
Cosmos3_seed101_0039,114,brown cube,5,0.116119883954525,brown cube,1068.5400390625,528.6283569335938,1118.146484375,590.3799438476562
Cosmos3_seed101_0039,114,brown cube,6,0.10394790023565292,brown,1136.5634765625,558.3245239257812,1196.203369140625,599.2127075195312
Cosmos3_seed101_0039,117,brown cube,1,0.6918120384216309,brown cube,472.79840087890625,370.7813415527344,591.6118774414062,472.6620788574219
Cosmos3_seed101_0039,117,brown cube,2,0.15243779122829437,brown cube,2.79541015625,266.2799377441406,975.935791015625,717.522705078125
Cosmos3_seed101_0039,117,brown cube,3,0.1450672745704651,brown cube,958.446533203125,465.3736572265625,1117.845947265625,590.4124755859375
Cosmos3_seed101_0039,117,brown cube,4,0.13862097263336182,brown cube,1112.51708984375,543.9457397460938,1218.689453125,631.2411499023438
Cosmos3_seed101_0039,117,brown cube,5,0.1132238432765007,brown cube,1068.573486328125,528.2651977539062,1117.87451171875,590.2536010742188
Cosmos3_seed101_0039,120,brown cube,1,0.6811148524284363,brown cube,472.88427734375,370.9119873046875,591.818603515625,471.9674072265625
Cosmos3_seed101_0039,120,brown cube,2,0.15228931605815887,brown cube,3.2071533203125,268.0830078125,973.63623046875,717.5695190429688
Cosmos3_seed101_0039,120,brown cube,3,0.1493629515171051,brown cube,1112.15869140625,543.6032104492188,1218.888671875,630.8215942382812
Cosmos3_seed101_0039,120,brown cube,4,0.12081323564052582,brown cube,958.889892578125,465.5141906738281,1117.84375,590.9432983398438
Cosmos3_seed101_0039,120,brown cube,5,0.1205180287361145,brown cube,1068.780029296875,528.4232177734375,1118.06201171875,590.7548828125
Cosmos3_seed101_0039,123,brown cube,1,0.6895523071289062,brown cube,472.69989013671875,370.5505676269531,591.7265014648438,468.3827209472656
Cosmos3_seed101_0039,123,brown cube,2,0.15254631638526917,brown cube,3.136322021484375,266.10693359375,969.208984375,717.4573364257812
Cosmos3_seed101_0039,123,brown cube,3,0.12236391007900238,brown cube,1112.3763427734375,543.475830078125,1218.8350830078125,630.9029541015625
Cosmos3_seed101_0039,126,brown cube,1,0.7020304203033447,brown cube,472.7679748535156,362.91668701171875,592.244140625,468.02197265625
Cosmos3_seed101_0039,126,brown cube,2,0.14058278501033783,brown cube,3.082916259765625,267.3731689453125,974.378662109375,717.4348754882812
Cosmos3_seed101_0039,126,brown cube,3,0.12529408931732178,brown cube,1112.3475341796875,543.638671875,1218.7147216796875,631.2369384765625
Cosmos3_seed101_0039,126,brown cube,4,0.12156788259744644,brown cube,960.7400512695312,465.28387451171875,1118.2386474609375,590.7544555664062
Cosmos3_seed101_0039,126,brown cube,5,0.1048593819141388,brown,1068.862548828125,528.1895141601562,1118.510498046875,590.5507202148438
Cosmos3_seed101_0039,129,brown cube,1,0.7245257496833801,brown cube,472.79376220703125,359.6426696777344,592.4904174804688,470.6340637207031
Cosmos3_seed101_0039,129,brown cube,2,0.13254141807556152,brown cube,3.073272705078125,268.15966796875,974.2921142578125,717.4835815429688
Cosmos3_seed101_0039,129,brown cube,3,0.1275620460510254,brown cube,959.163330078125,465.33941650390625,1118.085693359375,590.6560668945312
Cosmos3_seed101_0039,129,brown cube,4,0.12600502371788025,brown cube,1112.3837890625,543.73291015625,1218.749755859375,630.6820068359375
Cosmos3_seed101_0039,129,brown cube,5,0.11356804519891739,brown cube,1068.706298828125,528.0867919921875,1118.244873046875,590.494140625
Cosmos3_seed101_0039,132,brown cube,1,0.46462082862854004,brown cube,469.877197265625,347.6856384277344,585.9271240234375,433.0565490722656
Cosmos3_seed101_0039,132,brown cube,2,0.13774368166923523,brown cube,2.90008544921875,273.16778564453125,978.7732543945312,717.0491943359375
Cosmos3_seed101_0039,132,brown cube,3,0.13531842827796936,brown cube,962.8592529296875,465.6839599609375,1117.2213134765625,590.416259765625
Cosmos3_seed101_0039,132,brown cube,4,0.1208706647157669,brown cube,1112.126220703125,543.5550537109375,1218.4326171875,631.44189453125
Cosmos3_seed101_0039,132,brown cube,5,0.1195816919207573,brown cube,471.16748046875,379.11944580078125,591.2607421875,467.7498779296875
Cosmos3_seed101_0039,132,brown cube,6,0.11017849296331406,brown cube,1068.760986328125,528.076904296875,1117.555908203125,590.3828125
Cosmos3_seed101_0039,135,brown cube,1,0.5114073753356934,brown cube,470.17999267578125,333.96319580078125,586.2125854492188,422.6534423828125
Cosmos3_seed101_0039,135,brown cube,2,0.2311987727880478,brown cube,471.4109802246094,375.6503601074219,591.3934326171875,466.4546203613281
Cosmos3_seed101_0039,135,brown cube,3,0.17177961766719818,brown cube,2.371307373046875,274.963134765625,983.2822265625,717.6761474609375
Cosmos3_seed101_0039,135,brown cube,4,0.15783187747001648,brown cube,1112.3988037109375,543.6558837890625,1218.6060791015625,630.6925048828125
Cosmos3_seed101_0039,135,brown cube,5,0.1564454883337021,brown cube,1069.081298828125,530.2984008789062,1117.531005859375,590.4891967773438
Cosmos3_seed101_0039,135,brown cube,6,0.14613769948482513,brown cube,961.7023315429688,465.893798828125,1117.1925048828125,590.821533203125
Cosmos3_seed101_0039,135,brown cube,7,0.101019486784935,brown,966.062744140625,466.2701416015625,994.3834228515625,531.32421875
Cosmos3_seed101_0039,138,brown cube,1,0.5546495914459229,brown cube,474.70147705078125,319.2889099121094,588.9519653320312,403.4510803222656
Cosmos3_seed101_0039,138,brown cube,2,0.3104696571826935,brown cube,472.38232421875,372.20849609375,591.609375,472.00311279296875
Cosmos3_seed101_0039,138,brown cube,3,0.19541840255260468,brown cube,1111.9764404296875,542.9080810546875,1218.7176513671875,638.9908447265625
Cosmos3_seed101_0039,138,brown cube,4,0.1932653784751892,brown cube,2.578277587890625,273.6217041015625,984.03759765625,717.547119140625
Cosmos3_seed101_0039,138,brown cube,5,0.18221521377563477,brown cube,1068.816162109375,533.435791015625,1117.35595703125,590.9208984375
Cosmos3_seed101_0039,138,brown cube,6,0.1731056123971939,brown cube,959.568115234375,465.9707946777344,1117.652587890625,591.185546875
Cosmos3_seed101_0039,138,brown cube,7,0.13978922367095947,brown cube,1135.6297607421875,557.270263671875,1195.2523193359375,597.7210693359375
Cosmos3_seed101_0039,138,brown cube,8,0.12974399328231812,brown cube,953.0111694335938,465.9947814941406,994.8748168945312,563.0697631835938
Cosmos3_seed101_0039,138,brown cube,9,0.11203038692474365,brown cube,966.6268920898438,466.46441650390625,994.0100708007812,531.1207885742188
Cosmos3_seed101_0039,138,brown cube,10,0.10807593911886215,brown,521.2382202148438,42.478790283203125,1173.524169921875,715.0711669921875
Cosmos3_seed101_0039,141,brown cube,1,0.5429759621620178,brown cube,487.53009033203125,308.69329833984375,599.2711791992188,394.76959228515625
Cosmos3_seed101_0039,141,brown cube,2,0.3755776882171631,brown cube,472.4845275878906,373.27557373046875,591.84716796875,472.77813720703125
Cosmos3_seed101_0039,141,brown cube,3,0.232761412858963,brown cube,2.841705322265625,270.21240234375,983.2603759765625,717.4968872070312
Cosmos3_seed101_0039,141,brown cube,4,0.20359529554843903,brown cube,1115.9449462890625,543.9462890625,1218.9893798828125,643.3543701171875
Cosmos3_seed101_0039,141,brown cube,5,0.20034843683242798,brown cube,1132.27978515625,556.1369018554688,1196.118408203125,597.9518432617188
Cosmos3_seed101_0039,141,brown cube,6,0.18460935354232788,brown cube,1068.995849609375,535.0665893554688,1117.704833984375,590.5737915039062
Cosmos3_seed101_0039,141,brown cube,7,0.14539237320423126,brown cube,966.3140869140625,466.2379455566406,994.0184326171875,531.2391357421875
Cosmos3_seed101_0039,141,brown cube,8,0.14093048870563507,brown cube,963.5404052734375,466.2596130371094,1117.6016845703125,591.1347045898438
Cosmos3_seed101_0039,141,brown cube,9,0.11918959766626358,brown cube,527.9099731445312,26.198883056640625,1196.27001953125,715.25830078125
Cosmos3_seed101_0039,141,brown cube,10,0.11392364650964737,brown cube,953.0517578125,465.60418701171875,994.71533203125,564.0248413085938
Cosmos3_seed101_0039,141,brown cube,11,0.10647255182266235,brown cube,1070.0885009765625,520.9703369140625,1182.6732177734375,590.582763671875
Cosmos3_seed101_0039,144,brown cube,1,0.5229281187057495,brown cube,513.6701049804688,304.25640869140625,621.8640747070312,389.04150390625
Cosmos3_seed101_0039,144,brown cube,2,0.3756871819496155,brown cube,472.5091857910156,377.2613525390625,591.8583984375,475.7467041015625
Cosmos3_seed101_0039,144,brown cube,3,0.23996466398239136,brown cube,2.310791015625,265.87054443359375,985.3107299804688,717.9859619140625
Cosmos3_seed101_0039,144,brown cube,4,0.21440961956977844,brown cube,1133.0174560546875,556.450927734375,1196.0894775390625,597.8707275390625
Cosmos3_seed101_0039,144,brown cube,5,0.182988241314888,brown cube,1069.033447265625,537.6406860351562,1118.179931640625,590.9420776367188
Cosmos3_seed101_0039,144,brown cube,6,0.17172445356845856,brown cube,966.4292602539062,466.38580322265625,993.2216186523438,531.087646484375
Cosmos3_seed101_0039,144,brown cube,7,0.16794222593307495,brown cube,471.4925842285156,303.6393737792969,622.453125,475.4921569824219
Cosmos3_seed101_0039,144,brown cube,8,0.16425296664237976,brown cube,1112.664794921875,544.009521484375,1218.578369140625,641.9443359375
Cosmos3_seed101_0039,144,brown cube,9,0.14609295129776,brown cube,562.2835693359375,9.28570556640625,1226.3096923828125,715.6842651367188
Cosmos3_seed101_0039,144,brown cube,10,0.14046591520309448,brown cube,960.315185546875,466.13165283203125,1117.638427734375,591.6289672851562
Cosmos3_seed101_0039,144,brown cube,11,0.13817493617534637,brown cube,953.1118774414062,465.898193359375,994.0316772460938,561.712158203125
Cosmos3_seed101_0039,144,brown cube,12,0.1283699870109558,brown cube,1070.1278076171875,522.1090087890625,1183.3758544921875,590.65625
Cosmos3_seed101_0039,147,brown cube,1,0.5434156060218811,brown cube,546.853515625,304.2059326171875,644.6148681640625,390.0426025390625
Cosmos3_seed101_0039,147,brown cube,2,0.38875433802604675,brown cube,472.4348449707031,374.2378234863281,591.5264892578125,474.2797546386719
Cosmos3_seed101_0039,147,brown cube,3,0.23941420018672943,brown cube,2.630035400390625,261.049072265625,981.5166015625,717.77099609375
Cosmos3_seed101_0039,147,brown cube,4,0.23311376571655273,brown cube,1133.1148681640625,556.2843017578125,1195.6964111328125,597.4051513671875
Cosmos3_seed101_0039,147,brown cube,5,0.1951638013124466,brown cube,1108.450927734375,543.2789306640625,1218.666015625,631.5880126953125
Cosmos3_seed101_0039,147,brown cube,6,0.1721067875623703,brown cube,966.7759399414062,466.15325927734375,993.4982299804688,531.0338745117188
Cosmos3_seed101_0039,147,brown cube,7,0.15646693110466003,brown cube,1068.9193115234375,536.8974609375,1118.8536376953125,590.6239013671875
Cosmos3_seed101_0039,147,brown cube,8,0.15146145224571228,brown cube,471.8617858886719,303.511474609375,644.896728515625,474.61566162109375
Cosmos3_seed101_0039,147,brown cube,9,0.15060876309871674,brown cube,575.671875,5.362884521484375,1245.0484619140625,715.802490234375
Cosmos3_seed101_0039,147,brown cube,10,0.14989160001277924,brown cube,961.8748168945312,465.9951477050781,1117.5765380859375,592.1232299804688
Cosmos3_seed101_0039,147,brown cube,11,0.132662832736969,brown cube,1069.873046875,521.5929565429688,1183.588623046875,590.5037231445312
Cosmos3_seed101_0039,147,brown cube,12,0.12914980947971344,brown cube,952.73388671875,465.741943359375,994.22265625,561.929443359375
Cosmos3_seed101_0039,150,brown cube,1,0.5378803014755249,brown cube,576.8517456054688,308.1236877441406,667.0852661132812,398.9382629394531
Cosmos3_seed101_0039,150,brown cube,2,0.4961910545825958,brown cube,472.6533508300781,371.675537109375,590.5646362304688,475.6353759765625
Cosmos3_seed101_0039,150,brown cube,3,0.23721399903297424,brown cube,2.783447265625,260.9088134765625,985.3555297851562,717.8223876953125
Cosmos3_seed101_0039,150,brown cube,4,0.2349548488855362,brown cube,1132.92822265625,556.2271728515625,1195.9033203125,597.629150390625
Cosmos3_seed101_0039,150,brown cube,5,0.22732418775558472,brown cube,1108.4842529296875,543.0404052734375,1219.0247802734375,634.5765380859375
Cosmos3_seed101_0039,150,brown cube,6,0.2001418173313141,brown cube,962.1799926757812,465.96710205078125,1117.5594482421875,592.2942504882812
Cosmos3_seed101_0039,150,brown cube,7,0.19467799365520477,brown cube,966.2603759765625,466.24554443359375,993.9423828125,531.0874633789062
Cosmos3_seed101_0039,150,brown cube,8,0.1719440221786499,brown cube,1068.6663818359375,537.6051025390625,1118.5093994140625,591.2139892578125
Cosmos3_seed101_0039,150,brown cube,9,0.1392498016357422,brown cube,951.944580078125,465.81243896484375,994.5201416015625,564.2153930664062
Cosmos3_seed101_0039,150,brown cube,10,0.1282903552055359,brown cube,583.389892578125,3.160186767578125,1261.6002197265625,716.228759765625
Cosmos3_seed101_0039,150,brown cube,11,0.10515699535608292,brown cube,1069.74658203125,520.5115356445312,1183.63427734375,591.0359497070312
Cosmos3_seed101_0039,153,brown cube,1,0.5180642008781433,brown cube,592.7413940429688,313.0528259277344,677.5575561523438,405.8106994628906
Cosmos3_seed101_0039,153,brown cube,2,0.44210755825042725,brown cube,472.5744323730469,371.0250549316406,591.6170043945312,475.5293884277344
Cosmos3_seed101_0039,153,brown cube,3,0.24629734456539154,brown cube,3.014434814453125,260.29302978515625,984.2520751953125,717.8175048828125
Cosmos3_seed101_0039,153,brown cube,4,0.21455642580986023,brown cube,1132.916259765625,555.91943359375,1196.027587890625,597.76416015625
Cosmos3_seed101_0039,153,brown cube,5,0.19694603979587555,brown cube,1107.6044921875,542.6570434570312,1218.81396484375,634.2777709960938
Cosmos3_seed101_0039,153,brown cube,6,0.1731601357460022,brown cube,966.9666137695312,466.1353759765625,994.2409057617188,530.681884765625
Cosmos3_seed101_0039,153,brown cube,7,0.16377702355384827,brown cube,952.2576293945312,465.5453186035156,994.9531860351562,562.2130737304688
Cosmos3_seed101_0039,153,brown cube,8,0.15294985473155975,brown cube,604.5184326171875,3.383087158203125,1266.5714111328125,716.1324462890625
Cosmos3_seed101_0039,153,brown cube,9,0.1507650464773178,brown cube,960.79248046875,465.5565490722656,1117.659912109375,592.8250732421875
Cosmos3_seed101_0039,153,brown cube,10,0.14062781631946564,brown cube,1068.8780517578125,537.4989013671875,1118.4559326171875,591.5380859375
Cosmos3_seed101_0039,153,brown cube,11,0.1317441463470459,brown cube,1069.70263671875,519.96630859375,1184.081298828125,591.6842041015625
Cosmos3_seed101_0039,153,brown cube,12,0.10740721225738525,brown cube,960.5911865234375,465.635986328125,1218.3709716796875,643.0428466796875
Cosmos3_seed101_0039,156,brown cube,1,0.511189341545105,brown cube,472.61688232421875,371.1308898925781,591.7145385742188,475.8902893066406
Cosmos3_seed101_0039,156,brown cube,2,0.49407586455345154,brown cube,604.6768798828125,324.29998779296875,683.3621826171875,414.3594970703125
Cosmos3_seed101_0039,156,brown cube,3,0.2385268658399582,brown cube,2.935699462890625,259.999267578125,984.8502197265625,717.817138671875
Cosmos3_seed101_0039,156,brown cube,4,0.2341567575931549,brown cube,1133.38671875,556.1343994140625,1195.653564453125,597.654296875
Cosmos3_seed101_0039,156,brown cube,5,0.20495760440826416,brown cube,1108.6212158203125,542.8609619140625,1218.7349853515625,634.6754150390625
Cosmos3_seed101_0039,156,brown cube,6,0.18603652715682983,brown cube,951.9468994140625,465.70404052734375,994.88916015625,562.2191772460938
Cosmos3_seed101_0039,156,brown cube,7,0.1853950321674347,brown cube,966.947265625,466.2541198730469,994.15625,530.2860107421875
Cosmos3_seed101_0039,156,brown cube,8,0.17381596565246582,brown cube,1068.993896484375,537.7515869140625,1118.345458984375,591.32763671875
Cosmos3_seed101_0039,156,brown cube,9,0.16602005064487457,brown cube,958.7081909179688,465.65985107421875,1117.9693603515625,592.2114868164062
Cosmos3_seed101_0039,156,brown cube,10,0.15753544867038727,brown cube,613.318359375,6.02685546875,1265.2861328125,716.4252319335938
Cosmos3_seed101_0039,156,brown cube,11,0.1277371644973755,brown cube,1069.9830322265625,519.8787231445312,1183.6185302734375,591.1932983398438
Cosmos3_seed101_0039,156,brown cube,12,0.10594171285629272,brown cube,958.7657470703125,465.6412658691406,1218.3240966796875,642.478759765625
Cosmos3_seed101_0039,159,brown cube,1,0.4834617078304291,brown cube,472.08685302734375,371.2535705566406,591.2760620117188,476.3816223144531
Cosmos3_seed101_0039,159,brown cube,2,0.4736775755882263,brown cube,612.412353515625,332.16790771484375,682.56103515625,422.731201171875
Cosmos3_seed101_0039,159,brown cube,3,0.25726428627967834,brown cube,2.604827880859375,260.17547607421875,982.0262451171875,717.810791015625
Cosmos3_seed101_0039,159,brown cube,4,0.24790894985198975,brown cube,1133.518310546875,556.3058471679688,1195.576171875,597.9622192382812
Cosmos3_seed101_0039,159,brown cube,5,0.19047531485557556,brown cube,966.5927734375,466.28717041015625,994.1060791015625,530.6219482421875
Cosmos3_seed101_0039,159,brown cube,6,0.17597635090351105,brown cube,1069.0692138671875,538.3259887695312,1117.9842529296875,591.6549682617188
Cosmos3_seed101_0039,159,brown cube,7,0.17232370376586914,brown cube,951.946533203125,465.5754089355469,994.7197265625,562.9022216796875
Cosmos3_seed101_0039,159,brown cube,8,0.15860415995121002,brown cube,1124.74853515625,551.7717895507812,1218.0263671875,630.4459838867188
Cosmos3_seed101_0039,159,brown cube,9,0.15536640584468842,brown cube,616.6787109375,8.9044189453125,1258.816162109375,715.86474609375
Cosmos3_seed101_0039,159,brown cube,10,0.12658008933067322,brown cube,958.4849853515625,466.059814453125,1117.6090087890625,592.616455078125
Cosmos3_seed101_0039,159,brown cube,11,0.12424015998840332,brown cube,613.4259033203125,395.10101318359375,672.5921630859375,422.04901123046875
Cosmos3_seed101_0039,159,brown cube,12,0.1224379912018776,brown cube,1069.9776611328125,519.6123657226562,1183.7913818359375,591.8855590820312
Cosmos3_seed101_0039,162,brown cube,1,0.5203485488891602,brown cube,472.5367736816406,370.8824768066406,591.4111938476562,476.6265563964844
Cosmos3_seed101_0039,162,brown cube,2,0.4079892039299011,brown cube,615.3709106445312,343.6401672363281,681.8258666992188,431.8612976074219
Cosmos3_seed101_0039,162,brown cube,3,0.26630306243896484,brown cube,3.09521484375,260.50860595703125,981.493896484375,718.0094604492188
Cosmos3_seed101_0039,162,brown cube,4,0.24847100675106049,brown cube,1133.0228271484375,556.3372192382812,1195.6707763671875,597.9202270507812
Cosmos3_seed101_0039,162,brown cube,5,0.19231437146663666,brown cube,1069.048583984375,538.8353271484375,1117.3759765625,590.400146484375
Cosmos3_seed101_0039,162,brown cube,6,0.177407369017601,brown cube,1118.0440673828125,548.2174682617188,1218.2081298828125,632.7783813476562
Cosmos3_seed101_0039,162,brown cube,7,0.17410528659820557,brown cube,966.7545776367188,466.194580078125,994.3256225585938,531.0938110351562
Cosmos3_seed101_0039,162,brown cube,8,0.16947121918201447,brown cube,614.1314697265625,14.49078369140625,1248.11474609375,715.4129638671875
Cosmos3_seed101_0039,162,brown cube,9,0.16608458757400513,brown cube,959.3005981445312,465.6796569824219,1117.58251953125,591.0332641601562
Cosmos3_seed101_0039,162,brown cube,10,0.1659640222787857,brown cube,952.23095703125,465.747314453125,995.055419921875,564.3759765625
Cosmos3_seed101_0039,162,brown cube,11,0.12997448444366455,brown cube,1070.1527099609375,519.7361450195312,1183.1109619140625,590.0204467773438
Cosmos3_seed101_0039,162,brown cube,12,0.1188071221113205,brown cube,958.2382202148438,465.50531005859375,1218.47412109375,642.9257202148438
Cosmos3_seed101_0039,165,brown cube,1,0.5080167055130005,brown cube,472.5244140625,370.6195373535156,591.1766357421875,476.4855041503906
Cosmos3_seed101_0039,165,brown cube,2,0.44008946418762207,brown cube,615.8602905273438,355.3268127441406,679.9678344726562,435.3029479980469
Cosmos3_seed101_0039,165,brown cube,3,0.261064350605011,brown cube,2.883331298828125,260.23443603515625,981.3082275390625,718.08984375
Cosmos3_seed101_0039,165,brown cube,4,0.24619095027446747,brown cube,1133.2406005859375,556.39208984375,1195.6947021484375,597.915771484375
Cosmos3_seed101_0039,165,brown cube,5,0.23349888622760773,brown cube,1068.806884765625,538.1278076171875,1117.0302734375,590.533447265625
Cosmos3_seed101_0039,165,brown cube,6,0.19935159385204315,brown cube,1112.5810546875,542.9494018554688,1218.645751953125,635.0414428710938
Cosmos3_seed101_0039,165,brown cube,7,0.1992354542016983,brown cube,965.9203491210938,466.0731506347656,994.0545043945312,531.52001953125
Cosmos3_seed101_0039,165,brown cube,8,0.17865267395973206,brown cube,960.1908569335938,465.7735595703125,1117.017578125,590.9530029296875
Cosmos3_seed101_0039,165,brown cube,9,0.16742098331451416,brown cube,611.2694091796875,18.330596923828125,1240.735107421875,715.0933837890625
Cosmos3_seed101_0039,165,brown cube,10,0.1657063066959381,brown cube,952.3839111328125,465.77655029296875,994.6392822265625,563.5106811523438
Cosmos3_seed101_0039,165,brown cube,11,0.15695203840732574,brown cube,617.0335083007812,404.5473327636719,675.8773803710938,433.9832458496094
Cosmos3_seed101_0039,165,brown cube,12,0.11925492435693741,brown cube,959.156005859375,465.5196533203125,1218.373046875,641.8975830078125
Cosmos3_seed101_0039,168,brown cube,1,0.5118289589881897,brown cube,472.13677978515625,370.51220703125,591.3667602539062,476.2789306640625
Cosmos3_seed101_0039,168,brown cube,2,0.44673749804496765,brown cube,619.036376953125,358.5368347167969,680.730224609375,437.8776550292969
Cosmos3_seed101_0039,168,brown cube,3,0.258639395236969,brown cube,1133.3951416015625,556.341064453125,1195.7393798828125,598.080322265625
Cosmos3_seed101_0039,168,brown cube,4,0.2425914853811264,brown cube,3.32415771484375,258.844970703125,986.0757446289062,717.8416748046875
Cosmos3_seed101_0039,168,brown cube,5,0.22524522244930267,brown cube,1069.1405029296875,537.8967895507812,1117.0201416015625,591.0026245117188
Cosmos3_seed101_0039,168,brown cube,6,0.2147819995880127,brown cube,966.22265625,466.23992919921875,994.20849609375,531.2571411132812
Cosmos3_seed101_0039,168,brown cube,7,0.18837733566761017,brown cube,952.357421875,465.8447265625,994.7703857421875,561.5511474609375
Cosmos3_seed101_0039,168,brown cube,8,0.1880868524312973,brown cube,620.3792114257812,405.32672119140625,678.0438842773438,436.3326416015625
Cosmos3_seed101_0039,168,brown cube,9,0.18706060945987701,brown cube,1117.92333984375,546.8179321289062,1218.08154296875,632.4736938476562
Cosmos3_seed101_0039,168,brown cube,10,0.16530919075012207,brown cube,960.2543334960938,465.7215576171875,1116.903564453125,591.4984130859375
Cosmos3_seed101_0039,168,brown cube,11,0.157165989279747,brown cube,609.6339721679688,19.6400146484375,1235.282470703125,715.440673828125
Cosmos3_seed101_0039,168,brown cube,12,0.11290530115365982,brown cube,959.1055297851562,465.49920654296875,1217.712646484375,637.9475708007812
Cosmos3_seed101_0039,171,brown cube,1,0.5042868852615356,brown cube,625.5015869140625,393.75836181640625,683.9222412109375,472.68072509765625
Cosmos3_seed101_0039,171,brown cube,2,0.4843127131462097,brown cube,472.665283203125,370.4513244628906,591.3177490234375,475.8069152832031
Cosmos3_seed101_0039,171,brown cube,3,0.2766745090484619,brown cube,1133.2735595703125,556.4586181640625,1195.9527587890625,598.07568359375
Cosmos3_seed101_0039,171,brown cube,4,0.2408333271741867,brown cube,3.341552734375,259.2325439453125,986.5468139648438,717.9117431640625
Cosmos3_seed101_0039,171,brown cube,5,0.22786258161067963,brown cube,1069.1904296875,538.1112060546875,1117.4072265625,590.739013671875
Cosmos3_seed101_0039,171,brown cube,6,0.20356062054634094,brown cube,1117.52294921875,547.74462890625,1218.22021484375,632.989013671875
Cosmos3_seed101_0039,171,brown cube,7,0.1913229376077652,brown cube,966.3677978515625,466.39007568359375,994.4271240234375,531.6076049804688
Cosmos3_seed101_0039,171,brown cube,8,0.15145128965377808,brown cube,609.9249267578125,20.601959228515625,1234.9918212890625,715.490966796875
Cosmos3_seed101_0039,171,brown cube,9,0.13249027729034424,brown cube,641.7957153320312,267.95428466796875,696.5288696289062,342.5361328125
Cosmos3_seed101_0039,171,brown cube,10,0.1318134367465973,brown cube,963.6424560546875,466.16363525390625,1116.8883056640625,590.9193725585938
Cosmos3_seed101_0039,171,brown cube,11,0.12345213443040848,brown cube,952.5675659179688,465.8511657714844,995.0505981445312,562.8013916015625
Cosmos3_seed101_0039,171,brown cube,12,0.10618207603693008,brown cube,1068.6307373046875,519.4136962890625,1219.8218994140625,644.952880859375
Cosmos3_seed101_0039,174,brown cube,1,0.626240611076355,brown cube,575.2144775390625,452.2351379394531,649.1671142578125,523.9449462890625
Cosmos3_seed101_0039,174,brown cube,2,0.6054510474205017,brown cube,622.6539916992188,397.1661682128906,683.4415893554688,452.8109436035156
Cosmos3_seed101_0039,174,brown cube,3,0.3744884133338928,brown cube,473.13232421875,371.4725036621094,590.838623046875,474.5108337402344
Cosmos3_seed101_0039,174,brown cube,4,0.21401840448379517,brown cube,1069.8349609375,538.8545532226562,1117.0712890625,589.9274291992188
Cosmos3_seed101_0039,174,brown cube,5,0.2127486616373062,brown cube,1133.2188720703125,556.8008422851562,1195.6539306640625,597.5023803710938
Cosmos3_seed101_0039,174,brown cube,6,0.20694801211357117,brown cube,966.9522094726562,466.6658935546875,994.0464477539062,531.3065795898438
Cosmos3_seed101_0039,174,brown cube,7,0.16815043985843658,brown cube,952.6749877929688,466.2338562011719,994.5929565429688,561.9584350585938
Cosmos3_seed101_0039,174,brown cube,8,0.15404601395130157,brown cube,1115.9178466796875,545.82421875,1218.5325927734375,630.8634033203125
Cosmos3_seed101_0039,174,brown cube,9,0.1253528743982315,brown cube,3.257049560546875,259.60107421875,985.081298828125,717.4948120117188
Cosmos3_seed101_0039,174,brown cube,10,0.11659850925207138,brown cube,957.3551635742188,466.7919006347656,1116.9544677734375,589.6603393554688
Cosmos3_seed101_0039,174,brown cube,11,0.11356725543737411,brown cube,1070.83642578125,518.2100219726562,1185.00439453125,590.0868530273438
Cosmos3_seed101_0039,177,brown cube,1,0.6447811722755432,brown cube,573.0831909179688,448.7640686035156,647.3595581054688,522.0433349609375
Cosmos3_seed101_0039,177,brown cube,2,0.620039701461792,brown cube,622.2326049804688,396.837890625,683.4093627929688,452.01983642578125
Cosmos3_seed101_0039,177,brown cube,3,0.34753820300102234,brown cube,472.79388427734375,371.47467041015625,590.9165649414062,474.60888671875
Cosmos3_seed101_0039,177,brown cube,4,0.20020131766796112,brown cube,966.9974975585938,466.4161071777344,993.5670776367188,531.0463256835938
Cosmos3_seed101_0039,177,brown cube,5,0.1656600534915924,brown cube,952.5579833984375,466.0932312011719,994.0811767578125,564.1290283203125
Cosmos3_seed101_0039,177,brown cube,6,0.1632264256477356,brown cube,1133.48779296875,557.148681640625,1195.6103515625,597.3302001953125
Cosmos3_seed101_0039,177,brown cube,7,0.16098546981811523,brown cube,1069.423095703125,539.4610595703125,1117.634033203125,590.0902099609375
Cosmos3_seed101_0039,177,brown cube,8,0.12956155836582184,brown cube,958.4946899414062,466.3941345214844,1117.53466796875,590.1703491210938
Cosmos3_seed101_0039,177,brown cube,9,0.12952835857868195,brown cube,1109.6378173828125,543.2822265625,1218.7496337890625,634.43798828125
Cosmos3_seed101_0039,177,brown cube,10,0.11503590643405914,brown cube,4.242095947265625,260.13043212890625,984.0574951171875,717.3396606445312
Cosmos3_seed101_0039,180,brown cube,1,0.6368038058280945,brown cube,581.19287109375,445.94366455078125,657.6956787109375,516.0634155273438
Cosmos3_seed101_0039,180,brown cube,2,0.6219459772109985,brown cube,622.1441650390625,396.8023986816406,683.8267822265625,451.2747497558594
Cosmos3_seed101_0039,180,brown cube,3,0.3227567672729492,brown cube,472.4622497558594,370.9388122558594,590.8282470703125,473.4664001464844
Cosmos3_seed101_0039,180,brown cube,4,0.16332021355628967,brown cube,966.8970336914062,466.09661865234375,993.5679321289062,531.4813842773438
Cosmos3_seed101_0039,180,brown cube,5,0.13644911348819733,brown cube,1108.1087646484375,543.6370849609375,1218.8709716796875,632.427978515625
Cosmos3_seed101_0039,180,brown cube,6,0.13255631923675537,brown cube,1133.4320068359375,557.05126953125,1195.2125244140625,596.8221435546875
Cosmos3_seed101_0039,180,brown cube,7,0.1255882978439331,brown cube,951.9951171875,465.7241516113281,994.1156005859375,564.25439453125
Cosmos3_seed101_0039,180,brown cube,8,0.11702556908130646,brown cube,3.54730224609375,259.5976867675781,985.1403198242188,717.5394287109375
Cosmos3_seed101_0039,180,brown cube,9,0.1161675825715065,brown cube,1069.0565185546875,536.6341552734375,1118.5816650390625,590.0711669921875
Cosmos3_seed101_0039,180,brown cube,10,0.10664878785610199,brown cube,959.6669311523438,465.72723388671875,1117.5142822265625,591.0770874023438
Cosmos3_seed101_0039,183,brown cube,1,0.6189270615577698,brown cube,582.6015014648438,448.0836181640625,659.2546997070312,515.1331787109375
Cosmos3_seed101_0039,183,brown cube,2,0.5837661623954773,brown cube,622.3405151367188,396.7480163574219,683.6484985351562,451.4510803222656
Cosmos3_seed101_0039,183,brown cube,3,0.3507257401943207,brown cube,472.7425842285156,371.078125,591.0028076171875,475.10076904296875
Cosmos3_seed101_0039,183,brown cube,4,0.16430503129959106,brown cube,1108.8033447265625,543.4742431640625,1219.0863037109375,631.66455078125
Cosmos3_seed101_0039,183,brown cube,5,0.1560804396867752,brown cube,1133.271240234375,556.7496948242188,1195.55615234375,597.1404418945312
Cosmos3_seed101_0039,183,brown cube,6,0.13172852993011475,brown cube,3.5966796875,259.8115234375,984.5291748046875,717.7430419921875
Cosmos3_seed101_0039,183,brown cube,7,0.12448650598526001,brown cube,651.8968505859375,237.89637756347656,704.27880859375,325.78143310546875
Cosmos3_seed101_0039,183,brown cube,8,0.1243615448474884,brown cube,966.9999389648438,466.2234802246094,994.1126098632812,531.52099609375
Cosmos3_seed101_0039,183,brown cube,9,0.11885573714971542,brown cube,1068.984375,532.9976196289062,1121.531494140625,590.5636596679688
Cosmos3_seed101_0039,183,brown cube,10,0.11512396484613419,brown cube,952.346923828125,465.7627258300781,994.65673828125,562.707275390625
Cosmos3_seed101_0039,186,brown cube,1,0.6305503249168396,brown cube,580.0701293945312,448.3411865234375,659.3831176757812,514.5946655273438
Cosmos3_seed101_0039,186,brown cube,2,0.5928258299827576,brown cube,622.3748779296875,397.3537292480469,683.5584716796875,451.2663879394531
Cosmos3_seed101_0039,186,brown cube,3,0.2834964692592621,brown cube,472.701904296875,371.3497009277344,591.072998046875,475.7209777832031
Cosmos3_seed101_0039,186,brown cube,4,0.1626143455505371,brown cube,1133.587158203125,556.728515625,1195.42626953125,597.0838623046875
Cosmos3_seed101_0039,186,brown cube,5,0.157359316945076,brown cube,966.689208984375,466.2246398925781,994.2305908203125,531.0631713867188
Cosmos3_seed101_0039,186,brown cube,6,0.15616090595722198,brown cube,1112.0137939453125,543.4391479492188,1218.7510986328125,631.7802124023438
Cosmos3_seed101_0039,186,brown cube,7,0.1353949010372162,brown cube,4.029632568359375,258.95806884765625,984.31591796875,717.812255859375
Cosmos3_seed101_0039,186,brown cube,8,0.10629982501268387,brown cube,1068.718994140625,538.2135009765625,1118.70703125,591.0472412109375
Cosmos3_seed101_0039,188,brown cube,1,0.6246359348297119,brown cube,580.0718383789062,448.4245300292969,659.1124877929688,514.8400268554688
Cosmos3_seed101_0039,188,brown cube,2,0.5910513997077942,brown cube,622.5161743164062,397.56353759765625,683.4169311523438,451.14251708984375
Cosmos3_seed101_0039,188,brown cube,3,0.3250085711479187,brown cube,472.4390869140625,371.2767639160156,590.98779296875,475.8299865722656
Cosmos3_seed101_0039,188,brown cube,4,0.17161040008068085,brown cube,966.824951171875,466.286865234375,994.614501953125,530.6066284179688
Cosmos3_seed101_0039,188,brown cube,5,0.16896159946918488,brown cube,1133.484375,556.705810546875,1195.29443359375,597.5035400390625
Cosmos3_seed101_0039,188,brown cube,6,0.1601387858390808,brown cube,1110.5223388671875,543.5970458984375,1218.5133056640625,634.6651611328125
Cosmos3_seed101_0039,188,brown cube,7,0.13969820737838745,brown cube,4.430755615234375,259.10467529296875,984.2314453125,717.6812744140625
Cosmos3_seed101_0049,0,yellow banana,1,0.8288022875785828,yellow banana,681.6798095703125,461.256103515625,841.3411865234375,553.865478515625
Cosmos3_seed101_0049,3,yellow banana,1,0.8331946730613708,yellow banana,681.5478515625,461.23822021484375,841.5064697265625,553.8984985351562
Cosmos3_seed101_0049,6,yellow banana,1,0.8435453176498413,yellow banana,681.63232421875,461.61517333984375,841.6483154296875,554.0095825195312
Cosmos3_seed101_0049,9,yellow banana,1,0.8383496403694153,yellow banana,681.7409057617188,461.6086120605469,841.6404418945312,554.114013671875
Cosmos3_seed101_0049,12,yellow banana,1,0.8362666368484497,yellow banana,681.6021728515625,461.5594177246094,841.5445556640625,553.9315795898438
Cosmos3_seed101_0049,15,yellow banana,1,0.8434054851531982,yellow banana,681.4297485351562,461.709716796875,841.3618774414062,553.8715209960938
Cosmos3_seed101_0049,18,yellow banana,1,0.8249510526657104,yellow banana,681.8553466796875,461.8456726074219,841.2762451171875,554.0322265625
Cosmos3_seed101_0049,21,yellow banana,1,0.8341374397277832,yellow banana,681.7902221679688,461.6487121582031,841.5350952148438,553.9999389648438
Cosmos3_seed101_0049,24,yellow banana,1,0.8187472224235535,yellow banana,681.7984008789062,462.1950988769531,841.4935913085938,553.9268188476562
Cosmos3_seed101_0049,27,yellow banana,1,0.820909857749939,yellow banana,681.8853149414062,461.4591064453125,841.4891967773438,553.952880859375
Cosmos3_seed101_0049,30,yellow banana,1,0.820163905620575,yellow banana,681.6848754882812,461.73333740234375,841.4292602539062,553.7747802734375
Cosmos3_seed101_0049,33,yellow banana,1,0.8137150406837463,yellow banana,681.52490234375,462.1481628417969,841.5604248046875,553.9834594726562
Cosmos3_seed101_0049,36,yellow banana,1,0.8090744614601135,yellow banana,681.5563354492188,462.036376953125,841.6030883789062,553.8165893554688
Cosmos3_seed101_0049,39,yellow banana,1,0.8062480688095093,yellow banana,681.3099365234375,462.2440490722656,841.5010986328125,553.96630859375
Cosmos3_seed101_0049,42,yellow banana,1,0.8049514293670654,yellow banana,681.199951171875,462.1693115234375,841.646240234375,553.8881225585938
Cosmos3_seed101_0049,45,yellow banana,1,0.8103424310684204,yellow banana,681.2044677734375,462.2121887207031,841.6593017578125,553.8540649414062
Cosmos3_seed101_0049,48,yellow banana,1,0.7912291288375854,yellow banana,681.2481689453125,462.26483154296875,841.6920166015625,553.8931274414062
Cosmos3_seed101_0049,51,yellow banana,1,0.7827286720275879,yellow banana,681.8222045898438,462.14373779296875,841.6752319335938,553.889892578125
Cosmos3_seed101_0049,54,yellow banana,1,0.779768705368042,yellow banana,681.9092407226562,461.9059143066406,841.4711303710938,553.6845703125
Cosmos3_seed101_0049,57,yellow banana,1,0.7810481786727905,yellow banana,681.5323486328125,462.2335510253906,841.8038330078125,553.9599609375
Cosmos3_seed101_0049,60,yellow banana,1,0.7923572063446045,yellow banana,681.6019287109375,462.1304931640625,841.4295654296875,553.7178344726562
Cosmos3_seed101_0049,63,yellow banana,1,0.8033341765403748,yellow banana,681.418212890625,462.0220947265625,841.44091796875,553.666748046875
Cosmos3_seed101_0049,66,yellow banana,1,0.8004913926124573,yellow banana,681.67919921875,461.9098205566406,841.2071533203125,553.4483032226562
Cosmos3_seed101_0049,69,yellow banana,1,0.7981815338134766,yellow banana,681.4719848632812,462.4914245605469,841.3388061523438,554.1172485351562
Cosmos3_seed101_0049,72,yellow banana,1,0.8021198511123657,yellow banana,681.42919921875,462.3409423828125,841.0501708984375,553.8494262695312
Cosmos3_seed101_0049,75,yellow banana,1,0.801706075668335,yellow banana,681.5902099609375,461.6134338378906,841.20947265625,553.65380859375
Cosmos3_seed101_0049,78,yellow banana,1,0.7927843928337097,yellow banana,681.6990356445312,461.9197082519531,841.2821655273438,553.7310791015625
Cosmos3_seed101_0049,81,yellow banana,1,0.7962958216667175,yellow banana,681.790771484375,462.751708984375,841.473876953125,554.0359497070312
Cosmos3_seed101_0049,84,yellow banana,1,0.8008846640586853,yellow banana,681.455810546875,462.12261962890625,841.298583984375,553.809326171875
Cosmos3_seed101_0049,87,yellow banana,1,0.8065664172172546,yellow banana,681.7439575195312,462.4921875,841.3754272460938,554.1080932617188
Cosmos3_seed101_0049,90,yellow banana,1,0.8314756155014038,yellow banana,681.7603759765625,462.1349792480469,841.825439453125,554.0446166992188
Cosmos3_seed101_0049,93,yellow banana,1,0.8264549374580383,yellow banana,681.8955688476562,462.3569030761719,841.5962524414062,554.1871337890625
Cosmos3_seed101_0049,96,yellow banana,1,0.8274086117744446,yellow banana,681.886962890625,462.0835876464844,841.560546875,553.9966430664062
Cosmos3_seed101_0049,99,yellow banana,1,0.8214356899261475,yellow banana,681.7918090820312,462.2188415527344,841.5026245117188,554.1424560546875
Cosmos3_seed101_0049,102,yellow banana,1,0.8115779161453247,yellow banana,681.705810546875,462.24609375,841.51220703125,553.9991455078125
Cosmos3_seed101_0049,105,yellow banana,1,0.8075203895568848,yellow banana,681.609619140625,461.884033203125,841.5006103515625,554.087646484375
Cosmos3_seed101_0049,108,yellow banana,1,0.7734254002571106,yellow banana,681.8364868164062,461.86358642578125,841.2689819335938,553.7730102539062
Cosmos3_seed101_0049,111,yellow banana,1,0.7252269983291626,yellow banana,681.528076171875,461.6397399902344,841.3221435546875,553.6678466796875
Cosmos3_seed101_0049,111,yellow banana,2,0.10765919089317322,yellow banana,1068.9373779296875,541.6058349609375,1117.7559814453125,592.5777587890625
Cosmos3_seed101_0049,114,yellow banana,1,0.7249414920806885,yellow banana,681.7076416015625,462.1352844238281,841.3382568359375,553.61376953125
Cosmos3_seed101_0049,114,yellow banana,2,0.10351430624723434,banana,684.422119140625,48.304107666015625,1278.4478759765625,710.4052734375
Cosmos3_seed101_0049,117,yellow banana,1,0.6758908629417419,yellow banana,681.2879028320312,461.8551940917969,841.2285766601562,553.4124755859375
Cosmos3_seed101_0049,117,yellow banana,2,0.12918990850448608,yellow banana,684.793212890625,50.1680908203125,1278.664794921875,710.8109130859375
Cosmos3_seed101_0049,117,yellow banana,3,0.10550414025783539,yellow banana,1068.538818359375,539.7734985351562,1117.45751953125,592.8286743164062
Cosmos3_seed101_0049,117,yellow banana,4,0.1005500927567482,yellow,955.609619140625,465.179931640625,1117.89990234375,593.04150390625
Cosmos3_seed101_0049,120,yellow banana,1,0.6599117517471313,yellow banana,681.8312377929688,462.0789489746094,841.6299438476562,553.77294921875
Cosmos3_seed101_0049,120,yellow banana,2,0.1377718150615692,yellow banana,685.597900390625,51.029541015625,1278.2071533203125,709.9830322265625
Cosmos3_seed101_0049,120,yellow banana,3,0.1031498983502388,yellow banana,955.3438720703125,465.452880859375,1117.8262939453125,592.55224609375
Cosmos3_seed101_0049,123,yellow banana,1,0.6956770420074463,yellow banana,682.8099365234375,462.60858154296875,847.1424560546875,548.8927001953125
Cosmos3_seed101_0049,123,yellow banana,2,0.13361337780952454,yellow banana,954.2127075195312,464.9869384765625,1118.4351806640625,592.317138671875
Cosmos3_seed101_0049,123,yellow banana,3,0.1153947040438652,yellow banana,686.92626953125,53.538330078125,1278.3819580078125,593.8671875
Cosmos3_seed101_0049,126,yellow banana,1,0.7371585965156555,yellow banana,675.00244140625,453.87579345703125,842.97314453125,539.4185791015625
Cosmos3_seed101_0049,126,yellow banana,2,0.10069996863603592,banana,680.9651489257812,53.024444580078125,1278.37548828125,594.213134765625
Cosmos3_seed101_0049,129,yellow banana,1,0.6411424875259399,yellow banana,677.5970458984375,427.9529724121094,834.48046875,517.8184204101562
Cosmos3_seed101_0049,129,yellow banana,2,0.1689613163471222,yellow banana,954.8135986328125,465.1016845703125,1118.5208740234375,591.4481201171875
Cosmos3_seed101_0049,129,yellow banana,3,0.13914377987384796,yellow banana,680.0724487304688,43.393096923828125,1278.5791015625,711.8505859375
Cosmos3_seed101_0049,129,yellow banana,4,0.13758783042430878,yellow banana,1068.8621826171875,542.3981323242188,1117.9547119140625,591.4734497070312
Cosmos3_seed101_0049,132,yellow banana,1,0.7495921850204468,yellow banana,664.0189208984375,381.43316650390625,834.6802978515625,464.77484130859375
Cosmos3_seed101_0049,132,yellow banana,2,0.10202554613351822,banana,677.9207763671875,20.51739501953125,1278.6439208984375,711.9136962890625
Cosmos3_seed101_0049,135,yellow banana,1,0.606795608997345,yellow banana,680.701171875,330.1287536621094,841.33056640625,411.3205261230469
Cosmos3_seed101_0049,135,yellow banana,2,0.1946253478527069,yellow banana,678.3212280273438,1.543060302734375,1278.520263671875,528.96435546875
Cosmos3_seed101_0049,138,yellow banana,1,0.7535927295684814,yellow banana,656.01708984375,290.28863525390625,829.3851318359375,378.41015625
Cosmos3_seed101_0049,141,yellow banana,1,0.7741309404373169,yellow banana,635.498046875,258.80419921875,803.79931640625,359.82037353515625
Cosmos3_seed101_0049,144,yellow banana,1,0.8161632418632507,yellow banana,590.8917236328125,224.98464965820312,765.892333984375,343.0769348144531
Cosmos3_seed101_0049,147,yellow banana,1,0.7563353180885315,yellow banana,564.2511596679688,203.60903930664062,723.9663696289062,325.8523864746094
Cosmos3_seed101_0049,147,yellow banana,2,0.1458035558462143,yellow banana,565.5805053710938,204.47657775878906,645.3749389648438,264.88092041015625
Cosmos3_seed101_0049,147,yellow banana,3,0.12857697904109955,yellow banana,654.5230102539062,242.0219268798828,723.1073608398438,324.42864990234375
Cosmos3_seed101_0049,150,yellow banana,1,0.8238124847412109,yellow banana,538.04541015625,202.73895263671875,684.808837890625,329.763671875
Cosmos3_seed101_0049,153,yellow banana,1,0.78274005651474,yellow banana,525.3488159179688,219.16140747070312,663.4645385742188,344.0165100097656
Cosmos3_seed101_0049,156,yellow banana,1,0.7434053421020508,yellow banana,520.1315307617188,248.9125213623047,646.6976928710938,368.6540832519531
Cosmos3_seed101_0049,156,yellow banana,2,0.10072723776102066,banana,571.017822265625,1.60467529296875,1273.3760986328125,715.1412963867188
Cosmos3_seed101_0049,159,yellow banana,1,0.7182645797729492,yellow banana,519.8561401367188,270.9608459472656,640.9089965820312,381.0981140136719
Cosmos3_seed101_0049,159,yellow banana,2,0.10349556803703308,banana,551.3955078125,14.647491455078125,1250.80712890625,713.3626708984375
Cosmos3_seed101_0049,162,yellow banana,1,0.7359601855278015,yellow banana,519.8993530273438,281.3133544921875,640.5227661132812,382.68939208984375
Cosmos3_seed101_0049,165,yellow banana,1,0.6531251668930054,yellow banana,519.5982055664062,279.1908874511719,635.8328247070312,401.9400329589844
Cosmos3_seed101_0049,165,yellow banana,2,0.13115817308425903,yellow banana,571.85986328125,25.883819580078125,1234.8126220703125,711.103271484375
Cosmos3_seed101_0049,165,yellow banana,3,0.12437275797128677,yellow banana,1069.5938720703125,543.4901123046875,1117.5360107421875,591.875
Cosmos3_seed101_0049,168,yellow banana,1,0.6045081615447998,yellow banana,521.3851928710938,275.2634582519531,632.7479858398438,417.8679504394531
Cosmos3_seed101_0049,168,yellow banana,2,0.14388100802898407,yellow banana,522.10302734375,275.4730224609375,574.3563232421875,331.40521240234375
Cosmos3_seed101_0049,168,yellow banana,3,0.1420762538909912,yellow banana,569.463134765625,26.34027099609375,1232.1336669921875,712.2862548828125
Cosmos3_seed101_0049,168,yellow banana,4,0.12424691766500473,yellow banana,578.8953247070312,324.4873962402344,632.1090698242188,416.6398010253906
Cosmos3_seed101_0049,168,yellow banana,5,0.10784532874822617,yellow banana,1069.5238037109375,543.4963989257812,1117.4664306640625,592.0628051757812
Cosmos3_seed101_0049,171,yellow banana,1,0.5441914796829224,yellow banana,549.5386962890625,301.866455078125,631.80126953125,421.550537109375
Cosmos3_seed101_0049,171,yellow banana,2,0.17303714156150818,yellow banana,551.1166381835938,302.8981628417969,613.0043334960938,369.9181213378906
Cosmos3_seed101_0049,171,yellow banana,3,0.16525191068649292,yellow banana,560.3350219726562,26.53924560546875,1231.162841796875,712.7632446289062
Cosmos3_seed101_0049,171,yellow banana,4,0.11596188694238663,yellow banana,576.3316040039062,332.4139709472656,631.0296020507812,419.1527404785156
Cosmos3_seed101_0049,171,yellow banana,5,0.10567569732666016,yellow banana,577.7235107421875,331.10955810546875,612.93603515625,370.25830078125
Cosmos3_seed101_0049,171,yellow banana,6,0.10076341778039932,yellow,1069.5770263671875,543.8541870117188,1117.4178466796875,591.3607788085938
Cosmos3_seed101_0049,174,yellow banana,1,0.5182263255119324,yellow banana,528.3380737304688,350.59197998046875,632.2064819335938,423.875732421875
Cosmos3_seed101_0049,174,yellow banana,2,0.2207450419664383,yellow banana,561.249267578125,22.8743896484375,1236.162353515625,712.850830078125
Cosmos3_seed101_0049,174,yellow banana,3,0.17451007664203644,yellow banana,1069.780029296875,543.982666015625,1118.04248046875,592.0352783203125
Cosmos3_seed101_0049,174,yellow banana,4,0.13106152415275574,yellow banana,957.9261474609375,466.017333984375,1118.0989990234375,592.04833984375
Cosmos3_seed101_0049,174,yellow banana,5,0.1052088737487793,banana,313.03912353515625,224.09573364257812,715.6953735351562,473.4895324707031
Cosmos3_seed101_0049,177,yellow banana,1,0.5566132068634033,yellow banana,525.6327514648438,350.14874267578125,630.3421020507812,424.2978515625
Cosmos3_seed101_0049,177,yellow banana,2,0.20234686136245728,yellow banana,553.2254638671875,9.006805419921875,1250.7359619140625,714.8323974609375
Cosmos3_seed101_0049,177,yellow banana,3,0.1591625213623047,yellow banana,1068.7467041015625,544.6959838867188,1117.8453369140625,592.6458129882812
Cosmos3_seed101_0049,177,yellow banana,4,0.12539047002792358,yellow banana,954.1826171875,466.18096923828125,1117.858154296875,592.6804809570312
Cosmos3_seed101_0049,180,yellow banana,1,0.6361848711967468,yellow banana,524.4686279296875,350.3006591796875,630.995849609375,423.8524169921875
Cosmos3_seed101_0049,180,yellow banana,2,0.1337522566318512,yellow banana,552.3988647460938,0.628021240234375,1277.7880859375,716.2691650390625
Cosmos3_seed101_0049,183,yellow banana,1,0.6310014128684998,yellow banana,524.2077026367188,350.586181640625,630.7256469726562,424.238525390625
Cosmos3_seed101_0049,183,yellow banana,2,0.15884940326213837,yellow banana,565.2137451171875,0.0,1278.2403564453125,714.8304443359375
Cosmos3_seed101_0049,186,yellow banana,1,0.6511856913566589,yellow banana,524.660400390625,349.9971008300781,630.58447265625,422.9622497558594
Cosmos3_seed101_0049,186,yellow banana,2,0.1328050196170807,yellow banana,594.7699584960938,0.0,1278.469970703125,714.9002685546875
Cosmos3_seed101_0049,188,yellow banana,1,0.6727854013442993,yellow banana,524.5994873046875,350.1492919921875,630.57275390625,423.0318603515625
Cosmos3_seed101_0049,188,yellow banana,2,0.12134777009487152,yellow banana,610.6974487304688,0.0,1278.62158203125,714.510986328125
LVP_0062,0,brown cup,1,0.884270191192627,brown cup,287.9929504394531,208.40365600585938,337.2680358886719,276.27783203125
LVP_0062,3,brown cup,1,0.8717400431632996,brown cup,287.82720947265625,208.5126953125,337.03106689453125,276.38525390625
LVP_0062,6,brown cup,1,0.8661379218101501,brown cup,287.93194580078125,208.4227294921875,337.065673828125,276.3170166015625
LVP_0062,9,brown cup,1,0.8647639155387878,brown cup,287.7886657714844,208.31585693359375,337.2593078613281,276.42181396484375
LVP_0062,12,brown cup,1,0.8593823313713074,brown cup,287.8616943359375,208.20175170898438,336.98455810546875,276.174072265625
LVP_0062,15,brown cup,1,0.853746235370636,brown cup,287.3895568847656,207.564208984375,337.0344543457031,276.56597900390625
LVP_0062,18,brown cup,1,0.8444293141365051,brown cup,286.3943786621094,208.60159301757812,336.4039611816406,276.45697021484375
LVP_0062,21,brown cup,1,0.8449677228927612,brown cup,286.17047119140625,207.74578857421875,336.64825439453125,275.4219970703125
LVP_0062,24,brown cup,1,0.8470353484153748,brown cup,288.08770751953125,195.58966064453125,340.86468505859375,270.48297119140625
LVP_0062,27,brown cup,1,0.8252031803131104,brown cup,298.2950439453125,210.52700805664062,356.48150634765625,293.7582092285156
LVP_0062,30,brown cup,1,0.640387773513794,brown cup,293.0088195800781,234.13723754882812,354.5328674316406,319.2597351074219
LVP_0062,30,brown cup,2,0.22322896122932434,brown cup,269.4622802734375,232.167236328125,382.8148193359375,363.17645263671875
LVP_0062,33,brown cup,1,0.8568311333656311,brown cup,286.7881164550781,245.38726806640625,350.6529235839844,333.75653076171875
LVP_0062,36,brown cup,1,0.8559831380844116,brown cup,288.73187255859375,255.682373046875,353.1361083984375,341.27435302734375
LVP_0062,39,brown cup,1,0.8504104018211365,brown cup,288.1672668457031,254.22576904296875,351.3794250488281,337.57989501953125
LVP_0062,42,brown cup,1,0.8267149329185486,brown cup,287.3966369628906,253.632080078125,349.3896179199219,334.3294677734375
LVP_0062,42,brown cup,2,0.11601237207651138,brown cup,267.8454284667969,250.0826873779297,383.1488342285156,365.19903564453125
LVP_0062,45,brown cup,1,0.8078992962837219,brown cup,287.4429626464844,254.42474365234375,349.4563293457031,334.00872802734375
LVP_0062,45,brown cup,2,0.123277448117733,brown cup,267.9996643066406,251.923828125,382.8851623535156,364.89202880859375
LVP_0062,48,brown cup,1,0.7975670099258423,brown cup,287.35052490234375,254.40748596191406,349.5654296875,334.0643310546875
LVP_0062,48,brown cup,2,0.12449505180120468,brown cup,267.9129638671875,251.74041748046875,383.04644775390625,365.14459228515625
LVP_0043,0,button,1,0.3885081112384796,button,3.15130615234375,177.8495635986328,633.577392578125,478.99468994140625
LVP_0043,0,button,2,0.23460642993450165,button,1.07586669921875,0.16790771484375,831.0,479.0
LVP_0043,0,button,3,0.17132890224456787,button,393.146728515625,434.0763854980469,431.99627685546875,468.1734924316406
LVP_0043,0,button,4,0.16163955628871918,button,349.9510498046875,437.6883239746094,389.96685791015625,471.8619689941406
LVP_0043,0,button,5,0.15964649617671967,button,642.9343872070312,435.3329772949219,732.7409057617188,479.0
LVP_0043,0,button,6,0.15876488387584686,button,474.115234375,428.64324951171875,510.889892578125,459.392333984375
LVP_0043,0,button,7,0.15729326009750366,button,305.3591613769531,440.9852600097656,347.0748596191406,475.4098205566406
LVP_0043,0,button,8,0.15720535814762115,button,235.25228881835938,429.19183349609375,276.8238220214844,463.83331298828125
LVP_0043,0,button,9,0.15433910489082336,button,376.8541259765625,453.6315002441406,418.2586669921875,479.0
LVP_0043,0,button,10,0.1536426693201065,button,434.65283203125,431.3995361328125,471.3787841796875,464.02874755859375
LVP_0043,0,button,11,0.15327544510364532,button,461.4567565917969,445.8778991699219,501.2806701660156,478.4955749511719
LVP_0043,0,button,12,0.15319906175136566,button,259.801513671875,443.7511291503906,301.9761962890625,478.4239807128906
LVP_0043,3,button,1,0.39274370670318604,button,2.907867431640625,177.64002990722656,636.7449951171875,478.860107421875
LVP_0043,3,button,2,0.22918564081192017,button,1.07421875,0.168701171875,831.0,479.0
LVP_0043,3,button,3,0.16624629497528076,button,643.068359375,436.2881774902344,732.5360107421875,479.0
LVP_0043,3,button,4,0.1612471640110016,button,392.85504150390625,433.64068603515625,431.67816162109375,468.1717529296875
LVP_0043,3,button,5,0.16071942448616028,button,349.8528747558594,437.6305236816406,390.8777160644531,471.6520080566406
LVP_0043,3,button,6,0.15753959119319916,button,235.2743377685547,429.4501037597656,277.4129638671875,463.8880310058594
LVP_0043,3,button,7,0.15714381635189056,button,305.0830993652344,439.88031005859375,346.8653869628906,475.70843505859375
LVP_0043,3,button,8,0.15703320503234863,button,474.04522705078125,428.5796203613281,511.323486328125,459.4948425292969
LVP_0043,3,button,9,0.1560174971818924,button,212.6784210205078,414.3267822265625,253.3444366455078,447.83013916015625
LVP_0043,3,button,10,0.1557181477546692,button,188.04986572265625,433.11834716796875,230.62384033203125,468.34930419921875
LVP_0043,3,button,11,0.15287381410598755,button,434.49066162109375,431.49761962890625,471.98016357421875,463.370361328125
LVP_0043,3,button,12,0.15255269408226013,button,462.060791015625,445.1861267089844,501.39471435546875,478.3230895996094
LVP_0043,6,button,1,0.397092342376709,button,2.027740478515625,177.56027221679688,632.747314453125,478.9569396972656
LVP_0043,6,button,2,0.22919520735740662,button,1.067138671875,0.1552276611328125,831.0,479.0
LVP_0043,6,button,3,0.16056527197360992,button,392.8355407714844,433.8238525390625,431.9599914550781,468.099609375
LVP_0043,6,button,4,0.1598285287618637,button,349.8213806152344,437.37115478515625,390.9589538574219,471.4344482421875
LVP_0043,6,button,5,0.15863001346588135,button,235.0426483154297,429.09033203125,277.14471435546875,464.1654052734375
LVP_0043,6,button,6,0.15859055519104004,button,212.45211791992188,414.8766784667969,253.36648559570312,446.9890441894531
LVP_0043,6,button,7,0.15796028077602386,button,305.0530090332031,440.0810546875,347.3777160644531,475.59796142578125
LVP_0043,6,button,8,0.15770494937896729,button,643.9752197265625,436.4233703613281,732.7303466796875,479.0
LVP_0043,6,button,9,0.15443959832191467,button,434.54608154296875,431.4424133300781,471.92510986328125,463.4673156738281
LVP_0043,6,button,10,0.15162453055381775,button,474.1772155761719,428.65289306640625,511.0471496582031,459.75006103515625
LVP_0043,6,button,11,0.15075786411762238,button,376.5362854003906,453.3375244140625,418.0277404785156,479.0
LVP_0043,6,button,12,0.1494474709033966,button,165.7681427001953,417.9742126464844,207.8383026123047,451.0187683105469
LVP_0043,9,button,1,0.39068660140037537,button,2.341949462890625,177.36781311035156,637.9219970703125,478.98065185546875
LVP_0043,9,button,2,0.23228752613067627,button,1.08465576171875,0.251953125,831.0,479.0
LVP_0043,9,button,3,0.16197146475315094,button,644.6664428710938,436.9190368652344,732.8201293945312,479.0
LVP_0043,9,button,4,0.15897636115550995,button,212.5406494140625,414.6947937011719,253.46807861328125,447.2438659667969
LVP_0043,9,button,5,0.15821409225463867,button,235.2989044189453,429.1260070800781,277.1318664550781,464.0243835449219
LVP_0043,9,button,6,0.1561087667942047,button,187.6055450439453,432.8011474609375,230.9106903076172,468.25555419921875
LVP_0043,9,button,7,0.1550293266773224,button,324.09649658203125,422.1759033203125,364.02581787109375,454.94818115234375
LVP_0043,9,button,8,0.1544480323791504,button,256.2874450683594,382.522216796875,292.8514709472656,410.94293212890625
LVP_0043,9,button,9,0.154379203915596,button,474.088134765625,428.6582336425781,510.9571533203125,459.7349548339844
LVP_0043,9,button,10,0.15338993072509766,button,234.6057891845703,397.8431396484375,274.70904541015625,428.37884521484375
LVP_0043,9,button,11,0.15335634350776672,button,463.01348876953125,445.3665771484375,501.04315185546875,478.27191162109375
LVP_0043,9,button,12,0.15271541476249695,button,305.2806701660156,440.1563720703125,346.9748229980469,475.6419677734375
LVP_0043,12,button,1,0.3843119740486145,button,2.62274169921875,177.61746215820312,635.2202758789062,478.9496765136719
LVP_0043,12,button,2,0.23653282225131989,button,1.03863525390625,0.2874298095703125,831.0,479.0
LVP_0043,12,button,3,0.1632537543773651,button,235.2659454345703,429.1244812011719,276.9225158691406,464.1886901855469
LVP_0043,12,button,4,0.16301345825195312,button,474.43902587890625,428.4951477050781,511.115234375,459.7995910644531
LVP_0043,12,button,5,0.16177566349506378,button,234.62559509277344,397.7381896972656,274.5850524902344,428.6342468261719
LVP_0043,12,button,6,0.16074655950069427,button,392.68682861328125,433.6195068359375,432.037841796875,467.60821533203125
LVP_0043,12,button,7,0.1582053154706955,button,324.0636291503906,422.3248291015625,363.8961486816406,454.88427734375
LVP_0043,12,button,8,0.1581864058971405,button,434.77618408203125,431.5574035644531,471.86590576171875,463.6061096191406
LVP_0043,12,button,9,0.15809711813926697,button,256.20013427734375,382.65838623046875,292.991455078125,410.88446044921875
LVP_0043,12,button,10,0.15772265195846558,button,212.39100646972656,414.8835754394531,253.23744201660156,447.4432678222656
LVP_0043,12,button,11,0.15538258850574493,button,280.69580078125,425.7540588378906,321.0419921875,458.9118957519531
LVP_0043,12,button,12,0.1550680696964264,button,187.59710693359375,432.75787353515625,230.97799682617188,468.47991943359375
LVP_0043,15,button,1,0.3833882212638855,button,3.287750244140625,177.48773193359375,632.1199951171875,478.94073486328125
LVP_0043,15,button,2,0.23757381737232208,button,1.0789794921875,0.3542633056640625,831.0,479.0
LVP_0043,15,button,3,0.16202080249786377,button,644.109375,436.7430419921875,733.3524169921875,479.0
LVP_0043,15,button,4,0.1619402915239334,button,474.3299560546875,428.5086975097656,511.0146484375,459.7131042480469
LVP_0043,15,button,5,0.15998214483261108,button,255.9922332763672,382.6713562011719,292.9778137207031,410.8393249511719
LVP_0043,15,button,6,0.15956874191761017,button,392.5506591796875,433.817138671875,431.98736572265625,467.94512939453125
LVP_0043,15,button,7,0.1591625064611435,button,235.0290985107422,428.9783630371094,276.9376220703125,464.1441955566406
LVP_0043,15,button,8,0.15913544595241547,button,434.9181823730469,431.6269226074219,471.8142395019531,463.9311218261719
LVP_0043,15,button,9,0.15877746045589447,button,212.73361206054688,414.6837158203125,253.18649291992188,447.155517578125
LVP_0043,15,button,10,0.1569424718618393,button,349.96331787109375,437.81036376953125,390.73077392578125,471.4227294921875
LVP_0043,15,button,11,0.15683366358280182,button,187.6808624267578,433.003662109375,231.1472625732422,468.31292724609375
LVP_0043,15,button,12,0.15261945128440857,button,305.0609436035156,440.2668762207031,347.1572570800781,475.5688781738281
LVP_0043,18,button,1,0.3810298442840576,button,3.28680419921875,177.96751403808594,635.7498779296875,478.97900390625
LVP_0043,18,button,2,0.23637616634368896,button,1.02001953125,0.3318634033203125,831.0,479.0
LVP_0043,18,button,3,0.16802366077899933,button,392.8424072265625,433.666259765625,432.02850341796875,468.30963134765625
LVP_0043,18,button,4,0.16353322565555573,button,793.9201049804688,169.40219116210938,810.8047485351562,180.379638671875
LVP_0043,18,button,5,0.16060300171375275,button,463.26312255859375,445.34033203125,501.257568359375,478.23187255859375
LVP_0043,18,button,6,0.16000373661518097,button,778.5186157226562,69.57433319091797,798.7050170898438,80.7964096069336
LVP_0043,18,button,7,0.15914545953273773,button,212.6049346923828,414.85418701171875,253.43443298339844,447.36712646484375
LVP_0043,18,button,8,0.1590195894241333,button,474.3267517089844,428.4266357421875,510.7901306152344,459.46014404296875
LVP_0043,18,button,9,0.15765170753002167,button,234.61077880859375,397.6461181640625,274.4696044921875,428.40057373046875
LVP_0043,18,button,10,0.1565822958946228,button,165.74452209472656,418.15185546875,208.1209259033203,451.36529541015625
LVP_0043,18,button,11,0.1565406769514084,button,434.8609924316406,431.5831298828125,471.4837341308594,463.635009765625
LVP_0043,18,button,12,0.1562071591615677,button,324.36370849609375,422.3877258300781,363.89190673828125,454.7520446777344
LVP_0043,21,button,1,0.37649497389793396,button,3.133331298828125,177.77371215820312,634.8031005859375,478.9922790527344
LVP_0043,21,button,2,0.23365174233913422,button,1.059356689453125,0.583587646484375,831.0,479.0
LVP_0043,21,button,3,0.16809490323066711,button,463.49835205078125,445.580322265625,501.23626708984375,478.253173828125
LVP_0043,21,button,4,0.16547136008739471,button,392.661865234375,433.7733154296875,431.965576171875,468.1827392578125
LVP_0043,21,button,5,0.1626438945531845,button,639.1282958984375,46.85419464111328,646.37353515625,54.90656280517578
LVP_0043,21,button,6,0.1619134396314621,button,435.1365661621094,431.52508544921875,471.7715148925781,463.6256103515625
LVP_0043,21,button,7,0.16103290021419525,button,474.12969970703125,428.5841064453125,510.8533935546875,459.641845703125
LVP_0043,21,button,8,0.16047358512878418,button,349.8222961425781,437.85333251953125,390.9100036621094,471.3076171875
LVP_0043,21,button,9,0.16003954410552979,button,632.3174438476562,93.80339813232422,640.9069213867188,106.58271026611328
LVP_0043,21,button,10,0.15868672728538513,button,305.29400634765625,440.2144470214844,346.99652099609375,475.6246643066406
LVP_0043,21,button,11,0.15720409154891968,button,212.6605224609375,414.7327880859375,253.52951049804688,447.39849853515625
LVP_0043,21,button,12,0.15658821165561676,button,235.1781005859375,428.99755859375,277.23968505859375,463.99407958984375
LVP_0043,24,button,1,0.3727054297924042,button,2.426422119140625,177.6741943359375,635.9539794921875,479.0
LVP_0043,24,button,2,0.21083250641822815,button,0.891632080078125,0.574920654296875,831.0,479.0
LVP_0043,24,button,3,0.16814404726028442,button,392.7399597167969,433.787353515625,432.0428161621094,468.34100341796875
LVP_0043,24,button,4,0.16716527938842773,button,463.81439208984375,445.4632873535156,501.66522216796875,478.2435607910156
LVP_0043,24,button,5,0.16476891934871674,button,625.9208984375,50.84593200683594,632.947509765625,59.30183410644531
LVP_0043,24,button,6,0.16341547667980194,button,212.6700439453125,414.6674499511719,253.38580322265625,447.3173522949219
LVP_0043,24,button,7,0.1614292860031128,button,349.7325134277344,437.7748718261719,390.7604675292969,471.1734313964844
LVP_0043,24,button,8,0.16117477416992188,button,259.0494384765625,443.52032470703125,302.555908203125,478.42437744140625
LVP_0043,24,button,9,0.16057346761226654,button,435.025634765625,431.6710205078125,471.6234130859375,463.60943603515625
LVP_0043,24,button,10,0.1601407676935196,button,618.7948608398438,95.94283294677734,627.2189331054688,107.55973052978516
LVP_0043,24,button,11,0.15863943099975586,button,768.4784545898438,166.10658264160156,784.4880981445312,176.33070373535156
LVP_0043,24,button,12,0.15805137157440186,button,484.3548889160156,412.16400146484375,518.9795532226562,441.64678955078125
LVP_0043,27,button,1,0.38112589716911316,button,2.633270263671875,178.06558227539062,647.829345703125,479.0
LVP_0043,27,button,2,0.2341768443584442,button,0.976470947265625,0.6109619140625,831.0,479.0
LVP_0043,27,button,3,0.1859693080186844,button,801.5770263671875,200.27975463867188,814.8699951171875,210.24447631835938
LVP_0043,27,button,4,0.1795465499162674,button,814.0772094726562,174.261474609375,827.5106811523438,184.1492919921875
LVP_0043,27,button,5,0.16884727776050568,button,761.6997680664062,165.94651794433594,776.9204711914062,175.6188201904297
LVP_0043,27,button,6,0.16496716439723969,button,748.6340942382812,190.00193786621094,762.9175415039062,199.7797088623047
LVP_0043,27,button,7,0.16314956545829773,button,392.70343017578125,433.6941223144531,432.1103515625,468.3187561035156
LVP_0043,27,button,8,0.1600467711687088,button,212.80421447753906,414.71484375,253.49363708496094,447.4830322265625
LVP_0043,27,button,9,0.15985873341560364,button,235.1905517578125,428.90545654296875,277.4423828125,463.85137939453125
LVP_0043,27,button,10,0.15963977575302124,button,608.8480224609375,97.38286590576172,618.1986083984375,110.69965362548828
LVP_0043,27,button,11,0.1593412458896637,button,188.1552276611328,432.81573486328125,231.18077087402344,468.25958251953125
LVP_0043,27,button,12,0.15818218886852264,button,474.40802001953125,428.2775573730469,511.03118896484375,459.2971496582031
LVP_0043,30,button,1,0.380008339881897,button,2.320465087890625,177.79156494140625,648.795166015625,478.98504638671875
LVP_0043,30,button,2,0.23188559710979462,button,0.9200439453125,0.7497100830078125,831.0,479.0
LVP_0043,30,button,3,0.20574595034122467,button,753.2371215820312,164.82081604003906,769.9937133789062,175.2371063232422
LVP_0043,30,button,4,0.19205132126808167,button,807.3580932617188,172.3141326904297,821.4873657226562,182.2831573486328
LVP_0043,30,button,5,0.1647656410932541,button,794.5335693359375,198.44091796875,808.7177734375,208.51544189453125
LVP_0043,30,button,6,0.16109934449195862,button,212.6908721923828,414.7093200683594,253.2980194091797,447.4453430175781
LVP_0043,30,button,7,0.16064299643039703,button,816.6982421875,147.96205139160156,829.65673828125,157.85597229003906
LVP_0043,30,button,8,0.15859484672546387,button,392.7478942871094,433.8741455078125,432.1626281738281,468.36065673828125
LVP_0043,30,button,9,0.15632429718971252,button,259.16192626953125,443.466552734375,302.49505615234375,478.39093017578125
LVP_0043,30,button,10,0.15603798627853394,button,234.37393188476562,397.60626220703125,274.6285705566406,428.3582763671875
LVP_0043,30,button,11,0.1559140980243683,button,187.94100952148438,432.7696838378906,231.04611206054688,468.1163635253906
LVP_0043,30,button,12,0.15564996004104614,button,643.619384765625,435.92626953125,732.38916015625,479.0
LVP_0043,33,button,1,0.3855119049549103,button,2.41851806640625,177.93603515625,644.0944213867188,479.0
LVP_0043,33,button,2,0.23400256037712097,button,1.000396728515625,0.5146484375,831.0,479.0
LVP_0043,33,button,3,0.18368178606033325,button,752.5664672851562,164.6196746826172,768.9442749023438,174.89183044433594
LVP_0043,33,button,4,0.18100133538246155,button,806.5756225585938,172.2055206298828,821.3419799804688,182.25975036621094
LVP_0043,33,button,5,0.16058875620365143,button,212.72567749023438,414.84002685546875,253.31243896484375,447.41094970703125
LVP_0043,33,button,6,0.1604333519935608,button,392.8179016113281,433.9586486816406,432.1148376464844,468.3301086425781
LVP_0043,33,button,7,0.15846168994903564,button,463.2810363769531,445.04345703125,501.3124694824219,478.2572021484375
LVP_0043,33,button,8,0.1576968878507614,button,643.5909423828125,436.2613525390625,732.429931640625,479.0
LVP_0043,33,button,9,0.15722110867500305,button,794.1948852539062,198.42645263671875,808.5132446289062,208.55987548828125
LVP_0043,33,button,10,0.1569652408361435,button,474.28826904296875,428.7636413574219,510.67657470703125,459.5519714355469
LVP_0043,33,button,11,0.1563912034034729,button,324.1609191894531,422.36810302734375,363.7289733886719,454.82818603515625
LVP_0043,33,button,12,0.15604743361473083,button,187.91232299804688,432.75469970703125,231.07510375976562,468.20562744140625
LVP_0043,36,button,1,0.3823692500591278,button,1.85321044921875,177.84645080566406,643.8955078125,479.0
LVP_0043,36,button,2,0.23322534561157227,button,0.799774169921875,0.6058197021484375,831.0,479.0
LVP_0043,36,button,3,0.17893753945827484,button,603.8629150390625,102.27787017822266,612.1043701171875,114.33293914794922
LVP_0043,36,button,4,0.16145901381969452,button,643.9779663085938,436.3179626464844,732.8508911132812,479.0
LVP_0043,36,button,5,0.1599438637495041,button,633.5126342773438,102.5445556640625,641.0746459960938,111.47860717773438
LVP_0043,36,button,6,0.15930503606796265,button,809.188232421875,172.7662353515625,823.0843505859375,182.84817504882812
LVP_0043,36,button,7,0.15841779112815857,button,212.66339111328125,414.79510498046875,253.42840576171875,447.3330078125
LVP_0043,36,button,8,0.15819694101810455,button,259.0162048339844,443.4686279296875,302.3944396972656,478.4638671875
LVP_0043,36,button,9,0.1569979339838028,button,234.40904235839844,397.7333984375,274.4890441894531,428.18157958984375
LVP_0043,36,button,10,0.15629011392593384,button,474.33587646484375,428.8400573730469,510.6829833984375,459.5994567871094
LVP_0043,36,button,11,0.15531297028064728,button,392.84844970703125,433.81402587890625,432.20782470703125,468.1494140625
LVP_0043,36,button,12,0.1545010209083557,button,350.0132141113281,437.916259765625,390.9090881347656,471.26220703125
LVP_0043,39,button,1,0.3743833005428314,button,2.1038818359375,177.8594207763672,637.612548828125,479.0
LVP_0043,39,button,2,0.22904740273952484,button,0.9429931640625,0.578582763671875,831.0,479.0
LVP_0043,39,button,3,0.20070545375347137,button,761.8590087890625,165.46914672851562,777.931884765625,175.51370239257812
LVP_0043,39,button,4,0.1941749006509781,button,814.9212646484375,174.2430419921875,827.9730224609375,184.072021484375
LVP_0043,39,button,5,0.17654646933078766,button,802.7532348632812,200.62083435058594,815.6636352539062,209.2389373779297
LVP_0043,39,button,6,0.17470455169677734,button,725.7379760742188,262.1231994628906,742.3776245117188,273.5454406738281
LVP_0043,39,button,7,0.16766542196273804,button,749.006591796875,190.07452392578125,763.95263671875,200.26071166992188
LVP_0043,39,button,8,0.16438035666942596,button,644.0357055664062,436.3102722167969,732.2808227539062,479.0
LVP_0043,39,button,9,0.1590806245803833,button,463.4185485839844,445.4162902832031,501.3893127441406,478.3402404785156
LVP_0043,39,button,10,0.1584053933620453,button,212.61526489257812,414.7427673339844,253.00143432617188,447.4272155761719
LVP_0043,39,button,11,0.15718860924243927,button,639.2607421875,101.37029266357422,647.5360107421875,110.89183807373047
LVP_0043,39,button,12,0.15603949129581451,button,187.93846130371094,432.63134765625,230.9999542236328,468.059814453125
LVP_0043,42,button,1,0.383968710899353,button,2.131195068359375,177.959716796875,638.124755859375,478.9691162109375
LVP_0043,42,button,2,0.2137165665626526,button,1.021331787109375,0.4534759521484375,831.0,479.0
LVP_0043,42,button,3,0.17058826982975006,button,640.8253173828125,89.25666046142578,650.3055419921875,102.47650909423828
LVP_0043,42,button,4,0.16611842811107635,button,392.6712341308594,433.7015686035156,432.1659240722656,468.2428283691406
LVP_0043,42,button,5,0.16413481533527374,button,644.0380249023438,436.47161865234375,732.7883911132812,479.0
LVP_0043,42,button,6,0.16388048231601715,button,787.3385009765625,168.3247528076172,804.08203125,179.9177703857422
LVP_0043,42,button,7,0.15910270810127258,button,474.4557189941406,428.82000732421875,510.9126892089844,459.70819091796875
LVP_0043,42,button,8,0.1587303876876831,button,212.62539672851562,414.83306884765625,253.13037109375,447.47344970703125
LVP_0043,42,button,9,0.15650254487991333,button,187.9548797607422,432.8544006347656,231.10890197753906,468.4032897949219
LVP_0043,42,button,10,0.15613721311092377,button,349.9969787597656,437.906005859375,390.8457336425781,471.33660888671875
LVP_0043,42,button,11,0.15613053739070892,button,235.03866577148438,428.9482421875,277.3112487792969,464.0059814453125
LVP_0043,42,button,12,0.15546797215938568,button,434.8578186035156,431.2021484375,471.6797180175781,463.3592529296875
LVP_0043,45,button,1,0.3862142860889435,button,2.471832275390625,178.00917053222656,637.897705078125,478.934326171875
LVP_0043,45,button,2,0.2227587252855301,button,0.966278076171875,0.2745513916015625,831.0,479.0
LVP_0043,45,button,3,0.17272502183914185,button,783.0211181640625,193.703857421875,797.236083984375,204.98880004882812
LVP_0043,45,button,4,0.16791139543056488,button,643.4188232421875,436.3123779296875,732.884521484375,479.0
LVP_0043,45,button,5,0.1663999706506729,button,658.7291870117188,84.84455871582031,667.2029418945312,96.531005859375
LVP_0043,45,button,6,0.16418391466140747,button,392.75860595703125,433.73675537109375,432.20330810546875,468.34307861328125
LVP_0043,45,button,7,0.16253845393657684,button,717.673095703125,17.531126022338867,727.37060546875,29.9948673248291
LVP_0043,45,button,8,0.15799474716186523,button,789.482177734375,70.81794738769531,810.3001708984375,82.90721130371094
LVP_0043,45,button,9,0.15688194334506989,button,670.3143920898438,30.38988494873047,678.8395385742188,39.729278564453125
LVP_0043,45,button,10,0.1564982533454895,button,212.467041015625,414.7696533203125,253.59494018554688,447.52044677734375
LVP_0043,45,button,11,0.1559491604566574,button,187.67640686035156,432.77203369140625,231.0375518798828,468.2939453125
LVP_0043,45,button,12,0.15455050766468048,button,474.1692199707031,428.86065673828125,510.8923034667969,459.80218505859375
LVP_0043,48,button,1,0.381619393825531,button,3.35882568359375,177.55621337890625,632.6589965820312,478.9495849609375
LVP_0043,48,button,2,0.23041552305221558,button,1.003143310546875,0.4264068603515625,831.0,479.0
LVP_0043,48,button,3,0.16712182760238647,button,673.0545654296875,75.88033294677734,682.79248046875,89.37198638916016
LVP_0043,48,button,4,0.1645222008228302,button,392.5968017578125,433.8818359375,432.14190673828125,468.31671142578125
LVP_0043,48,button,5,0.16415059566497803,button,644.01953125,436.3887939453125,732.6661376953125,479.0
LVP_0043,48,button,6,0.16074387729167938,button,349.9173583984375,437.93048095703125,390.8526611328125,471.3612060546875
LVP_0043,48,button,7,0.1599494367837906,button,212.59193420410156,414.59869384765625,253.5548553466797,447.44866943359375
LVP_0043,48,button,8,0.15966957807540894,button,462.8361511230469,445.0445251464844,500.9965515136719,478.3133239746094
LVP_0043,48,button,9,0.15824230015277863,button,474.1123046875,428.84759521484375,510.82305908203125,459.70947265625
LVP_0043,48,button,10,0.15757280588150024,button,187.75064086914062,432.80401611328125,231.06097412109375,468.19891357421875
LVP_0043,48,button,11,0.15756487846374512,button,305.09027099609375,440.1585388183594,346.98681640625,475.8517761230469
LVP_0043,48,button,12,0.1574154645204544,button,259.1770324707031,443.455078125,302.4496154785156,478.38812255859375
