case,frame,rank,track_id,is_birth,match_dino,center_distance,match_cost,source_similarity,gdino_score,crop_path
Cosmos2.5_0058,0,1,T00,True,,,,0.969267964363098,0.8660951852798462,/shared/ssd_30T/zhuoyingyang/physact/sam3_robowm/identity_v1/sam_masked_expansion6/crops/Cosmos2.5_0058/frame_0000_rank_01.png
Cosmos2.5_0058,3,1,T00,False,0.9465117454528809,0.00028066912810224647,0.040186358192364914,0.957352876663208,0.8538597822189331,/shared/ssd_30T/zhuoyingyang/physact/sam3_robowm/identity_v1/sam_masked_expansion6/crops/Cosmos2.5_0058/frame_0003_rank_01.png
Cosmos2.5_0058,6,1,T00,False,0.9314546585083008,0.0010843894006214202,0.05168010346892977,0.9603431224822998,0.8425318598747253,/shared/ssd_30T/zhuoyingyang/physact/sam3_robowm/identity_v1/sam_masked_expansion6/crops/Cosmos2.5_0058/frame_0006_rank_01.png
Cosmos2.5_0058,9,1,T00,False,0.9713019132614136,0.000614469986176115,0.02167718255048385,0.964569330215454,0.8292736411094666,/shared/ssd_30T/zhuoyingyang/physact/sam3_robowm/identity_v1/sam_masked_expansion6/crops/Cosmos2.5_0058/frame_0009_rank_01.png
Cosmos2.5_0058,12,1,T00,False,0.974604606628418,0.00014035913704526416,0.01908163481294784,0.9696836471557616,0.8279156684875488,/shared/ssd_30T/zhuoyingyang/physact/sam3_robowm/identity_v1/sam_masked_expansion6/crops/Cosmos2.5_0058/frame_0012_rank_01.png
Cosmos2.5_0058,15,1,T00,False,0.9579405784606934,0.00041219431965607624,0.031647614734394,0.941791296005249,0.7501586079597473,/shared/ssd_30T/zhuoyingyang/physact/sam3_robowm/identity_v1/sam_masked_expansion6/crops/Cosmos2.5_0058/frame_0015_rank_01.png
Cosmos2.5_0058,15,2,T01,True,,,,0.6894094944000244,0.1008836403489112,/shared/ssd_30T/zhuoyingyang/physact/sam3_robowm/identity_v1/sam_masked_expansion6/crops/Cosmos2.5_0058/frame_0015_rank_02.png
Cosmos2.5_0058,18,1,T00,False,0.9271745681762695,0.00023538363982393822,0.05467791977775384,0.9598249197006226,0.677425742149353,/shared/ssd_30T/zhuoyingyang/physact/sam3_robowm/identity_v1/sam_masked_expansion6/crops/Cosmos2.5_0058/frame_0018_rank_01.png
Cosmos2.5_0058,18,2,T01,False,0.851271390914917,0.01791107945037345,0.11602422667640562,0.6821339130401611,0.1662404537200927,/shared/ssd_30T/zhuoyingyang/physact/sam3_robowm/identity_v1/sam_masked_expansion6/crops/Cosmos2.5_0058/frame_0018_rank_02.png
Cosmos2.5_0058,21,1,T00,False,0.9274483919143677,0.00027431452529611265,0.05448228469554827,0.9631750583648682,0.6472281217575073,/shared/ssd_30T/zhuoyingyang/physact/sam3_robowm/identity_v1/sam_masked_expansion6/crops/Cosmos2.5_0058/frame_0021_rank_01.png
Cosmos2.5_0058,21,2,T01,False,0.9007437229156494,0.010107438454468702,0.07696906742688012,0.7821406126022339,0.2198399752378463,/shared/ssd_30T/zhuoyingyang/physact/sam3_robowm/identity_v1/sam_masked_expansion6/crops/Cosmos2.5_0058/frame_0021_rank_02.png
Cosmos2.5_0058,24,1,T00,False,0.9491883516311646,0.00025372576317157547,0.03817216771741948,0.961132287979126,0.6335161924362183,/shared/ssd_30T/zhuoyingyang/physact/sam3_robowm/identity_v1/sam_masked_expansion6/crops/Cosmos2.5_0058/frame_0024_rank_01.png
Cosmos2.5_0058,24,2,T01,False,0.7862915992736816,0.010449878724380513,0.1628937702258339,0.858683168888092,0.2345937192440033,/shared/ssd_30T/zhuoyingyang/physact/sam3_robowm/identity_v1/sam_masked_expansion6/crops/Cosmos2.5_0058/frame_0024_rank_02.png
Cosmos2.5_0058,27,1,T00,False,0.9668833613395691,8.346808578693327e-05,0.024858346016769915,0.9632647633552552,0.5975310206413269,/shared/ssd_30T/zhuoyingyang/physact/sam3_robowm/identity_v1/sam_masked_expansion6/crops/Cosmos2.5_0058/frame_0027_rank_01.png
Cosmos2.5_0058,27,2,T01,False,0.9202542304992676,0.008801102588211727,0.06200960277260225,0.8597110509872437,0.2604678273200989,/shared/ssd_30T/zhuoyingyang/physact/sam3_robowm/identity_v1/sam_masked_expansion6/crops/Cosmos2.5_0058/frame_0027_rank_02.png
Cosmos2.5_0058,30,1,T00,False,0.9630289077758789,0.00030369223852555217,0.02780424222772221,0.9552976489067078,0.6122204661369324,/shared/ssd_30T/zhuoyingyang/physact/sam3_robowm/identity_v1/sam_masked_expansion6/crops/Cosmos2.5_0058/frame_0030_rank_01.png
Cosmos2.5_0058,30,2,T01,False,0.9257020354270935,0.009769094050798224,0.05816574694237943,0.8640377521514893,0.2600313127040863,/shared/ssd_30T/zhuoyingyang/physact/sam3_robowm/identity_v1/sam_masked_expansion6/crops/Cosmos2.5_0058/frame_0030_rank_02.png
Cosmos2.5_0058,33,1,T00,False,0.9612866044044495,0.0003488179870412008,0.029122251193423203,0.950898051261902,0.6123799085617065,/shared/ssd_30T/zhuoyingyang/physact/sam3_robowm/identity_v1/sam_masked_expansion6/crops/Cosmos2.5_0058/frame_0033_rank_01.png
Cosmos2.5_0058,33,2,T01,False,0.9141093492507935,0.011930780488182944,0.06740068318395065,0.7780967354774475,0.2327474951744079,/shared/ssd_30T/zhuoyingyang/physact/sam3_robowm/identity_v1/sam_masked_expansion6/crops/Cosmos2.5_0058/frame_0033_rank_02.png
Cosmos2.5_0058,36,1,T00,False,0.9665129780769348,6.284555492138174e-05,0.025130977831029234,0.9489369988441468,0.6704424619674683,/shared/ssd_30T/zhuoyingyang/physact/sam3_robowm/identity_v1/sam_masked_expansion6/crops/Cosmos2.5_0058/frame_0036_rank_01.png
Cosmos2.5_0058,36,2,T01,False,0.9381437301635742,0.007018125792872989,0.04814673382553758,0.8099867105484009,0.1570647805929184,/shared/ssd_30T/zhuoyingyang/physact/sam3_robowm/identity_v1/sam_masked_expansion6/crops/Cosmos2.5_0058/frame_0036_rank_02.png
Cosmos2.5_0058,39,1,T00,False,0.9381077885627747,4.664988108188055e-05,0.04643082104818948,0.9621942043304444,0.5624645948410034,/shared/ssd_30T/zhuoyingyang/physact/sam3_robowm/identity_v1/sam_masked_expansion6/crops/Cosmos2.5_0058/frame_0039_rank_01.png
Cosmos2.5_0058,39,2,T01,False,0.8941164016723633,0.005106085471206674,0.0806892201135292,0.8470611572265625,0.3182624280452728,/shared/ssd_30T/zhuoyingyang/physact/sam3_robowm/identity_v1/sam_masked_expansion6/crops/Cosmos2.5_0058/frame_0039_rank_02.png
Cosmos2.5_0058,39,3,T02,True,,,,0.5482431650161743,0.1003346890211105,/shared/ssd_30T/zhuoyingyang/physact/sam3_robowm/identity_v1/sam_masked_expansion6/crops/Cosmos2.5_0058/frame_0039_rank_03.png
Cosmos2.5_0058,42,1,T00,False,0.9339532852172852,7.399749675738434e-05,0.04955353546122548,0.9665707349777222,0.5382283329963684,/shared/ssd_30T/zhuoyingyang/physact/sam3_robowm/identity_v1/sam_masked_expansion6/crops/Cosmos2.5_0058/frame_0042_rank_01.png
Cosmos2.5_0058,42,2,T01,False,0.7740758657455444,0.0030763761481372703,0.170212194727876,0.8377852439880371,0.3562753796577453,/shared/ssd_30T/zhuoyingyang/physact/sam3_robowm/identity_v1/sam_masked_expansion6/crops/Cosmos2.5_0058/frame_0042_rank_02.png
Cosmos2.5_0058,42,3,T03,True,,,,0.7015450596809387,0.1125428080558776,/shared/ssd_30T/zhuoyingyang/physact/sam3_robowm/identity_v1/sam_masked_expansion6/crops/Cosmos2.5_0058/frame_0042_rank_03.png
Cosmos2.5_0058,45,3,T03,False,0.964707612991333,0.0030015090795224653,0.027219667526380862,0.7072458863258362,0.1141653880476951,/shared/ssd_30T/zhuoyingyang/physact/sam3_robowm/identity_v1/sam_masked_expansion6/crops/Cosmos2.5_0058/frame_0045_rank_03.png
Cosmos2.5_0058,45,1,T00,False,0.9549542665481567,0.0006515660064818009,0.0339471915905029,0.9499635696411132,0.5502910614013672,/shared/ssd_30T/zhuoyingyang/physact/sam3_robowm/identity_v1/sam_masked_expansion6/crops/Cosmos2.5_0058/frame_0045_rank_01.png
Cosmos2.5_0058,45,2,T01,False,0.802209734916687,0.0026208091167555297,0.14899790109167363,0.8435566425323486,0.3102113306522369,/shared/ssd_30T/zhuoyingyang/physact/sam3_robowm/identity_v1/sam_masked_expansion6/crops/Cosmos2.5_0058/frame_0045_rank_02.png
Cosmos2.5_0058,48,1,T00,False,0.9783181548118591,9.66909169591753e-05,0.016285556620345445,0.9477757215499878,0.538156270980835,/shared/ssd_30T/zhuoyingyang/physact/sam3_robowm/identity_v1/sam_masked_expansion6/crops/Cosmos2.5_0058/frame_0048_rank_01.png
Cosmos2.5_0058,48,3,T03,False,0.9351884722709656,0.0014091015354227591,0.04896092118063151,0.7012025117874146,0.1040560528635978,/shared/ssd_30T/zhuoyingyang/physact/sam3_robowm/identity_v1/sam_masked_expansion6/crops/Cosmos2.5_0058/frame_0048_rank_03.png
Cosmos2.5_0058,48,2,T01,False,0.872505247592926,0.003200066216538099,0.09642108085944001,0.8169950246810913,0.3376995921134949,/shared/ssd_30T/zhuoyingyang/physact/sam3_robowm/identity_v1/sam_masked_expansion6/crops/Cosmos2.5_0058/frame_0048_rank_02.png
Cosmos2.5_0058,51,3,T03,False,0.9399753212928772,0.0017059599518541987,0.04544499901830565,0.6713608503341675,0.1397786289453506,/shared/ssd_30T/zhuoyingyang/physact/sam3_robowm/identity_v1/sam_masked_expansion6/crops/Cosmos2.5_0058/frame_0051_rank_03.png
Cosmos2.5_0058,51,1,T00,False,0.9228988885879517,0.00039637845107346316,0.05792492817180462,0.9572149515151978,0.5004051327705383,/shared/ssd_30T/zhuoyingyang/physact/sam3_robowm/identity_v1/sam_masked_expansion6/crops/Cosmos2.5_0058/frame_0051_rank_01.png
Cosmos2.5_0058,51,2,T01,False,0.8083814382553101,0.0036330532674307267,0.14462218462537513,0.8199961185455322,0.3893924653530121,/shared/ssd_30T/zhuoyingyang/physact/sam3_robowm/identity_v1/sam_masked_expansion6/crops/Cosmos2.5_0058/frame_0051_rank_02.png
Cosmos2.5_0058,54,1,T00,False,0.9775394201278687,0.00011716317922232452,0.01687472569890409,0.9588934183120728,0.4751045703887939,/shared/ssd_30T/zhuoyingyang/physact/sam3_robowm/identity_v1/sam_masked_expansion6/crops/Cosmos2.5_0058/frame_0054_rank_01.png
Cosmos2.5_0058,54,2,T01,False,0.9490352869033813,0.0032419998831324116,0.039034034793247095,0.7939081788063049,0.4241486191749573,/shared/ssd_30T/zhuoyingyang/physact/sam3_robowm/identity_v1/sam_masked_expansion6/crops/Cosmos2.5_0058/frame_0054_rank_02.png
Cosmos2.5_0058,54,3,T03,False,0.5243631601333618,0.0067173329228441695,0.3584069631306897,0.6321759819984436,0.1747581958770752,/shared/ssd_30T/zhuoyingyang/physact/sam3_robowm/identity_v1/sam_masked_expansion6/crops/Cosmos2.5_0058/frame_0054_rank_03.png
Cosmos2.5_0058,57,1,T00,False,0.9906428456306458,2.5217604266188047e-05,0.007024170178082233,0.9667527675628662,0.4778877198696136,/shared/ssd_30T/zhuoyingyang/physact/sam3_robowm/identity_v1/sam_masked_expansion6/crops/Cosmos2.5_0058/frame_0057_rank_01.png
Cosmos2.5_0058,57,2,T01,False,0.9258108735084534,0.003502147776391654,0.05651738181275789,0.7419226765632629,0.4034358561038971,/shared/ssd_30T/zhuoyingyang/physact/sam3_robowm/identity_v1/sam_masked_expansion6/crops/Cosmos2.5_0058/frame_0057_rank_02.png
Cosmos2.5_0058,57,3,T03,False,0.8737188577651978,0.0014002194333911258,0.09506091153444947,0.6624120473861694,0.177697479724884,/shared/ssd_30T/zhuoyingyang/physact/sam3_robowm/identity_v1/sam_masked_expansion6/crops/Cosmos2.5_0058/frame_0057_rank_03.png
Cosmos2.5_0058,60,1,T00,False,0.9681903719902039,0.0002114130665580479,0.023910074273986618,0.960708498954773,0.4938529431819916,/shared/ssd_30T/zhuoyingyang/physact/sam3_robowm/identity_v1/sam_masked_expansion6/crops/Cosmos2.5_0058/frame_0060_rank_01.png
Cosmos2.5_0058,60,2,T01,False,0.8947275876998901,0.0022914036114767425,0.07952716012795158,0.7349260449409485,0.3943619132041931,/shared/ssd_30T/zhuoyingyang/physact/sam3_robowm/identity_v1/sam_masked_expansion6/crops/Cosmos2.5_0058/frame_0060_rank_02.png
Cosmos2.5_0058,60,3,T03,False,0.7437200546264648,0.0006445677319960153,0.19237110096315038,0.6323423981666565,0.1465800702571869,/shared/ssd_30T/zhuoyingyang/physact/sam3_robowm/identity_v1/sam_masked_expansion6/crops/Cosmos2.5_0058/frame_0060_rank_03.png
Cosmos2.5_0058,63,1,T00,False,0.985042929649353,0.00013525317691774865,0.011251616057214666,0.9604950547218324,0.4783101975917816,/shared/ssd_30T/zhuoyingyang/physact/sam3_robowm/identity_v1/sam_masked_expansion6/crops/Cosmos2.5_0058/frame_0063_rank_01.png
Cosmos2.5_0058,63,2,T01,False,0.9174149632453918,0.003943994733037272,0.06292477624921543,0.7538061141967773,0.4089924693107605,/shared/ssd_30T/zhuoyingyang/physact/sam3_robowm/identity_v1/sam_masked_expansion6/crops/Cosmos2.5_0058/frame_0063_rank_02.png
Cosmos2.5_0058,63,3,T03,False,0.8702202439308167,0.0008814911774478283,0.09755518984624947,0.658645510673523,0.1374418884515762,/shared/ssd_30T/zhuoyingyang/physact/sam3_robowm/identity_v1/sam_masked_expansion6/crops/Cosmos2.5_0058/frame_0063_rank_03.png
Cosmos2.5_0058,66,1,T00,False,0.9931027889251709,7.320330656318564e-05,0.0051912091327626225,0.9600965976715088,0.4598560631275177,/shared/ssd_30T/zhuoyingyang/physact/sam3_robowm/identity_v1/sam_masked_expansion6/crops/Cosmos2.5_0058/frame_0066_rank_01.png
Cosmos2.5_0058,66,2,T01,False,0.9368722438812256,0.0022256791247517622,0.047902236870268754,0.7697048187255859,0.4331423938274383,/shared/ssd_30T/zhuoyingyang/physact/sam3_robowm/identity_v1/sam_masked_expansion6/crops/Cosmos2.5_0058/frame_0066_rank_02.png
Cosmos2.5_0058,66,3,T03,False,0.8165109753608704,0.00042105838721131226,0.13772203307615005,0.6803935170173645,0.1376673728227615,/shared/ssd_30T/zhuoyingyang/physact/sam3_robowm/identity_v1/sam_masked_expansion6/crops/Cosmos2.5_0058/frame_0066_rank_03.png
Cosmos2.5_0058,69,1,T00,False,0.9868706464767456,0.0001670449088580269,0.009888776369655303,0.9580284953117372,0.4536914527416229,/shared/ssd_30T/zhuoyingyang/physact/sam3_robowm/identity_v1/sam_masked_expansion6/crops/Cosmos2.5_0058/frame_0069_rank_01.png
Cosmos2.5_0058,69,3,T03,False,0.9618979096412659,0.00034159791297691777,0.028661967247294827,0.6721082925796509,0.1647703647613525,/shared/ssd_30T/zhuoyingyang/physact/sam3_robowm/identity_v1/sam_masked_expansion6/crops/Cosmos2.5_0058/frame_0069_rank_03.png
Cosmos2.5_0058,69,2,T01,False,0.9136267304420471,0.0016112616507275102,0.06518276758114654,0.7915079593658447,0.4384068846702575,/shared/ssd_30T/zhuoyingyang/physact/sam3_robowm/identity_v1/sam_masked_expansion6/crops/Cosmos2.5_0058/frame_0069_rank_02.png
Cosmos2.5_0058,72,2,T01,False,0.9736663103103638,0.0006873555064962676,0.01992210614385124,0.8025610446929932,0.4414670169353485,/shared/ssd_30T/zhuoyingyang/physact/sam3_robowm/identity_v1/sam_masked_expansion6/crops/Cosmos2.5_0058/frame_0072_rank_02.png
Cosmos2.5_0058,72,1,T00,False,0.9650105237960815,0.0003138594602084265,0.02632057201799095,0.9518972635269164,0.4602036476135254,/shared/ssd_30T/zhuoyingyang/physact/sam3_robowm/identity_v1/sam_masked_expansion6/crops/Cosmos2.5_0058/frame_0072_rank_01.png
Cosmos2.5_0058,72,3,T03,False,0.9218083024024963,0.00039295475669676644,0.05874201188730194,0.6838282346725464,0.1308354586362838,/shared/ssd_30T/zhuoyingyang/physact/sam3_robowm/identity_v1/sam_masked_expansion6/crops/Cosmos2.5_0058/frame_0072_rank_03.png
Cosmos2.5_0058,75,1,T00,False,0.9899134039878845,5.917256553002861e-05,0.007579740150469116,0.9494911432266236,0.493634819984436,/shared/ssd_30T/zhuoyingyang/physact/sam3_robowm/identity_v1/sam_masked_expansion6/crops/Cosmos2.5_0058/frame_0075_rank_01.png
Cosmos2.5_0058,75,2,T01,False,0.9475607872009277,0.00023590721086721997,0.039388386402021004,0.7957359552383423,0.409780889749527,/shared/ssd_30T/zhuoyingyang/physact/sam3_robowm/identity_v1/sam_masked_expansion6/crops/Cosmos2.5_0058/frame_0075_rank_02.png
Cosmos2.5_0058,75,3,T03,False,0.6527776718139648,0.000607528956872197,0.2605686283787444,0.6856197118759155,0.1590864211320877,/shared/ssd_30T/zhuoyingyang/physact/sam3_robowm/identity_v1/sam_masked_expansion6/crops/Cosmos2.5_0058/frame_0075_rank_03.png
Cosmos2.5_0058,78,1,T00,False,0.9674021005630493,0.00014453766810374957,0.02448455899473895,0.9539085626602172,0.3923588097095489,/shared/ssd_30T/zhuoyingyang/physact/sam3_robowm/identity_v1/sam_masked_expansion6/crops/Cosmos2.5_0058/frame_0078_rank_01.png
Cosmos2.5_0058,78,2,T01,False,0.9113402962684631,0.0008170579102705175,0.06669904227622028,0.826244056224823,0.4856718778610229,/shared/ssd_30T/zhuoyingyang/physact/sam3_robowm/identity_v1/sam_masked_expansion6/crops/Cosmos2.5_0058/frame_0078_rank_02.png
Cosmos2.5_0058,78,3,T03,False,0.4536251425743103,0.013377355054232456,0.4131254818328254,0.7507103681564331,0.1561357527971267,/shared/ssd_30T/zhuoyingyang/physact/sam3_robowm/identity_v1/sam_masked_expansion6/crops/Cosmos2.5_0058/frame_0078_rank_03.png
Cosmos2.5_0058,81,1,T00,False,0.9458912014961243,0.00011407782508749605,0.04061011833417867,0.9580506682395936,0.4238159656524658,/shared/ssd_30T/zhuoyingyang/physact/sam3_robowm/identity_v1/sam_masked_expansion6/crops/Cosmos2.5_0058/frame_0081_rank_01.png
Cosmos2.5_0058,81,3,T03,False,0.9043663144111633,0.0005789747908635804,0.0718700078893434,0.7707918882369995,0.1752897500991821,/shared/ssd_30T/zhuoyingyang/physact/sam3_robowm/identity_v1/sam_masked_expansion6/crops/Cosmos2.5_0058/frame_0081_rank_03.png
Cosmos2.5_0058,81,2,T01,False,0.6832560300827026,0.0006509496925316162,0.23772071486110594,0.8198581337928772,0.4827053546905517,/shared/ssd_30T/zhuoyingyang/physact/sam3_robowm/identity_v1/sam_masked_expansion6/crops/Cosmos2.5_0058/frame_0081_rank_02.png
Cosmos2.5_0058,84,1,T00,False,0.9441003799438477,0.00013322756248167298,0.04195802193273468,0.9569507241249084,0.3291292488574981,/shared/ssd_30T/zhuoyingyang/physact/sam3_robowm/identity_v1/sam_masked_expansion6/crops/Cosmos2.5_0058/frame_0084_rank_01.png
Cosmos2.5_0058,84,3,T03,False,0.9158869981765747,5.4892565040568976e-05,0.0630984745088291,0.75373375415802,0.1763712167739868,/shared/ssd_30T/zhuoyingyang/physact/sam3_robowm/identity_v1/sam_masked_expansion6/crops/Cosmos2.5_0058/frame_0084_rank_03.png
Cosmos2.5_0058,84,2,T01,False,0.8094513416290283,0.00015627574572340893,0.1429505627146596,0.8640583157539368,0.5468974113464355,/shared/ssd_30T/zhuoyingyang/physact/sam3_robowm/identity_v1/sam_masked_expansion6/crops/Cosmos2.5_0058/frame_0084_rank_02.png
Cosmos2.5_0058,87,3,T03,False,0.970759391784668,7.445934970143416e-05,0.021949070998924382,0.7305176258087158,0.1726827621459961,/shared/ssd_30T/zhuoyingyang/physact/sam3_robowm/identity_v1/sam_masked_expansion6/crops/Cosmos2.5_0058/frame_0087_rank_03.png
Cosmos2.5_0058,87,2,T01,False,0.948352575302124,0.00017594628982653298,0.038779555095863616,0.8503103256225586,0.5670052766799927,/shared/ssd_30T/zhuoyingyang/physact/sam3_robowm/identity_v1/sam_masked_expansion6/crops/Cosmos2.5_0058/frame_0087_rank_02.png
Cosmos2.5_0058,87,1,T00,False,0.9030513763427734,6.641419834197329e-05,0.07272807129250541,0.9474856853485109,0.3055306673049927,/shared/ssd_30T/zhuoyingyang/physact/sam3_robowm/identity_v1/sam_masked_expansion6/crops/Cosmos2.5_0058/frame_0087_rank_01.png
Cosmos2.5_0058,90,1,T00,False,0.9685332775115967,0.00016652050137409778,0.023641671991646015,0.9548293948173524,0.3416354358196258,/shared/ssd_30T/zhuoyingyang/physact/sam3_robowm/identity_v1/sam_masked_expansion6/crops/Cosmos2.5_0058/frame_0090_rank_01.png
Cosmos2.5_0058,90,3,T03,False,0.9218614101409912,0.0005277039985254555,0.058735868393887954,0.7429452538490295,0.172006294131279,/shared/ssd_30T/zhuoyingyang/physact/sam3_robowm/identity_v1/sam_masked_expansion6/crops/Cosmos2.5_0058/frame_0090_rank_03.png
Cosmos2.5_0058,90,2,T01,False,0.8819530010223389,0.0005633126233501725,0.0886760773890834,0.800055742263794,0.5301595330238342,/shared/ssd_30T/zhuoyingyang/physact/sam3_robowm/identity_v1/sam_masked_expansion6/crops/Cosmos2.5_0058/frame_0090_rank_02.png
Cosmos2.5_0058,92,1,T00,False,0.9867565631866455,0.00015876015805507232,0.009972267649529637,0.9471067786216736,0.4761974215507507,/shared/ssd_30T/zhuoyingyang/physact/sam3_robowm/identity_v1/sam_masked_expansion6/crops/Cosmos2.5_0058/frame_0092_rank_01.png
Cosmos2.5_0058,92,2,T01,False,0.7533189058303833,0.0025995341468842727,0.1856607041639336,0.7819436192512512,0.4200466871261596,/shared/ssd_30T/zhuoyingyang/physact/sam3_robowm/identity_v1/sam_masked_expansion6/crops/Cosmos2.5_0058/frame_0092_rank_02.png
Cosmos2.5_0058,92,3,T03,False,0.737153172492981,0.0014182529305408686,0.1974896838628995,0.7415696382522583,0.1407248973846435,/shared/ssd_30T/zhuoyingyang/physact/sam3_robowm/identity_v1/sam_masked_expansion6/crops/Cosmos2.5_0058/frame_0092_rank_03.png
Cosmos2.5_0060,0,1,T00,True,,,,0.9544080495834352,0.7965797781944275,/shared/ssd_30T/zhuoyingyang/physact/sam3_robowm/identity_v1/sam_masked_expansion6/crops/Cosmos2.5_0060/frame_0000_rank_01.png
Cosmos2.5_0060,3,1,T00,False,0.9104267954826355,0.00047107113201378347,0.06729767117102682,0.934721827507019,0.7250688076019287,/shared/ssd_30T/zhuoyingyang/physact/sam3_robowm/identity_v1/sam_masked_expansion6/crops/Cosmos2.5_0060/frame_0003_rank_01.png
Cosmos2.5_0060,6,1,T00,False,0.928563117980957,0.0011886474431100744,0.05387482337505974,0.9552427530288696,0.5120589733123779,/shared/ssd_30T/zhuoyingyang/physact/sam3_robowm/identity_v1/sam_masked_expansion6/crops/Cosmos2.5_0060/frame_0006_rank_01.png
Cosmos2.5_0060,6,2,T01,True,,,,0.8147038221359253,0.2673339247703552,/shared/ssd_30T/zhuoyingyang/physact/sam3_robowm/identity_v1/sam_masked_expansion6/crops/Cosmos2.5_0060/frame_0006_rank_02.png
Cosmos2.5_0060,9,1,T00,False,0.9509517550468445,0.00046024730442271,0.036901245540972315,0.8604556322097778,0.5171442627906799,/shared/ssd_30T/zhuoyingyang/physact/sam3_robowm/identity_v1/sam_masked_expansion6/crops/Cosmos2.5_0060/frame_0009_rank_01.png
Cosmos2.5_0060,9,2,T01,False,0.9264044165611267,0.017502948640986348,0.05957242473940155,0.7859861850738525,0.2539918422698974,/shared/ssd_30T/zhuoyingyang/physact/sam3_robowm/identity_v1/sam_masked_expansion6/crops/Cosmos2.5_0060/frame_0009_rank_02.png
Cosmos2.5_0060,12,1,T00,False,0.9654722213745117,0.00035709266995489965,0.025985107136604936,0.8910324573516846,0.5547360777854919,/shared/ssd_30T/zhuoyingyang/physact/sam3_robowm/identity_v1/sam_masked_expansion6/crops/Cosmos2.5_0060/frame_0012_rank_01.png
Cosmos2.5_0060,12,2,T01,False,0.7789121866226196,0.02432929662788979,0.1718981841900077,0.8515874743461609,0.2471707314252853,/shared/ssd_30T/zhuoyingyang/physact/sam3_robowm/identity_v1/sam_masked_expansion6/crops/Cosmos2.5_0060/frame_0012_rank_02.png
Cosmos2.5_0060,15,1,T00,False,0.9344311356544495,0.00012076202631068332,0.04920683876574057,0.9235683679580688,0.4570442140102386,/shared/ssd_30T/zhuoyingyang/physact/sam3_robowm/identity_v1/sam_masked_expansion6/crops/Cosmos2.5_0060/frame_0015_rank_01.png
Cosmos2.5_0060,15,2,T01,False,0.860775887966156,0.02618628169170937,0.11096465444831034,0.8029992580413818,0.3553332984447479,/shared/ssd_30T/zhuoyingyang/physact/sam3_robowm/identity_v1/sam_masked_expansion6/crops/Cosmos2.5_0060/frame_0015_rank_02.png
Cosmos2.5_0060,18,1,T00,False,0.9426742792129517,0.0003229618725461851,0.0430750310584228,0.9167910218238832,0.2826290428638458,/shared/ssd_30T/zhuoyingyang/physact/sam3_robowm/identity_v1/sam_masked_expansion6/crops/Cosmos2.5_0060/frame_0018_rank_01.png
Cosmos2.5_0060,18,2,T01,False,0.837024450302124,0.02924192064010868,0.12954214243343415,0.7916936278343201,0.5821701884269714,/shared/ssd_30T/zhuoyingyang/physact/sam3_robowm/identity_v1/sam_masked_expansion6/crops/Cosmos2.5_0060/frame_0018_rank_02.png
Cosmos2.5_0060,21,1,T00,False,0.9613394737243652,0.00025349794530061506,0.02905876919305123,0.924846053123474,0.2780613601207733,/shared/ssd_30T/zhuoyingyang/physact/sam3_robowm/identity_v1/sam_masked_expansion6/crops/Cosmos2.5_0060/frame_0021_rank_01.png
Cosmos2.5_0060,21,2,T01,False,0.7863012552261353,0.022790606199808928,0.16597171013035078,0.8572152256965637,0.6073411107063293,/shared/ssd_30T/zhuoyingyang/physact/sam3_robowm/identity_v1/sam_masked_expansion6/crops/Cosmos2.5_0060/frame_0021_rank_02.png
Cosmos2.5_0060,24,1,T00,False,0.9701021313667297,0.00017527464838767222,0.022467220137049614,0.9376109838485718,0.2578718364238739,/shared/ssd_30T/zhuoyingyang/physact/sam3_robowm/identity_v1/sam_masked_expansion6/crops/Cosmos2.5_0060/frame_0024_rank_01.png
Cosmos2.5_0060,24,2,T01,False,0.8167387247085571,0.013968035893159198,0.14093796544187195,0.8049054145812988,0.6531069874763489,/shared/ssd_30T/zhuoyingyang/physact/sam3_robowm/identity_v1/sam_masked_expansion6/crops/Cosmos2.5_0060/frame_0024_rank_02.png
Cosmos2.5_0060,27,1,T00,False,0.9790613651275635,0.00014282219973942777,0.01573968170426225,0.9465307593345642,0.2736991047859192,/shared/ssd_30T/zhuoyingyang/physact/sam3_robowm/identity_v1/sam_masked_expansion6/crops/Cosmos2.5_0060/frame_0027_rank_01.png
Cosmos2.5_0060,27,2,T01,False,0.7877317070960999,0.007220999126837073,0.16100646945963437,0.8149405717849731,0.6065166592597961,/shared/ssd_30T/zhuoyingyang/physact/sam3_robowm/identity_v1/sam_masked_expansion6/crops/Cosmos2.5_0060/frame_0027_rank_02.png
Cosmos2.5_0060,30,1,T00,False,0.9887457489967346,0.00012160247575288082,0.008471088871387256,0.9360272884368896,0.2653024196624756,/shared/ssd_30T/zhuoyingyang/physact/sam3_robowm/identity_v1/sam_masked_expansion6/crops/Cosmos2.5_0060/frame_0030_rank_01.png
Cosmos2.5_0060,30,2,T01,False,0.8339412212371826,0.013854080198606716,0.1280076041217647,0.8767504096031189,0.6088277101516724,/shared/ssd_30T/zhuoyingyang/physact/sam3_robowm/identity_v1/sam_masked_expansion6/crops/Cosmos2.5_0060/frame_0030_rank_02.png
Cosmos2.5_0060,33,1,T00,False,0.9892517924308777,0.00011818207613629516,0.008090701195875809,0.9354177713394164,0.2453858107328415,/shared/ssd_30T/zhuoyingyang/physact/sam3_robowm/identity_v1/sam_masked_expansion6/crops/Cosmos2.5_0060/frame_0033_rank_01.png
Cosmos2.5_0060,33,2,T01,False,0.7673922777175903,0.017394459759297258,0.17880440665163155,0.7967585325241089,0.5899772047996521,/shared/ssd_30T/zhuoyingyang/physact/sam3_robowm/identity_v1/sam_masked_expansion6/crops/Cosmos2.5_0060/frame_0033_rank_02.png
Cosmos2.5_0060,33,3,T02,True,,,,0.7105646133422852,0.1144014000892639,/shared/ssd_30T/zhuoyingyang/physact/sam3_robowm/identity_v1/sam_masked_expansion6/crops/Cosmos2.5_0060/frame_0033_rank_03.png
Cosmos2.5_0060,36,1,T00,False,0.9847309589385986,0.00013173011951243973,0.011484713325929135,0.9269253015518188,0.2919733822345733,/shared/ssd_30T/zhuoyingyang/physact/sam3_robowm/identity_v1/sam_masked_expansion6/crops/Cosmos2.5_0060/frame_0036_rank_01.png
Cosmos2.5_0060,36,2,T01,False,0.910082221031189,0.0065701500519950405,0.06908087173960703,0.7957805395126343,0.5770455002784729,/shared/ssd_30T/zhuoyingyang/physact/sam3_robowm/identity_v1/sam_masked_expansion6/crops/Cosmos2.5_0060/frame_0036_rank_02.png
Cosmos2.5_0060,36,3,T02,False,0.8370214104652405,0.002300481399817882,0.12280906250102411,0.7376053333282471,0.1084478050470352,/shared/ssd_30T/zhuoyingyang/physact/sam3_robowm/identity_v1/sam_masked_expansion6/crops/Cosmos2.5_0060/frame_0036_rank_03.png
Cosmos2.5_0060,39,1,T00,False,0.9844045042991638,9.01748709076e-05,0.011719165493354037,0.9470158815383912,0.3345230221748352,/shared/ssd_30T/zhuoyingyang/physact/sam3_robowm/identity_v1/sam_masked_expansion6/crops/Cosmos2.5_0060/frame_0039_rank_01.png
Cosmos2.5_0060,39,2,T01,False,0.9090532660484314,0.004857608577107369,0.0694244526079533,0.8307749629020691,0.5282092094421387,/shared/ssd_30T/zhuoyingyang/physact/sam3_robowm/identity_v1/sam_masked_expansion6/crops/Cosmos2.5_0060/frame_0039_rank_02.png
Cosmos2.5_0060,39,3,T02,False,0.8806885480880737,0.0022989319037190923,0.09005832190987448,0.7085102796554565,0.1154320538043975,/shared/ssd_30T/zhuoyingyang/physact/sam3_robowm/identity_v1/sam_masked_expansion6/crops/Cosmos2.5_0060/frame_0039_rank_03.png
Cosmos2.5_0060,42,1,T00,False,0.9779783487319946,6.518744082687901e-05,0.01653253531121075,0.9463303089141846,0.3546502590179443,/shared/ssd_30T/zhuoyingyang/physact/sam3_robowm/identity_v1/sam_masked_expansion6/crops/Cosmos2.5_0060/frame_0042_rank_01.png
Cosmos2.5_0060,42,3,T01,False,0.9417691230773926,0.0005524628456980387,0.04381127340338008,0.8279194831848145,0.5110301375389099,/shared/ssd_30T/zhuoyingyang/physact/sam3_robowm/identity_v1/sam_masked_expansion6/crops/Cosmos2.5_0060/frame_0042_rank_03.png
Cosmos2.5_0060,42,2,T02,False,0.25265538692474365,0.2239069924222535,0.6164852079120057,0.9344627261161804,0.1057857722043991,/shared/ssd_30T/zhuoyingyang/physact/sam3_robowm/identity_v1/sam_masked_expansion6/crops/Cosmos2.5_0060/frame_0042_rank_02.png
Cosmos2.5_0060,45,1,T00,False,0.9862615466117859,4.45368381971615e-05,0.010314974250709874,0.9442247152328492,0.3586623072624206,/shared/ssd_30T/zhuoyingyang/physact/sam3_robowm/identity_v1/sam_masked_expansion6/crops/Cosmos2.5_0060/frame_0045_rank_01.png
Cosmos2.5_0060,45,3,T01,False,0.9099647998809814,0.00017443784052243957,0.06757000954939453,0.8357036113739014,0.4972183108329773,/shared/ssd_30T/zhuoyingyang/physact/sam3_robowm/identity_v1/sam_masked_expansion6/crops/Cosmos2.5_0060/frame_0045_rank_03.png
Cosmos2.5_0060,45,2,T02,False,0.7261356115341187,0.00018075451788556135,0.2054434799788824,0.9343516230583192,0.1122023165225982,/shared/ssd_30T/zhuoyingyang/physact/sam3_robowm/identity_v1/sam_masked_expansion6/crops/Cosmos2.5_0060/frame_0045_rank_02.png
Cosmos2.5_0060,48,1,T00,False,0.9922407269477844,7.300950734538424e-05,0.005837707165998028,0.9500659704208374,0.3804753124713897,/shared/ssd_30T/zhuoyingyang/physact/sam3_robowm/identity_v1/sam_masked_expansion6/crops/Cosmos2.5_0060/frame_0048_rank_01.png
Cosmos2.5_0060,48,3,T01,False,0.8900089263916016,0.0025013391158316763,0.08311863998525675,0.8036918640136719,0.4922529757022857,/shared/ssd_30T/zhuoyingyang/physact/sam3_robowm/identity_v1/sam_masked_expansion6/crops/Cosmos2.5_0060/frame_0048_rank_03.png
Cosmos2.5_0060,48,2,T02,False,0.7857375144958496,4.371881964500796e-05,0.16070779383302405,0.940805971622467,0.1123200058937072,/shared/ssd_30T/zhuoyingyang/physact/sam3_robowm/identity_v1/sam_masked_expansion6/crops/Cosmos2.5_0060/frame_0048_rank_02.png
Cosmos2.5_0060,51,1,T00,False,0.9793200492858887,2.8064455510810553e-05,0.015516979149461199,0.9434939622879028,0.2997972965240478,/shared/ssd_30T/zhuoyingyang/physact/sam3_robowm/identity_v1/sam_masked_expansion6/crops/Cosmos2.5_0060/frame_0051_rank_01.png
Cosmos2.5_0060,51,3,T01,False,0.9375,0.0025531058970727103,0.04751327647426818,0.783865213394165,0.562938392162323,/shared/ssd_30T/zhuoyingyang/physact/sam3_robowm/identity_v1/sam_masked_expansion6/crops/Cosmos2.5_0060/frame_0051_rank_03.png
Cosmos2.5_0060,51,2,T02,False,0.9156690239906311,0.0002760225370980779,0.06331723764130119,0.9299925565719604,0.1051738262176513,/shared/ssd_30T/zhuoyingyang/physact/sam3_robowm/identity_v1/sam_masked_expansion6/crops/Cosmos2.5_0060/frame_0051_rank_02.png
Cosmos2.5_0060,54,1,T00,False,0.9730774164199829,1.9705243639370996e-05,0.02019686399592266,0.9346295595169068,0.2953166961669922,/shared/ssd_30T/zhuoyingyang/physact/sam3_robowm/identity_v1/sam_masked_expansion6/crops/Cosmos2.5_0060/frame_0054_rank_01.png
Cosmos2.5_0060,54,3,T01,False,0.9657369256019592,0.0024328600056439434,0.026305520799941563,0.8004149198532104,0.5697845220565796,/shared/ssd_30T/zhuoyingyang/physact/sam3_robowm/identity_v1/sam_masked_expansion6/crops/Cosmos2.5_0060/frame_0054_rank_03.png
Cosmos2.5_0060,54,2,T02,False,0.8696120381355286,0.00024753094093008405,0.0978528541335861,0.9321017861366272,0.1024485826492309,/shared/ssd_30T/zhuoyingyang/physact/sam3_robowm/identity_v1/sam_masked_expansion6/crops/Cosmos2.5_0060/frame_0054_rank_02.png
Cosmos2.5_0060,57,1,T00,False,0.9897624850273132,0.00011047338812749374,0.0077057545765469495,0.9482946395874025,0.2772189676761627,/shared/ssd_30T/zhuoyingyang/physact/sam3_robowm/identity_v1/sam_masked_expansion6/crops/Cosmos2.5_0060/frame_0057_rank_01.png
Cosmos2.5_0060,57,3,T01,False,0.917531430721283,0.003662779633603187,0.06276712186743857,0.7779741287231445,0.5639785528182983,/shared/ssd_30T/zhuoyingyang/physact/sam3_robowm/identity_v1/sam_masked_expansion6/crops/Cosmos2.5_0060/frame_0057_rank_03.png
Cosmos2.5_0060,57,2,T02,False,0.39891496300697327,0.00028528030298534515,0.4508850978205164,0.9245681762695312,0.1041328459978103,/shared/ssd_30T/zhuoyingyang/physact/sam3_robowm/identity_v1/sam_masked_expansion6/crops/Cosmos2.5_0060/frame_0057_rank_02.png
Cosmos2.5_0060,60,1,T00,False,0.9929670691490173,0.00010360610840748561,0.005300599665338871,0.9456006288528442,0.2764787673950195,/shared/ssd_30T/zhuoyingyang/physact/sam3_robowm/identity_v1/sam_masked_expansion6/crops/Cosmos2.5_0060/frame_0060_rank_01.png
Cosmos2.5_0060,60,2,T02,False,0.9344151616096497,0.00014778842327635108,0.04922557589858184,0.9173308610916138,0.1036490648984909,/shared/ssd_30T/zhuoyingyang/physact/sam3_robowm/identity_v1/sam_masked_expansion6/crops/Cosmos2.5_0060/frame_0060_rank_02.png
Cosmos2.5_0060,60,3,T01,False,0.92568439245224,0.0020410981357163,0.05624698019474908,0.7790820598602295,0.556982696056366,/shared/ssd_30T/zhuoyingyang/physact/sam3_robowm/identity_v1/sam_masked_expansion6/crops/Cosmos2.5_0060/frame_0060_rank_03.png
Cosmos2.5_0060,63,1,T00,False,0.9832780957221985,7.302854657060801e-05,0.012559685344993788,0.9518551826477052,0.2768930494785309,/shared/ssd_30T/zhuoyingyang/physact/sam3_robowm/identity_v1/sam_masked_expansion6/crops/Cosmos2.5_0060/frame_0063_rank_01.png
Cosmos2.5_0060,63,3,T01,False,0.9724647402763367,0.0018334645160229769,0.021109810921753243,0.831678569316864,0.5543673634529114,/shared/ssd_30T/zhuoyingyang/physact/sam3_robowm/identity_v1/sam_masked_expansion6/crops/Cosmos2.5_0060/frame_0063_rank_03.png
Cosmos2.5_0060,63,2,T02,False,0.9628198146820068,0.00011346358183793835,0.027913504883954356,0.9410717487335204,0.1021706983447074,/shared/ssd_30T/zhuoyingyang/physact/sam3_robowm/identity_v1/sam_masked_expansion6/crops/Cosmos2.5_0060/frame_0063_rank_02.png
Cosmos2.5_0060,66,1,T00,False,0.989244818687439,5.956620265908571e-05,0.008081277535085548,0.9357081055641174,0.2843210697174072,/shared/ssd_30T/zhuoyingyang/physact/sam3_robowm/identity_v1/sam_masked_expansion6/crops/Cosmos2.5_0060/frame_0066_rank_01.png
Cosmos2.5_0060,66,3,T01,False,0.9470924139022827,0.0015269941316915885,0.04006243810621086,0.8541139364242554,0.5521205067634583,/shared/ssd_30T/zhuoyingyang/physact/sam3_robowm/identity_v1/sam_masked_expansion6/crops/Cosmos2.5_0060/frame_0066_rank_03.png
Cosmos2.5_0060,66,2,T02,False,0.9062044024467468,0.00018546653486914877,0.07039306479865717,0.92099130153656,0.103087767958641,/shared/ssd_30T/zhuoyingyang/physact/sam3_robowm/identity_v1/sam_masked_expansion6/crops/Cosmos2.5_0060/frame_0066_rank_02.png
Cosmos2.5_0060,69,1,T00,False,0.9904833436012268,0.00012651458566011645,0.007169120945494924,0.9314169883728028,0.2822591364383697,/shared/ssd_30T/zhuoyingyang/physact/sam3_robowm/identity_v1/sam_masked_expansion6/crops/Cosmos2.5_0060/frame_0069_rank_01.png
Cosmos2.5_0060,69,3,T01,False,0.9026421308517456,0.0007766409349808238,0.073212562094936,0.8277394771575928,0.5483742952346802,/shared/ssd_30T/zhuoyingyang/physact/sam3_robowm/identity_v1/sam_masked_expansion6/crops/Cosmos2.5_0060/frame_0069_rank_03.png
Cosmos2.5_0060,69,2,T02,False,0.5213561654090881,9.744938501743313e-05,0.35900723828943826,0.9265496730804444,0.1037381440401077,/shared/ssd_30T/zhuoyingyang/physact/sam3_robowm/identity_v1/sam_masked_expansion6/crops/Cosmos2.5_0060/frame_0069_rank_02.png
Cosmos2.5_0060,72,1,T00,False,0.9911177158355713,7.686367794135805e-05,0.006680929042806873,0.931538224220276,0.2563700377941131,/shared/ssd_30T/zhuoyingyang/physact/sam3_robowm/identity_v1/sam_masked_expansion6/crops/Cosmos2.5_0060/frame_0072_rank_01.png
Cosmos2.5_0060,72,2,T01,False,0.9374648332595825,0.0003457315618543238,0.04698780794577669,0.820489227771759,0.570430338382721,/shared/ssd_30T/zhuoyingyang/physact/sam3_robowm/identity_v1/sam_masked_expansion6/crops/Cosmos2.5_0060/frame_0072_rank_02.png
Cosmos2.5_0060,72,3,T02,False,0.2953112721443176,0.22637987721452849,0.585111515195394,0.753448486328125,0.1316898167133331,/shared/ssd_30T/zhuoyingyang/physact/sam3_robowm/identity_v1/sam_masked_expansion6/crops/Cosmos2.5_0060/frame_0072_rank_03.png
Cosmos2.5_0060,75,1,T00,False,0.993269681930542,3.747336214286251e-05,0.005057106892629222,0.9304594993591307,0.2954943776130676,/shared/ssd_30T/zhuoyingyang/physact/sam3_robowm/identity_v1/sam_masked_expansion6/crops/Cosmos2.5_0060/frame_0075_rank_01.png
Cosmos2.5_0060,75,3,T01,False,0.8940007090568542,0.0008204790749242807,0.07970458797609038,0.8177090883255005,0.5486880540847778,/shared/ssd_30T/zhuoyingyang/physact/sam3_robowm/identity_v1/sam_masked_expansion6/crops/Cosmos2.5_0060/frame_0075_rank_03.png
Cosmos2.5_0060,75,2,T03,True,,,,0.918374240398407,0.1050635278224945,/shared/ssd_30T/zhuoyingyang/physact/sam3_robowm/identity_v1/sam_masked_expansion6/crops/Cosmos2.5_0060/frame_0075_rank_02.png
Cosmos2.5_0060,78,2,T00,False,0.9942139387130737,3.0814414796904134e-05,0.004347249568893929,0.9307056665420532,0.2794407606124878,/shared/ssd_30T/zhuoyingyang/physact/sam3_robowm/identity_v1/sam_masked_expansion6/crops/Cosmos2.5_0060/frame_0078_rank_02.png
Cosmos2.5_0060,78,3,T01,False,0.9548733234405518,0.00013668306200396183,0.03387917818508717,0.8214676380157471,0.5602083206176758,/shared/ssd_30T/zhuoyingyang/physact/sam3_robowm/identity_v1/sam_masked_expansion6/crops/Cosmos2.5_0060/frame_0078_rank_03.png
Cosmos2.5_0060,78,1,T03,False,0.9358878135681152,7.960581089712593e-05,0.04810404127663786,0.941813826560974,0.1007337793707847,/shared/ssd_30T/zhuoyingyang/physact/sam3_robowm/identity_v1/sam_masked_expansion6/crops/Cosmos2.5_0060/frame_0078_rank_01.png
Cosmos2.5_0060,81,1,T00,False,0.9871189594268799,4.507172159017439e-05,0.009672048360237632,0.9343338012695312,0.3085498809814453,/shared/ssd_30T/zhuoyingyang/physact/sam3_robowm/identity_v1/sam_masked_expansion6/crops/Cosmos2.5_0060/frame_0081_rank_01.png
Cosmos2.5_0060,81,2,T03,False,0.9601228833198547,0.00010330702987356608,0.02993366426757734,0.9271421432495116,0.1086012944579124,/shared/ssd_30T/zhuoyingyang/physact/sam3_robowm/identity_v1/sam_masked_expansion6/crops/Cosmos2.5_0060/frame_0081_rank_02.png
Cosmos2.5_0060,81,3,T01,False,0.8127501606941223,0.0002702035215191602,0.14050493035978806,0.8006870746612549,0.5474953651428223,/shared/ssd_30T/zhuoyingyang/physact/sam3_robowm/identity_v1/sam_masked_expansion6/crops/Cosmos2.5_0060/frame_0081_rank_03.png
Cosmos2.5_0060,84,1,T00,False,0.9869802594184875,3.700118884728836e-05,0.00977405573334616,0.9373276233673096,0.3734349012374878,/shared/ssd_30T/zhuoyingyang/physact/sam3_robowm/identity_v1/sam_masked_expansion6/crops/Cosmos2.5_0060/frame_0084_rank_01.png
Cosmos2.5_0060,84,2,T03,False,0.9231721758842468,0.00010988765526341711,0.05764834000063074,0.927969455718994,0.1170967146754264,/shared/ssd_30T/zhuoyingyang/physact/sam3_robowm/identity_v1/sam_masked_expansion6/crops/Cosmos2.5_0060/frame_0084_rank_02.png
Cosmos2.5_0060,84,3,T01,False,0.891137421131134,0.0006844308203692074,0.08181804185674178,0.8026504516601562,0.5164089798927307,/shared/ssd_30T/zhuoyingyang/physact/sam3_robowm/identity_v1/sam_masked_expansion6/crops/Cosmos2.5_0060/frame_0084_rank_03.png
Cosmos2.5_0060,87,1,T00,False,0.9825623035430908,0.00010196410401319411,0.013103763368685184,0.9456104040145874,0.34465092420578,/shared/ssd_30T/zhuoyingyang/physact/sam3_robowm/identity_v1/sam_masked_expansion6/crops/Cosmos2.5_0060/frame_0087_rank_01.png
Cosmos2.5_0060,87,3,T01,False,0.9313302040100098,0.0002411859877928823,0.051562643489440896,0.8484255075454712,0.5292679667472839,/shared/ssd_30T/zhuoyingyang/physact/sam3_robowm/identity_v1/sam_masked_expansion6/crops/Cosmos2.5_0060/frame_0087_rank_03.png
Cosmos2.5_0060,87,2,T03,False,0.7811188101768494,0.0003145474020394156,0.16423952921787283,0.940025806427002,0.1088432297110557,/shared/ssd_30T/zhuoyingyang/physact/sam3_robowm/identity_v1/sam_masked_expansion6/crops/Cosmos2.5_0060/frame_0087_rank_02.png
Cosmos2.5_0060,90,1,T00,False,0.9898507595062256,1.1454002739852359e-05,0.007614793871015773,0.9485137462615968,0.440342903137207,/shared/ssd_30T/zhuoyingyang/physact/sam3_robowm/identity_v1/sam_masked_expansion6/crops/Cosmos2.5_0060/frame_0090_rank_01.png
Cosmos2.5_0060,90,3,T01,False,0.880561888217926,0.00046082416285552776,0.08969378987726936,0.8095228672027588,0.4526944756507873,/shared/ssd_30T/zhuoyingyang/physact/sam3_robowm/identity_v1/sam_masked_expansion6/crops/Cosmos2.5_0060/frame_0090_rank_03.png
Cosmos2.5_0060,90,2,T03,False,0.7581773996353149,9.997686384194128e-05,0.18139194448947427,0.9209439754486084,0.1207179054617881,/shared/ssd_30T/zhuoyingyang/physact/sam3_robowm/identity_v1/sam_masked_expansion6/crops/Cosmos2.5_0060/frame_0090_rank_02.png
Cosmos2.5_0060,92,1,T00,False,0.992027759552002,1.603985744250014e-05,0.0059831903003591605,0.9493606090545654,0.5219985246658325,/shared/ssd_30T/zhuoyingyang/physact/sam3_robowm/identity_v1/sam_masked_expansion6/crops/Cosmos2.5_0060/frame_0092_rank_01.png
Cosmos2.5_0060,92,3,T01,False,0.7000852823257446,0.0011634156601548636,0.22522689217073025,0.8039480447769165,0.3867481648921966,/shared/ssd_30T/zhuoyingyang/physact/sam3_robowm/identity_v1/sam_masked_expansion6/crops/Cosmos2.5_0060/frame_0092_rank_03.png
Cosmos2.5_0060,92,2,T03,False,0.3723461925983429,0.0006053572305357168,0.4708916948588768,0.9325505495071412,0.1046928986907005,/shared/ssd_30T/zhuoyingyang/physact/sam3_robowm/identity_v1/sam_masked_expansion6/crops/Cosmos2.5_0060/frame_0092_rank_02.png
Cosmos3_seed101_0010,0,1,T00,True,,,,0.987101912498474,0.5879442095756531,/shared/ssd_30T/zhuoyingyang/physact/sam3_robowm/identity_v1/sam_masked_expansion6/crops/Cosmos3_seed101_0010/frame_0000_rank_01.png
Cosmos3_seed101_0010,0,2,T01,True,,,,0.8445106744766235,0.4246306419372558,/shared/ssd_30T/zhuoyingyang/physact/sam3_robowm/identity_v1/sam_masked_expansion6/crops/Cosmos3_seed101_0010/frame_0000_rank_02.png
Cosmos3_seed101_0010,3,2,T01,False,0.969292163848877,0.00012783180186746066,0.02306283506380915,0.8282756805419922,0.4537060856819153,/shared/ssd_30T/zhuoyingyang/physact/sam3_robowm/identity_v1/sam_masked_expansion6/crops/Cosmos3_seed101_0010/frame_0003_rank_02.png
Cosmos3_seed101_0010,3,1,T00,False,0.967059850692749,0.00022310044142047057,0.02476088709079335,0.9775992631912231,0.5801275968551636,/shared/ssd_30T/zhuoyingyang/physact/sam3_robowm/identity_v1/sam_masked_expansion6/crops/Cosmos3_seed101_0010/frame_0003_rank_01.png
Cosmos3_seed101_0010,6,1,T00,False,0.9843169450759888,0.00016774541540943674,0.011804227546860783,0.9695444107055664,0.5979622006416321,/shared/ssd_30T/zhuoyingyang/physact/sam3_robowm/identity_v1/sam_masked_expansion6/crops/Cosmos3_seed101_0010/frame_0006_rank_01.png
Cosmos3_seed101_0010,6,2,T01,False,0.9584853649139404,0.00011248540098716673,0.03116409766479147,0.8321274518966675,0.4426511824131012,/shared/ssd_30T/zhuoyingyang/physact/sam3_robowm/identity_v1/sam_masked_expansion6/crops/Cosmos3_seed101_0010/frame_0006_rank_02.png
Cosmos3_seed101_0010,9,1,T00,False,0.9897423982620239,0.0001409642115364093,0.007728442356366158,0.9776642918586732,0.6225875616073608,/shared/ssd_30T/zhuoyingyang/physact/sam3_robowm/identity_v1/sam_masked_expansion6/crops/Cosmos3_seed101_0010/frame_0009_rank_01.png
Cosmos3_seed101_0010,9,2,T01,False,0.9663217067718506,7.879127709388442e-05,0.02527841774038553,0.8226122260093689,0.437945157289505,/shared/ssd_30T/zhuoyingyang/physact/sam3_robowm/identity_v1/sam_masked_expansion6/crops/Cosmos3_seed101_0010/frame_0009_rank_02.png
Cosmos3_seed101_0010,12,1,T00,False,0.986412763595581,0.0003648441761659743,0.010281638347355702,0.9775906801223756,0.5397029519081116,/shared/ssd_30T/zhuoyingyang/physact/sam3_robowm/identity_v1/sam_masked_expansion6/crops/Cosmos3_seed101_0010/frame_0012_rank_01.png
Cosmos3_seed101_0010,12,2,T01,False,0.9625263214111328,0.0004178226137091549,0.02820971459507768,0.8353884220123291,0.523044764995575,/shared/ssd_30T/zhuoyingyang/physact/sam3_robowm/identity_v1/sam_masked_expansion6/crops/Cosmos3_seed101_0010/frame_0012_rank_02.png
Cosmos3_seed101_0010,15,1,T00,False,0.9758972525596619,0.0002984316235296788,0.01815166848613602,0.9667994379997252,0.625860869884491,/shared/ssd_30T/zhuoyingyang/physact/sam3_robowm/identity_v1/sam_masked_expansion6/crops/Cosmos3_seed101_0010/frame_0015_rank_01.png
Cosmos3_seed101_0010,15,2,T01,False,0.9728680849075317,0.0003500088938004593,0.020436438542801312,0.8401833772659302,0.4799087345600128,/shared/ssd_30T/zhuoyingyang/physact/sam3_robowm/identity_v1/sam_masked_expansion6/crops/Cosmos3_seed101_0010/frame_0015_rank_02.png
Cosmos3_seed101_0010,18,2,T01,False,0.9904953837394714,0.00023415271217185573,0.007187000373439387,0.8305562734603882,0.4400548934936523,/shared/ssd_30T/zhuoyingyang/physact/sam3_robowm/identity_v1/sam_masked_expansion6/crops/Cosmos3_seed101_0010/frame_0018_rank_02.png
Cosmos3_seed101_0010,18,1,T00,False,0.977805495262146,0.00016666295905274159,0.016687544293153687,0.9595662355422974,0.6577567458152771,/shared/ssd_30T/zhuoyingyang/physact/sam3_robowm/identity_v1/sam_masked_expansion6/crops/Cosmos3_seed101_0010/frame_0018_rank_01.png
Cosmos3_seed101_0010,21,1,T00,False,0.9888937473297119,0.00020161438842738512,0.00838009309982291,0.9670383334159852,0.6202250719070435,/shared/ssd_30T/zhuoyingyang/physact/sam3_robowm/identity_v1/sam_masked_expansion6/crops/Cosmos3_seed101_0010/frame_0021_rank_01.png
Cosmos3_seed101_0010,21,2,T01,False,0.9885343313217163,0.00020402099016729767,0.008650256756254592,0.8372616171836853,0.4399388432502746,/shared/ssd_30T/zhuoyingyang/physact/sam3_robowm/identity_v1/sam_masked_expansion6/crops/Cosmos3_seed101_0010/frame_0021_rank_02.png
Cosmos3_seed101_0010,24,1,T00,False,0.9867805242538452,0.00013599083580752118,0.00994860451856797,0.9538512229919434,0.6024268865585327,/shared/ssd_30T/zhuoyingyang/physact/sam3_robowm/identity_v1/sam_masked_expansion6/crops/Cosmos3_seed101_0010/frame_0024_rank_01.png
Cosmos3_seed101_0010,24,2,T01,False,0.9759534597396851,0.00028156383994515285,0.018105296155222494,0.8392926454544067,0.4726513028144836,/shared/ssd_30T/zhuoyingyang/physact/sam3_robowm/identity_v1/sam_masked_expansion6/crops/Cosmos3_seed101_0010/frame_0024_rank_02.png
Cosmos3_seed101_0010,27,2,T01,False,0.9769917726516724,0.0007554922173258111,0.01744504356557718,0.8320667743682861,0.4862284660339355,/shared/ssd_30T/zhuoyingyang/physact/sam3_robowm/identity_v1/sam_masked_expansion6/crops/Cosmos3_seed101_0010/frame_0027_rank_02.png
Cosmos3_seed101_0010,27,1,T00,False,0.9576971530914307,0.0006172140718810147,0.03188143869939725,0.974622368812561,0.549601137638092,/shared/ssd_30T/zhuoyingyang/physact/sam3_robowm/identity_v1/sam_masked_expansion6/crops/Cosmos3_seed101_0010/frame_0027_rank_01.png
Cosmos3_seed101_0010,30,2,T01,False,0.9849390983581543,0.0002608652142649259,0.011360892534950508,0.8296799063682556,0.4435338377952575,/shared/ssd_30T/zhuoyingyang/physact/sam3_robowm/identity_v1/sam_masked_expansion6/crops/Cosmos3_seed101_0010/frame_0030_rank_02.png
Cosmos3_seed101_0010,30,1,T00,False,0.9714739918708801,0.00017186531027539668,0.021437472424408754,0.9713329076766968,0.591838538646698,/shared/ssd_30T/zhuoyingyang/physact/sam3_robowm/identity_v1/sam_masked_expansion6/crops/Cosmos3_seed101_0010/frame_0030_rank_01.png
Cosmos3_seed101_0010,33,2,T01,False,0.9933937191963196,1.7209198505603333e-05,0.004959012902386716,0.8246954679489136,0.3760946094989776,/shared/ssd_30T/zhuoyingyang/physact/sam3_robowm/identity_v1/sam_masked_expansion6/crops/Cosmos3_seed101_0010/frame_0033_rank_02.png
Cosmos3_seed101_0010,33,1,T00,False,0.9825627207756042,0.00027706351315810024,0.013147225296586339,0.9630616903305054,0.6513411998748779,/shared/ssd_30T/zhuoyingyang/physact/sam3_robowm/identity_v1/sam_masked_expansion6/crops/Cosmos3_seed101_0010/frame_0033_rank_01.png
Cosmos3_seed101_0010,36,2,T01,False,0.9797760248184204,2.873150596415783e-05,0.015175164262675732,0.8376869559288025,0.478910356760025,/shared/ssd_30T/zhuoyingyang/physact/sam3_robowm/identity_v1/sam_masked_expansion6/crops/Cosmos3_seed101_0010/frame_0036_rank_02.png
Cosmos3_seed101_0010,36,1,T00,False,0.976648211479187,8.459737907177331e-05,0.017534990735377686,0.9615528583526612,0.5186107158660889,/shared/ssd_30T/zhuoyingyang/physact/sam3_robowm/identity_v1/sam_masked_expansion6/crops/Cosmos3_seed101_0010/frame_0036_rank_01.png
Cosmos3_seed101_0010,39,2,T01,False,0.984210729598999,0.00015792669216898447,0.011881434473792979,0.8243383169174194,0.408569723367691,/shared/ssd_30T/zhuoyingyang/physact/sam3_robowm/identity_v1/sam_masked_expansion6/crops/Cosmos3_seed101_0010/frame_0039_rank_02.png
Cosmos3_seed101_0010,39,1,T00,False,0.9524954557418823,5.4156204809642195e-05,0.03564194724479067,0.9514452815055848,0.6157688498497009,/shared/ssd_30T/zhuoyingyang/physact/sam3_robowm/identity_v1/sam_masked_expansion6/crops/Cosmos3_seed101_0010/frame_0039_rank_01.png
Cosmos3_seed101_0010,42,1,T00,False,0.9891920685768127,0.00010276210534093959,0.008131639093725676,0.9695451259613036,0.5793766379356384,/shared/ssd_30T/zhuoyingyang/physact/sam3_robowm/identity_v1/sam_masked_expansion6/crops/Cosmos3_seed101_0010/frame_0042_rank_01.png
Cosmos3_seed101_0010,42,2,T01,False,0.977981686592102,0.00014127406457973163,0.016549053572068394,0.8214844465255737,0.4297561049461365,/shared/ssd_30T/zhuoyingyang/physact/sam3_robowm/identity_v1/sam_masked_expansion6/crops/Cosmos3_seed101_0010/frame_0042_rank_02.png
Cosmos3_seed101_0010,45,2,T01,False,0.9927266836166382,5.289517557207892e-05,0.005468211081414382,0.823037326335907,0.3887293934822082,/shared/ssd_30T/zhuoyingyang/physact/sam3_robowm/identity_v1/sam_masked_expansion6/crops/Cosmos3_seed101_0010/frame_0045_rank_02.png
Cosmos3_seed101_0010,45,1,T00,False,0.9923021793365479,1.2639968277409474e-05,0.005776525489658463,0.9432390332221984,0.6100451946258545,/shared/ssd_30T/zhuoyingyang/physact/sam3_robowm/identity_v1/sam_masked_expansion6/crops/Cosmos3_seed101_0010/frame_0045_rank_01.png
Cosmos3_seed101_0010,48,2,T01,False,0.9881222248077393,3.9650923849515716e-05,0.008918244125157935,0.8227189779281616,0.3926109373569488,/shared/ssd_30T/zhuoyingyang/physact/sam3_robowm/identity_v1/sam_masked_expansion6/crops/Cosmos3_seed101_0010/frame_0048_rank_02.png
Cosmos3_seed101_0010,48,1,T00,False,0.9846094846725464,0.0001529872361049017,0.011581133304616435,0.9541004300117492,0.6752666234970093,/shared/ssd_30T/zhuoyingyang/physact/sam3_robowm/identity_v1/sam_masked_expansion6/crops/Cosmos3_seed101_0010/frame_0048_rank_01.png
Cosmos3_seed101_0010,51,2,T01,False,0.9792987108230591,3.432269546216559e-05,0.01553454755657123,0.8223937749862671,0.3845319449901581,/shared/ssd_30T/zhuoyingyang/physact/sam3_robowm/identity_v1/sam_masked_expansion6/crops/Cosmos3_seed101_0010/frame_0051_rank_02.png
Cosmos3_seed101_0010,51,1,T00,False,0.9705949425697327,9.09576358367331e-05,0.022076532481659684,0.965637505054474,0.6426315307617188,/shared/ssd_30T/zhuoyingyang/physact/sam3_robowm/identity_v1/sam_masked_expansion6/crops/Cosmos3_seed101_0010/frame_0051_rank_01.png
Cosmos3_seed101_0010,54,1,T00,False,0.9895384311676025,5.268080592859236e-05,0.007859346825780244,0.9638067483901978,0.6028095483779907,/shared/ssd_30T/zhuoyingyang/physact/sam3_robowm/identity_v1/sam_masked_expansion6/crops/Cosmos3_seed101_0010/frame_0054_rank_01.png
Cosmos3_seed101_0010,54,2,T01,False,0.9854748845100403,0.00012204332938930234,0.010924347449817113,0.8194972276687622,0.4025044739246368,/shared/ssd_30T/zhuoyingyang/physact/sam3_robowm/identity_v1/sam_masked_expansion6/crops/Cosmos3_seed101_0010/frame_0054_rank_02.png
Cosmos3_seed101_0010,57,2,T01,False,0.9875937700271606,0.00037920776921725885,0.009399474421933831,0.8205537796020508,0.4007951021194458,/shared/ssd_30T/zhuoyingyang/physact/sam3_robowm/identity_v1/sam_masked_expansion6/crops/Cosmos3_seed101_0010/frame_0057_rank_02.png
Cosmos3_seed101_0010,57,1,T00,False,0.987417995929718,0.00022325381553150796,0.009492316506594364,0.9374205470085144,0.6097625494003296,/shared/ssd_30T/zhuoyingyang/physact/sam3_robowm/identity_v1/sam_masked_expansion6/crops/Cosmos3_seed101_0010/frame_0057_rank_01.png
Cosmos3_seed101_0010,60,2,T01,False,0.989672839641571,4.045881406515501e-05,0.007755484972338005,0.8346697688102722,0.4192090630531311,/shared/ssd_30T/zhuoyingyang/physact/sam3_robowm/identity_v1/sam_masked_expansion6/crops/Cosmos3_seed101_0010/frame_0060_rank_02.png
Cosmos3_seed101_0010,60,1,T00,False,0.9867513179779053,0.00017092907476510007,0.00997924378526232,0.946205735206604,0.5696214437484741,/shared/ssd_30T/zhuoyingyang/physact/sam3_robowm/identity_v1/sam_masked_expansion6/crops/Cosmos3_seed101_0010/frame_0060_rank_01.png
Cosmos3_seed101_0010,60,3,T02,True,,,,0.6370819807052612,0.1029413044452667,/shared/ssd_30T/zhuoyingyang/physact/sam3_robowm/identity_v1/sam_masked_expansion6/crops/Cosmos3_seed101_0010/frame_0060_rank_03.png
Cosmos3_seed101_0010,63,1,T00,False,0.9859294295310974,0.00020499012054845848,0.010604175381814055,0.9434983730316162,0.5274062156677246,/shared/ssd_30T/zhuoyingyang/physact/sam3_robowm/identity_v1/sam_masked_expansion6/crops/Cosmos3_seed101_0010/frame_0063_rank_01.png
Cosmos3_seed101_0010,63,2,T01,False,0.9833157062530518,0.00020265186546188993,0.012563883276576654,0.8396706581115723,0.4023939669132232,/shared/ssd_30T/zhuoyingyang/physact/sam3_robowm/identity_v1/sam_masked_expansion6/crops/Cosmos3_seed101_0010/frame_0063_rank_02.png
Cosmos3_seed101_0010,63,3,T02,False,0.3617878556251526,0.005038102282415241,0.4799186338517394,0.760232150554657,0.298860102891922,/shared/ssd_30T/zhuoyingyang/physact/sam3_robowm/identity_v1/sam_masked_expansion6/crops/Cosmos3_seed101_0010/frame_0063_rank_03.png
Cosmos3_seed101_0010,66,1,T00,False,0.9887501001358032,6.082442230039927e-05,0.008452631003722682,0.9410616159439088,0.4702900648117065,/shared/ssd_30T/zhuoyingyang/physact/sam3_robowm/identity_v1/sam_masked_expansion6/crops/Cosmos3_seed101_0010/frame_0066_rank_01.png
Cosmos3_seed101_0010,66,2,T01,False,0.9755878448486328,0.0001506397477263879,0.018346776300456988,0.8384933471679688,0.4225146770477295,/shared/ssd_30T/zhuoyingyang/physact/sam3_robowm/identity_v1/sam_masked_expansion6/crops/Cosmos3_seed101_0010/frame_0066_rank_02.png
Cosmos3_seed101_0010,66,3,T02,False,0.6064429879188538,0.0009051941162524306,0.29539405758992276,0.7335184812545776,0.340469092130661,/shared/ssd_30T/zhuoyingyang/physact/sam3_robowm/identity_v1/sam_masked_expansion6/crops/Cosmos3_seed101_0010/frame_0066_rank_03.png
Cosmos3_seed101_0010,69,1,T00,False,0.9901129007339478,0.00047254011642403217,0.007533459478645192,0.9497537016868592,0.4797183275222778,/shared/ssd_30T/zhuoyingyang/physact/sam3_robowm/identity_v1/sam_masked_expansion6/crops/Cosmos3_seed101_0010/frame_0069_rank_01.png
Cosmos3_seed101_0010,69,2,T01,False,0.986965537071228,0.00045605891352424596,0.00988986192496004,0.828208863735199,0.4268494844436645,/shared/ssd_30T/zhuoyingyang/physact/sam3_robowm/identity_v1/sam_masked_expansion6/crops/Cosmos3_seed101_0010/frame_0069_rank_02.png
Cosmos3_seed101_0010,69,3,T02,False,0.8572139739990234,0.004355178950642866,0.10817831423839314,0.7514498829841614,0.3628747761249542,/shared/ssd_30T/zhuoyingyang/physact/sam3_robowm/identity_v1/sam_masked_expansion6/crops/Cosmos3_seed101_0010/frame_0069_rank_03.png
Cosmos3_seed101_0010,72,2,T01,False,0.9876312017440796,0.0003168150874996749,0.009355802463815226,0.83329176902771,0.4260716736316681,/shared/ssd_30T/zhuoyingyang/physact/sam3_robowm/identity_v1/sam_masked_expansion6/crops/Cosmos3_seed101_0010/frame_0072_rank_02.png
Cosmos3_seed101_0010,72,1,T00,False,0.9791065454483032,0.00031438632585909377,0.015748687495237355,0.9496420621871948,0.4601269662380218,/shared/ssd_30T/zhuoyingyang/physact/sam3_robowm/identity_v1/sam_masked_expansion6/crops/Cosmos3_seed101_0010/frame_0072_rank_01.png
Cosmos3_seed101_0010,72,3,T02,False,0.7852667570114136,0.007466632583373985,0.16291659038728332,0.7112988233566284,0.3541717231273651,/shared/ssd_30T/zhuoyingyang/physact/sam3_robowm/identity_v1/sam_masked_expansion6/crops/Cosmos3_seed101_0010/frame_0072_rank_03.png
Cosmos3_seed101_0010,75,2,T01,False,0.9751018285751343,0.00040575139338600334,0.018775066416995792,0.8299520611763,0.4401059746742248,/shared/ssd_30T/zhuoyingyang/physact/sam3_robowm/identity_v1/sam_masked_expansion6/crops/Cosmos3_seed101_0010/frame_0075_rank_02.png
Cosmos3_seed101_0010,75,1,T00,False,0.9726414680480957,0.00033695738197401533,0.020603138309421728,0.9344137907028198,0.4261238574981689,/shared/ssd_30T/zhuoyingyang/physact/sam3_robowm/identity_v1/sam_masked_expansion6/crops/Cosmos3_seed101_0010/frame_0075_rank_01.png
Cosmos3_seed101_0010,75,3,T02,False,0.8154423236846924,0.00032476923367682337,0.13849944954489993,0.7471938133239746,0.3970471024513244,/shared/ssd_30T/zhuoyingyang/physact/sam3_robowm/identity_v1/sam_masked_expansion6/crops/Cosmos3_seed101_0010/frame_0075_rank_03.png
Cosmos3_seed101_0010,78,1,T00,False,0.9848505854606628,0.0003367100109216806,0.011446238407233288,0.942146897315979,0.4625051617622375,/shared/ssd_30T/zhuoyingyang/physact/sam3_robowm/identity_v1/sam_masked_expansion6/crops/Cosmos3_seed101_0010/frame_0078_rank_01.png
Cosmos3_seed101_0010,78,2,T01,False,0.977661669254303,0.0002622685731758536,0.01681931520256673,0.8251450061798096,0.4235300719738006,/shared/ssd_30T/zhuoyingyang/physact/sam3_robowm/identity_v1/sam_masked_expansion6/crops/Cosmos3_seed101_0010/frame_0078_rank_02.png
Cosmos3_seed101_0010,78,3,T02,False,0.9524725675582886,0.00028142734956795813,0.03571593116867556,0.7241101264953613,0.3776961266994476,/shared/ssd_30T/zhuoyingyang/physact/sam3_robowm/identity_v1/sam_masked_expansion6/crops/Cosmos3_seed101_0010/frame_0078_rank_03.png
Cosmos3_seed101_0010,81,1,T00,False,0.9863901138305664,0.000284372566768992,0.010278507768767443,0.9278310537338256,0.4553234577178955,/shared/ssd_30T/zhuoyingyang/physact/sam3_robowm/identity_v1/sam_masked_expansion6/crops/Cosmos3_seed101_0010/frame_0081_rank_01.png
Cosmos3_seed101_0010,81,2,T01,False,0.9840410947799683,0.00042765978324054826,0.01207609386083394,0.819584846496582,0.4281988739967346,/shared/ssd_30T/zhuoyingyang/physact/sam3_robowm/identity_v1/sam_masked_expansion6/crops/Cosmos3_seed101_0010/frame_0081_rank_02.png
Cosmos3_seed101_0010,81,3,T02,False,0.9710597991943359,0.0002938605758142105,0.0217786157482016,0.7168681621551514,0.3824778497219085,/shared/ssd_30T/zhuoyingyang/physact/sam3_robowm/identity_v1/sam_masked_expansion6/crops/Cosmos3_seed101_0010/frame_0081_rank_03.png
Cosmos3_seed101_0010,84,2,T01,False,0.9867962002754211,0.0003963170388988138,0.010001929053158847,0.8212379813194275,0.4510003328323364,/shared/ssd_30T/zhuoyingyang/physact/sam3_robowm/identity_v1/sam_masked_expansion6/crops/Cosmos3_seed101_0010/frame_0084_rank_02.png
Cosmos3_seed101_0010,84,1,T00,False,0.9756729602813721,0.00019464396326196584,0.01829394077978644,0.9371535778045654,0.3655363619327545,/shared/ssd_30T/zhuoyingyang/physact/sam3_robowm/identity_v1/sam_masked_expansion6/crops/Cosmos3_seed101_0010/frame_0084_rank_01.png
Cosmos3_seed101_0010,84,3,T02,False,0.9511022567749023,0.0003626672703195299,0.036763974236403124,0.725499153137207,0.4151354432106018,/shared/ssd_30T/zhuoyingyang/physact/sam3_robowm/identity_v1/sam_masked_expansion6/crops/Cosmos3_seed101_0010/frame_0084_rank_03.png
Cosmos3_seed101_0010,87,2,T01,False,0.9772385954856873,0.00017346360325759002,0.017114419286548957,0.8266738653182983,0.4403197765350342,/shared/ssd_30T/zhuoyingyang/physact/sam3_robowm/identity_v1/sam_masked_expansion6/crops/Cosmos3_seed101_0010/frame_0087_rank_02.png
Cosmos3_seed101_0010,87,1,T00,False,0.9769704341888428,6.799109550555326e-05,0.017289172132244308,0.9299432039260864,0.4388304352760315,/shared/ssd_30T/zhuoyingyang/physact/sam3_robowm/identity_v1/sam_masked_expansion6/crops/Cosmos3_seed101_0010/frame_0087_rank_01.png
Cosmos3_seed101_0010,87,3,T02,False,0.8520132303237915,0.00012784127867479785,0.11102203757682508,0.7338879108428955,0.4004723727703094,/shared/ssd_30T/zhuoyingyang/physact/sam3_robowm/identity_v1/sam_masked_expansion6/crops/Cosmos3_seed101_0010/frame_0087_rank_03.png
Cosmos3_seed101_0010,90,1,T00,False,0.9864649176597595,7.635053753996116e-05,0.010170399389565349,0.9318013787269592,0.4172531366348266,/shared/ssd_30T/zhuoyingyang/physact/sam3_robowm/identity_v1/sam_masked_expansion6/crops/Cosmos3_seed101_0010/frame_0090_rank_01.png
Cosmos3_seed101_0010,90,2,T01,False,0.9763220548629761,4.73942896985904e-05,0.017770307425192592,0.8290495276451111,0.446841686964035,/shared/ssd_30T/zhuoyingyang/physact/sam3_robowm/identity_v1/sam_masked_expansion6/crops/Cosmos3_seed101_0010/frame_0090_rank_02.png
Cosmos3_seed101_0010,90,3,T02,False,0.9661457538604736,9.673820421112732e-05,0.02541486915569756,0.7326157689094543,0.4124017655849457,/shared/ssd_30T/zhuoyingyang/physact/sam3_robowm/identity_v1/sam_masked_expansion6/crops/Cosmos3_seed101_0010/frame_0090_rank_03.png
Cosmos3_seed101_0010,93,1,T00,False,0.9837245345115662,0.00019573351200445187,0.01225553249432649,0.9494196176528932,0.4914523363113403,/shared/ssd_30T/zhuoyingyang/physact/sam3_robowm/identity_v1/sam_masked_expansion6/crops/Cosmos3_seed101_0010/frame_0093_rank_01.png
Cosmos3_seed101_0010,93,3,T02,False,0.9629762172698975,0.00011151245553153185,0.02779571516145979,0.7191407680511475,0.3919401168823242,/shared/ssd_30T/zhuoyingyang/physact/sam3_robowm/identity_v1/sam_masked_expansion6/crops/Cosmos3_seed101_0010/frame_0093_rank_03.png
Cosmos3_seed101_0010,93,2,T01,False,0.7170923948287964,4.5306023454820175e-05,0.21219203038426643,0.8159080147743225,0.3238557577133178,/shared/ssd_30T/zhuoyingyang/physact/sam3_robowm/identity_v1/sam_masked_expansion6/crops/Cosmos3_seed101_0010/frame_0093_rank_02.png
Cosmos3_seed101_0010,96,1,T00,False,0.9732273817062378,0.00014767827587294059,0.02011638328928989,0.941329836845398,0.5073562860488892,/shared/ssd_30T/zhuoyingyang/physact/sam3_robowm/identity_v1/sam_masked_expansion6/crops/Cosmos3_seed101_0010/frame_0096_rank_01.png
Cosmos3_seed101_0010,96,3,T02,False,0.9715785384178162,8.294780073338532e-05,0.021336833136821224,0.7323166131973267,0.4072536826133728,/shared/ssd_30T/zhuoyingyang/physact/sam3_robowm/identity_v1/sam_masked_expansion6/crops/Cosmos3_seed101_0010/frame_0096_rank_03.png
Cosmos3_seed101_0010,96,2,T01,False,0.6616837978363037,0.0006898734234025651,0.2539096199786229,0.7738977670669556,0.2337540239095688,/shared/ssd_30T/zhuoyingyang/physact/sam3_robowm/identity_v1/sam_masked_expansion6/crops/Cosmos3_seed101_0010/frame_0096_rank_02.png
Cosmos3_seed101_0010,99,1,T00,False,0.9855159521102905,9.026797995374736e-05,0.010885602912270542,0.9278834462165833,0.6806739568710327,/shared/ssd_30T/zhuoyingyang/physact/sam3_robowm/identity_v1/sam_masked_expansion6/crops/Cosmos3_seed101_0010/frame_0099_rank_01.png
Cosmos3_seed101_0010,99,2,T02,False,0.9692944884300232,3.881266523520382e-05,0.023038836843791405,0.7459772825241089,0.3916248083114624,/shared/ssd_30T/zhuoyingyang/physact/sam3_robowm/identity_v1/sam_masked_expansion6/crops/Cosmos3_seed101_0010/frame_0099_rank_02.png
Cosmos3_seed101_0010,102,1,T00,False,0.9829744100570679,3.810502726249288e-05,0.01277871871401472,0.9339733123779296,0.6409730911254883,/shared/ssd_30T/zhuoyingyang/physact/sam3_robowm/identity_v1/sam_masked_expansion6/crops/Cosmos3_seed101_0010/frame_0102_rank_01.png
Cosmos3_seed101_0010,102,2,T02,False,0.9416297674179077,7.74422373350762e-05,0.043797034995902984,0.7435643076896667,0.4185874164104461,/shared/ssd_30T/zhuoyingyang/physact/sam3_robowm/identity_v1/sam_masked_expansion6/crops/Cosmos3_seed101_0010/frame_0102_rank_02.png
Cosmos3_seed101_0010,105,1,T00,False,0.986519455909729,0.0003583664232243928,0.010199999673509345,0.9346563220024108,0.6205117702484131,/shared/ssd_30T/zhuoyingyang/physact/sam3_robowm/identity_v1/sam_masked_expansion6/crops/Cosmos3_seed101_0010/frame_0105_rank_01.png
Cosmos3_seed101_0010,105,2,T02,False,0.9602551460266113,0.00020236258946918837,0.029859231127408802,0.7491798400878906,0.3974943459033966,/shared/ssd_30T/zhuoyingyang/physact/sam3_robowm/identity_v1/sam_masked_expansion6/crops/Cosmos3_seed101_0010/frame_0105_rank_02.png
Cosmos3_seed101_0010,108,1,T00,False,0.9860525727272034,1.7062122818714275e-05,0.010464835985302151,0.9605496525764464,0.6396287083625793,/shared/ssd_30T/zhuoyingyang/physact/sam3_robowm/identity_v1/sam_masked_expansion6/crops/Cosmos3_seed101_0010/frame_0108_rank_01.png
Cosmos3_seed101_0010,108,2,T02,False,0.9721922278404236,0.00010623158074144367,0.020882387014867672,0.7416015863418579,0.3910005092620849,/shared/ssd_30T/zhuoyingyang/physact/sam3_robowm/identity_v1/sam_masked_expansion6/crops/Cosmos3_seed101_0010/frame_0108_rank_02.png
Cosmos3_seed101_0010,111,1,T00,False,0.9604485034942627,0.0003522498847808883,0.0297516848504982,0.93861722946167,0.7214541435241699,/shared/ssd_30T/zhuoyingyang/physact/sam3_robowm/identity_v1/sam_masked_expansion6/crops/Cosmos3_seed101_0010/frame_0111_rank_01.png
Cosmos3_seed101_0010,111,2,T02,False,0.8533391952514648,0.0004400079211502593,0.11010560554168893,0.70270174741745,0.3288624286651611,/shared/ssd_30T/zhuoyingyang/physact/sam3_robowm/identity_v1/sam_masked_expansion6/crops/Cosmos3_seed101_0010/frame_0111_rank_02.png
Cosmos3_seed101_0010,114,1,T00,False,0.9686819911003113,0.0006069702316450448,0.023640249232677803,0.9434828162193298,0.6713359355926514,/shared/ssd_30T/zhuoyingyang/physact/sam3_robowm/identity_v1/sam_masked_expansion6/crops/Cosmos3_seed101_0010/frame_0114_rank_01.png
Cosmos3_seed101_0010,114,2,T02,False,0.9043506979942322,0.0006805734894117385,0.0719071198766788,0.6988369226455688,0.353196233510971,/shared/ssd_30T/zhuoyingyang/physact/sam3_robowm/identity_v1/sam_masked_expansion6/crops/Cosmos3_seed101_0010/frame_0114_rank_02.png
Cosmos3_seed101_0010,117,1,T00,False,0.9864174127578735,0.00016023975355895963,0.010227000369984588,0.9596555233001708,0.671203076839447,/shared/ssd_30T/zhuoyingyang/physact/sam3_robowm/identity_v1/sam_masked_expansion6/crops/Cosmos3_seed101_0010/frame_0117_rank_01.png
Cosmos3_seed101_0010,117,2,T02,False,0.9305458068847656,5.161648132212373e-05,0.05210354895675631,0.6802688241004944,0.395153284072876,/shared/ssd_30T/zhuoyingyang/physact/sam3_robowm/identity_v1/sam_masked_expansion6/crops/Cosmos3_seed101_0010/frame_0117_rank_02.png
Cosmos3_seed101_0010,120,2,T02,False,0.9363018274307251,0.0005733605213477387,0.04791696955729311,0.7199878692626953,0.3734113276004791,/shared/ssd_30T/zhuoyingyang/physact/sam3_robowm/identity_v1/sam_masked_expansion6/crops/Cosmos3_seed101_0010/frame_0120_rank_02.png
Cosmos3_seed101_0010,120,1,T00,False,0.9163388013839722,0.0007605768187099779,0.06293604316669837,0.9515339732170104,0.605822741985321,/shared/ssd_30T/zhuoyingyang/physact/sam3_robowm/identity_v1/sam_masked_expansion6/crops/Cosmos3_seed101_0010/frame_0120_rank_01.png
Cosmos3_seed101_0010,123,1,T00,False,0.93571937084198,0.00020030817186490087,0.04826054891148124,0.947739839553833,0.670113742351532,/shared/ssd_30T/zhuoyingyang/physact/sam3_robowm/identity_v1/sam_masked_expansion6/crops/Cosmos3_seed101_0010/frame_0123_rank_01.png
Cosmos3_seed101_0010,123,2,T02,False,0.9310837984085083,0.00019739789912261356,0.05173650066839943,0.7195079326629639,0.3838505744934082,/shared/ssd_30T/zhuoyingyang/physact/sam3_robowm/identity_v1/sam_masked_expansion6/crops/Cosmos3_seed101_0010/frame_0123_rank_02.png
Cosmos3_seed101_0010,126,1,T00,False,0.9804420471191406,0.00013903922236294962,0.014703224466235268,0.9641953706741332,0.7414374947547913,/shared/ssd_30T/zhuoyingyang/physact/sam3_robowm/identity_v1/sam_masked_expansion6/crops/Cosmos3_seed101_0010/frame_0126_rank_01.png
Cosmos3_seed101_0010,126,2,T02,False,0.8590095043182373,0.0004318396843576775,0.10585083168241144,0.7087529897689819,0.3133491575717926,/shared/ssd_30T/zhuoyingyang/physact/sam3_robowm/identity_v1/sam_masked_expansion6/crops/Cosmos3_seed101_0010/frame_0126_rank_02.png
Cosmos3_seed101_0010,129,1,T00,False,0.9813515543937683,1.5469742694632025e-05,0.013990201640347425,0.949404776096344,0.6956761479377747,/shared/ssd_30T/zhuoyingyang/physact/sam3_robowm/identity_v1/sam_masked_expansion6/crops/Cosmos3_seed101_0010/frame_0129_rank_01.png
Cosmos3_seed101_0010,129,2,T02,False,0.8648087978363037,0.0021843871263162555,0.10193949840435128,0.6955378651618958,0.3375370800495147,/shared/ssd_30T/zhuoyingyang/physact/sam3_robowm/identity_v1/sam_masked_expansion6/crops/Cosmos3_seed101_0010/frame_0129_rank_02.png
Cosmos3_seed101_0010,132,1,T00,False,0.9504429697990417,0.00029526689749574046,0.03724158937509262,0.9219661951065063,0.7729888558387756,/shared/ssd_30T/zhuoyingyang/physact/sam3_robowm/identity_v1/sam_masked_expansion6/crops/Cosmos3_seed101_0010/frame_0132_rank_01.png
Cosmos3_seed101_0010,132,2,T02,False,0.8185651302337646,0.0037620322760815316,0.1370166603936969,0.6909371018409729,0.2617040276527405,/shared/ssd_30T/zhuoyingyang/physact/sam3_robowm/identity_v1/sam_masked_expansion6/crops/Cosmos3_seed101_0010/frame_0132_rank_02.png
Cosmos3_seed101_0010,132,3,T03,True,,,,0.6201977133750916,0.1162803024053573,/shared/ssd_30T/zhuoyingyang/physact/sam3_robowm/identity_v1/sam_masked_expansion6/crops/Cosmos3_seed101_0010/frame_0132_rank_03.png
Cosmos3_seed101_0010,135,1,T00,False,0.9536950588226318,3.032752613602618e-05,0.03473628776456013,0.923986315727234,0.716145396232605,/shared/ssd_30T/zhuoyingyang/physact/sam3_robowm/identity_v1/sam_masked_expansion6/crops/Cosmos3_seed101_0010/frame_0135_rank_01.png
Cosmos3_seed101_0010,135,3,T03,False,0.8671770095825195,0.004879087705525616,0.10083701473949176,0.6732732057571411,0.1265284717082977,/shared/ssd_30T/zhuoyingyang/physact/sam3_robowm/identity_v1/sam_masked_expansion6/crops/Cosmos3_seed101_0010/frame_0135_rank_03.png
Cosmos3_seed101_0010,135,2,T02,False,0.8086973428726196,0.0016922985277011823,0.14390006747746056,0.7208395004272461,0.2982313632965088,/shared/ssd_30T/zhuoyingyang/physact/sam3_robowm/identity_v1/sam_masked_expansion6/crops/Cosmos3_seed101_0010/frame_0135_rank_02.png
Cosmos3_seed101_0010,138,1,T00,False,0.9899541139602661,9.316200692178656e-06,0.007536743579973459,0.9413182735443116,0.8264628648757935,/shared/ssd_30T/zhuoyingyang/physact/sam3_robowm/identity_v1/sam_masked_expansion6/crops/Cosmos3_seed101_0010/frame_0138_rank_01.png
Cosmos3_seed101_0010,138,2,T02,False,0.8845983743667603,0.00014742153962448996,0.08658807460983593,0.7027636766433716,0.2217983305454254,/shared/ssd_30T/zhuoyingyang/physact/sam3_robowm/identity_v1/sam_masked_expansion6/crops/Cosmos3_seed101_0010/frame_0138_rank_02.png
Cosmos3_seed101_0010,141,1,T00,False,0.9900040030479431,0.0002542079904794684,0.007560549711662531,0.9210493564605712,0.6553428769111633,/shared/ssd_30T/zhuoyingyang/physact/sam3_robowm/identity_v1/sam_masked_expansion6/crops/Cosmos3_seed101_0010/frame_0141_rank_01.png
Cosmos3_seed101_0010,141,2,T02,False,0.8079413175582886,0.0032767106455218937,0.14486318949266405,0.7225964665412903,0.372525155544281,/shared/ssd_30T/zhuoyingyang/physact/sam3_robowm/identity_v1/sam_masked_expansion6/crops/Cosmos3_seed101_0010/frame_0141_rank_02.png
Cosmos3_seed101_0010,141,3,T03,False,0.7868953943252563,0.021052434225860013,0.16509156281252274,0.6886811256408691,0.1671596020460128,/shared/ssd_30T/zhuoyingyang/physact/sam3_robowm/identity_v1/sam_masked_expansion6/crops/Cosmos3_seed101_0010/frame_0141_rank_03.png
Cosmos3_seed101_0010,144,2,T02,False,0.9742463827133179,0.00035287511054975083,0.019403431742649035,0.7447279691696167,0.3552517592906952,/shared/ssd_30T/zhuoyingyang/physact/sam3_robowm/identity_v1/sam_masked_expansion6/crops/Cosmos3_seed101_0010/frame_0144_rank_02.png
Cosmos3_seed101_0010,144,1,T00,False,0.9714001417160034,0.0007486810106408364,0.021637063965657646,0.9336209297180176,0.6821056008338928,/shared/ssd_30T/zhuoyingyang/physact/sam3_robowm/identity_v1/sam_masked_expansion6/crops/Cosmos3_seed101_0010/frame_0144_rank_01.png
Cosmos3_seed101_0010,144,3,T03,False,0.8837358951568604,0.028297278185230028,0.09427239817866225,0.6701371669769287,0.1099247708916664,/shared/ssd_30T/zhuoyingyang/physact/sam3_robowm/identity_v1/sam_masked_expansion6/crops/Cosmos3_seed101_0010/frame_0144_rank_03.png
Cosmos3_seed101_0010,147,2,T02,False,0.9791007041931152,0.00030765422109060804,0.015751385410436226,0.7449783086776733,0.3619202673435211,/shared/ssd_30T/zhuoyingyang/physact/sam3_robowm/identity_v1/sam_masked_expansion6/crops/Cosmos3_seed101_0010/frame_0147_rank_02.png
Cosmos3_seed101_0010,147,1,T00,False,0.8489977717399597,0.0006227611089945174,0.11340736147227884,0.9230797290802002,0.6401799321174622,/shared/ssd_30T/zhuoyingyang/physact/sam3_robowm/identity_v1/sam_masked_expansion6/crops/Cosmos3_seed101_0010/frame_0147_rank_01.png
Cosmos3_seed101_0010,150,2,T02,False,0.9677359461784363,0.00010063668270694582,0.024223199536849527,0.7421905994415283,0.4048245847225189,/shared/ssd_30T/zhuoyingyang/physact/sam3_robowm/identity_v1/sam_masked_expansion6/crops/Cosmos3_seed101_0010/frame_0150_rank_02.png
Cosmos3_seed101_0010,150,1,T00,False,0.9060341119766235,0.0010735514046700705,0.07074280386869987,0.8819707036018372,0.5353527665138245,/shared/ssd_30T/zhuoyingyang/physact/sam3_robowm/identity_v1/sam_masked_expansion6/crops/Cosmos3_seed101_0010/frame_0150_rank_01.png
Cosmos3_seed101_0010,153,2,T02,False,0.9653910994529724,0.00028148096354008845,0.02602704565115571,0.7330038547515869,0.5399974584579468,/shared/ssd_30T/zhuoyingyang/physact/sam3_robowm/identity_v1/sam_masked_expansion6/crops/Cosmos3_seed101_0010/frame_0153_rank_02.png
Cosmos3_seed101_0010,153,1,T00,False,0.8509544134140015,0.0007632971291535855,0.1119750142217873,0.8330999612808228,0.3270627856254577,/shared/ssd_30T/zhuoyingyang/physact/sam3_robowm/identity_v1/sam_masked_expansion6/crops/Cosmos3_seed101_0010/frame_0153_rank_01.png
Cosmos3_seed101_0010,156,2,T02,False,0.9870458245277405,5.4807395407172606e-05,0.009729333453046433,0.7548502683639526,0.5751307606697083,/shared/ssd_30T/zhuoyingyang/physact/sam3_robowm/identity_v1/sam_masked_expansion6/crops/Cosmos3_seed101_0010/frame_0156_rank_02.png
Cosmos3_seed101_0010,156,1,T00,False,0.9412322044372559,0.00022820835940341773,0.04413289876190896,0.8855463266372681,0.2947389781475067,/shared/ssd_30T/zhuoyingyang/physact/sam3_robowm/identity_v1/sam_masked_expansion6/crops/Cosmos3_seed101_0010/frame_0156_rank_01.png
Cosmos3_seed101_0010,159,2,T02,False,0.9697416424751282,0.00013607697937742774,0.022727787388498226,0.7553112506866455,0.5610066056251526,/shared/ssd_30T/zhuoyingyang/physact/sam3_robowm/identity_v1/sam_masked_expansion6/crops/Cosmos3_seed101_0010/frame_0159_rank_02.png
Cosmos3_seed101_0010,159,1,T00,False,0.9599457383155823,0.0002014793794354915,0.030091066108172165,0.8896677494049072,0.3121530711650848,/shared/ssd_30T/zhuoyingyang/physact/sam3_robowm/identity_v1/sam_masked_expansion6/crops/Cosmos3_seed101_0010/frame_0159_rank_01.png
Cosmos3_seed101_0010,162,2,T02,False,0.9592899680137634,0.00011356056202857767,0.030560914130184573,0.7462081909179688,0.5589179992675781,/shared/ssd_30T/zhuoyingyang/physact/sam3_robowm/identity_v1/sam_masked_expansion6/crops/Cosmos3_seed101_0010/frame_0162_rank_02.png
Cosmos3_seed101_0010,162,1,T00,False,0.9498398303985596,0.00017778086734873517,0.037664572417917506,0.8630594611167908,0.3254398703575134,/shared/ssd_30T/zhuoyingyang/physact/sam3_robowm/identity_v1/sam_masked_expansion6/crops/Cosmos3_seed101_0010/frame_0162_rank_01.png
Cosmos3_seed101_0010,165,2,T02,False,0.9694436192512512,0.00019557904207415062,0.022966180322080122,0.7513841390609741,0.5456503033638,/shared/ssd_30T/zhuoyingyang/physact/sam3_robowm/identity_v1/sam_masked_expansion6/crops/Cosmos3_seed101_0010/frame_0165_rank_02.png
Cosmos3_seed101_0010,165,1,T00,False,0.9592077732086182,0.00016192119690103333,0.030634650392761635,0.927921175956726,0.320399135351181,/shared/ssd_30T/zhuoyingyang/physact/sam3_robowm/identity_v1/sam_masked_expansion6/crops/Cosmos3_seed101_0010/frame_0165_rank_01.png
Cosmos3_seed101_0010,168,2,T02,False,0.9570445418357849,4.0294991621831235e-05,0.032226667371066775,0.7613540887832642,0.4774691760540008,/shared/ssd_30T/zhuoyingyang/physact/sam3_robowm/identity_v1/sam_masked_expansion6/crops/Cosmos3_seed101_0010/frame_0168_rank_02.png
Cosmos3_seed101_0010,168,1,T00,False,0.8569186925888062,0.0008352821459688944,0.10751980109488761,0.879676342010498,0.380962997674942,/shared/ssd_30T/zhuoyingyang/physact/sam3_robowm/identity_v1/sam_masked_expansion6/crops/Cosmos3_seed101_0010/frame_0168_rank_01.png
Cosmos3_seed101_0010,171,2,T02,False,0.9447681903839111,0.00020313217927958566,0.04147464025688655,0.7591662406921387,0.4103274047374725,/shared/ssd_30T/zhuoyingyang/physact/sam3_robowm/identity_v1/sam_masked_expansion6/crops/Cosmos3_seed101_0010/frame_0171_rank_02.png
Cosmos3_seed101_0010,171,1,T00,False,0.8161314725875854,0.0009219605568480017,0.13813188569852292,0.8104513883590698,0.5064414739608765,/shared/ssd_30T/zhuoyingyang/physact/sam3_robowm/identity_v1/sam_masked_expansion6/crops/Cosmos3_seed101_0010/frame_0171_rank_01.png
Cosmos3_seed101_0010,174,2,T02,False,0.9760167002677917,8.992741353161381e-05,0.018009956652539093,0.7480175495147705,0.4904942810535431,/shared/ssd_30T/zhuoyingyang/physact/sam3_robowm/identity_v1/sam_masked_expansion6/crops/Cosmos3_seed101_0010/frame_0174_rank_02.png
Cosmos3_seed101_0010,174,1,T00,False,0.9033011198043823,0.000257872734784902,0.07258862833040948,0.8383698463439941,0.3980282545089721,/shared/ssd_30T/zhuoyingyang/physact/sam3_robowm/identity_v1/sam_masked_expansion6/crops/Cosmos3_seed101_0010/frame_0174_rank_01.png
Cosmos3_seed101_0010,177,2,T02,False,0.9776720404624939,0.00011547034163651441,0.016774837238538707,0.754866898059845,0.5391911864280701,/shared/ssd_30T/zhuoyingyang/physact/sam3_robowm/identity_v1/sam_masked_expansion6/crops/Cosmos3_seed101_0010/frame_0177_rank_02.png
Cosmos3_seed101_0010,177,1,T00,False,0.891694188117981,0.0007828398075611181,0.08142506886340456,0.8759185075759888,0.3471764624118805,/shared/ssd_30T/zhuoyingyang/physact/sam3_robowm/identity_v1/sam_masked_expansion6/crops/Cosmos3_seed101_0010/frame_0177_rank_01.png
Cosmos3_seed101_0010,180,2,T02,False,0.9799377918243408,4.200957588677976e-05,0.01505715852571608,0.7742606997489929,0.434050440788269,/shared/ssd_30T/zhuoyingyang/physact/sam3_robowm/identity_v1/sam_masked_expansion6/crops/Cosmos3_seed101_0010/frame_0180_rank_02.png
Cosmos3_seed101_0010,180,1,T00,False,0.8825840353965759,0.00012742964634411007,0.08809383086415408,0.9430046081542968,0.489254891872406,/shared/ssd_30T/zhuoyingyang/physact/sam3_robowm/identity_v1/sam_masked_expansion6/crops/Cosmos3_seed101_0010/frame_0180_rank_01.png
Cosmos3_seed101_0010,183,1,T00,False,0.9657134413719177,0.00045923264962768683,0.02582972713346863,0.9487905502319336,0.4198686182498932,/shared/ssd_30T/zhuoyingyang/physact/sam3_robowm/identity_v1/sam_masked_expansion6/crops/Cosmos3_seed101_0010/frame_0183_rank_01.png
Cosmos3_seed101_0010,183,2,T02,False,0.9628760814666748,0.000357839821189275,0.027932398855291217,0.7398034334182739,0.4868898689746856,/shared/ssd_30T/zhuoyingyang/physact/sam3_robowm/identity_v1/sam_masked_expansion6/crops/Cosmos3_seed101_0010/frame_0183_rank_02.png
Cosmos3_seed101_0010,186,1,T00,False,0.9788989424705505,6.300050120915847e-05,0.01584154327238939,0.9472194910049438,0.538415789604187,/shared/ssd_30T/zhuoyingyang/physact/sam3_robowm/identity_v1/sam_masked_expansion6/crops/Cosmos3_seed101_0010/frame_0186_rank_01.png
Cosmos3_seed101_0010,186,2,T02,False,0.9690569639205933,7.840642130983779e-05,0.023226878664882513,0.7210366725921631,0.4241189062595367,/shared/ssd_30T/zhuoyingyang/physact/sam3_robowm/identity_v1/sam_masked_expansion6/crops/Cosmos3_seed101_0010/frame_0186_rank_02.png
Cosmos3_seed101_0010,188,2,T02,False,0.9862364530563354,5.6208643851370014e-05,0.010336712368711256,0.7266108393669128,0.3765152394771576,/shared/ssd_30T/zhuoyingyang/physact/sam3_robowm/identity_v1/sam_masked_expansion6/crops/Cosmos3_seed101_0010/frame_0188_rank_02.png
Cosmos3_seed101_0010,188,1,T00,False,0.9780864119529724,8.35954958703936e-05,0.01645608990923829,0.9540446996688844,0.6284610629081726,/shared/ssd_30T/zhuoyingyang/physact/sam3_robowm/identity_v1/sam_masked_expansion6/crops/Cosmos3_seed101_0010/frame_0188_rank_01.png
Cosmos3_seed101_0020,0,1,T00,True,,,,0.9625452756881714,0.8148337006568909,/shared/ssd_30T/zhuoyingyang/physact/sam3_robowm/identity_v1/sam_masked_expansion6/crops/Cosmos3_seed101_0020/frame_0000_rank_01.png
Cosmos3_seed101_0020,3,1,T00,False,0.9814954400062561,4.715299638458004e-05,0.013890208244404068,0.9656141996383668,0.8143229484558105,/shared/ssd_30T/zhuoyingyang/physact/sam3_robowm/identity_v1/sam_masked_expansion6/crops/Cosmos3_seed101_0020/frame_0003_rank_01.png
Cosmos3_seed101_0020,6,1,T00,False,0.9775844812393188,0.00010483466484192826,0.016837847736721347,0.9644274711608888,0.8263135552406311,/shared/ssd_30T/zhuoyingyang/physact/sam3_robowm/identity_v1/sam_masked_expansion6/crops/Cosmos3_seed101_0020/frame_0006_rank_01.png
Cosmos3_seed101_0020,9,1,T00,False,0.9882323145866394,0.0001933489687004612,0.008874101302195563,0.9677661657333374,0.8271018862724304,/shared/ssd_30T/zhuoyingyang/physact/sam3_robowm/identity_v1/sam_masked_expansion6/crops/Cosmos3_seed101_0020/frame_0009_rank_01.png
Cosmos3_seed101_0020,12,1,T00,False,0.9939490556716919,0.00019003756522876445,0.00458571763753827,0.9665626883506776,0.8252668380737305,/shared/ssd_30T/zhuoyingyang/physact/sam3_robowm/identity_v1/sam_masked_expansion6/crops/Cosmos3_seed101_0020/frame_0012_rank_01.png
Cosmos3_seed101_0020,15,1,T00,False,0.9824762344360352,0.0003181346162369197,0.013222357827032863,0.9601659178733826,0.826762855052948,/shared/ssd_30T/zhuoyingyang/physact/sam3_robowm/identity_v1/sam_masked_expansion6/crops/Cosmos3_seed101_0020/frame_0015_rank_01.png
Cosmos3_seed101_0020,18,1,T00,False,0.9661785960197449,8.717914955030389e-05,0.025387847772578923,0.9685348272323608,0.8161069750785828,/shared/ssd_30T/zhuoyingyang/physact/sam3_robowm/identity_v1/sam_masked_expansion6/crops/Cosmos3_seed101_0020/frame_0018_rank_01.png
Cosmos3_seed101_0020,21,1,T00,False,0.9891150593757629,0.00019688243791667797,0.008212926077656965,0.9641333818435668,0.8154270648956299,/shared/ssd_30T/zhuoyingyang/physact/sam3_robowm/identity_v1/sam_masked_expansion6/crops/Cosmos3_seed101_0020/frame_0021_rank_01.png
Cosmos3_seed101_0020,24,1,T00,False,0.9914803504943848,9.393171975818914e-05,0.006413220059150973,0.9611778259277344,0.7924802303314209,/shared/ssd_30T/zhuoyingyang/physact/sam3_robowm/identity_v1/sam_masked_expansion6/crops/Cosmos3_seed101_0020/frame_0024_rank_01.png
Cosmos3_seed101_0020,27,1,T00,False,0.9914315938949585,7.85114525423334e-05,0.006445932441916711,0.9619913101196288,0.7938094735145569,/shared/ssd_30T/zhuoyingyang/physact/sam3_robowm/identity_v1/sam_masked_expansion6/crops/Cosmos3_seed101_0020/frame_0027_rank_01.png
Cosmos3_seed101_0020,30,1,T00,False,0.9904017448425293,2.2484179462220424e-05,0.007204312412968582,0.9590946435928344,0.787860631942749,/shared/ssd_30T/zhuoyingyang/physact/sam3_robowm/identity_v1/sam_masked_expansion6/crops/Cosmos3_seed101_0020/frame_0030_rank_01.png
Cosmos3_seed101_0020,33,1,T00,False,0.9338980913162231,0.00024322680592958683,0.04963723821431504,0.9525433778762816,0.8085039258003235,/shared/ssd_30T/zhuoyingyang/physact/sam3_robowm/identity_v1/sam_masked_expansion6/crops/Cosmos3_seed101_0020/frame_0033_rank_01.png
Cosmos3_seed101_0020,36,1,T00,False,0.9561622142791748,0.0001411846944308816,0.03291363546422662,0.950901985168457,0.8101990222930908,/shared/ssd_30T/zhuoyingyang/physact/sam3_robowm/identity_v1/sam_masked_expansion6/crops/Cosmos3_seed101_0020/frame_0036_rank_01.png
Cosmos3_seed101_0020,39,1,T00,False,0.9659214019775391,8.261286053145356e-05,0.025579601731978565,0.9533170461654664,0.8139018416404724,/shared/ssd_30T/zhuoyingyang/physact/sam3_robowm/identity_v1/sam_masked_expansion6/crops/Cosmos3_seed101_0020/frame_0039_rank_01.png
Cosmos3_seed101_0020,42,1,T00,False,0.9812617301940918,3.2709168182417306e-06,0.014054520083635712,0.9394042491912842,0.8048195838928223,/shared/ssd_30T/zhuoyingyang/physact/sam3_robowm/identity_v1/sam_masked_expansion6/crops/Cosmos3_seed101_0020/frame_0042_rank_01.png
Cosmos3_seed101_0020,45,1,T00,False,0.9634321928024292,6.231230134528717e-05,0.027441433473514423,0.947214126586914,0.7332890033721924,/shared/ssd_30T/zhuoyingyang/physact/sam3_robowm/identity_v1/sam_masked_expansion6/crops/Cosmos3_seed101_0020/frame_0045_rank_01.png
Cosmos3_seed101_0020,45,2,T01,True,,,,0.6656653881072998,0.1188755333423614,/shared/ssd_30T/zhuoyingyang/physact/sam3_robowm/identity_v1/sam_masked_expansion6/crops/Cosmos3_seed101_0020/frame_0045_rank_02.png
Cosmos3_seed101_0020,45,3,T02,True,,,,0.6194734573364258,0.1022461727261543,/shared/ssd_30T/zhuoyingyang/physact/sam3_robowm/identity_v1/sam_masked_expansion6/crops/Cosmos3_seed101_0020/frame_0045_rank_03.png
Cosmos3_seed101_0020,48,1,T00,False,0.9679319262504578,4.8624676582665125e-05,0.024063211481302343,0.939002275466919,0.7575954794883728,/shared/ssd_30T/zhuoyingyang/physact/sam3_robowm/identity_v1/sam_masked_expansion6/crops/Cosmos3_seed101_0020/frame_0048_rank_01.png
Cosmos3_seed101_0020,51,1,T00,False,0.981701672077179,7.048516493031618e-05,0.013741367233348362,0.9446233510971068,0.7756151556968689,/shared/ssd_30T/zhuoyingyang/physact/sam3_robowm/identity_v1/sam_masked_expansion6/crops/Cosmos3_seed101_0020/frame_0051_rank_01.png
Cosmos3_seed101_0020,54,1,T00,False,0.9472198486328125,0.0001248696096143121,0.0396163309277942,0.9365105628967284,0.762395441532135,/shared/ssd_30T/zhuoyingyang/physact/sam3_robowm/identity_v1/sam_masked_expansion6/crops/Cosmos3_seed101_0020/frame_0054_rank_01.png
Cosmos3_seed101_0020,54,2,T03,True,,,,0.6659348011016846,0.1163641661405563,/shared/ssd_30T/zhuoyingyang/physact/sam3_robowm/identity_v1/sam_masked_expansion6/crops/Cosmos3_seed101_0020/frame_0054_rank_02.png
Cosmos3_seed101_0020,57,1,T00,False,0.9771347641944885,7.310633416997128e-05,0.0171672034376761,0.9405760765075684,0.7571291327476501,/shared/ssd_30T/zhuoyingyang/physact/sam3_robowm/identity_v1/sam_masked_expansion6/crops/Cosmos3_seed101_0020/frame_0057_rank_01.png
Cosmos3_seed101_0020,57,2,T03,False,0.9315754175186157,0.0012941758627568688,0.05164198082672743,0.6721794605255127,0.1134975776076316,/shared/ssd_30T/zhuoyingyang/physact/sam3_robowm/identity_v1/sam_masked_expansion6/crops/Cosmos3_seed101_0020/frame_0057_rank_02.png
Cosmos3_seed101_0020,57,3,T04,True,,,,0.6190899610519409,0.1027587801218032,/shared/ssd_30T/zhuoyingyang/physact/sam3_robowm/identity_v1/sam_masked_expansion6/crops/Cosmos3_seed101_0020/frame_0057_rank_03.png
Cosmos3_seed101_0020,60,3,T04,False,0.9930264949798584,0.0007149960946733126,0.0054088777887745295,0.6149516701698303,0.1044961661100387,/shared/ssd_30T/zhuoyingyang/physact/sam3_robowm/identity_v1/sam_masked_expansion6/crops/Cosmos3_seed101_0020/frame_0060_rank_03.png
Cosmos3_seed101_0020,60,1,T00,False,0.9827457666397095,0.0001249085213446527,0.01297190215055406,0.9394921064376832,0.7604239583015442,/shared/ssd_30T/zhuoyingyang/physact/sam3_robowm/identity_v1/sam_masked_expansion6/crops/Cosmos3_seed101_0020/frame_0060_rank_01.png
Cosmos3_seed101_0020,60,2,T03,False,0.9581731557846069,0.0006290466065341448,0.03152739481317834,0.6654305458068848,0.1017339378595352,/shared/ssd_30T/zhuoyingyang/physact/sam3_robowm/identity_v1/sam_masked_expansion6/crops/Cosmos3_seed101_0020/frame_0060_rank_02.png
Cosmos3_seed101_0020,63,3,T04,False,0.9898366928100586,0.0011375675426270172,0.00790687227811281,0.618881106376648,0.1024567037820816,/shared/ssd_30T/zhuoyingyang/physact/sam3_robowm/identity_v1/sam_masked_expansion6/crops/Cosmos3_seed101_0020/frame_0063_rank_03.png
Cosmos3_seed101_0020,63,2,T03,False,0.9587377905845642,0.000664100322519887,0.031112682142206815,0.6750695705413818,0.1185947507619857,/shared/ssd_30T/zhuoyingyang/physact/sam3_robowm/identity_v1/sam_masked_expansion6/crops/Cosmos3_seed101_0020/frame_0063_rank_02.png
Cosmos3_seed101_0020,63,1,T00,False,0.8875223398208618,9.986476935385024e-05,0.0843832113266921,0.9377542734146118,0.757662296295166,/shared/ssd_30T/zhuoyingyang/physact/sam3_robowm/identity_v1/sam_masked_expansion6/crops/Cosmos3_seed101_0020/frame_0063_rank_01.png
Cosmos3_seed101_0020,66,2,T03,False,0.9510584473609924,0.0010512401185995245,0.03696897450890556,0.6707316637039185,0.1016892194747924,/shared/ssd_30T/zhuoyingyang/physact/sam3_robowm/identity_v1/sam_masked_expansion6/crops/Cosmos3_seed101_0020/frame_0066_rank_02.png
Cosmos3_seed101_0020,66,1,T00,False,0.905375599861145,0.0005350748284939779,0.07110206881126473,0.9480408430099488,0.7727444767951965,/shared/ssd_30T/zhuoyingyang/physact/sam3_robowm/identity_v1/sam_masked_expansion6/crops/Cosmos3_seed101_0020/frame_0066_rank_01.png
Cosmos3_seed101_0020,69,1,T00,False,0.9546205401420593,0.00047014140864140905,0.03415213024561586,0.9365394115447998,0.795490026473999,/shared/ssd_30T/zhuoyingyang/physact/sam3_robowm/identity_v1/sam_masked_expansion6/crops/Cosmos3_seed101_0020/frame_0069_rank_01.png
Cosmos3_seed101_0020,72,1,T00,False,0.9451745748519897,0.003910610107958855,0.0420967213879974,0.9105332493782043,0.7829504013061523,/shared/ssd_30T/zhuoyingyang/physact/sam3_robowm/identity_v1/sam_masked_expansion6/crops/Cosmos3_seed101_0020/frame_0072_rank_01.png
Cosmos3_seed101_0020,75,1,T00,False,0.8636741638183594,0.008176154614379587,0.10428841578982537,0.9211598634719848,0.7749795317649841,/shared/ssd_30T/zhuoyingyang/physact/sam3_robowm/identity_v1/sam_masked_expansion6/crops/Cosmos3_seed101_0020/frame_0075_rank_01.png
Cosmos3_seed101_0020,78,1,T00,False,0.8383749723434448,0.011332706323640503,0.12405194732332651,0.910999834537506,0.7638283967971802,/shared/ssd_30T/zhuoyingyang/physact/sam3_robowm/identity_v1/sam_masked_expansion6/crops/Cosmos3_seed101_0020/frame_0078_rank_01.png
Cosmos3_seed101_0020,81,1,T00,False,0.9277573227882385,0.00831867995236149,0.05626167789691148,0.9179520606994628,0.750764787197113,/shared/ssd_30T/zhuoyingyang/physact/sam3_robowm/identity_v1/sam_masked_expansion6/crops/Cosmos3_seed101_0020/frame_0081_rank_01.png
Cosmos3_seed101_0020,84,1,T00,False,0.9376968145370483,0.007337069407362624,0.0485616564490544,0.9109330177307128,0.7456871867179871,/shared/ssd_30T/zhuoyingyang/physact/sam3_robowm/identity_v1/sam_masked_expansion6/crops/Cosmos3_seed101_0020/frame_0084_rank_01.png
Cosmos3_seed101_0020,84,2,T05,True,,,,0.6129205822944641,0.1052027940750122,/shared/ssd_30T/zhuoyingyang/physact/sam3_robowm/identity_v1/sam_masked_expansion6/crops/Cosmos3_seed101_0020/frame_0084_rank_02.png
Cosmos3_seed101_0020,87,2,T05,False,0.9798928499221802,0.004733496995789693,0.01626373680731229,0.6141825318336487,0.1063174456357956,/shared/ssd_30T/zhuoyingyang/physact/sam3_robowm/identity_v1/sam_masked_expansion6/crops/Cosmos3_seed101_0020/frame_0087_rank_02.png
Cosmos3_seed101_0020,87,1,T00,False,0.9369148015975952,0.009286495837436494,0.04963552276116271,0.884483277797699,0.7488604784011841,/shared/ssd_30T/zhuoyingyang/physact/sam3_robowm/identity_v1/sam_masked_expansion6/crops/Cosmos3_seed101_0020/frame_0087_rank_01.png
Cosmos3_seed101_0020,90,2,T05,False,0.983001708984375,0.004149128239390616,0.013786000321566403,0.6220109462738037,0.1052406132221221,/shared/ssd_30T/zhuoyingyang/physact/sam3_robowm/identity_v1/sam_masked_expansion6/crops/Cosmos3_seed101_0020/frame_0090_rank_02.png
Cosmos3_seed101_0020,90,1,T00,False,0.837846040725708,0.005834276181122226,0.12307403850099954,0.8875342607498169,0.7514563798904419,/shared/ssd_30T/zhuoyingyang/physact/sam3_robowm/identity_v1/sam_masked_expansion6/crops/Cosmos3_seed101_0020/frame_0090_rank_01.png
Cosmos3_seed101_0020,93,2,T05,False,0.9916874170303345,0.0028779288655833364,0.0069539194436449795,0.6295868158340454,0.1516758501529693,/shared/ssd_30T/zhuoyingyang/physact/sam3_robowm/identity_v1/sam_masked_expansion6/crops/Cosmos3_seed101_0020/frame_0093_rank_02.png
Cosmos3_seed101_0020,93,1,T00,False,0.8708308935165405,0.004006780829988439,0.09787852507009172,0.9061012268066406,0.6986969113349915,/shared/ssd_30T/zhuoyingyang/physact/sam3_robowm/identity_v1/sam_masked_expansion6/crops/Cosmos3_seed101_0020/frame_0093_rank_01.png
Cosmos3_seed101_0020,96,2,T05,False,0.9905352592468262,0.003791157691021756,0.00804634498763581,0.6255688667297363,0.1919862329959869,/shared/ssd_30T/zhuoyingyang/physact/sam3_robowm/identity_v1/sam_masked_expansion6/crops/Cosmos3_seed101_0020/frame_0096_rank_02.png
Cosmos3_seed101_0020,96,1,T00,False,0.8128658533096313,0.007191555648490562,0.14214849892989914,0.8763179779052734,0.6430429220199585,/shared/ssd_30T/zhuoyingyang/physact/sam3_robowm/identity_v1/sam_masked_expansion6/crops/Cosmos3_seed101_0020/frame_0096_rank_01.png
Cosmos3_seed101_0020,96,3,T06,True,,,,0.5748634338378906,0.1071779355406761,/shared/ssd_30T/zhuoyingyang/physact/sam3_robowm/identity_v1/sam_masked_expansion6/crops/Cosmos3_seed101_0020/frame_0096_rank_03.png
Cosmos3_seed101_0020,99,3,T05,False,0.979793131351471,0.003884540973531348,0.016126286729779626,0.6284558176994324,0.2074939608573913,/shared/ssd_30T/zhuoyingyang/physact/sam3_robowm/identity_v1/sam_masked_expansion6/crops/Cosmos3_seed101_0020/frame_0099_rank_03.png
Cosmos3_seed101_0020,99,1,T00,False,0.8768200278282166,0.005508109067630794,0.09376200639574528,0.888922929763794,0.5900546908378601,/shared/ssd_30T/zhuoyingyang/physact/sam3_robowm/identity_v1/sam_masked_expansion6/crops/Cosmos3_seed101_0020/frame_0099_rank_01.png
Cosmos3_seed101_0020,99,2,T06,False,0.4065607786178589,0.08463062501066093,0.4662370722892711,0.6995514631271362,0.1106502711772918,/shared/ssd_30T/zhuoyingyang/physact/sam3_robowm/identity_v1/sam_masked_expansion6/crops/Cosmos3_seed101_0020/frame_0099_rank_02.png
Cosmos3_seed101_0020,102,1,T00,False,0.8964799046516418,0.00909258680362747,0.07991321821217548,0.8956257104873657,0.5600612759590149,/shared/ssd_30T/zhuoyingyang/physact/sam3_robowm/identity_v1/sam_masked_expansion6/crops/Cosmos3_seed101_0020/frame_0102_rank_01.png
Cosmos3_seed101_0020,102,3,T06,False,0.4818952679634094,0.03555066011892942,0.3974662140571753,0.8141868114471436,0.1270118802785873,/shared/ssd_30T/zhuoyingyang/physact/sam3_robowm/identity_v1/sam_masked_expansion6/crops/Cosmos3_seed101_0020/frame_0102_rank_03.png
Cosmos3_seed101_0020,102,2,T07,True,,,,0.8158514499664307,0.1061053648591041,/shared/ssd_30T/zhuoyingyang/physact/sam3_robowm/identity_v1/sam_masked_expansion6/crops/Cosmos3_seed101_0020/frame_0102_rank_02.png
Cosmos3_seed101_0020,105,1,T00,False,0.9341650009155273,0.0032892805853677832,0.05019856945969644,0.8797457814216614,0.4373064339160919,/shared/ssd_30T/zhuoyingyang/physact/sam3_robowm/identity_v1/sam_masked_expansion6/crops/Cosmos3_seed101_0020/frame_0105_rank_01.png
Cosmos3_seed101_0020,105,2,T07,False,0.8821060657501221,0.003762200139358391,0.08936100072224805,0.7926019430160522,0.2254341542720794,/shared/ssd_30T/zhuoyingyang/physact/sam3_robowm/identity_v1/sam_masked_expansion6/crops/Cosmos3_seed101_0020/frame_0105_rank_02.png
Cosmos3_seed101_0020,105,3,T06,False,0.695382833480835,0.018616853017898807,0.2331170881438485,0.7891687750816345,0.1005788668990135,/shared/ssd_30T/zhuoyingyang/physact/sam3_robowm/identity_v1/sam_masked_expansion6/crops/Cosmos3_seed101_0020/frame_0105_rank_03.png
Cosmos3_seed101_0020,108,1,T00,False,0.9486343860626221,0.0038669760459655337,0.03949095446452483,0.8756919503211975,0.5275864601135254,/shared/ssd_30T/zhuoyingyang/physact/sam3_robowm/identity_v1/sam_masked_expansion6/crops/Cosmos3_seed101_0020/frame_0108_rank_01.png
Cosmos3_seed101_0020,108,3,T07,False,0.9076669216156006,0.0030877414026106156,0.07002174413895221,0.7779936790466309,0.1086196899414062,/shared/ssd_30T/zhuoyingyang/physact/sam3_robowm/identity_v1/sam_masked_expansion6/crops/Cosmos3_seed101_0020/frame_0108_rank_03.png
Cosmos3_seed101_0020,108,2,T06,False,0.6896842122077942,0.012431162047446528,0.235844631356016,0.8095439076423645,0.1107373088598251,/shared/ssd_30T/zhuoyingyang/physact/sam3_robowm/identity_v1/sam_masked_expansion6/crops/Cosmos3_seed101_0020/frame_0108_rank_02.png
Cosmos3_seed101_0020,111,1,T00,False,0.864247739315033,0.004486716224765067,0.10293587456991654,0.852875828742981,0.4346906542778015,/shared/ssd_30T/zhuoyingyang/physact/sam3_robowm/identity_v1/sam_masked_expansion6/crops/Cosmos3_seed101_0020/frame_0111_rank_01.png
Cosmos3_seed101_0020,111,2,T06,False,0.6454705595970154,0.00895717536196275,0.2681363741427292,0.8240947127342224,0.1014723926782608,/shared/ssd_30T/zhuoyingyang/physact/sam3_robowm/identity_v1/sam_masked_expansion6/crops/Cosmos3_seed101_0020/frame_0111_rank_02.png
Cosmos3_seed101_0020,111,3,T08,True,,,,0.6303796768188477,0.1936117708683014,/shared/ssd_30T/zhuoyingyang/physact/sam3_robowm/identity_v1/sam_masked_expansion6/crops/Cosmos3_seed101_0020/frame_0111_rank_03.png
Cosmos3_seed101_0020,114,3,T08,False,0.9451923966407776,0.0051365023066864395,0.04238982809608842,0.6193341016769409,0.1203014031052589,/shared/ssd_30T/zhuoyingyang/physact/sam3_robowm/identity_v1/sam_masked_expansion6/crops/Cosmos3_seed101_0020/frame_0114_rank_03.png
Cosmos3_seed101_0020,114,1,T00,False,0.8953478336334229,0.0041597123923868525,0.07952905287302957,0.8596860766410828,0.6574190855026245,/shared/ssd_30T/zhuoyingyang/physact/sam3_robowm/identity_v1/sam_masked_expansion6/crops/Cosmos3_seed101_0020/frame_0114_rank_01.png
Cosmos3_seed101_0020,114,2,T09,True,,,,0.6279540061950684,0.1871153563261032,/shared/ssd_30T/zhuoyingyang/physact/sam3_robowm/identity_v1/sam_masked_expansion6/crops/Cosmos3_seed101_0020/frame_0114_rank_02.png
Cosmos3_seed101_0020,117,1,T00,False,0.9355123043060303,0.0019953573292441763,0.048864611102788336,0.8465359210968018,0.6011683344841003,/shared/ssd_30T/zhuoyingyang/physact/sam3_robowm/identity_v1/sam_masked_expansion6/crops/Cosmos3_seed101_0020/frame_0117_rank_01.png
Cosmos3_seed101_0020,117,2,T06,False,0.7608336210250854,0.006545045660309051,0.18101104564626316,0.8309909701347351,0.1111089438199997,/shared/ssd_30T/zhuoyingyang/physact/sam3_robowm/identity_v1/sam_masked_expansion6/crops/Cosmos3_seed101_0020/frame_0117_rank_02.png
Cosmos3_seed101_0020,117,3,T08,False,0.3545911908149719,0.0848764833453808,0.5052757277251163,0.7266496419906616,0.1217303946614265,/shared/ssd_30T/zhuoyingyang/physact/sam3_robowm/identity_v1/sam_masked_expansion6/crops/Cosmos3_seed101_0020/frame_0117_rank_03.png
Cosmos3_seed101_0020,120,1,T00,False,0.9375667572021484,0.000740467074126363,0.04701004886692026,0.8692656755447388,0.5823046565055847,/shared/ssd_30T/zhuoyingyang/physact/sam3_robowm/identity_v1/sam_masked_expansion6/crops/Cosmos3_seed101_0020/frame_0120_rank_01.png
Cosmos3_seed101_0020,120,3,T08,False,0.32391634583473206,0.052683052398669106,0.5202335037236182,0.6291819214820862,0.1056781485676765,/shared/ssd_30T/zhuoyingyang/physact/sam3_robowm/identity_v1/sam_masked_expansion6/crops/Cosmos3_seed101_0020/frame_0120_rank_03.png
Cosmos3_seed101_0020,120,2,T10,True,,,,0.6502785682678223,0.1054091453552246,/shared/ssd_30T/zhuoyingyang/physact/sam3_robowm/identity_v1/sam_masked_expansion6/crops/Cosmos3_seed101_0020/frame_0120_rank_02.png
Cosmos3_seed101_0020,123,1,T00,False,0.782226026058197,0.002596273605901451,0.1639795488578276,0.8974741697311401,0.7396268248558044,/shared/ssd_30T/zhuoyingyang/physact/sam3_robowm/identity_v1/sam_masked_expansion6/crops/Cosmos3_seed101_0020/frame_0123_rank_01.png
Cosmos3_seed101_0020,123,2,T11,True,,,,0.6172463893890381,0.1156341210007667,/shared/ssd_30T/zhuoyingyang/physact/sam3_robowm/identity_v1/sam_masked_expansion6/crops/Cosmos3_seed101_0020/frame_0123_rank_02.png
Cosmos3_seed101_0020,126,1,T00,False,0.7390778064727783,0.0028878795538732826,0.19641361503388458,0.78086256980896,0.6520406007766724,/shared/ssd_30T/zhuoyingyang/physact/sam3_robowm/identity_v1/sam_masked_expansion6/crops/Cosmos3_seed101_0020/frame_0126_rank_01.png
Cosmos3_seed101_0020,126,3,T10,False,0.46019041538238525,0.27638017731125386,0.4739522327910245,0.7386959791183472,0.1903165429830551,/shared/ssd_30T/zhuoyingyang/physact/sam3_robowm/identity_v1/sam_masked_expansion6/crops/Cosmos3_seed101_0020/frame_0126_rank_03.png
Cosmos3_seed101_0020,126,2,T08,False,0.2926938533782959,0.10535045747231231,0.5568172243343561,0.7536066770553589,0.1735933423042297,/shared/ssd_30T/zhuoyingyang/physact/sam3_robowm/identity_v1/sam_masked_expansion6/crops/Cosmos3_seed101_0020/frame_0126_rank_02.png
Cosmos3_seed101_0020,129,2,T10,False,0.9045059680938721,0.0005024651547396625,0.07174614021828087,0.763231098651886,0.1792137622833252,/shared/ssd_30T/zhuoyingyang/physact/sam3_robowm/identity_v1/sam_masked_expansion6/crops/Cosmos3_seed101_0020/frame_0129_rank_02.png
Cosmos3_seed101_0020,129,1,T00,False,0.8462056517601013,0.001593236466251036,0.11574407029648677,0.792253851890564,0.374165415763855,/shared/ssd_30T/zhuoyingyang/physact/sam3_robowm/identity_v1/sam_masked_expansion6/crops/Cosmos3_seed101_0020/frame_0129_rank_01.png
Cosmos3_seed101_0020,129,3,T08,False,0.830420970916748,0.003317172838363112,0.12801356502202973,0.6850258111953735,0.1669801026582718,/shared/ssd_30T/zhuoyingyang/physact/sam3_robowm/identity_v1/sam_masked_expansion6/crops/Cosmos3_seed101_0020/frame_0129_rank_03.png
Cosmos3_seed101_0020,132,3,T08,False,0.842063307762146,0.008977746243526942,0.12069695573927224,0.7367955446243286,0.3687757551670074,/shared/ssd_30T/zhuoyingyang/physact/sam3_robowm/identity_v1/sam_masked_expansion6/crops/Cosmos3_seed101_0020/frame_0132_rank_03.png
Cosmos3_seed101_0020,132,1,T00,False,0.8386918902397156,0.0041188443405590315,0.12201079340535308,0.841513991355896,0.4865565598011017,/shared/ssd_30T/zhuoyingyang/physact/sam3_robowm/identity_v1/sam_masked_expansion6/crops/Cosmos3_seed101_0020/frame_0132_rank_01.png
Cosmos3_seed101_0020,132,2,T10,False,0.8243222236633301,0.0034893275058030075,0.1326306641289532,0.8381047248840332,0.3580467402935028,/shared/ssd_30T/zhuoyingyang/physact/sam3_robowm/identity_v1/sam_masked_expansion6/crops/Cosmos3_seed101_0020/frame_0132_rank_02.png
Cosmos3_seed101_0020,135,2,T00,False,0.8561594486236572,0.014536898734810488,0.11151463821595971,0.8493499755859375,0.4543643295764923,/shared/ssd_30T/zhuoyingyang/physact/sam3_robowm/identity_v1/sam_masked_expansion6/crops/Cosmos3_seed101_0020/frame_0135_rank_02.png
Cosmos3_seed101_0020,135,1,T10,False,0.7587970495223999,0.006201130495677049,0.18245249548211934,0.908892035484314,0.4076553881168365,/shared/ssd_30T/zhuoyingyang/physact/sam3_robowm/identity_v1/sam_masked_expansion6/crops/Cosmos3_seed101_0020/frame_0135_rank_01.png
Cosmos3_seed101_0020,135,3,T08,False,0.7568708658218384,0.02232903152418912,0.18792910851466849,0.8422006368637085,0.3950715661048889,/shared/ssd_30T/zhuoyingyang/physact/sam3_robowm/identity_v1/sam_masked_expansion6/crops/Cosmos3_seed101_0020/frame_0135_rank_03.png
Cosmos3_seed101_0020,138,3,T08,False,0.9069737195968628,0.017544978784904977,0.07415595499857915,0.88141268491745,0.5719854831695557,/shared/ssd_30T/zhuoyingyang/physact/sam3_robowm/identity_v1/sam_masked_expansion6/crops/Cosmos3_seed101_0020/frame_0138_rank_03.png
Cosmos3_seed101_0020,138,2,T00,False,0.888088583946228,0.010897264437847227,0.08665787814979078,0.8845466375350952,0.2472881078720092,/shared/ssd_30T/zhuoyingyang/physact/sam3_robowm/identity_v1/sam_masked_expansion6/crops/Cosmos3_seed101_0020/frame_0138_rank_02.png
Cosmos3_seed101_0020,138,1,T10,False,0.8604650497436523,0.0052559975823325234,0.10596521208784387,0.9135206937789916,0.6113098859786987,/shared/ssd_30T/zhuoyingyang/physact/sam3_robowm/identity_v1/sam_masked_expansion6/crops/Cosmos3_seed101_0020/frame_0138_rank_01.png
Cosmos3_seed101_0020,141,1,T10,False,0.9745808839797974,0.00030417158571246334,0.01914037991158009,0.9225553870201112,0.7018239498138428,/shared/ssd_30T/zhuoyingyang/physact/sam3_robowm/identity_v1/sam_masked_expansion6/crops/Cosmos3_seed101_0020/frame_0141_rank_01.png
Cosmos3_seed101_0020,141,2,T00,False,0.8468892574310303,0.044220171722429015,0.12588809985733454,0.8763754367828369,0.6769419312477112,/shared/ssd_30T/zhuoyingyang/physact/sam3_robowm/identity_v1/sam_masked_expansion6/crops/Cosmos3_seed101_0020/frame_0141_rank_02.png
Cosmos3_seed101_0020,144,1,T10,False,0.9929275512695312,0.00022023704539113594,0.005359395809199347,0.9043131470680236,0.6869329214096069,/shared/ssd_30T/zhuoyingyang/physact/sam3_robowm/identity_v1/sam_masked_expansion6/crops/Cosmos3_seed101_0020/frame_0144_rank_01.png
Cosmos3_seed101_0020,144,2,T00,False,0.894788384437561,0.017041685069044164,0.08316913293909027,0.9020869135856628,0.7028675079345703,/shared/ssd_30T/zhuoyingyang/physact/sam3_robowm/identity_v1/sam_masked_expansion6/crops/Cosmos3_seed101_0020/frame_0144_rank_02.png
Cosmos3_seed101_0020,147,1,T10,False,0.9834797382354736,0.0002531884118262728,0.012453493426351344,0.916271448135376,0.6751928329467773,/shared/ssd_30T/zhuoyingyang/physact/sam3_robowm/identity_v1/sam_masked_expansion6/crops/Cosmos3_seed101_0020/frame_0147_rank_01.png
Cosmos3_seed101_0020,147,2,T00,False,0.9156723022460938,0.012968405055818739,0.06648787457938438,0.9034202694892884,0.7056401968002319,/shared/ssd_30T/zhuoyingyang/physact/sam3_robowm/identity_v1/sam_masked_expansion6/crops/Cosmos3_seed101_0020/frame_0147_rank_02.png
Cosmos3_seed101_0020,150,1,T10,False,0.9867666363716125,0.0002003003793723581,0.009975097816133678,0.922352969646454,0.6819177269935608,/shared/ssd_30T/zhuoyingyang/physact/sam3_robowm/identity_v1/sam_masked_expansion6/crops/Cosmos3_seed101_0020/frame_0150_rank_01.png
Cosmos3_seed101_0020,150,2,T00,False,0.7778550386428833,0.013200204435242674,0.1699087721266482,0.8875661492347717,0.7177008986473083,/shared/ssd_30T/zhuoyingyang/physact/sam3_robowm/identity_v1/sam_masked_expansion6/crops/Cosmos3_seed101_0020/frame_0150_rank_02.png
Cosmos3_seed101_0020,153,1,T10,False,0.98606276512146,0.0002212445497394801,0.010508237296339899,0.9233531951904296,0.6695250868797302,/shared/ssd_30T/zhuoyingyang/physact/sam3_robowm/identity_v1/sam_masked_expansion6/crops/Cosmos3_seed101_0020/frame_0153_rank_01.png
Cosmos3_seed101_0020,153,2,T00,False,0.9380141496658325,0.009580575414759877,0.04888453160431558,0.9106000065803528,0.6811231374740601,/shared/ssd_30T/zhuoyingyang/physact/sam3_robowm/identity_v1/sam_masked_expansion6/crops/Cosmos3_seed101_0020/frame_0153_rank_02.png
Cosmos3_seed101_0020,156,1,T10,False,0.9661511182785034,9.256351838197591e-05,0.02540980217071793,0.9177496433258056,0.6559144258499146,/shared/ssd_30T/zhuoyingyang/physact/sam3_robowm/identity_v1/sam_masked_expansion6/crops/Cosmos3_seed101_0020/frame_0156_rank_01.png
Cosmos3_seed101_0020,156,2,T00,False,0.908115029335022,0.011521698944029409,0.07179415273474088,0.8940035104751587,0.6781014204025269,/shared/ssd_30T/zhuoyingyang/physact/sam3_robowm/identity_v1/sam_masked_expansion6/crops/Cosmos3_seed101_0020/frame_0156_rank_02.png
Cosmos3_seed101_0020,156,3,T12,True,,,,0.8550606966018677,0.1405311822891235,/shared/ssd_30T/zhuoyingyang/physact/sam3_robowm/identity_v1/sam_masked_expansion6/crops/Cosmos3_seed101_0020/frame_0156_rank_03.png
Cosmos3_seed101_0020,159,1,T10,False,0.970626950263977,0.00010998261066742917,0.02205728295468407,0.9239861965179444,0.6486518383026123,/shared/ssd_30T/zhuoyingyang/physact/sam3_robowm/identity_v1/sam_masked_expansion6/crops/Cosmos3_seed101_0020/frame_0159_rank_01.png
Cosmos3_seed101_0020,159,2,T00,False,0.9419118165969849,0.009473996195503457,0.04593463660113722,0.8984569311141968,0.6538090109825134,/shared/ssd_30T/zhuoyingyang/physact/sam3_robowm/identity_v1/sam_masked_expansion6/crops/Cosmos3_seed101_0020/frame_0159_rank_02.png
Cosmos3_seed101_0020,159,3,T12,False,0.9337813258171082,0.0048230707235074315,0.05086977331804574,0.8589173555374146,0.1650804728269577,/shared/ssd_30T/zhuoyingyang/physact/sam3_robowm/identity_v1/sam_masked_expansion6/crops/Cosmos3_seed101_0020/frame_0159_rank_03.png
Cosmos3_seed101_0020,162,1,T10,False,0.978184700012207,0.00016108950051921107,0.01640174736597453,0.9177637696266174,0.6674121022224426,/shared/ssd_30T/zhuoyingyang/physact/sam3_robowm/identity_v1/sam_masked_expansion6/crops/Cosmos3_seed101_0020/frame_0162_rank_01.png
Cosmos3_seed101_0020,162,2,T00,False,0.9584965705871582,0.008411682052110866,0.033230492572659066,0.9090591073036194,0.6990194320678711,/shared/ssd_30T/zhuoyingyang/physact/sam3_robowm/identity_v1/sam_masked_expansion6/crops/Cosmos3_seed101_0020/frame_0162_rank_02.png
Cosmos3_seed101_0020,162,3,T12,False,0.8967304825782776,0.0038404682591453064,0.07841225513107813,0.8534521460533142,0.1263731867074966,/shared/ssd_30T/zhuoyingyang/physact/sam3_robowm/identity_v1/sam_masked_expansion6/crops/Cosmos3_seed101_0020/frame_0162_rank_03.png
Cosmos3_seed101_0020,165,2,T10,False,0.9675775766372681,0.0008532644589165318,0.024530133636778084,0.9142966270446776,0.6524186134338379,/shared/ssd_30T/zhuoyingyang/physact/sam3_robowm/identity_v1/sam_masked_expansion6/crops/Cosmos3_seed101_0020/frame_0165_rank_02.png
Cosmos3_seed101_0020,165,3,T12,False,0.9607424139976501,0.0016084383204532512,0.029845299081875703,0.8393378257751465,0.1707768887281417,/shared/ssd_30T/zhuoyingyang/physact/sam3_robowm/identity_v1/sam_masked_expansion6/crops/Cosmos3_seed101_0020/frame_0165_rank_03.png
Cosmos3_seed101_0020,165,1,T00,False,0.9324058294296265,0.003883586393194857,0.051666524526078866,0.9230507612228394,0.6546856760978699,/shared/ssd_30T/zhuoyingyang/physact/sam3_robowm/identity_v1/sam_masked_expansion6/crops/Cosmos3_seed101_0020/frame_0165_rank_01.png
Cosmos3_seed101_0020,168,1,T10,False,0.983863115310669,0.00044996380443523414,0.012215154468107099,0.9188732504844666,0.5826320052146912,/shared/ssd_30T/zhuoyingyang/physact/sam3_robowm/identity_v1/sam_masked_expansion6/crops/Cosmos3_seed101_0020/frame_0168_rank_01.png
Cosmos3_seed101_0020,168,3,T12,False,0.9706230759620667,0.001991287375326518,0.02253051487228164,0.8459219932556152,0.2604337036609649,/shared/ssd_30T/zhuoyingyang/physact/sam3_robowm/identity_v1/sam_masked_expansion6/crops/Cosmos3_seed101_0020/frame_0168_rank_03.png
Cosmos3_seed101_0020,168,2,T00,False,0.9511649012565613,0.0027432411516635264,0.03731213434549492,0.9141172170639038,0.572360098361969,/shared/ssd_30T/zhuoyingyang/physact/sam3_robowm/identity_v1/sam_masked_expansion6/crops/Cosmos3_seed101_0020/frame_0168_rank_02.png
Cosmos3_seed101_0020,171,1,T10,False,0.9616546034812927,0.00041493074667191,0.028862780075698435,0.9201611876487732,0.6284170746803284,/shared/ssd_30T/zhuoyingyang/physact/sam3_robowm/identity_v1/sam_masked_expansion6/crops/Cosmos3_seed101_0020/frame_0171_rank_01.png
Cosmos3_seed101_0020,171,3,T12,False,0.9337732791900635,0.0021356897299496655,0.050203963039939806,0.8468652963638306,0.2117262035608291,/shared/ssd_30T/zhuoyingyang/physact/sam3_robowm/identity_v1/sam_masked_expansion6/crops/Cosmos3_seed101_0020/frame_0171_rank_03.png
Cosmos3_seed101_0020,171,2,T00,False,0.789364218711853,0.006670256079860889,0.15964439998607546,0.9196059107780457,0.6075112819671631,/shared/ssd_30T/zhuoyingyang/physact/sam3_robowm/identity_v1/sam_masked_expansion6/crops/Cosmos3_seed101_0020/frame_0171_rank_02.png
Cosmos3_seed101_0020,174,2,T10,False,0.9787444472312927,0.00043383480596402227,0.016050123278021463,0.9205889701843262,0.6603609323501587,/shared/ssd_30T/zhuoyingyang/physact/sam3_robowm/identity_v1/sam_masked_expansion6/crops/Cosmos3_seed101_0020/frame_0174_rank_02.png
Cosmos3_seed101_0020,174,3,T12,False,0.8838738203048706,0.0029239776262033525,0.08782562917789788,0.8654785752296448,0.102765217423439,/shared/ssd_30T/zhuoyingyang/physact/sam3_robowm/identity_v1/sam_masked_expansion6/crops/Cosmos3_seed101_0020/frame_0174_rank_03.png
Cosmos3_seed101_0020,174,1,T00,False,0.7289608120918274,0.004765977728143965,0.20447088536316543,0.927239179611206,0.6976128816604614,/shared/ssd_30T/zhuoyingyang/physact/sam3_robowm/identity_v1/sam_masked_expansion6/crops/Cosmos3_seed101_0020/frame_0174_rank_01.png
Cosmos3_seed101_0020,177,2,T10,False,0.9827682971954346,0.0002284640911508765,0.012980893126211791,0.9173230528831482,0.6711118817329407,/shared/ssd_30T/zhuoyingyang/physact/sam3_robowm/identity_v1/sam_masked_expansion6/crops/Cosmos3_seed101_0020/frame_0177_rank_02.png
Cosmos3_seed101_0020,177,1,T00,False,0.9732344150543213,0.0008176541479165617,0.020278602246238172,0.930805802345276,0.7040438652038574,/shared/ssd_30T/zhuoyingyang/physact/sam3_robowm/identity_v1/sam_masked_expansion6/crops/Cosmos3_seed101_0020/frame_0177_rank_01.png
Cosmos3_seed101_0020,180,2,T10,False,0.9872575402259827,0.00012362942630894823,0.009587752187090237,0.9098246097564696,0.6692136526107788,/shared/ssd_30T/zhuoyingyang/physact/sam3_robowm/identity_v1/sam_masked_expansion6/crops/Cosmos3_seed101_0020/frame_0180_rank_02.png
Cosmos3_seed101_0020,180,3,T12,False,0.9564653038978577,0.00313385899691476,0.03343448682583544,0.8888688087463379,0.1055913120508194,/shared/ssd_30T/zhuoyingyang/physact/sam3_robowm/identity_v1/sam_masked_expansion6/crops/Cosmos3_seed101_0020/frame_0180_rank_03.png
Cosmos3_seed101_0020,180,1,T00,False,0.8819406628608704,0.004276541336834547,0.08961363818855586,0.938278317451477,0.697222113609314,/shared/ssd_30T/zhuoyingyang/physact/sam3_robowm/identity_v1/sam_masked_expansion6/crops/Cosmos3_seed101_0020/frame_0180_rank_01.png
Cosmos3_seed101_0020,183,2,T10,False,0.9821325540542603,5.979305344364284e-05,0.01341553272266572,0.9142659902572632,0.6530093550682068,/shared/ssd_30T/zhuoyingyang/physact/sam3_robowm/identity_v1/sam_masked_expansion6/crops/Cosmos3_seed101_0020/frame_0183_rank_02.png
Cosmos3_seed101_0020,183,3,T12,False,0.9790899753570557,0.0005353545870934437,0.015816357128981613,0.8660758137702942,0.1064413264393806,/shared/ssd_30T/zhuoyingyang/physact/sam3_robowm/identity_v1/sam_masked_expansion6/crops/Cosmos3_seed101_0020/frame_0183_rank_03.png
Cosmos3_seed101_0020,183,1,T00,False,0.9634559750556946,0.0009939182999394109,0.02765649828321392,0.9372904896736144,0.6879554986953735,/shared/ssd_30T/zhuoyingyang/physact/sam3_robowm/identity_v1/sam_masked_expansion6/crops/Cosmos3_seed101_0020/frame_0183_rank_01.png
Cosmos3_seed101_0020,186,2,T10,False,0.9800905585289001,0.00022867647715856603,0.014989250222614532,0.9171329736709596,0.67230623960495,/shared/ssd_30T/zhuoyingyang/physact/sam3_robowm/identity_v1/sam_masked_expansion6/crops/Cosmos3_seed101_0020/frame_0186_rank_02.png
Cosmos3_seed101_0020,186,3,T12,False,0.9584697484970093,0.001953574308916956,0.03163608220447228,0.8939849734306335,0.1001835465431213,/shared/ssd_30T/zhuoyingyang/physact/sam3_robowm/identity_v1/sam_masked_expansion6/crops/Cosmos3_seed101_0020/frame_0186_rank_03.png
Cosmos3_seed101_0020,186,1,T00,False,0.9233403205871582,0.0038084719600774445,0.05844687754965071,0.9359915256500244,0.690144419670105,/shared/ssd_30T/zhuoyingyang/physact/sam3_robowm/identity_v1/sam_masked_expansion6/crops/Cosmos3_seed101_0020/frame_0186_rank_01.png
Cosmos3_seed101_0020,188,3,T12,False,0.9833447337150574,0.00033386960680393705,0.012574917115407954,0.8878302574157715,0.1071212515234947,/shared/ssd_30T/zhuoyingyang/physact/sam3_robowm/identity_v1/sam_masked_expansion6/crops/Cosmos3_seed101_0020/frame_0188_rank_03.png
Cosmos3_seed101_0020,188,2,T10,False,0.981330931186676,0.00011093210762011304,0.01402953463689801,0.9124770164489746,0.6646649241447449,/shared/ssd_30T/zhuoyingyang/physact/sam3_robowm/identity_v1/sam_masked_expansion6/crops/Cosmos3_seed101_0020/frame_0188_rank_02.png
Cosmos3_seed101_0020,188,1,T00,False,0.9552658796310425,0.0005054470818860346,0.03367695204718965,0.9152684211730956,0.6928290724754333,/shared/ssd_30T/zhuoyingyang/physact/sam3_robowm/identity_v1/sam_masked_expansion6/crops/Cosmos3_seed101_0020/frame_0188_rank_01.png
Cosmos3_seed101_0036,0,1,T00,True,,,,0.98137229681015,0.7169114947319031,/shared/ssd_30T/zhuoyingyang/physact/sam3_robowm/identity_v1/sam_masked_expansion6/crops/Cosmos3_seed101_0036/frame_0000_rank_01.png
Cosmos3_seed101_0036,0,2,T01,True,,,,0.622111976146698,0.1322802603244781,/shared/ssd_30T/zhuoyingyang/physact/sam3_robowm/identity_v1/sam_masked_expansion6/crops/Cosmos3_seed101_0036/frame_0000_rank_02.png
Cosmos3_seed101_0036,0,3,T02,True,,,,0.6084364652633667,0.104328766465187,/shared/ssd_30T/zhuoyingyang/physact/sam3_robowm/identity_v1/sam_masked_expansion6/crops/Cosmos3_seed101_0036/frame_0000_rank_03.png
Cosmos3_seed101_0036,3,1,T00,False,0.9389457702636719,7.312004713048114e-05,0.04580895231402871,0.9767861366271972,0.7324685454368591,/shared/ssd_30T/zhuoyingyang/physact/sam3_robowm/identity_v1/sam_masked_expansion6/crops/Cosmos3_seed101_0036/frame_0003_rank_01.png
Cosmos3_seed101_0036,3,2,T01,False,0.5011650323867798,0.04135973732729142,0.384466160041738,0.6091479659080505,0.13157719373703,/shared/ssd_30T/zhuoyingyang/physact/sam3_robowm/identity_v1/sam_masked_expansion6/crops/Cosmos3_seed101_0036/frame_0003_rank_02.png
Cosmos3_seed101_0036,3,3,T03,True,,,,0.6048508882522583,0.1321384012699127,/shared/ssd_30T/zhuoyingyang/physact/sam3_robowm/identity_v1/sam_masked_expansion6/crops/Cosmos3_seed101_0036/frame_0003_rank_03.png
Cosmos3_seed101_0036,6,1,T00,False,0.9616878628730774,0.00013858527923290843,0.028768749165000183,0.9788550138473512,0.7168439030647278,/shared/ssd_30T/zhuoyingyang/physact/sam3_robowm/identity_v1/sam_masked_expansion6/crops/Cosmos3_seed101_0036/frame_0006_rank_01.png
Cosmos3_seed101_0036,6,3,T01,False,0.9164962768554688,0.000455551914478181,0.06274168033701798,0.6091910600662231,0.1351322382688522,/shared/ssd_30T/zhuoyingyang/physact/sam3_robowm/identity_v1/sam_masked_expansion6/crops/Cosmos3_seed101_0036/frame_0006_rank_03.png
Cosmos3_seed101_0036,6,2,T02,False,0.8255676031112671,7.850341146116132e-05,0.13084392351941498,0.6165701150894165,0.1215632855892181,/shared/ssd_30T/zhuoyingyang/physact/sam3_robowm/identity_v1/sam_masked_expansion6/crops/Cosmos3_seed101_0036/frame_0006_rank_02.png
Cosmos3_seed101_0036,9,3,T03,False,0.9919390082359314,0.00014891424839131844,0.006082972385149282,0.6075612306594849,0.1363340467214584,/shared/ssd_30T/zhuoyingyang/physact/sam3_robowm/identity_v1/sam_masked_expansion6/crops/Cosmos3_seed101_0036/frame_0009_rank_03.png
Cosmos3_seed101_0036,9,1,T00,False,0.9776002168655396,5.3676246118559736e-05,0.016813256412374977,0.9715131521224976,0.7151896357536316,/shared/ssd_30T/zhuoyingyang/physact/sam3_robowm/identity_v1/sam_masked_expansion6/crops/Cosmos3_seed101_0036/frame_0009_rank_01.png
Cosmos3_seed101_0036,9,2,T02,False,0.9115452170372009,7.859955438185032e-05,0.06636073711069476,0.6128575801849365,0.1130496561527252,/shared/ssd_30T/zhuoyingyang/physact/sam3_robowm/identity_v1/sam_masked_expansion6/crops/Cosmos3_seed101_0036/frame_0009_rank_02.png
Cosmos3_seed101_0036,12,1,T00,False,0.9917540550231934,3.755385807559219e-05,0.006193847197123879,0.975350856781006,0.7317349910736084,/shared/ssd_30T/zhuoyingyang/physact/sam3_robowm/identity_v1/sam_masked_expansion6/crops/Cosmos3_seed101_0036/frame_0012_rank_01.png
Cosmos3_seed101_0036,12,3,T02,False,0.9367039799690247,0.00016671867334512757,0.04751369469156779,0.6255401968955994,0.1073905006051063,/shared/ssd_30T/zhuoyingyang/physact/sam3_robowm/identity_v1/sam_masked_expansion6/crops/Cosmos3_seed101_0036/frame_0012_rank_03.png
Cosmos3_seed101_0036,12,2,T04,True,,,,0.6482915878295898,0.1014652773737907,/shared/ssd_30T/zhuoyingyang/physact/sam3_robowm/identity_v1/sam_masked_expansion6/crops/Cosmos3_seed101_0036/frame_0012_rank_02.png
Cosmos3_seed101_0036,15,1,T00,False,0.9799440503120422,0.00014706947724656087,0.015078729635279963,0.9819957613945008,0.7369996309280396,/shared/ssd_30T/zhuoyingyang/physact/sam3_robowm/identity_v1/sam_masked_expansion6/crops/Cosmos3_seed101_0036/frame_0015_rank_01.png
Cosmos3_seed101_0036,15,2,T03,False,0.9679661393165588,0.0012529611261826903,0.024338635794126543,0.6079434752464294,0.1223503500223159,/shared/ssd_30T/zhuoyingyang/physact/sam3_robowm/identity_v1/sam_masked_expansion6/crops/Cosmos3_seed101_0036/frame_0015_rank_02.png
Cosmos3_seed101_0036,15,3,T02,False,0.2579039931297302,0.15491384782141804,0.5953004671080568,0.6031980514526367,0.1112279817461967,/shared/ssd_30T/zhuoyingyang/physact/sam3_robowm/identity_v1/sam_masked_expansion6/crops/Cosmos3_seed101_0036/frame_0015_rank_03.png
Cosmos3_seed101_0036,18,1,T00,False,0.9774108529090881,0.0001757365556332141,0.016985794457092203,0.9781392812728882,0.7414825558662415,/shared/ssd_30T/zhuoyingyang/physact/sam3_robowm/identity_v1/sam_masked_expansion6/crops/Cosmos3_seed101_0036/frame_0018_rank_01.png
Cosmos3_seed101_0036,18,2,T03,False,0.9675639867782593,0.0008644119441861741,0.024543112902352084,0.6126646995544434,0.1343138813972473,/shared/ssd_30T/zhuoyingyang/physact/sam3_robowm/identity_v1/sam_masked_expansion6/crops/Cosmos3_seed101_0036/frame_0018_rank_02.png
Cosmos3_seed101_0036,18,3,T05,True,,,,0.5669352412223816,0.152625173330307,/shared/ssd_30T/zhuoyingyang/physact/sam3_robowm/identity_v1/sam_masked_expansion6/crops/Cosmos3_seed101_0036/frame_0018_rank_03.png
Cosmos3_seed101_0036,21,1,T00,False,0.9769610166549683,0.00010413018495945683,0.01730527005501367,0.971464991569519,0.7264426946640015,/shared/ssd_30T/zhuoyingyang/physact/sam3_robowm/identity_v1/sam_masked_expansion6/crops/Cosmos3_seed101_0036/frame_0021_rank_01.png
Cosmos3_seed101_0036,21,2,T02,False,0.3326113224029541,0.029651457539315095,0.5079543725826132,0.6362460851669312,0.1261840611696243,/shared/ssd_30T/zhuoyingyang/physact/sam3_robowm/identity_v1/sam_masked_expansion6/crops/Cosmos3_seed101_0036/frame_0021_rank_02.png
Cosmos3_seed101_0036,21,3,T06,True,,,,0.6234792470932007,0.1047561764717102,/shared/ssd_30T/zhuoyingyang/physact/sam3_robowm/identity_v1/sam_masked_expansion6/crops/Cosmos3_seed101_0036/frame_0021_rank_03.png
Cosmos3_seed101_0036,24,1,T00,False,0.9808105230331421,9.0270232471123e-05,0.014414675283261213,0.9618104696273804,0.6902309060096741,/shared/ssd_30T/zhuoyingyang/physact/sam3_robowm/identity_v1/sam_masked_expansion6/crops/Cosmos3_seed101_0036/frame_0024_rank_01.png
Cosmos3_seed101_0036,24,3,T06,False,0.792938232421875,0.00011035747217393069,0.15532391505163723,0.6474131941795349,0.1072752848267555,/shared/ssd_30T/zhuoyingyang/physact/sam3_robowm/identity_v1/sam_masked_expansion6/crops/Cosmos3_seed101_0036/frame_0024_rank_03.png
Cosmos3_seed101_0036,24,2,T07,True,,,,0.6755380630493164,0.121747963130474,/shared/ssd_30T/zhuoyingyang/physact/sam3_robowm/identity_v1/sam_masked_expansion6/crops/Cosmos3_seed101_0036/frame_0024_rank_02.png
Cosmos3_seed101_0036,27,1,T00,False,0.9752521514892578,0.00011016999576154393,0.018588428881997028,0.9444425106048584,0.708381712436676,/shared/ssd_30T/zhuoyingyang/physact/sam3_robowm/identity_v1/sam_masked_expansion6/crops/Cosmos3_seed101_0036/frame_0027_rank_01.png
Cosmos3_seed101_0036,27,2,T07,False,0.909775972366333,0.00677472483238697,0.06936170193334698,0.6852535009384155,0.1023445725440979,/shared/ssd_30T/zhuoyingyang/physact/sam3_robowm/identity_v1/sam_masked_expansion6/crops/Cosmos3_seed101_0036/frame_0027_rank_02.png
Cosmos3_seed101_0036,27,3,T02,False,0.5201995372772217,0.0016023062781964584,0.36025092361163286,0.6248560547828674,0.1202659010887146,/shared/ssd_30T/zhuoyingyang/physact/sam3_robowm/identity_v1/sam_masked_expansion6/crops/Cosmos3_seed101_0036/frame_0027_rank_03.png
Cosmos3_seed101_0036,30,1,T00,False,0.9836751222610474,0.00011708668519713691,0.012272929975513762,0.9475991725921632,0.7232589721679688,/shared/ssd_30T/zhuoyingyang/physact/sam3_robowm/identity_v1/sam_masked_expansion6/crops/Cosmos3_seed101_0036/frame_0030_rank_01.png
Cosmos3_seed101_0036,30,3,T06,False,0.7525123357772827,0.0004323882433639706,0.18572384522787896,0.6181781888008118,0.1047171875834465,/shared/ssd_30T/zhuoyingyang/physact/sam3_robowm/identity_v1/sam_masked_expansion6/crops/Cosmos3_seed101_0036/frame_0030_rank_03.png
Cosmos3_seed101_0036,30,2,T02,False,0.2956036925315857,0.002433478696067007,0.5289056002753275,0.6272964477539062,0.1196740865707397,/shared/ssd_30T/zhuoyingyang/physact/sam3_robowm/identity_v1/sam_masked_expansion6/crops/Cosmos3_seed101_0036/frame_0030_rank_02.png
Cosmos3_seed101_0036,33,1,T00,False,0.9777032136917114,4.578036607217551e-05,0.016734034822734476,0.954431176185608,0.6891391277313232,/shared/ssd_30T/zhuoyingyang/physact/sam3_robowm/identity_v1/sam_masked_expansion6/crops/Cosmos3_seed101_0036/frame_0033_rank_01.png
Cosmos3_seed101_0036,33,2,T02,False,0.9083971977233887,0.0009571663076101256,0.06894139328436102,0.6298164129257202,0.1036392971873283,/shared/ssd_30T/zhuoyingyang/physact/sam3_robowm/identity_v1/sam_masked_expansion6/crops/Cosmos3_seed101_0036/frame_0033_rank_02.png
Cosmos3_seed101_0036,33,3,T08,True,,,,0.6139092445373535,0.1991778016090393,/shared/ssd_30T/zhuoyingyang/physact/sam3_robowm/identity_v1/sam_masked_expansion6/crops/Cosmos3_seed101_0036/frame_0033_rank_03.png
Cosmos3_seed101_0036,36,3,T08,False,0.9875280261039734,0.0027601440420503935,0.010044016432532558,0.6258600950241089,0.1984517127275467,/shared/ssd_30T/zhuoyingyang/physact/sam3_robowm/identity_v1/sam_masked_expansion6/crops/Cosmos3_seed101_0036/frame_0036_rank_03.png
Cosmos3_seed101_0036,36,1,T00,False,0.9764498472213745,5.996650235480511e-05,0.017677606209557818,0.9454455375671388,0.7030346989631653,/shared/ssd_30T/zhuoyingyang/physact/sam3_robowm/identity_v1/sam_masked_expansion6/crops/Cosmos3_seed101_0036/frame_0036_rank_01.png
Cosmos3_seed101_0036,36,2,T02,False,0.970646858215332,0.0003816025401677119,0.022110256973542904,0.6356267333030701,0.1133821457624435,/shared/ssd_30T/zhuoyingyang/physact/sam3_robowm/identity_v1/sam_masked_expansion6/crops/Cosmos3_seed101_0036/frame_0036_rank_02.png
Cosmos3_seed101_0036,39,1,T00,False,0.9830574989318848,0.0001468114523958278,0.012743578664185382,0.9285288453102112,0.6964224576950073,/shared/ssd_30T/zhuoyingyang/physact/sam3_robowm/identity_v1/sam_masked_expansion6/crops/Cosmos3_seed101_0036/frame_0039_rank_01.png
Cosmos3_seed101_0036,39,3,T08,False,0.9287545680999756,0.0027548328090081075,0.054122782127270334,0.6190755367279053,0.1897756308317184,/shared/ssd_30T/zhuoyingyang/physact/sam3_robowm/identity_v1/sam_masked_expansion6/crops/Cosmos3_seed101_0036/frame_0039_rank_03.png
Cosmos3_seed101_0036,39,2,T02,False,0.6564701795578003,0.0013397779349762294,0.25798230981539383,0.6258050203323364,0.1120434179902076,/shared/ssd_30T/zhuoyingyang/physact/sam3_robowm/identity_v1/sam_masked_expansion6/crops/Cosmos3_seed101_0036/frame_0039_rank_02.png
Cosmos3_seed101_0036,42,1,T00,False,0.9852741360664368,7.667297221186821e-05,0.011063566193225391,0.9142216444015504,0.6812334060668945,/shared/ssd_30T/zhuoyingyang/physact/sam3_robowm/identity_v1/sam_masked_expansion6/crops/Cosmos3_seed101_0036/frame_0042_rank_01.png
Cosmos3_seed101_0036,42,3,T02,False,0.4699193239212036,0.002198829374839144,0.3981102144028071,0.6253290176391602,0.1409406810998916,/shared/ssd_30T/zhuoyingyang/physact/sam3_robowm/identity_v1/sam_masked_expansion6/crops/Cosmos3_seed101_0036/frame_0042_rank_03.png
Cosmos3_seed101_0036,42,2,T09,True,,,,0.663739025592804,0.1062544211745262,/shared/ssd_30T/zhuoyingyang/physact/sam3_robowm/identity_v1/sam_masked_expansion6/crops/Cosmos3_seed101_0036/frame_0042_rank_02.png
Cosmos3_seed101_0036,45,1,T00,False,0.976494550704956,1.526768706646088e-05,0.017632903893049574,0.7873217463493347,0.6819252371788025,/shared/ssd_30T/zhuoyingyang/physact/sam3_robowm/identity_v1/sam_masked_expansion6/crops/Cosmos3_seed101_0036/frame_0045_rank_01.png
Cosmos3_seed101_0036,45,3,T02,False,0.9463932514190674,0.0009032821145665423,0.0404308819643411,0.6249394416809082,0.1249049007892608,/shared/ssd_30T/zhuoyingyang/physact/sam3_robowm/identity_v1/sam_masked_expansion6/crops/Cosmos3_seed101_0036/frame_0045_rank_03.png
Cosmos3_seed101_0036,45,2,T09,False,0.9247324466705322,0.005350377005138835,0.057788259248385536,0.6842829585075378,0.1181697025895118,/shared/ssd_30T/zhuoyingyang/physact/sam3_robowm/identity_v1/sam_masked_expansion6/crops/Cosmos3_seed101_0036/frame_0045_rank_02.png
Cosmos3_seed101_0036,48,1,T00,False,0.9873943328857422,0.00012027294205031452,0.009484318571205939,0.8668376207351685,0.6672379970550537,/shared/ssd_30T/zhuoyingyang/physact/sam3_robowm/identity_v1/sam_masked_expansion6/crops/Cosmos3_seed101_0036/frame_0048_rank_01.png
Cosmos3_seed101_0036,48,2,T09,False,0.9448882341384888,0.002974053482032042,0.04207733776664143,0.6783286333084106,0.1346076875925064,/shared/ssd_30T/zhuoyingyang/physact/sam3_robowm/identity_v1/sam_masked_expansion6/crops/Cosmos3_seed101_0036/frame_0048_rank_02.png
Cosmos3_seed101_0036,48,3,T10,True,,,,0.6419058442115784,0.1274187266826629,/shared/ssd_30T/zhuoyingyang/physact/sam3_robowm/identity_v1/sam_masked_expansion6/crops/Cosmos3_seed101_0036/frame_0048_rank_03.png
Cosmos3_seed101_0036,51,3,T10,False,0.9407833814620972,0.0006556348751914157,0.044576372622224976,0.6314727067947388,0.1378577351570129,/shared/ssd_30T/zhuoyingyang/physact/sam3_robowm/identity_v1/sam_masked_expansion6/crops/Cosmos3_seed101_0036/frame_0051_rank_03.png
Cosmos3_seed101_0036,51,2,T09,False,0.9333474636077881,0.003974705631933581,0.05098307870214233,0.6645421981811523,0.1131014302372932,/shared/ssd_30T/zhuoyingyang/physact/sam3_robowm/identity_v1/sam_masked_expansion6/crops/Cosmos3_seed101_0036/frame_0051_rank_02.png
Cosmos3_seed101_0036,51,1,T00,False,0.790715754032135,0.00044363057787878213,0.15707409212036844,0.7584356069564819,0.6687854528427124,/shared/ssd_30T/zhuoyingyang/physact/sam3_robowm/identity_v1/sam_masked_expansion6/crops/Cosmos3_seed101_0036/frame_0051_rank_01.png
Cosmos3_seed101_0036,54,2,T09,False,0.9388024210929871,0.004464762175774528,0.047014374724203334,0.7036523222923279,0.1362068355083465,/shared/ssd_30T/zhuoyingyang/physact/sam3_robowm/identity_v1/sam_masked_expansion6/crops/Cosmos3_seed101_0036/frame_0054_rank_02.png
Cosmos3_seed101_0036,54,3,T10,False,0.8920061588287354,0.0010917371341417936,0.08126831516198393,0.6350023746490479,0.1605609059333801,/shared/ssd_30T/zhuoyingyang/physact/sam3_robowm/identity_v1/sam_masked_expansion6/crops/Cosmos3_seed101_0036/frame_0054_rank_03.png
Cosmos3_seed101_0036,54,1,T00,False,0.8839585781097412,0.00014457997880863458,0.08706721141239625,0.7750155925750732,0.6119878888130188,/shared/ssd_30T/zhuoyingyang/physact/sam3_robowm/identity_v1/sam_masked_expansion6/crops/Cosmos3_seed101_0036/frame_0054_rank_01.png
Cosmos3_seed101_0036,57,1,T00,False,0.9115378856658936,0.0004901267980315286,0.06646911745008771,0.7684042453765869,0.6011360883712769,/shared/ssd_30T/zhuoyingyang/physact/sam3_robowm/identity_v1/sam_masked_expansion6/crops/Cosmos3_seed101_0036/frame_0057_rank_01.png
Cosmos3_seed101_0036,57,2,T09,False,0.8862587213516235,0.001321651866775537,0.08563637195297623,0.7182357311248779,0.1404992789030075,/shared/ssd_30T/zhuoyingyang/physact/sam3_robowm/identity_v1/sam_masked_expansion6/crops/Cosmos3_seed101_0036/frame_0057_rank_02.png
Cosmos3_seed101_0036,57,3,T10,False,0.874178946018219,0.003907303818310389,0.09534261644091335,0.6405933499336243,0.1565444469451904,/shared/ssd_30T/zhuoyingyang/physact/sam3_robowm/identity_v1/sam_masked_expansion6/crops/Cosmos3_seed101_0036/frame_0057_rank_03.png
Cosmos3_seed101_0036,60,2,T09,False,0.9310826063156128,0.00021574357762095694,0.05174198115769565,0.6992502212524414,0.117273986339569,/shared/ssd_30T/zhuoyingyang/physact/sam3_robowm/identity_v1/sam_masked_expansion6/crops/Cosmos3_seed101_0036/frame_0060_rank_02.png
Cosmos3_seed101_0036,60,1,T00,False,0.8937074542045593,8.189494164328823e-05,0.07973988308199133,0.8262524604797363,0.6366235613822937,/shared/ssd_30T/zhuoyingyang/physact/sam3_robowm/identity_v1/sam_masked_expansion6/crops/Cosmos3_seed101_0036/frame_0060_rank_01.png
Cosmos3_seed101_0036,60,3,T11,True,,,,0.634068489074707,0.1521485298871994,/shared/ssd_30T/zhuoyingyang/physact/sam3_robowm/identity_v1/sam_masked_expansion6/crops/Cosmos3_seed101_0036/frame_0060_rank_03.png
Cosmos3_seed101_0036,63,3,T10,False,0.9342617988586426,0.0019942334245384745,0.049802209212152684,0.6261377930641174,0.1301332861185073,/shared/ssd_30T/zhuoyingyang/physact/sam3_robowm/identity_v1/sam_masked_expansion6/crops/Cosmos3_seed101_0036/frame_0063_rank_03.png
Cosmos3_seed101_0036,63,2,T09,False,0.9132430553436279,0.0019166385436385368,0.06554686812818869,0.7170035243034363,0.1476301401853561,/shared/ssd_30T/zhuoyingyang/physact/sam3_robowm/identity_v1/sam_masked_expansion6/crops/Cosmos3_seed101_0036/frame_0063_rank_02.png
Cosmos3_seed101_0036,63,1,T00,False,0.8976726531982422,5.600656158870287e-05,0.07675951174171554,0.7620935440063477,0.6162049174308777,/shared/ssd_30T/zhuoyingyang/physact/sam3_robowm/identity_v1/sam_masked_expansion6/crops/Cosmos3_seed101_0036/frame_0063_rank_01.png
Cosmos3_seed101_0036,66,1,T00,False,0.9510763883590698,0.0002339467793220532,0.03675119542552815,0.763396680355072,0.6295642852783203,/shared/ssd_30T/zhuoyingyang/physact/sam3_robowm/identity_v1/sam_masked_expansion6/crops/Cosmos3_seed101_0036/frame_0066_rank_01.png
Cosmos3_seed101_0036,66,2,T09,False,0.9513794183731079,0.0022824342156127038,0.03703604477407224,0.6857596635818481,0.1407654285430908,/shared/ssd_30T/zhuoyingyang/physact/sam3_robowm/identity_v1/sam_masked_expansion6/crops/Cosmos3_seed101_0036/frame_0066_rank_02.png
Cosmos3_seed101_0036,66,3,T11,False,0.8968828916549683,0.0005183746646709193,0.07746742492494153,0.6275861859321594,0.1497754752635955,/shared/ssd_30T/zhuoyingyang/physact/sam3_robowm/identity_v1/sam_masked_expansion6/crops/Cosmos3_seed101_0036/frame_0066_rank_03.png
Cosmos3_seed101_0036,69,3,T11,False,0.9513431191444397,0.0020122046981216764,0.03699571181620065,0.6334230303764343,0.1444661915302276,/shared/ssd_30T/zhuoyingyang/physact/sam3_robowm/identity_v1/sam_masked_expansion6/crops/Cosmos3_seed101_0036/frame_0069_rank_03.png
Cosmos3_seed101_0036,69,2,T09,False,0.942753255367279,0.002845166304748767,0.0436463500507279,0.7001171708106995,0.1435516774654388,/shared/ssd_30T/zhuoyingyang/physact/sam3_robowm/identity_v1/sam_masked_expansion6/crops/Cosmos3_seed101_0036/frame_0069_rank_02.png
Cosmos3_seed101_0036,69,1,T00,False,0.7902612686157227,0.0007504949567955614,0.1574916722774069,0.7632696628570557,0.6117658019065857,/shared/ssd_30T/zhuoyingyang/physact/sam3_robowm/identity_v1/sam_masked_expansion6/crops/Cosmos3_seed101_0036/frame_0069_rank_01.png
Cosmos3_seed101_0036,72,3,T09,False,0.9091914296150208,0.0013644802175086532,0.0684475478431116,0.6567376852035522,0.1572314202785492,/shared/ssd_30T/zhuoyingyang/physact/sam3_robowm/identity_v1/sam_masked_expansion6/crops/Cosmos3_seed101_0036/frame_0072_rank_03.png
Cosmos3_seed101_0036,72,1,T00,False,0.672355055809021,0.0009099207500104133,0.24596118833073685,0.7869874835014343,0.4619073569774627,/shared/ssd_30T/zhuoyingyang/physact/sam3_robowm/identity_v1/sam_masked_expansion6/crops/Cosmos3_seed101_0036/frame_0072_rank_01.png
Cosmos3_seed101_0036,72,2,T11,False,0.31022894382476807,0.26555885720697986,0.583718006433169,0.7703617811203003,0.1415100246667862,/shared/ssd_30T/zhuoyingyang/physact/sam3_robowm/identity_v1/sam_masked_expansion6/crops/Cosmos3_seed101_0036/frame_0072_rank_02.png
Cosmos3_seed101_0036,75,2,T11,False,0.9262290000915527,0.0008851662740123124,0.055549541499838526,0.772330105304718,0.1519294381141662,/shared/ssd_30T/zhuoyingyang/physact/sam3_robowm/identity_v1/sam_masked_expansion6/crops/Cosmos3_seed101_0036/frame_0075_rank_02.png
Cosmos3_seed101_0036,75,1,T00,False,0.6477245092391968,0.0005966339367319267,0.26435577655478537,0.8663917779922485,0.4105283915996551,/shared/ssd_30T/zhuoyingyang/physact/sam3_robowm/identity_v1/sam_masked_expansion6/crops/Cosmos3_seed101_0036/frame_0075_rank_01.png
Cosmos3_seed101_0036,75,3,T09,False,0.385379433631897,0.02147500291397261,0.4663341755045704,0.6584928035736084,0.1160307303071022,/shared/ssd_30T/zhuoyingyang/physact/sam3_robowm/identity_v1/sam_masked_expansion6/crops/Cosmos3_seed101_0036/frame_0075_rank_03.png
Cosmos3_seed101_0036,78,1,T00,False,0.8904440402984619,0.001772678899997976,0.08261013950115306,0.8604122996330261,0.4438865482807159,/shared/ssd_30T/zhuoyingyang/physact/sam3_robowm/identity_v1/sam_masked_expansion6/crops/Cosmos3_seed101_0036/frame_0078_rank_01.png
Cosmos3_seed101_0036,78,2,T09,False,0.8507472276687622,0.00040101518135593684,0.11203983304376733,0.6492936611175537,0.1120183020830154,/shared/ssd_30T/zhuoyingyang/physact/sam3_robowm/identity_v1/sam_masked_expansion6/crops/Cosmos3_seed101_0036/frame_0078_rank_02.png
Cosmos3_seed101_0036,78,3,T12,True,,,,0.6305088996887207,0.1647254973649978,/shared/ssd_30T/zhuoyingyang/physact/sam3_robowm/identity_v1/sam_masked_expansion6/crops/Cosmos3_seed101_0036/frame_0078_rank_03.png
Cosmos3_seed101_0036,81,3,T09,False,0.963288426399231,0.0006333148631526577,0.027692008916364946,0.6533570885658264,0.1334609389305114,/shared/ssd_30T/zhuoyingyang/physact/sam3_robowm/identity_v1/sam_masked_expansion6/crops/Cosmos3_seed101_0036/frame_0081_rank_03.png
Cosmos3_seed101_0036,81,1,T00,False,0.7085322141647339,0.0016316906311701358,0.21900876203424213,0.8515503406524658,0.4398734867572784,/shared/ssd_30T/zhuoyingyang/physact/sam3_robowm/identity_v1/sam_masked_expansion6/crops/Cosmos3_seed101_0036/frame_0081_rank_01.png
Cosmos3_seed101_0036,81,2,T11,False,0.3911578357219696,0.013861000010378243,0.46009687321111736,0.6928380727767944,0.1457183957099914,/shared/ssd_30T/zhuoyingyang/physact/sam3_robowm/identity_v1/sam_masked_expansion6/crops/Cosmos3_seed101_0036/frame_0081_rank_02.png
Cosmos3_seed101_0036,84,1,T00,False,0.938464879989624,0.004233411838733371,0.04720969296746533,0.8356245756149292,0.3753986954689026,/shared/ssd_30T/zhuoyingyang/physact/sam3_robowm/identity_v1/sam_masked_expansion6/crops/Cosmos3_seed101_0036/frame_0084_rank_01.png
Cosmos3_seed101_0036,84,3,T09,False,0.8203192949295044,0.0027177545060535933,0.1354399674293851,0.6565569639205933,0.1111185029149055,/shared/ssd_30T/zhuoyingyang/physact/sam3_robowm/identity_v1/sam_masked_expansion6/crops/Cosmos3_seed101_0036/frame_0084_rank_03.png
Cosmos3_seed101_0036,84,2,T11,False,0.4032056927680969,0.014000885641511281,0.4510959518343051,0.7962071895599365,0.1494137644767761,/shared/ssd_30T/zhuoyingyang/physact/sam3_robowm/identity_v1/sam_masked_expansion6/crops/Cosmos3_seed101_0036/frame_0084_rank_02.png
Cosmos3_seed101_0036,87,2,T11,False,0.9196447730064392,0.007819487685075698,0.06222129216643952,0.7999672889709473,0.1027501598000526,/shared/ssd_30T/zhuoyingyang/physact/sam3_robowm/identity_v1/sam_masked_expansion6/crops/Cosmos3_seed101_0036/frame_0087_rank_02.png
Cosmos3_seed101_0036,87,1,T00,False,0.9073967933654785,0.010069343924520939,0.07196974095702134,0.8476086854934692,0.3831553161144256,/shared/ssd_30T/zhuoyingyang/physact/sam3_robowm/identity_v1/sam_masked_expansion6/crops/Cosmos3_seed101_0036/frame_0087_rank_01.png
Cosmos3_seed101_0036,87,3,T09,False,0.40076446533203125,0.017926340772451328,0.4539082361940894,0.6952250003814697,0.1353378593921661,/shared/ssd_30T/zhuoyingyang/physact/sam3_robowm/identity_v1/sam_masked_expansion6/crops/Cosmos3_seed101_0036/frame_0087_rank_03.png
Cosmos3_seed101_0036,90,2,T11,False,0.9267843961715698,0.011679211193294223,0.05783150566964619,0.7616908550262451,0.1276450008153915,/shared/ssd_30T/zhuoyingyang/physact/sam3_robowm/identity_v1/sam_masked_expansion6/crops/Cosmos3_seed101_0036/frame_0090_rank_02.png
Cosmos3_seed101_0036,90,1,T00,False,0.9192616939544678,0.012392712590491673,0.06365190768177209,0.7793889045715332,0.3960023522377014,/shared/ssd_30T/zhuoyingyang/physact/sam3_robowm/identity_v1/sam_masked_expansion6/crops/Cosmos3_seed101_0036/frame_0090_rank_01.png
Cosmos3_seed101_0036,90,3,T09,False,0.8385645747184753,0.010848602919415053,0.12378871969099725,0.6737013459205627,0.1749231815338134,/shared/ssd_30T/zhuoyingyang/physact/sam3_robowm/identity_v1/sam_masked_expansion6/crops/Cosmos3_seed101_0036/frame_0090_rank_03.png
Cosmos3_seed101_0036,93,1,T00,False,0.9392336010932922,0.009902801475147795,0.04805049954881777,0.8294734358787537,0.5266373753547668,/shared/ssd_30T/zhuoyingyang/physact/sam3_robowm/identity_v1/sam_masked_expansion6/crops/Cosmos3_seed101_0036/frame_0093_rank_01.png
Cosmos3_seed101_0036,93,2,T11,False,0.9279012084007263,0.010389074439172032,0.05667136230924827,0.7769557237625122,0.1223022267222404,/shared/ssd_30T/zhuoyingyang/physact/sam3_robowm/identity_v1/sam_masked_expansion6/crops/Cosmos3_seed101_0036/frame_0093_rank_02.png
Cosmos3_seed101_0036,93,3,T09,False,0.770628809928894,0.010355458925091217,0.17461725728460228,0.6675782203674316,0.1358881592750549,/shared/ssd_30T/zhuoyingyang/physact/sam3_robowm/identity_v1/sam_masked_expansion6/crops/Cosmos3_seed101_0036/frame_0093_rank_03.png
Cosmos3_seed101_0036,96,1,T00,False,0.8914065361022949,0.006570947905521266,0.08308783489965912,0.7921823859214783,0.4313760697841644,/shared/ssd_30T/zhuoyingyang/physact/sam3_robowm/identity_v1/sam_masked_expansion6/crops/Cosmos3_seed101_0036/frame_0096_rank_01.png
Cosmos3_seed101_0036,96,3,T09,False,0.8763365745544434,0.006656862733302978,0.09441178476749322,0.6717976331710815,0.14007169008255,/shared/ssd_30T/zhuoyingyang/physact/sam3_robowm/identity_v1/sam_masked_expansion6/crops/Cosmos3_seed101_0036/frame_0096_rank_03.png
Cosmos3_seed101_0036,96,2,T11,False,0.8520583510398865,0.006824699385812603,0.11266241156653829,0.7878473997116089,0.1289995610713958,/shared/ssd_30T/zhuoyingyang/physact/sam3_robowm/identity_v1/sam_masked_expansion6/crops/Cosmos3_seed101_0036/frame_0096_rank_02.png
Cosmos3_seed101_0036,99,2,T11,False,0.9406253695487976,0.008020269697307457,0.04653604026272866,0.7729713320732117,0.1291162222623825,/shared/ssd_30T/zhuoyingyang/physact/sam3_robowm/identity_v1/sam_masked_expansion6/crops/Cosmos3_seed101_0036/frame_0099_rank_02.png
Cosmos3_seed101_0036,99,1,T00,False,0.9272812604904175,0.007411070163420797,0.05639182217304209,0.8661957383155823,0.3965822756290436,/shared/ssd_30T/zhuoyingyang/physact/sam3_robowm/identity_v1/sam_masked_expansion6/crops/Cosmos3_seed101_0036/frame_0099_rank_01.png
Cosmos3_seed101_0036,99,3,T09,False,0.8842992782592773,0.008227987677276675,0.08883253822486116,0.6657558083534241,0.1533486992120742,/shared/ssd_30T/zhuoyingyang/physact/sam3_robowm/identity_v1/sam_masked_expansion6/crops/Cosmos3_seed101_0036/frame_0099_rank_03.png
Cosmos3_seed101_0036,102,1,T00,False,0.9464316368103027,0.005634865647577996,0.04158498880416745,0.8121835589408875,0.4596761465072632,/shared/ssd_30T/zhuoyingyang/physact/sam3_robowm/identity_v1/sam_masked_expansion6/crops/Cosmos3_seed101_0036/frame_0102_rank_01.png
Cosmos3_seed101_0036,102,2,T11,False,0.9251171350479126,0.006970459906948521,0.057904763690802684,0.7814850807189941,0.1774390339851379,/shared/ssd_30T/zhuoyingyang/physact/sam3_robowm/identity_v1/sam_masked_expansion6/crops/Cosmos3_seed101_0036/frame_0102_rank_02.png
Cosmos3_seed101_0036,102,3,T09,False,0.8051608204841614,0.0068260812544901905,0.14783590495050153,0.6797472238540649,0.1658219546079635,/shared/ssd_30T/zhuoyingyang/physact/sam3_robowm/identity_v1/sam_masked_expansion6/crops/Cosmos3_seed101_0036/frame_0102_rank_03.png
Cosmos3_seed101_0036,105,3,T09,False,0.9087397456169128,0.004006629525758233,0.06944684816875493,0.6886386871337891,0.1631916761398315,/shared/ssd_30T/zhuoyingyang/physact/sam3_robowm/identity_v1/sam_masked_expansion6/crops/Cosmos3_seed101_0036/frame_0105_rank_03.png
Cosmos3_seed101_0036,105,2,T11,False,0.858363151550293,0.004172186224824715,0.10727068289348646,0.7772940397262573,0.1476151943206787,/shared/ssd_30T/zhuoyingyang/physact/sam3_robowm/identity_v1/sam_masked_expansion6/crops/Cosmos3_seed101_0036/frame_0105_rank_02.png
Cosmos3_seed101_0036,105,1,T00,False,0.830869734287262,0.002048867726161098,0.1273599162160938,0.860623836517334,0.3892978727817535,/shared/ssd_30T/zhuoyingyang/physact/sam3_robowm/identity_v1/sam_masked_expansion6/crops/Cosmos3_seed101_0036/frame_0105_rank_01.png
Cosmos3_seed101_0036,108,2,T09,False,0.8020025491714478,0.0055017010412631105,0.14987351338172997,0.6810139417648315,0.1641345471143722,/shared/ssd_30T/zhuoyingyang/physact/sam3_robowm/identity_v1/sam_masked_expansion6/crops/Cosmos3_seed101_0036/frame_0108_rank_02.png
Cosmos3_seed101_0036,108,1,T00,False,0.6080722212791443,0.0031261074149578254,0.29472736089438123,0.8373710513114929,0.4911715090274811,/shared/ssd_30T/zhuoyingyang/physact/sam3_robowm/identity_v1/sam_masked_expansion6/crops/Cosmos3_seed101_0036/frame_0108_rank_01.png
Cosmos3_seed101_0036,108,3,T11,False,0.2963724434375763,0.24031726990253197,0.5877999848974508,0.6259990930557251,0.2720279693603515,/shared/ssd_30T/zhuoyingyang/physact/sam3_robowm/identity_v1/sam_masked_expansion6/crops/Cosmos3_seed101_0036/frame_0108_rank_03.png
Cosmos3_seed101_0036,111,3,T09,False,0.8974517583847046,0.0030752974413941676,0.0776800055718201,0.6743949055671692,0.1467357873916626,/shared/ssd_30T/zhuoyingyang/physact/sam3_robowm/identity_v1/sam_masked_expansion6/crops/Cosmos3_seed101_0036/frame_0111_rank_03.png
Cosmos3_seed101_0036,111,2,T00,False,0.5319935083389282,0.017659189451858296,0.3554196661087684,0.7476798892021179,0.1952971220016479,/shared/ssd_30T/zhuoyingyang/physact/sam3_robowm/identity_v1/sam_masked_expansion6/crops/Cosmos3_seed101_0036/frame_0111_rank_02.png
Cosmos3_seed101_0036,111,1,T13,True,,,,0.7601147890090942,0.4427159428596496,/shared/ssd_30T/zhuoyingyang/physact/sam3_robowm/identity_v1/sam_masked_expansion6/crops/Cosmos3_seed101_0036/frame_0111_rank_01.png
Cosmos3_seed101_0036,114,2,T09,False,0.8223873376846313,0.0016180842898160558,0.1336140178089805,0.6841036081314087,0.1297487765550613,/shared/ssd_30T/zhuoyingyang/physact/sam3_robowm/identity_v1/sam_masked_expansion6/crops/Cosmos3_seed101_0036/frame_0114_rank_02.png
Cosmos3_seed101_0036,114,3,T00,False,0.6311430931091309,0.04145761882612133,0.2870070848746822,0.6830759048461914,0.1139523908495903,/shared/ssd_30T/zhuoyingyang/physact/sam3_robowm/identity_v1/sam_masked_expansion6/crops/Cosmos3_seed101_0036/frame_0114_rank_03.png
Cosmos3_seed101_0036,114,1,T13,False,0.51041179895401,0.004348508252339053,0.3682782778475773,0.8202857375144958,0.3945159614086151,/shared/ssd_30T/zhuoyingyang/physact/sam3_robowm/identity_v1/sam_masked_expansion6/crops/Cosmos3_seed101_0036/frame_0114_rank_01.png
Cosmos3_seed101_0036,117,3,T00,False,0.7969908118247986,0.00028995903308304315,0.15232938088967182,0.6735365390777588,0.1047286093235015,/shared/ssd_30T/zhuoyingyang/physact/sam3_robowm/identity_v1/sam_masked_expansion6/crops/Cosmos3_seed101_0036/frame_0117_rank_03.png
Cosmos3_seed101_0036,117,2,T09,False,0.7945125699043274,0.003908662958884726,0.15509273831147563,0.6844674348831177,0.1410805135965347,/shared/ssd_30T/zhuoyingyang/physact/sam3_robowm/identity_v1/sam_masked_expansion6/crops/Cosmos3_seed101_0036/frame_0117_rank_02.png
Cosmos3_seed101_0036,117,1,T13,False,0.7580969929695129,0.0019824198435000186,0.1819228602337403,0.8207365274429321,0.4088540077209472,/shared/ssd_30T/zhuoyingyang/physact/sam3_robowm/identity_v1/sam_masked_expansion6/crops/Cosmos3_seed101_0036/frame_0117_rank_01.png
Cosmos3_seed101_0036,120,2,T09,False,0.8530404567718506,0.004571640756619466,0.11136256761026693,0.691215991973877,0.1535594165325164,/shared/ssd_30T/zhuoyingyang/physact/sam3_robowm/identity_v1/sam_masked_expansion6/crops/Cosmos3_seed101_0036/frame_0120_rank_02.png
Cosmos3_seed101_0036,120,1,T13,False,0.3662213683128357,0.01534562049463449,0.47917037888903186,0.892893373966217,0.5538268685340881,/shared/ssd_30T/zhuoyingyang/physact/sam3_robowm/identity_v1/sam_masked_expansion6/crops/Cosmos3_seed101_0036/frame_0120_rank_01.png
Cosmos3_seed101_0036,120,3,T14,True,,,,0.6662517786026001,0.1384268701076507,/shared/ssd_30T/zhuoyingyang/physact/sam3_robowm/identity_v1/sam_masked_expansion6/crops/Cosmos3_seed101_0036/frame_0120_rank_03.png
Cosmos3_seed101_0036,123,1,T13,False,0.5675240159034729,0.002241563890974557,0.32491737904513895,0.945872128009796,0.4932985007762909,/shared/ssd_30T/zhuoyingyang/physact/sam3_robowm/identity_v1/sam_masked_expansion6/crops/Cosmos3_seed101_0036/frame_0123_rank_01.png
Cosmos3_seed101_0036,123,3,T09,False,0.5309876203536987,0.005590527663758309,0.3531569166506655,0.6859009265899658,0.1502135694026947,/shared/ssd_30T/zhuoyingyang/physact/sam3_robowm/identity_v1/sam_masked_expansion6/crops/Cosmos3_seed101_0036/frame_0123_rank_03.png
Cosmos3_seed101_0036,123,2,T00,False,0.3256679177284241,0.06390089608348021,0.521724285724552,0.715164303779602,0.3238058686256408,/shared/ssd_30T/zhuoyingyang/physact/sam3_robowm/identity_v1/sam_masked_expansion6/crops/Cosmos3_seed101_0036/frame_0123_rank_02.png
Cosmos3_seed101_0036,126,1,T13,False,0.9668555855751038,0.00031867183148453723,0.024937978776543315,0.9552452564239502,0.597317636013031,/shared/ssd_30T/zhuoyingyang/physact/sam3_robowm/identity_v1/sam_masked_expansion6/crops/Cosmos3_seed101_0036/frame_0126_rank_01.png
Cosmos3_seed101_0036,126,3,T09,False,0.7500264644622803,0.010991713343712045,0.1902280799892178,0.6944666504859924,0.1457471400499344,/shared/ssd_30T/zhuoyingyang/physact/sam3_robowm/identity_v1/sam_masked_expansion6/crops/Cosmos3_seed101_0036/frame_0126_rank_03.png
Cosmos3_seed101_0036,126,2,T00,False,0.5598458051681519,0.02268112750724229,0.3357859280006967,0.7385052442550659,0.4657213389873504,/shared/ssd_30T/zhuoyingyang/physact/sam3_robowm/identity_v1/sam_masked_expansion6/crops/Cosmos3_seed101_0036/frame_0126_rank_02.png
Cosmos3_seed101_0036,129,1,T13,False,0.985383152961731,7.956469719846775e-05,0.0109825264530014,0.962273359298706,0.576710045337677,/shared/ssd_30T/zhuoyingyang/physact/sam3_robowm/identity_v1/sam_masked_expansion6/crops/Cosmos3_seed101_0036/frame_0129_rank_01.png
Cosmos3_seed101_0036,129,3,T09,False,0.8850864171981812,0.007688110806425003,0.08810721480297039,0.6478232741355896,0.1130319461226463,/shared/ssd_30T/zhuoyingyang/physact/sam3_robowm/identity_v1/sam_masked_expansion6/crops/Cosmos3_seed101_0036/frame_0129_rank_03.png
Cosmos3_seed101_0036,129,2,T00,False,0.38293930888175964,0.027967073911227058,0.469787286816487,0.8863371014595032,0.1116847097873687,/shared/ssd_30T/zhuoyingyang/physact/sam3_robowm/identity_v1/sam_masked_expansion6/crops/Cosmos3_seed101_0036/frame_0129_rank_02.png
Cosmos3_seed101_0036,132,2,T13,False,0.986720085144043,0.00014416530253554726,0.00999597746760166,0.9595984816551208,0.5872340798377991,/shared/ssd_30T/zhuoyingyang/physact/sam3_robowm/identity_v1/sam_masked_expansion6/crops/Cosmos3_seed101_0036/frame_0132_rank_02.png
Cosmos3_seed101_0036,132,3,T00,False,0.8369269371032715,0.007702187294829164,0.12423034399625368,0.9203858375549316,0.1055892929434776,/shared/ssd_30T/zhuoyingyang/physact/sam3_robowm/identity_v1/sam_masked_expansion6/crops/Cosmos3_seed101_0036/frame_0132_rank_03.png
Cosmos3_seed101_0036,132,1,T15,True,,,,0.9613475799560548,0.650569498538971,/shared/ssd_30T/zhuoyingyang/physact/sam3_robowm/identity_v1/sam_masked_expansion6/crops/Cosmos3_seed101_0036/frame_0132_rank_01.png
Cosmos3_seed101_0036,135,1,T13,False,0.9687484502792358,0.0001420211393628471,0.023474167575413832,0.9586563110351562,0.5840079188346863,/shared/ssd_30T/zhuoyingyang/physact/sam3_robowm/identity_v1/sam_masked_expansion6/crops/Cosmos3_seed101_0036/frame_0135_rank_01.png
Cosmos3_seed101_0036,135,2,T15,False,0.671797513961792,0.011683028215891431,0.24907262158262886,0.8557093143463135,0.608150839805603,/shared/ssd_30T/zhuoyingyang/physact/sam3_robowm/identity_v1/sam_masked_expansion6/crops/Cosmos3_seed101_0036/frame_0135_rank_02.png
Cosmos3_seed101_0036,135,3,T16,True,,,,0.6241747140884399,0.1637714654207229,/shared/ssd_30T/zhuoyingyang/physact/sam3_robowm/identity_v1/sam_masked_expansion6/crops/Cosmos3_seed101_0036/frame_0135_rank_03.png
Cosmos3_seed101_0036,138,1,T13,False,0.9911341667175293,9.063183253523726e-05,0.006672032919986836,0.95537269115448,0.6047477126121521,/shared/ssd_30T/zhuoyingyang/physact/sam3_robowm/identity_v1/sam_masked_expansion6/crops/Cosmos3_seed101_0036/frame_0138_rank_01.png
Cosmos3_seed101_0036,138,2,T15,False,0.7910645604133606,0.013494077511513672,0.16007509906785797,0.9225280284881592,0.553403913974762,/shared/ssd_30T/zhuoyingyang/physact/sam3_robowm/identity_v1/sam_masked_expansion6/crops/Cosmos3_seed101_0036/frame_0138_rank_02.png
Cosmos3_seed101_0036,138,3,T17,True,,,,0.626450777053833,0.1573997884988784,/shared/ssd_30T/zhuoyingyang/physact/sam3_robowm/identity_v1/sam_masked_expansion6/crops/Cosmos3_seed101_0036/frame_0138_rank_03.png
Cosmos3_seed101_0036,141,1,T13,False,0.9820613265037537,0.00042654979949808674,0.013560642572059274,0.9510623812675476,0.621955931186676,/shared/ssd_30T/zhuoyingyang/physact/sam3_robowm/identity_v1/sam_masked_expansion6/crops/Cosmos3_seed101_0036/frame_0141_rank_01.png
Cosmos3_seed101_0036,141,3,T17,False,0.8309285640716553,0.00037808203814611714,0.12689809745579508,0.6316520571708679,0.1229654997587204,/shared/ssd_30T/zhuoyingyang/physact/sam3_robowm/identity_v1/sam_masked_expansion6/crops/Cosmos3_seed101_0036/frame_0141_rank_03.png
Cosmos3_seed101_0036,141,2,T15,False,0.7834739089012146,0.014188009362438676,0.16594157066469872,0.8394854068756104,0.6294136047363281,/shared/ssd_30T/zhuoyingyang/physact/sam3_robowm/identity_v1/sam_masked_expansion6/crops/Cosmos3_seed101_0036/frame_0141_rank_02.png
Cosmos3_seed101_0036,144,1,T13,False,0.9854358434677124,0.00046570451761396254,0.011039543528619189,0.9528805017471312,0.6091848015785217,/shared/ssd_30T/zhuoyingyang/physact/sam3_robowm/identity_v1/sam_masked_expansion6/crops/Cosmos3_seed101_0036/frame_0144_rank_01.png
Cosmos3_seed101_0036,144,2,T15,False,0.8289446830749512,0.016676014563981465,0.132460491334782,0.8421505689620972,0.5020067691802979,/shared/ssd_30T/zhuoyingyang/physact/sam3_robowm/identity_v1/sam_masked_expansion6/crops/Cosmos3_seed101_0036/frame_0144_rank_02.png
Cosmos3_seed101_0036,144,3,T18,True,,,,0.6192859411239624,0.1309595108032226,/shared/ssd_30T/zhuoyingyang/physact/sam3_robowm/identity_v1/sam_masked_expansion6/crops/Cosmos3_seed101_0036/frame_0144_rank_03.png
Cosmos3_seed101_0036,147,1,T13,False,0.9836347699165344,6.63626167612313e-05,0.01229051321678949,0.9566948413848876,0.6059589385986328,/shared/ssd_30T/zhuoyingyang/physact/sam3_robowm/identity_v1/sam_masked_expansion6/crops/Cosmos3_seed101_0036/frame_0147_rank_01.png
Cosmos3_seed101_0036,147,2,T15,False,0.863457977771759,0.0172105665649289,0.10670915831241296,0.8539080619812012,0.5236493349075317,/shared/ssd_30T/zhuoyingyang/physact/sam3_robowm/identity_v1/sam_masked_expansion6/crops/Cosmos3_seed101_0036/frame_0147_rank_02.png
Cosmos3_seed101_0036,147,3,T18,False,0.8545863628387451,0.01745287801679305,0.11342344737513943,0.6507066488265991,0.1594520360231399,/shared/ssd_30T/zhuoyingyang/physact/sam3_robowm/identity_v1/sam_masked_expansion6/crops/Cosmos3_seed101_0036/frame_0147_rank_03.png
Cosmos3_seed101_0036,150,1,T13,False,0.9865962862968445,8.392436848047564e-05,0.010073766369486757,0.9656029939651488,0.6035322546958923,/shared/ssd_30T/zhuoyingyang/physact/sam3_robowm/identity_v1/sam_masked_expansion6/crops/Cosmos3_seed101_0036/frame_0150_rank_01.png
Cosmos3_seed101_0036,150,3,T18,False,0.901499330997467,0.01580364242631924,0.07782641235847954,0.6278829574584961,0.1374044418334961,/shared/ssd_30T/zhuoyingyang/physact/sam3_robowm/identity_v1/sam_masked_expansion6/crops/Cosmos3_seed101_0036/frame_0150_rank_03.png
Cosmos3_seed101_0036,150,2,T15,False,0.894314169883728,0.013768279739109168,0.08270644252198127,0.8341816663742065,0.4941403269767761,/shared/ssd_30T/zhuoyingyang/physact/sam3_robowm/identity_v1/sam_masked_expansion6/crops/Cosmos3_seed101_0036/frame_0150_rank_02.png
Cosmos3_seed101_0036,153,1,T13,False,0.9823424220085144,4.0497238764711685e-05,0.013253307803305374,0.957016944885254,0.5798776149749756,/shared/ssd_30T/zhuoyingyang/physact/sam3_robowm/identity_v1/sam_masked_expansion6/crops/Cosmos3_seed101_0036/frame_0153_rank_01.png
Cosmos3_seed101_0036,153,3,T18,False,0.8995046615600586,0.01062610452921531,0.07802802996225988,0.6262835264205933,0.1500900983810424,/shared/ssd_30T/zhuoyingyang/physact/sam3_robowm/identity_v1/sam_masked_expansion6/crops/Cosmos3_seed101_0036/frame_0153_rank_03.png
Cosmos3_seed101_0036,153,2,T15,False,0.8535201549530029,0.010182794174076958,0.11240558232876705,0.8363507986068726,0.510986328125,/shared/ssd_30T/zhuoyingyang/physact/sam3_robowm/identity_v1/sam_masked_expansion6/crops/Cosmos3_seed101_0036/frame_0153_rank_02.png
Cosmos3_seed101_0036,156,1,T13,False,0.9803640842437744,7.431088305631135e-05,0.014745514537933267,0.9588186144828796,0.5705991983413696,/shared/ssd_30T/zhuoyingyang/physact/sam3_robowm/identity_v1/sam_masked_expansion6/crops/Cosmos3_seed101_0036/frame_0156_rank_01.png
Cosmos3_seed101_0036,156,2,T15,False,0.8618031740188599,0.00900049707487998,0.1058977437545751,0.8297092914581299,0.4964621663093567,/shared/ssd_30T/zhuoyingyang/physact/sam3_robowm/identity_v1/sam_masked_expansion6/crops/Cosmos3_seed101_0036/frame_0156_rank_02.png
Cosmos3_seed101_0036,156,3,T19,True,,,,0.6623371839523315,0.1646220982074737,/shared/ssd_30T/zhuoyingyang/physact/sam3_robowm/identity_v1/sam_masked_expansion6/crops/Cosmos3_seed101_0036/frame_0156_rank_03.png
Cosmos3_seed101_0036,159,1,T13,False,0.9884382486343384,4.226158134141778e-05,0.008681878919581571,0.9568530917167664,0.5643768310546875,/shared/ssd_30T/zhuoyingyang/physact/sam3_robowm/identity_v1/sam_masked_expansion6/crops/Cosmos3_seed101_0036/frame_0159_rank_01.png
Cosmos3_seed101_0036,159,2,T15,False,0.7647271752357483,0.005229181342682477,0.1777619139088594,0.8125752210617065,0.5378209352493286,/shared/ssd_30T/zhuoyingyang/physact/sam3_robowm/identity_v1/sam_masked_expansion6/crops/Cosmos3_seed101_0036/frame_0159_rank_02.png
Cosmos3_seed101_0036,159,3,T19,False,0.6962645053863525,0.000420050454858418,0.2279066335739502,0.6551070213317871,0.1672637611627578,/shared/ssd_30T/zhuoyingyang/physact/sam3_robowm/identity_v1/sam_masked_expansion6/crops/Cosmos3_seed101_0036/frame_0159_rank_03.png
Cosmos3_seed101_0036,162,1,T13,False,0.9802812337875366,3.3428504406262424e-05,0.0147974317854491,0.9610408544540404,0.5595616102218628,/shared/ssd_30T/zhuoyingyang/physact/sam3_robowm/identity_v1/sam_masked_expansion6/crops/Cosmos3_seed101_0036/frame_0162_rank_01.png
Cosmos3_seed101_0036,162,3,T19,False,0.9459323883056641,0.0003829897661839222,0.040646456212297934,0.6716996431350708,0.1711486279964447,/shared/ssd_30T/zhuoyingyang/physact/sam3_robowm/identity_v1/sam_masked_expansion6/crops/Cosmos3_seed101_0036/frame_0162_rank_03.png
Cosmos3_seed101_0036,162,2,T15,False,0.9054880142211914,0.00479948447201637,0.07208386045211054,0.8550673723220825,0.557466447353363,/shared/ssd_30T/zhuoyingyang/physact/sam3_robowm/identity_v1/sam_masked_expansion6/crops/Cosmos3_seed101_0036/frame_0162_rank_02.png
Cosmos3_seed101_0036,165,1,T13,False,0.9833896160125732,5.966547167120407e-05,0.012472704358487869,0.9560782313346864,0.5422131419181824,/shared/ssd_30T/zhuoyingyang/physact/sam3_robowm/identity_v1/sam_masked_expansion6/crops/Cosmos3_seed101_0036/frame_0165_rank_01.png
Cosmos3_seed101_0036,165,2,T15,False,0.9308390021324158,0.004220378245581186,0.05292584296208347,0.8524080514907837,0.5165982246398926,/shared/ssd_30T/zhuoyingyang/physact/sam3_robowm/identity_v1/sam_masked_expansion6/crops/Cosmos3_seed101_0036/frame_0165_rank_02.png
Cosmos3_seed101_0036,165,3,T19,False,0.9178260564804077,0.0001953261513395981,0.061679289177529115,0.6643065214157104,0.1548900008201599,/shared/ssd_30T/zhuoyingyang/physact/sam3_robowm/identity_v1/sam_masked_expansion6/crops/Cosmos3_seed101_0036/frame_0165_rank_03.png
Cosmos3_seed101_0036,168,1,T13,False,0.9847581386566162,0.0001554322422514216,0.011470254068100698,0.9586412906646729,0.5324928760528564,/shared/ssd_30T/zhuoyingyang/physact/sam3_robowm/identity_v1/sam_masked_expansion6/crops/Cosmos3_seed101_0036/frame_0168_rank_01.png
Cosmos3_seed101_0036,168,3,T19,False,0.972013533115387,8.29615492065565e-05,0.021010590550761418,0.6644490957260132,0.153871938586235,/shared/ssd_30T/zhuoyingyang/physact/sam3_robowm/identity_v1/sam_masked_expansion6/crops/Cosmos3_seed101_0036/frame_0168_rank_03.png
Cosmos3_seed101_0036,168,2,T15,False,0.8537031412124634,0.002009406706268033,0.11022499576721947,0.8531447649002075,0.5052215456962585,/shared/ssd_30T/zhuoyingyang/physact/sam3_robowm/identity_v1/sam_masked_expansion6/crops/Cosmos3_seed101_0036/frame_0168_rank_02.png
Cosmos3_seed101_0036,171,1,T13,False,0.980459451675415,0.00012734344189535552,0.01468724710391256,0.9585615396499634,0.524970531463623,/shared/ssd_30T/zhuoyingyang/physact/sam3_robowm/identity_v1/sam_masked_expansion6/crops/Cosmos3_seed101_0036/frame_0171_rank_01.png
Cosmos3_seed101_0036,171,3,T19,False,0.954503059387207,8.404591310048868e-05,0.03414371693786985,0.6479290723800659,0.1627928912639618,/shared/ssd_30T/zhuoyingyang/physact/sam3_robowm/identity_v1/sam_masked_expansion6/crops/Cosmos3_seed101_0036/frame_0171_rank_03.png
Cosmos3_seed101_0036,171,2,T15,False,0.8706445693969727,0.0008071602579589455,0.09721836301676025,0.8394821882247925,0.4801874756813049,/shared/ssd_30T/zhuoyingyang/physact/sam3_robowm/identity_v1/sam_masked_expansion6/crops/Cosmos3_seed101_0036/frame_0171_rank_02.png
Cosmos3_seed101_0036,174,1,T13,False,0.9878128170967102,0.00012450577732577153,0.009171513621798789,0.9594402313232422,0.5582616329193115,/shared/ssd_30T/zhuoyingyang/physact/sam3_robowm/identity_v1/sam_masked_expansion6/crops/Cosmos3_seed101_0036/frame_0174_rank_01.png
Cosmos3_seed101_0036,174,2,T15,False,0.8188908100128174,0.001367933428110269,0.13617387584741453,0.8835309147834778,0.6220126152038574,/shared/ssd_30T/zhuoyingyang/physact/sam3_robowm/identity_v1/sam_masked_expansion6/crops/Cosmos3_seed101_0036/frame_0174_rank_02.png
Cosmos3_seed101_0036,174,3,T20,True,,,,0.6521949768066406,0.1180104166269302,/shared/ssd_30T/zhuoyingyang/physact/sam3_robowm/identity_v1/sam_masked_expansion6/crops/Cosmos3_seed101_0036/frame_0174_rank_03.png
Cosmos3_seed101_0036,177,1,T13,False,0.9859609007835388,8.728765595037229e-05,0.01055114632633348,0.960180163383484,0.4892966747283935,/shared/ssd_30T/zhuoyingyang/physact/sam3_robowm/identity_v1/sam_masked_expansion6/crops/Cosmos3_seed101_0036/frame_0177_rank_01.png
Cosmos3_seed101_0036,177,2,T15,False,0.8729699850082397,9.329977702309839e-05,0.09529583618807597,0.9181408286094666,0.7257678508758545,/shared/ssd_30T/zhuoyingyang/physact/sam3_robowm/identity_v1/sam_masked_expansion6/crops/Cosmos3_seed101_0036/frame_0177_rank_02.png
Cosmos3_seed101_0036,177,3,T19,False,0.5227392911911011,0.0013845634189145442,0.3582916724614028,0.6430519223213196,0.1334365457296371,/shared/ssd_30T/zhuoyingyang/physact/sam3_robowm/identity_v1/sam_masked_expansion6/crops/Cosmos3_seed101_0036/frame_0177_rank_03.png
Cosmos3_seed101_0036,180,1,T13,False,0.9857932329177856,6.597989173686435e-05,0.010671570284594983,0.956208348274231,0.5362970232963562,/shared/ssd_30T/zhuoyingyang/physact/sam3_robowm/identity_v1/sam_masked_expansion6/crops/Cosmos3_seed101_0036/frame_0180_rank_01.png
Cosmos3_seed101_0036,180,2,T15,False,0.974186897277832,0.0002569080891455432,0.01942405406391236,0.9340940117836,0.7506311535835266,/shared/ssd_30T/zhuoyingyang/physact/sam3_robowm/identity_v1/sam_masked_expansion6/crops/Cosmos3_seed101_0036/frame_0180_rank_02.png
Cosmos3_seed101_0036,180,3,T19,False,0.7837804555892944,0.000798219022140479,0.1623642130635643,0.6538861989974976,0.1139983162283897,/shared/ssd_30T/zhuoyingyang/physact/sam3_robowm/identity_v1/sam_masked_expansion6/crops/Cosmos3_seed101_0036/frame_0180_rank_03.png
Cosmos3_seed101_0036,183,2,T15,False,0.9792606830596924,0.0001460005157011703,0.015590987834156005,0.9383671283721924,0.7317100763320923,/shared/ssd_30T/zhuoyingyang/physact/sam3_robowm/identity_v1/sam_masked_expansion6/crops/Cosmos3_seed101_0036/frame_0183_rank_02.png
Cosmos3_seed101_0036,183,1,T13,False,0.9728202819824219,4.420025049934467e-05,0.020395838575808428,0.9586649537086488,0.5008335709571838,/shared/ssd_30T/zhuoyingyang/physact/sam3_robowm/identity_v1/sam_masked_expansion6/crops/Cosmos3_seed101_0036/frame_0183_rank_01.png
Cosmos3_seed101_0036,183,3,T21,True,,,,0.6158734560012817,0.1462054252624511,/shared/ssd_30T/zhuoyingyang/physact/sam3_robowm/identity_v1/sam_masked_expansion6/crops/Cosmos3_seed101_0036/frame_0183_rank_03.png
Cosmos3_seed101_0036,186,1,T13,False,0.9833210706710815,0.00018021403255932093,0.012554250504828673,0.9572665691375732,0.5077886581420898,/shared/ssd_30T/zhuoyingyang/physact/sam3_robowm/identity_v1/sam_masked_expansion6/crops/Cosmos3_seed101_0036/frame_0186_rank_01.png
Cosmos3_seed101_0036,186,2,T15,False,0.9823922514915466,0.0002273879560478977,0.013262658370352001,0.9356038570404052,0.7441721558570862,/shared/ssd_30T/zhuoyingyang/physact/sam3_robowm/identity_v1/sam_masked_expansion6/crops/Cosmos3_seed101_0036/frame_0186_rank_02.png
Cosmos3_seed101_0036,186,3,T21,False,0.9766914248466492,0.00716547547469862,0.019272800233687777,0.6202918291091919,0.1338153183460235,/shared/ssd_30T/zhuoyingyang/physact/sam3_robowm/identity_v1/sam_masked_expansion6/crops/Cosmos3_seed101_0036/frame_0186_rank_03.png
Cosmos3_seed101_0036,188,2,T15,False,0.9970632791519165,0.00010079832619483527,0.002227740217611331,0.938685417175293,0.7428863048553467,/shared/ssd_30T/zhuoyingyang/physact/sam3_robowm/identity_v1/sam_masked_expansion6/crops/Cosmos3_seed101_0036/frame_0188_rank_02.png
Cosmos3_seed101_0036,188,1,T13,False,0.9943525791168213,8.038364453487333e-05,0.0042556615735177515,0.9571280479431152,0.5156622529029846,/shared/ssd_30T/zhuoyingyang/physact/sam3_robowm/identity_v1/sam_masked_expansion6/crops/Cosmos3_seed101_0036/frame_0188_rank_01.png
Cosmos3_seed101_0036,188,3,T22,True,,,,0.6614951491355896,0.1061195507645607,/shared/ssd_30T/zhuoyingyang/physact/sam3_robowm/identity_v1/sam_masked_expansion6/crops/Cosmos3_seed101_0036/frame_0188_rank_03.png
LVP_0030,0,1,T00,True,,,,0.8798332214355469,0.771060049533844,/shared/ssd_30T/zhuoyingyang/physact/sam3_robowm/identity_v1/sam_masked_expansion6/crops/LVP_0030/frame_0000_rank_01.png
LVP_0030,0,2,T01,True,,,,0.679524302482605,0.1380990445613861,/shared/ssd_30T/zhuoyingyang/physact/sam3_robowm/identity_v1/sam_masked_expansion6/crops/LVP_0030/frame_0000_rank_02.png
LVP_0030,3,2,T01,False,0.9865232706069946,0.0005463637149256466,0.01024413797348544,0.6744554042816162,0.1461468189954757,/shared/ssd_30T/zhuoyingyang/physact/sam3_robowm/identity_v1/sam_masked_expansion6/crops/LVP_0030/frame_0003_rank_02.png
LVP_0030,3,1,T00,False,0.9607669115066528,0.0008353850603241043,0.0296336626350914,0.8816796541213989,0.7451174855232239,/shared/ssd_30T/zhuoyingyang/physact/sam3_robowm/identity_v1/sam_masked_expansion6/crops/LVP_0030/frame_0003_rank_01.png
LVP_0030,6,2,T01,False,0.9602867960929871,0.003903176428410623,0.03076069703736236,0.6905593276023865,0.1509806960821151,/shared/ssd_30T/zhuoyingyang/physact/sam3_robowm/identity_v1/sam_masked_expansion6/crops/LVP_0030/frame_0006_rank_02.png
LVP_0030,6,1,T00,False,0.9500279426574707,0.00015088752881135836,0.037516764889099816,0.8729073405265808,0.7174291610717773,/shared/ssd_30T/zhuoyingyang/physact/sam3_robowm/identity_v1/sam_masked_expansion6/crops/LVP_0030/frame_0006_rank_01.png
LVP_0030,9,1,T00,False,0.9829273223876953,0.00010467343392412968,0.012830676567709549,0.8803309202194214,0.7107239961624146,/shared/ssd_30T/zhuoyingyang/physact/sam3_robowm/identity_v1/sam_masked_expansion6/crops/LVP_0030/frame_0009_rank_01.png
LVP_0030,9,2,T01,False,0.8941577076911926,0.0031839240739083416,0.08017770025008261,0.6463642120361328,0.1532501131296157,/shared/ssd_30T/zhuoyingyang/physact/sam3_robowm/identity_v1/sam_masked_expansion6/crops/LVP_0030/frame_0009_rank_02.png
LVP_0030,12,1,T00,False,0.9495277404785156,0.0008311711171938831,0.03806198742041175,0.9043607711791992,0.6891060471534729,/shared/ssd_30T/zhuoyingyang/physact/sam3_robowm/identity_v1/sam_masked_expansion6/crops/LVP_0030/frame_0012_rank_01.png
LVP_0030,12,2,T01,False,0.9457436800003052,0.00013133110139773406,0.04072507277512055,0.6403477191925049,0.1609174609184265,/shared/ssd_30T/zhuoyingyang/physact/sam3_robowm/identity_v1/sam_masked_expansion6/crops/LVP_0030/frame_0012_rank_02.png
LVP_0030,15,2,T01,False,0.945271909236908,0.0006524832484360795,0.04120918888442805,0.611542284488678,0.1866339445114135,/shared/ssd_30T/zhuoyingyang/physact/sam3_robowm/identity_v1/sam_masked_expansion6/crops/LVP_0030/frame_0015_rank_02.png
LVP_0030,15,1,T00,False,0.7340344190597534,0.004042173008712027,0.20048472895736294,0.8457929491996765,0.5780110359191895,/shared/ssd_30T/zhuoyingyang/physact/sam3_robowm/identity_v1/sam_masked_expansion6/crops/LVP_0030/frame_0015_rank_01.png
LVP_0030,18,3,T01,False,0.972295880317688,0.00031260169197825597,0.020856240184728574,0.6007789373397827,0.3473587334156036,/shared/ssd_30T/zhuoyingyang/physact/sam3_robowm/identity_v1/sam_masked_expansion6/crops/LVP_0030/frame_0018_rank_03.png
LVP_0030,18,1,T00,False,0.510941743850708,0.011690249198488632,0.36971625441159117,0.7541743516921997,0.3139956891536712,/shared/ssd_30T/zhuoyingyang/physact/sam3_robowm/identity_v1/sam_masked_expansion6/crops/LVP_0030/frame_0018_rank_01.png
LVP_0030,18,2,T02,True,,,,0.6381252408027649,0.1076406463980674,/shared/ssd_30T/zhuoyingyang/physact/sam3_robowm/identity_v1/sam_masked_expansion6/crops/LVP_0030/frame_0018_rank_02.png
LVP_0030,21,2,T02,False,0.9777624607086182,8.04506996134758e-05,0.016698267143439745,0.6386752128601074,0.106026567518711,/shared/ssd_30T/zhuoyingyang/physact/sam3_robowm/identity_v1/sam_masked_expansion6/crops/LVP_0030/frame_0021_rank_02.png
LVP_0030,21,1,T00,False,0.9174966216087341,0.000493982784697394,0.06200102948962375,0.7228112816810608,0.3070947825908661,/shared/ssd_30T/zhuoyingyang/physact/sam3_robowm/identity_v1/sam_masked_expansion6/crops/LVP_0030/frame_0021_rank_01.png
LVP_0030,21,3,T03,True,,,,0.6104346513748169,0.147084042429924,/shared/ssd_30T/zhuoyingyang/physact/sam3_robowm/identity_v1/sam_masked_expansion6/crops/LVP_0030/frame_0021_rank_03.png
LVP_0030,24,3,T03,False,0.822787880897522,0.019752129788285305,0.13784712177392985,0.5938227772712708,0.1650362461805343,/shared/ssd_30T/zhuoyingyang/physact/sam3_robowm/identity_v1/sam_masked_expansion6/crops/LVP_0030/frame_0024_rank_03.png
LVP_0030,24,1,T00,False,0.3934839367866516,0.0032926796488891726,0.4557102173222336,0.758727490901947,0.4074635505676269,/shared/ssd_30T/zhuoyingyang/physact/sam3_robowm/identity_v1/sam_masked_expansion6/crops/LVP_0030/frame_0024_rank_01.png
LVP_0030,24,2,T04,True,,,,0.6030968427658081,0.1038088798522949,/shared/ssd_30T/zhuoyingyang/physact/sam3_robowm/identity_v1/sam_masked_expansion6/crops/LVP_0030/frame_0024_rank_02.png
LVP_0030,27,1,T00,False,0.5590140223503113,0.0008415160906762295,0.3309498622599356,0.8769384026527405,0.6444680094718933,/shared/ssd_30T/zhuoyingyang/physact/sam3_robowm/identity_v1/sam_masked_expansion6/crops/LVP_0030/frame_0027_rank_01.png
LVP_0030,27,2,T05,True,,,,0.6458797454833984,0.181780144572258,/shared/ssd_30T/zhuoyingyang/physact/sam3_robowm/identity_v1/sam_masked_expansion6/crops/LVP_0030/frame_0027_rank_02.png
LVP_0030,30,2,T05,False,0.9420672655105591,0.0016715305267729322,0.04386743349877392,0.651808500289917,0.1653777658939361,/shared/ssd_30T/zhuoyingyang/physact/sam3_robowm/identity_v1/sam_masked_expansion6/crops/LVP_0030/frame_0030_rank_02.png
LVP_0030,30,1,T00,False,0.8046077489852905,0.003064138576628068,0.1473102229051891,0.9021804332733154,0.6835632920265198,/shared/ssd_30T/zhuoyingyang/physact/sam3_robowm/identity_v1/sam_masked_expansion6/crops/LVP_0030/frame_0030_rank_01.png
LVP_0030,33,2,T05,False,0.9759142994880676,0.00040973963400130746,0.018166710292449605,0.6554766893386841,0.1580385565757751,/shared/ssd_30T/zhuoyingyang/physact/sam3_robowm/identity_v1/sam_masked_expansion6/crops/LVP_0030/frame_0033_rank_02.png
LVP_0030,33,1,T00,False,0.9745973944664001,0.0007933921378239543,0.019250302184655878,0.8994941711425781,0.6995356678962708,/shared/ssd_30T/zhuoyingyang/physact/sam3_robowm/identity_v1/sam_masked_expansion6/crops/LVP_0030/frame_0033_rank_01.png
LVP_0030,36,1,T00,False,0.9373377561569214,0.0018295480575374328,0.04745406989669332,0.8988069295883179,0.680604100227356,/shared/ssd_30T/zhuoyingyang/physact/sam3_robowm/identity_v1/sam_masked_expansion6/crops/LVP_0030/frame_0036_rank_01.png
LVP_0030,36,2,T05,False,0.9068397283554077,0.0007447937223284901,0.07005640216402634,0.643923282623291,0.1701432317495346,/shared/ssd_30T/zhuoyingyang/physact/sam3_robowm/identity_v1/sam_masked_expansion6/crops/LVP_0030/frame_0036_rank_02.png
LVP_0030,39,1,T00,False,0.9711025357246399,0.00122250866235131,0.021978725372107908,0.896354079246521,0.6755461692810059,/shared/ssd_30T/zhuoyingyang/physact/sam3_robowm/identity_v1/sam_masked_expansion6/crops/LVP_0030/frame_0039_rank_01.png
LVP_0030,39,3,T05,False,0.9393271207809448,0.001872644481107924,0.04597282053456836,0.6391854286193848,0.1563490331172943,/shared/ssd_30T/zhuoyingyang/physact/sam3_robowm/identity_v1/sam_masked_expansion6/crops/LVP_0030/frame_0039_rank_03.png
LVP_0030,39,2,T06,True,,,,0.7303248047828674,0.1628020405769348,/shared/ssd_30T/zhuoyingyang/physact/sam3_robowm/identity_v1/sam_masked_expansion6/crops/LVP_0030/frame_0039_rank_02.png
LVP_0030,42,1,T00,False,0.9718298316001892,0.0016729908987118294,0.02154587402453605,0.8748098611831665,0.6931771636009216,/shared/ssd_30T/zhuoyingyang/physact/sam3_robowm/identity_v1/sam_masked_expansion6/crops/LVP_0030/frame_0042_rank_01.png
LVP_0030,42,3,T05,False,0.9593580961227417,0.00031176446336435266,0.030559369023784814,0.6416517496109009,0.1567607820034027,/shared/ssd_30T/zhuoyingyang/physact/sam3_robowm/identity_v1/sam_masked_expansion6/crops/LVP_0030/frame_0042_rank_03.png
LVP_0030,42,2,T06,False,0.8085508346557617,0.0023241228035720883,0.14416790470907173,0.7274535298347473,0.1391043066978454,/shared/ssd_30T/zhuoyingyang/physact/sam3_robowm/identity_v1/sam_masked_expansion6/crops/LVP_0030/frame_0042_rank_02.png
LVP_0030,45,1,T00,False,0.9803591966629028,0.0008873141464853442,0.014952431039444212,0.9090020656585692,0.6097277998924255,/shared/ssd_30T/zhuoyingyang/physact/sam3_robowm/identity_v1/sam_masked_expansion6/crops/LVP_0030/frame_0045_rank_01.png
LVP_0030,45,2,T06,False,0.30859413743019104,0.013169188599358618,0.5218466940771964,0.8401012420654297,0.5568522810935974,/shared/ssd_30T/zhuoyingyang/physact/sam3_robowm/identity_v1/sam_masked_expansion6/crops/LVP_0030/frame_0045_rank_02.png
LVP_0030,45,3,T07,True,,,,0.8207007050514221,0.1150830760598182,/shared/ssd_30T/zhuoyingyang/physact/sam3_robowm/identity_v1/sam_masked_expansion6/crops/LVP_0030/frame_0045_rank_03.png
LVP_0030,48,1,T00,False,0.9883444309234619,0.000423714408043687,0.008847605409414486,0.8975415825843811,0.6502830386161804,/shared/ssd_30T/zhuoyingyang/physact/sam3_robowm/identity_v1/sam_masked_expansion6/crops/LVP_0030/frame_0048_rank_01.png
LVP_0030,48,3,T05,False,0.9641706347465515,0.001964615521223426,0.027363177820392222,0.6769062280654907,0.1399046778678894,/shared/ssd_30T/zhuoyingyang/physact/sam3_robowm/identity_v1/sam_masked_expansion6/crops/LVP_0030/frame_0048_rank_03.png
LVP_0030,48,2,T06,False,0.9463187456130981,0.0012110282301395533,0.04056369784771128,0.8630735874176025,0.6082414388656616,/shared/ssd_30T/zhuoyingyang/physact/sam3_robowm/identity_v1/sam_masked_expansion6/crops/LVP_0030/frame_0048_rank_02.png
