case,frame,rank,track_id,is_birth,match_dino,center_distance,match_cost,source_similarity,gdino_score,crop_path
Cosmos2.5_0036,0,1,T00,True,,,,0.9353830814361572,0.7974219918251038,/shared/ssd_30T/zhuoyingyang/physact/sam3_robowm/identity_v1/sam_masked_negative6/crops/Cosmos2.5_0036/frame_0000_rank_01.png
Cosmos2.5_0036,0,2,T01,True,,,,0.6408697366714478,0.1143990531563758,/shared/ssd_30T/zhuoyingyang/physact/sam3_robowm/identity_v1/sam_masked_negative6/crops/Cosmos2.5_0036/frame_0000_rank_02.png
Cosmos2.5_0036,0,3,T02,True,,,,0.6119279861450195,0.1016993448138237,/shared/ssd_30T/zhuoyingyang/physact/sam3_robowm/identity_v1/sam_masked_negative6/crops/Cosmos2.5_0036/frame_0000_rank_03.png
Cosmos2.5_0036,3,1,T00,False,0.9002407193183899,0.0003494337297636264,0.07490681894364849,0.8663011789321899,0.7855073809623718,/shared/ssd_30T/zhuoyingyang/physact/sam3_robowm/identity_v1/sam_masked_negative6/crops/Cosmos2.5_0036/frame_0003_rank_01.png
Cosmos2.5_0036,3,3,T01,False,0.7188053131103516,0.021039989620236316,0.21615601257229541,0.6099838614463806,0.120252713561058,/shared/ssd_30T/zhuoyingyang/physact/sam3_robowm/identity_v1/sam_masked_negative6/crops/Cosmos2.5_0036/frame_0003_rank_03.png
Cosmos2.5_0036,3,2,T02,False,0.30691736936569214,0.3321941229951128,0.6028605037245091,0.6699734330177307,0.1153903901576995,/shared/ssd_30T/zhuoyingyang/physact/sam3_robowm/identity_v1/sam_masked_negative6/crops/Cosmos2.5_0036/frame_0003_rank_02.png
Cosmos2.5_0036,6,1,T00,False,0.9631556272506714,0.0011134797454860036,0.02791164949836796,0.8501127362251282,0.7590517401695251,/shared/ssd_30T/zhuoyingyang/physact/sam3_robowm/identity_v1/sam_masked_negative6/crops/Cosmos2.5_0036/frame_0006_rank_01.png
Cosmos2.5_0036,6,3,T01,False,0.8988291621208191,0.0008746252645942439,0.07609678472553424,0.6224497556686401,0.1083665937185287,/shared/ssd_30T/zhuoyingyang/physact/sam3_robowm/identity_v1/sam_masked_negative6/crops/Cosmos2.5_0036/frame_0006_rank_03.png
Cosmos2.5_0036,6,2,T02,False,0.7624553442001343,0.018269433146408748,0.18272585013650147,0.6417263746261597,0.1151273995637893,/shared/ssd_30T/zhuoyingyang/physact/sam3_robowm/identity_v1/sam_masked_negative6/crops/Cosmos2.5_0036/frame_0006_rank_02.png
Cosmos2.5_0036,9,2,T01,False,0.9673616290092468,0.0006854658850688623,0.024650144714332096,0.6238125562667847,0.1027691736817359,/shared/ssd_30T/zhuoyingyang/physact/sam3_robowm/identity_v1/sam_masked_negative6/crops/Cosmos2.5_0036/frame_0009_rank_02.png
Cosmos2.5_0036,9,1,T00,False,0.9432574510574341,0.00039897549727864424,0.042656655581244096,0.7763060331344604,0.7439025044441223,/shared/ssd_30T/zhuoyingyang/physact/sam3_robowm/identity_v1/sam_masked_negative6/crops/Cosmos2.5_0036/frame_0009_rank_01.png
Cosmos2.5_0036,9,3,T03,True,,,,0.600932240486145,0.1789017915725708,/shared/ssd_30T/zhuoyingyang/physact/sam3_robowm/identity_v1/sam_masked_negative6/crops/Cosmos2.5_0036/frame_0009_rank_03.png
Cosmos2.5_0036,12,3,T03,False,0.987369179725647,0.004358897692321485,0.010562839628845142,0.6058709621429443,0.1675406545400619,/shared/ssd_30T/zhuoyingyang/physact/sam3_robowm/identity_v1/sam_masked_negative6/crops/Cosmos2.5_0036/frame_0012_rank_03.png
Cosmos2.5_0036,12,1,T00,False,0.9692743420600891,0.0003166399113262908,0.023123403432764738,0.8647613525390625,0.7442945241928101,/shared/ssd_30T/zhuoyingyang/physact/sam3_robowm/identity_v1/sam_masked_negative6/crops/Cosmos2.5_0036/frame_0012_rank_01.png
Cosmos2.5_0036,12,2,T01,False,0.7818103432655334,0.01932162423353179,0.16847264860923286,0.6181515455245972,0.1000190079212188,/shared/ssd_30T/zhuoyingyang/physact/sam3_robowm/identity_v1/sam_masked_negative6/crops/Cosmos2.5_0036/frame_0012_rank_02.png
Cosmos2.5_0036,15,3,T01,False,0.9607921838760376,0.0009884870329823214,0.029652983851217382,0.6221455335617065,0.1176283210515976,/shared/ssd_30T/zhuoyingyang/physact/sam3_robowm/identity_v1/sam_masked_negative6/crops/Cosmos2.5_0036/frame_0015_rank_03.png
Cosmos2.5_0036,15,1,T00,False,0.950543224811554,0.0008042348263242568,0.037293640097915595,0.8282496333122253,0.7040117383003235,/shared/ssd_30T/zhuoyingyang/physact/sam3_robowm/identity_v1/sam_masked_negative6/crops/Cosmos2.5_0036/frame_0015_rank_01.png
Cosmos2.5_0036,15,2,T04,True,,,,0.6234102249145508,0.1962819248437881,/shared/ssd_30T/zhuoyingyang/physact/sam3_robowm/identity_v1/sam_masked_negative6/crops/Cosmos2.5_0036/frame_0015_rank_02.png
Cosmos2.5_0036,18,1,T00,False,0.9605650901794434,0.0008823880050297588,0.02979677936667492,0.8038862347602844,0.7260834574699402,/shared/ssd_30T/zhuoyingyang/physact/sam3_robowm/identity_v1/sam_masked_negative6/crops/Cosmos2.5_0036/frame_0018_rank_01.png
Cosmos2.5_0036,18,3,T03,False,0.8987860679626465,0.0067142881156797484,0.07758902105693508,0.6049580574035645,0.2330711185932159,/shared/ssd_30T/zhuoyingyang/physact/sam3_robowm/identity_v1/sam_masked_negative6/crops/Cosmos2.5_0036/frame_0018_rank_03.png
Cosmos2.5_0036,18,2,T04,False,0.7232248783111572,0.01368959663421892,0.2110037404251868,0.6301881074905396,0.1697554439306259,/shared/ssd_30T/zhuoyingyang/physact/sam3_robowm/identity_v1/sam_masked_negative6/crops/Cosmos2.5_0036/frame_0018_rank_02.png
Cosmos2.5_0036,21,3,T03,False,0.9864303469657898,0.001916059643387917,0.010656254686504633,0.609735906124115,0.2302005589008331,/shared/ssd_30T/zhuoyingyang/physact/sam3_robowm/identity_v1/sam_masked_negative6/crops/Cosmos2.5_0036/frame_0021_rank_03.png
Cosmos2.5_0036,21,1,T00,False,0.972062349319458,0.0006997664904162545,0.021128179633010558,0.8423445224761963,0.7290360331535339,/shared/ssd_30T/zhuoyingyang/physact/sam3_robowm/identity_v1/sam_masked_negative6/crops/Cosmos2.5_0036/frame_0021_rank_01.png
Cosmos2.5_0036,21,2,T04,False,0.8202779293060303,0.0033960159436449205,0.13564055700638852,0.6230276823043823,0.1554431468248367,/shared/ssd_30T/zhuoyingyang/physact/sam3_robowm/identity_v1/sam_masked_negative6/crops/Cosmos2.5_0036/frame_0021_rank_02.png
Cosmos2.5_0036,24,1,T00,False,0.987951934337616,0.00043023177459815043,0.009143607190437563,0.8247921466827393,0.749562680721283,/shared/ssd_30T/zhuoyingyang/physact/sam3_robowm/identity_v1/sam_masked_negative6/crops/Cosmos2.5_0036/frame_0024_rank_01.png
Cosmos2.5_0036,24,2,T03,False,0.9799506664276123,0.005821322033401317,0.0164923306876411,0.6097385287284851,0.2019344568252563,/shared/ssd_30T/zhuoyingyang/physact/sam3_robowm/identity_v1/sam_masked_negative6/crops/Cosmos2.5_0036/frame_0024_rank_02.png
Cosmos2.5_0036,24,3,T05,True,,,,0.5788363218307495,0.1157320588827133,/shared/ssd_30T/zhuoyingyang/physact/sam3_robowm/identity_v1/sam_masked_negative6/crops/Cosmos2.5_0036/frame_0024_rank_03.png
Cosmos2.5_0036,27,1,T00,False,0.9654722213745117,0.00038153774987975545,0.02599121840658615,0.8462184071540833,0.712012529373169,/shared/ssd_30T/zhuoyingyang/physact/sam3_robowm/identity_v1/sam_masked_negative6/crops/Cosmos2.5_0036/frame_0027_rank_01.png
Cosmos2.5_0036,27,3,T03,False,0.9535140991210938,0.007401547574308506,0.03671481255275681,0.6186690926551819,0.2252479195594787,/shared/ssd_30T/zhuoyingyang/physact/sam3_robowm/identity_v1/sam_masked_negative6/crops/Cosmos2.5_0036/frame_0027_rank_03.png
Cosmos2.5_0036,27,2,T04,False,0.7349920272827148,0.011424092978967711,0.2016120027827058,0.6286239624023438,0.1078975051641464,/shared/ssd_30T/zhuoyingyang/physact/sam3_robowm/identity_v1/sam_masked_negative6/crops/Cosmos2.5_0036/frame_0027_rank_02.png
Cosmos2.5_0036,30,1,T00,False,0.9536229968070984,0.0001542481523911675,0.034821314432774,0.8147239685058594,0.672636866569519,/shared/ssd_30T/zhuoyingyang/physact/sam3_robowm/identity_v1/sam_masked_negative6/crops/Cosmos2.5_0036/frame_0030_rank_01.png
Cosmos2.5_0036,30,2,T04,False,0.8140727281570435,0.0019404655942112685,0.13993057028077022,0.6347572207450867,0.1376660019159317,/shared/ssd_30T/zhuoyingyang/physact/sam3_robowm/identity_v1/sam_masked_negative6/crops/Cosmos2.5_0036/frame_0030_rank_02.png
Cosmos2.5_0036,30,3,T05,False,0.2639602720737457,0.18099848354923442,0.5972794168319993,0.6301736235618591,0.1024353206157684,/shared/ssd_30T/zhuoyingyang/physact/sam3_robowm/identity_v1/sam_masked_negative6/crops/Cosmos2.5_0036/frame_0030_rank_03.png
Cosmos2.5_0036,33,2,T03,False,0.9551564455032349,0.003963402767383561,0.03462351656441974,0.6235908269882202,0.2551440894603729,/shared/ssd_30T/zhuoyingyang/physact/sam3_robowm/identity_v1/sam_masked_negative6/crops/Cosmos2.5_0036/frame_0033_rank_02.png
Cosmos2.5_0036,33,1,T00,False,0.8953219056129456,0.0024939157662890866,0.07913204973186311,0.8271841406822205,0.6586223244667053,/shared/ssd_30T/zhuoyingyang/physact/sam3_robowm/identity_v1/sam_masked_negative6/crops/Cosmos2.5_0036/frame_0033_rank_01.png
Cosmos2.5_0036,33,3,T04,False,0.7245901823043823,0.006869468175157558,0.20827473031550264,0.606366753578186,0.1772357523441314,/shared/ssd_30T/zhuoyingyang/physact/sam3_robowm/identity_v1/sam_masked_negative6/crops/Cosmos2.5_0036/frame_0033_rank_03.png
Cosmos2.5_0036,36,1,T00,False,0.8033454418182373,0.008035337503350046,0.14949975301215954,0.6855987906455994,0.6589933633804321,/shared/ssd_30T/zhuoyingyang/physact/sam3_robowm/identity_v1/sam_masked_negative6/crops/Cosmos2.5_0036/frame_0036_rank_01.png
Cosmos2.5_0036,36,3,T05,False,0.7755528688430786,0.004481313433195524,0.16945567672598993,0.6269925832748413,0.1351936161518097,/shared/ssd_30T/zhuoyingyang/physact/sam3_robowm/identity_v1/sam_masked_negative6/crops/Cosmos2.5_0036/frame_0036_rank_03.png
Cosmos2.5_0036,36,2,T04,False,0.29454368352890015,0.03984014492864017,0.5390522735854849,0.6392948031425476,0.1053295508027076,/shared/ssd_30T/zhuoyingyang/physact/sam3_robowm/identity_v1/sam_masked_negative6/crops/Cosmos2.5_0036/frame_0036_rank_02.png
Cosmos2.5_0036,39,3,T05,False,0.9647443890571594,0.000633411939472886,0.026600061191998654,0.6245617866516113,0.1204811334609985,/shared/ssd_30T/zhuoyingyang/physact/sam3_robowm/identity_v1/sam_masked_negative6/crops/Cosmos2.5_0036/frame_0039_rank_03.png
Cosmos2.5_0036,39,1,T00,False,0.8414814472198486,0.0023049258782002536,0.11946514605466359,0.8356969952583313,0.7286266088485718,/shared/ssd_30T/zhuoyingyang/physact/sam3_robowm/identity_v1/sam_masked_negative6/crops/Cosmos2.5_0036/frame_0039_rank_01.png
Cosmos2.5_0036,39,2,T04,False,0.3984414339065552,0.0434873329821602,0.46204075781562365,0.6383630037307739,0.1676545590162277,/shared/ssd_30T/zhuoyingyang/physact/sam3_robowm/identity_v1/sam_masked_negative6/crops/Cosmos2.5_0036/frame_0039_rank_02.png
Cosmos2.5_0036,42,1,T00,False,0.9879422187805176,0.00011594220028804422,0.009072321464683827,0.8450853824615479,0.753104567527771,/shared/ssd_30T/zhuoyingyang/physact/sam3_robowm/identity_v1/sam_masked_negative6/crops/Cosmos2.5_0036/frame_0042_rank_01.png
Cosmos2.5_0036,42,2,T04,False,0.9187558889389038,0.00024828655284954594,0.06099515493403453,0.6414563655853271,0.1393882632255554,/shared/ssd_30T/zhuoyingyang/physact/sam3_robowm/identity_v1/sam_masked_negative6/crops/Cosmos2.5_0036/frame_0042_rank_02.png
Cosmos2.5_0036,42,3,T06,True,,,,0.6082054376602173,0.1947665959596634,/shared/ssd_30T/zhuoyingyang/physact/sam3_robowm/identity_v1/sam_masked_negative6/crops/Cosmos2.5_0036/frame_0042_rank_03.png
Cosmos2.5_0036,45,1,T00,False,0.9670108556747437,0.0007347189377535917,0.02492553797838066,0.8250162601470947,0.7475442886352539,/shared/ssd_30T/zhuoyingyang/physact/sam3_robowm/identity_v1/sam_masked_negative6/crops/Cosmos2.5_0036/frame_0045_rank_01.png
Cosmos2.5_0036,45,3,T05,False,0.9588115215301514,0.00018705358919310518,0.03093812224968475,0.6136137843132019,0.1140840202569961,/shared/ssd_30T/zhuoyingyang/physact/sam3_robowm/identity_v1/sam_masked_negative6/crops/Cosmos2.5_0036/frame_0045_rank_03.png
Cosmos2.5_0036,45,2,T04,False,0.8948191404342651,0.0007898843609538838,0.07908311576453962,0.6147398948669434,0.1202020123600959,/shared/ssd_30T/zhuoyingyang/physact/sam3_robowm/identity_v1/sam_masked_negative6/crops/Cosmos2.5_0036/frame_0045_rank_02.png
Cosmos2.5_0036,48,2,T06,False,0.9708696603775024,0.0031534690465177474,0.022636121978502607,0.6160602569580078,0.2008854001760482,/shared/ssd_30T/zhuoyingyang/physact/sam3_robowm/identity_v1/sam_masked_negative6/crops/Cosmos2.5_0036/frame_0048_rank_02.png
Cosmos2.5_0036,48,1,T00,False,0.9031776189804077,0.001957568806153185,0.0731061779662325,0.7381120324134827,0.7405995726585388,/shared/ssd_30T/zhuoyingyang/physact/sam3_robowm/identity_v1/sam_masked_negative6/crops/Cosmos2.5_0036/frame_0048_rank_01.png
Cosmos2.5_0036,48,3,T04,False,0.7987422943115234,0.002568537043759508,0.1515854135272973,0.5971245765686035,0.1273120045661926,/shared/ssd_30T/zhuoyingyang/physact/sam3_robowm/identity_v1/sam_masked_negative6/crops/Cosmos2.5_0036/frame_0048_rank_03.png
Cosmos2.5_0036,51,3,T06,False,0.9668330550193787,0.00020159374298151257,0.02492560717121138,0.6157352924346924,0.2063644528388977,/shared/ssd_30T/zhuoyingyang/physact/sam3_robowm/identity_v1/sam_masked_negative6/crops/Cosmos2.5_0036/frame_0051_rank_03.png
Cosmos2.5_0036,51,1,T00,False,0.9094997048377991,0.005307468390343062,0.06920208846923646,0.7744544744491577,0.7234309911727905,/shared/ssd_30T/zhuoyingyang/physact/sam3_robowm/identity_v1/sam_masked_negative6/crops/Cosmos2.5_0036/frame_0051_rank_01.png
Cosmos2.5_0036,51,2,T04,False,0.3424563705921173,0.0486616171723288,0.5053231263489942,0.662100613117218,0.1188314408063888,/shared/ssd_30T/zhuoyingyang/physact/sam3_robowm/identity_v1/sam_masked_negative6/crops/Cosmos2.5_0036/frame_0051_rank_02.png
Cosmos2.5_0036,54,3,T06,False,0.9725679755210876,0.003411721116448199,0.021426948638296316,0.6173031330108643,0.2264043986797332,/shared/ssd_30T/zhuoyingyang/physact/sam3_robowm/identity_v1/sam_masked_negative6/crops/Cosmos2.5_0036/frame_0054_rank_03.png
Cosmos2.5_0036,54,1,T00,False,0.8284051418304443,0.006372391001762963,0.1302892413776075,0.8246465921401978,0.706595242023468,/shared/ssd_30T/zhuoyingyang/physact/sam3_robowm/identity_v1/sam_masked_negative6/crops/Cosmos2.5_0036/frame_0054_rank_01.png
Cosmos2.5_0036,54,2,T04,False,0.7982149720191956,0.006406484485758407,0.15294039210704294,0.662744402885437,0.1066382229328155,/shared/ssd_30T/zhuoyingyang/physact/sam3_robowm/identity_v1/sam_masked_negative6/crops/Cosmos2.5_0036/frame_0054_rank_02.png
Cosmos2.5_0036,57,2,T04,False,0.9191458821296692,0.005326017950971251,0.061972092890490924,0.6455965638160706,0.1030141785740852,/shared/ssd_30T/zhuoyingyang/physact/sam3_robowm/identity_v1/sam_masked_negative6/crops/Cosmos2.5_0036/frame_0057_rank_02.png
Cosmos2.5_0036,57,1,T00,False,0.8939439058303833,0.005882068025393047,0.08101258763356078,0.8677399158477783,0.599968433380127,/shared/ssd_30T/zhuoyingyang/physact/sam3_robowm/identity_v1/sam_masked_negative6/crops/Cosmos2.5_0036/frame_0057_rank_01.png
Cosmos2.5_0036,57,3,T06,False,0.3841039836406708,0.1620203415050472,0.5024270976457588,0.6353186368942261,0.1194321140646934,/shared/ssd_30T/zhuoyingyang/physact/sam3_robowm/identity_v1/sam_masked_negative6/crops/Cosmos2.5_0036/frame_0057_rank_03.png
Cosmos2.5_0036,60,2,T04,False,0.943121612071991,0.0024997289063824813,0.043283723172602394,0.6576697826385498,0.1004184037446975,/shared/ssd_30T/zhuoyingyang/physact/sam3_robowm/identity_v1/sam_masked_negative6/crops/Cosmos2.5_0036/frame_0060_rank_02.png
Cosmos2.5_0036,60,1,T00,False,0.8236968517303467,0.0023820491332559334,0.13282287348555397,0.870752215385437,0.6892770528793335,/shared/ssd_30T/zhuoyingyang/physact/sam3_robowm/identity_v1/sam_masked_negative6/crops/Cosmos2.5_0036/frame_0060_rank_01.png
Cosmos2.5_0036,60,3,T06,False,0.3736898899078369,0.16438804204982396,0.5108295930815783,0.6166536808013916,0.2536364793777466,/shared/ssd_30T/zhuoyingyang/physact/sam3_robowm/identity_v1/sam_masked_negative6/crops/Cosmos2.5_0036/frame_0060_rank_03.png
Cosmos2.5_0036,63,1,T00,False,0.9930393099784851,0.0002631364956923577,0.005286301640059259,0.8755393624305725,0.6875145435333252,/shared/ssd_30T/zhuoyingyang/physact/sam3_robowm/identity_v1/sam_masked_negative6/crops/Cosmos2.5_0036/frame_0063_rank_01.png
Cosmos2.5_0036,63,2,T06,False,0.9570151567459106,0.0006508973027857018,0.03240135676626344,0.616256833076477,0.2599107921123504,/shared/ssd_30T/zhuoyingyang/physact/sam3_robowm/identity_v1/sam_masked_negative6/crops/Cosmos2.5_0036/frame_0063_rank_02.png
Cosmos2.5_0036,63,3,T07,True,,,,0.5969623327255249,0.1233894377946853,/shared/ssd_30T/zhuoyingyang/physact/sam3_robowm/identity_v1/sam_masked_negative6/crops/Cosmos2.5_0036/frame_0063_rank_03.png
Cosmos2.5_0036,66,3,T06,False,0.9958211183547974,0.0009260037741669592,0.0033656621774437174,0.6147679090499878,0.2556228339672088,/shared/ssd_30T/zhuoyingyang/physact/sam3_robowm/identity_v1/sam_masked_negative6/crops/Cosmos2.5_0036/frame_0066_rank_03.png
Cosmos2.5_0036,66,1,T00,False,0.982836902141571,0.00019342873579757848,0.01292068057777111,0.8341985940933228,0.6824526190757751,/shared/ssd_30T/zhuoyingyang/physact/sam3_robowm/identity_v1/sam_masked_negative6/crops/Cosmos2.5_0036/frame_0066_rank_01.png
Cosmos2.5_0036,66,2,T04,False,0.9282297492027283,0.0005392587120344144,0.0539625027759624,0.6595362424850464,0.101945012807846,/shared/ssd_30T/zhuoyingyang/physact/sam3_robowm/identity_v1/sam_masked_negative6/crops/Cosmos2.5_0036/frame_0066_rank_02.png
Cosmos2.5_0036,69,2,T06,False,0.9943274259567261,6.593551968026655e-05,0.004270914412375511,0.6123809218406677,0.2470351457595825,/shared/ssd_30T/zhuoyingyang/physact/sam3_robowm/identity_v1/sam_masked_negative6/crops/Cosmos2.5_0036/frame_0069_rank_02.png
Cosmos2.5_0036,69,1,T00,False,0.9924750328063965,5.437863856597142e-05,0.00565732005484413,0.8516470193862915,0.6770676374435425,/shared/ssd_30T/zhuoyingyang/physact/sam3_robowm/identity_v1/sam_masked_negative6/crops/Cosmos2.5_0036/frame_0069_rank_01.png
Cosmos2.5_0036,69,3,T07,False,0.9315845370292664,9.912569367876322e-05,0.05133637865146992,0.5800194144248962,0.1249604970216751,/shared/ssd_30T/zhuoyingyang/physact/sam3_robowm/identity_v1/sam_masked_negative6/crops/Cosmos2.5_0036/frame_0069_rank_03.png
Cosmos2.5_0036,72,2,T06,False,0.9982454180717468,0.00043778658812931967,0.0014253830932222102,0.6098002791404724,0.243795096874237,/shared/ssd_30T/zhuoyingyang/physact/sam3_robowm/identity_v1/sam_masked_negative6/crops/Cosmos2.5_0036/frame_0072_rank_02.png
Cosmos2.5_0036,72,1,T00,False,0.9913632869720459,0.00023665890579633312,0.00653669949741466,0.8472452163696289,0.6965875029563904,/shared/ssd_30T/zhuoyingyang/physact/sam3_robowm/identity_v1/sam_masked_negative6/crops/Cosmos2.5_0036/frame_0072_rank_01.png
Cosmos2.5_0036,72,3,T04,False,0.2713431119918823,0.048860057126049836,0.5587076802876008,0.5833439826965332,0.1142493784427642,/shared/ssd_30T/zhuoyingyang/physact/sam3_robowm/identity_v1/sam_masked_negative6/crops/Cosmos2.5_0036/frame_0072_rank_03.png
Cosmos2.5_0036,75,2,T06,False,0.9909902811050415,0.0005905517822551477,0.006904927116782659,0.6103715896606445,0.2434763610363006,/shared/ssd_30T/zhuoyingyang/physact/sam3_robowm/identity_v1/sam_masked_negative6/crops/Cosmos2.5_0036/frame_0075_rank_02.png
Cosmos2.5_0036,75,1,T00,False,0.9491676092147827,0.0019070974062620658,0.03860106744047848,0.8461142182350159,0.6996020078659058,/shared/ssd_30T/zhuoyingyang/physact/sam3_robowm/identity_v1/sam_masked_negative6/crops/Cosmos2.5_0036/frame_0075_rank_01.png
Cosmos2.5_0036,75,3,T04,False,0.9473161101341248,0.0005142874497393777,0.03964148926184128,0.5982766151428223,0.1166238784790039,/shared/ssd_30T/zhuoyingyang/physact/sam3_robowm/identity_v1/sam_masked_negative6/crops/Cosmos2.5_0036/frame_0075_rank_03.png
Cosmos2.5_0036,78,2,T06,False,0.9898766279220581,0.00015645520304425635,0.007631642859217485,0.6073912978172302,0.2432823479175567,/shared/ssd_30T/zhuoyingyang/physact/sam3_robowm/identity_v1/sam_masked_negative6/crops/Cosmos2.5_0036/frame_0078_rank_02.png
Cosmos2.5_0036,78,1,T00,False,0.9691121578216553,0.0002767543818625591,0.023235070229224185,0.8544157147407532,0.6959450244903564,/shared/ssd_30T/zhuoyingyang/physact/sam3_robowm/identity_v1/sam_masked_negative6/crops/Cosmos2.5_0036/frame_0078_rank_01.png
Cosmos2.5_0036,78,3,T08,True,,,,0.5915676355361938,0.1315712928771972,/shared/ssd_30T/zhuoyingyang/physact/sam3_robowm/identity_v1/sam_masked_negative6/crops/Cosmos2.5_0036/frame_0078_rank_03.png
Cosmos2.5_0036,81,1,T00,False,0.9939150214195251,0.00026481282475467917,0.0046299371415448095,0.8421441316604614,0.6951761841773987,/shared/ssd_30T/zhuoyingyang/physact/sam3_robowm/identity_v1/sam_masked_negative6/crops/Cosmos2.5_0036/frame_0081_rank_01.png
Cosmos2.5_0036,81,2,T06,False,0.9777284860610962,0.000510353852983637,0.016831223917423765,0.6138197183609009,0.2426708191633224,/shared/ssd_30T/zhuoyingyang/physact/sam3_robowm/identity_v1/sam_masked_negative6/crops/Cosmos2.5_0036/frame_0081_rank_02.png
Cosmos2.5_0036,81,3,T04,False,0.31798291206359863,0.13939834346046331,0.5463624018174169,0.5679565668106079,0.1027558296918869,/shared/ssd_30T/zhuoyingyang/physact/sam3_robowm/identity_v1/sam_masked_negative6/crops/Cosmos2.5_0036/frame_0081_rank_03.png
Cosmos2.5_0036,84,3,T06,False,0.9763214588165283,0.0015109284325682947,0.018136637995745834,0.6178895831108093,0.2375974804162979,/shared/ssd_30T/zhuoyingyang/physact/sam3_robowm/identity_v1/sam_masked_negative6/crops/Cosmos2.5_0036/frame_0084_rank_03.png
Cosmos2.5_0036,84,1,T00,False,0.9638291597366333,7.469195670512564e-05,0.027146803186701304,0.8266996145248413,0.7005628943443298,/shared/ssd_30T/zhuoyingyang/physact/sam3_robowm/identity_v1/sam_masked_negative6/crops/Cosmos2.5_0036/frame_0084_rank_01.png
Cosmos2.5_0036,84,2,T09,True,,,,0.6658966541290283,0.1056071892380714,/shared/ssd_30T/zhuoyingyang/physact/sam3_robowm/identity_v1/sam_masked_negative6/crops/Cosmos2.5_0036/frame_0084_rank_02.png
Cosmos2.5_0036,87,2,T06,False,0.9612401723861694,0.0019006642392380517,0.02954503677018244,0.614260733127594,0.2041043639183044,/shared/ssd_30T/zhuoyingyang/physact/sam3_robowm/identity_v1/sam_masked_negative6/crops/Cosmos2.5_0036/frame_0087_rank_02.png
Cosmos2.5_0036,87,1,T00,False,0.9127721786499023,5.6319971406327095e-05,0.06543494600542482,0.8101961016654968,0.7376825213432312,/shared/ssd_30T/zhuoyingyang/physact/sam3_robowm/identity_v1/sam_masked_negative6/crops/Cosmos2.5_0036/frame_0087_rank_01.png
Cosmos2.5_0036,87,3,T09,False,0.27211618423461914,0.051357342156870565,0.5587521973632533,0.6035556793212891,0.2020564973354339,/shared/ssd_30T/zhuoyingyang/physact/sam3_robowm/identity_v1/sam_masked_negative6/crops/Cosmos2.5_0036/frame_0087_rank_03.png
Cosmos2.5_0036,90,1,T00,False,0.9344362020492554,0.0012762811257269456,0.04949191874449021,0.7891548871994019,0.7074418067932129,/shared/ssd_30T/zhuoyingyang/physact/sam3_robowm/identity_v1/sam_masked_negative6/crops/Cosmos2.5_0036/frame_0090_rank_01.png
Cosmos2.5_0036,90,3,T09,False,0.5127869844436646,0.33581419503011195,0.44936331042477956,0.6194045543670654,0.1022793129086494,/shared/ssd_30T/zhuoyingyang/physact/sam3_robowm/identity_v1/sam_masked_negative6/crops/Cosmos2.5_0036/frame_0090_rank_03.png
Cosmos2.5_0036,90,2,T10,True,,,,0.6536719799041748,0.1114486157894134,/shared/ssd_30T/zhuoyingyang/physact/sam3_robowm/identity_v1/sam_masked_negative6/crops/Cosmos2.5_0036/frame_0090_rank_02.png
Cosmos2.5_0036,92,1,T00,False,0.9820544719696045,0.00035115708311112416,0.013546935293574413,0.826996922492981,0.7377153635025024,/shared/ssd_30T/zhuoyingyang/physact/sam3_robowm/identity_v1/sam_masked_negative6/crops/Cosmos2.5_0036/frame_0092_rank_01.png
Cosmos2.5_0036,92,2,T10,False,0.9761597514152527,0.00034349345069182896,0.017966059801233444,0.6576460599899292,0.1050023883581161,/shared/ssd_30T/zhuoyingyang/physact/sam3_robowm/identity_v1/sam_masked_negative6/crops/Cosmos2.5_0036/frame_0092_rank_02.png
Cosmos2.5_0036,92,3,T06,False,0.9718620777130127,0.0024359116675414755,0.02171241963212585,0.6122708320617676,0.2117739766836166,/shared/ssd_30T/zhuoyingyang/physact/sam3_robowm/identity_v1/sam_masked_negative6/crops/Cosmos2.5_0036/frame_0092_rank_03.png
Cosmos2.5_0057,0,1,T00,True,,,,0.9722316861152648,0.7040800452232361,/shared/ssd_30T/zhuoyingyang/physact/sam3_robowm/identity_v1/sam_masked_negative6/crops/Cosmos2.5_0057/frame_0000_rank_01.png
Cosmos2.5_0057,0,2,T01,True,,,,0.7249230146408081,0.1103783175349235,/shared/ssd_30T/zhuoyingyang/physact/sam3_robowm/identity_v1/sam_masked_negative6/crops/Cosmos2.5_0057/frame_0000_rank_02.png
Cosmos2.5_0057,0,3,T02,True,,,,0.7109590768814087,0.1006798893213272,/shared/ssd_30T/zhuoyingyang/physact/sam3_robowm/identity_v1/sam_masked_negative6/crops/Cosmos2.5_0057/frame_0000_rank_03.png
Cosmos2.5_0057,3,1,T00,False,0.8816105723381042,0.00013595584826452833,0.08882605970848795,0.96709144115448,0.6480932235717773,/shared/ssd_30T/zhuoyingyang/physact/sam3_robowm/identity_v1/sam_masked_negative6/crops/Cosmos2.5_0057/frame_0003_rank_01.png
Cosmos2.5_0057,3,2,T02,False,0.8007621765136719,0.0018876635850626482,0.14990028351101176,0.6925212144851685,0.1539085954427719,/shared/ssd_30T/zhuoyingyang/physact/sam3_robowm/identity_v1/sam_masked_negative6/crops/Cosmos2.5_0057/frame_0003_rank_02.png
Cosmos2.5_0057,3,3,T01,False,0.5995890498161316,0.047166366167215486,0.3120998041797052,0.6036499738693237,0.1081624627113342,/shared/ssd_30T/zhuoyingyang/physact/sam3_robowm/identity_v1/sam_masked_negative6/crops/Cosmos2.5_0057/frame_0003_rank_03.png
Cosmos2.5_0057,6,2,T02,False,0.9176297187805176,0.0011323260997370757,0.062060792439546084,0.7556853890419006,0.1847509145736694,/shared/ssd_30T/zhuoyingyang/physact/sam3_robowm/identity_v1/sam_masked_negative6/crops/Cosmos2.5_0057/frame_0006_rank_02.png
Cosmos2.5_0057,6,1,T00,False,0.8268541693687439,0.00023805780177661015,0.12991888742388624,0.9099152088165284,0.6168983578681946,/shared/ssd_30T/zhuoyingyang/physact/sam3_robowm/identity_v1/sam_masked_negative6/crops/Cosmos2.5_0057/frame_0006_rank_01.png
Cosmos2.5_0057,6,3,T01,False,0.250871479511261,0.11588235242929787,0.5908169784738787,0.6256741285324097,0.1101572811603546,/shared/ssd_30T/zhuoyingyang/physact/sam3_robowm/identity_v1/sam_masked_negative6/crops/Cosmos2.5_0057/frame_0006_rank_03.png
Cosmos2.5_0057,9,3,T02,False,0.9263126850128174,0.00046876402469837484,0.055382677246561554,0.7608507871627808,0.1973392069339752,/shared/ssd_30T/zhuoyingyang/physact/sam3_robowm/identity_v1/sam_masked_negative6/crops/Cosmos2.5_0057/frame_0009_rank_03.png
Cosmos2.5_0057,9,1,T00,False,0.8478265404701233,0.0017638450720199668,0.11457105591541253,0.8173150420188904,0.5368079543113708,/shared/ssd_30T/zhuoyingyang/physact/sam3_robowm/identity_v1/sam_masked_negative6/crops/Cosmos2.5_0057/frame_0009_rank_01.png
Cosmos2.5_0057,9,2,T01,False,0.3327246606349945,0.23150384374667715,0.5583324654604234,0.7831746339797974,0.178269624710083,/shared/ssd_30T/zhuoyingyang/physact/sam3_robowm/identity_v1/sam_masked_negative6/crops/Cosmos2.5_0057/frame_0009_rank_02.png
Cosmos2.5_0057,12,1,T02,False,0.8644903898239136,0.0010430912657111908,0.10189298044849261,0.7897628545761108,0.2157606780529022,/shared/ssd_30T/zhuoyingyang/physact/sam3_robowm/identity_v1/sam_masked_negative6/crops/Cosmos2.5_0057/frame_0012_rank_01.png
Cosmos2.5_0057,12,2,T00,False,0.7300063371658325,0.004637484164815703,0.20365461816682953,0.7828365564346313,0.5219762325286865,/shared/ssd_30T/zhuoyingyang/physact/sam3_robowm/identity_v1/sam_masked_negative6/crops/Cosmos2.5_0057/frame_0012_rank_02.png
Cosmos2.5_0057,12,3,T01,False,0.4299066960811615,0.009440636783599696,0.4299301371350288,0.6849896907806396,0.1065721288323402,/shared/ssd_30T/zhuoyingyang/physact/sam3_robowm/identity_v1/sam_masked_negative6/crops/Cosmos2.5_0057/frame_0012_rank_03.png
Cosmos2.5_0057,15,2,T02,False,0.9041213989257812,0.0006500231203042248,0.07207145658574012,0.7726529836654663,0.172234445810318,/shared/ssd_30T/zhuoyingyang/physact/sam3_robowm/identity_v1/sam_masked_negative6/crops/Cosmos2.5_0057/frame_0015_rank_02.png
Cosmos2.5_0057,15,1,T00,False,0.8091603517532349,0.036015219521055665,0.15213354106533777,0.7746984958648682,0.5354510545730591,/shared/ssd_30T/zhuoyingyang/physact/sam3_robowm/identity_v1/sam_masked_negative6/crops/Cosmos2.5_0057/frame_0015_rank_01.png
Cosmos2.5_0057,15,3,T01,False,0.8011305332183838,0.036600007900834446,0.15830210206142076,0.6993333101272583,0.1228341832756996,/shared/ssd_30T/zhuoyingyang/physact/sam3_robowm/identity_v1/sam_masked_negative6/crops/Cosmos2.5_0057/frame_0015_rank_03.png
Cosmos2.5_0057,18,2,T02,False,0.8701627254486084,0.0035417449582429423,0.09826339215310444,0.7701237201690674,0.1948328018188476,/shared/ssd_30T/zhuoyingyang/physact/sam3_robowm/identity_v1/sam_masked_negative6/crops/Cosmos2.5_0057/frame_0018_rank_02.png
Cosmos2.5_0057,18,1,T00,False,0.7995872497558594,0.05485148556348457,0.1640224340739766,0.7754216194152832,0.5175871849060059,/shared/ssd_30T/zhuoyingyang/physact/sam3_robowm/identity_v1/sam_masked_negative6/crops/Cosmos2.5_0057/frame_0018_rank_01.png
Cosmos2.5_0057,18,3,T03,True,,,,0.7204992175102234,0.1669506430625915,/shared/ssd_30T/zhuoyingyang/physact/sam3_robowm/identity_v1/sam_masked_negative6/crops/Cosmos2.5_0057/frame_0018_rank_03.png
Cosmos2.5_0057,21,2,T02,False,0.8987744450569153,0.00305466329138661,0.07668283203016019,0.760806679725647,0.14212267100811,/shared/ssd_30T/zhuoyingyang/physact/sam3_robowm/identity_v1/sam_masked_negative6/crops/Cosmos2.5_0057/frame_0021_rank_02.png
Cosmos2.5_0057,21,3,T03,False,0.8735359907150269,0.000658636378071193,0.09501266605824765,0.7327797412872314,0.1432353556156158,/shared/ssd_30T/zhuoyingyang/physact/sam3_robowm/identity_v1/sam_masked_negative6/crops/Cosmos2.5_0057/frame_0021_rank_03.png
Cosmos2.5_0057,21,1,T00,False,0.7326869368553162,0.03834837482228343,0.21007189106408375,0.8738983869552612,0.5853304862976074,/shared/ssd_30T/zhuoyingyang/physact/sam3_robowm/identity_v1/sam_masked_negative6/crops/Cosmos2.5_0057/frame_0021_rank_01.png
Cosmos2.5_0057,24,3,T03,False,0.9458632469177246,0.00011108102145583794,0.040630335067070505,0.7534147500991821,0.1487168222665786,/shared/ssd_30T/zhuoyingyang/physact/sam3_robowm/identity_v1/sam_masked_negative6/crops/Cosmos2.5_0057/frame_0024_rank_03.png
Cosmos2.5_0057,24,2,T02,False,0.9443846940994263,0.0007059139619567072,0.041887957915919476,0.7602255344390869,0.1625052541494369,/shared/ssd_30T/zhuoyingyang/physact/sam3_robowm/identity_v1/sam_masked_negative6/crops/Cosmos2.5_0057/frame_0024_rank_02.png
Cosmos2.5_0057,24,1,T00,False,0.6392065286636353,0.011102026281523155,0.27337061007265434,0.8180798292160034,0.5857612490653992,/shared/ssd_30T/zhuoyingyang/physact/sam3_robowm/identity_v1/sam_masked_negative6/crops/Cosmos2.5_0057/frame_0024_rank_01.png
Cosmos2.5_0057,27,3,T02,False,0.9050660133361816,0.0004044933126205368,0.0713016133260189,0.7543339729309082,0.1800138652324676,/shared/ssd_30T/zhuoyingyang/physact/sam3_robowm/identity_v1/sam_masked_negative6/crops/Cosmos2.5_0057/frame_0027_rank_03.png
Cosmos2.5_0057,27,1,T00,False,0.7197686433792114,0.019333406540500805,0.21500686910071662,0.8527613878250122,0.5774920582771301,/shared/ssd_30T/zhuoyingyang/physact/sam3_robowm/identity_v1/sam_masked_negative6/crops/Cosmos2.5_0057/frame_0027_rank_01.png
Cosmos2.5_0057,27,2,T03,False,0.46174174547195435,0.30309474946777554,0.47946737826297814,0.8052806854248047,0.1026116758584976,/shared/ssd_30T/zhuoyingyang/physact/sam3_robowm/identity_v1/sam_masked_negative6/crops/Cosmos2.5_0057/frame_0027_rank_02.png
Cosmos2.5_0057,30,3,T02,False,0.9624545574188232,0.000916560889683731,0.0283882221583035,0.7381900548934937,0.1739200055599212,/shared/ssd_30T/zhuoyingyang/physact/sam3_robowm/identity_v1/sam_masked_negative6/crops/Cosmos2.5_0057/frame_0030_rank_03.png
Cosmos2.5_0057,30,1,T00,False,0.8293179273605347,0.007140872519431496,0.12979677260945688,0.7912410497665405,0.5349147915840149,/shared/ssd_30T/zhuoyingyang/physact/sam3_robowm/identity_v1/sam_masked_negative6/crops/Cosmos2.5_0057/frame_0030_rank_01.png
Cosmos2.5_0057,30,2,T03,False,0.5548927783966064,0.015584448549403234,0.33772652833989597,0.7469272017478943,0.1339124739170074,/shared/ssd_30T/zhuoyingyang/physact/sam3_robowm/identity_v1/sam_masked_negative6/crops/Cosmos2.5_0057/frame_0030_rank_02.png
Cosmos2.5_0057,33,2,T02,False,0.9254565238952637,0.0004049944833752617,0.05600885569939606,0.7420302629470825,0.203088030219078,/shared/ssd_30T/zhuoyingyang/physact/sam3_robowm/identity_v1/sam_masked_negative6/crops/Cosmos2.5_0057/frame_0033_rank_02.png
Cosmos2.5_0057,33,1,T00,False,0.8386633396148682,0.01371580521664235,0.12443144659300946,0.7861301898956299,0.4964669942855835,/shared/ssd_30T/zhuoyingyang/physact/sam3_robowm/identity_v1/sam_masked_negative6/crops/Cosmos2.5_0057/frame_0033_rank_01.png
Cosmos2.5_0057,33,3,T03,False,0.35407838225364685,0.30257100085426464,0.560083963523331,0.7377593517303467,0.1758432686328888,/shared/ssd_30T/zhuoyingyang/physact/sam3_robowm/identity_v1/sam_masked_negative6/crops/Cosmos2.5_0057/frame_0033_rank_03.png
Cosmos2.5_0057,36,3,T03,False,0.9483030438423157,0.0003589697651735855,0.03886245955955664,0.7356719970703125,0.1167230829596519,/shared/ssd_30T/zhuoyingyang/physact/sam3_robowm/identity_v1/sam_masked_negative6/crops/Cosmos2.5_0057/frame_0036_rank_03.png
Cosmos2.5_0057,36,1,T00,False,0.8427391052246094,0.004185481431443386,0.11899204143940381,0.7634804248809814,0.567966878414154,/shared/ssd_30T/zhuoyingyang/physact/sam3_robowm/identity_v1/sam_masked_negative6/crops/Cosmos2.5_0057/frame_0036_rank_01.png
Cosmos2.5_0057,36,2,T04,True,,,,0.7580626010894775,0.1169222965836525,/shared/ssd_30T/zhuoyingyang/physact/sam3_robowm/identity_v1/sam_masked_negative6/crops/Cosmos2.5_0057/frame_0036_rank_02.png
Cosmos2.5_0057,39,3,T02,False,0.9359266757965088,0.0007028373292457021,0.04823070248492983,0.7615491151809692,0.187359407544136,/shared/ssd_30T/zhuoyingyang/physact/sam3_robowm/identity_v1/sam_masked_negative6/crops/Cosmos2.5_0057/frame_0039_rank_03.png
Cosmos2.5_0057,39,2,T00,False,0.5780474543571472,0.0029926380756301533,0.31721256875104714,0.7959854602813721,0.4272708296775818,/shared/ssd_30T/zhuoyingyang/physact/sam3_robowm/identity_v1/sam_masked_negative6/crops/Cosmos2.5_0057/frame_0039_rank_02.png
Cosmos2.5_0057,39,1,T04,False,0.45790964365005493,0.011564983204821588,0.4094590130636642,0.8076964616775513,0.206031858921051,/shared/ssd_30T/zhuoyingyang/physact/sam3_robowm/identity_v1/sam_masked_negative6/crops/Cosmos2.5_0057/frame_0039_rank_01.png
Cosmos2.5_0057,42,3,T02,False,0.9659010171890259,0.0001387950950396066,0.025608935881990494,0.7477682828903198,0.2006649374961853,/shared/ssd_30T/zhuoyingyang/physact/sam3_robowm/identity_v1/sam_masked_negative6/crops/Cosmos2.5_0057/frame_0042_rank_03.png
Cosmos2.5_0057,42,2,T00,False,0.5470757484436035,0.005578890361073569,0.34108791125756577,0.7648847103118896,0.3437798023223877,/shared/ssd_30T/zhuoyingyang/physact/sam3_robowm/identity_v1/sam_masked_negative6/crops/Cosmos2.5_0057/frame_0042_rank_02.png
Cosmos2.5_0057,42,1,T04,False,0.4815952181816101,0.005892584491647692,0.39027673248670436,0.766729474067688,0.3123552203178406,/shared/ssd_30T/zhuoyingyang/physact/sam3_robowm/identity_v1/sam_masked_negative6/crops/Cosmos2.5_0057/frame_0042_rank_01.png
Cosmos2.5_0057,45,1,T02,False,0.9927390217781067,0.00016827544565677798,0.005487802527834177,0.7564706802368164,0.1555807739496231,/shared/ssd_30T/zhuoyingyang/physact/sam3_robowm/identity_v1/sam_masked_negative6/crops/Cosmos2.5_0057/frame_0045_rank_01.png
Cosmos2.5_0057,45,2,T00,False,0.7403817772865295,0.019273498784443704,0.19953204173121378,0.751537561416626,0.5702645182609558,/shared/ssd_30T/zhuoyingyang/physact/sam3_robowm/identity_v1/sam_masked_negative6/crops/Cosmos2.5_0057/frame_0045_rank_02.png
Cosmos2.5_0057,45,3,T04,False,0.40736818313598633,0.29225488082197637,0.5175375828535044,0.746801495552063,0.1047067940235138,/shared/ssd_30T/zhuoyingyang/physact/sam3_robowm/identity_v1/sam_masked_negative6/crops/Cosmos2.5_0057/frame_0045_rank_03.png
Cosmos2.5_0057,48,2,T02,False,0.9766297936439514,0.002193908905656915,0.018076131993450668,0.751089334487915,0.1370235979557037,/shared/ssd_30T/zhuoyingyang/physact/sam3_robowm/identity_v1/sam_masked_negative6/crops/Cosmos2.5_0057/frame_0048_rank_02.png
Cosmos2.5_0057,48,1,T00,False,0.6931416988372803,0.003924696048004886,0.23112489988404103,0.7860442399978638,0.5890875458717346,/shared/ssd_30T/zhuoyingyang/physact/sam3_robowm/identity_v1/sam_masked_negative6/crops/Cosmos2.5_0057/frame_0048_rank_01.png
Cosmos2.5_0057,48,3,T04,False,0.26266714930534363,0.11197505532600623,0.5809934018524938,0.6176263093948364,0.1026063933968544,/shared/ssd_30T/zhuoyingyang/physact/sam3_robowm/identity_v1/sam_masked_negative6/crops/Cosmos2.5_0057/frame_0048_rank_03.png
Cosmos2.5_0057,51,2,T02,False,0.8619720935821533,0.0017123763084612995,0.10394902389050033,0.7204673290252686,0.1572553962469101,/shared/ssd_30T/zhuoyingyang/physact/sam3_robowm/identity_v1/sam_masked_negative6/crops/Cosmos2.5_0057/frame_0051_rank_02.png
Cosmos2.5_0057,51,1,T00,False,0.731028139591217,0.011562485470642541,0.20461951667424785,0.8948560953140259,0.5403734445571899,/shared/ssd_30T/zhuoyingyang/physact/sam3_robowm/identity_v1/sam_masked_negative6/crops/Cosmos2.5_0057/frame_0051_rank_01.png
Cosmos2.5_0057,51,3,T04,False,0.26364627480506897,0.11214492736345044,0.5803015257370608,0.7110024690628052,0.1389554589986801,/shared/ssd_30T/zhuoyingyang/physact/sam3_robowm/identity_v1/sam_masked_negative6/crops/Cosmos2.5_0057/frame_0051_rank_03.png
Cosmos2.5_0057,54,1,T02,False,0.8743152618408203,0.0051167893001663346,0.09554275094442635,0.7209615707397461,0.175213411450386,/shared/ssd_30T/zhuoyingyang/physact/sam3_robowm/identity_v1/sam_masked_negative6/crops/Cosmos2.5_0057/frame_0054_rank_01.png
Cosmos2.5_0057,54,2,T04,False,0.77325040102005,0.0004773910735355292,0.17018154700334634,0.7142696380615234,0.1452542841434478,/shared/ssd_30T/zhuoyingyang/physact/sam3_robowm/identity_v1/sam_masked_negative6/crops/Cosmos2.5_0057/frame_0054_rank_02.png
Cosmos2.5_0057,54,3,T00,False,0.7348685264587402,0.012917475579684682,0.202077974050866,0.6969029903411865,0.3999250829219818,/shared/ssd_30T/zhuoyingyang/physact/sam3_robowm/identity_v1/sam_masked_negative6/crops/Cosmos2.5_0057/frame_0054_rank_03.png
Cosmos2.5_0057,57,2,T04,False,0.9432736039161682,0.00036698519228857705,0.04263654336094599,0.7364776730537415,0.1476158052682876,/shared/ssd_30T/zhuoyingyang/physact/sam3_robowm/identity_v1/sam_masked_negative6/crops/Cosmos2.5_0057/frame_0057_rank_02.png
Cosmos2.5_0057,57,1,T02,False,0.8283661603927612,0.0008449292550969864,0.1289366120192033,0.7686675786972046,0.2087516486644745,/shared/ssd_30T/zhuoyingyang/physact/sam3_robowm/identity_v1/sam_masked_negative6/crops/Cosmos2.5_0057/frame_0057_rank_01.png
Cosmos2.5_0057,57,3,T00,False,0.4692714214324951,0.3121856349189775,0.47609284265537305,0.7231738567352295,0.128679409623146,/shared/ssd_30T/zhuoyingyang/physact/sam3_robowm/identity_v1/sam_masked_negative6/crops/Cosmos2.5_0057/frame_0057_rank_03.png
Cosmos2.5_0057,60,3,T00,False,0.9579154849052429,0.0003441267382668583,0.031649418005634526,0.7004045844078064,0.1316023021936416,/shared/ssd_30T/zhuoyingyang/physact/sam3_robowm/identity_v1/sam_masked_negative6/crops/Cosmos2.5_0057/frame_0060_rank_03.png
Cosmos2.5_0057,60,1,T04,False,0.9567626118659973,0.0005757552696088118,0.03257197991790422,0.733647346496582,0.1599191278219223,/shared/ssd_30T/zhuoyingyang/physact/sam3_robowm/identity_v1/sam_masked_negative6/crops/Cosmos2.5_0057/frame_0060_rank_01.png
Cosmos2.5_0057,60,2,T02,False,0.9363991618156433,0.00011353242498341662,0.04772901174451337,0.7258022427558899,0.1937915533781051,/shared/ssd_30T/zhuoyingyang/physact/sam3_robowm/identity_v1/sam_masked_negative6/crops/Cosmos2.5_0057/frame_0060_rank_02.png
Cosmos2.5_0057,63,1,T02,False,0.9339660406112671,0.001061336606755628,0.049790803693238586,0.7466272711753845,0.2133373320102691,/shared/ssd_30T/zhuoyingyang/physact/sam3_robowm/identity_v1/sam_masked_negative6/crops/Cosmos2.5_0057/frame_0063_rank_01.png
Cosmos2.5_0057,63,3,T00,False,0.9190624356269836,0.0007051698969983775,0.06087946575401186,0.713199257850647,0.1446313560009002,/shared/ssd_30T/zhuoyingyang/physact/sam3_robowm/identity_v1/sam_masked_negative6/crops/Cosmos2.5_0057/frame_0063_rank_03.png
Cosmos2.5_0057,63,2,T04,False,0.8572050333023071,0.0004620421428440723,0.10721173555898067,0.7332321405410767,0.1497921347618103,/shared/ssd_30T/zhuoyingyang/physact/sam3_robowm/identity_v1/sam_masked_negative6/crops/Cosmos2.5_0057/frame_0063_rank_02.png
Cosmos2.5_0057,66,2,T02,False,0.9747598171234131,0.0004853539068946923,0.01905147563416386,0.7192195653915405,0.2095505148172378,/shared/ssd_30T/zhuoyingyang/physact/sam3_robowm/identity_v1/sam_masked_negative6/crops/Cosmos2.5_0057/frame_0066_rank_02.png
Cosmos2.5_0057,66,1,T00,False,0.9632980227470398,0.000284823524787906,0.02759768882091713,0.7258216142654419,0.1524019986391067,/shared/ssd_30T/zhuoyingyang/physact/sam3_robowm/identity_v1/sam_masked_negative6/crops/Cosmos2.5_0057/frame_0066_rank_01.png
Cosmos2.5_0057,66,3,T04,False,0.9170379638671875,0.0006702668608622104,0.06238909381482493,0.6982043981552124,0.1585972309112548,/shared/ssd_30T/zhuoyingyang/physact/sam3_robowm/identity_v1/sam_masked_negative6/crops/Cosmos2.5_0057/frame_0066_rank_03.png
Cosmos2.5_0057,69,1,T02,False,0.9673486351966858,0.000325425537069595,0.024569879986753057,0.750724196434021,0.2148011326789856,/shared/ssd_30T/zhuoyingyang/physact/sam3_robowm/identity_v1/sam_masked_negative6/crops/Cosmos2.5_0057/frame_0069_rank_01.png
Cosmos2.5_0057,69,2,T00,False,0.9496719837188721,0.00018684164329345375,0.037792722621669314,0.7456066608428955,0.1546369045972824,/shared/ssd_30T/zhuoyingyang/physact/sam3_robowm/identity_v1/sam_masked_negative6/crops/Cosmos2.5_0057/frame_0069_rank_02.png
Cosmos2.5_0057,69,3,T04,False,0.8737447261810303,0.00022106797854489307,0.09474672235886351,0.7198256254196167,0.164612129330635,/shared/ssd_30T/zhuoyingyang/physact/sam3_robowm/identity_v1/sam_masked_negative6/crops/Cosmos2.5_0057/frame_0069_rank_03.png
Cosmos2.5_0057,72,1,T02,False,0.9769945740699768,0.00034356171240905236,0.01733995987561966,0.7272743582725525,0.2114406824111938,/shared/ssd_30T/zhuoyingyang/physact/sam3_robowm/identity_v1/sam_masked_negative6/crops/Cosmos2.5_0057/frame_0072_rank_01.png
Cosmos2.5_0057,72,3,T04,False,0.9578790664672852,0.0004951922441952121,0.03171449821058494,0.7059388160705566,0.1787335276603698,/shared/ssd_30T/zhuoyingyang/physact/sam3_robowm/identity_v1/sam_masked_negative6/crops/Cosmos2.5_0057/frame_0072_rank_03.png
Cosmos2.5_0057,72,2,T00,False,0.9410067796707153,0.0012112455396795503,0.04454772663188339,0.7175049781799316,0.1440978348255157,/shared/ssd_30T/zhuoyingyang/physact/sam3_robowm/identity_v1/sam_masked_negative6/crops/Cosmos2.5_0057/frame_0072_rank_02.png
Cosmos2.5_0057,75,2,T02,False,0.9779478311538696,0.00019371669579118517,0.016587555808545575,0.715451717376709,0.2252880632877349,/shared/ssd_30T/zhuoyingyang/physact/sam3_robowm/identity_v1/sam_masked_negative6/crops/Cosmos2.5_0057/frame_0075_rank_02.png
Cosmos2.5_0057,75,3,T04,False,0.9630898237228394,3.285206581790561e-05,0.02769084522432496,0.6901138424873352,0.1881310045719146,/shared/ssd_30T/zhuoyingyang/physact/sam3_robowm/identity_v1/sam_masked_negative6/crops/Cosmos2.5_0057/frame_0075_rank_03.png
Cosmos2.5_0057,75,1,T00,False,0.9158121943473816,0.0014159716100785892,0.06349484714198346,0.7246325016021729,0.1502110213041305,/shared/ssd_30T/zhuoyingyang/physact/sam3_robowm/identity_v1/sam_masked_negative6/crops/Cosmos2.5_0057/frame_0075_rank_01.png
Cosmos2.5_0057,78,1,T00,False,0.951667070388794,0.00017507345381048844,0.03629346557185716,0.7315496206283569,0.1499570310115814,/shared/ssd_30T/zhuoyingyang/physact/sam3_robowm/identity_v1/sam_masked_negative6/crops/Cosmos2.5_0057/frame_0078_rank_01.png
Cosmos2.5_0057,78,3,T04,False,0.947006106376648,0.00016048658175177576,0.03978554186295198,0.7118399143218994,0.1916650533676147,/shared/ssd_30T/zhuoyingyang/physact/sam3_robowm/identity_v1/sam_masked_negative6/crops/Cosmos2.5_0057/frame_0078_rank_03.png
Cosmos2.5_0057,78,2,T02,False,0.9375172853469849,0.00036524347804881956,0.046953346859273555,0.7207043170928955,0.2307608425617218,/shared/ssd_30T/zhuoyingyang/physact/sam3_robowm/identity_v1/sam_masked_negative6/crops/Cosmos2.5_0057/frame_0078_rank_02.png
Cosmos2.5_0057,81,3,T02,False,0.9685754776000977,0.00020421518877240772,0.02361944559711986,0.7023223638534546,0.219111829996109,/shared/ssd_30T/zhuoyingyang/physact/sam3_robowm/identity_v1/sam_masked_negative6/crops/Cosmos2.5_0057/frame_0081_rank_03.png
Cosmos2.5_0057,81,2,T04,False,0.9563888311386108,0.00027078188962534154,0.032776072118448206,0.7159461975097656,0.1922428011894226,/shared/ssd_30T/zhuoyingyang/physact/sam3_robowm/identity_v1/sam_masked_negative6/crops/Cosmos2.5_0057/frame_0081_rank_02.png
Cosmos2.5_0057,81,1,T00,False,0.9334285259246826,0.00025621676502346095,0.0499926597477439,0.7283424139022827,0.1450846344232559,/shared/ssd_30T/zhuoyingyang/physact/sam3_robowm/identity_v1/sam_masked_negative6/crops/Cosmos2.5_0057/frame_0081_rank_01.png
Cosmos2.5_0057,84,1,T00,False,0.955864429473877,3.32265872180212e-05,0.03310998454139679,0.7245070934295654,0.1420640796422958,/shared/ssd_30T/zhuoyingyang/physact/sam3_robowm/identity_v1/sam_masked_negative6/crops/Cosmos2.5_0057/frame_0084_rank_01.png
Cosmos2.5_0057,84,3,T04,False,0.9451562762260437,0.00037862632439710506,0.0412274494115665,0.6924248933792114,0.1802590936422348,/shared/ssd_30T/zhuoyingyang/physact/sam3_robowm/identity_v1/sam_masked_negative6/crops/Cosmos2.5_0057/frame_0084_rank_03.png
Cosmos2.5_0057,84,2,T02,False,0.9314836263656616,0.00018792218180293857,0.05143426077120452,0.6996642351150513,0.2201366424560547,/shared/ssd_30T/zhuoyingyang/physact/sam3_robowm/identity_v1/sam_masked_negative6/crops/Cosmos2.5_0057/frame_0084_rank_02.png
Cosmos2.5_0057,87,2,T00,False,0.9280499219894409,0.0009633997706501861,0.05420340845058186,0.725204348564148,0.1238579824566841,/shared/ssd_30T/zhuoyingyang/physact/sam3_robowm/identity_v1/sam_masked_negative6/crops/Cosmos2.5_0057/frame_0087_rank_02.png
Cosmos2.5_0057,87,3,T04,False,0.8510783314704895,0.0006578550609025675,0.11185571516235851,0.6931715607643127,0.1092437133193016,/shared/ssd_30T/zhuoyingyang/physact/sam3_robowm/identity_v1/sam_masked_negative6/crops/Cosmos2.5_0057/frame_0087_rank_03.png
Cosmos2.5_0057,87,1,T02,False,0.8087106943130493,0.0022462144362788324,0.14402853287428272,0.7350149154663086,0.1646278202533722,/shared/ssd_30T/zhuoyingyang/physact/sam3_robowm/identity_v1/sam_masked_negative6/crops/Cosmos2.5_0057/frame_0087_rank_01.png
Cosmos2.5_0057,90,1,T02,False,0.6427279114723206,0.004210734921053446,0.26900675012602293,0.7370915412902832,0.1104585826396942,/shared/ssd_30T/zhuoyingyang/physact/sam3_robowm/identity_v1/sam_masked_negative6/crops/Cosmos2.5_0057/frame_0090_rank_01.png
Cosmos2.5_0057,90,2,T05,True,,,,0.609154462814331,0.2382927983999252,/shared/ssd_30T/zhuoyingyang/physact/sam3_robowm/identity_v1/sam_masked_negative6/crops/Cosmos2.5_0057/frame_0090_rank_02.png
Cosmos2.5_0057,90,3,T06,True,,,,0.6064136028289795,0.1175981611013412,/shared/ssd_30T/zhuoyingyang/physact/sam3_robowm/identity_v1/sam_masked_negative6/crops/Cosmos2.5_0057/frame_0090_rank_03.png
Cosmos2.5_0057,92,2,T04,False,0.9382226467132568,0.0008451440367344423,0.04654430097424098,0.7011550664901733,0.1043232530355453,/shared/ssd_30T/zhuoyingyang/physact/sam3_robowm/identity_v1/sam_masked_negative6/crops/Cosmos2.5_0057/frame_0092_rank_02.png
Cosmos2.5_0057,92,1,T00,False,0.9353941679000854,0.001014776729747555,0.048708068257372804,0.719893217086792,0.1273441463708877,/shared/ssd_30T/zhuoyingyang/physact/sam3_robowm/identity_v1/sam_masked_negative6/crops/Cosmos2.5_0057/frame_0092_rank_01.png
Cosmos2.5_0057,92,3,T06,False,0.9287649393081665,0.00010759526726330336,0.05345319433569095,0.6066744327545166,0.1198878437280654,/shared/ssd_30T/zhuoyingyang/physact/sam3_robowm/identity_v1/sam_masked_negative6/crops/Cosmos2.5_0057/frame_0092_rank_03.png
Cosmos3_seed101_0039,0,1,T00,True,,,,0.9609690308570862,0.7446960210800171,/shared/ssd_30T/zhuoyingyang/physact/sam3_robowm/identity_v1/sam_masked_negative6/crops/Cosmos3_seed101_0039/frame_0000_rank_01.png
Cosmos3_seed101_0039,0,2,T01,True,,,,0.6626429557800293,0.1213861480355262,/shared/ssd_30T/zhuoyingyang/physact/sam3_robowm/identity_v1/sam_masked_negative6/crops/Cosmos3_seed101_0039/frame_0000_rank_02.png
Cosmos3_seed101_0039,0,3,T02,True,,,,0.6612504720687866,0.1285450160503387,/shared/ssd_30T/zhuoyingyang/physact/sam3_robowm/identity_v1/sam_masked_negative6/crops/Cosmos3_seed101_0039/frame_0000_rank_03.png
Cosmos3_seed101_0039,3,2,T02,False,0.9608877897262573,0.0005362611948977182,0.029468223004031437,0.6695661544799805,0.1386317461729049,/shared/ssd_30T/zhuoyingyang/physact/sam3_robowm/identity_v1/sam_masked_negative6/crops/Cosmos3_seed101_0039/frame_0003_rank_02.png
Cosmos3_seed101_0039,3,3,T01,False,0.9216978549957275,0.0001766991516846906,0.05877078354112552,0.6659228801727295,0.1137992888689041,/shared/ssd_30T/zhuoyingyang/physact/sam3_robowm/identity_v1/sam_masked_negative6/crops/Cosmos3_seed101_0039/frame_0003_rank_03.png
Cosmos3_seed101_0039,3,1,T00,False,0.8739234805107117,0.0008257605317995851,0.09476382974991614,0.9476197957992554,0.7401434779167175,/shared/ssd_30T/zhuoyingyang/physact/sam3_robowm/identity_v1/sam_masked_negative6/crops/Cosmos3_seed101_0039/frame_0003_rank_01.png
Cosmos3_seed101_0039,6,2,T02,False,0.9809708595275879,0.00025133948062690254,0.014334690224465808,0.6648993492126465,0.1217140778899192,/shared/ssd_30T/zhuoyingyang/physact/sam3_robowm/identity_v1/sam_masked_negative6/crops/Cosmos3_seed101_0039/frame_0006_rank_02.png
Cosmos3_seed101_0039,6,1,T00,False,0.9644522666931152,0.0007080184858038305,0.026837804601614532,0.9471084475517272,0.7506785988807678,/shared/ssd_30T/zhuoyingyang/physact/sam3_robowm/identity_v1/sam_masked_negative6/crops/Cosmos3_seed101_0039/frame_0006_rank_01.png
Cosmos3_seed101_0039,6,3,T03,True,,,,0.662163496017456,0.1383332014083862,/shared/ssd_30T/zhuoyingyang/physact/sam3_robowm/identity_v1/sam_masked_negative6/crops/Cosmos3_seed101_0039/frame_0006_rank_03.png
Cosmos3_seed101_0039,9,2,T02,False,0.9865675568580627,0.00010994589057561623,0.010101818829096845,0.672179102897644,0.1384929120540619,/shared/ssd_30T/zhuoyingyang/physact/sam3_robowm/identity_v1/sam_masked_negative6/crops/Cosmos3_seed101_0039/frame_0009_rank_02.png
Cosmos3_seed101_0039,9,1,T00,False,0.955586314201355,0.00026687637142255876,0.033376983441839404,0.945354700088501,0.7365555167198181,/shared/ssd_30T/zhuoyingyang/physact/sam3_robowm/identity_v1/sam_masked_negative6/crops/Cosmos3_seed101_0039/frame_0009_rank_01.png
Cosmos3_seed101_0039,9,3,T01,False,0.9295597672462463,0.00023181086523325572,0.05288812728162356,0.6711232662200928,0.1307090073823928,/shared/ssd_30T/zhuoyingyang/physact/sam3_robowm/identity_v1/sam_masked_negative6/crops/Cosmos3_seed101_0039/frame_0009_rank_03.png
Cosmos3_seed101_0039,12,3,T02,False,0.9916075468063354,9.72398053326704e-05,0.006318649846581581,0.6660782098770142,0.1210021153092384,/shared/ssd_30T/zhuoyingyang/physact/sam3_robowm/identity_v1/sam_masked_negative6/crops/Cosmos3_seed101_0039/frame_0012_rank_03.png
Cosmos3_seed101_0039,12,1,T00,False,0.9626680016517639,0.0008526928471197996,0.02821217197295701,0.9374537467956544,0.7425635457038879,/shared/ssd_30T/zhuoyingyang/physact/sam3_robowm/identity_v1/sam_masked_negative6/crops/Cosmos3_seed101_0039/frame_0012_rank_01.png
Cosmos3_seed101_0039,12,2,T03,False,0.9578444361686707,0.00010727594723224608,0.03164349186030507,0.6668156981468201,0.1479481011629104,/shared/ssd_30T/zhuoyingyang/physact/sam3_robowm/identity_v1/sam_masked_negative6/crops/Cosmos3_seed101_0039/frame_0012_rank_02.png
Cosmos3_seed101_0039,15,2,T02,False,0.9797114133834839,0.00019378354221036672,0.015264885847939677,0.6742103695869446,0.1349352449178695,/shared/ssd_30T/zhuoyingyang/physact/sam3_robowm/identity_v1/sam_masked_negative6/crops/Cosmos3_seed101_0039/frame_0015_rank_02.png
Cosmos3_seed101_0039,15,3,T01,False,0.958769679069519,0.00010677869894833432,0.0309494353725978,0.6722241640090942,0.1229741051793098,/shared/ssd_30T/zhuoyingyang/physact/sam3_robowm/identity_v1/sam_masked_negative6/crops/Cosmos3_seed101_0039/frame_0015_rank_03.png
Cosmos3_seed101_0039,15,1,T00,False,0.8947852849960327,0.002253596960552968,0.07947443549311371,0.922791302204132,0.7293368577957153,/shared/ssd_30T/zhuoyingyang/physact/sam3_robowm/identity_v1/sam_masked_negative6/crops/Cosmos3_seed101_0039/frame_0015_rank_01.png
Cosmos3_seed101_0039,18,3,T03,False,0.981834888458252,0.0011584748001193077,0.013913452356340863,0.6661372184753418,0.1445394307374954,/shared/ssd_30T/zhuoyingyang/physact/sam3_robowm/identity_v1/sam_masked_negative6/crops/Cosmos3_seed101_0039/frame_0018_rank_03.png
Cosmos3_seed101_0039,18,2,T02,False,0.9755526781082153,0.0001890072110194745,0.01838274322159337,0.6794406175613403,0.1279921233654022,/shared/ssd_30T/zhuoyingyang/physact/sam3_robowm/identity_v1/sam_masked_negative6/crops/Cosmos3_seed101_0039/frame_0018_rank_02.png
Cosmos3_seed101_0039,18,1,T00,False,0.915204644203186,0.0016965926781230404,0.06402066501714124,0.9446945190429688,0.7532256841659546,/shared/ssd_30T/zhuoyingyang/physact/sam3_robowm/identity_v1/sam_masked_negative6/crops/Cosmos3_seed101_0039/frame_0018_rank_01.png
Cosmos3_seed101_0039,21,3,T02,False,0.9857940673828125,0.0001636680241258488,0.010695366468922086,0.6581765413284302,0.1287379264831543,/shared/ssd_30T/zhuoyingyang/physact/sam3_robowm/identity_v1/sam_masked_negative6/crops/Cosmos3_seed101_0039/frame_0021_rank_03.png
Cosmos3_seed101_0039,21,2,T03,False,0.9828792810440063,0.0002652348138723935,0.012906847920463338,0.6663336753845215,0.1370316594839096,/shared/ssd_30T/zhuoyingyang/physact/sam3_robowm/identity_v1/sam_masked_negative6/crops/Cosmos3_seed101_0039/frame_0021_rank_02.png
Cosmos3_seed101_0039,21,1,T00,False,0.9794945120811462,1.9880663820173244e-05,0.015384086105095363,0.93212229013443,0.7500150799751282,/shared/ssd_30T/zhuoyingyang/physact/sam3_robowm/identity_v1/sam_masked_negative6/crops/Cosmos3_seed101_0039/frame_0021_rank_01.png
Cosmos3_seed101_0039,24,2,T02,False,0.9818066358566284,0.0004976103912996091,0.013769425705353588,0.6855177879333496,0.1290929317474365,/shared/ssd_30T/zhuoyingyang/physact/sam3_robowm/identity_v1/sam_masked_negative6/crops/Cosmos3_seed101_0039/frame_0024_rank_02.png
Cosmos3_seed101_0039,24,1,T00,False,0.9752098321914673,0.0001914461800135687,0.01864048740140293,0.9464925527572632,0.7447381615638733,/shared/ssd_30T/zhuoyingyang/physact/sam3_robowm/identity_v1/sam_masked_negative6/crops/Cosmos3_seed101_0039/frame_0024_rank_01.png
Cosmos3_seed101_0039,24,3,T03,False,0.9650893211364746,0.00015201409786624818,0.026221012672110605,0.6652735471725464,0.1454639136791229,/shared/ssd_30T/zhuoyingyang/physact/sam3_robowm/identity_v1/sam_masked_negative6/crops/Cosmos3_seed101_0039/frame_0024_rank_03.png
Cosmos3_seed101_0039,27,3,T03,False,0.9877268075942993,0.001058813203774151,0.00946959760521905,0.6521373987197876,0.1485243290662765,/shared/ssd_30T/zhuoyingyang/physact/sam3_robowm/identity_v1/sam_masked_negative6/crops/Cosmos3_seed101_0039/frame_0027_rank_03.png
Cosmos3_seed101_0039,27,1,T00,False,0.9462453126907349,7.80163502378133e-05,0.04033551956950831,0.895391583442688,0.7480697631835938,/shared/ssd_30T/zhuoyingyang/physact/sam3_robowm/identity_v1/sam_masked_negative6/crops/Cosmos3_seed101_0039/frame_0027_rank_01.png
Cosmos3_seed101_0039,27,2,T02,False,0.8456289768218994,0.0016610814778875989,0.11619353775304733,0.677316427230835,0.1231264919042587,/shared/ssd_30T/zhuoyingyang/physact/sam3_robowm/identity_v1/sam_masked_negative6/crops/Cosmos3_seed101_0039/frame_0027_rank_02.png
Cosmos3_seed101_0039,30,1,T00,False,0.952154278755188,0.00017648264620828704,0.03592841159516108,0.9271100759506226,0.7436632513999939,/shared/ssd_30T/zhuoyingyang/physact/sam3_robowm/identity_v1/sam_masked_negative6/crops/Cosmos3_seed101_0039/frame_0030_rank_01.png
Cosmos3_seed101_0039,30,3,T03,False,0.9388600587844849,0.002108091481204232,0.04638197878193741,0.6738176345825195,0.1532364636659622,/shared/ssd_30T/zhuoyingyang/physact/sam3_robowm/identity_v1/sam_masked_negative6/crops/Cosmos3_seed101_0039/frame_0030_rank_03.png
Cosmos3_seed101_0039,30,2,T02,False,0.9243739247322083,0.00036399966478665004,0.05681055636704047,0.6877841949462891,0.107460431754589,/shared/ssd_30T/zhuoyingyang/physact/sam3_robowm/identity_v1/sam_masked_negative6/crops/Cosmos3_seed101_0039/frame_0030_rank_02.png
Cosmos3_seed101_0039,33,1,T00,False,0.9055423736572266,0.0011404318518390718,0.07112832772003985,0.9117189049720764,0.7511029839515686,/shared/ssd_30T/zhuoyingyang/physact/sam3_robowm/identity_v1/sam_masked_negative6/crops/Cosmos3_seed101_0039/frame_0033_rank_01.png
Cosmos3_seed101_0039,33,2,T02,False,0.8690730929374695,0.004671892796618333,0.09936315349605247,0.6703853607177734,0.1069526746869087,/shared/ssd_30T/zhuoyingyang/physact/sam3_robowm/identity_v1/sam_masked_negative6/crops/Cosmos3_seed101_0039/frame_0033_rank_02.png
Cosmos3_seed101_0039,33,3,T04,True,,,,0.6560239791870117,0.1476062834262848,/shared/ssd_30T/zhuoyingyang/physact/sam3_robowm/identity_v1/sam_masked_negative6/crops/Cosmos3_seed101_0039/frame_0033_rank_03.png
Cosmos3_seed101_0039,36,1,T00,False,0.9674150943756104,0.0002850902472150027,0.024509951780095986,0.9002838730812073,0.7307388186454773,/shared/ssd_30T/zhuoyingyang/physact/sam3_robowm/identity_v1/sam_masked_negative6/crops/Cosmos3_seed101_0039/frame_0036_rank_01.png
Cosmos3_seed101_0039,36,3,T02,False,0.9323989748954773,0.0007161794983064506,0.050879813702968645,0.6613174676895142,0.1289178431034088,/shared/ssd_30T/zhuoyingyang/physact/sam3_robowm/identity_v1/sam_masked_negative6/crops/Cosmos3_seed101_0039/frame_0036_rank_03.png
Cosmos3_seed101_0039,36,2,T04,False,0.33366701006889343,0.13656130186433416,0.5338900679144135,0.6740680932998657,0.1039985790848732,/shared/ssd_30T/zhuoyingyang/physact/sam3_robowm/identity_v1/sam_masked_negative6/crops/Cosmos3_seed101_0039/frame_0036_rank_02.png
Cosmos3_seed101_0039,39,1,T00,False,0.9594873189926147,0.00019201336794734687,0.030432514097525776,0.9101951122283936,0.7331396341323853,/shared/ssd_30T/zhuoyingyang/physact/sam3_robowm/identity_v1/sam_masked_negative6/crops/Cosmos3_seed101_0039/frame_0039_rank_01.png
Cosmos3_seed101_0039,39,2,T02,False,0.9127209186553955,0.0007211935613987457,0.06563960939880306,0.6583924293518066,0.1365358531475067,/shared/ssd_30T/zhuoyingyang/physact/sam3_robowm/identity_v1/sam_masked_negative6/crops/Cosmos3_seed101_0039/frame_0039_rank_02.png
Cosmos3_seed101_0039,39,3,T05,True,,,,0.6467263102531433,0.14238902926445,/shared/ssd_30T/zhuoyingyang/physact/sam3_robowm/identity_v1/sam_masked_negative6/crops/Cosmos3_seed101_0039/frame_0039_rank_03.png
Cosmos3_seed101_0039,42,1,T00,False,0.9331831336021423,0.00021932134634556144,0.05016748013497964,0.901849329471588,0.7307034134864807,/shared/ssd_30T/zhuoyingyang/physact/sam3_robowm/identity_v1/sam_masked_negative6/crops/Cosmos3_seed101_0039/frame_0042_rank_01.png
Cosmos3_seed101_0039,42,2,T02,False,0.8944408297538757,0.0016315649772278833,0.07957726892890017,0.675024151802063,0.1298935562372207,/shared/ssd_30T/zhuoyingyang/physact/sam3_robowm/identity_v1/sam_masked_negative6/crops/Cosmos3_seed101_0039/frame_0042_rank_02.png
Cosmos3_seed101_0039,42,3,T04,False,0.46437883377075195,0.08814222346015121,0.42375143053697384,0.6407605409622192,0.1510363817214965,/shared/ssd_30T/zhuoyingyang/physact/sam3_robowm/identity_v1/sam_masked_negative6/crops/Cosmos3_seed101_0039/frame_0042_rank_03.png
Cosmos3_seed101_0039,45,3,T05,False,0.9673365950584412,0.0014961775624151694,0.02487159809677292,0.6350984573364258,0.1318820714950561,/shared/ssd_30T/zhuoyingyang/physact/sam3_robowm/identity_v1/sam_masked_negative6/crops/Cosmos3_seed101_0039/frame_0045_rank_03.png
Cosmos3_seed101_0039,45,1,T00,False,0.8923087120056152,0.0006528104213318457,0.08093166860112154,0.9059842228889464,0.7342122793197632,/shared/ssd_30T/zhuoyingyang/physact/sam3_robowm/identity_v1/sam_masked_negative6/crops/Cosmos3_seed101_0039/frame_0045_rank_01.png
Cosmos3_seed101_0039,45,2,T02,False,0.8692968487739563,0.00047764878524610453,0.0981467756158443,0.6858611106872559,0.1378004550933838,/shared/ssd_30T/zhuoyingyang/physact/sam3_robowm/identity_v1/sam_masked_negative6/crops/Cosmos3_seed101_0039/frame_0045_rank_02.png
Cosmos3_seed101_0039,48,1,T00,False,0.9455606341362,0.00023080900232482534,0.040887226648431245,0.9156721234321594,0.7444495558738708,/shared/ssd_30T/zhuoyingyang/physact/sam3_robowm/identity_v1/sam_masked_negative6/crops/Cosmos3_seed101_0039/frame_0048_rank_01.png
Cosmos3_seed101_0039,48,2,T02,False,0.9390555620193481,0.00040299577321056124,0.045809077428791534,0.6775023937225342,0.1672107428312301,/shared/ssd_30T/zhuoyingyang/physact/sam3_robowm/identity_v1/sam_masked_negative6/crops/Cosmos3_seed101_0039/frame_0048_rank_02.png
Cosmos3_seed101_0039,48,3,T04,False,0.3876765966415405,0.08839254949059562,0.48134068989149353,0.6622801423072815,0.1059335172176361,/shared/ssd_30T/zhuoyingyang/physact/sam3_robowm/identity_v1/sam_masked_negative6/crops/Cosmos3_seed101_0039/frame_0048_rank_03.png
Cosmos3_seed101_0039,51,1,T00,False,0.9371142387390137,0.0009218316560338565,0.04739477885974821,0.893876314163208,0.741654634475708,/shared/ssd_30T/zhuoyingyang/physact/sam3_robowm/identity_v1/sam_masked_negative6/crops/Cosmos3_seed101_0039/frame_0051_rank_01.png
Cosmos3_seed101_0039,51,2,T02,False,0.9368165731430054,0.00013246200353022634,0.04742068564362853,0.6914952993392944,0.1386772841215133,/shared/ssd_30T/zhuoyingyang/physact/sam3_robowm/identity_v1/sam_masked_negative6/crops/Cosmos3_seed101_0039/frame_0051_rank_02.png
Cosmos3_seed101_0039,51,3,T04,False,0.8548554182052612,0.00031269239220670737,0.10893660944410576,0.6596770286560059,0.1021363586187362,/shared/ssd_30T/zhuoyingyang/physact/sam3_robowm/identity_v1/sam_masked_negative6/crops/Cosmos3_seed101_0039/frame_0051_rank_03.png
Cosmos3_seed101_0039,54,1,T00,False,0.9439005851745605,0.00017217627943093218,0.04211760518893732,0.8865703344345093,0.7317063808441162,/shared/ssd_30T/zhuoyingyang/physact/sam3_robowm/identity_v1/sam_masked_negative6/crops/Cosmos3_seed101_0039/frame_0054_rank_01.png
Cosmos3_seed101_0039,54,3,T04,False,0.931249737739563,0.0002922939601259216,0.05163577018535924,0.6617898941040039,0.1177912950515747,/shared/ssd_30T/zhuoyingyang/physact/sam3_robowm/identity_v1/sam_masked_negative6/crops/Cosmos3_seed101_0039/frame_0054_rank_03.png
Cosmos3_seed101_0039,54,2,T02,False,0.9140827655792236,0.00023549109305902828,0.06449679858884703,0.6838365793228149,0.1689972579479217,/shared/ssd_30T/zhuoyingyang/physact/sam3_robowm/identity_v1/sam_masked_negative6/crops/Cosmos3_seed101_0039/frame_0054_rank_02.png
Cosmos3_seed101_0039,57,1,T00,False,0.9610978364944458,0.0006591007485934137,0.029341397816314004,0.8897572159767151,0.739791989326477,/shared/ssd_30T/zhuoyingyang/physact/sam3_robowm/identity_v1/sam_masked_negative6/crops/Cosmos3_seed101_0039/frame_0057_rank_01.png
Cosmos3_seed101_0039,57,3,T04,False,0.9588019847869873,0.0003056103761129215,0.03097491400378775,0.6696100234985352,0.121930330991745,/shared/ssd_30T/zhuoyingyang/physact/sam3_robowm/identity_v1/sam_masked_negative6/crops/Cosmos3_seed101_0039/frame_0057_rank_03.png
Cosmos3_seed101_0039,57,2,T02,False,0.9538004994392395,0.00025027247735112234,0.034712193539908155,0.6756218671798706,0.142749473452568,/shared/ssd_30T/zhuoyingyang/physact/sam3_robowm/identity_v1/sam_masked_negative6/crops/Cosmos3_seed101_0039/frame_0057_rank_02.png
Cosmos3_seed101_0039,60,1,T00,False,0.9646149277687073,7.598698427947388e-05,0.026557800919539413,0.9148848056793212,0.7365817427635193,/shared/ssd_30T/zhuoyingyang/physact/sam3_robowm/identity_v1/sam_masked_negative6/crops/Cosmos3_seed101_0039/frame_0060_rank_01.png
Cosmos3_seed101_0039,60,3,T02,False,0.9560039043426514,0.00015125398486318808,0.03303488523922727,0.675285816192627,0.1524323225021362,/shared/ssd_30T/zhuoyingyang/physact/sam3_robowm/identity_v1/sam_masked_negative6/crops/Cosmos3_seed101_0039/frame_0060_rank_03.png
Cosmos3_seed101_0039,60,2,T04,False,0.9495129585266113,0.00035157412956819374,0.03795317463743355,0.6780034303665161,0.1093344166874885,/shared/ssd_30T/zhuoyingyang/physact/sam3_robowm/identity_v1/sam_masked_negative6/crops/Cosmos3_seed101_0039/frame_0060_rank_02.png
Cosmos3_seed101_0039,63,1,T00,False,0.9629073143005371,0.00017906879996387292,0.027864281474588137,0.908444344997406,0.7538808584213257,/shared/ssd_30T/zhuoyingyang/physact/sam3_robowm/identity_v1/sam_masked_negative6/crops/Cosmos3_seed101_0039/frame_0063_rank_01.png
Cosmos3_seed101_0039,63,2,T02,False,0.9384185075759888,0.0003152990215481674,0.046264944073395466,0.6649284362792969,0.1305550336837768,/shared/ssd_30T/zhuoyingyang/physact/sam3_robowm/identity_v1/sam_masked_negative6/crops/Cosmos3_seed101_0039/frame_0063_rank_02.png
Cosmos3_seed101_0039,63,3,T04,False,0.5538632869720459,0.08783168743732622,0.3565604566302971,0.6312826871871948,0.1075246855616569,/shared/ssd_30T/zhuoyingyang/physact/sam3_robowm/identity_v1/sam_masked_negative6/crops/Cosmos3_seed101_0039/frame_0063_rank_03.png
Cosmos3_seed101_0039,66,2,T02,False,0.9765309691429138,0.000839457704394867,0.017811637568913352,0.6687865257263184,0.1380659937858581,/shared/ssd_30T/zhuoyingyang/physact/sam3_robowm/identity_v1/sam_masked_negative6/crops/Cosmos3_seed101_0039/frame_0066_rank_02.png
Cosmos3_seed101_0039,66,1,T00,False,0.9515275955200195,0.0008777403533062281,0.03657373844831191,0.892606258392334,0.7467746138572693,/shared/ssd_30T/zhuoyingyang/physact/sam3_robowm/identity_v1/sam_masked_negative6/crops/Cosmos3_seed101_0039/frame_0066_rank_01.png
Cosmos3_seed101_0039,66,3,T06,True,,,,0.6271501779556274,0.1112589016556739,/shared/ssd_30T/zhuoyingyang/physact/sam3_robowm/identity_v1/sam_masked_negative6/crops/Cosmos3_seed101_0039/frame_0066_rank_03.png
Cosmos3_seed101_0039,69,3,T02,False,0.9834086298942566,0.00011218283311265393,0.012471573287585719,0.6536323428153992,0.1451035737991333,/shared/ssd_30T/zhuoyingyang/physact/sam3_robowm/identity_v1/sam_masked_negative6/crops/Cosmos3_seed101_0039/frame_0069_rank_03.png
Cosmos3_seed101_0039,69,1,T00,False,0.9646085500717163,0.0008486297928049135,0.026755744894413996,0.8742777705192566,0.7466097474098206,/shared/ssd_30T/zhuoyingyang/physact/sam3_robowm/identity_v1/sam_masked_negative6/crops/Cosmos3_seed101_0039/frame_0069_rank_01.png
Cosmos3_seed101_0039,69,2,T04,False,0.43909937143325806,0.08771051937328096,0.4426031012683767,0.6668908596038818,0.1023070961236953,/shared/ssd_30T/zhuoyingyang/physact/sam3_robowm/identity_v1/sam_masked_negative6/crops/Cosmos3_seed101_0039/frame_0069_rank_02.png
Cosmos3_seed101_0039,72,2,T02,False,0.9793379902839661,0.00034163935095052225,0.015581917124763082,0.6726686954498291,0.1664145439863205,/shared/ssd_30T/zhuoyingyang/physact/sam3_robowm/identity_v1/sam_masked_negative6/crops/Cosmos3_seed101_0039/frame_0072_rank_02.png
Cosmos3_seed101_0039,72,1,T00,False,0.9506502747535706,0.0002467994405380108,0.037073993794956586,0.8600293397903442,0.7274662256240845,/shared/ssd_30T/zhuoyingyang/physact/sam3_robowm/identity_v1/sam_masked_negative6/crops/Cosmos3_seed101_0039/frame_0072_rank_01.png
Cosmos3_seed101_0039,72,3,T04,False,0.9036853313446045,9.851642462855658e-05,0.07226063059770377,0.66683030128479,0.1111108064651489,/shared/ssd_30T/zhuoyingyang/physact/sam3_robowm/identity_v1/sam_masked_negative6/crops/Cosmos3_seed101_0039/frame_0072_rank_03.png
Cosmos3_seed101_0039,75,1,T00,False,0.9667676091194153,0.0007795430150129391,0.025119178914191773,0.8592575788497925,0.7298973202705383,/shared/ssd_30T/zhuoyingyang/physact/sam3_robowm/identity_v1/sam_masked_negative6/crops/Cosmos3_seed101_0039/frame_0075_rank_01.png
Cosmos3_seed101_0039,75,2,T02,False,0.9551875591278076,0.00048286196275722725,0.033730046144833596,0.6639997959136963,0.1704698652029037,/shared/ssd_30T/zhuoyingyang/physact/sam3_robowm/identity_v1/sam_masked_negative6/crops/Cosmos3_seed101_0039/frame_0075_rank_02.png
Cosmos3_seed101_0039,75,3,T04,False,0.9442569613456726,0.00020813408689523201,0.041859312512469354,0.6524438858032227,0.1286537796258926,/shared/ssd_30T/zhuoyingyang/physact/sam3_robowm/identity_v1/sam_masked_negative6/crops/Cosmos3_seed101_0039/frame_0075_rank_03.png
Cosmos3_seed101_0039,78,1,T00,False,0.9569470286369324,7.217256932625561e-05,0.032307771664632286,0.8514999151229858,0.7367176413536072,/shared/ssd_30T/zhuoyingyang/physact/sam3_robowm/identity_v1/sam_masked_negative6/crops/Cosmos3_seed101_0039/frame_0078_rank_01.png
Cosmos3_seed101_0039,78,2,T02,False,0.9247664213180542,6.224233632923408e-05,0.05644074459554166,0.6658471822738647,0.1493093073368072,/shared/ssd_30T/zhuoyingyang/physact/sam3_robowm/identity_v1/sam_masked_negative6/crops/Cosmos3_seed101_0039/frame_0078_rank_02.png
Cosmos3_seed101_0039,78,3,T07,True,,,,0.6325565576553345,0.1278048604726791,/shared/ssd_30T/zhuoyingyang/physact/sam3_robowm/identity_v1/sam_masked_negative6/crops/Cosmos3_seed101_0039/frame_0078_rank_03.png
Cosmos3_seed101_0039,81,2,T02,False,0.9661611318588257,0.00017853296463680985,0.02542378434703994,0.6679929494857788,0.152307778596878,/shared/ssd_30T/zhuoyingyang/physact/sam3_robowm/identity_v1/sam_masked_negative6/crops/Cosmos3_seed101_0039/frame_0081_rank_02.png
Cosmos3_seed101_0039,81,1,T00,False,0.956714928150177,0.0003217072508453437,0.032544230700078586,0.8556544184684753,0.7474467754364014,/shared/ssd_30T/zhuoyingyang/physact/sam3_robowm/identity_v1/sam_masked_negative6/crops/Cosmos3_seed101_0039/frame_0081_rank_01.png
Cosmos3_seed101_0039,81,3,T07,False,0.9432194828987122,0.003169836610297606,0.04337784697854028,0.6231885552406311,0.1251224726438522,/shared/ssd_30T/zhuoyingyang/physact/sam3_robowm/identity_v1/sam_masked_negative6/crops/Cosmos3_seed101_0039/frame_0081_rank_03.png
Cosmos3_seed101_0039,84,3,T07,False,0.9804871082305908,0.0020390386332235382,0.015144428485362769,0.6310222148895264,0.1272695660591125,/shared/ssd_30T/zhuoyingyang/physact/sam3_robowm/identity_v1/sam_masked_negative6/crops/Cosmos3_seed101_0039/frame_0084_rank_03.png
Cosmos3_seed101_0039,84,2,T02,False,0.9712610244750977,0.0003856172566772936,0.02165063595784608,0.6672581434249878,0.1468542516231537,/shared/ssd_30T/zhuoyingyang/physact/sam3_robowm/identity_v1/sam_masked_negative6/crops/Cosmos3_seed101_0039/frame_0084_rank_02.png
Cosmos3_seed101_0039,84,1,T00,False,0.9491902589797974,0.0002291121464877354,0.03816458380177391,0.8593088388442993,0.7390202283859253,/shared/ssd_30T/zhuoyingyang/physact/sam3_robowm/identity_v1/sam_masked_negative6/crops/Cosmos3_seed101_0039/frame_0084_rank_01.png
Cosmos3_seed101_0039,87,3,T07,False,0.9872301816940308,0.0016578548989441022,0.009991827454212954,0.6291955709457397,0.1217321008443832,/shared/ssd_30T/zhuoyingyang/physact/sam3_robowm/identity_v1/sam_masked_negative6/crops/Cosmos3_seed101_0039/frame_0087_rank_03.png
Cosmos3_seed101_0039,87,1,T00,False,0.9518149495124817,0.00027686991842149045,0.036208005345244106,0.869088888168335,0.7360924482345581,/shared/ssd_30T/zhuoyingyang/physact/sam3_robowm/identity_v1/sam_masked_negative6/crops/Cosmos3_seed101_0039/frame_0087_rank_01.png
Cosmos3_seed101_0039,87,2,T02,False,0.9470548629760742,1.571757921649203e-05,0.039712782162748456,0.665420413017273,0.1388889253139495,/shared/ssd_30T/zhuoyingyang/physact/sam3_robowm/identity_v1/sam_masked_negative6/crops/Cosmos3_seed101_0039/frame_0087_rank_02.png
Cosmos3_seed101_0039,90,2,T02,False,0.9737247228622437,0.00017128330848860748,0.01974927868043941,0.6628375053405762,0.1600176244974136,/shared/ssd_30T/zhuoyingyang/physact/sam3_robowm/identity_v1/sam_masked_negative6/crops/Cosmos3_seed101_0039/frame_0090_rank_02.png
Cosmos3_seed101_0039,90,1,T00,False,0.9625164270401001,0.0005089070703327269,0.02823990648750811,0.8532598614692688,0.7123466730117798,/shared/ssd_30T/zhuoyingyang/physact/sam3_robowm/identity_v1/sam_masked_negative6/crops/Cosmos3_seed101_0039/frame_0090_rank_01.png
Cosmos3_seed101_0039,90,3,T08,True,,,,0.6418452262878418,0.1385456770658493,/shared/ssd_30T/zhuoyingyang/physact/sam3_robowm/identity_v1/sam_masked_negative6/crops/Cosmos3_seed101_0039/frame_0090_rank_03.png
Cosmos3_seed101_0039,93,3,T07,False,0.9799382090568542,0.0014803414317886906,0.015416428565306487,0.6209216117858887,0.1327669620513916,/shared/ssd_30T/zhuoyingyang/physact/sam3_robowm/identity_v1/sam_masked_negative6/crops/Cosmos3_seed101_0039/frame_0093_rank_03.png
Cosmos3_seed101_0039,93,2,T02,False,0.96112060546875,0.0002769270633668042,0.029228777664279202,0.6515661478042603,0.1400310695171356,/shared/ssd_30T/zhuoyingyang/physact/sam3_robowm/identity_v1/sam_masked_negative6/crops/Cosmos3_seed101_0039/frame_0093_rank_02.png
Cosmos3_seed101_0039,93,1,T00,False,0.9557461142539978,0.0010166455914712253,0.03344457570736945,0.8513748645782471,0.7164164781570435,/shared/ssd_30T/zhuoyingyang/physact/sam3_robowm/identity_v1/sam_masked_negative6/crops/Cosmos3_seed101_0039/frame_0093_rank_01.png
Cosmos3_seed101_0039,96,3,T07,False,0.9873976707458496,0.001720058145979689,0.009881761477107716,0.6325474977493286,0.1326656937599182,/shared/ssd_30T/zhuoyingyang/physact/sam3_robowm/identity_v1/sam_masked_negative6/crops/Cosmos3_seed101_0039/frame_0096_rank_03.png
Cosmos3_seed101_0039,96,2,T02,False,0.9670555591583252,0.00031475257300860466,0.024787018774508254,0.6503843069076538,0.141552984714508,/shared/ssd_30T/zhuoyingyang/physact/sam3_robowm/identity_v1/sam_masked_negative6/crops/Cosmos3_seed101_0039/frame_0096_rank_02.png
Cosmos3_seed101_0039,96,1,T00,False,0.9626891613006592,0.0002629964000965294,0.028048878124529747,0.8970981240272522,0.7098939418792725,/shared/ssd_30T/zhuoyingyang/physact/sam3_robowm/identity_v1/sam_masked_negative6/crops/Cosmos3_seed101_0039/frame_0096_rank_01.png
Cosmos3_seed101_0039,99,1,T00,False,0.9565598368644714,8.911341260160747e-05,0.03260240070479683,0.8999273777008057,0.7078664898872375,/shared/ssd_30T/zhuoyingyang/physact/sam3_robowm/identity_v1/sam_masked_negative6/crops/Cosmos3_seed101_0039/frame_0099_rank_01.png
Cosmos3_seed101_0039,99,3,T07,False,0.9459569454193115,0.0007449902101884627,0.04071853848806347,0.627543568611145,0.1446803212165832,/shared/ssd_30T/zhuoyingyang/physact/sam3_robowm/identity_v1/sam_masked_negative6/crops/Cosmos3_seed101_0039/frame_0099_rank_03.png
Cosmos3_seed101_0039,99,2,T02,False,0.9428693652153015,0.0002585419556679123,0.04291261157744084,0.6554476022720337,0.1472036093473434,/shared/ssd_30T/zhuoyingyang/physact/sam3_robowm/identity_v1/sam_masked_negative6/crops/Cosmos3_seed101_0039/frame_0099_rank_02.png
Cosmos3_seed101_0039,102,1,T00,False,0.954761266708374,0.0002353494482727037,0.033987887330787656,0.8568160533905029,0.7068066596984863,/shared/ssd_30T/zhuoyingyang/physact/sam3_robowm/identity_v1/sam_masked_negative6/crops/Cosmos3_seed101_0039/frame_0102_rank_01.png
Cosmos3_seed101_0039,102,2,T02,False,0.9525958895683289,0.00010434838489712945,0.035579169919977637,0.6484085321426392,0.1508682966232299,/shared/ssd_30T/zhuoyingyang/physact/sam3_robowm/identity_v1/sam_masked_negative6/crops/Cosmos3_seed101_0039/frame_0102_rank_02.png
Cosmos3_seed101_0039,102,3,T09,True,,,,0.6429198980331421,0.1030844822525978,/shared/ssd_30T/zhuoyingyang/physact/sam3_robowm/identity_v1/sam_masked_negative6/crops/Cosmos3_seed101_0039/frame_0102_rank_03.png
Cosmos3_seed101_0039,105,1,T00,False,0.9684479236602783,0.0007155760671651687,0.023842951271582553,0.8876394033432007,0.7002592086791992,/shared/ssd_30T/zhuoyingyang/physact/sam3_robowm/identity_v1/sam_masked_negative6/crops/Cosmos3_seed101_0039/frame_0105_rank_01.png
Cosmos3_seed101_0039,105,3,T07,False,0.963264524936676,0.004328815000247491,0.028633810047554855,0.6223658323287964,0.1373672932386398,/shared/ssd_30T/zhuoyingyang/physact/sam3_robowm/identity_v1/sam_masked_negative6/crops/Cosmos3_seed101_0039/frame_0105_rank_03.png
Cosmos3_seed101_0039,105,2,T02,False,0.9616948366165161,0.00010817610187863365,0.028755916563082573,0.6481189727783203,0.1505154073238372,/shared/ssd_30T/zhuoyingyang/physact/sam3_robowm/identity_v1/sam_masked_negative6/crops/Cosmos3_seed101_0039/frame_0105_rank_02.png
Cosmos3_seed101_0039,108,3,T07,False,0.9931621551513672,0.0007601455529508132,0.005318420024712313,0.6151494979858398,0.1281161457300186,/shared/ssd_30T/zhuoyingyang/physact/sam3_robowm/identity_v1/sam_masked_negative6/crops/Cosmos3_seed101_0039/frame_0108_rank_03.png
Cosmos3_seed101_0039,108,2,T02,False,0.9771004915237427,0.00018986359377415693,0.01722209725563653,0.6569616198539734,0.1522949188947677,/shared/ssd_30T/zhuoyingyang/physact/sam3_robowm/identity_v1/sam_masked_negative6/crops/Cosmos3_seed101_0039/frame_0108_rank_02.png
Cosmos3_seed101_0039,108,1,T00,False,0.9145017862319946,0.0009913374426436,0.06437149468666493,0.861764669418335,0.7151968479156494,/shared/ssd_30T/zhuoyingyang/physact/sam3_robowm/identity_v1/sam_masked_negative6/crops/Cosmos3_seed101_0039/frame_0108_rank_01.png
Cosmos3_seed101_0039,111,3,T07,False,0.983500599861145,0.0013896551634168751,0.012721963894995454,0.6254266500473022,0.1365342140197754,/shared/ssd_30T/zhuoyingyang/physact/sam3_robowm/identity_v1/sam_masked_negative6/crops/Cosmos3_seed101_0039/frame_0111_rank_03.png
Cosmos3_seed101_0039,111,2,T02,False,0.9569799900054932,0.00019827891751778278,0.03231457722525957,0.6586627960205078,0.1363040059804916,/shared/ssd_30T/zhuoyingyang/physact/sam3_robowm/identity_v1/sam_masked_negative6/crops/Cosmos3_seed101_0039/frame_0111_rank_02.png
Cosmos3_seed101_0039,111,1,T00,False,0.9228432178497314,0.0002591258446989892,0.05793236807387616,0.9036034345626832,0.7093226909637451,/shared/ssd_30T/zhuoyingyang/physact/sam3_robowm/identity_v1/sam_masked_negative6/crops/Cosmos3_seed101_0039/frame_0111_rank_01.png
Cosmos3_seed101_0039,114,3,T07,False,0.9892842769622803,0.00036919226524715195,0.008129090344601584,0.6169968843460083,0.1496301591396331,/shared/ssd_30T/zhuoyingyang/physact/sam3_robowm/identity_v1/sam_masked_negative6/crops/Cosmos3_seed101_0039/frame_0114_rank_03.png
Cosmos3_seed101_0039,114,2,T02,False,0.9678561091423035,0.00010224088093739422,0.02413347836350675,0.6589005589485168,0.1397768259048462,/shared/ssd_30T/zhuoyingyang/physact/sam3_robowm/identity_v1/sam_masked_negative6/crops/Cosmos3_seed101_0039/frame_0114_rank_02.png
Cosmos3_seed101_0039,114,1,T00,False,0.941367506980896,0.0001000423935393372,0.04399938036271284,0.8442453145980835,0.6968864798545837,/shared/ssd_30T/zhuoyingyang/physact/sam3_robowm/identity_v1/sam_masked_negative6/crops/Cosmos3_seed101_0039/frame_0114_rank_01.png
Cosmos3_seed101_0039,117,3,T07,False,0.976125180721283,0.0018869249578549268,0.018377845698501514,0.6284099221229553,0.1524377912282943,/shared/ssd_30T/zhuoyingyang/physact/sam3_robowm/identity_v1/sam_masked_negative6/crops/Cosmos3_seed101_0039/frame_0117_rank_03.png
Cosmos3_seed101_0039,117,2,T02,False,0.9662367105484009,0.00011744942166641367,0.025351829444115945,0.6535289287567139,0.1386209726333618,/shared/ssd_30T/zhuoyingyang/physact/sam3_robowm/identity_v1/sam_masked_negative6/crops/Cosmos3_seed101_0039/frame_0117_rank_02.png
Cosmos3_seed101_0039,117,1,T00,False,0.9613614082336426,0.0005008923294088785,0.029104166907120286,0.8898508548736572,0.6918120384216309,/shared/ssd_30T/zhuoyingyang/physact/sam3_robowm/identity_v1/sam_masked_negative6/crops/Cosmos3_seed101_0039/frame_0117_rank_01.png
Cosmos3_seed101_0039,120,3,T07,False,0.9690732955932617,0.0008998716003303169,0.023419996205136292,0.6305460929870605,0.1522893160581588,/shared/ssd_30T/zhuoyingyang/physact/sam3_robowm/identity_v1/sam_masked_negative6/crops/Cosmos3_seed101_0039/frame_0120_rank_03.png
Cosmos3_seed101_0039,120,2,T02,False,0.9271034002304077,0.0002650582855061704,0.054738714398570754,0.6584839820861816,0.1493629515171051,/shared/ssd_30T/zhuoyingyang/physact/sam3_robowm/identity_v1/sam_masked_negative6/crops/Cosmos3_seed101_0039/frame_0120_rank_02.png
Cosmos3_seed101_0039,120,1,T00,False,0.9179883003234863,0.0002163299829777508,0.06156285725312969,0.885911226272583,0.6811148524284363,/shared/ssd_30T/zhuoyingyang/physact/sam3_robowm/identity_v1/sam_masked_negative6/crops/Cosmos3_seed101_0039/frame_0120_rank_01.png
Cosmos3_seed101_0039,123,3,T07,False,0.9650425910949707,0.0016883907550345706,0.026640154367530616,0.6402001976966858,0.1525463163852691,/shared/ssd_30T/zhuoyingyang/physact/sam3_robowm/identity_v1/sam_masked_negative6/crops/Cosmos3_seed101_0039/frame_0123_rank_03.png
Cosmos3_seed101_0039,123,2,T02,False,0.9579461812973022,5.801247904409127e-05,0.031554867146784335,0.6562820672988892,0.1223639100790023,/shared/ssd_30T/zhuoyingyang/physact/sam3_robowm/identity_v1/sam_masked_negative6/crops/Cosmos3_seed101_0039/frame_0123_rank_02.png
Cosmos3_seed101_0039,123,1,T00,False,0.876507580280304,0.0013467818435080434,0.09295601025064905,0.8909128904342651,0.6895523071289062,/shared/ssd_30T/zhuoyingyang/physact/sam3_robowm/identity_v1/sam_masked_negative6/crops/Cosmos3_seed101_0039/frame_0123_rank_01.png
Cosmos3_seed101_0039,126,3,T07,False,0.9588481187820435,0.0017925940757834132,0.03131205943241326,0.6353733539581299,0.1405827850103378,/shared/ssd_30T/zhuoyingyang/physact/sam3_robowm/identity_v1/sam_masked_negative6/crops/Cosmos3_seed101_0039/frame_0126_rank_03.png
Cosmos3_seed101_0039,126,2,T02,False,0.9531665444374084,0.00017660872630247536,0.035169243853519286,0.647416889667511,0.1252940893173217,/shared/ssd_30T/zhuoyingyang/physact/sam3_robowm/identity_v1/sam_masked_negative6/crops/Cosmos3_seed101_0039/frame_0126_rank_02.png
Cosmos3_seed101_0039,126,1,T00,False,0.9265785217285156,0.0027291396623457904,0.055748393619199726,0.8656231164932251,0.7020304203033447,/shared/ssd_30T/zhuoyingyang/physact/sam3_robowm/identity_v1/sam_masked_negative6/crops/Cosmos3_seed101_0039/frame_0126_rank_01.png
Cosmos3_seed101_0039,129,2,T02,False,0.9696797728538513,0.00015871406874946964,0.02277984887679888,0.6552543044090271,0.1260050237178802,/shared/ssd_30T/zhuoyingyang/physact/sam3_robowm/identity_v1/sam_masked_negative6/crops/Cosmos3_seed101_0039/frame_0129_rank_02.png
Cosmos3_seed101_0039,129,1,T00,False,0.9009743332862854,0.00024365604239381852,0.0743301640458844,0.8294784426689148,0.7245257496833801,/shared/ssd_30T/zhuoyingyang/physact/sam3_robowm/identity_v1/sam_masked_negative6/crops/Cosmos3_seed101_0039/frame_0129_rank_01.png
Cosmos3_seed101_0039,129,3,T10,True,,,,0.6310859322547913,0.1135680451989173,/shared/ssd_30T/zhuoyingyang/physact/sam3_robowm/identity_v1/sam_masked_negative6/crops/Cosmos3_seed101_0039/frame_0129_rank_03.png
Cosmos3_seed101_0039,132,3,T02,False,0.8444436192512512,0.00027847992043544725,0.11673690554167045,0.6581270694732666,0.1208706647157669,/shared/ssd_30T/zhuoyingyang/physact/sam3_robowm/identity_v1/sam_masked_negative6/crops/Cosmos3_seed101_0039/frame_0132_rank_03.png
Cosmos3_seed101_0039,132,2,T00,False,0.621424674987793,0.0171705521157217,0.2882241317880857,0.7891876697540283,0.46462082862854,/shared/ssd_30T/zhuoyingyang/physact/sam3_robowm/identity_v1/sam_masked_negative6/crops/Cosmos3_seed101_0039/frame_0132_rank_02.png
Cosmos3_seed101_0039,132,1,T11,True,,,,0.8105001449584961,0.1195816919207573,/shared/ssd_30T/zhuoyingyang/physact/sam3_robowm/identity_v1/sam_masked_negative6/crops/Cosmos3_seed101_0039/frame_0132_rank_01.png
Cosmos3_seed101_0039,135,2,T00,False,0.9286372661590576,0.00821620672730074,0.055576102062531975,0.7487799525260925,0.5114073753356934,/shared/ssd_30T/zhuoyingyang/physact/sam3_robowm/identity_v1/sam_masked_negative6/crops/Cosmos3_seed101_0039/frame_0135_rank_02.png
Cosmos3_seed101_0039,135,3,T02,False,0.8738976716995239,0.00026798822211635865,0.09464374328088615,0.6738585829734802,0.1578318774700164,/shared/ssd_30T/zhuoyingyang/physact/sam3_robowm/identity_v1/sam_masked_negative6/crops/Cosmos3_seed101_0039/frame_0135_rank_03.png
Cosmos3_seed101_0039,135,1,T11,False,0.6086424589157104,0.0016271138405500071,0.29392493427335464,0.8386117219924927,0.2311987727880478,/shared/ssd_30T/zhuoyingyang/physact/sam3_robowm/identity_v1/sam_masked_negative6/crops/Cosmos3_seed101_0039/frame_0135_rank_01.png
Cosmos3_seed101_0039,138,2,T00,False,0.9062603712081909,0.011795559600701779,0.07325361149403226,0.7530980110168457,0.5546495914459229,/shared/ssd_30T/zhuoyingyang/physact/sam3_robowm/identity_v1/sam_masked_negative6/crops/Cosmos3_seed101_0039/frame_0138_rank_02.png
Cosmos3_seed101_0039,138,1,T11,False,0.8927479982376099,0.0008232821133119931,0.0806448218501206,0.7877556085586548,0.3104696571826935,/shared/ssd_30T/zhuoyingyang/physact/sam3_robowm/identity_v1/sam_masked_negative6/crops/Cosmos3_seed101_0039/frame_0138_rank_01.png
Cosmos3_seed101_0039,138,3,T02,False,0.8494958281517029,0.0025728266452145917,0.11352133554752648,0.6796380281448364,0.1954184025526046,/shared/ssd_30T/zhuoyingyang/physact/sam3_robowm/identity_v1/sam_masked_negative6/crops/Cosmos3_seed101_0039/frame_0138_rank_03.png
Cosmos3_seed101_0039,141,3,T02,False,0.9182196855545044,0.0023379982590018386,0.06191973539887216,0.6768462061882019,0.203595295548439,/shared/ssd_30T/zhuoyingyang/physact/sam3_robowm/identity_v1/sam_masked_negative6/crops/Cosmos3_seed101_0039/frame_0141_rank_03.png
Cosmos3_seed101_0039,141,2,T00,False,0.9176644086837769,0.010255840999173019,0.06431565373696062,0.7693438529968262,0.5429759621620178,/shared/ssd_30T/zhuoyingyang/physact/sam3_robowm/identity_v1/sam_masked_negative6/crops/Cosmos3_seed101_0039/frame_0141_rank_02.png
Cosmos3_seed101_0039,141,1,T11,False,0.897164523601532,0.0006377516324224082,0.07728604520695662,0.823451578617096,0.3755776882171631,/shared/ssd_30T/zhuoyingyang/physact/sam3_robowm/identity_v1/sam_masked_negative6/crops/Cosmos3_seed101_0039/frame_0141_rank_01.png
Cosmos3_seed101_0039,144,3,T00,False,0.8911293148994446,0.01694865569557089,0.0858901777493093,0.7324017286300659,0.5229281187057495,/shared/ssd_30T/zhuoyingyang/physact/sam3_robowm/identity_v1/sam_masked_negative6/crops/Cosmos3_seed101_0039/frame_0144_rank_03.png
Cosmos3_seed101_0039,144,2,T11,False,0.8726897239685059,0.0023677024288569592,0.09607463263083485,0.8163853883743286,0.3756871819496155,/shared/ssd_30T/zhuoyingyang/physact/sam3_robowm/identity_v1/sam_masked_negative6/crops/Cosmos3_seed101_0039/frame_0144_rank_02.png
Cosmos3_seed101_0039,144,1,T12,True,,,,0.8316018581390381,0.1679422259330749,/shared/ssd_30T/zhuoyingyang/physact/sam3_robowm/identity_v1/sam_masked_negative6/crops/Cosmos3_seed101_0039/frame_0144_rank_01.png
Cosmos3_seed101_0039,147,3,T00,False,0.922309935092926,0.01904606350715537,0.06302906455709432,0.7633841037750244,0.5434156060218811,/shared/ssd_30T/zhuoyingyang/physact/sam3_robowm/identity_v1/sam_masked_negative6/crops/Cosmos3_seed101_0039/frame_0147_rank_03.png
Cosmos3_seed101_0039,147,1,T11,False,0.8681831955909729,0.0015350684316038543,0.09924637041467128,0.8189164400100708,0.3887543380260467,/shared/ssd_30T/zhuoyingyang/physact/sam3_robowm/identity_v1/sam_masked_negative6/crops/Cosmos3_seed101_0039/frame_0147_rank_01.png
Cosmos3_seed101_0039,147,2,T12,False,0.8208884596824646,0.007774374348248004,0.13627724882521355,0.7778526544570923,0.1514614522457122,/shared/ssd_30T/zhuoyingyang/physact/sam3_robowm/identity_v1/sam_masked_negative6/crops/Cosmos3_seed101_0039/frame_0147_rank_02.png
Cosmos3_seed101_0039,150,1,T11,False,0.9455722570419312,0.0004825058620823815,0.04094143368407223,0.753875732421875,0.4961910545825958,/shared/ssd_30T/zhuoyingyang/physact/sam3_robowm/identity_v1/sam_masked_negative6/crops/Cosmos3_seed101_0039/frame_0150_rank_01.png
Cosmos3_seed101_0039,150,2,T00,False,0.8735783100128174,0.0183883914227807,0.09941336534608214,0.7231420278549194,0.5378803014755249,/shared/ssd_30T/zhuoyingyang/physact/sam3_robowm/identity_v1/sam_masked_negative6/crops/Cosmos3_seed101_0039/frame_0150_rank_02.png
Cosmos3_seed101_0039,150,3,T12,False,0.26432859897613525,0.2952129278287943,0.6255567827250972,0.6743465662002563,0.1392498016357422,/shared/ssd_30T/zhuoyingyang/physact/sam3_robowm/identity_v1/sam_masked_negative6/crops/Cosmos3_seed101_0039/frame_0150_rank_03.png
Cosmos3_seed101_0039,153,1,T11,False,0.8851280212402344,0.0004197092897942792,0.08625891139227279,0.79473876953125,0.4421075582504272,/shared/ssd_30T/zhuoyingyang/physact/sam3_robowm/identity_v1/sam_masked_negative6/crops/Cosmos3_seed101_0039/frame_0153_rank_01.png
Cosmos3_seed101_0039,153,2,T00,False,0.8875725865364075,0.009833490500851621,0.0867789327229073,0.7154899835586548,0.5180642008781433,/shared/ssd_30T/zhuoyingyang/physact/sam3_robowm/identity_v1/sam_masked_negative6/crops/Cosmos3_seed101_0039/frame_0153_rank_02.png
Cosmos3_seed101_0039,153,3,T12,False,0.2818514108657837,0.13869127060600867,0.5732842595021644,0.662851095199585,0.1969460397958755,/shared/ssd_30T/zhuoyingyang/physact/sam3_robowm/identity_v1/sam_masked_negative6/crops/Cosmos3_seed101_0039/frame_0153_rank_03.png
Cosmos3_seed101_0039,156,1,T11,False,0.9826419353485107,0.0001659005833858312,0.0130600236344634,0.7828609943389893,0.511189341545105,/shared/ssd_30T/zhuoyingyang/physact/sam3_robowm/identity_v1/sam_masked_negative6/crops/Cosmos3_seed101_0039/frame_0156_rank_01.png
Cosmos3_seed101_0039,156,3,T12,False,0.8477295637130737,0.0003793090310344164,0.1142976544729533,0.6787181496620178,0.2049576044082641,/shared/ssd_30T/zhuoyingyang/physact/sam3_robowm/identity_v1/sam_masked_negative6/crops/Cosmos3_seed101_0039/frame_0156_rank_03.png
Cosmos3_seed101_0039,156,2,T00,False,0.8260988593101501,0.009050014468743104,0.13268835913457316,0.7181395888328552,0.4940758645534515,/shared/ssd_30T/zhuoyingyang/physact/sam3_robowm/identity_v1/sam_masked_negative6/crops/Cosmos3_seed101_0039/frame_0156_rank_02.png
Cosmos3_seed101_0039,159,1,T11,False,0.9630651473999023,0.00039041873083240595,0.027798744132781345,0.7983414530754089,0.4834617078304291,/shared/ssd_30T/zhuoyingyang/physact/sam3_robowm/identity_v1/sam_masked_negative6/crops/Cosmos3_seed101_0039/frame_0159_rank_01.png
Cosmos3_seed101_0039,159,2,T00,False,0.8911069631576538,0.006011879424285474,0.08317274748783102,0.7131645083427429,0.4736775755882263,/shared/ssd_30T/zhuoyingyang/physact/sam3_robowm/identity_v1/sam_masked_negative6/crops/Cosmos3_seed101_0039/frame_0159_rank_02.png
Cosmos3_seed101_0039,159,3,T13,True,,,,0.7098919153213501,0.1242401599884033,/shared/ssd_30T/zhuoyingyang/physact/sam3_robowm/identity_v1/sam_masked_negative6/crops/Cosmos3_seed101_0039/frame_0159_rank_03.png
Cosmos3_seed101_0039,162,1,T11,False,0.9719864726066589,0.00020377510050026401,0.021061089320130864,0.7785463333129883,0.5203485488891602,/shared/ssd_30T/zhuoyingyang/physact/sam3_robowm/identity_v1/sam_masked_negative6/crops/Cosmos3_seed101_0039/frame_0162_rank_01.png
Cosmos3_seed101_0039,162,2,T00,False,0.8529632091522217,0.007054988969806374,0.11204134037828534,0.6598284840583801,0.4079892039299011,/shared/ssd_30T/zhuoyingyang/physact/sam3_robowm/identity_v1/sam_masked_negative6/crops/Cosmos3_seed101_0039/frame_0162_rank_02.png
Cosmos3_seed101_0039,162,3,T12,False,0.3787887990474701,0.007938594634843399,0.46789304937310827,0.6438697576522827,0.2484710067510604,/shared/ssd_30T/zhuoyingyang/physact/sam3_robowm/identity_v1/sam_masked_negative6/crops/Cosmos3_seed101_0039/frame_0162_rank_03.png
Cosmos3_seed101_0039,165,1,T11,False,0.9694085121154785,0.00016120400348580653,0.022983916914262565,0.7533656358718872,0.5080167055130005,/shared/ssd_30T/zhuoyingyang/physact/sam3_robowm/identity_v1/sam_masked_negative6/crops/Cosmos3_seed101_0039/frame_0165_rank_01.png
Cosmos3_seed101_0039,165,3,T00,False,0.9184418320655823,0.005171602615283844,0.062461526604634256,0.6858752965927124,0.440089464187622,/shared/ssd_30T/zhuoyingyang/physact/sam3_robowm/identity_v1/sam_masked_negative6/crops/Cosmos3_seed101_0039/frame_0165_rank_03.png
Cosmos3_seed101_0039,165,2,T13,False,0.7808960676193237,0.0076481346703061405,0.16623998295308373,0.7167487740516663,0.1569520384073257,/shared/ssd_30T/zhuoyingyang/physact/sam3_robowm/identity_v1/sam_masked_negative6/crops/Cosmos3_seed101_0039/frame_0165_rank_02.png
Cosmos3_seed101_0039,168,1,T11,False,0.9787540435791016,0.00012626662697857416,0.015966033972418473,0.7745896577835083,0.5118289589881897,/shared/ssd_30T/zhuoyingyang/physact/sam3_robowm/identity_v1/sam_masked_negative6/crops/Cosmos3_seed101_0039/frame_0168_rank_01.png
Cosmos3_seed101_0039,168,2,T13,False,0.9373054504394531,0.002157923659297365,0.0475603930852345,0.7182115912437439,0.1880868524312973,/shared/ssd_30T/zhuoyingyang/physact/sam3_robowm/identity_v1/sam_masked_negative6/crops/Cosmos3_seed101_0039/frame_0168_rank_02.png
Cosmos3_seed101_0039,168,3,T00,False,0.9285204410552979,0.0023825987524140595,0.05420531889663013,0.7098060846328735,0.4467374980449676,/shared/ssd_30T/zhuoyingyang/physact/sam3_robowm/identity_v1/sam_masked_negative6/crops/Cosmos3_seed101_0039/frame_0168_rank_03.png
Cosmos3_seed101_0039,171,1,T11,False,0.9615575075149536,0.00024406271309839508,0.028892885042059387,0.7769699096679688,0.4843127131462097,/shared/ssd_30T/zhuoyingyang/physact/sam3_robowm/identity_v1/sam_masked_negative6/crops/Cosmos3_seed101_0039/frame_0171_rank_01.png
Cosmos3_seed101_0039,171,2,T13,False,0.3854823410511017,0.23001054522580333,0.5183908805181245,0.6649483442306519,0.1234521344304084,/shared/ssd_30T/zhuoyingyang/physact/sam3_robowm/identity_v1/sam_masked_negative6/crops/Cosmos3_seed101_0039/frame_0171_rank_02.png
Cosmos3_seed101_0039,171,3,T14,True,,,,0.663213312625885,0.2035606205463409,/shared/ssd_30T/zhuoyingyang/physact/sam3_robowm/identity_v1/sam_masked_negative6/crops/Cosmos3_seed101_0039/frame_0171_rank_03.png
Cosmos3_seed101_0039,174,3,T11,False,0.9770046472549438,9.368342537665987e-05,0.01726993541513628,0.745252251625061,0.3744884133338928,/shared/ssd_30T/zhuoyingyang/physact/sam3_robowm/identity_v1/sam_masked_negative6/crops/Cosmos3_seed101_0039/frame_0174_rank_03.png
Cosmos3_seed101_0039,174,1,T00,False,0.7984766960144043,0.06636645630900227,0.16773409206644735,0.7748269438743591,0.626240611076355,/shared/ssd_30T/zhuoyingyang/physact/sam3_robowm/identity_v1/sam_masked_negative6/crops/Cosmos3_seed101_0039/frame_0174_rank_01.png
Cosmos3_seed101_0039,174,2,T13,False,0.3047112226486206,0.2267254173895865,0.5781479373609312,0.7734258770942688,0.6054510474205017,/shared/ssd_30T/zhuoyingyang/physact/sam3_robowm/identity_v1/sam_masked_negative6/crops/Cosmos3_seed101_0039/frame_0174_rank_02.png
Cosmos3_seed101_0039,177,3,T11,False,0.985779345035553,9.502607792966642e-05,0.010689247742817683,0.7506614327430725,0.3475382030010223,/shared/ssd_30T/zhuoyingyang/physact/sam3_robowm/identity_v1/sam_masked_negative6/crops/Cosmos3_seed101_0039/frame_0177_rank_03.png
Cosmos3_seed101_0039,177,1,T13,False,0.9577584266662598,0.0004112075180865068,0.031783981879826805,0.7686506509780884,0.620039701461792,/shared/ssd_30T/zhuoyingyang/physact/sam3_robowm/identity_v1/sam_masked_negative6/crops/Cosmos3_seed101_0039/frame_0177_rank_01.png
Cosmos3_seed101_0039,177,2,T00,False,0.9140406847000122,0.002268086451061897,0.06503650808775632,0.7642550468444824,0.6447811722755432,/shared/ssd_30T/zhuoyingyang/physact/sam3_robowm/identity_v1/sam_masked_negative6/crops/Cosmos3_seed101_0039/frame_0177_rank_02.png
Cosmos3_seed101_0039,180,1,T13,False,0.9823999404907227,0.00028839335087042344,0.013272142969675613,0.7691018581390381,0.6219459772109985,/shared/ssd_30T/zhuoyingyang/physact/sam3_robowm/identity_v1/sam_masked_negative6/crops/Cosmos3_seed101_0039/frame_0180_rank_01.png
Cosmos3_seed101_0039,180,3,T11,False,0.9797439575195312,0.0005890215238214982,0.015339287241306936,0.7314658164978027,0.3227567672729492,/shared/ssd_30T/zhuoyingyang/physact/sam3_robowm/identity_v1/sam_masked_negative6/crops/Cosmos3_seed101_0039/frame_0180_rank_03.png
Cosmos3_seed101_0039,180,2,T00,False,0.9439667463302612,0.0069581458206077855,0.04376447670745602,0.7604398727416992,0.6368038058280945,/shared/ssd_30T/zhuoyingyang/physact/sam3_robowm/identity_v1/sam_masked_negative6/crops/Cosmos3_seed101_0039/frame_0180_rank_02.png
Cosmos3_seed101_0039,183,2,T13,False,0.9809750318527222,4.197154689973503e-05,0.014279218997183308,0.7433516979217529,0.5837661623954773,/shared/ssd_30T/zhuoyingyang/physact/sam3_robowm/identity_v1/sam_masked_negative6/crops/Cosmos3_seed101_0039/frame_0183_rank_02.png
Cosmos3_seed101_0039,183,1,T11,False,0.968559205532074,0.0006234048825190676,0.023736447071574285,0.7481127977371216,0.3507257401943207,/shared/ssd_30T/zhuoyingyang/physact/sam3_robowm/identity_v1/sam_masked_negative6/crops/Cosmos3_seed101_0039/frame_0183_rank_01.png
Cosmos3_seed101_0039,183,3,T00,False,0.9406381845474243,0.0010910837011733623,0.0447941325147251,0.7245504260063171,0.6189270615577698,/shared/ssd_30T/zhuoyingyang/physact/sam3_robowm/identity_v1/sam_masked_negative6/crops/Cosmos3_seed101_0039/frame_0183_rank_03.png
Cosmos3_seed101_0039,186,2,T11,False,0.9901783466339111,0.0003037828336821453,0.007442185732987187,0.7567769289016724,0.2834964692592621,/shared/ssd_30T/zhuoyingyang/physact/sam3_robowm/identity_v1/sam_masked_negative6/crops/Cosmos3_seed101_0039/frame_0186_rank_02.png
Cosmos3_seed101_0039,186,3,T00,False,0.9781692028045654,0.0008236803421496483,0.01657901798211334,0.7353832721710205,0.6305503249168396,/shared/ssd_30T/zhuoyingyang/physact/sam3_robowm/identity_v1/sam_masked_negative6/crops/Cosmos3_seed101_0039/frame_0186_rank_03.png
Cosmos3_seed101_0039,186,1,T13,False,0.9695508480072021,0.00014458767998290538,0.022873010914594115,0.7635469436645508,0.5928258299827576,/shared/ssd_30T/zhuoyingyang/physact/sam3_robowm/identity_v1/sam_masked_negative6/crops/Cosmos3_seed101_0039/frame_0186_rank_01.png
Cosmos3_seed101_0039,188,3,T00,False,0.9912956357002258,0.00014458306333693275,0.006564418990664861,0.749008059501648,0.6246359348297119,/shared/ssd_30T/zhuoyingyang/physact/sam3_robowm/identity_v1/sam_masked_negative6/crops/Cosmos3_seed101_0039/frame_0188_rank_03.png
Cosmos3_seed101_0039,188,2,T11,False,0.9889340996742249,0.00011912218977264872,0.008329205791774522,0.7652304172515869,0.3250085711479187,/shared/ssd_30T/zhuoyingyang/physact/sam3_robowm/identity_v1/sam_masked_negative6/crops/Cosmos3_seed101_0039/frame_0188_rank_02.png
Cosmos3_seed101_0039,188,1,T13,False,0.9825888872146606,2.925833122171831e-05,0.013065649171809947,0.7660213708877563,0.5910513997077942,/shared/ssd_30T/zhuoyingyang/physact/sam3_robowm/identity_v1/sam_masked_negative6/crops/Cosmos3_seed101_0039/frame_0188_rank_01.png
Cosmos3_seed101_0049,0,1,T00,True,,,,0.9696760773658752,0.8288022875785828,/shared/ssd_30T/zhuoyingyang/physact/sam3_robowm/identity_v1/sam_masked_negative6/crops/Cosmos3_seed101_0049/frame_0000_rank_01.png
Cosmos3_seed101_0049,3,1,T00,False,0.9697179794311523,1.2461405543015996e-05,0.022714630778021497,0.9676139950752258,0.8331946730613708,/shared/ssd_30T/zhuoyingyang/physact/sam3_robowm/identity_v1/sam_masked_negative6/crops/Cosmos3_seed101_0049/frame_0003_rank_01.png
Cosmos3_seed101_0049,6,1,T00,False,0.9831921458244324,0.00018315320246145442,0.012651678932291084,0.956887185573578,0.8435453176498413,/shared/ssd_30T/zhuoyingyang/physact/sam3_robowm/identity_v1/sam_masked_negative6/crops/Cosmos3_seed101_0049/frame_0006_rank_01.png
Cosmos3_seed101_0049,9,1,T00,False,0.992992103099823,4.7817960821468306e-05,0.005267877165338119,0.9568629264831544,0.8383496403694153,/shared/ssd_30T/zhuoyingyang/physact/sam3_robowm/identity_v1/sam_masked_negative6/crops/Cosmos3_seed101_0049/frame_0009_rank_01.png
Cosmos3_seed101_0049,12,1,T00,False,0.9918882250785828,0.00011226181327144695,0.006111896644380789,0.9610066413879396,0.8362666368484497,/shared/ssd_30T/zhuoyingyang/physact/sam3_robowm/identity_v1/sam_masked_negative6/crops/Cosmos3_seed101_0049/frame_0012_rank_01.png
Cosmos3_seed101_0049,15,1,T00,False,0.9866335391998291,0.00012474318453998515,0.01005603139626317,0.9510447978973388,0.8434054851531982,/shared/ssd_30T/zhuoyingyang/physact/sam3_robowm/identity_v1/sam_masked_negative6/crops/Cosmos3_seed101_0049/frame_0015_rank_01.png
Cosmos3_seed101_0049,18,1,T00,False,0.9886700510978699,0.0001536232577228078,0.008535867491028297,0.9505419135093688,0.8249510526657104,/shared/ssd_30T/zhuoyingyang/physact/sam3_robowm/identity_v1/sam_masked_negative6/crops/Cosmos3_seed101_0049/frame_0018_rank_01.png
Cosmos3_seed101_0049,21,1,T00,False,0.991023063659668,0.0001021855623575202,0.006758248645838403,0.9603770971298218,0.8341374397277832,/shared/ssd_30T/zhuoyingyang/physact/sam3_robowm/identity_v1/sam_masked_negative6/crops/Cosmos3_seed101_0049/frame_0021_rank_01.png
Cosmos3_seed101_0049,24,1,T00,False,0.9820106029510498,0.00016152693533497215,0.01353242952054639,0.9501535892486572,0.8187472224235535,/shared/ssd_30T/zhuoyingyang/physact/sam3_robowm/identity_v1/sam_masked_negative6/crops/Cosmos3_seed101_0049/frame_0024_rank_01.png
Cosmos3_seed101_0049,27,1,T00,False,0.9812352657318115,0.00024333997970800116,0.014134385696068359,0.948250651359558,0.820909857749939,/shared/ssd_30T/zhuoyingyang/physact/sam3_robowm/identity_v1/sam_masked_negative6/crops/Cosmos3_seed101_0049/frame_0027_rank_01.png
Cosmos3_seed101_0049,30,1,T00,False,0.9866546392440796,9.44960971184851e-05,0.01003264459121993,0.952988862991333,0.820163905620575,/shared/ssd_30T/zhuoyingyang/physact/sam3_robowm/identity_v1/sam_masked_negative6/crops/Cosmos3_seed101_0049/frame_0030_rank_01.png
Cosmos3_seed101_0049,33,1,T00,False,0.9797985553741455,0.00021249396617997054,0.015204206960935862,0.9483935832977296,0.8137150406837463,/shared/ssd_30T/zhuoyingyang/physact/sam3_robowm/identity_v1/sam_masked_negative6/crops/Cosmos3_seed101_0049/frame_0033_rank_01.png
Cosmos3_seed101_0049,36,1,T00,False,0.9946873188018799,9.815768587029788e-05,0.004009050320057663,0.9551723003387452,0.8090744614601135,/shared/ssd_30T/zhuoyingyang/physact/sam3_robowm/identity_v1/sam_masked_negative6/crops/Cosmos3_seed101_0049/frame_0036_rank_01.png
Cosmos3_seed101_0049,39,1,T00,False,0.9844396114349365,0.0001699165783512207,0.011712770568385412,0.954413652420044,0.8062480688095093,/shared/ssd_30T/zhuoyingyang/physact/sam3_robowm/identity_v1/sam_masked_negative6/crops/Cosmos3_seed101_0049/frame_0039_rank_01.png
Cosmos3_seed101_0049,42,1,T00,False,0.9734612703323364,5.341223484777425e-05,0.019917400309459623,0.9558511972427368,0.8049514293670654,/shared/ssd_30T/zhuoyingyang/physact/sam3_robowm/identity_v1/sam_masked_negative6/crops/Cosmos3_seed101_0049/frame_0042_rank_01.png
Cosmos3_seed101_0049,45,1,T00,False,0.9920411109924316,6.700343132010734e-06,0.005970841841459272,0.9589242935180664,0.8103424310684204,/shared/ssd_30T/zhuoyingyang/physact/sam3_robowm/identity_v1/sam_masked_negative6/crops/Cosmos3_seed101_0049/frame_0045_rank_01.png
Cosmos3_seed101_0049,48,1,T00,False,0.9838950634002686,4.0632742397245214e-05,0.012088860635397896,0.9562690258026124,0.7912291288375854,/shared/ssd_30T/zhuoyingyang/physact/sam3_robowm/identity_v1/sam_masked_negative6/crops/Cosmos3_seed101_0049/frame_0048_rank_01.png
Cosmos3_seed101_0049,51,1,T00,False,0.9856590628623962,0.00019438587753238477,0.010804299322585916,0.9569081664085388,0.7827286720275879,/shared/ssd_30T/zhuoyingyang/physact/sam3_robowm/identity_v1/sam_masked_negative6/crops/Cosmos3_seed101_0049/frame_0051_rank_01.png
Cosmos3_seed101_0049,54,1,T00,False,0.9859004020690918,0.00015605867545076923,0.010613713117043845,0.9635597467422484,0.779768705368042,/shared/ssd_30T/zhuoyingyang/physact/sam3_robowm/identity_v1/sam_masked_negative6/crops/Cosmos3_seed101_0049/frame_0054_rank_01.png
Cosmos3_seed101_0049,57,1,T00,False,0.984042763710022,0.00020585669036370463,0.012019391390074447,0.958627462387085,0.7810481786727905,/shared/ssd_30T/zhuoyingyang/physact/sam3_robowm/identity_v1/sam_masked_negative6/crops/Cosmos3_seed101_0049/frame_0057_rank_01.png
Cosmos3_seed101_0049,60,1,T00,False,0.9940115213394165,0.00015674647452889126,0.004530545614069845,0.9614239931106568,0.7923572063446045,/shared/ssd_30T/zhuoyingyang/physact/sam3_robowm/identity_v1/sam_masked_negative6/crops/Cosmos3_seed101_0049/frame_0060_rank_01.png
Cosmos3_seed101_0049,63,1,T00,False,0.9908952116966248,7.994959356841304e-05,0.006848578625923536,0.9548864960670472,0.8033341765403748,/shared/ssd_30T/zhuoyingyang/physact/sam3_robowm/identity_v1/sam_masked_negative6/crops/Cosmos3_seed101_0049/frame_0063_rank_01.png
Cosmos3_seed101_0049,66,1,T00,False,0.9790284633636475,0.0001129667497452783,0.015756894164700722,0.952287495136261,0.8004913926124573,/shared/ssd_30T/zhuoyingyang/physact/sam3_robowm/identity_v1/sam_masked_negative6/crops/Cosmos3_seed101_0049/frame_0066_rank_01.png
Cosmos3_seed101_0049,69,1,T00,False,0.9896800518035889,0.00042651676257657724,0.007846590337952495,0.9537217617034912,0.7981815338134766,/shared/ssd_30T/zhuoyingyang/physact/sam3_robowm/identity_v1/sam_masked_negative6/crops/Cosmos3_seed101_0049/frame_0069_rank_01.png
Cosmos3_seed101_0049,72,1,T00,False,0.9923507571220398,0.00018168943144037078,0.005782354516330247,0.9521403312683104,0.8021198511123657,/shared/ssd_30T/zhuoyingyang/physact/sam3_robowm/identity_v1/sam_masked_negative6/crops/Cosmos3_seed101_0049/frame_0072_rank_01.png
Cosmos3_seed101_0049,75,1,T00,False,0.9765099287033081,0.00033267906005263474,0.01770072323753208,0.9455357789993286,0.801706075668335,/shared/ssd_30T/zhuoyingyang/physact/sam3_robowm/identity_v1/sam_masked_negative6/crops/Cosmos3_seed101_0049/frame_0075_rank_01.png
Cosmos3_seed101_0049,78,1,T00,False,0.989408552646637,0.00014446694708086555,0.007979702251792495,0.9507542252540588,0.7927843928337097,/shared/ssd_30T/zhuoyingyang/physact/sam3_robowm/identity_v1/sam_masked_negative6/crops/Cosmos3_seed101_0049/frame_0078_rank_01.png
Cosmos3_seed101_0049,81,1,T00,False,0.984404444694519,0.00039891709332469085,0.011796395752441891,0.9331227540969848,0.7962958216667175,/shared/ssd_30T/zhuoyingyang/physact/sam3_robowm/identity_v1/sam_masked_negative6/crops/Cosmos3_seed101_0049/frame_0081_rank_01.png
Cosmos3_seed101_0049,84,1,T00,False,0.9879789352416992,0.0003391977641659645,0.009100598009767077,0.9481059312820436,0.8008846640586853,/shared/ssd_30T/zhuoyingyang/physact/sam3_robowm/identity_v1/sam_masked_negative6/crops/Cosmos3_seed101_0049/frame_0084_rank_01.png
Cosmos3_seed101_0049,87,1,T00,False,0.9852194786071777,0.00025926130013576807,0.011150206369650641,0.9574679136276244,0.8065664172172546,/shared/ssd_30T/zhuoyingyang/physact/sam3_robowm/identity_v1/sam_masked_negative6/crops/Cosmos3_seed101_0049/frame_0087_rank_01.png
Cosmos3_seed101_0049,90,1,T00,False,0.9844384789466858,0.00021385580571656876,0.011724604741414799,0.9510267972946168,0.8314756155014038,/shared/ssd_30T/zhuoyingyang/physact/sam3_robowm/identity_v1/sam_masked_negative6/crops/Cosmos3_seed101_0049/frame_0090_rank_01.png
Cosmos3_seed101_0049,93,1,T00,False,0.9887141585350037,0.00012815770663370316,0.008496420525405678,0.945895791053772,0.8264549374580383,/shared/ssd_30T/zhuoyingyang/physact/sam3_robowm/identity_v1/sam_masked_negative6/crops/Cosmos3_seed101_0049/frame_0093_rank_01.png
Cosmos3_seed101_0049,96,1,T00,False,0.9909142851829529,0.00015864677732949079,0.006853947807117712,0.9512400031089784,0.8274086117744446,/shared/ssd_30T/zhuoyingyang/physact/sam3_robowm/identity_v1/sam_masked_negative6/crops/Cosmos3_seed101_0049/frame_0096_rank_01.png
Cosmos3_seed101_0049,99,1,T00,False,0.9857960343360901,0.00010898163050229465,0.010680219655558008,0.9589415788650512,0.8214356899261475,/shared/ssd_30T/zhuoyingyang/physact/sam3_robowm/identity_v1/sam_masked_negative6/crops/Cosmos3_seed101_0049/frame_0099_rank_01.png
Cosmos3_seed101_0049,102,1,T00,False,0.9773391485214233,4.7317744693717005e-05,0.017007468045105924,0.9546328783035278,0.8115779161453247,/shared/ssd_30T/zhuoyingyang/physact/sam3_robowm/identity_v1/sam_masked_negative6/crops/Cosmos3_seed101_0049/frame_0102_rank_01.png
Cosmos3_seed101_0049,105,1,T00,False,0.9875737428665161,0.00010010490596974878,0.009344719076605352,0.954028844833374,0.8075203895568848,/shared/ssd_30T/zhuoyingyang/physact/sam3_robowm/identity_v1/sam_masked_negative6/crops/Cosmos3_seed101_0049/frame_0105_rank_01.png
Cosmos3_seed101_0049,108,1,T00,False,0.7919983863830566,0.00011409360707510784,0.1560297336144763,0.9084895849227904,0.7734254002571106,/shared/ssd_30T/zhuoyingyang/physact/sam3_robowm/identity_v1/sam_masked_negative6/crops/Cosmos3_seed101_0049/frame_0108_rank_01.png
Cosmos3_seed101_0049,111,1,T00,False,0.9030830264091492,0.00014176336817398063,0.07272317103518162,0.9143565893173218,0.7252269983291626,/shared/ssd_30T/zhuoyingyang/physact/sam3_robowm/identity_v1/sam_masked_negative6/crops/Cosmos3_seed101_0049/frame_0111_rank_01.png
Cosmos3_seed101_0049,111,2,T01,True,,,,0.6826203465461731,0.1076591908931732,/shared/ssd_30T/zhuoyingyang/physact/sam3_robowm/identity_v1/sam_masked_negative6/crops/Cosmos3_seed101_0049/frame_0111_rank_02.png
Cosmos3_seed101_0049,114,1,T00,False,0.8178846836090088,0.00016438561325358752,0.1366275836965568,0.9146944284439088,0.7249414920806885,/shared/ssd_30T/zhuoyingyang/physact/sam3_robowm/identity_v1/sam_masked_negative6/crops/Cosmos3_seed101_0049/frame_0114_rank_01.png
Cosmos3_seed101_0049,114,2,T02,True,,,,0.6209700107574463,0.1035143062472343,/shared/ssd_30T/zhuoyingyang/physact/sam3_robowm/identity_v1/sam_masked_negative6/crops/Cosmos3_seed101_0049/frame_0114_rank_02.png
Cosmos3_seed101_0049,117,3,T02,False,0.9797104597091675,0.000798235987046119,0.01541671421488592,0.6229407787322998,0.129189908504486,/shared/ssd_30T/zhuoyingyang/physact/sam3_robowm/identity_v1/sam_masked_negative6/crops/Cosmos3_seed101_0049/frame_0117_rank_03.png
Cosmos3_seed101_0049,117,2,T01,False,0.9211028218269348,0.0005883870850536398,0.059319980401062296,0.660864531993866,0.1055041402578353,/shared/ssd_30T/zhuoyingyang/physact/sam3_robowm/identity_v1/sam_masked_negative6/crops/Cosmos3_seed101_0049/frame_0117_rank_02.png
Cosmos3_seed101_0049,117,1,T00,False,0.8986738920211792,0.00024360240812873888,0.07605548158614779,0.93362957239151,0.6758908629417419,/shared/ssd_30T/zhuoyingyang/physact/sam3_robowm/identity_v1/sam_masked_negative6/crops/Cosmos3_seed101_0049/frame_0117_rank_01.png
Cosmos3_seed101_0049,120,2,T02,False,0.9790155291557312,0.0001187064379732469,0.015768029742694912,0.6082704067230225,0.1377718150615692,/shared/ssd_30T/zhuoyingyang/physact/sam3_robowm/identity_v1/sam_masked_negative6/crops/Cosmos3_seed101_0049/frame_0120_rank_02.png
Cosmos3_seed101_0049,120,1,T00,False,0.9451625943183899,0.0003781680396653784,0.04122259627112392,0.9322694540023804,0.6599117517471313,/shared/ssd_30T/zhuoyingyang/physact/sam3_robowm/identity_v1/sam_masked_negative6/crops/Cosmos3_seed101_0049/frame_0120_rank_01.png
Cosmos3_seed101_0049,120,3,T01,False,0.3403242230415344,0.04604950090680787,0.5062692079455512,0.5974797010421753,0.1031498983502388,/shared/ssd_30T/zhuoyingyang/physact/sam3_robowm/identity_v1/sam_masked_negative6/crops/Cosmos3_seed101_0049/frame_0120_rank_03.png
Cosmos3_seed101_0049,123,3,T01,False,0.9588159918785095,0.0002976207781532933,0.03096241128565618,0.6199710965156555,0.1336133778095245,/shared/ssd_30T/zhuoyingyang/physact/sam3_robowm/identity_v1/sam_masked_negative6/crops/Cosmos3_seed101_0049/frame_0123_rank_03.png
Cosmos3_seed101_0049,123,1,T00,False,0.8956508636474609,0.002660464750253421,0.07892696845196766,0.9287137985229492,0.6956770420074463,/shared/ssd_30T/zhuoyingyang/physact/sam3_robowm/identity_v1/sam_masked_negative6/crops/Cosmos3_seed101_0049/frame_0123_rank_01.png
Cosmos3_seed101_0049,123,2,T02,False,0.8542674779891968,0.03868195376236166,0.11896987994869283,0.621855616569519,0.1153947040438652,/shared/ssd_30T/zhuoyingyang/physact/sam3_robowm/identity_v1/sam_masked_negative6/crops/Cosmos3_seed101_0049/frame_0123_rank_02.png
Cosmos3_seed101_0049,126,2,T02,False,0.951054036617279,0.002032546350530236,0.03721760912467327,0.6313347816467285,0.1006999686360359,/shared/ssd_30T/zhuoyingyang/physact/sam3_robowm/identity_v1/sam_masked_negative6/crops/Cosmos3_seed101_0049/frame_0126_rank_02.png
Cosmos3_seed101_0049,126,1,T00,False,0.8712549209594727,0.0074196315152278034,0.09841371715920245,0.8957846164703369,0.7371585965156555,/shared/ssd_30T/zhuoyingyang/physact/sam3_robowm/identity_v1/sam_masked_negative6/crops/Cosmos3_seed101_0049/frame_0126_rank_01.png
Cosmos3_seed101_0049,129,1,T00,False,0.8795246481895447,0.016303780182700227,0.09443245890351655,0.7717106342315674,0.6411424875259399,/shared/ssd_30T/zhuoyingyang/physact/sam3_robowm/identity_v1/sam_masked_negative6/crops/Cosmos3_seed101_0049/frame_0129_rank_01.png
Cosmos3_seed101_0049,129,3,T01,False,0.7506219148635864,0.0003472419095733923,0.18712037432970352,0.6210812330245972,0.1689613163471222,/shared/ssd_30T/zhuoyingyang/physact/sam3_robowm/identity_v1/sam_masked_negative6/crops/Cosmos3_seed101_0049/frame_0129_rank_03.png
Cosmos3_seed101_0049,129,2,T03,True,,,,0.6693378686904907,0.1375878304243087,/shared/ssd_30T/zhuoyingyang/physact/sam3_robowm/identity_v1/sam_masked_negative6/crops/Cosmos3_seed101_0049/frame_0129_rank_02.png
Cosmos3_seed101_0049,132,2,T02,False,0.9063459634780884,0.029020317593299847,0.07749560678975868,0.6395318508148193,0.1020255461335182,/shared/ssd_30T/zhuoyingyang/physact/sam3_robowm/identity_v1/sam_masked_negative6/crops/Cosmos3_seed101_0049/frame_0132_rank_02.png
Cosmos3_seed101_0049,132,1,T00,False,0.7436545491218567,0.03420190174215662,0.20080956359414665,0.8735144734382629,0.7495921850204468,/shared/ssd_30T/zhuoyingyang/physact/sam3_robowm/identity_v1/sam_masked_negative6/crops/Cosmos3_seed101_0049/frame_0132_rank_01.png
Cosmos3_seed101_0049,135,1,T00,False,0.9429334402084351,0.036540007959648894,0.05193492183358593,0.8692666292190552,0.606795608997345,/shared/ssd_30T/zhuoyingyang/physact/sam3_robowm/identity_v1/sam_masked_negative6/crops/Cosmos3_seed101_0049/frame_0135_rank_01.png
Cosmos3_seed101_0049,135,2,T02,False,0.8499267101287842,0.0687468290060466,0.1297416746549235,0.6375147104263306,0.1946253478527069,/shared/ssd_30T/zhuoyingyang/physact/sam3_robowm/identity_v1/sam_masked_negative6/crops/Cosmos3_seed101_0049/frame_0135_rank_02.png
Cosmos3_seed101_0049,138,1,T00,False,0.8436830043792725,0.027730930217210518,0.12417047926984828,0.869118332862854,0.7535927295684814,/shared/ssd_30T/zhuoyingyang/physact/sam3_robowm/identity_v1/sam_masked_negative6/crops/Cosmos3_seed101_0049/frame_0138_rank_01.png
Cosmos3_seed101_0049,141,1,T00,False,0.8512933254241943,0.023173958503115655,0.11732349555763316,0.8389915227890015,0.7741309404373169,/shared/ssd_30T/zhuoyingyang/physact/sam3_robowm/identity_v1/sam_masked_negative6/crops/Cosmos3_seed101_0049/frame_0141_rank_01.png
Cosmos3_seed101_0049,144,1,T00,False,0.9246697425842285,0.03294734161273851,0.06473452846501324,0.8695409893989563,0.8161632418632507,/shared/ssd_30T/zhuoyingyang/physact/sam3_robowm/identity_v1/sam_masked_negative6/crops/Cosmos3_seed101_0049/frame_0144_rank_01.png
Cosmos3_seed101_0049,147,3,T00,False,0.8403283357620239,0.026789056838559203,0.12645101238812187,0.8263088464736938,0.7563353180885315,/shared/ssd_30T/zhuoyingyang/physact/sam3_robowm/identity_v1/sam_masked_negative6/crops/Cosmos3_seed101_0049/frame_0147_rank_03.png
Cosmos3_seed101_0049,147,1,T04,True,,,,0.8662733435630798,0.1458035558462143,/shared/ssd_30T/zhuoyingyang/physact/sam3_robowm/identity_v1/sam_masked_negative6/crops/Cosmos3_seed101_0049/frame_0147_rank_01.png
Cosmos3_seed101_0049,147,2,T05,True,,,,0.8418653011322021,0.1285769790410995,/shared/ssd_30T/zhuoyingyang/physact/sam3_robowm/identity_v1/sam_masked_negative6/crops/Cosmos3_seed101_0049/frame_0147_rank_02.png
Cosmos3_seed101_0049,150,1,T00,False,0.8783506155014038,0.022277603670904256,0.09680643929167321,0.8349806070327759,0.8238124847412109,/shared/ssd_30T/zhuoyingyang/physact/sam3_robowm/identity_v1/sam_masked_negative6/crops/Cosmos3_seed101_0049/frame_0150_rank_01.png
Cosmos3_seed101_0049,153,1,T00,False,0.9243985414505005,0.015600894757843565,0.060601317601585526,0.8292310237884521,0.78274005651474,/shared/ssd_30T/zhuoyingyang/physact/sam3_robowm/identity_v1/sam_masked_negative6/crops/Cosmos3_seed101_0049/frame_0153_rank_01.png
Cosmos3_seed101_0049,156,1,T00,False,0.9082768559455872,0.019972596065487458,0.0737855070571815,0.8513317108154297,0.7434053421020508,/shared/ssd_30T/zhuoyingyang/physact/sam3_robowm/identity_v1/sam_masked_negative6/crops/Cosmos3_seed101_0049/frame_0156_rank_01.png
Cosmos3_seed101_0049,156,2,T06,True,,,,0.5867058038711548,0.1007272377610206,/shared/ssd_30T/zhuoyingyang/physact/sam3_robowm/identity_v1/sam_masked_negative6/crops/Cosmos3_seed101_0049/frame_0156_rank_02.png
Cosmos3_seed101_0049,159,2,T06,False,0.9371786117553711,0.0148675289984058,0.05083292343307313,0.6167862415313721,0.103495568037033,/shared/ssd_30T/zhuoyingyang/physact/sam3_robowm/identity_v1/sam_masked_negative6/crops/Cosmos3_seed101_0049/frame_0159_rank_02.png
Cosmos3_seed101_0049,159,1,T00,False,0.8864227533340454,0.011923349984659657,0.08816377249563086,0.8514865636825562,0.7182645797729492,/shared/ssd_30T/zhuoyingyang/physact/sam3_robowm/identity_v1/sam_masked_negative6/crops/Cosmos3_seed101_0049/frame_0159_rank_01.png
Cosmos3_seed101_0049,162,1,T00,False,0.9169603586196899,0.004068048653231702,0.06329674319854046,0.8375868201255798,0.7359601855278015,/shared/ssd_30T/zhuoyingyang/physact/sam3_robowm/identity_v1/sam_masked_negative6/crops/Cosmos3_seed101_0049/frame_0162_rank_01.png
Cosmos3_seed101_0049,165,3,T06,False,0.9508548974990845,0.0034141929420798594,0.03771237511120661,0.5897045731544495,0.131158173084259,/shared/ssd_30T/zhuoyingyang/physact/sam3_robowm/identity_v1/sam_masked_negative6/crops/Cosmos3_seed101_0049/frame_0165_rank_03.png
Cosmos3_seed101_0049,165,1,T00,False,0.8415008783340454,0.006073980394856437,0.12039283634818006,0.8499335050582886,0.6531251668930054,/shared/ssd_30T/zhuoyingyang/physact/sam3_robowm/identity_v1/sam_masked_negative6/crops/Cosmos3_seed101_0049/frame_0165_rank_01.png
Cosmos3_seed101_0049,165,2,T07,True,,,,0.6477257609367371,0.1243727579712867,/shared/ssd_30T/zhuoyingyang/physact/sam3_robowm/identity_v1/sam_masked_negative6/crops/Cosmos3_seed101_0049/frame_0165_rank_02.png
Cosmos3_seed101_0049,168,1,T00,False,0.848768949508667,0.004109500817313043,0.11445066307282802,0.8264739513397217,0.6045081615447998,/shared/ssd_30T/zhuoyingyang/physact/sam3_robowm/identity_v1/sam_masked_negative6/crops/Cosmos3_seed101_0049/frame_0168_rank_01.png
Cosmos3_seed101_0049,168,2,T08,True,,,,0.7208046317100525,0.1242469176650047,/shared/ssd_30T/zhuoyingyang/physact/sam3_robowm/identity_v1/sam_masked_negative6/crops/Cosmos3_seed101_0049/frame_0168_rank_02.png
Cosmos3_seed101_0049,168,3,T09,True,,,,0.6927273273468018,0.143881008028984,/shared/ssd_30T/zhuoyingyang/physact/sam3_robowm/identity_v1/sam_masked_negative6/crops/Cosmos3_seed101_0049/frame_0168_rank_03.png
Cosmos3_seed101_0049,171,3,T07,False,0.9574154019355774,6.874545038424091e-05,0.031955634910913015,0.6619089841842651,0.1007634177803993,/shared/ssd_30T/zhuoyingyang/physact/sam3_robowm/identity_v1/sam_masked_negative6/crops/Cosmos3_seed101_0049/frame_0171_rank_03.png
Cosmos3_seed101_0049,171,2,T08,False,0.8225119113922119,0.0037644424290875773,0.13405717706311296,0.7241587042808533,0.1159618869423866,/shared/ssd_30T/zhuoyingyang/physact/sam3_robowm/identity_v1/sam_masked_negative6/crops/Cosmos3_seed101_0049/frame_0171_rank_02.png
Cosmos3_seed101_0049,171,1,T00,False,0.5729376673698425,0.013860602593258562,0.32376190012093276,0.7303876876831055,0.5441914796829224,/shared/ssd_30T/zhuoyingyang/physact/sam3_robowm/identity_v1/sam_masked_negative6/crops/Cosmos3_seed101_0049/frame_0171_rank_01.png
Cosmos3_seed101_0049,174,2,T07,False,0.96687912940979,0.00039260083167387886,0.02493880315057594,0.6588872671127319,0.1745100766420364,/shared/ssd_30T/zhuoyingyang/physact/sam3_robowm/identity_v1/sam_masked_negative6/crops/Cosmos3_seed101_0049/frame_0174_rank_02.png
Cosmos3_seed101_0049,174,3,T08,False,0.6345643997192383,0.313614244399206,0.3524802613103728,0.6032028198242188,0.1310615241527557,/shared/ssd_30T/zhuoyingyang/physact/sam3_robowm/identity_v1/sam_masked_negative6/crops/Cosmos3_seed101_0049/frame_0174_rank_03.png
Cosmos3_seed101_0049,174,1,T00,False,0.45609354972839355,0.018767379297599016,0.4126216825281046,0.7467780113220215,0.5182263255119324,/shared/ssd_30T/zhuoyingyang/physact/sam3_robowm/identity_v1/sam_masked_negative6/crops/Cosmos3_seed101_0049/frame_0174_rank_01.png
Cosmos3_seed101_0049,177,1,T00,False,0.9518569707870483,0.0015558136701886928,0.03649622532726092,0.7775004506111145,0.5566132068634033,/shared/ssd_30T/zhuoyingyang/physact/sam3_robowm/identity_v1/sam_masked_negative6/crops/Cosmos3_seed101_0049/frame_0177_rank_01.png
Cosmos3_seed101_0049,177,2,T07,False,0.9234771132469177,0.0006153406673847523,0.057546000231657894,0.670112133026123,0.1591625213623047,/shared/ssd_30T/zhuoyingyang/physact/sam3_robowm/identity_v1/sam_masked_negative6/crops/Cosmos3_seed101_0049/frame_0177_rank_02.png
Cosmos3_seed101_0049,177,3,T08,False,0.9178326725959778,0.0013833081782407774,0.06197132259757686,0.6140608191490173,0.1253904700279235,/shared/ssd_30T/zhuoyingyang/physact/sam3_robowm/identity_v1/sam_masked_negative6/crops/Cosmos3_seed101_0049/frame_0177_rank_03.png
Cosmos3_seed101_0049,180,1,T00,False,0.9746296405792236,0.00020044821350822837,0.019077881618959333,0.7801973223686218,0.6361848711967468,/shared/ssd_30T/zhuoyingyang/physact/sam3_robowm/identity_v1/sam_masked_negative6/crops/Cosmos3_seed101_0049/frame_0180_rank_01.png
Cosmos3_seed101_0049,180,2,T10,True,,,,0.5846927165985107,0.1337522566318512,/shared/ssd_30T/zhuoyingyang/physact/sam3_robowm/identity_v1/sam_masked_negative6/crops/Cosmos3_seed101_0049/frame_0180_rank_02.png
Cosmos3_seed101_0049,183,1,T00,False,0.9777692556381226,0.000291522320727642,0.01674593885158999,0.7751854658126831,0.6310014128684998,/shared/ssd_30T/zhuoyingyang/physact/sam3_robowm/identity_v1/sam_masked_negative6/crops/Cosmos3_seed101_0049/frame_0183_rank_01.png
Cosmos3_seed101_0049,183,2,T10,False,0.9273914098739624,0.004571382305616797,0.0555992881709324,0.5818699598312378,0.1588494032621383,/shared/ssd_30T/zhuoyingyang/physact/sam3_robowm/identity_v1/sam_masked_negative6/crops/Cosmos3_seed101_0049/frame_0183_rank_02.png
Cosmos3_seed101_0049,186,1,T00,False,0.9562380909919739,0.0006438732035173465,0.03298240005689893,0.7816718816757202,0.6511856913566589,/shared/ssd_30T/zhuoyingyang/physact/sam3_robowm/identity_v1/sam_masked_negative6/crops/Cosmos3_seed101_0049/frame_0186_rank_01.png
Cosmos3_seed101_0049,186,2,T10,False,0.9363136291503906,0.010140907578536357,0.05030000503184112,0.580730676651001,0.1328050196170807,/shared/ssd_30T/zhuoyingyang/physact/sam3_robowm/identity_v1/sam_masked_negative6/crops/Cosmos3_seed101_0049/frame_0186_rank_02.png
Cosmos3_seed101_0049,188,2,T10,False,0.9886392951011658,0.005475881915971352,0.009889499153118509,0.5842764377593994,0.1213477700948715,/shared/ssd_30T/zhuoyingyang/physact/sam3_robowm/identity_v1/sam_masked_negative6/crops/Cosmos3_seed101_0049/frame_0188_rank_02.png
Cosmos3_seed101_0049,188,1,T00,False,0.9836248159408569,7.94601428502814e-05,0.01230125308006987,0.7726283073425293,0.6727854013442993,/shared/ssd_30T/zhuoyingyang/physact/sam3_robowm/identity_v1/sam_masked_negative6/crops/Cosmos3_seed101_0049/frame_0188_rank_01.png
LVP_0043,0,1,T00,True,,,,0.9220855236053468,0.3885081112384796,/shared/ssd_30T/zhuoyingyang/physact/sam3_robowm/identity_v1/sam_masked_negative6/crops/LVP_0043/frame_0000_rank_01.png
LVP_0043,0,2,T01,True,,,,0.7351398468017578,0.2346064299345016,/shared/ssd_30T/zhuoyingyang/physact/sam3_robowm/identity_v1/sam_masked_negative6/crops/LVP_0043/frame_0000_rank_02.png
LVP_0043,0,3,T02,True,,,,0.5753049254417419,0.1536426693201065,/shared/ssd_30T/zhuoyingyang/physact/sam3_robowm/identity_v1/sam_masked_negative6/crops/LVP_0043/frame_0000_rank_03.png
LVP_0043,3,1,T00,False,0.9927077889442444,0.0015326444020698636,0.005852319392334177,0.9265923500061036,0.392743706703186,/shared/ssd_30T/zhuoyingyang/physact/sam3_robowm/identity_v1/sam_masked_negative6/crops/LVP_0043/frame_0003_rank_01.png
LVP_0043,3,2,T01,False,0.8817705512046814,9.520852986840309e-07,0.08867232461781363,0.7353644371032715,0.2291856408119201,/shared/ssd_30T/zhuoyingyang/physact/sam3_robowm/identity_v1/sam_masked_negative6/crops/LVP_0043/frame_0003_rank_02.png
LVP_0043,3,3,T02,False,0.33612027764320374,0.24465190839818912,0.5590727688671445,0.5730979442596436,0.1662462949752807,/shared/ssd_30T/zhuoyingyang/physact/sam3_robowm/identity_v1/sam_masked_negative6/crops/LVP_0043/frame_0003_rank_03.png
LVP_0043,6,1,T00,False,0.9891335964202881,0.0025391302105665274,0.008784585237425568,0.9203481674194336,0.397092342376709,/shared/ssd_30T/zhuoyingyang/physact/sam3_robowm/identity_v1/sam_masked_negative6/crops/LVP_0043/frame_0006_rank_01.png
LVP_0043,6,2,T01,False,0.9758983850479126,7.929964892061019e-06,0.018078193705288566,0.7296169996261597,0.2291952073574066,/shared/ssd_30T/zhuoyingyang/physact/sam3_robowm/identity_v1/sam_masked_negative6/crops/LVP_0043/frame_0006_rank_02.png
LVP_0043,6,3,T02,False,0.9505805969238281,0.0005775211914438733,0.03720893260498988,0.5682202577590942,0.1577049493789672,/shared/ssd_30T/zhuoyingyang/physact/sam3_robowm/identity_v1/sam_masked_negative6/crops/LVP_0043/frame_0006_rank_03.png
LVP_0043,9,2,T01,False,0.9693351984024048,5.1176712113207024e-05,0.02301139537622471,0.7301454544067383,0.2322875261306762,/shared/ssd_30T/zhuoyingyang/physact/sam3_robowm/identity_v1/sam_masked_negative6/crops/LVP_0043/frame_0009_rank_02.png
LVP_0043,9,1,T00,False,0.9507890939712524,0.002858561099153581,0.037622819796349065,0.9252994060516356,0.3906866014003753,/shared/ssd_30T/zhuoyingyang/physact/sam3_robowm/identity_v1/sam_masked_negative6/crops/LVP_0043/frame_0009_rank_01.png
LVP_0043,9,3,T02,False,0.9124224185943604,0.00048152897803872895,0.06580356829873941,0.5529958009719849,0.1619714647531509,/shared/ssd_30T/zhuoyingyang/physact/sam3_robowm/identity_v1/sam_masked_negative6/crops/LVP_0043/frame_0009_rank_03.png
LVP_0043,12,1,T00,False,0.9885468482971191,0.001265315915647506,0.00890619275607252,0.8839205503463745,0.3843119740486145,/shared/ssd_30T/zhuoyingyang/physact/sam3_robowm/identity_v1/sam_masked_negative6/crops/LVP_0043/frame_0012_rank_01.png
LVP_0043,12,2,T01,False,0.8545088171958923,3.02426788314822e-05,0.10912594777278863,0.7139770984649658,0.2365328222513198,/shared/ssd_30T/zhuoyingyang/physact/sam3_robowm/identity_v1/sam_masked_negative6/crops/LVP_0043/frame_0012_rank_02.png
LVP_0043,12,3,T02,False,0.35264039039611816,0.24533339114343122,0.5468530549887691,0.5547839403152466,0.1581864058971405,/shared/ssd_30T/zhuoyingyang/physact/sam3_robowm/identity_v1/sam_masked_negative6/crops/LVP_0043/frame_0012_rank_03.png
LVP_0043,15,1,T00,False,0.9872506856918335,0.0012697362494069773,0.009879419793476622,0.8649885058403015,0.3833882212638855,/shared/ssd_30T/zhuoyingyang/physact/sam3_robowm/identity_v1/sam_masked_negative6/crops/LVP_0043/frame_0015_rank_01.png
LVP_0043,15,2,T01,False,0.8563318252563477,4.06370490037235e-05,0.10776129031999018,0.712271511554718,0.237573817372322,/shared/ssd_30T/zhuoyingyang/physact/sam3_robowm/identity_v1/sam_masked_negative6/crops/LVP_0043/frame_0015_rank_02.png
LVP_0043,15,3,T02,False,0.2715728282928467,0.24531648870652273,0.6076495009569957,0.5795376300811768,0.1620208024978637,/shared/ssd_30T/zhuoyingyang/physact/sam3_robowm/identity_v1/sam_masked_negative6/crops/LVP_0043/frame_0015_rank_03.png
LVP_0043,18,1,T00,False,0.9858416318893433,0.001908190209619139,0.011095823635397338,0.8175632357597351,0.3810298442840576,/shared/ssd_30T/zhuoyingyang/physact/sam3_robowm/identity_v1/sam_masked_negative6/crops/LVP_0043/frame_0018_rank_01.png
LVP_0043,18,2,T01,False,0.8798302412033081,3.283158081557511e-05,0.09013552699272281,0.7065456509590149,0.2363761663436889,/shared/ssd_30T/zhuoyingyang/physact/sam3_robowm/identity_v1/sam_masked_negative6/crops/LVP_0043/frame_0018_rank_02.png
LVP_0043,18,3,T03,True,,,,0.554401159286499,0.1565406769514084,/shared/ssd_30T/zhuoyingyang/physact/sam3_robowm/identity_v1/sam_masked_negative6/crops/LVP_0043/frame_0018_rank_03.png
LVP_0043,21,1,T00,False,0.9823216199874878,0.0005804040205067332,0.013403886014510839,0.8056337833404541,0.3764949738979339,/shared/ssd_30T/zhuoyingyang/physact/sam3_robowm/identity_v1/sam_masked_negative6/crops/LVP_0043/frame_0021_rank_01.png
LVP_0043,21,3,T03,False,0.9684175252914429,0.000295344959430041,0.023760692271275356,0.5789604783058167,0.1619134396314621,/shared/ssd_30T/zhuoyingyang/physact/sam3_robowm/identity_v1/sam_masked_negative6/crops/LVP_0043/frame_0021_rank_03.png
LVP_0043,21,2,T04,True,,,,0.7021983861923218,0.2336517423391342,/shared/ssd_30T/zhuoyingyang/physact/sam3_robowm/identity_v1/sam_masked_negative6/crops/LVP_0043/frame_0021_rank_02.png
LVP_0043,24,3,T03,False,0.982732355594635,0.00015081061324161827,0.012988435957334147,0.5547992587089539,0.1605734676122665,/shared/ssd_30T/zhuoyingyang/physact/sam3_robowm/identity_v1/sam_masked_negative6/crops/LVP_0043/frame_0024_rank_03.png
LVP_0043,24,1,T00,False,0.9534993767738342,0.00023599421889308658,0.0349344659743476,0.8052057027816772,0.3727054297924042,/shared/ssd_30T/zhuoyingyang/physact/sam3_robowm/identity_v1/sam_masked_negative6/crops/LVP_0043/frame_0024_rank_01.png
LVP_0043,24,2,T01,False,0.254373162984848,0.00014310272062926106,0.5592559034415213,0.7071586847305298,0.2108325064182281,/shared/ssd_30T/zhuoyingyang/physact/sam3_robowm/identity_v1/sam_masked_negative6/crops/LVP_0043/frame_0024_rank_02.png
LVP_0043,27,1,T00,False,0.9737362861633301,0.006292657422914439,0.02127094973323105,0.8025768995285034,0.3811258971691131,/shared/ssd_30T/zhuoyingyang/physact/sam3_robowm/identity_v1/sam_masked_negative6/crops/LVP_0043/frame_0027_rank_01.png
LVP_0043,27,3,T03,False,0.86269611120224,0.04120944381433045,0.11328027755190262,0.5044355392456055,0.1581821888685226,/shared/ssd_30T/zhuoyingyang/physact/sam3_robowm/identity_v1/sam_masked_negative6/crops/LVP_0043/frame_0027_rank_03.png
LVP_0043,27,2,T04,False,0.679569661617279,4.543786506723784e-05,0.24033411325330753,0.7156461477279663,0.2341768443584442,/shared/ssd_30T/zhuoyingyang/physact/sam3_robowm/identity_v1/sam_masked_negative6/crops/LVP_0043/frame_0027_rank_02.png
LVP_0043,30,1,T00,False,0.9582693576812744,0.00037168299531971914,0.03139090248787412,0.7965830564498901,0.380008339881897,/shared/ssd_30T/zhuoyingyang/physact/sam3_robowm/identity_v1/sam_masked_negative6/crops/LVP_0043/frame_0030_rank_01.png
LVP_0043,30,2,T04,False,0.7326042652130127,7.795553557123609e-05,0.20056628997413328,0.7075232267379761,0.2318855971097946,/shared/ssd_30T/zhuoyingyang/physact/sam3_robowm/identity_v1/sam_masked_negative6/crops/LVP_0043/frame_0030_rank_02.png
LVP_0043,30,3,T03,False,0.3659220337867737,0.20380653417884828,0.5265101082046318,0.568760097026825,0.1556499600410461,/shared/ssd_30T/zhuoyingyang/physact/sam3_robowm/identity_v1/sam_masked_negative6/crops/LVP_0043/frame_0030_rank_03.png
LVP_0043,33,1,T00,False,0.9897000789642334,0.002397325575919114,0.00832427217080473,0.7907117605209351,0.3855119049549103,/shared/ssd_30T/zhuoyingyang/physact/sam3_robowm/identity_v1/sam_masked_negative6/crops/LVP_0043/frame_0033_rank_01.png
LVP_0043,33,3,T03,False,0.9858813285827637,0.0001745435498867581,0.010632639450398936,0.5666536092758179,0.1576968878507614,/shared/ssd_30T/zhuoyingyang/physact/sam3_robowm/identity_v1/sam_masked_negative6/crops/LVP_0043/frame_0033_rank_03.png
LVP_0043,33,2,T04,False,0.5476313829421997,0.00012929889679276106,0.3393087875175484,0.7032239437103271,0.2340025603771209,/shared/ssd_30T/zhuoyingyang/physact/sam3_robowm/identity_v1/sam_masked_negative6/crops/LVP_0043/frame_0033_rank_02.png
LVP_0043,36,1,T00,False,0.9900152683258057,0.0004005357351088484,0.007588682689422964,0.7901232838630676,0.3823692500591278,/shared/ssd_30T/zhuoyingyang/physact/sam3_robowm/identity_v1/sam_masked_negative6/crops/LVP_0043/frame_0036_rank_01.png
LVP_0043,36,3,T03,False,0.9824572205543518,0.0004216232601738436,0.013262490399279606,0.569220781326294,0.1614590138196945,/shared/ssd_30T/zhuoyingyang/physact/sam3_robowm/identity_v1/sam_masked_negative6/crops/LVP_0043/frame_0036_rank_03.png
LVP_0043,36,2,T04,False,0.5781019926071167,0.00011468512470326699,0.3164521768258383,0.7029037475585938,0.2332253456115722,/shared/ssd_30T/zhuoyingyang/physact/sam3_robowm/identity_v1/sam_masked_negative6/crops/LVP_0043/frame_0036_rank_02.png
LVP_0043,39,1,T00,False,0.9849450588226318,0.003140079654954513,0.01207622579676475,0.7804391384124756,0.3743833005428314,/shared/ssd_30T/zhuoyingyang/physact/sam3_robowm/identity_v1/sam_masked_negative6/crops/LVP_0043/frame_0039_rank_01.png
LVP_0043,39,3,T03,False,0.9734899997711182,0.0002667199877721993,0.019949180168604426,0.5675047039985657,0.1643803566694259,/shared/ssd_30T/zhuoyingyang/physact/sam3_robowm/identity_v1/sam_masked_negative6/crops/LVP_0043/frame_0039_rank_03.png
LVP_0043,42,3,T03,False,0.905388355255127,0.0002783857123528498,0.071028329986743,0.558777928352356,0.1641348153352737,/shared/ssd_30T/zhuoyingyang/physact/sam3_robowm/identity_v1/sam_masked_negative6/crops/LVP_0043/frame_0042_rank_03.png
LVP_0043,42,1,T00,False,0.8946776390075684,0.0002831736522721761,0.07906256415739177,0.8253215551376343,0.383968710899353,/shared/ssd_30T/zhuoyingyang/physact/sam3_robowm/identity_v1/sam_masked_negative6/crops/LVP_0043/frame_0042_rank_01.png
LVP_0043,42,2,T05,True,,,,0.696738600730896,0.2137165665626526,/shared/ssd_30T/zhuoyingyang/physact/sam3_robowm/identity_v1/sam_masked_negative6/crops/LVP_0043/frame_0042_rank_02.png
LVP_0043,45,1,T00,False,0.9905756711959839,5.958490020005583e-05,0.007083142828062099,0.8314089179039001,0.3862142860889435,/shared/ssd_30T/zhuoyingyang/physact/sam3_robowm/identity_v1/sam_masked_negative6/crops/LVP_0043/frame_0045_rank_01.png
LVP_0043,45,3,T03,False,0.9633373022079468,0.0002846197518584793,0.027568178282004537,0.5728639960289001,0.1679113954305648,/shared/ssd_30T/zhuoyingyang/physact/sam3_robowm/identity_v1/sam_masked_negative6/crops/LVP_0043/frame_0045_rank_03.png
LVP_0043,45,2,T05,False,0.6568166017532349,9.746254496400378e-05,0.2574119143213148,0.6940196752548218,0.2227587252855301,/shared/ssd_30T/zhuoyingyang/physact/sam3_robowm/identity_v1/sam_masked_negative6/crops/LVP_0043/frame_0045_rank_02.png
LVP_0043,48,1,T00,False,0.9797475337982178,0.002276672816030783,0.015758517855344364,0.8721200823783875,0.381619393825531,/shared/ssd_30T/zhuoyingyang/physact/sam3_robowm/identity_v1/sam_masked_negative6/crops/LVP_0043/frame_0048_rank_01.png
LVP_0043,48,3,T03,False,0.9639092087745667,0.0002029529935070042,0.027118831667451763,0.562328577041626,0.164150595664978,/shared/ssd_30T/zhuoyingyang/physact/sam3_robowm/identity_v1/sam_masked_negative6/crops/LVP_0043/frame_0048_rank_03.png
LVP_0043,48,2,T05,False,0.7754756212234497,8.134347405179505e-05,0.16841361995092566,0.7073005437850952,0.2304155230522155,/shared/ssd_30T/zhuoyingyang/physact/sam3_robowm/identity_v1/sam_masked_negative6/crops/LVP_0043/frame_0048_rank_02.png
LVP_0062,0,1,T00,True,,,,0.9601816534996032,0.884270191192627,/shared/ssd_30T/zhuoyingyang/physact/sam3_robowm/identity_v1/sam_masked_negative6/crops/LVP_0062/frame_0000_rank_01.png
LVP_0062,3,1,T00,False,0.9658228754997253,0.00023799219312197416,0.025692341423486486,0.971179187297821,0.8717400431632996,/shared/ssd_30T/zhuoyingyang/physact/sam3_robowm/identity_v1/sam_masked_negative6/crops/LVP_0062/frame_0003_rank_01.png
LVP_0062,6,1,T00,False,0.9728297591209412,0.00010974076290219619,0.020405115850019678,0.9537482261657716,0.8661379218101501,/shared/ssd_30T/zhuoyingyang/physact/sam3_robowm/identity_v1/sam_masked_negative6/crops/LVP_0062/frame_0006_rank_01.png
LVP_0062,9,1,T00,False,0.9409236907958984,2.623373593964015e-05,0.04431379033706108,0.9770007133483888,0.8647639155387878,/shared/ssd_30T/zhuoyingyang/physact/sam3_robowm/identity_v1/sam_masked_negative6/crops/LVP_0062/frame_0009_rank_01.png
LVP_0062,12,1,T00,False,0.9654557704925537,0.00021564899578381807,0.02596208437953067,0.9613789319992064,0.8593823313713074,/shared/ssd_30T/zhuoyingyang/physact/sam3_robowm/identity_v1/sam_masked_negative6/crops/LVP_0062/frame_0012_rank_01.png
LVP_0062,15,1,T00,False,0.8979173898696899,0.00025428181864768076,0.07662552805239446,0.94688081741333,0.853746235370636,/shared/ssd_30T/zhuoyingyang/physact/sam3_robowm/identity_v1/sam_masked_negative6/crops/LVP_0062/frame_0015_rank_01.png
LVP_0062,18,1,T00,False,0.888313353061676,0.0009745010319576426,0.08400861046173239,0.9156539440155028,0.8444293141365051,/shared/ssd_30T/zhuoyingyang/physact/sam3_robowm/identity_v1/sam_masked_negative6/crops/LVP_0062/frame_0018_rank_01.png
LVP_0062,21,1,T00,False,0.9335242509841919,0.0009842905627092562,0.050102884402533396,0.931964874267578,0.8449677228927612,/shared/ssd_30T/zhuoyingyang/physact/sam3_robowm/identity_v1/sam_masked_negative6/crops/LVP_0062/frame_0021_rank_01.png
LVP_0062,24,1,T00,False,0.75269615650177,0.009454237694460983,0.18784144204728773,0.932327151298523,0.8470353484153748,/shared/ssd_30T/zhuoyingyang/physact/sam3_robowm/identity_v1/sam_masked_negative6/crops/LVP_0062/frame_0024_rank_01.png
LVP_0062,27,1,T00,False,0.7901465892791748,0.024007693580818824,0.1633919814358236,0.911329984664917,0.8252031803131104,/shared/ssd_30T/zhuoyingyang/physact/sam3_robowm/identity_v1/sam_masked_negative6/crops/LVP_0062/frame_0027_rank_01.png
LVP_0062,30,1,T00,False,0.8409559726715088,0.025840750154946093,0.12574320803510494,0.8661683201789856,0.640387773513794,/shared/ssd_30T/zhuoyingyang/physact/sam3_robowm/identity_v1/sam_masked_negative6/crops/LVP_0062/frame_0030_rank_01.png
LVP_0062,30,2,T01,True,,,,0.7589421272277832,0.2232289612293243,/shared/ssd_30T/zhuoyingyang/physact/sam3_robowm/identity_v1/sam_masked_negative6/crops/LVP_0062/frame_0030_rank_02.png
LVP_0062,33,1,T00,False,0.7227127552032471,0.01439680850144236,0.21156463572292528,0.867403507232666,0.8568311333656311,/shared/ssd_30T/zhuoyingyang/physact/sam3_robowm/identity_v1/sam_masked_negative6/crops/LVP_0062/frame_0033_rank_01.png
LVP_0062,36,1,T00,False,0.8496003150939941,0.009554477763347185,0.11518838312034119,0.8971046209335327,0.8559831380844116,/shared/ssd_30T/zhuoyingyang/physact/sam3_robowm/identity_v1/sam_masked_negative6/crops/LVP_0062/frame_0036_rank_01.png
LVP_0062,39,1,T00,False,0.8696054816246033,0.0029410436310497883,0.09853114968931,0.8975911140441895,0.8504104018211365,/shared/ssd_30T/zhuoyingyang/physact/sam3_robowm/identity_v1/sam_masked_negative6/crops/LVP_0062/frame_0039_rank_01.png
LVP_0062,42,1,T00,False,0.845770001411438,0.002463513300805086,0.11628837726662278,0.9083240032196044,0.8267149329185486,/shared/ssd_30T/zhuoyingyang/physact/sam3_robowm/identity_v1/sam_masked_negative6/crops/LVP_0062/frame_0042_rank_01.png
LVP_0062,42,2,T02,True,,,,0.835589587688446,0.1160123720765113,/shared/ssd_30T/zhuoyingyang/physact/sam3_robowm/identity_v1/sam_masked_negative6/crops/LVP_0062/frame_0042_rank_02.png
LVP_0062,45,1,T00,False,0.9626537561416626,0.0002526058411040544,0.028072834354029064,0.9045798778533936,0.8078992962837219,/shared/ssd_30T/zhuoyingyang/physact/sam3_robowm/identity_v1/sam_masked_negative6/crops/LVP_0062/frame_0045_rank_01.png
LVP_0062,45,2,T02,False,0.9531840085983276,0.0008006058812545989,0.035312145021567924,0.8911863565444946,0.123277448117733,/shared/ssd_30T/zhuoyingyang/physact/sam3_robowm/identity_v1/sam_masked_negative6/crops/LVP_0062/frame_0045_rank_02.png
LVP_0062,48,2,T02,False,0.9780179262161255,5.294482389819813e-05,0.016499791543880434,0.8995559215545654,0.1244950518012046,/shared/ssd_30T/zhuoyingyang/physact/sam3_robowm/identity_v1/sam_masked_negative6/crops/LVP_0062/frame_0048_rank_02.png
LVP_0062,48,1,T00,False,0.9383434057235718,2.175623908101597e-05,0.04624788476709142,0.9079241156578064,0.7975670099258423,/shared/ssd_30T/zhuoyingyang/physact/sam3_robowm/identity_v1/sam_masked_negative6/crops/LVP_0062/frame_0048_rank_01.png
