case,frame,prompt,rank,gdino_score,phrase,x1,y1,x2,y2
Cosmos2.5_0058,0,white cup,1,0.8660951852798462,white cup,679.26806640625,353.4386291503906,741.68359375,446.3162536621094
Cosmos2.5_0058,3,white cup,1,0.8538597822189331,white cup,679.1644287109375,354.04345703125,741.4375,446.453125
Cosmos2.5_0058,6,white cup,1,0.8425318598747253,white cup,680.6239624023438,353.218505859375,742.9662475585938,446.2255859375
Cosmos2.5_0058,9,white cup,1,0.8292736411094666,white cup,680.0580444335938,352.80718994140625,742.4959106445312,445.1708984375
Cosmos2.5_0058,12,white cup,1,0.8279156684875488,white cup,680.2588500976562,352.6474914550781,742.5757446289062,445.0315856933594
Cosmos2.5_0058,15,white cup,1,0.7501586079597473,white cup,681.546875,352.7757568359375,742.48095703125,444.74053955078125
Cosmos2.5_0058,15,white cup,2,0.10088364034891129,cup,575.5178833007812,278.248291015625,661.2055053710938,379.7955322265625
Cosmos2.5_0058,18,white cup,1,0.677425742149353,white cup,680.9671020507812,352.64788818359375,742.4157104492188,444.6298828125
Cosmos2.5_0058,18,white cup,2,0.16624045372009277,white cup,562.8232421875,301.7691650390625,644.1568603515625,399.33001708984375
Cosmos2.5_0058,21,white cup,1,0.6472281217575073,white cup,680.2836303710938,353.01123046875,742.5845336914062,444.88092041015625
Cosmos2.5_0058,21,white cup,2,0.21983997523784637,white cup,553.4901123046875,310.9324645996094,635.2933349609375,413.4245910644531
Cosmos2.5_0058,24,white cup,1,0.6335161924362183,white cup,680.9072265625,352.9319152832031,742.62451171875,444.6297912597656
Cosmos2.5_0058,24,white cup,2,0.2345937192440033,white cup,544.481689453125,322.6597900390625,625.3460693359375,425.63092041015625
Cosmos2.5_0058,27,white cup,1,0.5975310206413269,white cup,681.0498046875,353.0436096191406,742.2686767578125,444.6363830566406
Cosmos2.5_0058,27,white cup,2,0.2604678273200989,white cup,536.4375610351562,331.5683288574219,618.3840942382812,437.6033630371094
Cosmos2.5_0058,30,white cup,1,0.6122204661369324,white cup,679.8628540039062,352.77899169921875,742.8200073242188,444.28192138671875
Cosmos2.5_0058,30,white cup,2,0.2600313127040863,white cup,529.4744262695312,343.4374084472656,610.0513305664062,449.8315124511719
Cosmos2.5_0058,33,white cup,1,0.6123799085617065,white cup,680.871826171875,353.12451171875,742.7572021484375,444.3150634765625
Cosmos2.5_0058,33,white cup,2,0.23274749517440796,white cup,518.711181640625,358.0445861816406,600.9210205078125,463.8477478027344
Cosmos2.5_0058,36,white cup,1,0.6704424619674683,white cup,680.7454223632812,353.09490966796875,742.7411499023438,444.46051025390625
Cosmos2.5_0058,36,white cup,2,0.1570647805929184,white cup,511.3998718261719,364.7414855957031,594.9918823242188,472.8073425292969
Cosmos2.5_0058,39,white cup,1,0.5624645948410034,white cup,680.7042846679688,353.37542724609375,742.6488647460938,444.20782470703125
Cosmos2.5_0058,39,white cup,2,0.3182624280452728,white cup,511.2687683105469,372.1953125,591.9576416015625,479.93206787109375
Cosmos2.5_0058,39,white cup,3,0.10033468902111053,cup,420.01483154296875,100.35403442382812,1189.386474609375,696.7225341796875
Cosmos2.5_0058,42,white cup,1,0.5382283329963684,white cup,680.6062622070312,353.2677917480469,742.5975952148438,444.1590881347656
Cosmos2.5_0058,42,white cup,2,0.35627537965774536,white cup,510.7582092285156,377.00115966796875,591.7937622070312,484.0889892578125
Cosmos2.5_0058,42,white cup,3,0.11254280805587769,white cup,426.318115234375,366.93353271484375,597.31103515625,533.2577514648438
Cosmos2.5_0058,45,white cup,1,0.5502910614013672,white cup,678.3494873046875,353.3055114746094,742.962158203125,444.3297424316406
Cosmos2.5_0058,45,white cup,2,0.31021133065223694,white cup,511.1474914550781,380.68292236328125,591.500732421875,488.063720703125
Cosmos2.5_0058,45,white cup,3,0.11416538804769516,white cup,426.13018798828125,375.8268737792969,595.2257080078125,532.833984375
Cosmos2.5_0058,48,white cup,1,0.538156270980835,white cup,678.724609375,353.3514709472656,742.85791015625,444.3639831542969
Cosmos2.5_0058,48,white cup,2,0.3376995921134949,white cup,509.55401611328125,385.016845703125,590.1975708007812,492.6192626953125
Cosmos2.5_0058,48,white cup,3,0.10405605286359787,white cup,426.6246337890625,379.8245544433594,595.486083984375,532.8834228515625
Cosmos2.5_0058,51,white cup,1,0.5004051327705383,white cup,680.5159912109375,353.52069091796875,742.2242431640625,444.223876953125
Cosmos2.5_0058,51,white cup,2,0.3893924653530121,white cup,506.73211669921875,388.6074523925781,586.9387817382812,497.7288513183594
Cosmos2.5_0058,51,white cup,3,0.13977862894535065,white cup,426.09869384765625,384.38079833984375,593.4110717773438,532.5789794921875
Cosmos2.5_0058,54,white cup,1,0.47510457038879395,white cup,680.0399169921875,353.47821044921875,742.3580322265625,444.26220703125
Cosmos2.5_0058,54,white cup,2,0.4241486191749573,white cup,503.0570983886719,393.3851623535156,584.144775390625,499.8700256347656
Cosmos2.5_0058,54,white cup,3,0.1747581958770752,white cup,425.8198547363281,362.99053955078125,594.6793212890625,534.3684692382812
Cosmos2.5_0058,57,white cup,1,0.47788771986961365,white cup,679.9296264648438,353.440673828125,742.4846801757812,444.2279052734375
Cosmos2.5_0058,57,white cup,2,0.4034358561038971,white cup,501.0301513671875,397.6463623046875,581.034912109375,504.4580078125
Cosmos2.5_0058,57,white cup,3,0.17769747972488403,white cup,425.4230041503906,367.0799255371094,593.7674560546875,534.155029296875
Cosmos2.5_0058,60,white cup,1,0.4938529431819916,white cup,680.9104614257812,353.406005859375,742.1215209960938,444.26220703125
Cosmos2.5_0058,60,white cup,2,0.3943619132041931,white cup,499.15240478515625,400.4560241699219,579.9564819335938,507.6549987792969
Cosmos2.5_0058,60,white cup,3,0.1465800702571869,white cup,424.974365234375,365.3559265136719,596.0427856445312,536.3367919921875
Cosmos2.5_0058,63,white cup,1,0.4783101975917816,white cup,681.2732543945312,353.418701171875,742.1441040039062,444.3369140625
Cosmos2.5_0058,63,white cup,2,0.4089924693107605,white cup,498.7957458496094,407.1002197265625,578.2486572265625,512.3473510742188
Cosmos2.5_0058,63,white cup,3,0.13744188845157623,white cup,425.833251953125,369.10223388671875,594.8775634765625,535.1476440429688
Cosmos2.5_0058,66,white cup,1,0.4598560631275177,white cup,680.9459838867188,353.50238037109375,742.2683715820312,444.320556640625
Cosmos2.5_0058,66,white cup,2,0.43314239382743835,white cup,498.8662109375,410.38177490234375,575.781494140625,515.1106567382812
Cosmos2.5_0058,66,white cup,3,0.13766737282276154,white cup,426.72650146484375,368.84381103515625,594.9740600585938,536.1366577148438
Cosmos2.5_0058,69,white cup,1,0.4536914527416229,white cup,681.3001708984375,353.5075378417969,742.4014892578125,444.3423156738281
Cosmos2.5_0058,69,white cup,2,0.43840688467025757,white cup,497.1285400390625,412.63238525390625,574.093994140625,516.0894775390625
Cosmos2.5_0058,69,white cup,3,0.16477036476135254,white cup,426.26690673828125,370.4571533203125,594.7488403320312,535.2493286132812
Cosmos2.5_0058,72,white cup,1,0.4602036476135254,white cup,680.3870239257812,353.4758605957031,742.3983764648438,444.3374328613281
Cosmos2.5_0058,72,white cup,2,0.4414670169353485,white cup,495.65899658203125,413.4008483886719,573.6698608398438,515.989501953125
Cosmos2.5_0058,72,white cup,3,0.13083545863628387,white cup,426.783447265625,368.7061462402344,595.1703491210938,536.33837890625
Cosmos2.5_0058,75,white cup,1,0.49363481998443604,white cup,680.5856323242188,353.4080810546875,742.3494262695312,444.31866455078125
Cosmos2.5_0058,75,white cup,2,0.409780889749527,white cup,496.24542236328125,413.3518981933594,573.4946899414062,515.4853515625
Cosmos2.5_0058,75,white cup,3,0.1590864211320877,white cup,425.6641540527344,369.86566162109375,594.603759765625,534.6234741210938
Cosmos2.5_0058,78,white cup,1,0.48567187786102295,white cup,494.172607421875,411.9179382324219,573.6556396484375,515.4898681640625
Cosmos2.5_0058,78,white cup,2,0.39235880970954895,white cup,681.061279296875,353.5096130371094,742.2919921875,444.1585998535156
Cosmos2.5_0058,78,white cup,3,0.15613575279712677,white cup,426.8240051269531,408.0986633300781,595.638671875,535.412841796875
Cosmos2.5_0058,81,white cup,1,0.48270535469055176,white cup,493.75860595703125,410.91448974609375,573.5332641601562,514.668701171875
Cosmos2.5_0058,81,white cup,2,0.4238159656524658,white cup,680.6304321289062,353.6318664550781,742.3938598632812,443.9828796386719
Cosmos2.5_0058,81,white cup,3,0.17528975009918213,white cup,426.3098449707031,409.1421203613281,594.586669921875,535.0084838867188
Cosmos2.5_0058,84,white cup,1,0.5468974113464355,white cup,493.9056396484375,410.5092468261719,573.177001953125,514.6681518554688
Cosmos2.5_0058,84,white cup,2,0.32912924885749817,white cup,680.2952880859375,353.56915283203125,742.3619384765625,443.91607666015625
Cosmos2.5_0058,84,white cup,3,0.17637121677398682,white cup,426.057373046875,408.34674072265625,594.9039916992188,535.6572265625
Cosmos2.5_0058,87,white cup,1,0.5670052766799927,white cup,494.51239013671875,410.2599792480469,573.0829467773438,514.8800659179688
Cosmos2.5_0058,87,white cup,2,0.3055306673049927,white cup,680.3811645507812,353.61053466796875,742.2468872070312,444.0665283203125
Cosmos2.5_0058,87,white cup,3,0.1726827621459961,white cup,425.7874755859375,407.879150390625,594.9671630859375,536.0570678710938
Cosmos2.5_0058,90,white cup,1,0.5301595330238342,white cup,495.0330505371094,412.0531005859375,572.65283203125,514.730224609375
Cosmos2.5_0058,90,white cup,2,0.34163543581962585,white cup,679.9697265625,353.6210021972656,742.3564453125,444.4375915527344
Cosmos2.5_0058,90,white cup,3,0.172006294131279,white cup,425.69635009765625,409.7033996582031,594.7765502929688,535.7485961914062
Cosmos2.5_0058,92,white cup,1,0.47619742155075073,white cup,680.6201782226562,353.7198791503906,742.1624145507812,444.4213562011719
Cosmos2.5_0058,92,white cup,2,0.42004668712615967,white cup,491.1019287109375,418.480224609375,572.5758056640625,514.7542724609375
Cosmos2.5_0058,92,white cup,3,0.14072489738464355,white cup,426.08465576171875,414.5719909667969,594.5701904296875,535.0197143554688
Cosmos2.5_0058,92,white cup,4,0.1275494396686554,white cup,425.52667236328125,179.10494995117188,637.1238403320312,533.239501953125
Cosmos2.5_0060,0,white cup,1,0.7965797781944275,white cup,798.7677612304688,345.1925354003906,860.8657836914062,432.2102355957031
Cosmos2.5_0060,3,white cup,1,0.7250688076019287,white cup,798.8189086914062,346.01153564453125,860.0453491210938,432.532470703125
Cosmos2.5_0060,6,white cup,1,0.5120589733123779,white cup,799.9483642578125,345.86358642578125,862.172607421875,431.4744873046875
Cosmos2.5_0060,6,white cup,2,0.2673339247703552,white cup,610.9964599609375,267.36376953125,716.02685546875,361.7911376953125
Cosmos2.5_0060,9,white cup,1,0.5171442627906799,white cup,799.3892822265625,345.674072265625,861.422607421875,431.35662841796875
Cosmos2.5_0060,9,white cup,2,0.25399184226989746,white cup,607.5974731445312,285.322265625,715.2509155273438,394.79949951171875
Cosmos2.5_0060,12,white cup,1,0.5547360777854919,white cup,799.7464599609375,345.30267333984375,861.9925537109375,431.24957275390625
Cosmos2.5_0060,12,white cup,2,0.24717073142528534,white cup,596.1577758789062,313.3143615722656,700.7748413085938,432.9964904785156
Cosmos2.5_0060,15,white cup,1,0.45704421401023865,white cup,799.8908081054688,345.7207946777344,862.1109008789062,431.0669860839844
Cosmos2.5_0060,15,white cup,2,0.3553332984447479,white cup,576.2774658203125,344.03179931640625,675.7535400390625,464.2242431640625
Cosmos2.5_0060,18,white cup,1,0.5821701884269714,white cup,563.5824584960938,381.6675720214844,654.3281860351562,504.9140930175781
Cosmos2.5_0060,18,white cup,2,0.2826290428638458,white cup,800.1346435546875,345.3514709472656,861.5421142578125,430.5504455566406
Cosmos2.5_0060,21,white cup,1,0.6073411107063293,white cup,551.6072998046875,412.801513671875,639.84521484375,534.8841552734375
Cosmos2.5_0060,21,white cup,2,0.2780613601207733,white cup,800.0222778320312,345.6922607421875,861.5978393554688,430.9481201171875
Cosmos2.5_0060,24,white cup,1,0.6531069874763489,white cup,540.3792114257812,429.16680908203125,629.6876831054688,553.2764892578125
Cosmos2.5_0060,24,white cup,2,0.2578718364238739,white cup,800.0957641601562,345.620849609375,861.9013061523438,430.67291259765625
Cosmos2.5_0060,27,white cup,1,0.6065166592597961,white cup,530.7686157226562,433.7118835449219,619.6961059570312,556.5320434570312
Cosmos2.5_0060,27,white cup,2,0.2736991047859192,white cup,799.8338623046875,345.6104431152344,861.9029541015625,431.0094909667969
Cosmos2.5_0060,30,white cup,1,0.6088277101516724,white cup,516.0345458984375,422.3392333984375,602.619140625,542.8760375976562
Cosmos2.5_0060,30,white cup,2,0.2653024196624756,white cup,799.8897705078125,345.31610107421875,861.8966064453125,430.9520263671875
Cosmos2.5_0060,33,white cup,1,0.5899772047996521,white cup,506.76434326171875,402.97003173828125,589.4608764648438,516.6415405273438
Cosmos2.5_0060,33,white cup,2,0.2453858107328415,white cup,799.8565063476562,345.528076171875,861.6747436523438,430.97271728515625
Cosmos2.5_0060,33,white cup,3,0.11440140008926392,white cup,426.70904541015625,401.26702880859375,597.2100830078125,534.5675048828125
Cosmos2.5_0060,36,white cup,1,0.5770455002784729,white cup,506.3679504394531,396.9525451660156,584.9161987304688,504.1101379394531
Cosmos2.5_0060,36,white cup,2,0.29197338223457336,white cup,799.7902221679688,345.8637390136719,861.5844116210938,430.9886169433594
Cosmos2.5_0060,36,white cup,3,0.10844780504703522,white cup,426.934814453125,394.78863525390625,596.1138916015625,534.3812866210938
Cosmos2.5_0060,39,white cup,1,0.5282092094421387,white cup,508.7149963378906,390.936767578125,586.5253295898438,496.4962158203125
Cosmos2.5_0060,39,white cup,2,0.3345230221748352,white cup,799.7569580078125,345.6829528808594,861.577880859375,430.9089660644531
Cosmos2.5_0060,39,white cup,3,0.11543205380439758,white cup,426.8144836425781,388.45611572265625,596.7405395507812,534.0162353515625
Cosmos2.5_0060,42,white cup,1,0.5110301375389099,white cup,508.4414978027344,391.26605224609375,585.7271118164062,494.96002197265625
Cosmos2.5_0060,42,white cup,2,0.35465025901794434,white cup,799.6256713867188,345.64794921875,861.5225219726562,430.90606689453125
Cosmos2.5_0060,42,white cup,3,0.11952800303697586,white cup,426.7355041503906,388.6647033691406,596.32958984375,533.9228515625
Cosmos2.5_0060,42,white cup,4,0.10578577220439911,white,780.5162963867188,328.384765625,880.6427612304688,447.76251220703125
Cosmos2.5_0060,45,white cup,1,0.4972183108329773,white cup,508.93609619140625,391.6039733886719,585.6909790039062,494.3995666503906
Cosmos2.5_0060,45,white cup,2,0.35866230726242065,white cup,799.6466064453125,345.64837646484375,861.5303955078125,431.03253173828125
Cosmos2.5_0060,45,white cup,3,0.12441587448120117,white cup,426.9204406738281,388.9834289550781,596.7770385742188,533.851318359375
Cosmos2.5_0060,45,white cup,4,0.11220231652259827,white cup,780.858642578125,329.18499755859375,879.984619140625,447.38555908203125
Cosmos2.5_0060,45,white cup,5,0.10014756768941879,cup,423.7842712402344,226.22666931152344,596.12158203125,533.6510620117188
Cosmos2.5_0060,48,white cup,1,0.49225297570228577,white cup,508.0173034667969,395.752685546875,583.5079956054688,496.86798095703125
Cosmos2.5_0060,48,white cup,2,0.38047531247138977,white cup,799.6132202148438,345.8426818847656,861.4417114257812,431.0131530761719
Cosmos2.5_0060,48,white cup,3,0.12655293941497803,white cup,426.85186767578125,393.1419677734375,595.9581909179688,533.829833984375
Cosmos2.5_0060,48,white cup,4,0.11232000589370728,white cup,780.408203125,328.90142822265625,880.562744140625,447.67254638671875
Cosmos2.5_0060,48,white cup,5,0.10626315325498581,white cup,424.4911804199219,229.68580627441406,596.4798583984375,533.227783203125
Cosmos2.5_0060,48,white cup,6,0.10377314686775208,cup,423.13861083984375,120.3714599609375,1190.8134765625,696.2176513671875
Cosmos2.5_0060,51,white cup,1,0.562938392162323,white cup,506.5590515136719,398.7519226074219,580.5028686523438,499.8453063964844
Cosmos2.5_0060,51,white cup,2,0.29979729652404785,white cup,799.8721313476562,345.70556640625,861.2632446289062,431.1661376953125
Cosmos2.5_0060,51,white cup,3,0.11563626676797867,white cup,427.003662109375,396.12261962890625,596.449951171875,534.287353515625
Cosmos2.5_0060,51,white cup,4,0.10517382621765137,white,781.3585205078125,329.87237548828125,879.7442626953125,447.4971923828125
Cosmos2.5_0060,54,white cup,1,0.5697845220565796,white cup,504.7493896484375,403.04986572265625,578.907470703125,501.78668212890625
Cosmos2.5_0060,54,white cup,2,0.2953166961669922,white cup,799.7698974609375,345.6373596191406,861.3162841796875,431.2044372558594
Cosmos2.5_0060,54,white cup,3,0.11437026411294937,white cup,426.61614990234375,400.476806640625,596.290283203125,534.6306762695312
Cosmos2.5_0060,54,white cup,4,0.10244858264923096,white,781.2348022460938,329.3409118652344,880.5195922851562,447.7149353027344
Cosmos2.5_0060,57,white cup,1,0.5639785528182983,white cup,501.968994140625,407.0244140625,575.20556640625,506.3267822265625
Cosmos2.5_0060,57,white cup,2,0.2772189676761627,white cup,799.7813110351562,345.77703857421875,861.3430786132812,431.38525390625
Cosmos2.5_0060,57,white cup,3,0.13873624801635742,white cup,426.4476013183594,404.7083435058594,595.5554809570312,534.9429931640625
Cosmos2.5_0060,57,white cup,4,0.10413284599781036,white,781.7019653320312,330.27752685546875,879.8994750976562,447.59765625
Cosmos2.5_0060,60,white cup,1,0.556982696056366,white cup,501.6961669921875,408.05810546875,574.6031494140625,511.19189453125
Cosmos2.5_0060,60,white cup,2,0.27647876739501953,white cup,799.704345703125,345.6733093261719,861.36376953125,431.1915588378906
Cosmos2.5_0060,60,white cup,3,0.14309026300907135,white cup,426.7117919921875,405.6643981933594,595.62109375,535.3411254882812
Cosmos2.5_0060,60,white cup,4,0.1036490648984909,white,781.8104858398438,330.0918273925781,879.5409545898438,447.4313049316406
Cosmos2.5_0060,63,white cup,1,0.5543673634529114,white cup,500.84161376953125,411.879150390625,573.4541625976562,512.3388061523438
Cosmos2.5_0060,63,white cup,2,0.2768930494785309,white cup,799.7294311523438,345.6400146484375,861.5036010742188,431.3602294921875
Cosmos2.5_0060,63,white cup,3,0.13735315203666687,white cup,426.7632141113281,409.420166015625,595.9444580078125,535.412109375
Cosmos2.5_0060,63,white cup,4,0.10217069834470749,white,781.056396484375,329.6209716796875,880.618408203125,447.97515869140625
Cosmos2.5_0060,66,white cup,1,0.5521205067634583,white cup,500.72894287109375,414.6143798828125,572.4132690429688,513.9132080078125
Cosmos2.5_0060,66,white cup,2,0.2843210697174072,white cup,799.5711059570312,345.6698913574219,861.4902954101562,431.3015441894531
Cosmos2.5_0060,66,white cup,3,0.13107453286647797,white cup,426.95166015625,412.2727966308594,595.8456420898438,535.3841552734375
Cosmos2.5_0060,66,white cup,4,0.10308776795864105,white,781.15673828125,329.69085693359375,880.0731201171875,447.59600830078125
Cosmos2.5_0060,69,white cup,1,0.5483742952346802,white cup,498.9344177246094,415.31097412109375,572.1376953125,514.1458740234375
Cosmos2.5_0060,69,white cup,2,0.28225913643836975,white cup,799.8248291015625,345.71417236328125,861.58154296875,431.12451171875
Cosmos2.5_0060,69,white cup,3,0.13971571624279022,white cup,427.20098876953125,413.2806396484375,595.5492553710938,535.3355712890625
Cosmos2.5_0060,69,white cup,4,0.10373814404010773,white,781.5770263671875,329.85137939453125,879.9298095703125,447.50140380859375
Cosmos2.5_0060,69,white cup,5,0.10125396400690079,cup,426.10369873046875,237.75021362304688,602.1370239257812,533.4464111328125
Cosmos2.5_0060,72,white cup,1,0.570430338382721,white cup,498.07080078125,415.55609130859375,572.0849609375,514.32568359375
Cosmos2.5_0060,72,white cup,2,0.25637003779411316,white cup,799.6759643554688,345.6603088378906,861.5083618164062,431.2119445800781
Cosmos2.5_0060,72,white cup,3,0.13168981671333313,white cup,427.074462890625,413.2755126953125,595.5543212890625,535.2198486328125
Cosmos2.5_0060,75,white cup,1,0.5486880540847778,white cup,500.2656555175781,415.28436279296875,572.130126953125,513.7437133789062
Cosmos2.5_0060,75,white cup,2,0.2954943776130676,white cup,799.681884765625,345.7067565917969,861.42041015625,431.2380065917969
Cosmos2.5_0060,75,white cup,3,0.12410876899957657,white cup,427.1554870605469,413.2376403808594,595.5381469726562,535.2326049804688
Cosmos2.5_0060,75,white cup,4,0.1050635278224945,white,781.6841430664062,329.745849609375,879.6015014648438,447.400146484375
Cosmos2.5_0060,78,white cup,1,0.5602083206176758,white cup,500.09130859375,415.2565002441406,572.1343994140625,513.4102783203125
Cosmos2.5_0060,78,white cup,2,0.2794407606124878,white cup,799.6618041992188,345.78277587890625,861.5115356445312,431.21728515625
Cosmos2.5_0060,78,white cup,3,0.12192629277706146,white cup,427.1438293457031,412.8235168457031,595.5145874023438,535.3515625
Cosmos2.5_0060,78,white cup,4,0.10073377937078476,white,781.3422241210938,329.6977844238281,880.1080932617188,447.6124572753906
Cosmos2.5_0060,78,white cup,5,0.100485660135746,cup,425.8467712402344,235.93280029296875,603.3867797851562,533.9534912109375
Cosmos2.5_0060,81,white cup,1,0.5474953651428223,white cup,500.08642578125,414.3879699707031,572.0355224609375,513.4961547851562
Cosmos2.5_0060,81,white cup,2,0.3085498809814453,white cup,799.6489868164062,345.79888916015625,861.5642700195312,431.07568359375
Cosmos2.5_0060,81,white cup,3,0.1368582844734192,white cup,426.6231689453125,411.8681945800781,595.5084228515625,535.4872436523438
Cosmos2.5_0060,81,white cup,4,0.10860129445791245,white cup,781.5438232421875,329.4806823730469,879.824462890625,447.5390930175781
Cosmos2.5_0060,84,white cup,1,0.5164089798927307,white cup,498.5045166015625,415.00262451171875,571.7255859375,513.529296875
Cosmos2.5_0060,84,white cup,2,0.3734349012374878,white cup,799.5682373046875,345.7018737792969,861.556640625,431.2349548339844
Cosmos2.5_0060,84,white cup,3,0.15472783148288727,white cup,426.4796142578125,412.27581787109375,595.1884765625,535.2649536132812
Cosmos2.5_0060,84,white cup,4,0.11709671467542648,white cup,781.0430908203125,329.28619384765625,880.004150390625,447.731201171875
Cosmos2.5_0060,87,white cup,1,0.5292679667472839,white cup,497.9880676269531,414.77947998046875,571.5640258789062,513.5603637695312
Cosmos2.5_0060,87,white cup,2,0.34465092420578003,white cup,799.588623046875,345.5720520019531,861.640380859375,431.0856628417969
Cosmos2.5_0060,87,white cup,3,0.14971700310707092,white cup,426.45428466796875,411.9381103515625,595.1757202148438,535.34521484375
Cosmos2.5_0060,87,white cup,4,0.10884322971105576,white cup,781.0206909179688,328.5478820800781,880.3494262695312,447.6091003417969
Cosmos2.5_0060,90,white cup,1,0.45269447565078735,white cup,499.7170104980469,413.6897888183594,570.9494018554688,513.894287109375
Cosmos2.5_0060,90,white cup,2,0.44034290313720703,white cup,799.535888671875,345.51641845703125,861.6781005859375,431.17120361328125
Cosmos2.5_0060,90,white cup,3,0.15195070207118988,white cup,426.412353515625,410.0037536621094,594.6904907226562,535.2862548828125
Cosmos2.5_0060,90,white cup,4,0.12258493900299072,white cup,425.7541809082031,195.26039123535156,612.9251708984375,533.9556274414062
Cosmos2.5_0060,90,white cup,5,0.12071790546178818,white cup,780.2501831054688,327.6893005371094,881.0908813476562,448.1770324707031
Cosmos2.5_0060,92,white cup,1,0.5219985246658325,white cup,799.486083984375,345.3768310546875,861.6834716796875,431.2958984375
Cosmos2.5_0060,92,white cup,2,0.38674816489219666,white cup,503.054931640625,414.78656005859375,570.8045654296875,513.9628295898438
Cosmos2.5_0060,92,white cup,3,0.1193288043141365,white cup,426.39788818359375,411.123779296875,594.0916137695312,534.8384399414062
Cosmos2.5_0060,92,white cup,4,0.10469289869070053,white,779.517578125,326.33795166015625,883.53857421875,449.096435546875
Cosmos3_seed101_0010,0,white cup,1,0.5879442095756531,white cup,435.65484619140625,175.09405517578125,594.2787475585938,372.3223876953125
Cosmos3_seed101_0010,0,white cup,2,0.42463064193725586,white cup,371.0272216796875,379.5838928222656,442.347412109375,484.8014221191406
Cosmos3_seed101_0010,3,white cup,1,0.5801275968551636,white cup,435.7898254394531,174.96487426757812,594.7337646484375,372.1663513183594
Cosmos3_seed101_0010,3,white cup,2,0.4537060856819153,white cup,371.081298828125,379.5525817871094,442.6048583984375,484.6231384277344
Cosmos3_seed101_0010,6,white cup,1,0.5979622006416321,white cup,435.5570373535156,174.94192504882812,594.5106201171875,372.3760681152344
Cosmos3_seed101_0010,6,white cup,2,0.4426511824131012,white cup,371.0858459472656,379.5187072753906,442.3147277832031,484.4908752441406
Cosmos3_seed101_0010,9,white cup,1,0.6225875616073608,white cup,435.39996337890625,175.13604736328125,594.2903442382812,372.3524169921875
Cosmos3_seed101_0010,9,white cup,2,0.437945157289505,white cup,370.9770202636719,379.5126647949219,442.2657165527344,484.3276672363281
Cosmos3_seed101_0010,12,white cup,1,0.5397029519081116,white cup,435.1920471191406,174.62469482421875,594.3226318359375,371.806640625
Cosmos3_seed101_0010,12,white cup,2,0.523044764995575,white cup,371.06524658203125,378.7078552246094,442.26043701171875,483.9080505371094
Cosmos3_seed101_0010,15,white cup,1,0.625860869884491,white cup,435.39349365234375,175.06210327148438,594.4203491210938,372.1931457519531
Cosmos3_seed101_0010,15,white cup,2,0.4799087345600128,white cup,371.03076171875,379.3911437988281,442.32769775390625,484.2522888183594
Cosmos3_seed101_0010,18,white cup,1,0.6577567458152771,white cup,435.2218322753906,175.4405975341797,594.4005126953125,372.26513671875
Cosmos3_seed101_0010,18,white cup,2,0.44005489349365234,white cup,370.9809875488281,379.60284423828125,442.3814392089844,484.72833251953125
Cosmos3_seed101_0010,21,white cup,1,0.6202250719070435,white cup,435.4922790527344,175.0804443359375,594.4892578125,372.154541015625
Cosmos3_seed101_0010,21,white cup,2,0.43993884325027466,white cup,371.0011291503906,379.2345275878906,442.5225524902344,484.5195007324219
Cosmos3_seed101_0010,24,white cup,1,0.6024268865585327,white cup,435.51446533203125,175.18276977539062,594.4091186523438,372.4474182128906
Cosmos3_seed101_0010,24,white cup,2,0.47265130281448364,white cup,371.1270751953125,379.7645568847656,442.48101806640625,484.8121643066406
Cosmos3_seed101_0010,27,white cup,1,0.549601137638092,white cup,435.4971923828125,174.00180053710938,594.6744384765625,371.8325500488281
Cosmos3_seed101_0010,27,white cup,2,0.48622846603393555,white cup,371.2620849609375,378.58013916015625,442.6539306640625,483.79901123046875
Cosmos3_seed101_0010,30,white cup,1,0.591838538646698,white cup,435.7706298828125,174.1680908203125,594.6656494140625,372.09613037109375
Cosmos3_seed101_0010,30,white cup,2,0.44353383779525757,white cup,371.32196044921875,378.858642578125,442.80596923828125,484.2568359375
Cosmos3_seed101_0010,33,white cup,1,0.6513411998748779,white cup,435.9116516113281,174.9931640625,594.8033447265625,372.03564453125
Cosmos3_seed101_0010,33,white cup,2,0.37609460949897766,white cup,371.3088684082031,378.85400390625,442.7724914550781,484.2811279296875
Cosmos3_seed101_0010,36,white cup,1,0.5186107158660889,white cup,435.6714782714844,174.64157104492188,594.883544921875,372.1970520019531
Cosmos3_seed101_0010,36,white cup,2,0.478910356760025,white cup,371.13067626953125,378.8458251953125,442.90179443359375,484.22052001953125
Cosmos3_seed101_0010,39,white cup,1,0.6157688498497009,white cup,435.9000244140625,174.90538024902344,594.5010986328125,371.97332763671875
Cosmos3_seed101_0010,39,white cup,2,0.40856972336769104,white cup,371.3310546875,379.1806945800781,442.64044189453125,484.3454895019531
Cosmos3_seed101_0010,42,white cup,1,0.5793766379356384,white cup,435.73028564453125,174.7276611328125,594.3690795898438,372.144287109375
Cosmos3_seed101_0010,42,white cup,2,0.4297561049461365,white cup,371.14935302734375,378.81866455078125,442.5606689453125,484.38531494140625
Cosmos3_seed101_0010,45,white cup,1,0.6100451946258545,white cup,435.7969970703125,174.66986083984375,594.3358154296875,372.18597412109375
Cosmos3_seed101_0010,45,white cup,2,0.38872939348220825,white cup,371.232666015625,378.8022766113281,442.63262939453125,484.4070129394531
Cosmos3_seed101_0010,48,white cup,1,0.6752666234970093,white cup,435.8118896484375,174.3741455078125,594.4677734375,372.0570068359375
Cosmos3_seed101_0010,48,white cup,2,0.39261093735694885,white cup,371.0807189941406,379.0184020996094,442.6936340332031,484.2636413574219
Cosmos3_seed101_0010,51,white cup,1,0.6426315307617188,white cup,435.788818359375,174.666259765625,594.3841552734375,372.00982666015625
Cosmos3_seed101_0010,51,white cup,2,0.3845319449901581,white cup,371.0003662109375,378.9097595214844,442.8668212890625,484.3329772949219
Cosmos3_seed101_0010,54,white cup,1,0.6028095483779907,white cup,435.7089538574219,174.64657592773438,594.3494262695312,372.1334533691406
Cosmos3_seed101_0010,54,white cup,2,0.40250447392463684,white cup,371.099853515625,378.5965576171875,442.87322998046875,484.3037109375
Cosmos3_seed101_0010,57,white cup,1,0.6097625494003296,white cup,435.8412780761719,174.9363555908203,594.157958984375,372.49676513671875
Cosmos3_seed101_0010,57,white cup,2,0.4007951021194458,white cup,371.195556640625,379.11199951171875,443.04119873046875,484.87042236328125
Cosmos3_seed101_0010,60,white cup,1,0.5696214437484741,white cup,435.70037841796875,174.69403076171875,593.9760131835938,372.3546142578125
Cosmos3_seed101_0010,60,white cup,2,0.4192090630531311,white cup,371.3341369628906,379.16876220703125,442.9244079589844,484.69683837890625
Cosmos3_seed101_0010,60,white cup,3,0.10294130444526672,white cup,634.3736572265625,370.3638610839844,703.2557373046875,472.9374084472656
Cosmos3_seed101_0010,63,white cup,1,0.5274062156677246,white cup,435.83258056640625,174.51272583007812,594.3446655273438,372.2017517089844
Cosmos3_seed101_0010,63,white cup,2,0.40239396691322327,white cup,371.4808349609375,378.9494323730469,442.81207275390625,484.3219299316406
Cosmos3_seed101_0010,63,white cup,3,0.298860102891922,white cup,634.7925415039062,381.64630126953125,694.7734985351562,474.0631103515625
Cosmos3_seed101_0010,66,white cup,1,0.47029006481170654,white cup,435.9018249511719,174.53897094726562,594.449951171875,372.1374816894531
Cosmos3_seed101_0010,66,white cup,2,0.4225146770477295,white cup,371.49212646484375,378.79083251953125,442.596923828125,484.08782958984375
Cosmos3_seed101_0010,66,white cup,3,0.340469092130661,white cup,634.2791137695312,380.9620361328125,692.7522583007812,473.94464111328125
Cosmos3_seed101_0010,69,white cup,1,0.47971832752227783,white cup,435.822509765625,175.4561767578125,594.4532470703125,372.60614013671875
Cosmos3_seed101_0010,69,white cup,2,0.42684948444366455,white cup,371.7334899902344,379.5112609863281,442.5718688964844,484.6893615722656
Cosmos3_seed101_0010,69,white cup,3,0.3628747761249542,white cup,629.6580810546875,375.1971130371094,689.7095947265625,469.4672546386719
Cosmos3_seed101_0010,72,white cup,1,0.46012696623802185,white cup,435.7651062011719,174.91259765625,594.5350952148438,372.22662353515625
Cosmos3_seed101_0010,72,white cup,2,0.4260716736316681,white cup,371.76904296875,378.9872131347656,442.64898681640625,484.2897033691406
Cosmos3_seed101_0010,72,white cup,3,0.3541717231273651,white cup,621.3602294921875,368.0894775390625,680.7095947265625,463.09320068359375
Cosmos3_seed101_0010,75,white cup,1,0.44010597467422485,white cup,371.62042236328125,378.48284912109375,442.64111328125,483.61260986328125
Cosmos3_seed101_0010,75,white cup,2,0.42612385749816895,white cup,435.8377990722656,174.4573516845703,594.44189453125,371.6923828125
Cosmos3_seed101_0010,75,white cup,3,0.39704710245132446,white cup,620.0872802734375,369.48046875,681.798095703125,462.63812255859375
Cosmos3_seed101_0010,78,white cup,1,0.46250516176223755,white cup,435.972900390625,174.9647979736328,594.4434814453125,372.1644287109375
Cosmos3_seed101_0010,78,white cup,2,0.42353007197380066,white cup,371.6376953125,378.8806457519531,442.59967041015625,483.9847717285156
Cosmos3_seed101_0010,78,white cup,3,0.37769612669944763,white cup,620.1151733398438,369.9049987792969,681.7592163085938,463.0401306152344
Cosmos3_seed101_0010,81,white cup,1,0.4553234577178955,white cup,435.64080810546875,175.4150390625,594.3522338867188,372.4342041015625
Cosmos3_seed101_0010,81,white cup,2,0.4281988739967346,white cup,371.6162109375,379.5887451171875,442.45751953125,484.5220947265625
Cosmos3_seed101_0010,81,white cup,3,0.38247784972190857,white cup,620.0015258789062,370.0694885253906,681.5609741210938,463.6804504394531
Cosmos3_seed101_0010,84,white cup,1,0.4510003328323364,white cup,371.5150146484375,378.7349548339844,442.462646484375,484.2157897949219
Cosmos3_seed101_0010,84,white cup,2,0.4151354432106018,white cup,619.9431762695312,369.34381103515625,681.4660034179688,463.35198974609375
Cosmos3_seed101_0010,84,white cup,3,0.3655363619327545,white cup,435.47088623046875,174.8806915283203,594.4172973632812,372.40655517578125
Cosmos3_seed101_0010,87,white cup,1,0.4403197765350342,white cup,371.49383544921875,379.2363586425781,442.4737548828125,484.2237854003906
Cosmos3_seed101_0010,87,white cup,2,0.4388304352760315,white cup,435.61883544921875,175.06484985351562,594.4242553710938,372.3484191894531
Cosmos3_seed101_0010,87,white cup,3,0.40047237277030945,white cup,619.7752685546875,369.4775695800781,681.6812744140625,463.5907287597656
Cosmos3_seed101_0010,90,white cup,1,0.44684168696403503,white cup,371.41778564453125,379.3719177246094,442.41864013671875,484.1348571777344
Cosmos3_seed101_0010,90,white cup,2,0.41725313663482666,white cup,435.5274963378906,175.0320281982422,594.4813232421875,372.15960693359375
Cosmos3_seed101_0010,90,white cup,3,0.4124017655849457,white cup,619.7322387695312,369.4676513671875,681.4407348632812,463.61865234375
Cosmos3_seed101_0010,93,white cup,1,0.49145233631134033,white cup,435.7662048339844,175.26235961914062,594.1881103515625,372.5016174316406
Cosmos3_seed101_0010,93,white cup,2,0.3919401168823242,white cup,619.6886596679688,369.6962890625,681.5989379882812,463.69683837890625
Cosmos3_seed101_0010,93,white cup,3,0.32385575771331787,white cup,371.0356140136719,379.37176513671875,442.6705017089844,484.1080322265625
Cosmos3_seed101_0010,96,white cup,1,0.5073562860488892,white cup,435.41796875,175.16839599609375,594.103759765625,372.5640869140625
Cosmos3_seed101_0010,96,white cup,2,0.4072536826133728,white cup,619.4210205078125,369.5718078613281,681.664794921875,463.6847839355469
Cosmos3_seed101_0010,96,white cup,3,0.2337540239095688,white cup,368.8621520996094,379.0607604980469,442.8655090332031,483.9812927246094
Cosmos3_seed101_0010,99,white cup,1,0.6806739568710327,white cup,435.4417724609375,175.07061767578125,594.3428955078125,372.6278076171875
Cosmos3_seed101_0010,99,white cup,2,0.3916248083114624,white cup,619.2958374023438,369.5669860839844,681.7343139648438,463.7890930175781
Cosmos3_seed101_0010,102,white cup,1,0.6409730911254883,white cup,435.4656982421875,174.89260864257812,594.3221435546875,372.6939392089844
Cosmos3_seed101_0010,102,white cup,2,0.41858741641044617,white cup,619.3690185546875,369.47454833984375,681.474609375,463.7513427734375
Cosmos3_seed101_0010,105,white cup,1,0.6205117702484131,white cup,435.33465576171875,174.30430603027344,594.3934936523438,372.2313232421875
Cosmos3_seed101_0010,105,white cup,2,0.3974943459033966,white cup,619.3973999023438,369.33453369140625,681.6763305664062,463.34332275390625
Cosmos3_seed101_0010,108,white cup,1,0.6396287083625793,white cup,435.1711120605469,174.259765625,594.548095703125,372.2265625
Cosmos3_seed101_0010,108,white cup,2,0.39100050926208496,white cup,619.3818359375,369.28460693359375,681.94873046875,463.216064453125
Cosmos3_seed101_0010,111,white cup,1,0.7214541435241699,white cup,435.21856689453125,173.68002319335938,594.8532104492188,371.8335876464844
Cosmos3_seed101_0010,111,white cup,2,0.32886242866516113,white cup,619.5286254882812,369.0979309082031,682.8681030273438,462.6722717285156
Cosmos3_seed101_0010,114,white cup,1,0.6713359355926514,white cup,435.45147705078125,174.8754425048828,594.5932006835938,372.4207763671875
Cosmos3_seed101_0010,114,white cup,2,0.35319623351097107,white cup,619.5206909179688,370.0063171386719,683.1157836914062,463.7484436035156
Cosmos3_seed101_0010,117,white cup,1,0.671203076839447,white cup,435.50677490234375,174.46791076660156,594.2730102539062,372.43927001953125
Cosmos3_seed101_0010,117,white cup,2,0.395153284072876,white cup,619.6367797851562,370.1186828613281,683.1256713867188,463.5517272949219
Cosmos3_seed101_0010,120,white cup,1,0.605822741985321,white cup,435.55511474609375,175.68936157226562,594.5036010742188,373.4342956542969
Cosmos3_seed101_0010,120,white cup,2,0.3734113276004791,white cup,619.926025390625,370.8341369628906,683.08935546875,464.5012512207031
Cosmos3_seed101_0010,123,white cup,1,0.670113742351532,white cup,435.7178649902344,175.74392700195312,594.5831298828125,372.8435974121094
Cosmos3_seed101_0010,123,white cup,2,0.3838505744934082,white cup,619.7151489257812,370.8182067871094,683.0169067382812,464.0113220214844
Cosmos3_seed101_0010,126,white cup,1,0.7414374947547913,white cup,435.4967041015625,175.40933227539062,594.7515869140625,372.7732238769531
Cosmos3_seed101_0010,126,white cup,2,0.3133491575717926,white cup,620.0187377929688,369.9344177246094,683.2416381835938,463.7419738769531
Cosmos3_seed101_0010,129,white cup,1,0.6956761479377747,white cup,435.41156005859375,175.27972412109375,594.7913208007812,372.9012451171875
Cosmos3_seed101_0010,129,white cup,2,0.33753708004951477,white cup,619.8424072265625,363.41363525390625,684.1512451171875,463.8887939453125
Cosmos3_seed101_0010,132,white cup,1,0.7729888558387756,white cup,435.55535888671875,174.75559997558594,594.7533569335938,372.5645751953125
Cosmos3_seed101_0010,132,white cup,2,0.2617040276527405,white cup,618.8322143554688,374.8592529296875,682.5979614257812,463.19158935546875
Cosmos3_seed101_0010,132,white cup,3,0.11628030240535736,white cup,627.4260864257812,347.3208312988281,684.4657592773438,397.8659973144531
Cosmos3_seed101_0010,135,white cup,1,0.716145396232605,white cup,435.8067932128906,175.2227020263672,594.4205322265625,372.13360595703125
Cosmos3_seed101_0010,135,white cup,2,0.2982313632965088,white cup,618.958251953125,379.96575927734375,681.9708251953125,463.0303955078125
Cosmos3_seed101_0010,135,white cup,3,0.12652847170829773,white cup,626.0084838867188,334.8847351074219,689.7080688476562,396.4909973144531
Cosmos3_seed101_0010,138,white cup,1,0.8264628648757935,white cup,435.6266784667969,174.93093872070312,594.5814819335938,372.4058532714844
Cosmos3_seed101_0010,138,white cup,2,0.22179833054542542,white cup,619.1470336914062,379.1749267578125,681.8630981445312,463.3958740234375
Cosmos3_seed101_0010,141,white cup,1,0.6553428769111633,white cup,435.5907287597656,174.59423828125,594.3220825195312,372.0567626953125
Cosmos3_seed101_0010,141,white cup,2,0.372525155544281,white cup,618.9194946289062,370.0350646972656,681.6586303710938,462.9210510253906
Cosmos3_seed101_0010,141,white cup,3,0.16715960204601288,white cup,613.2657470703125,300.7923278808594,678.615478515625,373.5264587402344
Cosmos3_seed101_0010,144,white cup,1,0.6821056008338928,white cup,435.676025390625,175.9156036376953,593.95458984375,372.916259765625
Cosmos3_seed101_0010,144,white cup,2,0.3552517592906952,white cup,618.96533203125,369.8249206542969,682.2677001953125,463.9345397949219
Cosmos3_seed101_0010,144,white cup,3,0.10992477089166641,white cup,591.7501220703125,265.11181640625,657.872802734375,337.63641357421875
Cosmos3_seed101_0010,147,white cup,1,0.6401799321174622,white cup,435.11016845703125,174.60623168945312,595.2092895507812,372.5310974121094
Cosmos3_seed101_0010,147,white cup,2,0.3619202673435211,white cup,618.9566040039062,369.17041015625,682.1663208007812,463.692138671875
Cosmos3_seed101_0010,150,white cup,1,0.5353527665138245,white cup,434.9351806640625,174.46124267578125,592.232666015625,372.777587890625
Cosmos3_seed101_0010,150,white cup,2,0.4048245847225189,white cup,618.77587890625,369.2075500488281,682.056884765625,463.7113952636719
Cosmos3_seed101_0010,153,white cup,1,0.5399974584579468,white cup,618.91796875,368.569580078125,682.0877685546875,463.5408935546875
Cosmos3_seed101_0010,153,white cup,2,0.32706278562545776,white cup,435.18408203125,173.40223693847656,593.6392822265625,372.32476806640625
Cosmos3_seed101_0010,156,white cup,1,0.5751307606697083,white cup,618.9293212890625,368.5723876953125,681.9461669921875,463.6326904296875
Cosmos3_seed101_0010,156,white cup,2,0.2947389781475067,white cup,435.2168273925781,173.73284912109375,594.0570678710938,372.49041748046875
Cosmos3_seed101_0010,159,white cup,1,0.5610066056251526,white cup,619.019775390625,368.7373962402344,682.14404296875,463.7444763183594
Cosmos3_seed101_0010,159,white cup,2,0.31215307116508484,white cup,435.4970703125,173.29281616210938,594.2093505859375,372.5265197753906
Cosmos3_seed101_0010,162,white cup,1,0.5589179992675781,white cup,618.983154296875,368.6923522949219,682.4891357421875,463.9164123535156
Cosmos3_seed101_0010,162,white cup,2,0.3254398703575134,white cup,435.3671569824219,173.00006103515625,594.7788696289062,372.53741455078125
Cosmos3_seed101_0010,165,white cup,1,0.5456503033638,white cup,618.814453125,368.551513671875,682.385498046875,463.55145263671875
Cosmos3_seed101_0010,165,white cup,2,0.32039913535118103,white cup,435.7938232421875,172.74050903320312,594.54541015625,372.3623962402344
Cosmos3_seed101_0010,168,white cup,1,0.47746917605400085,white cup,618.880859375,368.67803955078125,682.372314453125,463.5306396484375
Cosmos3_seed101_0010,168,white cup,2,0.380962997674942,white cup,438.8330078125,171.63482666015625,593.9180908203125,373.0185546875
Cosmos3_seed101_0010,171,white cup,1,0.5064414739608765,white cup,438.56475830078125,174.41477966308594,594.0132446289062,372.9410400390625
Cosmos3_seed101_0010,171,white cup,2,0.41032740473747253,white cup,618.380126953125,368.6626281738281,682.418701171875,463.1593322753906
Cosmos3_seed101_0010,174,white cup,1,0.4904942810535431,white cup,618.435791015625,368.455810546875,682.291748046875,463.11181640625
Cosmos3_seed101_0010,174,white cup,2,0.39802825450897217,white cup,438.2268981933594,174.54885864257812,593.6019287109375,372.9186706542969
Cosmos3_seed101_0010,177,white cup,1,0.5391911864280701,white cup,618.650390625,368.464599609375,682.387451171875,463.23992919921875
Cosmos3_seed101_0010,177,white cup,2,0.3471764624118805,white cup,438.5017395019531,173.55198669433594,595.366943359375,372.854248046875
Cosmos3_seed101_0010,180,white cup,1,0.489254891872406,white cup,438.5484619140625,173.87152099609375,595.3651123046875,372.90631103515625
Cosmos3_seed101_0010,180,white cup,2,0.43405044078826904,white cup,618.8939208984375,368.75152587890625,682.207763671875,463.05859375
Cosmos3_seed101_0010,183,white cup,1,0.48688986897468567,white cup,619.091552734375,369.006591796875,682.4586181640625,463.75408935546875
Cosmos3_seed101_0010,183,white cup,2,0.4198686182498932,white cup,438.3587646484375,174.77764892578125,595.3265380859375,373.32958984375
Cosmos3_seed101_0010,186,white cup,1,0.538415789604187,white cup,438.5505065917969,174.75962829589844,595.0426635742188,373.1871337890625
Cosmos3_seed101_0010,186,white cup,2,0.42411890625953674,white cup,619.1658935546875,369.06634521484375,682.262451171875,463.4989013671875
Cosmos3_seed101_0010,188,white cup,1,0.6284610629081726,white cup,438.60198974609375,174.93524169921875,595.1069946289062,373.22802734375
Cosmos3_seed101_0010,188,white cup,2,0.3765152394771576,white cup,619.1218872070312,369.2715148925781,682.2182006835938,463.4332580566406
Cosmos3_seed101_0020,0,banana,1,0.8148337006568909,banana,548.5686645507812,424.89581298828125,691.5175170898438,504.30401611328125
Cosmos3_seed101_0020,3,banana,1,0.8143229484558105,banana,548.6375122070312,424.8145751953125,691.5855102539062,504.3638916015625
Cosmos3_seed101_0020,6,banana,1,0.8263135552406311,banana,548.8428955078125,424.84429931640625,691.0849609375,504.2464599609375
Cosmos3_seed101_0020,9,banana,1,0.8271018862724304,banana,549.0668334960938,424.868408203125,691.3598022460938,504.493896484375
Cosmos3_seed101_0020,12,banana,1,0.8252668380737305,banana,549.5134887695312,424.745849609375,691.4216918945312,504.3863525390625
Cosmos3_seed101_0020,15,banana,1,0.826762855052948,banana,548.6865234375,424.9593811035156,691.369384765625,504.4891052246094
Cosmos3_seed101_0020,18,banana,1,0.8161069750785828,banana,548.7116088867188,425.05328369140625,691.2040405273438,504.60943603515625
Cosmos3_seed101_0020,21,banana,1,0.8154270648956299,banana,548.9960327148438,424.8589782714844,691.3923950195312,504.4707336425781
Cosmos3_seed101_0020,24,banana,1,0.7924802303314209,banana,549.2932739257812,425.05731201171875,691.3655395507812,504.3272705078125
Cosmos3_seed101_0020,27,banana,1,0.7938094735145569,banana,549.3139038085938,425.0002136230469,691.4461059570312,504.1771545410156
Cosmos3_seed101_0020,30,banana,1,0.787860631942749,banana,549.439697265625,424.89996337890625,691.3563232421875,504.2220458984375
Cosmos3_seed101_0020,33,banana,1,0.8085039258003235,banana,549.421875,425.2960205078125,691.600830078125,504.50347900390625
Cosmos3_seed101_0020,36,banana,1,0.8101990222930908,banana,549.5010375976562,425.0829162597656,691.5180053710938,504.3019104003906
Cosmos3_seed101_0020,39,banana,1,0.8139018416404724,banana,549.2293701171875,424.9097900390625,691.6143798828125,504.3072509765625
Cosmos3_seed101_0020,42,banana,1,0.8048195838928223,banana,549.406494140625,424.973388671875,691.44677734375,504.24237060546875
Cosmos3_seed101_0020,45,banana,1,0.7332890033721924,banana,549.5357666015625,425.1800231933594,691.3349609375,504.2179260253906
Cosmos3_seed101_0020,45,banana,2,0.11887553334236145,banana,549.46044921875,205.03021240234375,714.56494140625,504.3443603515625
Cosmos3_seed101_0020,45,banana,3,0.10224617272615433,banana,551.1212768554688,60.659759521484375,1199.8154296875,713.974365234375
Cosmos3_seed101_0020,48,banana,1,0.7575954794883728,banana,549.7123413085938,425.29071044921875,691.1511840820312,504.2498779296875
Cosmos3_seed101_0020,51,banana,1,0.7756151556968689,banana,549.6229858398438,425.2799987792969,691.3306274414062,504.0741882324219
Cosmos3_seed101_0020,54,banana,1,0.762395441532135,banana,549.4669189453125,425.3629150390625,691.4769287109375,504.35791015625
Cosmos3_seed101_0020,54,banana,2,0.11636416614055634,banana,548.9840087890625,214.3026580810547,709.8548583984375,504.5396728515625
Cosmos3_seed101_0020,57,banana,1,0.7571291327476501,banana,549.4826049804688,425.27911376953125,691.6546020507812,504.53509521484375
Cosmos3_seed101_0020,57,banana,2,0.11349757760763168,banana,549.2181396484375,217.93228149414062,709.047607421875,504.6678771972656
Cosmos3_seed101_0020,57,banana,3,0.10275878012180328,banana,552.0762939453125,70.34078979492188,1187.5418701171875,714.314208984375
Cosmos3_seed101_0020,60,banana,1,0.7604239583015442,banana,549.7274780273438,425.1266784667969,691.4100952148438,504.3206481933594
Cosmos3_seed101_0020,60,banana,2,0.10449616611003876,banana,552.0289306640625,71.38357543945312,1185.584716796875,713.8978271484375
Cosmos3_seed101_0020,60,banana,3,0.10173393785953522,banana,549.3057250976562,219.31753540039062,707.4924926757812,504.4051818847656
Cosmos3_seed101_0020,63,banana,1,0.757662296295166,banana,549.9105224609375,425.1317443847656,691.51416015625,504.3756408691406
Cosmos3_seed101_0020,63,banana,2,0.11859475076198578,banana,549.6005249023438,220.99404907226562,706.5929565429688,504.5831604003906
Cosmos3_seed101_0020,63,banana,3,0.1024567037820816,banana,551.5067749023438,72.76223754882812,1183.020751953125,713.7999267578125
Cosmos3_seed101_0020,66,banana,1,0.7727444767951965,banana,549.6111450195312,426.15667724609375,691.3085327148438,504.8389892578125
Cosmos3_seed101_0020,66,banana,2,0.10168921947479248,banana,549.2872924804688,221.9581756591797,704.1257934570312,504.9619140625
Cosmos3_seed101_0020,69,banana,1,0.795490026473999,banana,550.1087646484375,425.5439453125,689.464111328125,505.146728515625
Cosmos3_seed101_0020,72,banana,1,0.7829504013061523,banana,547.2099609375,419.54962158203125,683.80712890625,503.477294921875
Cosmos3_seed101_0020,75,banana,1,0.7749795317649841,banana,546.9619140625,406.74285888671875,676.75244140625,493.40625
Cosmos3_seed101_0020,78,banana,1,0.7638283967971802,banana,546.378173828125,387.2191162109375,672.2454833984375,480.0350341796875
Cosmos3_seed101_0020,81,banana,1,0.750764787197113,banana,560.0276489257812,378.9183349609375,673.0474243164062,468.63397216796875
Cosmos3_seed101_0020,84,banana,1,0.7456871867179871,banana,570.96337890625,374.6768493652344,681.1722412109375,462.8196105957031
Cosmos3_seed101_0020,84,banana,2,0.10520279407501221,banana,576.22119140625,61.928192138671875,1184.189453125,714.3758544921875
Cosmos3_seed101_0020,87,banana,1,0.7488604784011841,banana,586.8809814453125,372.5113220214844,690.5765380859375,454.8459777832031
Cosmos3_seed101_0020,87,banana,2,0.1063174456357956,banana,589.6099243164062,62.335601806640625,1184.687255859375,714.6517333984375
Cosmos3_seed101_0020,90,banana,1,0.7514563798904419,banana,596.6692504882812,368.06182861328125,694.9963989257812,449.71484375
Cosmos3_seed101_0020,90,banana,2,0.10524061322212219,banana,598.8997802734375,61.9058837890625,1187.580810546875,714.7940673828125
Cosmos3_seed101_0020,93,banana,1,0.6986969113349915,banana,605.4642333984375,365.81024169921875,697.5550537109375,448.8682861328125
Cosmos3_seed101_0020,93,banana,2,0.15167585015296936,banana,605.5442504882812,62.3157958984375,1189.34716796875,715.2288818359375
Cosmos3_seed101_0020,96,banana,1,0.6430429220199585,banana,620.1522216796875,366.9742126464844,703.868896484375,449.9645690917969
Cosmos3_seed101_0020,96,banana,2,0.19198623299598694,banana,616.0885620117188,64.60955810546875,1189.645263671875,715.4722900390625
Cosmos3_seed101_0020,96,banana,3,0.10717793554067612,banana,616.563720703125,65.30450439453125,986.879150390625,449.9793701171875
Cosmos3_seed101_0020,99,banana,1,0.5900546908378601,banana,627.73046875,368.6562805175781,712.1961669921875,451.2417907714844
Cosmos3_seed101_0020,99,banana,2,0.20749396085739136,banana,626.5059814453125,66.73239135742188,1190.46533203125,715.32470703125
Cosmos3_seed101_0020,99,banana,3,0.13966122269630432,banana,626.1465454101562,67.42320251464844,990.1693725585938,451.4989013671875
Cosmos3_seed101_0020,99,banana,4,0.11065027117729187,banana,626.8757934570312,188.15577697753906,761.0021362304688,450.9130859375
Cosmos3_seed101_0020,102,banana,1,0.5600612759590149,banana,648.0718383789062,369.95855712890625,718.5245971679688,451.345458984375
Cosmos3_seed101_0020,102,banana,2,0.21648827195167542,banana,638.9500732421875,69.31167602539062,1189.6942138671875,715.6322021484375
Cosmos3_seed101_0020,102,banana,3,0.1487891674041748,banana,640.9921875,69.91519165039062,994.2960205078125,451.5050964355469
Cosmos3_seed101_0020,102,banana,4,0.12701188027858734,banana,640.402587890625,288.4820251464844,719.7371826171875,451.2549743652344
Cosmos3_seed101_0020,102,banana,5,0.12254232168197632,banana,641.0240478515625,191.75291442871094,762.2979736328125,451.3487548828125
Cosmos3_seed101_0020,102,banana,6,0.10610536485910416,banana,681.885009765625,375.4088439941406,718.281982421875,450.7057800292969
Cosmos3_seed101_0020,105,banana,1,0.4373064339160919,banana,653.9425048828125,370.33447265625,722.0357666015625,453.2764892578125
Cosmos3_seed101_0020,105,banana,2,0.28348326683044434,banana,655.0899658203125,71.4552001953125,1188.370849609375,716.0305786132812
Cosmos3_seed101_0020,105,banana,3,0.22543415427207947,banana,688.9292602539062,375.4713134765625,722.0448608398438,452.9490966796875
Cosmos3_seed101_0020,105,banana,4,0.17424143850803375,banana,652.015380859375,71.61106872558594,994.552001953125,453.1126708984375
Cosmos3_seed101_0020,105,banana,5,0.11430128663778305,banana,894.4680786132812,646.37744140625,1031.771484375,718.38623046875
Cosmos3_seed101_0020,105,banana,6,0.10057886689901352,banana,654.5159301757812,294.06390380859375,759.7919311523438,453.1494140625
Cosmos3_seed101_0020,108,banana,1,0.5275864601135254,banana,660.872802734375,374.244384765625,724.70556640625,455.43658447265625
Cosmos3_seed101_0020,108,banana,2,0.24912260472774506,banana,655.2840576171875,74.18063354492188,1185.438720703125,716.2685546875
Cosmos3_seed101_0020,108,banana,3,0.18672873079776764,banana,654.8041381835938,74.13700866699219,993.5796508789062,455.26995849609375
Cosmos3_seed101_0020,108,banana,4,0.11073730885982513,banana,648.9075927734375,290.5177307128906,728.8916015625,456.1379089355469
Cosmos3_seed101_0020,108,banana,5,0.10861968994140625,banana,693.9151611328125,378.99237060546875,724.52490234375,454.57708740234375
Cosmos3_seed101_0020,108,banana,6,0.10444531589746475,banana,655.79052734375,199.57595825195312,764.950927734375,455.6528015136719
Cosmos3_seed101_0020,108,banana,7,0.10273545235395432,banana,894.1946411132812,646.1210327148438,1032.085205078125,718.4526977539062
Cosmos3_seed101_0020,111,banana,1,0.4346906542778015,banana,671.8225708007812,373.96795654296875,726.6416625976562,452.95159912109375
Cosmos3_seed101_0020,111,banana,2,0.31521371006965637,banana,669.3285522460938,74.95181274414062,1184.7021484375,716.625732421875
Cosmos3_seed101_0020,111,banana,3,0.1936117708683014,banana,669.2870483398438,75.06288146972656,994.8345336914062,452.53369140625
Cosmos3_seed101_0020,111,banana,4,0.11861700564622879,banana,894.3007202148438,645.8238525390625,1032.1568603515625,718.4571533203125
Cosmos3_seed101_0020,111,banana,5,0.1062004491686821,banana,953.8446044921875,86.32832336425781,1184.6971435546875,521.4152221679688
Cosmos3_seed101_0020,111,banana,6,0.1014723926782608,banana,671.583740234375,303.441162109375,730.6561279296875,452.9521484375
Cosmos3_seed101_0020,114,banana,1,0.6574190855026245,banana,659.9232177734375,370.0315246582031,730.66455078125,447.5478210449219
Cosmos3_seed101_0020,114,banana,2,0.1871153563261032,banana,656.5247192382812,73.48529052734375,1186.933837890625,715.4966430664062
Cosmos3_seed101_0020,114,banana,3,0.12030140310525894,banana,657.3912353515625,73.75495910644531,993.010498046875,447.5660400390625
Cosmos3_seed101_0020,117,banana,1,0.6011683344841003,banana,659.3960571289062,366.7557678222656,731.6852416992188,444.9836120605469
Cosmos3_seed101_0020,117,banana,2,0.21403804421424866,banana,655.733154296875,71.60699462890625,1189.4927978515625,715.4150390625
Cosmos3_seed101_0020,117,banana,3,0.14754348993301392,banana,656.6473388671875,72.07505798339844,996.5068359375,444.96630859375
Cosmos3_seed101_0020,117,banana,4,0.12173039466142654,banana,657.8646850585938,195.290283203125,773.3848266601562,444.8701171875
Cosmos3_seed101_0020,117,banana,5,0.1111089438199997,banana,658.4814453125,294.1070861816406,735.9931640625,444.7001647949219
Cosmos3_seed101_0020,120,banana,1,0.5823046565055847,banana,659.7720336914062,366.228515625,732.2706909179688,443.55999755859375
Cosmos3_seed101_0020,120,banana,2,0.21481291949748993,banana,654.462158203125,69.916748046875,1194.22705078125,715.9080200195312
Cosmos3_seed101_0020,120,banana,3,0.13181033730506897,banana,655.8804931640625,70.28996276855469,998.8365478515625,443.5609130859375
Cosmos3_seed101_0020,120,banana,4,0.10567814856767654,banana,675.0838012695312,192.64816284179688,781.1234741210938,294.7970275878906
Cosmos3_seed101_0020,120,banana,5,0.10540914535522461,banana,1068.2686767578125,542.2939453125,1115.8204345703125,589.8388671875
Cosmos3_seed101_0020,123,banana,1,0.7396268248558044,banana,663.63623046875,361.65496826171875,733.8839111328125,442.82781982421875
Cosmos3_seed101_0020,123,banana,2,0.11563412100076675,banana,652.5757446289062,64.69232177734375,1199.02587890625,714.6906127929688
Cosmos3_seed101_0020,126,banana,1,0.6520406007766724,banana,660.8433837890625,354.1332092285156,731.946044921875,443.3089904785156
Cosmos3_seed101_0020,126,banana,2,0.19031654298305511,banana,701.6983032226562,380.91448974609375,731.6707153320312,442.322509765625
Cosmos3_seed101_0020,126,banana,3,0.17359334230422974,banana,664.4798583984375,354.4375,704.7418212890625,429.96624755859375
Cosmos3_seed101_0020,126,banana,4,0.15335990488529205,banana,643.4967041015625,58.23876953125,1204.9542236328125,715.478271484375
Cosmos3_seed101_0020,129,banana,1,0.374165415763855,banana,660.6127319335938,348.80450439453125,732.3069458007812,443.9598388671875
Cosmos3_seed101_0020,129,banana,2,0.3172357678413391,banana,638.138916015625,51.744598388671875,1209.6859130859375,715.861083984375
Cosmos3_seed101_0020,129,banana,3,0.1792137622833252,banana,699.7352905273438,379.9548645019531,732.1663208007812,443.1245422363281
Cosmos3_seed101_0020,129,banana,4,0.1669801026582718,banana,660.9734497070312,349.7549743652344,705.1177368164062,425.4221496582031
Cosmos3_seed101_0020,129,banana,5,0.1234840601682663,banana,894.6768798828125,646.4852294921875,1032.4432373046875,718.3565673828125
Cosmos3_seed101_0020,129,banana,6,0.12075255066156387,banana,1018.4398193359375,148.3605194091797,1209.0653076171875,523.232421875
Cosmos3_seed101_0020,129,banana,7,0.10848568379878998,banana,636.2564086914062,160.33164978027344,821.3468627929688,443.48297119140625
Cosmos3_seed101_0020,129,banana,8,0.10336241126060486,banana,657.92236328125,163.3272705078125,766.3690185546875,274.84002685546875
Cosmos3_seed101_0020,132,banana,1,0.4865565598011017,banana,654.3594970703125,339.20782470703125,732.505126953125,443.08294677734375
Cosmos3_seed101_0020,132,banana,2,0.36877575516700745,banana,655.2742309570312,339.51806640625,694.0985717773438,415.2667236328125
Cosmos3_seed101_0020,132,banana,3,0.3580467402935028,banana,690.7808227539062,375.53741455078125,732.1344604492188,442.61395263671875
Cosmos3_seed101_0020,132,banana,4,0.14149188995361328,banana,621.1255493164062,44.256134033203125,1212.72998046875,715.0096435546875
Cosmos3_seed101_0020,135,banana,1,0.4543643295764923,banana,612.0426025390625,333.4189147949219,732.5489501953125,442.8635559082031
Cosmos3_seed101_0020,135,banana,2,0.40765538811683655,banana,672.4376831054688,374.5509338378906,732.3029174804688,442.4040222167969
Cosmos3_seed101_0020,135,banana,3,0.3950715661048889,banana,611.9305419921875,333.5119934082031,673.819580078125,405.3494567871094
Cosmos3_seed101_0020,135,banana,4,0.11085573583841324,banana,604.1754150390625,38.084381103515625,1214.20654296875,714.7144775390625
Cosmos3_seed101_0020,138,banana,1,0.6113098859786987,banana,656.858154296875,373.83984375,732.449951171875,442.70416259765625
Cosmos3_seed101_0020,138,banana,2,0.5719854831695557,banana,580.0039672851562,330.5335388183594,654.2527465820312,406.3011169433594
Cosmos3_seed101_0020,138,banana,3,0.24728810787200928,banana,580.0714111328125,330.4753112792969,732.6646728515625,442.6907043457031
Cosmos3_seed101_0020,141,banana,1,0.7018239498138428,banana,657.7861328125,373.00408935546875,732.39111328125,443.33306884765625
Cosmos3_seed101_0020,141,banana,2,0.6769419312477112,banana,550.4033203125,327.5129089355469,637.8878173828125,408.4605407714844
Cosmos3_seed101_0020,144,banana,1,0.7028675079345703,banana,513.2929077148438,331.4107360839844,627.6372680664062,420.7627868652344
Cosmos3_seed101_0020,144,banana,2,0.6869329214096069,banana,658.3358154296875,373.15625,732.4031982421875,443.50164794921875
Cosmos3_seed101_0020,147,banana,1,0.7056401968002319,banana,497.896484375,346.26715087890625,625.353271484375,439.6453857421875
Cosmos3_seed101_0020,147,banana,2,0.6751928329467773,banana,658.6671142578125,373.17095947265625,732.8154296875,443.47265625
Cosmos3_seed101_0020,150,banana,1,0.7177008986473083,banana,495.3007507324219,365.4217529296875,627.4313354492188,459.25909423828125
Cosmos3_seed101_0020,150,banana,2,0.6819177269935608,banana,658.845947265625,373.0208740234375,732.6591796875,443.03485107421875
Cosmos3_seed101_0020,153,banana,1,0.6811231374740601,banana,493.42181396484375,380.84423828125,628.9618530273438,471.974609375
Cosmos3_seed101_0020,153,banana,2,0.6695250868797302,banana,658.4183349609375,372.7519226074219,732.55810546875,442.9259338378906
Cosmos3_seed101_0020,156,banana,1,0.6781014204025269,banana,497.47174072265625,398.0928039550781,630.3507690429688,488.1277770996094
Cosmos3_seed101_0020,156,banana,2,0.6559144258499146,banana,658.3145141601562,372.5834045410156,732.4229125976562,442.9648742675781
Cosmos3_seed101_0020,156,banana,3,0.14053118228912354,banana,497.11859130859375,372.42327880859375,732.9846801757812,488.05230712890625
Cosmos3_seed101_0020,159,banana,1,0.6538090109825134,banana,504.0702209472656,411.31878662109375,635.2496948242188,500.24261474609375
Cosmos3_seed101_0020,159,banana,2,0.6486518383026123,banana,658.1082763671875,372.4681701660156,732.6441650390625,443.4028015136719
Cosmos3_seed101_0020,159,banana,3,0.1650804728269577,banana,504.2027587890625,372.36859130859375,733.0126953125,500.358642578125
Cosmos3_seed101_0020,162,banana,1,0.6990194320678711,banana,511.84906005859375,422.9784240722656,641.2431030273438,509.0953063964844
Cosmos3_seed101_0020,162,banana,2,0.6674121022224426,banana,658.3623046875,372.2676696777344,732.6209716796875,443.1902770996094
Cosmos3_seed101_0020,162,banana,3,0.12637318670749664,banana,511.7979431152344,371.8849792480469,732.9619140625,509.2283020019531
Cosmos3_seed101_0020,165,banana,1,0.6546856760978699,banana,513.9009399414062,426.80120849609375,643.9569702148438,515.6361694335938
Cosmos3_seed101_0020,165,banana,2,0.6524186134338379,banana,658.5934448242188,369.85137939453125,732.5082397460938,443.1031494140625
Cosmos3_seed101_0020,165,banana,3,0.17077688872814178,banana,514.4022827148438,369.51385498046875,732.7034301757812,515.7001953125
Cosmos3_seed101_0020,168,banana,1,0.5826320052146912,banana,658.8032836914062,371.8258361816406,732.5123901367188,442.4328918457031
Cosmos3_seed101_0020,168,banana,2,0.572360098361969,banana,515.4620971679688,429.8722839355469,646.8638305664062,519.270263671875
Cosmos3_seed101_0020,168,banana,3,0.26043370366096497,banana,515.8707885742188,371.6147766113281,732.6931762695312,519.2633666992188
Cosmos3_seed101_0020,168,banana,4,0.14003445208072662,banana,515.5926513671875,199.1864776611328,732.3731689453125,519.4960327148438
Cosmos3_seed101_0020,168,banana,5,0.10500530153512955,banana,518.35888671875,58.40852355957031,1189.6201171875,526.6843872070312
Cosmos3_seed101_0020,171,banana,1,0.6284170746803284,banana,658.8339233398438,372.6324462890625,732.6762084960938,442.82940673828125
Cosmos3_seed101_0020,171,banana,2,0.6075112819671631,banana,517.2886962890625,443.88494873046875,644.9476318359375,524.849365234375
Cosmos3_seed101_0020,171,banana,3,0.21172620356082916,banana,517.310302734375,372.2795715332031,733.052490234375,524.608154296875
Cosmos3_seed101_0020,171,banana,4,0.17895328998565674,banana,619.8842163085938,331.1440734863281,673.4270629882812,369.6918029785156
Cosmos3_seed101_0020,171,banana,5,0.1408158391714096,banana,529.8961791992188,195.5156707763672,678.3532104492188,401.39215087890625
Cosmos3_seed101_0020,171,banana,6,0.10371143370866776,banana,517.9143676757812,195.17642211914062,732.0353393554688,524.70166015625
Cosmos3_seed101_0020,171,banana,7,0.10040552914142609,banana,529.7810668945312,57.16778564453125,1189.590576171875,528.5717163085938
Cosmos3_seed101_0020,174,banana,1,0.6976128816604614,banana,515.691162109375,448.3812255859375,638.584716796875,531.8680419921875
Cosmos3_seed101_0020,174,banana,2,0.6603609323501587,banana,658.5250854492188,373.6678161621094,732.3947143554688,442.9233093261719
Cosmos3_seed101_0020,174,banana,3,0.10276521742343903,banana,515.35009765625,372.8875427246094,733.185546875,532.391845703125
Cosmos3_seed101_0020,177,banana,1,0.7040438652038574,banana,515.89599609375,447.2122497558594,639.6434326171875,530.9946899414062
Cosmos3_seed101_0020,177,banana,2,0.6711118817329407,banana,658.2472534179688,373.01031494140625,732.5816040039062,442.91595458984375
Cosmos3_seed101_0020,180,banana,1,0.697222113609314,banana,520.574462890625,443.7837829589844,643.403076171875,525.1182861328125
Cosmos3_seed101_0020,180,banana,2,0.6692136526107788,banana,658.6054077148438,372.8589782714844,732.5803833007812,443.0005187988281
Cosmos3_seed101_0020,180,banana,3,0.1055913120508194,banana,520.2535400390625,371.9785461425781,733.3651123046875,525.6268310546875
Cosmos3_seed101_0020,183,banana,1,0.6879554986953735,banana,520.9144897460938,442.5370178222656,643.8137817382812,523.5438842773438
Cosmos3_seed101_0020,183,banana,2,0.6530093550682068,banana,658.4457397460938,373.0251159667969,732.5809936523438,442.9088439941406
Cosmos3_seed101_0020,183,banana,3,0.10644132643938065,banana,520.543701171875,372.10491943359375,733.41455078125,523.965087890625
Cosmos3_seed101_0020,186,banana,1,0.690144419670105,banana,518.3402099609375,446.2642822265625,639.6387939453125,528.7374267578125
Cosmos3_seed101_0020,186,banana,2,0.67230623960495,banana,658.55859375,372.6874084472656,732.5015869140625,442.5757141113281
Cosmos3_seed101_0020,186,banana,3,0.10018354654312134,banana,517.8977661132812,371.7649230957031,733.4722290039062,529.42626953125
Cosmos3_seed101_0020,188,banana,1,0.6928290724754333,banana,517.851806640625,446.43328857421875,638.7864990234375,529.2060546875
Cosmos3_seed101_0020,188,banana,2,0.6646649241447449,banana,658.3353881835938,372.80621337890625,732.4000854492188,442.48394775390625
Cosmos3_seed101_0020,188,banana,3,0.10712125152349472,banana,517.3579711914062,371.9482421875,733.3795776367188,529.9923706054688
Cosmos3_seed101_0036,0,white tape roll,1,0.7169114947319031,white tape roll,662.4298095703125,346.1454772949219,759.61474609375,417.8121032714844
Cosmos3_seed101_0036,0,white tape roll,2,0.18013322353363037,white tape roll,488.34051513671875,154.6609649658203,503.80743408203125,196.54127502441406
Cosmos3_seed101_0036,0,white tape roll,3,0.13228026032447815,white tape roll,913.4586181640625,482.79803466796875,1114.013916015625,716.8209838867188
Cosmos3_seed101_0036,0,white tape roll,4,0.1289772093296051,white tape roll,653.04736328125,1.222137451171875,1277.4725341796875,715.3741455078125
Cosmos3_seed101_0036,0,white tape roll,5,0.10432876646518707,white tape roll,1130.254150390625,655.1070556640625,1244.86767578125,717.36181640625
Cosmos3_seed101_0036,3,white tape roll,1,0.7324685454368591,white tape roll,662.6085205078125,346.585205078125,759.549560546875,417.5546875
Cosmos3_seed101_0036,3,white tape roll,2,0.1509176343679428,white tape roll,488.50140380859375,156.33775329589844,503.80548095703125,197.48435974121094
Cosmos3_seed101_0036,3,white tape roll,3,0.13213840126991272,white tape roll,652.87451171875,1.31195068359375,1277.7359619140625,715.3076782226562
Cosmos3_seed101_0036,3,white tape roll,4,0.13157719373703003,white tape roll,912.5143432617188,361.049560546875,1111.828369140625,717.1275634765625
Cosmos3_seed101_0036,3,white tape roll,5,0.11515749245882034,white tape roll,1130.2879638671875,655.0488891601562,1244.9752197265625,717.4254760742188
Cosmos3_seed101_0036,6,white tape roll,1,0.7168439030647278,white tape roll,662.8319702148438,346.3305969238281,759.6535034179688,417.5674133300781
Cosmos3_seed101_0036,6,white tape roll,2,0.14538809657096863,white tape roll,488.5747985839844,156.5008544921875,504.0699157714844,197.97384643554688
Cosmos3_seed101_0036,6,white tape roll,3,0.13546670973300934,white tape roll,653.2592163085938,0.911956787109375,1277.4912109375,715.668701171875
Cosmos3_seed101_0036,6,white tape roll,4,0.13513223826885223,white tape roll,912.2083740234375,361.0335693359375,1113.4686279296875,717.04248046875
Cosmos3_seed101_0036,6,white tape roll,5,0.12156328558921814,white tape roll,1130.0606689453125,654.9259033203125,1244.8658447265625,717.42041015625
Cosmos3_seed101_0036,9,white tape roll,1,0.7151896357536316,white tape roll,662.891357421875,346.3568420410156,759.601806640625,417.3836975097656
Cosmos3_seed101_0036,9,white tape roll,2,0.15795490145683289,white tape roll,488.6817932128906,154.6628875732422,503.9945373535156,197.9022674560547
Cosmos3_seed101_0036,9,white tape roll,3,0.1449756771326065,white tape roll,912.2516479492188,360.9925842285156,1112.7059326171875,716.91650390625
Cosmos3_seed101_0036,9,white tape roll,4,0.13633404672145844,white tape roll,653.1905517578125,1.10174560546875,1277.4736328125,715.0838012695312
Cosmos3_seed101_0036,9,white tape roll,5,0.11304965615272522,white tape roll,1130.1328125,654.8130493164062,1244.603759765625,717.4020385742188
Cosmos3_seed101_0036,12,white tape roll,1,0.7317349910736084,white tape roll,662.9700927734375,346.3835144042969,759.559814453125,417.4610290527344
Cosmos3_seed101_0036,12,white tape roll,2,0.15565413236618042,white tape roll,913.6652221679688,361.24957275390625,1113.240966796875,716.9982299804688
Cosmos3_seed101_0036,12,white tape roll,3,0.14976942539215088,white tape roll,488.7160339355469,153.83827209472656,504.1136779785156,197.6990509033203
Cosmos3_seed101_0036,12,white tape roll,4,0.12159991264343262,white tape roll,651.5968627929688,1.26708984375,1277.52197265625,715.20947265625
Cosmos3_seed101_0036,12,white tape roll,5,0.10739050060510635,white tape roll,1130.120361328125,654.8694458007812,1244.1376953125,717.4496459960938
Cosmos3_seed101_0036,12,white tape roll,6,0.10146527737379074,white,1019.1676025390625,359.8094482421875,1077.8504638671875,435.8828125
Cosmos3_seed101_0036,15,white tape roll,1,0.7369996309280396,white tape roll,662.6959838867188,346.4950256347656,759.6936645507812,417.7580871582031
Cosmos3_seed101_0036,15,white tape roll,2,0.1641753762960434,white tape roll,488.5655517578125,155.2705841064453,504.25189208984375,197.3335418701172
Cosmos3_seed101_0036,15,white tape roll,3,0.12235035002231598,white tape roll,649.4248657226562,1.31268310546875,1277.585693359375,715.3139038085938
Cosmos3_seed101_0036,15,white tape roll,4,0.11122798174619675,white tape roll,910.2701416015625,362.8388671875,1115.5628662109375,716.84033203125
Cosmos3_seed101_0036,18,white tape roll,1,0.7414825558662415,white tape roll,662.4804077148438,346.7361755371094,759.4807739257812,417.8047790527344
Cosmos3_seed101_0036,18,white tape roll,2,0.152625173330307,white tape roll,488.7795715332031,155.41921997070312,504.1341247558594,197.49359130859375
Cosmos3_seed101_0036,18,white tape roll,3,0.13431388139724731,white tape roll,646.8678588867188,1.009307861328125,1277.633544921875,716.0059814453125
Cosmos3_seed101_0036,21,white tape roll,1,0.7264426946640015,white tape roll,662.576171875,346.5931396484375,759.65283203125,417.80010986328125
Cosmos3_seed101_0036,21,white tape roll,2,0.13470052182674408,white tape roll,488.6081237792969,155.58120727539062,504.1836242675781,197.11215209960938
Cosmos3_seed101_0036,21,white tape roll,3,0.1323845088481903,white tape roll,644.084228515625,1.20745849609375,1277.347412109375,716.7030029296875
Cosmos3_seed101_0036,21,white tape roll,4,0.12618406116962433,white tape roll,909.943115234375,450.1279296875,1115.9383544921875,716.643798828125
Cosmos3_seed101_0036,21,white tape roll,5,0.11908089369535446,white tape roll,1009.4912719726562,157.63323974609375,1278.1055908203125,518.496826171875
Cosmos3_seed101_0036,21,white tape roll,6,0.1047561764717102,white tape roll,1130.166259765625,652.61376953125,1245.48876953125,717.411376953125
Cosmos3_seed101_0036,24,white tape roll,1,0.6902309060096741,white tape roll,662.6250610351562,346.9042053222656,759.5858764648438,417.7535705566406
Cosmos3_seed101_0036,24,white tape roll,2,0.16297703981399536,white tape roll,643.5616455078125,1.528472900390625,1277.2158203125,715.6949462890625
Cosmos3_seed101_0036,24,white tape roll,3,0.1347319632768631,white tape roll,909.7762451171875,454.75238037109375,1115.5770263671875,716.5934448242188
Cosmos3_seed101_0036,24,white tape roll,4,0.12810002267360687,white tape roll,488.42437744140625,155.38307189941406,503.93743896484375,196.9499969482422
Cosmos3_seed101_0036,24,white tape roll,5,0.12174796313047409,white tape roll,636.474365234375,184.8424530029297,757.0760498046875,273.5362854003906
Cosmos3_seed101_0036,24,white tape roll,6,0.10727528482675552,white tape roll,1129.7645263671875,652.9096069335938,1245.7557373046875,717.4103393554688
Cosmos3_seed101_0036,24,white tape roll,7,0.10119691491127014,roll,1008.5086669921875,150.06248474121094,1277.5904541015625,518.6591796875
Cosmos3_seed101_0036,27,white tape roll,1,0.708381712436676,white tape roll,662.9862670898438,346.9660949707031,759.3556518554688,417.3957824707031
Cosmos3_seed101_0036,27,white tape roll,2,0.17652387917041779,white tape roll,637.7086181640625,7.149627685546875,1260.1436767578125,716.0596923828125
Cosmos3_seed101_0036,27,white tape roll,3,0.15506938099861145,white tape roll,488.59552001953125,156.09506225585938,503.91290283203125,196.741455078125
Cosmos3_seed101_0036,27,white tape roll,4,0.1202659010887146,white tape roll,911.4976196289062,454.5328369140625,1114.900634765625,716.916748046875
Cosmos3_seed101_0036,27,white tape roll,5,0.11269201338291168,white tape roll,1130.257080078125,652.9434204101562,1244.85546875,717.5342407226562
Cosmos3_seed101_0036,27,white tape roll,6,0.1023445725440979,roll,635.6627197265625,191.50672912597656,751.123779296875,285.5859069824219
Cosmos3_seed101_0036,30,white tape roll,1,0.7232589721679688,white tape roll,662.7982788085938,347.0447692871094,759.2232055664062,417.4419860839844
Cosmos3_seed101_0036,30,white tape roll,2,0.18487955629825592,white tape roll,636.00341796875,19.101470947265625,1239.2071533203125,715.801025390625
Cosmos3_seed101_0036,30,white tape roll,3,0.13966359198093414,white tape roll,488.8416748046875,155.312255859375,503.6761474609375,196.76657104492188
Cosmos3_seed101_0036,30,white tape roll,4,0.11967408657073975,white tape roll,912.7893676757812,447.07879638671875,1113.222900390625,717.2335815429688
Cosmos3_seed101_0036,30,white tape roll,5,0.11420214176177979,white tape roll,1004.6091918945312,65.55274963378906,1237.6070556640625,519.102294921875
Cosmos3_seed101_0036,30,white tape roll,6,0.1047171875834465,white tape roll,1129.9503173828125,653.8311767578125,1244.9168701171875,717.5780029296875
Cosmos3_seed101_0036,33,white tape roll,1,0.6891391277313232,white tape roll,662.6256103515625,346.87371826171875,759.4454345703125,417.488037109375
Cosmos3_seed101_0036,33,white tape roll,2,0.1991778016090393,white tape roll,637.0318603515625,27.752838134765625,1226.143310546875,715.642822265625
Cosmos3_seed101_0036,33,white tape roll,3,0.117742620408535,white tape roll,488.8832702636719,156.57998657226562,503.6912536621094,196.74172973632812
Cosmos3_seed101_0036,33,white tape roll,4,0.10751102864742279,white tape roll,993.572998046875,68.81047058105469,1224.297119140625,519.625
Cosmos3_seed101_0036,33,white tape roll,5,0.10480611771345139,white tape roll,1129.876708984375,653.9544067382812,1244.84423828125,717.4306030273438
Cosmos3_seed101_0036,33,white tape roll,6,0.10363929718732834,white tape roll,911.1768798828125,449.0658874511719,1112.7926025390625,717.1781005859375
Cosmos3_seed101_0036,36,white tape roll,1,0.7030346989631653,white tape roll,662.5966796875,346.86199951171875,759.4039306640625,417.33831787109375
Cosmos3_seed101_0036,36,white tape roll,2,0.1984517127275467,white tape roll,636.3131713867188,31.470916748046875,1219.7177734375,715.7569580078125
Cosmos3_seed101_0036,36,white tape roll,3,0.11658063530921936,white tape roll,989.137939453125,70.51016235351562,1217.880615234375,519.4747314453125
Cosmos3_seed101_0036,36,white tape roll,4,0.11338214576244354,white tape roll,910.9041137695312,448.02984619140625,1112.2877197265625,717.4069213867188
Cosmos3_seed101_0036,36,white tape roll,5,0.11278094351291656,white tape roll,488.88690185546875,154.4442138671875,503.61822509765625,196.80288696289062
Cosmos3_seed101_0036,39,white tape roll,1,0.6964224576950073,white tape roll,662.8009643554688,347.0823974609375,759.4555053710938,417.46502685546875
Cosmos3_seed101_0036,39,white tape roll,2,0.18977563083171844,white tape roll,648.047119140625,37.16888427734375,1213.87841796875,715.6022338867188
Cosmos3_seed101_0036,39,white tape roll,3,0.1225319653749466,white tape roll,488.869873046875,154.51036071777344,503.72808837890625,197.57493591308594
Cosmos3_seed101_0036,39,white tape roll,4,0.12029321491718292,white tape roll,983.2214965820312,70.85243225097656,1212.011962890625,519.468505859375
Cosmos3_seed101_0036,39,white tape roll,5,0.11204341799020767,white tape roll,910.1583251953125,452.16656494140625,1112.343017578125,717.1443481445312
Cosmos3_seed101_0036,42,white tape roll,1,0.6812334060668945,white tape roll,662.8228759765625,347.1916198730469,759.2132568359375,417.4023742675781
Cosmos3_seed101_0036,42,white tape roll,2,0.2168256938457489,white tape roll,638.22509765625,42.307098388671875,1208.5333251953125,715.7755126953125
Cosmos3_seed101_0036,42,white tape roll,3,0.15713311731815338,white tape roll,978.714111328125,71.47727966308594,1206.45361328125,519.295654296875
Cosmos3_seed101_0036,42,white tape roll,4,0.1434648483991623,white tape roll,488.9950866699219,155.36273193359375,503.7937316894531,197.53118896484375
Cosmos3_seed101_0036,42,white tape roll,5,0.14094068109989166,white tape roll,916.3173217773438,448.3824768066406,1111.596435546875,717.40478515625
Cosmos3_seed101_0036,42,white tape roll,6,0.11128359287977219,white tape roll,1130.2265625,654.2725219726562,1240.9013671875,717.5662231445312
Cosmos3_seed101_0036,42,white tape roll,7,0.10625442117452621,white tape roll,632.357421875,248.30050659179688,738.8809814453125,332.3894348144531
Cosmos3_seed101_0036,45,white tape roll,1,0.6819252371788025,white tape roll,662.8348999023438,347.3871154785156,759.1766967773438,417.2444152832031
Cosmos3_seed101_0036,45,white tape roll,2,0.2362256497144699,white tape roll,639.004638671875,47.276092529296875,1202.60400390625,715.9283447265625
Cosmos3_seed101_0036,45,white tape roll,3,0.1557113081216812,white tape roll,488.7662048339844,155.20643615722656,503.7882385253906,197.2681427001953
Cosmos3_seed101_0036,45,white tape roll,4,0.12490490078926086,white tape roll,913.4136352539062,448.41204833984375,1111.8486328125,717.4649047851562
Cosmos3_seed101_0036,45,white tape roll,5,0.12488475441932678,white tape roll,971.4818725585938,74.42466735839844,1199.8271484375,519.343505859375
Cosmos3_seed101_0036,45,white tape roll,6,0.11816970258951187,white tape roll,630.9793090820312,256.5157470703125,740.1242065429688,339.8887939453125
Cosmos3_seed101_0036,45,white tape roll,7,0.11680479347705841,white tape roll,1130.02001953125,654.2889404296875,1238.778076171875,717.558837890625
Cosmos3_seed101_0036,48,white tape roll,1,0.6672379970550537,white tape roll,662.7304077148438,347.76708984375,759.1940307617188,417.206787109375
Cosmos3_seed101_0036,48,white tape roll,2,0.24259698390960693,white tape roll,640.2127685546875,50.6995849609375,1198.081298828125,716.1266479492188
Cosmos3_seed101_0036,48,white tape roll,3,0.18204058706760406,white tape roll,488.74334716796875,155.52386474609375,503.8094482421875,195.79074096679688
Cosmos3_seed101_0036,48,white tape roll,4,0.1346076875925064,white tape roll,629.94580078125,261.365234375,740.149169921875,343.71630859375
Cosmos3_seed101_0036,48,white tape roll,5,0.12741872668266296,white tape roll,915.355712890625,456.3953857421875,1112.0833740234375,717.5390625
Cosmos3_seed101_0036,48,white tape roll,6,0.12649644911289215,white tape roll,1129.559326171875,653.9019165039062,1236.79052734375,717.5574340820312
Cosmos3_seed101_0036,48,white tape roll,7,0.1256178617477417,white tape roll,967.8721923828125,75.76901245117188,1195.9366455078125,519.988037109375
Cosmos3_seed101_0036,48,white tape roll,8,0.10013633221387863,roll,674.5857543945312,153.94882202148438,776.0935668945312,273.1596984863281
Cosmos3_seed101_0036,51,white tape roll,1,0.6687854528427124,white tape roll,662.9437866210938,346.45697021484375,759.2776489257812,417.2481689453125
Cosmos3_seed101_0036,51,white tape roll,2,0.24297074973583221,white tape roll,664.8927612304688,52.962890625,1194.127197265625,715.9758911132812
Cosmos3_seed101_0036,51,white tape roll,3,0.14665237069129944,white tape roll,488.846435546875,153.79647827148438,503.6817626953125,198.0936279296875
Cosmos3_seed101_0036,51,white tape roll,4,0.13785773515701294,white tape roll,917.5814819335938,454.7721862792969,1110.240234375,717.27490234375
Cosmos3_seed101_0036,51,white tape roll,5,0.12340404093265533,white tape roll,964.9962768554688,77.0064697265625,1192.032958984375,520.0101928710938
Cosmos3_seed101_0036,51,white tape roll,6,0.11491712182760239,white tape roll,1129.80908203125,654.10009765625,1240.086669921875,717.596923828125
Cosmos3_seed101_0036,51,white tape roll,7,0.11310143023729324,white tape roll,629.345458984375,267.3151550292969,737.9542236328125,349.1013488769531
Cosmos3_seed101_0036,51,white tape roll,8,0.10959428548812866,white tape roll,673.66943359375,160.604248046875,774.30322265625,277.6219177246094
Cosmos3_seed101_0036,54,white tape roll,1,0.6119878888130188,white tape roll,662.7975463867188,347.04632568359375,759.0584106445312,416.87506103515625
Cosmos3_seed101_0036,54,white tape roll,2,0.28704583644866943,white tape roll,661.8172607421875,56.216156005859375,1191.1217041015625,716.118896484375
Cosmos3_seed101_0036,54,white tape roll,3,0.16056090593338013,white tape roll,917.6640625,452.05609130859375,1112.488525390625,717.7887573242188
Cosmos3_seed101_0036,54,white tape roll,4,0.14587795734405518,white tape roll,1130.1455078125,654.0853881835938,1236.618408203125,717.6592407226562
Cosmos3_seed101_0036,54,white tape roll,5,0.14580576121807098,white tape roll,962.5256958007812,78.58274841308594,1189.24609375,519.4204711914062
Cosmos3_seed101_0036,54,white tape roll,6,0.13805407285690308,white tape roll,488.7783508300781,154.16217041015625,503.6395568847656,197.51605224609375
Cosmos3_seed101_0036,54,white tape roll,7,0.13620683550834656,white tape roll,629.1482543945312,272.6658935546875,736.6697387695312,356.78057861328125
Cosmos3_seed101_0036,57,white tape roll,1,0.6011360883712769,white tape roll,662.875732421875,348.17059326171875,759.071533203125,417.1875
Cosmos3_seed101_0036,57,white tape roll,2,0.30614566802978516,white tape roll,667.046142578125,57.9556884765625,1188.579345703125,716.052734375
Cosmos3_seed101_0036,57,white tape roll,3,0.15946562588214874,white tape roll,1130.4920654296875,654.2548217773438,1235.4344482421875,717.7263793945312
Cosmos3_seed101_0036,57,white tape roll,4,0.15910959243774414,white tape roll,488.6136169433594,154.1067657470703,503.5235290527344,197.39634704589844
Cosmos3_seed101_0036,57,white tape roll,5,0.15654444694519043,white tape roll,917.9366455078125,463.878173828125,1111.1439208984375,717.39306640625
Cosmos3_seed101_0036,57,white tape roll,6,0.1448250412940979,white tape roll,960.5155029296875,80.15066528320312,1187.1832275390625,519.5694580078125
Cosmos3_seed101_0036,57,white tape roll,7,0.1404992789030075,white tape roll,629.3609008789062,277.1116027832031,736.2382202148438,356.2106628417969
Cosmos3_seed101_0036,57,white tape roll,8,0.103358693420887,roll,670.458740234375,57.603599548339844,1003.3017578125,285.30841064453125
Cosmos3_seed101_0036,60,white tape roll,1,0.6366235613822937,white tape roll,662.9620361328125,348.2878723144531,759.1317138671875,416.8794250488281
Cosmos3_seed101_0036,60,white tape roll,2,0.2807251811027527,white tape roll,667.3141479492188,58.322540283203125,1188.232421875,716.3341064453125
Cosmos3_seed101_0036,60,white tape roll,3,0.1582883894443512,white tape roll,488.9125061035156,154.30615234375,503.4282531738281,196.86203002929688
Cosmos3_seed101_0036,60,white tape roll,4,0.15613527595996857,white tape roll,1130.7762451171875,654.1515502929688,1234.9100341796875,717.7337036132812
Cosmos3_seed101_0036,60,white tape roll,5,0.1521485298871994,white tape roll,914.2232666015625,449.91278076171875,1111.0411376953125,717.7274780273438
Cosmos3_seed101_0036,60,white tape roll,6,0.14186830818653107,white tape roll,960.3779296875,80.35923767089844,1186.70751953125,519.6171264648438
Cosmos3_seed101_0036,60,white tape roll,7,0.11727398633956909,white tape roll,629.6239013671875,278.01129150390625,736.6068115234375,355.3624267578125
Cosmos3_seed101_0036,63,white tape roll,1,0.6162049174308777,white tape roll,662.9447631835938,348.17822265625,759.2759399414062,417.09368896484375
Cosmos3_seed101_0036,63,white tape roll,2,0.27514466643333435,white tape roll,664.624267578125,58.66436767578125,1188.3760986328125,715.9607543945312
Cosmos3_seed101_0036,63,white tape roll,3,0.15316961705684662,white tape roll,1130.5299072265625,654.0595092773438,1235.3494873046875,717.5709838867188
Cosmos3_seed101_0036,63,white tape roll,4,0.15269851684570312,white tape roll,488.305419921875,154.29937744140625,503.755126953125,196.89874267578125
Cosmos3_seed101_0036,63,white tape roll,5,0.14763014018535614,white tape roll,631.9072265625,280.27020263671875,738.9931640625,356.24774169921875
Cosmos3_seed101_0036,63,white tape roll,6,0.13013328611850739,white tape roll,914.67333984375,469.82684326171875,1112.9925537109375,717.1284790039062
Cosmos3_seed101_0036,63,white tape roll,7,0.12739716470241547,white tape roll,959.4970703125,80.35720825195312,1186.662109375,519.6099853515625
Cosmos3_seed101_0036,66,white tape roll,1,0.6295642852783203,white tape roll,663.4129028320312,348.6188049316406,759.3861694335938,417.0241394042969
Cosmos3_seed101_0036,66,white tape roll,2,0.26776909828186035,white tape roll,669.291748046875,59.79193115234375,1187.4588623046875,716.1460571289062
Cosmos3_seed101_0036,66,white tape roll,3,0.16292981803417206,white tape roll,488.4959411621094,154.4768524169922,503.5512390136719,196.63572692871094
Cosmos3_seed101_0036,66,white tape roll,4,0.14977547526359558,white tape roll,913.04736328125,448.79705810546875,1111.5859375,717.4575805664062
Cosmos3_seed101_0036,66,white tape roll,5,0.14076542854309082,white tape roll,635.5056762695312,281.31903076171875,741.9749145507812,356.48126220703125
Cosmos3_seed101_0036,66,white tape roll,6,0.13650864362716675,white tape roll,1130.175048828125,653.958251953125,1234.963134765625,717.6507568359375
Cosmos3_seed101_0036,66,white tape roll,7,0.11879988014698029,white tape roll,958.767578125,80.68367004394531,1185.7236328125,519.4481811523438
Cosmos3_seed101_0036,66,white tape roll,8,0.11839617788791656,white tape roll,675.34033203125,173.52549743652344,775.539306640625,294.02081298828125
Cosmos3_seed101_0036,69,white tape roll,1,0.6117658019065857,white tape roll,663.9474487304688,349.16162109375,760.8883666992188,417.324462890625
Cosmos3_seed101_0036,69,white tape roll,2,0.28672805428504944,white tape roll,672.4295654296875,60.691558837890625,1187.3612060546875,716.10693359375
Cosmos3_seed101_0036,69,white tape roll,3,0.16484053432941437,white tape roll,488.5572814941406,154.32620239257812,503.6645202636719,196.57809448242188
Cosmos3_seed101_0036,69,white tape roll,4,0.1575421541929245,white tape roll,1130.291259765625,654.0117797851562,1235.09228515625,717.6846313476562
Cosmos3_seed101_0036,69,white tape roll,5,0.14446619153022766,white tape roll,916.921630859375,452.1723327636719,1112.4937744140625,717.555419921875
Cosmos3_seed101_0036,69,white tape roll,6,0.14355167746543884,white tape roll,638.0307006835938,284.72796630859375,744.7383422851562,359.54296875
Cosmos3_seed101_0036,69,white tape roll,7,0.1316778063774109,white tape roll,677.0265502929688,176.37835693359375,784.2516479492188,299.3838195800781
Cosmos3_seed101_0036,69,white tape roll,8,0.10980366170406342,white tape roll,958.9841918945312,80.87037658691406,1185.636962890625,519.20947265625
Cosmos3_seed101_0036,72,white tape roll,1,0.46190735697746277,white tape roll,663.64599609375,351.85760498046875,761.87451171875,417.2119140625
Cosmos3_seed101_0036,72,white tape roll,2,0.3924194574356079,white tape roll,663.6197509765625,61.4091796875,1187.8599853515625,716.2305908203125
Cosmos3_seed101_0036,72,white tape roll,3,0.18084920942783356,white tape roll,1129.5989990234375,653.98388671875,1235.2593994140625,717.6876220703125
Cosmos3_seed101_0036,72,white tape roll,4,0.17729653418064117,white tape roll,677.9340209960938,179.03005981445312,786.2683715820312,302.7268981933594
Cosmos3_seed101_0036,72,white tape roll,5,0.17291265726089478,white tape roll,917.5394287109375,448.474365234375,1112.5474853515625,717.5279541015625
Cosmos3_seed101_0036,72,white tape roll,6,0.1648441106081009,white tape roll,488.5289001464844,153.79173278808594,503.6244812011719,197.4458770751953
Cosmos3_seed101_0036,72,white tape roll,7,0.1572314202785492,white tape roll,640.056640625,287.5765686035156,746.0377197265625,358.9314270019531
Cosmos3_seed101_0036,72,white tape roll,8,0.15475496649742126,white tape roll,640.731689453125,178.19467163085938,786.1507568359375,417.5588684082031
Cosmos3_seed101_0036,72,white tape roll,9,0.1415100246667862,white tape roll,640.2747192382812,287.52099609375,762.9241333007812,417.17340087890625
Cosmos3_seed101_0036,72,white tape roll,10,0.13735295832157135,white tape roll,959.0000610351562,80.5225830078125,1185.85546875,519.4611206054688
Cosmos3_seed101_0036,72,white tape roll,11,0.10189525783061981,roll,676.6927490234375,61.232933044433594,1001.3587646484375,301.2043151855469
Cosmos3_seed101_0036,75,white tape roll,1,0.4442608058452606,white tape roll,671.4155883789062,61.797607421875,1187.97265625,716.0466918945312
Cosmos3_seed101_0036,75,white tape roll,2,0.41052839159965515,white tape roll,664.1996459960938,353.5171813964844,762.2507934570312,417.0376892089844
Cosmos3_seed101_0036,75,white tape roll,3,0.1990983933210373,white tape roll,914.6177978515625,449.832275390625,1111.692626953125,717.4698486328125
Cosmos3_seed101_0036,75,white tape roll,4,0.18428358435630798,white tape roll,488.810302734375,154.01785278320312,503.7659912109375,197.24017333984375
Cosmos3_seed101_0036,75,white tape roll,5,0.17025598883628845,white tape roll,1130.1015625,654.0994262695312,1234.994873046875,717.7426147460938
Cosmos3_seed101_0036,75,white tape roll,6,0.16167299449443817,white tape roll,640.8425903320312,289.831787109375,747.5691528320312,359.98809814453125
Cosmos3_seed101_0036,75,white tape roll,7,0.1552601009607315,white tape roll,678.1325073242188,181.92274475097656,785.8097534179688,302.6583251953125
Cosmos3_seed101_0036,75,white tape roll,8,0.15192943811416626,white tape roll,641.330078125,289.64324951171875,763.544921875,417.03863525390625
Cosmos3_seed101_0036,75,white tape roll,9,0.14360827207565308,white tape roll,959.76904296875,80.17924499511719,1186.536376953125,519.5067749023438
Cosmos3_seed101_0036,75,white tape roll,10,0.12653346359729767,white tape roll,677.047119140625,61.973052978515625,1000.638671875,302.0403747558594
Cosmos3_seed101_0036,75,white tape roll,11,0.1160307303071022,white tape roll,643.4829711914062,181.47645568847656,784.2581176757812,417.65850830078125
Cosmos3_seed101_0036,78,white tape roll,1,0.44388654828071594,white tape roll,666.66845703125,354.6007995605469,764.8048095703125,417.3256530761719
Cosmos3_seed101_0036,78,white tape roll,2,0.4027504622936249,white tape roll,668.1162719726562,62.046051025390625,1188.498046875,715.879638671875
Cosmos3_seed101_0036,78,white tape roll,3,0.20792870223522186,white tape roll,915.8153076171875,448.80078125,1111.692138671875,717.403564453125
Cosmos3_seed101_0036,78,white tape roll,4,0.17485231161117554,white tape roll,488.629150390625,154.38388061523438,503.86083984375,196.91830444335938
Cosmos3_seed101_0036,78,white tape roll,5,0.17479607462882996,white tape roll,677.73974609375,182.79150390625,785.44287109375,303.6921081542969
Cosmos3_seed101_0036,78,white tape roll,6,0.1688387542963028,white tape roll,960.1677856445312,80.10684204101562,1186.915771484375,519.259033203125
Cosmos3_seed101_0036,78,white tape roll,7,0.16752983629703522,white tape roll,641.1104125976562,290.05230712890625,748.8543090820312,363.9715576171875
Cosmos3_seed101_0036,78,white tape roll,8,0.16472549736499786,white tape roll,1130.244873046875,654.123779296875,1235.154052734375,717.667236328125
Cosmos3_seed101_0036,78,white tape roll,9,0.11992085725069046,white tape roll,676.6918334960938,62.113365173339844,1001.0588989257812,303.1380920410156
Cosmos3_seed101_0036,78,white tape roll,10,0.11201830208301544,white tape roll,642.0100708007812,182.3424530029297,785.9234008789062,417.95452880859375
Cosmos3_seed101_0036,81,white tape roll,1,0.43987348675727844,white tape roll,669.1350708007812,354.4403076171875,766.9609985351562,416.2216796875
Cosmos3_seed101_0036,81,white tape roll,2,0.42353111505508423,white tape roll,654.6558837890625,61.543487548828125,1189.2374267578125,716.20703125
Cosmos3_seed101_0036,81,white tape roll,3,0.19315357506275177,white tape roll,488.35516357421875,153.1486053466797,503.8995361328125,196.7588653564453
Cosmos3_seed101_0036,81,white tape roll,4,0.18961100280284882,white tape roll,914.1925659179688,447.56512451171875,1112.1480712890625,717.4417114257812
Cosmos3_seed101_0036,81,white tape roll,5,0.17039984464645386,white tape roll,1130.4183349609375,653.9448852539062,1235.1607666015625,717.7761840820312
Cosmos3_seed101_0036,81,white tape roll,6,0.16789771616458893,white tape roll,678.3994750976562,182.29937744140625,785.7791137695312,302.86328125
Cosmos3_seed101_0036,81,white tape roll,7,0.16702863574028015,white tape roll,961.0792236328125,79.94593811035156,1187.3438720703125,519.5933227539062
Cosmos3_seed101_0036,81,white tape roll,8,0.14571839570999146,white tape roll,641.737548828125,289.6005859375,751.2440185546875,378.14459228515625
Cosmos3_seed101_0036,81,white tape roll,9,0.13346093893051147,white tape roll,641.9609375,181.7723388671875,786.5517578125,416.7569580078125
Cosmos3_seed101_0036,81,white tape roll,10,0.10525660961866379,roll,676.8871459960938,61.49998474121094,1002.2742309570312,302.01690673828125
Cosmos3_seed101_0036,84,white tape roll,1,0.48129212856292725,white tape roll,652.4481201171875,59.30450439453125,1191.8182373046875,716.5973510742188
Cosmos3_seed101_0036,84,white tape roll,2,0.3753986954689026,white tape roll,674.1073608398438,350.72967529296875,771.5127563476562,411.9381103515625
Cosmos3_seed101_0036,84,white tape roll,3,0.20930352807044983,white tape roll,488.45782470703125,153.09695434570312,503.74798583984375,195.94577026367188
Cosmos3_seed101_0036,84,white tape roll,4,0.18306997418403625,white tape roll,1130.56103515625,654.1614990234375,1234.8623046875,717.7451171875
Cosmos3_seed101_0036,84,white tape roll,5,0.17378459870815277,white tape roll,962.8260498046875,78.63999938964844,1189.6842041015625,519.8222045898438
Cosmos3_seed101_0036,84,white tape roll,6,0.1604660600423813,white tape roll,914.4912109375,448.58441162109375,1111.23681640625,717.5280151367188
Cosmos3_seed101_0036,84,white tape roll,7,0.14941376447677612,white tape roll,645.062255859375,288.23583984375,772.5804443359375,412.41790771484375
Cosmos3_seed101_0036,84,white tape roll,8,0.1362752765417099,white tape roll,677.782958984375,59.039146423339844,1004.0250244140625,298.8310241699219
Cosmos3_seed101_0036,84,white tape roll,9,0.11703835427761078,white tape roll,679.965087890625,178.78224182128906,786.066650390625,298.87255859375
Cosmos3_seed101_0036,84,white tape roll,10,0.11111850291490555,white tape roll,645.170654296875,178.50564575195312,785.9608154296875,412.4828186035156
Cosmos3_seed101_0036,84,white tape roll,11,0.10489070415496826,tape roll,645.1777954101562,288.6968688964844,751.8358764648438,356.6530456542969
Cosmos3_seed101_0036,87,white tape roll,1,0.4706401824951172,white tape roll,661.1076049804688,56.42852783203125,1197.93798828125,716.3829956054688
Cosmos3_seed101_0036,87,white tape roll,2,0.38315531611442566,white tape roll,685.4511108398438,339.0792236328125,782.2550659179688,403.91796875
Cosmos3_seed101_0036,87,white tape roll,3,0.20863592624664307,white tape roll,916.04248046875,453.9574279785156,1110.92578125,717.27587890625
Cosmos3_seed101_0036,87,white tape roll,4,0.19041647017002106,white tape roll,1130.5693359375,653.7080688476562,1236.807373046875,717.7634887695312
Cosmos3_seed101_0036,87,white tape roll,5,0.17820538580417633,white tape roll,488.62274169921875,153.02963256835938,503.73193359375,197.5037841796875
Cosmos3_seed101_0036,87,white tape roll,6,0.16625253856182098,white tape roll,968.4174194335938,75.9578857421875,1196.162109375,519.7760009765625
Cosmos3_seed101_0036,87,white tape roll,7,0.13533785939216614,white tape roll,653.85498046875,285.6642761230469,762.48388671875,355.8569641113281
Cosmos3_seed101_0036,87,white tape roll,8,0.10603874176740646,white tape roll,688.3956909179688,172.22128295898438,788.8392944335938,289.64630126953125
Cosmos3_seed101_0036,87,white tape roll,9,0.10275015980005264,white tape roll,654.3573608398438,285.6621398925781,783.4771118164062,404.0464172363281
Cosmos3_seed101_0036,87,white tape roll,10,0.10221214592456818,roll,654.8155517578125,56.069122314453125,1020.196044921875,403.50543212890625
Cosmos3_seed101_0036,90,white tape roll,1,0.4269273579120636,white tape roll,684.3643798828125,50.453582763671875,1212.1212158203125,716.409912109375
Cosmos3_seed101_0036,90,white tape roll,2,0.3960023522377014,white tape roll,700.8994750976562,328.3030700683594,798.6061401367188,396.9809875488281
Cosmos3_seed101_0036,90,white tape roll,3,0.20654885470867157,white tape roll,981.1099853515625,72.76835632324219,1210.6234130859375,519.4019775390625
Cosmos3_seed101_0036,90,white tape roll,4,0.19528070092201233,white tape roll,915.1595458984375,455.6982116699219,1114.6915283203125,717.17529296875
Cosmos3_seed101_0036,90,white tape roll,5,0.1939513236284256,white tape roll,488.6171875,153.35391235351562,503.41217041015625,197.24276733398438
Cosmos3_seed101_0036,90,white tape roll,6,0.17492318153381348,white tape roll,669.7022705078125,280.1309814453125,774.0965576171875,345.225341796875
Cosmos3_seed101_0036,90,white tape roll,7,0.15956109762191772,white tape roll,1130.2130126953125,653.79345703125,1238.6646728515625,717.6845703125
Cosmos3_seed101_0036,90,white tape roll,8,0.15261979401111603,white tape roll,700.472900390625,49.961395263671875,1028.2696533203125,286.1822204589844
Cosmos3_seed101_0036,90,white tape roll,9,0.12764500081539154,white tape roll,670.1793823242188,280.2523498535156,799.7258911132812,397.2804870605469
Cosmos3_seed101_0036,90,white tape roll,10,0.105219766497612,white tape roll,702.156494140625,163.52392578125,806.60546875,285.3634948730469
Cosmos3_seed101_0036,90,white tape roll,11,0.10029079765081406,roll,819.4071655273438,50.30000305175781,1027.4945068359375,211.01658630371094
Cosmos3_seed101_0036,93,white tape roll,1,0.5266373753547668,white tape roll,714.2766723632812,323.5891418457031,812.5025024414062,391.5863342285156
Cosmos3_seed101_0036,93,white tape roll,2,0.32948583364486694,white tape roll,687.5350341796875,45.3450927734375,1229.4840087890625,716.3906860351562
Cosmos3_seed101_0036,93,white tape roll,3,0.21481969952583313,white tape roll,997.7728881835938,67.80909729003906,1228.5347900390625,517.6734008789062
Cosmos3_seed101_0036,93,white tape roll,4,0.2093849629163742,white tape roll,488.76995849609375,153.85340881347656,503.34124755859375,197.7664337158203
Cosmos3_seed101_0036,93,white tape roll,5,0.17771200835704803,white tape roll,913.2379760742188,458.80889892578125,1113.1356201171875,717.3010864257812
Cosmos3_seed101_0036,93,white tape roll,6,0.17448851466178894,white tape roll,1130.23095703125,653.7637939453125,1247.957763671875,717.76123046875
Cosmos3_seed101_0036,93,white tape roll,7,0.13588815927505493,white tape roll,683.4337158203125,272.95758056640625,789.680419921875,344.289794921875
Cosmos3_seed101_0036,93,white tape roll,8,0.12230222672224045,white tape roll,683.8917846679688,273.25262451171875,813.8749389648438,391.83441162109375
Cosmos3_seed101_0036,93,white tape roll,9,0.11513169854879379,white tape roll,683.4586181640625,44.7835693359375,1050.345703125,390.6178283691406
Cosmos3_seed101_0036,96,white tape roll,1,0.43137606978416443,white tape roll,723.17578125,321.4873046875,822.583740234375,390.188720703125
Cosmos3_seed101_0036,96,white tape roll,2,0.411010205745697,white tape roll,694.555908203125,42.0367431640625,1244.6072998046875,716.2047729492188
Cosmos3_seed101_0036,96,white tape roll,3,0.1987534463405609,white tape roll,914.2728881835938,466.14434814453125,1114.0865478515625,717.2030639648438
Cosmos3_seed101_0036,96,white tape roll,4,0.1968429684638977,white tape roll,1130.4603271484375,653.2638549804688,1248.7955322265625,717.6395874023438
Cosmos3_seed101_0036,96,white tape roll,5,0.18342965841293335,white tape roll,1002.531494140625,65.7198486328125,1243.943115234375,517.6434326171875
Cosmos3_seed101_0036,96,white tape roll,6,0.1811506599187851,white tape roll,488.3902587890625,155.59994506835938,503.573486328125,197.32656860351562
Cosmos3_seed101_0036,96,white tape roll,7,0.14007169008255005,white tape roll,692.6534423828125,269.76025390625,798.2998046875,339.48272705078125
Cosmos3_seed101_0036,96,white tape roll,8,0.12899956107139587,white tape roll,693.0054931640625,269.8431091308594,824.2236328125,390.4439392089844
Cosmos3_seed101_0036,96,white tape roll,9,0.1260535717010498,white tape roll,725.9522705078125,41.560218811035156,1061.4486083984375,272.2619323730469
Cosmos3_seed101_0036,96,white tape roll,10,0.10359911620616913,white roll,728.2633056640625,154.6796875,825.375,270.98529052734375
Cosmos3_seed101_0036,99,white tape roll,1,0.3965822756290436,white tape roll,733.2349853515625,320.5650939941406,834.18212890625,388.9226379394531
Cosmos3_seed101_0036,99,white tape roll,2,0.3880002200603485,white tape roll,707.9945068359375,38.154388427734375,1261.6851806640625,715.7872314453125
Cosmos3_seed101_0036,99,white tape roll,3,0.23948930203914642,white tape roll,1002.8975830078125,60.70697021484375,1261.4981689453125,516.5064086914062
Cosmos3_seed101_0036,99,white tape roll,4,0.23886899650096893,white tape roll,914.56884765625,470.1895446777344,1114.498779296875,716.97900390625
Cosmos3_seed101_0036,99,white tape roll,5,0.18419577181339264,white tape roll,488.5570373535156,155.07862854003906,503.5981140136719,196.14698791503906
Cosmos3_seed101_0036,99,white tape roll,6,0.1815892457962036,white tape roll,1130.52685546875,653.037109375,1248.587890625,717.5455322265625
Cosmos3_seed101_0036,99,white tape roll,7,0.17500653862953186,white tape roll,738.98779296875,37.71821594238281,1080.3238525390625,272.5284423828125
Cosmos3_seed101_0036,99,white tape roll,8,0.15334869921207428,white tape roll,704.0050048828125,267.5939025878906,810.684814453125,337.1065368652344
Cosmos3_seed101_0036,99,white tape roll,9,0.1291162222623825,white tape roll,704.4739379882812,267.8356628417969,836.1167602539062,389.4216613769531
Cosmos3_seed101_0036,102,white tape roll,1,0.4596761465072632,white tape roll,738.427734375,319.8013000488281,845.3623046875,387.2665710449219
Cosmos3_seed101_0036,102,white tape roll,2,0.3259173333644867,white tape roll,719.7474365234375,36.110748291015625,1275.4683837890625,715.85546875
Cosmos3_seed101_0036,102,white tape roll,3,0.2421351671218872,white tape roll,911.272705078125,479.40289306640625,1112.5364990234375,716.8203735351562
Cosmos3_seed101_0036,102,white tape roll,4,0.22857213020324707,white tape roll,488.2711486816406,152.9415740966797,503.6055603027344,196.53602600097656
Cosmos3_seed101_0036,102,white tape roll,5,0.2115158587694168,white tape roll,1001.4310913085938,59.97587585449219,1274.431396484375,515.9658203125
Cosmos3_seed101_0036,102,white tape roll,6,0.19491243362426758,white tape roll,1130.119873046875,653.7073364257812,1244.51513671875,717.6106567382812
Cosmos3_seed101_0036,102,white tape roll,7,0.17743903398513794,white tape roll,713.9761962890625,265.77288818359375,846.75146484375,387.78643798828125
Cosmos3_seed101_0036,102,white tape roll,8,0.16582195460796356,white tape roll,713.9802856445312,265.57318115234375,820.2910766601562,334.8201904296875
Cosmos3_seed101_0036,102,white tape roll,9,0.15945395827293396,white tape roll,750.804443359375,35.46795654296875,1095.5152587890625,272.6737060546875
Cosmos3_seed101_0036,105,white tape roll,1,0.38929787278175354,white tape roll,737.923583984375,319.5351257324219,851.879150390625,387.7842712402344
Cosmos3_seed101_0036,105,white tape roll,2,0.35479477047920227,white tape roll,722.9157104492188,34.827789306640625,1277.5966796875,715.605224609375
Cosmos3_seed101_0036,105,white tape roll,3,0.2970775067806244,white tape roll,912.3541259765625,480.45294189453125,1111.9986572265625,716.8698120117188
Cosmos3_seed101_0036,105,white tape roll,4,0.2571251094341278,white tape roll,1000.4699096679688,59.29524230957031,1277.572265625,515.31298828125
Cosmos3_seed101_0036,105,white tape roll,5,0.2114233672618866,white tape roll,487.9595947265625,153.3537139892578,503.6256103515625,196.4642791748047
Cosmos3_seed101_0036,105,white tape roll,6,0.19471900165081024,white tape roll,1129.9039306640625,653.3479614257812,1246.2506103515625,717.6104125976562
Cosmos3_seed101_0036,105,white tape roll,7,0.18365797400474548,white tape roll,754.6202392578125,34.40528869628906,1103.9063720703125,273.77850341796875
Cosmos3_seed101_0036,105,white tape roll,8,0.16319167613983154,white tape roll,719.9214477539062,266.5516052246094,826.0534057617188,335.0752258300781
Cosmos3_seed101_0036,105,white tape roll,9,0.1476151943206787,white tape roll,719.934326171875,266.96685791015625,852.949462890625,388.14276123046875
Cosmos3_seed101_0036,105,white tape roll,10,0.10173356533050537,white roll,756.57177734375,148.20123291015625,868.7408447265625,273.56146240234375
Cosmos3_seed101_0036,108,white tape roll,1,0.4911715090274811,white tape roll,740.1385498046875,318.32025146484375,858.7762451171875,387.86773681640625
Cosmos3_seed101_0036,108,white tape roll,2,0.3154739737510681,white tape roll,727.646484375,35.021148681640625,1278.02734375,715.9346923828125
Cosmos3_seed101_0036,108,white tape roll,3,0.27202796936035156,white tape roll,913.4300537109375,479.8266906738281,1112.0660400390625,716.931884765625
Cosmos3_seed101_0036,108,white tape roll,4,0.2297431230545044,white tape roll,488.0697021484375,152.7203369140625,503.71063232421875,196.43353271484375
Cosmos3_seed101_0036,108,white tape roll,5,0.21050812304019928,white tape roll,1130.6251220703125,653.4166259765625,1244.8453369140625,717.5731201171875
Cosmos3_seed101_0036,108,white tape roll,6,0.20058777928352356,white tape roll,999.5657958984375,58.490264892578125,1277.7471923828125,515.169921875
Cosmos3_seed101_0036,108,white tape roll,7,0.16413454711437225,white tape roll,726.1585083007812,268.1880798339844,835.1757202148438,338.4610900878906
Cosmos3_seed101_0036,108,white tape roll,8,0.1280270665884018,white tape roll,759.98779296875,34.804168701171875,1107.139404296875,272.46258544921875
Cosmos3_seed101_0036,111,white tape roll,1,0.44271594285964966,white tape roll,756.782958984375,316.6198425292969,864.3460693359375,386.0945129394531
Cosmos3_seed101_0036,111,white tape roll,2,0.3183194696903229,white tape roll,731.93798828125,34.64495849609375,1277.664794921875,715.7184448242188
Cosmos3_seed101_0036,111,white tape roll,3,0.2531433701515198,white tape roll,488.07476806640625,152.01687622070312,503.728271484375,196.6776123046875
Cosmos3_seed101_0036,111,white tape roll,4,0.23813396692276,white tape roll,912.5338134765625,480.0465087890625,1113.4981689453125,716.8624267578125
Cosmos3_seed101_0036,111,white tape roll,5,0.21778932213783264,white tape roll,999.23291015625,58.376312255859375,1277.764404296875,514.9930419921875
Cosmos3_seed101_0036,111,white tape roll,6,0.19529712200164795,white tape roll,729.5811767578125,266.9525146484375,865.7108154296875,387.493408203125
Cosmos3_seed101_0036,111,white tape roll,7,0.17839081585407257,white tape roll,1130.3114013671875,652.9945678710938,1247.2188720703125,717.5079956054688
Cosmos3_seed101_0036,111,white tape roll,8,0.1650760918855667,white tape roll,763.7207641601562,34.09673309326172,1111.169677734375,270.2185974121094
Cosmos3_seed101_0036,111,white tape roll,9,0.1467357873916626,white tape roll,729.6632690429688,266.55572509765625,837.0829467773438,332.8614501953125
Cosmos3_seed101_0036,111,white tape roll,10,0.11789897084236145,white tape roll,765.904541015625,146.77967834472656,870.8543701171875,269.54046630859375
Cosmos3_seed101_0036,111,white tape roll,11,0.10693657398223877,white tape roll,729.96875,146.70156860351562,870.28125,387.9029235839844
Cosmos3_seed101_0036,114,white tape roll,1,0.3945159614086151,white tape roll,742.90380859375,316.5827941894531,865.4603271484375,386.5717468261719
Cosmos3_seed101_0036,114,white tape roll,2,0.34886041283607483,white tape roll,731.7426147460938,34.012237548828125,1277.94677734375,715.70263671875
Cosmos3_seed101_0036,114,white tape roll,3,0.26664257049560547,white tape roll,910.5382080078125,480.6644287109375,1113.4578857421875,716.8271484375
Cosmos3_seed101_0036,114,white tape roll,4,0.23448807001113892,white tape roll,488.0370788574219,152.86630249023438,503.7503356933594,197.09576416015625
Cosmos3_seed101_0036,114,white tape roll,5,0.2282620370388031,white tape roll,999.21484375,57.66902160644531,1277.896484375,514.803466796875
Cosmos3_seed101_0036,114,white tape roll,6,0.19351482391357422,white tape roll,1130.2696533203125,652.989990234375,1245.0137939453125,717.5572509765625
Cosmos3_seed101_0036,114,white tape roll,7,0.17178812623023987,white tape roll,763.3302612304688,33.417823791503906,1113.314208984375,266.8418273925781
Cosmos3_seed101_0036,114,white tape roll,8,0.13007603585720062,white tape roll,765.4366455078125,145.3809051513672,869.2210693359375,266.2184753417969
Cosmos3_seed101_0036,114,white tape roll,9,0.12974877655506134,white tape roll,730.1516723632812,265.0069274902344,840.2372436523438,337.4628601074219
Cosmos3_seed101_0036,114,white tape roll,10,0.1139523908495903,white tape roll,729.827880859375,145.3377685546875,869.9163818359375,387.41986083984375
Cosmos3_seed101_0036,117,white tape roll,1,0.40885400772094727,white tape roll,739.5022583007812,318.3453674316406,865.1631469726562,389.3063049316406
Cosmos3_seed101_0036,117,white tape roll,2,0.3297441005706787,white tape roll,733.3723754882812,32.88116455078125,1277.75244140625,715.5928955078125
Cosmos3_seed101_0036,117,white tape roll,3,0.3026406764984131,white tape roll,912.634033203125,480.912353515625,1112.755126953125,716.86474609375
Cosmos3_seed101_0036,117,white tape roll,4,0.24246259033679962,white tape roll,487.9390869140625,153.68736267089844,503.634033203125,196.73338317871094
Cosmos3_seed101_0036,117,white tape roll,5,0.23796869814395905,white tape roll,999.2565307617188,58.20341491699219,1277.916748046875,515.0045776367188
Cosmos3_seed101_0036,117,white tape roll,6,0.1952696591615677,white tape roll,1129.6304931640625,653.0213012695312,1246.5787353515625,717.6249389648438
Cosmos3_seed101_0036,117,white tape roll,7,0.18756212294101715,white tape roll,762.621826171875,32.63825988769531,1115.34130859375,259.53997802734375
Cosmos3_seed101_0036,117,white tape roll,8,0.17581531405448914,white tape roll,764.4271850585938,142.19558715820312,869.8673706054688,254.36187744140625
Cosmos3_seed101_0036,117,white tape roll,9,0.14108051359653473,white tape roll,729.6365966796875,263.6626281738281,841.125732421875,327.3326721191406
Cosmos3_seed101_0036,117,white tape roll,10,0.10472860932350159,white tape roll,729.43359375,141.89259338378906,870.892822265625,390.243408203125
Cosmos3_seed101_0036,120,white tape roll,1,0.5538268685340881,white tape roll,761.9617309570312,341.227294921875,856.2384643554688,409.41754150390625
Cosmos3_seed101_0036,120,white tape roll,2,0.23742403090000153,white tape roll,749.9204711914062,31.021087646484375,1277.558349609375,715.3770751953125
Cosmos3_seed101_0036,120,white tape roll,3,0.210297092795372,white tape roll,909.952392578125,479.84344482421875,1111.3135986328125,716.7794799804688
Cosmos3_seed101_0036,120,white tape roll,4,0.19061191380023956,white tape roll,488.1172180175781,153.9786834716797,504.1108093261719,197.65086364746094
Cosmos3_seed101_0036,120,white tape roll,5,0.1684308648109436,white tape roll,1000.5313720703125,59.597442626953125,1277.8746337890625,516.304443359375
Cosmos3_seed101_0036,120,white tape roll,6,0.15470390021800995,white tape roll,756.3112182617188,29.654747009277344,1117.3856201171875,262.884765625
Cosmos3_seed101_0036,120,white tape roll,7,0.15355941653251648,white tape roll,725.2185668945312,260.0812072753906,834.1649780273438,323.7845153808594
Cosmos3_seed101_0036,120,white tape roll,8,0.14780552685260773,white tape roll,757.107666015625,137.01434326171875,864.894287109375,262.9136657714844
Cosmos3_seed101_0036,120,white tape roll,9,0.13842687010765076,white tape roll,1130.3016357421875,653.171875,1246.3538818359375,717.474365234375
Cosmos3_seed101_0036,123,white tape roll,1,0.4932985007762909,white tape roll,762.2918701171875,344.5461730957031,858.1119384765625,412.3028869628906
Cosmos3_seed101_0036,123,white tape roll,2,0.32380586862564087,white tape roll,731.66259765625,316.0986328125,780.8184814453125,381.90130615234375
Cosmos3_seed101_0036,123,white tape roll,3,0.2500684857368469,white tape roll,720.9248046875,26.9925537109375,1277.5784912109375,714.9271240234375
Cosmos3_seed101_0036,123,white tape roll,4,0.17707805335521698,white tape roll,488.3377685546875,155.2227020263672,504.0714111328125,197.45945739746094
Cosmos3_seed101_0036,123,white tape roll,5,0.17524303495883942,white tape roll,911.6279296875,475.5681457519531,1112.8355712890625,716.5848388671875
Cosmos3_seed101_0036,123,white tape roll,6,0.1530747264623642,white tape roll,1003.155517578125,57.54339599609375,1277.843017578125,516.7158203125
Cosmos3_seed101_0036,123,white tape roll,7,0.1502135694026947,white tape roll,717.9557495117188,254.35055541992188,826.6946411132812,322.2647399902344
Cosmos3_seed101_0036,123,white tape roll,8,0.14137665927410126,white tape roll,1130.5689697265625,652.8428955078125,1244.6900634765625,717.4052734375
Cosmos3_seed101_0036,123,white tape roll,9,0.12499621510505676,white tape roll,744.2740478515625,26.140823364257812,1119.544921875,259.56756591796875
Cosmos3_seed101_0036,126,white tape roll,1,0.597317636013031,white tape roll,763.0304565429688,344.752197265625,858.2633666992188,411.80706787109375
Cosmos3_seed101_0036,126,white tape roll,2,0.46572133898735046,white tape roll,693.8749389648438,338.5245666503906,760.3084106445312,391.7165832519531
Cosmos3_seed101_0036,126,white tape roll,3,0.19370944797992706,white tape roll,709.9807739257812,22.364654541015625,1277.49169921875,715.2926025390625
Cosmos3_seed101_0036,126,white tape roll,4,0.17644889652729034,white tape roll,488.0702819824219,154.7488555908203,503.8807678222656,198.39332580566406
Cosmos3_seed101_0036,126,white tape roll,5,0.16224460303783417,white tape roll,910.5425415039062,457.3525085449219,1112.94677734375,716.965576171875
Cosmos3_seed101_0036,126,white tape roll,6,0.146825909614563,white tape roll,1130.547119140625,653.569580078125,1244.01123046875,717.56982421875
Cosmos3_seed101_0036,126,white tape roll,7,0.1457471400499344,white tape roll,707.7042236328125,243.38905334472656,811.9739990234375,312.76385498046875
Cosmos3_seed101_0036,126,white tape roll,8,0.1403837949037552,white tape roll,1005.1083374023438,58.123931884765625,1277.8271484375,517.890380859375
Cosmos3_seed101_0036,126,white tape roll,9,0.126669242978096,white tape roll,729.7324829101562,20.644752502441406,1122.7738037109375,251.371337890625
Cosmos3_seed101_0036,126,white tape roll,10,0.11104486137628555,white tape roll,731.1264038085938,117.48765563964844,834.0371704101562,250.04359436035156
Cosmos3_seed101_0036,129,white tape roll,1,0.576710045337677,white tape roll,762.756103515625,344.941650390625,858.4854736328125,411.84539794921875
Cosmos3_seed101_0036,129,white tape roll,2,0.5026395320892334,white tape roll,675.0765380859375,337.93756103515625,755.6151123046875,397.4332275390625
Cosmos3_seed101_0036,129,white tape roll,3,0.1797269582748413,white tape roll,488.3258056640625,154.05264282226562,503.9443359375,197.670654296875
Cosmos3_seed101_0036,129,white tape roll,4,0.15895551443099976,white tape roll,909.0681762695312,449.06439208984375,1113.779052734375,717.6077270507812
Cosmos3_seed101_0036,129,white tape roll,5,0.15828557312488556,white tape roll,1130.377197265625,653.5476684570312,1244.2099609375,717.5823364257812
Cosmos3_seed101_0036,129,white tape roll,6,0.1574591100215912,white tape roll,695.7373657226562,18.60076904296875,1277.2607421875,714.6727905273438
Cosmos3_seed101_0036,129,white tape roll,7,0.15175221860408783,white tape roll,1009.8597412109375,58.3734130859375,1277.7462158203125,518.9541625976562
Cosmos3_seed101_0036,129,white tape roll,8,0.1314355731010437,white tape roll,713.4629516601562,16.602333068847656,1120.440185546875,249.00381469726562
Cosmos3_seed101_0036,129,white tape roll,9,0.11303194612264633,white tape roll,697.548583984375,237.0576934814453,801.4173583984375,310.09912109375
Cosmos3_seed101_0036,129,white tape roll,10,0.11168470978736877,white tape roll,674.1866455078125,336.8450927734375,859.7139892578125,413.21978759765625
Cosmos3_seed101_0036,129,white tape roll,11,0.11144116520881653,white tape roll,715.5308227539062,109.05543518066406,826.4369506835938,249.77650451660156
Cosmos3_seed101_0036,132,white tape roll,1,0.650569498538971,white tape roll,658.60546875,323.43975830078125,757.16259765625,397.29144287109375
Cosmos3_seed101_0036,132,white tape roll,2,0.5872340798377991,white tape roll,762.8765258789062,345.2706298828125,858.5845336914062,411.8785400390625
Cosmos3_seed101_0036,132,white tape roll,3,0.15927180647850037,white tape roll,488.484619140625,154.6513214111328,503.711669921875,197.6076202392578
Cosmos3_seed101_0036,132,white tape roll,4,0.1415785700082779,white tape roll,1014.651123046875,152.16336059570312,1277.902587890625,519.45361328125
Cosmos3_seed101_0036,132,white tape roll,5,0.13495121896266937,white tape roll,907.6751708984375,434.80938720703125,1113.5252685546875,716.8659057617188
Cosmos3_seed101_0036,132,white tape roll,6,0.12759584188461304,white tape roll,1130.5927734375,653.5225830078125,1246.815185546875,717.5399169921875
Cosmos3_seed101_0036,132,white tape roll,7,0.11960779130458832,white tape roll,685.7902221679688,14.127838134765625,1277.356201171875,715.17822265625
Cosmos3_seed101_0036,132,white tape roll,8,0.10928713530302048,white tape roll,692.4906005859375,12.276786804199219,1118.51220703125,245.72198486328125
Cosmos3_seed101_0036,132,white tape roll,9,0.10731891542673111,white tape roll,692.8641967773438,102.42185974121094,815.8543090820312,248.8605194091797
Cosmos3_seed101_0036,132,white tape roll,10,0.10558929294347763,white tape roll,657.020751953125,322.3175354003906,859.5302734375,413.2287902832031
Cosmos3_seed101_0036,135,white tape roll,1,0.608150839805603,white tape roll,639.9222412109375,313.7036437988281,745.2777099609375,391.4344787597656
Cosmos3_seed101_0036,135,white tape roll,2,0.5840079188346863,white tape roll,762.7051391601562,344.9554138183594,858.6920776367188,411.7815246582031
Cosmos3_seed101_0036,135,white tape roll,3,0.18165020644664764,white tape roll,488.5500793457031,154.88308715820312,503.7566833496094,197.7752685546875
Cosmos3_seed101_0036,135,white tape roll,4,0.17130020260810852,white tape roll,907.678955078125,368.07269287109375,1111.3544921875,717.3064575195312
Cosmos3_seed101_0036,135,white tape roll,5,0.16377146542072296,white tape roll,658.920654296875,10.8675537109375,1277.156005859375,715.6333618164062
Cosmos3_seed101_0036,135,white tape roll,6,0.14011338353157043,white tape roll,1017.57177734375,152.40650939941406,1277.779541015625,522.2003784179688
Cosmos3_seed101_0036,135,white tape roll,7,0.1275848001241684,white tape roll,1130.670166015625,653.2808227539062,1246.86376953125,717.4620971679688
Cosmos3_seed101_0036,138,white tape roll,1,0.6047477126121521,white tape roll,762.59814453125,345.1197509765625,858.619384765625,411.8135986328125
Cosmos3_seed101_0036,138,white tape roll,2,0.553403913974762,white tape roll,619.3328857421875,315.95684814453125,727.4110107421875,398.77606201171875
Cosmos3_seed101_0036,138,white tape roll,3,0.19870539009571075,white tape roll,907.5840454101562,364.02008056640625,1111.4423828125,717.1251831054688
Cosmos3_seed101_0036,138,white tape roll,4,0.19071999192237854,white tape roll,621.5023803710938,12.20819091796875,1273.685546875,715.8935546875
Cosmos3_seed101_0036,138,white tape roll,5,0.17332281172275543,white tape roll,1017.8108520507812,151.49244689941406,1272.5478515625,525.4874267578125
Cosmos3_seed101_0036,138,white tape roll,6,0.15739978849887848,white tape roll,1131.064453125,653.4330444335938,1246.548095703125,717.6358032226562
Cosmos3_seed101_0036,138,white tape roll,7,0.1526443213224411,white tape roll,488.5048828125,155.34585571289062,503.8096923828125,197.9384765625
Cosmos3_seed101_0036,138,white tape roll,8,0.13387908041477203,white tape roll,637.79248046875,109.25458526611328,774.9298095703125,275.7298278808594
Cosmos3_seed101_0036,141,white tape roll,1,0.6294136047363281,white tape roll,598.3705444335938,323.2886962890625,710.3980102539062,408.60595703125
Cosmos3_seed101_0036,141,white tape roll,2,0.621955931186676,white tape roll,762.490966796875,344.855712890625,858.78955078125,410.82635498046875
Cosmos3_seed101_0036,141,white tape roll,3,0.19789843261241913,white tape roll,909.2123413085938,361.10968017578125,1111.945556640625,717.2946166992188
Cosmos3_seed101_0036,141,white tape roll,4,0.18410193920135498,white tape roll,599.472412109375,12.393157958984375,1262.1351318359375,715.9376220703125
Cosmos3_seed101_0036,141,white tape roll,5,0.16151690483093262,white tape roll,1022.6173706054688,150.49234008789062,1261.419189453125,526.6395263671875
Cosmos3_seed101_0036,141,white tape roll,6,0.1229654997587204,white tape roll,1130.6185302734375,653.0789794921875,1245.9615478515625,717.5809326171875
Cosmos3_seed101_0036,141,white tape roll,7,0.11623763293027878,white tape roll,488.6968078613281,155.0602264404297,503.5827331542969,196.87757873535156
Cosmos3_seed101_0036,144,white tape roll,1,0.6091848015785217,white tape roll,762.5498657226562,345.4073181152344,858.7793579101562,411.6417541503906
Cosmos3_seed101_0036,144,white tape roll,2,0.5020067691802979,white tape roll,578.60400390625,337.0791015625,695.1014404296875,429.0166015625
Cosmos3_seed101_0036,144,white tape roll,3,0.23940899968147278,white tape roll,908.5787353515625,360.06573486328125,1112.558837890625,717.4356079101562
Cosmos3_seed101_0036,144,white tape roll,4,0.21674256026744843,white tape roll,578.487060546875,12.992919921875,1249.407470703125,716.1576538085938
Cosmos3_seed101_0036,144,white tape roll,5,0.17297549545764923,white tape roll,1027.189208984375,152.71817016601562,1248.850341796875,529.4683837890625
Cosmos3_seed101_0036,144,white tape roll,6,0.13398362696170807,white tape roll,1130.2296142578125,653.535400390625,1242.6068115234375,717.5711669921875
Cosmos3_seed101_0036,144,white tape roll,7,0.13095951080322266,white tape roll,577.4014282226562,112.72085571289062,741.4829711914062,429.2450256347656
Cosmos3_seed101_0036,144,white tape roll,8,0.11644067615270615,white tape roll,488.7127990722656,154.28285217285156,503.7328186035156,196.77626037597656
Cosmos3_seed101_0036,147,white tape roll,1,0.6059589385986328,white tape roll,762.565185546875,345.3439025878906,858.829345703125,411.5215148925781
Cosmos3_seed101_0036,147,white tape roll,2,0.5236493349075317,white tape roll,570.8853149414062,362.4608154296875,691.3272094726562,452.86212158203125
Cosmos3_seed101_0036,147,white tape roll,3,0.2735883593559265,white tape roll,909.0343017578125,359.98529052734375,1109.5230712890625,717.4507446289062
Cosmos3_seed101_0036,147,white tape roll,4,0.20761874318122864,white tape roll,565.4366455078125,16.834197998046875,1239.6151123046875,715.9910888671875
Cosmos3_seed101_0036,147,white tape roll,5,0.15945203602313995,white tape roll,566.4840698242188,130.148681640625,721.7855834960938,452.9342041015625
Cosmos3_seed101_0036,147,white tape roll,6,0.155189648270607,white tape roll,1027.9456787109375,151.3226318359375,1238.5682373046875,529.5792846679688
Cosmos3_seed101_0036,147,white tape roll,7,0.14619652926921844,white tape roll,1130.73681640625,654.1873779296875,1236.489501953125,717.5111083984375
Cosmos3_seed101_0036,147,white tape roll,8,0.11626870930194855,white tape roll,488.8227844238281,153.89279174804688,503.9587097167969,197.18893432617188
Cosmos3_seed101_0036,150,white tape roll,1,0.6035322546958923,white tape roll,762.7481689453125,345.133544921875,858.8853759765625,411.79217529296875
Cosmos3_seed101_0036,150,white tape roll,2,0.4941403269767761,white tape roll,573.8089599609375,381.28656005859375,694.8699951171875,473.95635986328125
Cosmos3_seed101_0036,150,white tape roll,3,0.2675606906414032,white tape roll,907.8466796875,359.99261474609375,1109.95361328125,717.2843627929688
Cosmos3_seed101_0036,150,white tape roll,4,0.1895788609981537,white tape roll,558.01318359375,24.114288330078125,1230.240478515625,715.538330078125
Cosmos3_seed101_0036,150,white tape roll,5,0.17726638913154602,white tape roll,1130.656982421875,654.0077514648438,1237.64990234375,717.4949340820312
Cosmos3_seed101_0036,150,white tape roll,6,0.1374044418334961,white tape roll,558.416748046875,149.2694091796875,707.1309814453125,474.2906494140625
Cosmos3_seed101_0036,150,white tape roll,7,0.12056281417608261,white tape roll,1027.5194091796875,150.8730010986328,1228.8570556640625,529.901123046875
Cosmos3_seed101_0036,153,white tape roll,1,0.5798776149749756,white tape roll,762.6915283203125,345.114501953125,858.9278564453125,411.693115234375
Cosmos3_seed101_0036,153,white tape roll,2,0.510986328125,white tape roll,576.4659423828125,393.8794860839844,698.6029052734375,490.5818786621094
Cosmos3_seed101_0036,153,white tape roll,3,0.2592208981513977,white tape roll,908.4222412109375,359.88970947265625,1111.7879638671875,717.3147583007812
Cosmos3_seed101_0036,153,white tape roll,4,0.19105620682239532,white tape roll,553.4029541015625,30.074676513671875,1222.6527099609375,715.316162109375
Cosmos3_seed101_0036,153,white tape roll,5,0.16116631031036377,white tape roll,1130.633544921875,654.2264404296875,1239.73974609375,717.569580078125
Cosmos3_seed101_0036,153,white tape roll,6,0.15009009838104248,white tape roll,553.5922241210938,163.8027801513672,713.5160522460938,490.9293212890625
Cosmos3_seed101_0036,153,white tape roll,7,0.11138415336608887,white tape roll,1029.815673828125,148.87295532226562,1220.81298828125,529.8330078125
Cosmos3_seed101_0036,156,white tape roll,1,0.5705991983413696,white tape roll,762.5882568359375,345.2734680175781,859.0296630859375,411.7524108886719
Cosmos3_seed101_0036,156,white tape roll,2,0.4964621663093567,white tape roll,576.431640625,407.7875671386719,698.87890625,503.1090393066406
Cosmos3_seed101_0036,156,white tape roll,3,0.24542133510112762,white tape roll,909.728271484375,360.45648193359375,1111.072021484375,717.3168334960938
Cosmos3_seed101_0036,156,white tape roll,4,0.1867225617170334,white tape roll,548.1702880859375,37.362701416015625,1213.3037109375,714.9072265625
Cosmos3_seed101_0036,156,white tape roll,5,0.16462209820747375,white tape roll,1129.50390625,654.33056640625,1241.51318359375,717.5889892578125
Cosmos3_seed101_0036,156,white tape roll,6,0.14711147546768188,white tape roll,548.6048583984375,180.4039764404297,706.4854736328125,503.28826904296875
Cosmos3_seed101_0036,156,white tape roll,7,0.12863408029079437,white tape roll,1030.138916015625,150.97271728515625,1211.77734375,530.0354614257812
Cosmos3_seed101_0036,156,white tape roll,8,0.10618424415588379,white tape roll,635.8197631835938,331.3251647949219,682.9207153320312,415.7915954589844
Cosmos3_seed101_0036,159,white tape roll,1,0.5643768310546875,white tape roll,762.8961181640625,345.264404296875,858.833740234375,411.70782470703125
Cosmos3_seed101_0036,159,white tape roll,2,0.5378209352493286,white tape roll,574.8175048828125,415.487060546875,697.2799072265625,510.42889404296875
Cosmos3_seed101_0036,159,white tape roll,3,0.27326738834381104,white tape roll,909.3673095703125,360.8697204589844,1112.4410400390625,717.248779296875
Cosmos3_seed101_0036,159,white tape roll,4,0.19276675581932068,white tape roll,543.2567138671875,41.712615966796875,1207.5731201171875,715.1474609375
Cosmos3_seed101_0036,159,white tape roll,5,0.16726376116275787,white tape roll,1130.3160400390625,653.90234375,1241.8336181640625,717.52783203125
Cosmos3_seed101_0036,159,white tape roll,6,0.15844641625881195,white tape roll,543.6326904296875,188.2361297607422,703.4420166015625,510.538330078125
Cosmos3_seed101_0036,159,white tape roll,7,0.13539648056030273,white tape roll,1031.528076171875,149.7296142578125,1205.443603515625,530.0634765625
Cosmos3_seed101_0036,159,white tape roll,8,0.1123933345079422,white tape roll,544.85107421875,189.17462158203125,701.8787841796875,342.46319580078125
Cosmos3_seed101_0036,162,white tape roll,1,0.5595616102218628,white tape roll,762.8598022460938,345.3506164550781,858.9522094726562,411.6753845214844
Cosmos3_seed101_0036,162,white tape roll,2,0.557466447353363,white tape roll,575.7978515625,422.15203857421875,698.678955078125,517.6587524414062
Cosmos3_seed101_0036,162,white tape roll,3,0.2519228160381317,white tape roll,909.0516357421875,361.7384338378906,1112.876953125,717.366943359375
Cosmos3_seed101_0036,162,white tape roll,4,0.19009318947792053,white tape roll,540.7770385742188,46.4967041015625,1200.809326171875,715.37939453125
Cosmos3_seed101_0036,162,white tape roll,5,0.1711486279964447,white tape roll,1130.77294921875,654.3404541015625,1242.37255859375,717.6129150390625
Cosmos3_seed101_0036,162,white tape roll,6,0.1560615450143814,white tape roll,541.62744140625,196.34414672851562,701.6982421875,517.8426513671875
Cosmos3_seed101_0036,162,white tape roll,7,0.11597748845815659,white tape roll,1030.182373046875,149.06739807128906,1198.670654296875,529.8236694335938
Cosmos3_seed101_0036,162,white tape roll,8,0.10023234039545059,roll,542.3478393554688,197.52264404296875,696.3086547851562,346.38031005859375
Cosmos3_seed101_0036,165,white tape roll,1,0.5422131419181824,white tape roll,762.7100830078125,345.2431640625,859.1285400390625,411.609619140625
Cosmos3_seed101_0036,165,white tape roll,2,0.5165982246398926,white tape roll,578.7735595703125,428.47314453125,701.0384521484375,522.5269165039062
Cosmos3_seed101_0036,165,white tape roll,3,0.23782525956630707,white tape roll,909.6629638671875,361.9825439453125,1111.8809814453125,717.3890380859375
Cosmos3_seed101_0036,165,white tape roll,4,0.20682816207408905,white tape roll,541.3325805664062,203.1251678466797,703.5570678710938,522.8626098632812
Cosmos3_seed101_0036,165,white tape roll,5,0.20454472303390503,white tape roll,541.5133666992188,49.700775146484375,1196.578857421875,715.353271484375
Cosmos3_seed101_0036,165,white tape roll,6,0.1548900008201599,white tape roll,1130.67529296875,653.8773193359375,1242.748046875,717.5740966796875
Cosmos3_seed101_0036,165,white tape roll,7,0.13735409080982208,white tape roll,542.1489868164062,204.1802978515625,695.3397827148438,352.71630859375
Cosmos3_seed101_0036,165,white tape roll,8,0.11631982773542404,white tape roll,1029.4564208984375,147.28404235839844,1194.1529541015625,529.852294921875
Cosmos3_seed101_0036,168,white tape roll,1,0.5324928760528564,white tape roll,762.5858764648438,345.00469970703125,859.0888061523438,411.4219970703125
Cosmos3_seed101_0036,168,white tape roll,2,0.5052215456962585,white tape roll,580.9869384765625,430.5567626953125,702.8031005859375,524.8032836914062
Cosmos3_seed101_0036,168,white tape roll,3,0.25052735209465027,white tape roll,908.5861206054688,362.30804443359375,1112.4407958984375,717.2398071289062
Cosmos3_seed101_0036,168,white tape roll,4,0.22871850430965424,white tape roll,541.8883056640625,206.46380615234375,704.9014892578125,525.2155151367188
Cosmos3_seed101_0036,168,white tape roll,5,0.20965014398097992,white tape roll,542.72509765625,51.8125,1194.1646728515625,715.22607421875
Cosmos3_seed101_0036,168,white tape roll,6,0.15387193858623505,white tape roll,1130.558349609375,653.7383422851562,1242.736083984375,717.5062866210938
Cosmos3_seed101_0036,168,white tape roll,7,0.147554412484169,white tape roll,542.6580810546875,207.3837432861328,694.3804931640625,351.53302001953125
Cosmos3_seed101_0036,168,white tape roll,8,0.13860155642032623,white tape roll,1029.58740234375,149.16123962402344,1191.553955078125,529.656982421875
Cosmos3_seed101_0036,171,white tape roll,1,0.524970531463623,white tape roll,762.6693725585938,345.1884765625,859.1233520507812,411.5931396484375
Cosmos3_seed101_0036,171,white tape roll,2,0.48018747568130493,white tape roll,580.6676635742188,429.3406677246094,701.3202514648438,527.559814453125
Cosmos3_seed101_0036,171,white tape roll,3,0.24913403391838074,white tape roll,909.6207275390625,362.126708984375,1110.392578125,717.2503662109375
Cosmos3_seed101_0036,171,white tape roll,4,0.22382016479969025,white tape roll,542.95458984375,50.66229248046875,1194.1619873046875,715.422119140625
Cosmos3_seed101_0036,171,white tape roll,5,0.1997540295124054,white tape roll,542.9190673828125,202.34326171875,703.79638671875,527.9519653320312
Cosmos3_seed101_0036,171,white tape roll,6,0.1627928912639618,white tape roll,1130.608642578125,653.6671142578125,1242.446044921875,717.5186767578125
Cosmos3_seed101_0036,171,white tape roll,7,0.13186708092689514,white tape roll,1029.787353515625,149.77145385742188,1191.7978515625,529.5997314453125
Cosmos3_seed101_0036,171,white tape roll,8,0.12593531608581543,white tape roll,543.6783447265625,203.0615234375,697.0093994140625,347.3988037109375
Cosmos3_seed101_0036,174,white tape roll,1,0.6220126152038574,white tape roll,580.408935546875,430.1401062011719,699.511962890625,530.2058715820312
Cosmos3_seed101_0036,174,white tape roll,2,0.5582616329193115,white tape roll,762.5038452148438,345.3746643066406,858.9561157226562,411.5586242675781
Cosmos3_seed101_0036,174,white tape roll,3,0.23153752088546753,white tape roll,908.1895751953125,361.41632080078125,1110.3353271484375,717.3605346679688
Cosmos3_seed101_0036,174,white tape roll,4,0.19114293158054352,white tape roll,545.7086181640625,45.118743896484375,1199.8675537109375,715.4261474609375
Cosmos3_seed101_0036,174,white tape roll,5,0.16971896588802338,white tape roll,1130.44384765625,654.1455688476562,1241.87109375,717.5667114257812
Cosmos3_seed101_0036,174,white tape roll,6,0.11801041662693024,white tape roll,546.2036743164062,185.48580932617188,704.4259643554688,530.2420654296875
Cosmos3_seed101_0036,174,white tape roll,7,0.10621985048055649,white tape roll,1029.7811279296875,149.96023559570312,1197.8885498046875,529.631591796875
Cosmos3_seed101_0036,177,white tape roll,1,0.7257678508758545,white tape roll,580.4855346679688,429.93121337890625,699.7041625976562,530.3613891601562
Cosmos3_seed101_0036,177,white tape roll,2,0.48929667472839355,white tape roll,762.3795776367188,345.3970947265625,858.8766479492188,411.69183349609375
Cosmos3_seed101_0036,177,white tape roll,3,0.17429515719413757,white tape roll,907.8533325195312,360.5953369140625,1109.32177734375,717.441162109375
Cosmos3_seed101_0036,177,white tape roll,4,0.13575759530067444,white tape roll,636.3821411132812,312.336181640625,683.5484008789062,395.91546630859375
Cosmos3_seed101_0036,177,white tape roll,5,0.13343654572963715,white tape roll,1130.5155029296875,654.0477294921875,1238.4776611328125,717.34423828125
Cosmos3_seed101_0036,177,white tape roll,6,0.12945368885993958,white tape roll,552.330078125,34.7332763671875,1212.746337890625,715.074951171875
Cosmos3_seed101_0036,177,white tape roll,7,0.109931580722332,white tape roll,488.6091613769531,153.2340087890625,503.5256042480469,196.79074096679688
Cosmos3_seed101_0036,180,white tape roll,1,0.7506311535835266,white tape roll,580.7042236328125,429.6136169433594,699.7249755859375,529.9634399414062
Cosmos3_seed101_0036,180,white tape roll,2,0.5362970232963562,white tape roll,762.39453125,345.34063720703125,858.8421630859375,411.55548095703125
Cosmos3_seed101_0036,180,white tape roll,3,0.14171503484249115,white tape roll,565.6998901367188,16.781097412109375,1240.647216796875,716.2059326171875
Cosmos3_seed101_0036,180,white tape roll,4,0.1399393379688263,white tape roll,906.5150146484375,360.2586975097656,1111.7628173828125,717.4730224609375
Cosmos3_seed101_0036,180,white tape roll,5,0.11399831622838974,white tape roll,1130.3651123046875,653.7024536132812,1236.3057861328125,717.3671264648438
Cosmos3_seed101_0036,183,white tape roll,1,0.7317100763320923,white tape roll,580.6454467773438,429.3940734863281,699.7847290039062,530.61181640625
Cosmos3_seed101_0036,183,white tape roll,2,0.5008335709571838,white tape roll,762.2507934570312,345.16265869140625,858.9620971679688,411.861083984375
Cosmos3_seed101_0036,183,white tape roll,3,0.14620542526245117,white tape roll,579.759033203125,3.66143798828125,1265.8690185546875,716.3798217773438
Cosmos3_seed101_0036,183,white tape roll,4,0.13061738014221191,white tape roll,1130.991943359375,653.6178588867188,1244.295166015625,717.4790649414062
Cosmos3_seed101_0036,183,white tape roll,5,0.11458522081375122,white tape roll,907.40283203125,360.0982666015625,1114.8504638671875,717.323486328125
Cosmos3_seed101_0036,183,white tape roll,6,0.10402682423591614,white tape roll,488.49066162109375,154.99468994140625,503.4300537109375,197.32839965820312
Cosmos3_seed101_0036,186,white tape roll,1,0.7441721558570862,white tape roll,580.5037231445312,429.0145263671875,699.8369750976562,530.3294677734375
Cosmos3_seed101_0036,186,white tape roll,2,0.5077886581420898,white tape roll,762.28662109375,344.9539489746094,858.9578857421875,411.5414123535156
Cosmos3_seed101_0036,186,white tape roll,3,0.13877880573272705,white tape roll,908.2935791015625,360.87335205078125,1115.260498046875,717.1865844726562
Cosmos3_seed101_0036,186,white tape roll,4,0.13381531834602356,white tape roll,590.2095336914062,0.966796875,1276.296875,716.4188842773438
Cosmos3_seed101_0036,186,white tape roll,5,0.12739139795303345,white tape roll,1130.1470947265625,653.4874267578125,1244.3609619140625,717.4793701171875
Cosmos3_seed101_0036,188,white tape roll,1,0.7428863048553467,white tape roll,580.5806884765625,429.136962890625,699.830810546875,530.4945068359375
Cosmos3_seed101_0036,188,white tape roll,2,0.5156622529029846,white tape roll,762.3772583007812,345.0726013183594,858.9066772460938,411.6555480957031
Cosmos3_seed101_0036,188,white tape roll,3,0.15332697331905365,white tape roll,907.834716796875,360.9347839355469,1114.7032470703125,717.1019287109375
Cosmos3_seed101_0036,188,white tape roll,4,0.13564255833625793,white tape roll,593.3475952148438,0.948577880859375,1277.356201171875,716.3160400390625
Cosmos3_seed101_0036,188,white tape roll,5,0.13209979236125946,white tape roll,1130.457763671875,653.2853393554688,1244.552978515625,717.4939575195312
Cosmos3_seed101_0036,188,white tape roll,6,0.1061195507645607,tape roll,660.24169921875,228.3427734375,717.4114990234375,321.11279296875
Cosmos3_seed101_0036,188,white tape roll,7,0.10279092937707901,tape roll,488.6109619140625,153.98703002929688,503.55096435546875,197.06869506835938
LVP_0030,0,brown cube,1,0.771060049533844,brown cube,403.63848876953125,238.63320922851562,469.25469970703125,305.0805358886719
LVP_0030,0,brown cube,2,0.1380990445613861,brown cube,1.329254150390625,172.304443359375,647.87158203125,478.1658935546875
LVP_0030,3,brown cube,1,0.7451174855232239,brown cube,403.8197021484375,238.2047119140625,469.663818359375,304.0167236328125
LVP_0030,3,brown cube,2,0.14614681899547577,brown cube,1.615692138671875,172.31405639648438,646.5355224609375,478.1470642089844
LVP_0030,6,brown cube,1,0.7174291610717773,brown cube,403.8296813964844,238.1206512451172,469.7209777832031,303.81878662109375
LVP_0030,6,brown cube,2,0.15098069608211517,brown cube,2.244903564453125,172.42913818359375,638.4124755859375,477.77618408203125
LVP_0030,9,brown cube,1,0.7107239961624146,brown cube,404.1419677734375,238.09446716308594,469.58184814453125,303.74273681640625
LVP_0030,9,brown cube,2,0.15325011312961578,brown cube,1.99346923828125,172.85345458984375,644.7633056640625,477.8089599609375
LVP_0030,12,brown cube,1,0.6891060471534729,brown cube,404.09259033203125,240.53387451171875,469.87030029296875,302.882080078125
LVP_0030,12,brown cube,2,0.1609174609184265,brown cube,1.772430419921875,173.02194213867188,644.9552001953125,477.8910827636719
LVP_0030,15,brown cube,1,0.5780110359191895,brown cube,403.45001220703125,246.66799926757812,469.34368896484375,304.4247131347656
LVP_0030,15,brown cube,2,0.18663394451141357,brown cube,1.33819580078125,173.0268096923828,646.6360473632812,478.01739501953125
LVP_0030,18,brown cube,1,0.34735873341560364,brown cube,1.66717529296875,172.83209228515625,645.7139892578125,478.1177978515625
LVP_0030,18,brown cube,2,0.31399568915367126,brown cube,401.3622131347656,221.83497619628906,471.2862854003906,306.80047607421875
LVP_0030,18,brown cube,3,0.2038417011499405,brown cube,401.66558837890625,12.569625854492188,831.0,477.11260986328125
LVP_0030,18,brown cube,4,0.1822149157524109,brown cube,400.4991455078125,123.7463150024414,514.263671875,306.9971923828125
LVP_0030,18,brown cube,5,0.12578286230564117,brown cube,418.9838562011719,271.7459716796875,438.2987365722656,288.19268798828125
LVP_0030,18,brown cube,6,0.1106143593788147,brown cube,367.73095703125,0.32149505615234375,522.9239501953125,191.0369873046875
LVP_0030,18,brown cube,7,0.10764064639806747,brown cube,1.0287017822265625,0.3420867919921875,331.90985107421875,317.27667236328125
LVP_0030,18,brown cube,8,0.10658431798219681,brown cube,431.65093994140625,123.906494140625,511.6090087890625,209.82174682617188
LVP_0030,18,brown cube,9,0.10323704034090042,brown cube,366.0128173828125,0.240936279296875,830.482177734375,196.7235565185547
LVP_0030,21,brown cube,1,0.34486889839172363,brown cube,1.450653076171875,172.61758422851562,646.269775390625,478.1489562988281
LVP_0030,21,brown cube,2,0.3070947825908661,brown cube,401.39569091796875,222.10498046875,470.57489013671875,307.19451904296875
LVP_0030,21,brown cube,3,0.20797668397426605,brown cube,401.2111511230469,15.85247802734375,831.0,476.15289306640625
LVP_0030,21,brown cube,4,0.147084042429924,brown cube,400.6458740234375,127.37867736816406,511.9693603515625,307.09100341796875
LVP_0030,21,brown cube,5,0.14350682497024536,brown cube,1.6651611328125,0.7661590576171875,830.5349731445312,478.39215087890625
LVP_0030,21,brown cube,6,0.12138994038105011,brown cube,368.0406799316406,0.2532958984375,522.8380737304688,190.99819946289062
LVP_0030,21,brown cube,7,0.11522886902093887,brown cube,421.28131103515625,271.7334899902344,438.48016357421875,287.3493957519531
LVP_0030,21,brown cube,8,0.10602656751871109,brown cube,0.799560546875,0.32537841796875,331.9866027832031,317.2675476074219
LVP_0030,21,brown cube,9,0.10495570302009583,brown cube,431.0318298339844,127.25251007080078,509.7514953613281,210.2381591796875
LVP_0030,24,brown cube,1,0.40746355056762695,brown cube,406.6278076171875,235.8953399658203,470.5411376953125,297.00811767578125
LVP_0030,24,brown cube,2,0.2687813937664032,brown cube,1.62408447265625,172.6175079345703,646.6947631835938,478.23724365234375
LVP_0030,24,brown cube,3,0.16503624618053436,brown cube,404.60260009765625,109.34614562988281,534.5827026367188,298.0335693359375
LVP_0030,24,brown cube,4,0.15181294083595276,brown cube,407.4454650878906,204.39825439453125,474.4417419433594,251.590576171875
LVP_0030,24,brown cube,5,0.1409110426902771,brown cube,404.66607666015625,8.489089965820312,831.0,477.108642578125
LVP_0030,24,brown cube,6,0.11788411438465118,brown cube,417.39013671875,248.67578125,442.1903076171875,269.27777099609375
LVP_0030,24,brown cube,7,0.10380887985229492,brown cube,631.4389038085938,310.58489990234375,651.4247436523438,353.4105224609375
LVP_0030,27,brown cube,1,0.6444680094718933,brown cube,407.9588623046875,234.43630981445312,468.91351318359375,296.8779602050781
LVP_0030,27,brown cube,2,0.181780144572258,brown cube,1.830230712890625,172.80789184570312,644.387451171875,477.8016052246094
LVP_0030,30,brown cube,1,0.6835632920265198,brown cube,408.626220703125,235.01773071289062,471.99383544921875,291.7572937011719
LVP_0030,30,brown cube,2,0.16537776589393616,brown cube,1.3800048828125,172.8008575439453,641.635009765625,478.04193115234375
LVP_0030,33,brown cube,1,0.6995356678962708,brown cube,408.3701171875,235.0924835205078,470.7325439453125,291.82598876953125
LVP_0030,33,brown cube,2,0.15803855657577515,brown cube,1.659637451171875,172.4065704345703,641.9945068359375,477.976806640625
LVP_0030,36,brown cube,1,0.680604100227356,brown cube,407.8505554199219,234.72433471679688,470.2938537597656,295.5756530761719
LVP_0030,36,brown cube,2,0.1701432317495346,brown cube,1.560516357421875,172.56187438964844,643.5216064453125,477.9112548828125
LVP_0030,39,brown cube,1,0.6755461692810059,brown cube,407.40997314453125,234.6104736328125,470.22637939453125,297.982421875
LVP_0030,39,brown cube,2,0.16280204057693481,brown cube,470.02532958984375,259.1795654296875,526.2820434570312,302.9884033203125
LVP_0030,39,brown cube,3,0.1563490331172943,brown cube,1.15008544921875,172.38299560546875,647.5247192382812,477.9039306640625
LVP_0030,42,brown cube,1,0.6931771636009216,brown cube,407.78265380859375,234.64573669433594,470.6502685546875,294.8335266113281
LVP_0030,42,brown cube,2,0.1567607820034027,brown cube,1.1561279296875,172.3885955810547,648.0780639648438,478.1123046875
LVP_0030,42,brown cube,3,0.13910430669784546,brown cube,469.4153137207031,263.0241394042969,525.8408813476562,303.4831237792969
LVP_0030,45,brown cube,1,0.6097277998924255,brown cube,408.0420837402344,235.71273803710938,470.3216857910156,295.4696960449219
LVP_0030,45,brown cube,2,0.5568522810935974,brown cube,471.3569030761719,240.42083740234375,528.7477416992188,301.2564697265625
LVP_0030,45,brown cube,3,0.14759916067123413,brown cube,1.5599365234375,172.31190490722656,646.1666870117188,478.19677734375
LVP_0030,45,brown cube,4,0.11508307605981827,brown cube,407.38616943359375,235.5715789794922,529.3137817382812,302.3276062011719
LVP_0030,48,brown cube,1,0.6502830386161804,brown cube,408.240966796875,235.85105895996094,470.08929443359375,294.5180969238281
LVP_0030,48,brown cube,2,0.6082414388656616,brown cube,471.84771728515625,240.25860595703125,529.27099609375,299.32489013671875
LVP_0030,48,brown cube,3,0.1399046778678894,brown cube,1.6707763671875,172.660888671875,643.8373413085938,478.4405517578125
