case,frame,rank,gdino_score,source_similarity,x1,y1,x2,y2,sam_score,mask_pixels,crop_path
Cosmos2.5_0058,0,1,0.8660951852798462,0.969267964363098,679.26806640625,353.4386291503906,741.68359375,446.3162536621094,0.9765625,4089,/shared/ssd_30T/zhuoyingyang/physact/sam3_robowm/identity_v1/sam_masked_expansion6/crops/Cosmos2.5_0058/frame_0000_rank_01.png
Cosmos2.5_0058,3,1,0.8538597822189331,0.957352876663208,679.1644287109375,354.04345703125,741.4375,446.453125,0.97265625,4106,/shared/ssd_30T/zhuoyingyang/physact/sam3_robowm/identity_v1/sam_masked_expansion6/crops/Cosmos2.5_0058/frame_0003_rank_01.png
Cosmos2.5_0058,6,1,0.8425318598747253,0.9603431224822998,680.6239624023438,353.218505859375,742.9662475585938,446.2255859375,0.97265625,4136,/shared/ssd_30T/zhuoyingyang/physact/sam3_robowm/identity_v1/sam_masked_expansion6/crops/Cosmos2.5_0058/frame_0006_rank_01.png
Cosmos2.5_0058,9,1,0.8292736411094666,0.964569330215454,680.0580444335938,352.80718994140625,742.4959106445312,445.1708984375,0.97265625,4135,/shared/ssd_30T/zhuoyingyang/physact/sam3_robowm/identity_v1/sam_masked_expansion6/crops/Cosmos2.5_0058/frame_0009_rank_01.png
Cosmos2.5_0058,12,1,0.8279156684875488,0.9696836471557616,680.2588500976562,352.6474914550781,742.5757446289062,445.0315856933594,0.9765625,4121,/shared/ssd_30T/zhuoyingyang/physact/sam3_robowm/identity_v1/sam_masked_expansion6/crops/Cosmos2.5_0058/frame_0012_rank_01.png
Cosmos2.5_0058,15,1,0.7501586079597473,0.941791296005249,681.546875,352.7757568359375,742.48095703125,444.7405395507813,0.9765625,4070,/shared/ssd_30T/zhuoyingyang/physact/sam3_robowm/identity_v1/sam_masked_expansion6/crops/Cosmos2.5_0058/frame_0015_rank_01.png
Cosmos2.5_0058,15,2,0.1008836403489112,0.6894094944000244,575.5178833007812,278.248291015625,661.2055053710938,379.7955322265625,0.96875,4537,/shared/ssd_30T/zhuoyingyang/physact/sam3_robowm/identity_v1/sam_masked_expansion6/crops/Cosmos2.5_0058/frame_0015_rank_02.png
Cosmos2.5_0058,18,1,0.677425742149353,0.9598249197006226,680.9671020507812,352.6478881835937,742.4157104492188,444.6298828125,0.9765625,4091,/shared/ssd_30T/zhuoyingyang/physact/sam3_robowm/identity_v1/sam_masked_expansion6/crops/Cosmos2.5_0058/frame_0018_rank_01.png
Cosmos2.5_0058,18,2,0.1662404537200927,0.6821339130401611,562.8232421875,301.7691650390625,644.1568603515625,399.33001708984375,0.96875,4944,/shared/ssd_30T/zhuoyingyang/physact/sam3_robowm/identity_v1/sam_masked_expansion6/crops/Cosmos2.5_0058/frame_0018_rank_02.png
Cosmos2.5_0058,21,1,0.6472281217575073,0.9631750583648682,680.2836303710938,353.01123046875,742.5845336914062,444.88092041015625,0.9765625,4129,/shared/ssd_30T/zhuoyingyang/physact/sam3_robowm/identity_v1/sam_masked_expansion6/crops/Cosmos2.5_0058/frame_0021_rank_01.png
Cosmos2.5_0058,21,2,0.2198399752378463,0.7821406126022339,553.4901123046875,310.9324645996094,635.2933349609375,413.4245910644531,0.97265625,5294,/shared/ssd_30T/zhuoyingyang/physact/sam3_robowm/identity_v1/sam_masked_expansion6/crops/Cosmos2.5_0058/frame_0021_rank_02.png
Cosmos2.5_0058,24,1,0.6335161924362183,0.961132287979126,680.9072265625,352.9319152832031,742.62451171875,444.6297912597656,0.9765625,4132,/shared/ssd_30T/zhuoyingyang/physact/sam3_robowm/identity_v1/sam_masked_expansion6/crops/Cosmos2.5_0058/frame_0024_rank_01.png
Cosmos2.5_0058,24,2,0.2345937192440033,0.858683168888092,544.481689453125,322.6597900390625,625.3460693359375,425.63092041015625,0.97265625,5364,/shared/ssd_30T/zhuoyingyang/physact/sam3_robowm/identity_v1/sam_masked_expansion6/crops/Cosmos2.5_0058/frame_0024_rank_02.png
Cosmos2.5_0058,27,1,0.5975310206413269,0.9632647633552552,681.0498046875,353.0436096191406,742.2686767578125,444.6363830566406,0.9765625,4117,/shared/ssd_30T/zhuoyingyang/physact/sam3_robowm/identity_v1/sam_masked_expansion6/crops/Cosmos2.5_0058/frame_0027_rank_01.png
Cosmos2.5_0058,27,2,0.2604678273200989,0.8597110509872437,536.4375610351562,331.5683288574219,618.3840942382812,437.6033630371094,0.97265625,5520,/shared/ssd_30T/zhuoyingyang/physact/sam3_robowm/identity_v1/sam_masked_expansion6/crops/Cosmos2.5_0058/frame_0027_rank_02.png
Cosmos2.5_0058,30,1,0.6122204661369324,0.9552976489067078,679.8628540039062,352.77899169921875,742.8200073242188,444.2819213867188,0.97265625,4141,/shared/ssd_30T/zhuoyingyang/physact/sam3_robowm/identity_v1/sam_masked_expansion6/crops/Cosmos2.5_0058/frame_0030_rank_01.png
Cosmos2.5_0058,30,2,0.2600313127040863,0.8640377521514893,529.4744262695312,343.4374084472656,610.0513305664062,449.8315124511719,0.97265625,5614,/shared/ssd_30T/zhuoyingyang/physact/sam3_robowm/identity_v1/sam_masked_expansion6/crops/Cosmos2.5_0058/frame_0030_rank_02.png
Cosmos2.5_0058,33,1,0.6123799085617065,0.950898051261902,680.871826171875,353.12451171875,742.7572021484375,444.3150634765625,0.9765625,4126,/shared/ssd_30T/zhuoyingyang/physact/sam3_robowm/identity_v1/sam_masked_expansion6/crops/Cosmos2.5_0058/frame_0033_rank_01.png
Cosmos2.5_0058,33,2,0.2327474951744079,0.7780967354774475,518.711181640625,358.0445861816406,600.9210205078125,463.8477478027344,0.96875,5734,/shared/ssd_30T/zhuoyingyang/physact/sam3_robowm/identity_v1/sam_masked_expansion6/crops/Cosmos2.5_0058/frame_0033_rank_02.png
Cosmos2.5_0058,36,1,0.6704424619674683,0.9489369988441468,680.7454223632812,353.09490966796875,742.7411499023438,444.4605102539063,0.9765625,4123,/shared/ssd_30T/zhuoyingyang/physact/sam3_robowm/identity_v1/sam_masked_expansion6/crops/Cosmos2.5_0058/frame_0036_rank_01.png
Cosmos2.5_0058,36,2,0.1570647805929184,0.8099867105484009,511.3998718261719,364.7414855957031,594.9918823242188,472.8073425292969,0.96875,5865,/shared/ssd_30T/zhuoyingyang/physact/sam3_robowm/identity_v1/sam_masked_expansion6/crops/Cosmos2.5_0058/frame_0036_rank_02.png
Cosmos2.5_0058,39,1,0.5624645948410034,0.9621942043304444,680.7042846679688,353.3754272460937,742.6488647460938,444.2078247070313,0.9765625,4145,/shared/ssd_30T/zhuoyingyang/physact/sam3_robowm/identity_v1/sam_masked_expansion6/crops/Cosmos2.5_0058/frame_0039_rank_01.png
Cosmos2.5_0058,39,2,0.3182624280452728,0.8470611572265625,511.2687683105469,372.1953125,591.9576416015625,479.93206787109375,0.97265625,5928,/shared/ssd_30T/zhuoyingyang/physact/sam3_robowm/identity_v1/sam_masked_expansion6/crops/Cosmos2.5_0058/frame_0039_rank_02.png
Cosmos2.5_0058,39,3,0.1003346890211105,0.5482431650161743,420.0148315429688,100.35403442382812,1189.386474609375,696.7225341796875,0.98828125,138687,/shared/ssd_30T/zhuoyingyang/physact/sam3_robowm/identity_v1/sam_masked_expansion6/crops/Cosmos2.5_0058/frame_0039_rank_03.png
Cosmos2.5_0058,42,1,0.5382283329963684,0.9665707349777222,680.6062622070312,353.2677917480469,742.5975952148438,444.1590881347656,0.9765625,4099,/shared/ssd_30T/zhuoyingyang/physact/sam3_robowm/identity_v1/sam_masked_expansion6/crops/Cosmos2.5_0058/frame_0042_rank_01.png
Cosmos2.5_0058,42,2,0.3562753796577453,0.8377852439880371,510.7582092285156,377.0011596679688,591.7937622070312,484.0889892578125,0.97265625,5817,/shared/ssd_30T/zhuoyingyang/physact/sam3_robowm/identity_v1/sam_masked_expansion6/crops/Cosmos2.5_0058/frame_0042_rank_02.png
Cosmos2.5_0058,42,3,0.1125428080558776,0.7015450596809387,426.318115234375,366.93353271484375,597.31103515625,533.2577514648438,0.95703125,15811,/shared/ssd_30T/zhuoyingyang/physact/sam3_robowm/identity_v1/sam_masked_expansion6/crops/Cosmos2.5_0058/frame_0042_rank_03.png
Cosmos2.5_0058,45,1,0.5502910614013672,0.9499635696411132,678.3494873046875,353.3055114746094,742.962158203125,444.3297424316406,0.9765625,4175,/shared/ssd_30T/zhuoyingyang/physact/sam3_robowm/identity_v1/sam_masked_expansion6/crops/Cosmos2.5_0058/frame_0045_rank_01.png
Cosmos2.5_0058,45,2,0.3102113306522369,0.8435566425323486,511.1474914550781,380.6829223632813,591.500732421875,488.063720703125,0.96875,5640,/shared/ssd_30T/zhuoyingyang/physact/sam3_robowm/identity_v1/sam_masked_expansion6/crops/Cosmos2.5_0058/frame_0045_rank_02.png
Cosmos2.5_0058,45,3,0.1141653880476951,0.7072458863258362,426.1301879882813,375.8268737792969,595.2257080078125,532.833984375,0.97265625,15408,/shared/ssd_30T/zhuoyingyang/physact/sam3_robowm/identity_v1/sam_masked_expansion6/crops/Cosmos2.5_0058/frame_0045_rank_03.png
Cosmos2.5_0058,48,1,0.538156270980835,0.9477757215499878,678.724609375,353.3514709472656,742.85791015625,444.3639831542969,0.9765625,4183,/shared/ssd_30T/zhuoyingyang/physact/sam3_robowm/identity_v1/sam_masked_expansion6/crops/Cosmos2.5_0058/frame_0048_rank_01.png
Cosmos2.5_0058,48,2,0.3376995921134949,0.8169950246810913,509.5540161132813,385.016845703125,590.1975708007812,492.6192626953125,0.96484375,5633,/shared/ssd_30T/zhuoyingyang/physact/sam3_robowm/identity_v1/sam_masked_expansion6/crops/Cosmos2.5_0058/frame_0048_rank_02.png
Cosmos2.5_0058,48,3,0.1040560528635978,0.7012025117874146,426.6246337890625,379.8245544433594,595.486083984375,532.8834228515625,0.97265625,14613,/shared/ssd_30T/zhuoyingyang/physact/sam3_robowm/identity_v1/sam_masked_expansion6/crops/Cosmos2.5_0058/frame_0048_rank_03.png
Cosmos2.5_0058,51,1,0.5004051327705383,0.9572149515151978,680.5159912109375,353.52069091796875,742.2242431640625,444.223876953125,0.9765625,4128,/shared/ssd_30T/zhuoyingyang/physact/sam3_robowm/identity_v1/sam_masked_expansion6/crops/Cosmos2.5_0058/frame_0051_rank_01.png
Cosmos2.5_0058,51,2,0.3893924653530121,0.8199961185455322,506.7321166992188,388.6074523925781,586.9387817382812,497.7288513183594,0.96875,5640,/shared/ssd_30T/zhuoyingyang/physact/sam3_robowm/identity_v1/sam_masked_expansion6/crops/Cosmos2.5_0058/frame_0051_rank_02.png
Cosmos2.5_0058,51,3,0.1397786289453506,0.6713608503341675,426.09869384765625,384.38079833984375,593.4110717773438,532.5789794921875,0.97265625,14511,/shared/ssd_30T/zhuoyingyang/physact/sam3_robowm/identity_v1/sam_masked_expansion6/crops/Cosmos2.5_0058/frame_0051_rank_03.png
Cosmos2.5_0058,54,1,0.4751045703887939,0.9588934183120728,680.0399169921875,353.47821044921875,742.3580322265625,444.26220703125,0.9765625,4135,/shared/ssd_30T/zhuoyingyang/physact/sam3_robowm/identity_v1/sam_masked_expansion6/crops/Cosmos2.5_0058/frame_0054_rank_01.png
Cosmos2.5_0058,54,2,0.4241486191749573,0.7939081788063049,503.0570983886719,393.3851623535156,584.144775390625,499.8700256347656,0.96875,5460,/shared/ssd_30T/zhuoyingyang/physact/sam3_robowm/identity_v1/sam_masked_expansion6/crops/Cosmos2.5_0058/frame_0054_rank_02.png
Cosmos2.5_0058,54,3,0.1747581958770752,0.6321759819984436,425.8198547363281,362.9905395507813,594.6793212890625,534.3684692382812,0.97265625,18929,/shared/ssd_30T/zhuoyingyang/physact/sam3_robowm/identity_v1/sam_masked_expansion6/crops/Cosmos2.5_0058/frame_0054_rank_03.png
Cosmos2.5_0058,57,1,0.4778877198696136,0.9667527675628662,679.9296264648438,353.440673828125,742.4846801757812,444.2279052734375,0.9765625,4124,/shared/ssd_30T/zhuoyingyang/physact/sam3_robowm/identity_v1/sam_masked_expansion6/crops/Cosmos2.5_0058/frame_0057_rank_01.png
Cosmos2.5_0058,57,2,0.4034358561038971,0.7419226765632629,501.0301513671875,397.6463623046875,581.034912109375,504.4580078125,0.96875,5495,/shared/ssd_30T/zhuoyingyang/physact/sam3_robowm/identity_v1/sam_masked_expansion6/crops/Cosmos2.5_0058/frame_0057_rank_02.png
Cosmos2.5_0058,57,3,0.177697479724884,0.6624120473861694,425.4230041503906,367.0799255371094,593.7674560546875,534.155029296875,0.97265625,16682,/shared/ssd_30T/zhuoyingyang/physact/sam3_robowm/identity_v1/sam_masked_expansion6/crops/Cosmos2.5_0058/frame_0057_rank_03.png
Cosmos2.5_0058,60,1,0.4938529431819916,0.960708498954773,680.9104614257812,353.406005859375,742.1215209960938,444.26220703125,0.9765625,4111,/shared/ssd_30T/zhuoyingyang/physact/sam3_robowm/identity_v1/sam_masked_expansion6/crops/Cosmos2.5_0058/frame_0060_rank_01.png
Cosmos2.5_0058,60,2,0.3943619132041931,0.7349260449409485,499.15240478515625,400.4560241699219,579.9564819335938,507.6549987792969,0.96875,5686,/shared/ssd_30T/zhuoyingyang/physact/sam3_robowm/identity_v1/sam_masked_expansion6/crops/Cosmos2.5_0058/frame_0060_rank_02.png
Cosmos2.5_0058,60,3,0.1465800702571869,0.6323423981666565,424.974365234375,365.3559265136719,596.0427856445312,536.3367919921875,0.96875,15252,/shared/ssd_30T/zhuoyingyang/physact/sam3_robowm/identity_v1/sam_masked_expansion6/crops/Cosmos2.5_0058/frame_0060_rank_03.png
Cosmos2.5_0058,63,1,0.4783101975917816,0.9604950547218324,681.2732543945312,353.418701171875,742.1441040039062,444.3369140625,0.9765625,4096,/shared/ssd_30T/zhuoyingyang/physact/sam3_robowm/identity_v1/sam_masked_expansion6/crops/Cosmos2.5_0058/frame_0063_rank_01.png
Cosmos2.5_0058,63,2,0.4089924693107605,0.7538061141967773,498.7957458496094,407.1002197265625,578.2486572265625,512.3473510742188,0.97265625,5747,/shared/ssd_30T/zhuoyingyang/physact/sam3_robowm/identity_v1/sam_masked_expansion6/crops/Cosmos2.5_0058/frame_0063_rank_02.png
Cosmos2.5_0058,63,3,0.1374418884515762,0.658645510673523,425.833251953125,369.1022338867188,594.8775634765625,535.1476440429688,0.97265625,15825,/shared/ssd_30T/zhuoyingyang/physact/sam3_robowm/identity_v1/sam_masked_expansion6/crops/Cosmos2.5_0058/frame_0063_rank_03.png
Cosmos2.5_0058,66,1,0.4598560631275177,0.9600965976715088,680.9459838867188,353.5023803710937,742.2683715820312,444.320556640625,0.9765625,4112,/shared/ssd_30T/zhuoyingyang/physact/sam3_robowm/identity_v1/sam_masked_expansion6/crops/Cosmos2.5_0058/frame_0066_rank_01.png
Cosmos2.5_0058,66,2,0.4331423938274383,0.7697048187255859,498.8662109375,410.38177490234375,575.781494140625,515.1106567382812,0.97265625,5615,/shared/ssd_30T/zhuoyingyang/physact/sam3_robowm/identity_v1/sam_masked_expansion6/crops/Cosmos2.5_0058/frame_0066_rank_02.png
Cosmos2.5_0058,66,3,0.1376673728227615,0.6803935170173645,426.72650146484375,368.84381103515625,594.9740600585938,536.1366577148438,0.97265625,14903,/shared/ssd_30T/zhuoyingyang/physact/sam3_robowm/identity_v1/sam_masked_expansion6/crops/Cosmos2.5_0058/frame_0066_rank_03.png
Cosmos2.5_0058,69,1,0.4536914527416229,0.9580284953117372,681.3001708984375,353.5075378417969,742.4014892578125,444.3423156738281,0.9765625,4090,/shared/ssd_30T/zhuoyingyang/physact/sam3_robowm/identity_v1/sam_masked_expansion6/crops/Cosmos2.5_0058/frame_0069_rank_01.png
Cosmos2.5_0058,69,2,0.4384068846702575,0.7915079593658447,497.1285400390625,412.6323852539063,574.093994140625,516.0894775390625,0.97265625,5575,/shared/ssd_30T/zhuoyingyang/physact/sam3_robowm/identity_v1/sam_masked_expansion6/crops/Cosmos2.5_0058/frame_0069_rank_02.png
Cosmos2.5_0058,69,3,0.1647703647613525,0.6721082925796509,426.2669067382813,370.4571533203125,594.7488403320312,535.2493286132812,0.97265625,14742,/shared/ssd_30T/zhuoyingyang/physact/sam3_robowm/identity_v1/sam_masked_expansion6/crops/Cosmos2.5_0058/frame_0069_rank_03.png
Cosmos2.5_0058,72,1,0.4602036476135254,0.9518972635269164,680.3870239257812,353.4758605957031,742.3983764648438,444.3374328613281,0.9765625,4116,/shared/ssd_30T/zhuoyingyang/physact/sam3_robowm/identity_v1/sam_masked_expansion6/crops/Cosmos2.5_0058/frame_0072_rank_01.png
Cosmos2.5_0058,72,2,0.4414670169353485,0.8025610446929932,495.6589965820313,413.4008483886719,573.6698608398438,515.989501953125,0.97265625,5585,/shared/ssd_30T/zhuoyingyang/physact/sam3_robowm/identity_v1/sam_masked_expansion6/crops/Cosmos2.5_0058/frame_0072_rank_02.png
Cosmos2.5_0058,72,3,0.1308354586362838,0.6838282346725464,426.783447265625,368.7061462402344,595.1703491210938,536.33837890625,0.96875,14421,/shared/ssd_30T/zhuoyingyang/physact/sam3_robowm/identity_v1/sam_masked_expansion6/crops/Cosmos2.5_0058/frame_0072_rank_03.png
Cosmos2.5_0058,75,1,0.493634819984436,0.9494911432266236,680.5856323242188,353.4080810546875,742.3494262695312,444.3186645507813,0.9765625,4108,/shared/ssd_30T/zhuoyingyang/physact/sam3_robowm/identity_v1/sam_masked_expansion6/crops/Cosmos2.5_0058/frame_0075_rank_01.png
Cosmos2.5_0058,75,2,0.409780889749527,0.7957359552383423,496.2454223632813,413.3518981933594,573.4946899414062,515.4853515625,0.9765625,5635,/shared/ssd_30T/zhuoyingyang/physact/sam3_robowm/identity_v1/sam_masked_expansion6/crops/Cosmos2.5_0058/frame_0075_rank_02.png
Cosmos2.5_0058,75,3,0.1590864211320877,0.6856197118759155,425.6641540527344,369.86566162109375,594.603759765625,534.6234741210938,0.97265625,16878,/shared/ssd_30T/zhuoyingyang/physact/sam3_robowm/identity_v1/sam_masked_expansion6/crops/Cosmos2.5_0058/frame_0075_rank_03.png
Cosmos2.5_0058,78,1,0.3923588097095489,0.9539085626602172,681.061279296875,353.5096130371094,742.2919921875,444.1585998535156,0.9765625,4087,/shared/ssd_30T/zhuoyingyang/physact/sam3_robowm/identity_v1/sam_masked_expansion6/crops/Cosmos2.5_0058/frame_0078_rank_01.png
Cosmos2.5_0058,78,2,0.4856718778610229,0.826244056224823,494.172607421875,411.9179382324219,573.6556396484375,515.4898681640625,0.9765625,6019,/shared/ssd_30T/zhuoyingyang/physact/sam3_robowm/identity_v1/sam_masked_expansion6/crops/Cosmos2.5_0058/frame_0078_rank_02.png
Cosmos2.5_0058,78,3,0.1561357527971267,0.7507103681564331,426.8240051269531,408.0986633300781,595.638671875,535.412841796875,0.97265625,13786,/shared/ssd_30T/zhuoyingyang/physact/sam3_robowm/identity_v1/sam_masked_expansion6/crops/Cosmos2.5_0058/frame_0078_rank_03.png
Cosmos2.5_0058,81,1,0.4238159656524658,0.9580506682395936,680.6304321289062,353.6318664550781,742.3938598632812,443.9828796386719,0.9765625,4064,/shared/ssd_30T/zhuoyingyang/physact/sam3_robowm/identity_v1/sam_masked_expansion6/crops/Cosmos2.5_0058/frame_0081_rank_01.png
Cosmos2.5_0058,81,2,0.4827053546905517,0.8198581337928772,493.7586059570313,410.91448974609375,573.5332641601562,514.668701171875,0.9765625,6204,/shared/ssd_30T/zhuoyingyang/physact/sam3_robowm/identity_v1/sam_masked_expansion6/crops/Cosmos2.5_0058/frame_0081_rank_02.png
Cosmos2.5_0058,81,3,0.1752897500991821,0.7707918882369995,426.3098449707031,409.1421203613281,594.586669921875,535.0084838867188,0.97265625,14671,/shared/ssd_30T/zhuoyingyang/physact/sam3_robowm/identity_v1/sam_masked_expansion6/crops/Cosmos2.5_0058/frame_0081_rank_03.png
Cosmos2.5_0058,84,1,0.3291292488574981,0.9569507241249084,680.2952880859375,353.56915283203125,742.3619384765625,443.91607666015625,0.9765625,4084,/shared/ssd_30T/zhuoyingyang/physact/sam3_robowm/identity_v1/sam_masked_expansion6/crops/Cosmos2.5_0058/frame_0084_rank_01.png
Cosmos2.5_0058,84,2,0.5468974113464355,0.8640583157539368,493.9056396484375,410.5092468261719,573.177001953125,514.6681518554688,0.9765625,6205,/shared/ssd_30T/zhuoyingyang/physact/sam3_robowm/identity_v1/sam_masked_expansion6/crops/Cosmos2.5_0058/frame_0084_rank_02.png
Cosmos2.5_0058,84,3,0.1763712167739868,0.75373375415802,426.057373046875,408.34674072265625,594.9039916992188,535.6572265625,0.96875,14890,/shared/ssd_30T/zhuoyingyang/physact/sam3_robowm/identity_v1/sam_masked_expansion6/crops/Cosmos2.5_0058/frame_0084_rank_03.png
Cosmos2.5_0058,87,1,0.3055306673049927,0.9474856853485109,680.3811645507812,353.61053466796875,742.2468872070312,444.0665283203125,0.9765625,4095,/shared/ssd_30T/zhuoyingyang/physact/sam3_robowm/identity_v1/sam_masked_expansion6/crops/Cosmos2.5_0058/frame_0087_rank_01.png
Cosmos2.5_0058,87,2,0.5670052766799927,0.8503103256225586,494.5123901367188,410.2599792480469,573.0829467773438,514.8800659179688,0.9765625,6174,/shared/ssd_30T/zhuoyingyang/physact/sam3_robowm/identity_v1/sam_masked_expansion6/crops/Cosmos2.5_0058/frame_0087_rank_02.png
Cosmos2.5_0058,87,3,0.1726827621459961,0.7305176258087158,425.7874755859375,407.879150390625,594.9671630859375,536.0570678710938,0.96875,14951,/shared/ssd_30T/zhuoyingyang/physact/sam3_robowm/identity_v1/sam_masked_expansion6/crops/Cosmos2.5_0058/frame_0087_rank_03.png
Cosmos2.5_0058,90,1,0.3416354358196258,0.9548293948173524,679.9697265625,353.6210021972656,742.3564453125,444.4375915527344,0.9765625,4119,/shared/ssd_30T/zhuoyingyang/physact/sam3_robowm/identity_v1/sam_masked_expansion6/crops/Cosmos2.5_0058/frame_0090_rank_01.png
Cosmos2.5_0058,90,2,0.5301595330238342,0.800055742263794,495.0330505371094,412.0531005859375,572.65283203125,514.730224609375,0.97265625,5667,/shared/ssd_30T/zhuoyingyang/physact/sam3_robowm/identity_v1/sam_masked_expansion6/crops/Cosmos2.5_0058/frame_0090_rank_02.png
Cosmos2.5_0058,90,3,0.172006294131279,0.7429452538490295,425.69635009765625,409.7033996582031,594.7765502929688,535.7485961914062,0.9609375,14032,/shared/ssd_30T/zhuoyingyang/physact/sam3_robowm/identity_v1/sam_masked_expansion6/crops/Cosmos2.5_0058/frame_0090_rank_03.png
Cosmos2.5_0058,92,1,0.4761974215507507,0.9471067786216736,680.6201782226562,353.7198791503906,742.1624145507812,444.4213562011719,0.9765625,4102,/shared/ssd_30T/zhuoyingyang/physact/sam3_robowm/identity_v1/sam_masked_expansion6/crops/Cosmos2.5_0058/frame_0092_rank_01.png
Cosmos2.5_0058,92,2,0.4200466871261596,0.7819436192512512,491.1019287109375,418.480224609375,572.5758056640625,514.7542724609375,0.96484375,5293,/shared/ssd_30T/zhuoyingyang/physact/sam3_robowm/identity_v1/sam_masked_expansion6/crops/Cosmos2.5_0058/frame_0092_rank_02.png
Cosmos2.5_0058,92,3,0.1407248973846435,0.7415696382522583,426.0846557617188,414.5719909667969,594.5701904296875,535.0197143554688,0.9609375,12880,/shared/ssd_30T/zhuoyingyang/physact/sam3_robowm/identity_v1/sam_masked_expansion6/crops/Cosmos2.5_0058/frame_0092_rank_03.png
Cosmos2.5_0060,0,1,0.7965797781944275,0.9544080495834352,798.7677612304688,345.1925354003906,860.8657836914062,432.2102355957031,0.97265625,3629,/shared/ssd_30T/zhuoyingyang/physact/sam3_robowm/identity_v1/sam_masked_expansion6/crops/Cosmos2.5_0060/frame_0000_rank_01.png
Cosmos2.5_0060,3,1,0.7250688076019287,0.934721827507019,798.8189086914062,346.01153564453125,860.0453491210938,432.532470703125,0.97265625,3602,/shared/ssd_30T/zhuoyingyang/physact/sam3_robowm/identity_v1/sam_masked_expansion6/crops/Cosmos2.5_0060/frame_0003_rank_01.png
Cosmos2.5_0060,6,1,0.5120589733123779,0.9552427530288696,799.9483642578125,345.86358642578125,862.172607421875,431.4744873046875,0.97265625,3650,/shared/ssd_30T/zhuoyingyang/physact/sam3_robowm/identity_v1/sam_masked_expansion6/crops/Cosmos2.5_0060/frame_0006_rank_01.png
Cosmos2.5_0060,6,2,0.2673339247703552,0.8147038221359253,610.9964599609375,267.36376953125,716.02685546875,361.7911376953125,0.97265625,6181,/shared/ssd_30T/zhuoyingyang/physact/sam3_robowm/identity_v1/sam_masked_expansion6/crops/Cosmos2.5_0060/frame_0006_rank_02.png
Cosmos2.5_0060,9,1,0.5171442627906799,0.8604556322097778,799.3892822265625,345.674072265625,861.422607421875,431.3566284179688,0.97265625,3624,/shared/ssd_30T/zhuoyingyang/physact/sam3_robowm/identity_v1/sam_masked_expansion6/crops/Cosmos2.5_0060/frame_0009_rank_01.png
Cosmos2.5_0060,9,2,0.2539918422698974,0.7859861850738525,607.5974731445312,285.322265625,715.2509155273438,394.7994995117188,0.97265625,6766,/shared/ssd_30T/zhuoyingyang/physact/sam3_robowm/identity_v1/sam_masked_expansion6/crops/Cosmos2.5_0060/frame_0009_rank_02.png
Cosmos2.5_0060,12,1,0.5547360777854919,0.8910324573516846,799.7464599609375,345.3026733398437,861.9925537109375,431.2495727539063,0.97265625,3623,/shared/ssd_30T/zhuoyingyang/physact/sam3_robowm/identity_v1/sam_masked_expansion6/crops/Cosmos2.5_0060/frame_0012_rank_01.png
Cosmos2.5_0060,12,2,0.2471707314252853,0.8515874743461609,596.1577758789062,313.3143615722656,700.7748413085938,432.9964904785156,0.97265625,7022,/shared/ssd_30T/zhuoyingyang/physact/sam3_robowm/identity_v1/sam_masked_expansion6/crops/Cosmos2.5_0060/frame_0012_rank_02.png
Cosmos2.5_0060,15,1,0.4570442140102386,0.9235683679580688,799.8908081054688,345.7207946777344,862.1109008789062,431.0669860839844,0.97265625,3609,/shared/ssd_30T/zhuoyingyang/physact/sam3_robowm/identity_v1/sam_masked_expansion6/crops/Cosmos2.5_0060/frame_0015_rank_01.png
Cosmos2.5_0060,15,2,0.3553332984447479,0.8029992580413818,576.2774658203125,344.03179931640625,675.7535400390625,464.2242431640625,0.96484375,7038,/shared/ssd_30T/zhuoyingyang/physact/sam3_robowm/identity_v1/sam_masked_expansion6/crops/Cosmos2.5_0060/frame_0015_rank_02.png
Cosmos2.5_0060,18,1,0.2826290428638458,0.9167910218238832,800.1346435546875,345.3514709472656,861.5421142578125,430.5504455566406,0.97265625,3639,/shared/ssd_30T/zhuoyingyang/physact/sam3_robowm/identity_v1/sam_masked_expansion6/crops/Cosmos2.5_0060/frame_0018_rank_01.png
Cosmos2.5_0060,18,2,0.5821701884269714,0.7916936278343201,563.5824584960938,381.6675720214844,654.3281860351562,504.9140930175781,0.96875,7514,/shared/ssd_30T/zhuoyingyang/physact/sam3_robowm/identity_v1/sam_masked_expansion6/crops/Cosmos2.5_0060/frame_0018_rank_02.png
Cosmos2.5_0060,21,1,0.2780613601207733,0.924846053123474,800.0222778320312,345.6922607421875,861.5978393554688,430.9481201171875,0.97265625,3623,/shared/ssd_30T/zhuoyingyang/physact/sam3_robowm/identity_v1/sam_masked_expansion6/crops/Cosmos2.5_0060/frame_0021_rank_01.png
Cosmos2.5_0060,21,2,0.6073411107063293,0.8572152256965637,551.6072998046875,412.801513671875,639.84521484375,534.8841552734375,0.97265625,7957,/shared/ssd_30T/zhuoyingyang/physact/sam3_robowm/identity_v1/sam_masked_expansion6/crops/Cosmos2.5_0060/frame_0021_rank_02.png
Cosmos2.5_0060,24,1,0.2578718364238739,0.9376109838485718,800.0957641601562,345.620849609375,861.9013061523438,430.67291259765625,0.97265625,3615,/shared/ssd_30T/zhuoyingyang/physact/sam3_robowm/identity_v1/sam_masked_expansion6/crops/Cosmos2.5_0060/frame_0024_rank_01.png
Cosmos2.5_0060,24,2,0.6531069874763489,0.8049054145812988,540.3792114257812,429.1668090820313,629.6876831054688,553.2764892578125,0.97265625,8064,/shared/ssd_30T/zhuoyingyang/physact/sam3_robowm/identity_v1/sam_masked_expansion6/crops/Cosmos2.5_0060/frame_0024_rank_02.png
Cosmos2.5_0060,27,1,0.2736991047859192,0.9465307593345642,799.8338623046875,345.6104431152344,861.9029541015625,431.0094909667969,0.97265625,3612,/shared/ssd_30T/zhuoyingyang/physact/sam3_robowm/identity_v1/sam_masked_expansion6/crops/Cosmos2.5_0060/frame_0027_rank_01.png
Cosmos2.5_0060,27,2,0.6065166592597961,0.8149405717849731,530.7686157226562,433.7118835449219,619.6961059570312,556.5320434570312,0.97265625,8070,/shared/ssd_30T/zhuoyingyang/physact/sam3_robowm/identity_v1/sam_masked_expansion6/crops/Cosmos2.5_0060/frame_0027_rank_02.png
Cosmos2.5_0060,30,1,0.2653024196624756,0.9360272884368896,799.8897705078125,345.31610107421875,861.8966064453125,430.9520263671875,0.97265625,3620,/shared/ssd_30T/zhuoyingyang/physact/sam3_robowm/identity_v1/sam_masked_expansion6/crops/Cosmos2.5_0060/frame_0030_rank_01.png
Cosmos2.5_0060,30,2,0.6088277101516724,0.8767504096031189,516.0345458984375,422.3392333984375,602.619140625,542.8760375976562,0.97265625,7788,/shared/ssd_30T/zhuoyingyang/physact/sam3_robowm/identity_v1/sam_masked_expansion6/crops/Cosmos2.5_0060/frame_0030_rank_02.png
Cosmos2.5_0060,33,1,0.2453858107328415,0.9354177713394164,799.8565063476562,345.528076171875,861.6747436523438,430.97271728515625,0.97265625,3623,/shared/ssd_30T/zhuoyingyang/physact/sam3_robowm/identity_v1/sam_masked_expansion6/crops/Cosmos2.5_0060/frame_0033_rank_01.png
Cosmos2.5_0060,33,2,0.5899772047996521,0.7967585325241089,506.7643432617188,402.9700317382813,589.4608764648438,516.6415405273438,0.97265625,6860,/shared/ssd_30T/zhuoyingyang/physact/sam3_robowm/identity_v1/sam_masked_expansion6/crops/Cosmos2.5_0060/frame_0033_rank_02.png
Cosmos2.5_0060,33,3,0.1144014000892639,0.7105646133422852,426.70904541015625,401.26702880859375,597.2100830078125,534.5675048828125,0.97265625,13932,/shared/ssd_30T/zhuoyingyang/physact/sam3_robowm/identity_v1/sam_masked_expansion6/crops/Cosmos2.5_0060/frame_0033_rank_03.png
Cosmos2.5_0060,36,1,0.2919733822345733,0.9269253015518188,799.7902221679688,345.8637390136719,861.5844116210938,430.9886169433594,0.97265625,3620,/shared/ssd_30T/zhuoyingyang/physact/sam3_robowm/identity_v1/sam_masked_expansion6/crops/Cosmos2.5_0060/frame_0036_rank_01.png
Cosmos2.5_0060,36,2,0.5770455002784729,0.7957805395126343,506.3679504394531,396.9525451660156,584.9161987304688,504.1101379394531,0.9765625,6338,/shared/ssd_30T/zhuoyingyang/physact/sam3_robowm/identity_v1/sam_masked_expansion6/crops/Cosmos2.5_0060/frame_0036_rank_02.png
Cosmos2.5_0060,36,3,0.1084478050470352,0.7376053333282471,426.934814453125,394.7886352539063,596.1138916015625,534.3812866210938,0.97265625,14712,/shared/ssd_30T/zhuoyingyang/physact/sam3_robowm/identity_v1/sam_masked_expansion6/crops/Cosmos2.5_0060/frame_0036_rank_03.png
Cosmos2.5_0060,39,1,0.3345230221748352,0.9470158815383912,799.7569580078125,345.6829528808594,861.577880859375,430.9089660644531,0.97265625,3608,/shared/ssd_30T/zhuoyingyang/physact/sam3_robowm/identity_v1/sam_masked_expansion6/crops/Cosmos2.5_0060/frame_0039_rank_01.png
Cosmos2.5_0060,39,2,0.5282092094421387,0.8307749629020691,508.7149963378906,390.936767578125,586.5253295898438,496.4962158203125,0.9765625,6084,/shared/ssd_30T/zhuoyingyang/physact/sam3_robowm/identity_v1/sam_masked_expansion6/crops/Cosmos2.5_0060/frame_0039_rank_02.png
Cosmos2.5_0060,39,3,0.1154320538043975,0.7085102796554565,426.8144836425781,388.45611572265625,596.7405395507812,534.0162353515625,0.97265625,15461,/shared/ssd_30T/zhuoyingyang/physact/sam3_robowm/identity_v1/sam_masked_expansion6/crops/Cosmos2.5_0060/frame_0039_rank_03.png
Cosmos2.5_0060,42,1,0.3546502590179443,0.9463303089141846,799.6256713867188,345.64794921875,861.5225219726562,430.9060668945313,0.97265625,3601,/shared/ssd_30T/zhuoyingyang/physact/sam3_robowm/identity_v1/sam_masked_expansion6/crops/Cosmos2.5_0060/frame_0042_rank_01.png
Cosmos2.5_0060,42,2,0.1057857722043991,0.9344627261161804,780.5162963867188,328.384765625,880.6427612304688,447.7625122070313,0.89453125,4429,/shared/ssd_30T/zhuoyingyang/physact/sam3_robowm/identity_v1/sam_masked_expansion6/crops/Cosmos2.5_0060/frame_0042_rank_02.png
Cosmos2.5_0060,42,3,0.5110301375389099,0.8279194831848145,508.4414978027344,391.26605224609375,585.7271118164062,494.96002197265625,0.9765625,5991,/shared/ssd_30T/zhuoyingyang/physact/sam3_robowm/identity_v1/sam_masked_expansion6/crops/Cosmos2.5_0060/frame_0042_rank_03.png
Cosmos2.5_0060,45,1,0.3586623072624206,0.9442247152328492,799.6466064453125,345.6483764648437,861.5303955078125,431.0325317382813,0.97265625,3599,/shared/ssd_30T/zhuoyingyang/physact/sam3_robowm/identity_v1/sam_masked_expansion6/crops/Cosmos2.5_0060/frame_0045_rank_01.png
Cosmos2.5_0060,45,2,0.1122023165225982,0.9343516230583192,780.858642578125,329.1849975585937,879.984619140625,447.3855590820313,0.8984375,4536,/shared/ssd_30T/zhuoyingyang/physact/sam3_robowm/identity_v1/sam_masked_expansion6/crops/Cosmos2.5_0060/frame_0045_rank_02.png
Cosmos2.5_0060,45,3,0.4972183108329773,0.8357036113739014,508.9360961914063,391.6039733886719,585.6909790039062,494.3995666503906,0.9765625,5936,/shared/ssd_30T/zhuoyingyang/physact/sam3_robowm/identity_v1/sam_masked_expansion6/crops/Cosmos2.5_0060/frame_0045_rank_03.png
Cosmos2.5_0060,48,1,0.3804753124713897,0.9500659704208374,799.6132202148438,345.8426818847656,861.4417114257812,431.0131530761719,0.97265625,3597,/shared/ssd_30T/zhuoyingyang/physact/sam3_robowm/identity_v1/sam_masked_expansion6/crops/Cosmos2.5_0060/frame_0048_rank_01.png
Cosmos2.5_0060,48,2,0.1123200058937072,0.940805971622467,780.408203125,328.90142822265625,880.562744140625,447.6725463867188,0.90234375,4733,/shared/ssd_30T/zhuoyingyang/physact/sam3_robowm/identity_v1/sam_masked_expansion6/crops/Cosmos2.5_0060/frame_0048_rank_02.png
Cosmos2.5_0060,48,3,0.4922529757022857,0.8036918640136719,508.0173034667969,395.752685546875,583.5079956054688,496.8679809570313,0.9765625,5756,/shared/ssd_30T/zhuoyingyang/physact/sam3_robowm/identity_v1/sam_masked_expansion6/crops/Cosmos2.5_0060/frame_0048_rank_03.png
Cosmos2.5_0060,51,1,0.2997972965240478,0.9434939622879028,799.8721313476562,345.70556640625,861.2632446289062,431.1661376953125,0.97265625,3595,/shared/ssd_30T/zhuoyingyang/physact/sam3_robowm/identity_v1/sam_masked_expansion6/crops/Cosmos2.5_0060/frame_0051_rank_01.png
Cosmos2.5_0060,51,2,0.1051738262176513,0.9299925565719604,781.3585205078125,329.87237548828125,879.7442626953125,447.4971923828125,0.90625,4595,/shared/ssd_30T/zhuoyingyang/physact/sam3_robowm/identity_v1/sam_masked_expansion6/crops/Cosmos2.5_0060/frame_0051_rank_02.png
Cosmos2.5_0060,51,3,0.562938392162323,0.783865213394165,506.5590515136719,398.7519226074219,580.5028686523438,499.8453063964844,0.97265625,5543,/shared/ssd_30T/zhuoyingyang/physact/sam3_robowm/identity_v1/sam_masked_expansion6/crops/Cosmos2.5_0060/frame_0051_rank_03.png
Cosmos2.5_0060,54,1,0.2953166961669922,0.9346295595169068,799.7698974609375,345.6373596191406,861.3162841796875,431.2044372558594,0.97265625,3609,/shared/ssd_30T/zhuoyingyang/physact/sam3_robowm/identity_v1/sam_masked_expansion6/crops/Cosmos2.5_0060/frame_0054_rank_01.png
Cosmos2.5_0060,54,2,0.1024485826492309,0.9321017861366272,781.2348022460938,329.3409118652344,880.5195922851562,447.7149353027344,0.90625,4633,/shared/ssd_30T/zhuoyingyang/physact/sam3_robowm/identity_v1/sam_masked_expansion6/crops/Cosmos2.5_0060/frame_0054_rank_02.png
Cosmos2.5_0060,54,3,0.5697845220565796,0.8004149198532104,504.7493896484375,403.04986572265625,578.907470703125,501.7866821289063,0.97265625,5400,/shared/ssd_30T/zhuoyingyang/physact/sam3_robowm/identity_v1/sam_masked_expansion6/crops/Cosmos2.5_0060/frame_0054_rank_03.png
Cosmos2.5_0060,57,1,0.2772189676761627,0.9482946395874025,799.7813110351562,345.77703857421875,861.3430786132812,431.38525390625,0.97265625,3620,/shared/ssd_30T/zhuoyingyang/physact/sam3_robowm/identity_v1/sam_masked_expansion6/crops/Cosmos2.5_0060/frame_0057_rank_01.png
Cosmos2.5_0060,57,2,0.1041328459978103,0.9245681762695312,781.7019653320312,330.27752685546875,879.8994750976562,447.59765625,0.91015625,5683,/shared/ssd_30T/zhuoyingyang/physact/sam3_robowm/identity_v1/sam_masked_expansion6/crops/Cosmos2.5_0060/frame_0057_rank_02.png
Cosmos2.5_0060,57,3,0.5639785528182983,0.7779741287231445,501.968994140625,407.0244140625,575.20556640625,506.3267822265625,0.97265625,5386,/shared/ssd_30T/zhuoyingyang/physact/sam3_robowm/identity_v1/sam_masked_expansion6/crops/Cosmos2.5_0060/frame_0057_rank_03.png
Cosmos2.5_0060,60,1,0.2764787673950195,0.9456006288528442,799.704345703125,345.6733093261719,861.36376953125,431.1915588378906,0.97265625,3612,/shared/ssd_30T/zhuoyingyang/physact/sam3_robowm/identity_v1/sam_masked_expansion6/crops/Cosmos2.5_0060/frame_0060_rank_01.png
Cosmos2.5_0060,60,2,0.1036490648984909,0.9173308610916138,781.8104858398438,330.0918273925781,879.5409545898438,447.4313049316406,0.91015625,5924,/shared/ssd_30T/zhuoyingyang/physact/sam3_robowm/identity_v1/sam_masked_expansion6/crops/Cosmos2.5_0060/frame_0060_rank_02.png
Cosmos2.5_0060,60,3,0.556982696056366,0.7790820598602295,501.6961669921875,408.05810546875,574.6031494140625,511.19189453125,0.97265625,5550,/shared/ssd_30T/zhuoyingyang/physact/sam3_robowm/identity_v1/sam_masked_expansion6/crops/Cosmos2.5_0060/frame_0060_rank_03.png
Cosmos2.5_0060,63,1,0.2768930494785309,0.9518551826477052,799.7294311523438,345.6400146484375,861.5036010742188,431.3602294921875,0.97265625,3622,/shared/ssd_30T/zhuoyingyang/physact/sam3_robowm/identity_v1/sam_masked_expansion6/crops/Cosmos2.5_0060/frame_0063_rank_01.png
Cosmos2.5_0060,63,2,0.1021706983447074,0.9410717487335204,781.056396484375,329.6209716796875,880.618408203125,447.9751586914063,0.90625,5708,/shared/ssd_30T/zhuoyingyang/physact/sam3_robowm/identity_v1/sam_masked_expansion6/crops/Cosmos2.5_0060/frame_0063_rank_02.png
Cosmos2.5_0060,63,3,0.5543673634529114,0.831678569316864,500.8416137695313,411.879150390625,573.4541625976562,512.3388061523438,0.9765625,5420,/shared/ssd_30T/zhuoyingyang/physact/sam3_robowm/identity_v1/sam_masked_expansion6/crops/Cosmos2.5_0060/frame_0063_rank_03.png
Cosmos2.5_0060,66,1,0.2843210697174072,0.9357081055641174,799.5711059570312,345.6698913574219,861.4902954101562,431.3015441894531,0.97265625,3620,/shared/ssd_30T/zhuoyingyang/physact/sam3_robowm/identity_v1/sam_masked_expansion6/crops/Cosmos2.5_0060/frame_0066_rank_01.png
Cosmos2.5_0060,66,2,0.103087767958641,0.92099130153656,781.15673828125,329.6908569335937,880.0731201171875,447.5960083007813,0.89453125,5031,/shared/ssd_30T/zhuoyingyang/physact/sam3_robowm/identity_v1/sam_masked_expansion6/crops/Cosmos2.5_0060/frame_0066_rank_02.png
Cosmos2.5_0060,66,3,0.5521205067634583,0.8541139364242554,500.72894287109375,414.6143798828125,572.4132690429688,513.9132080078125,0.97265625,5240,/shared/ssd_30T/zhuoyingyang/physact/sam3_robowm/identity_v1/sam_masked_expansion6/crops/Cosmos2.5_0060/frame_0066_rank_03.png
Cosmos2.5_0060,69,1,0.2822591364383697,0.9314169883728028,799.8248291015625,345.71417236328125,861.58154296875,431.12451171875,0.97265625,3604,/shared/ssd_30T/zhuoyingyang/physact/sam3_robowm/identity_v1/sam_masked_expansion6/crops/Cosmos2.5_0060/frame_0069_rank_01.png
Cosmos2.5_0060,69,2,0.1037381440401077,0.9265496730804444,781.5770263671875,329.85137939453125,879.9298095703125,447.50140380859375,0.90625,4443,/shared/ssd_30T/zhuoyingyang/physact/sam3_robowm/identity_v1/sam_masked_expansion6/crops/Cosmos2.5_0060/frame_0069_rank_02.png
Cosmos2.5_0060,69,3,0.5483742952346802,0.8277394771575928,498.9344177246094,415.31097412109375,572.1376953125,514.1458740234375,0.9765625,5391,/shared/ssd_30T/zhuoyingyang/physact/sam3_robowm/identity_v1/sam_masked_expansion6/crops/Cosmos2.5_0060/frame_0069_rank_03.png
Cosmos2.5_0060,72,1,0.2563700377941131,0.931538224220276,799.6759643554688,345.6603088378906,861.5083618164062,431.2119445800781,0.97265625,3617,/shared/ssd_30T/zhuoyingyang/physact/sam3_robowm/identity_v1/sam_masked_expansion6/crops/Cosmos2.5_0060/frame_0072_rank_01.png
Cosmos2.5_0060,72,2,0.570430338382721,0.820489227771759,498.07080078125,415.55609130859375,572.0849609375,514.32568359375,0.97265625,5377,/shared/ssd_30T/zhuoyingyang/physact/sam3_robowm/identity_v1/sam_masked_expansion6/crops/Cosmos2.5_0060/frame_0072_rank_02.png
Cosmos2.5_0060,72,3,0.1316898167133331,0.753448486328125,427.074462890625,413.2755126953125,595.5543212890625,535.2198486328125,0.96484375,12687,/shared/ssd_30T/zhuoyingyang/physact/sam3_robowm/identity_v1/sam_masked_expansion6/crops/Cosmos2.5_0060/frame_0072_rank_03.png
Cosmos2.5_0060,75,1,0.2954943776130676,0.9304594993591307,799.681884765625,345.7067565917969,861.42041015625,431.2380065917969,0.97265625,3622,/shared/ssd_30T/zhuoyingyang/physact/sam3_robowm/identity_v1/sam_masked_expansion6/crops/Cosmos2.5_0060/frame_0075_rank_01.png
Cosmos2.5_0060,75,2,0.1050635278224945,0.918374240398407,781.6841430664062,329.745849609375,879.6015014648438,447.400146484375,0.90234375,4654,/shared/ssd_30T/zhuoyingyang/physact/sam3_robowm/identity_v1/sam_masked_expansion6/crops/Cosmos2.5_0060/frame_0075_rank_02.png
Cosmos2.5_0060,75,3,0.5486880540847778,0.8177090883255005,500.2656555175781,415.2843627929688,572.130126953125,513.7437133789062,0.9765625,5328,/shared/ssd_30T/zhuoyingyang/physact/sam3_robowm/identity_v1/sam_masked_expansion6/crops/Cosmos2.5_0060/frame_0075_rank_03.png
Cosmos2.5_0060,78,1,0.1007337793707847,0.941813826560974,781.3422241210938,329.6977844238281,880.1080932617188,447.6124572753906,0.90625,4941,/shared/ssd_30T/zhuoyingyang/physact/sam3_robowm/identity_v1/sam_masked_expansion6/crops/Cosmos2.5_0060/frame_0078_rank_01.png
Cosmos2.5_0060,78,2,0.2794407606124878,0.9307056665420532,799.6618041992188,345.78277587890625,861.5115356445312,431.21728515625,0.97265625,3621,/shared/ssd_30T/zhuoyingyang/physact/sam3_robowm/identity_v1/sam_masked_expansion6/crops/Cosmos2.5_0060/frame_0078_rank_02.png
Cosmos2.5_0060,78,3,0.5602083206176758,0.8214676380157471,500.09130859375,415.2565002441406,572.1343994140625,513.4102783203125,0.9765625,5332,/shared/ssd_30T/zhuoyingyang/physact/sam3_robowm/identity_v1/sam_masked_expansion6/crops/Cosmos2.5_0060/frame_0078_rank_03.png
Cosmos2.5_0060,81,1,0.3085498809814453,0.9343338012695312,799.6489868164062,345.79888916015625,861.5642700195312,431.07568359375,0.97265625,3625,/shared/ssd_30T/zhuoyingyang/physact/sam3_robowm/identity_v1/sam_masked_expansion6/crops/Cosmos2.5_0060/frame_0081_rank_01.png
Cosmos2.5_0060,81,2,0.1086012944579124,0.9271421432495116,781.5438232421875,329.4806823730469,879.824462890625,447.5390930175781,0.89453125,4824,/shared/ssd_30T/zhuoyingyang/physact/sam3_robowm/identity_v1/sam_masked_expansion6/crops/Cosmos2.5_0060/frame_0081_rank_02.png
Cosmos2.5_0060,81,3,0.5474953651428223,0.8006870746612549,500.08642578125,414.3879699707031,572.0355224609375,513.4961547851562,0.97265625,5406,/shared/ssd_30T/zhuoyingyang/physact/sam3_robowm/identity_v1/sam_masked_expansion6/crops/Cosmos2.5_0060/frame_0081_rank_03.png
Cosmos2.5_0060,84,1,0.3734349012374878,0.9373276233673096,799.5682373046875,345.7018737792969,861.556640625,431.2349548339844,0.97265625,3636,/shared/ssd_30T/zhuoyingyang/physact/sam3_robowm/identity_v1/sam_masked_expansion6/crops/Cosmos2.5_0060/frame_0084_rank_01.png
Cosmos2.5_0060,84,2,0.1170967146754264,0.927969455718994,781.0430908203125,329.28619384765625,880.004150390625,447.731201171875,0.8984375,4710,/shared/ssd_30T/zhuoyingyang/physact/sam3_robowm/identity_v1/sam_masked_expansion6/crops/Cosmos2.5_0060/frame_0084_rank_02.png
Cosmos2.5_0060,84,3,0.5164089798927307,0.8026504516601562,498.5045166015625,415.0026245117188,571.7255859375,513.529296875,0.9765625,5426,/shared/ssd_30T/zhuoyingyang/physact/sam3_robowm/identity_v1/sam_masked_expansion6/crops/Cosmos2.5_0060/frame_0084_rank_03.png
Cosmos2.5_0060,87,1,0.34465092420578,0.9456104040145874,799.588623046875,345.5720520019531,861.640380859375,431.0856628417969,0.97265625,3635,/shared/ssd_30T/zhuoyingyang/physact/sam3_robowm/identity_v1/sam_masked_expansion6/crops/Cosmos2.5_0060/frame_0087_rank_01.png
Cosmos2.5_0060,87,2,0.1088432297110557,0.940025806427002,781.0206909179688,328.5478820800781,880.3494262695312,447.6091003417969,0.89453125,4631,/shared/ssd_30T/zhuoyingyang/physact/sam3_robowm/identity_v1/sam_masked_expansion6/crops/Cosmos2.5_0060/frame_0087_rank_02.png
Cosmos2.5_0060,87,3,0.5292679667472839,0.8484255075454712,497.9880676269531,414.7794799804688,571.5640258789062,513.5603637695312,0.97265625,5424,/shared/ssd_30T/zhuoyingyang/physact/sam3_robowm/identity_v1/sam_masked_expansion6/crops/Cosmos2.5_0060/frame_0087_rank_03.png
Cosmos2.5_0060,90,1,0.440342903137207,0.9485137462615968,799.535888671875,345.51641845703125,861.6781005859375,431.1712036132813,0.97265625,3637,/shared/ssd_30T/zhuoyingyang/physact/sam3_robowm/identity_v1/sam_masked_expansion6/crops/Cosmos2.5_0060/frame_0090_rank_01.png
Cosmos2.5_0060,90,2,0.1207179054617881,0.9209439754486084,780.2501831054688,327.6893005371094,881.0908813476562,448.1770324707031,0.89453125,5169,/shared/ssd_30T/zhuoyingyang/physact/sam3_robowm/identity_v1/sam_masked_expansion6/crops/Cosmos2.5_0060/frame_0090_rank_02.png
Cosmos2.5_0060,90,3,0.4526944756507873,0.8095228672027588,499.7170104980469,413.6897888183594,570.9494018554688,513.894287109375,0.97265625,5297,/shared/ssd_30T/zhuoyingyang/physact/sam3_robowm/identity_v1/sam_masked_expansion6/crops/Cosmos2.5_0060/frame_0090_rank_03.png
Cosmos2.5_0060,92,1,0.5219985246658325,0.9493606090545654,799.486083984375,345.3768310546875,861.6834716796875,431.2958984375,0.97265625,3646,/shared/ssd_30T/zhuoyingyang/physact/sam3_robowm/identity_v1/sam_masked_expansion6/crops/Cosmos2.5_0060/frame_0092_rank_01.png
Cosmos2.5_0060,92,2,0.1046928986907005,0.9325505495071412,779.517578125,326.33795166015625,883.53857421875,449.096435546875,0.88671875,4876,/shared/ssd_30T/zhuoyingyang/physact/sam3_robowm/identity_v1/sam_masked_expansion6/crops/Cosmos2.5_0060/frame_0092_rank_02.png
Cosmos2.5_0060,92,3,0.3867481648921966,0.8039480447769165,503.054931640625,414.78656005859375,570.8045654296875,513.9628295898438,0.96875,4882,/shared/ssd_30T/zhuoyingyang/physact/sam3_robowm/identity_v1/sam_masked_expansion6/crops/Cosmos2.5_0060/frame_0092_rank_03.png
Cosmos3_seed101_0010,0,1,0.5879442095756531,0.987101912498474,435.6548461914063,175.09405517578125,594.2787475585938,372.3223876953125,0.984375,24737,/shared/ssd_30T/zhuoyingyang/physact/sam3_robowm/identity_v1/sam_masked_expansion6/crops/Cosmos3_seed101_0010/frame_0000_rank_01.png
Cosmos3_seed101_0010,0,2,0.4246306419372558,0.8445106744766235,371.0272216796875,379.5838928222656,442.347412109375,484.8014221191406,0.98046875,5742,/shared/ssd_30T/zhuoyingyang/physact/sam3_robowm/identity_v1/sam_masked_expansion6/crops/Cosmos3_seed101_0010/frame_0000_rank_02.png
Cosmos3_seed101_0010,3,1,0.5801275968551636,0.9775992631912231,435.7898254394531,174.96487426757812,594.7337646484375,372.1663513183594,0.984375,24725,/shared/ssd_30T/zhuoyingyang/physact/sam3_robowm/identity_v1/sam_masked_expansion6/crops/Cosmos3_seed101_0010/frame_0003_rank_01.png
Cosmos3_seed101_0010,3,2,0.4537060856819153,0.8282756805419922,371.081298828125,379.5525817871094,442.6048583984375,484.6231384277344,0.98046875,5710,/shared/ssd_30T/zhuoyingyang/physact/sam3_robowm/identity_v1/sam_masked_expansion6/crops/Cosmos3_seed101_0010/frame_0003_rank_02.png
Cosmos3_seed101_0010,6,1,0.5979622006416321,0.9695444107055664,435.5570373535156,174.94192504882812,594.5106201171875,372.3760681152344,0.984375,24768,/shared/ssd_30T/zhuoyingyang/physact/sam3_robowm/identity_v1/sam_masked_expansion6/crops/Cosmos3_seed101_0010/frame_0006_rank_01.png
Cosmos3_seed101_0010,6,2,0.4426511824131012,0.8321274518966675,371.0858459472656,379.5187072753906,442.3147277832031,484.4908752441406,0.98046875,5703,/shared/ssd_30T/zhuoyingyang/physact/sam3_robowm/identity_v1/sam_masked_expansion6/crops/Cosmos3_seed101_0010/frame_0006_rank_02.png
Cosmos3_seed101_0010,9,1,0.6225875616073608,0.9776642918586732,435.3999633789063,175.13604736328125,594.2903442382812,372.3524169921875,0.984375,24712,/shared/ssd_30T/zhuoyingyang/physact/sam3_robowm/identity_v1/sam_masked_expansion6/crops/Cosmos3_seed101_0010/frame_0009_rank_01.png
Cosmos3_seed101_0010,9,2,0.437945157289505,0.8226122260093689,370.9770202636719,379.5126647949219,442.2657165527344,484.3276672363281,0.98046875,5705,/shared/ssd_30T/zhuoyingyang/physact/sam3_robowm/identity_v1/sam_masked_expansion6/crops/Cosmos3_seed101_0010/frame_0009_rank_02.png
Cosmos3_seed101_0010,12,1,0.5397029519081116,0.9775906801223756,435.1920471191406,174.62469482421875,594.3226318359375,371.806640625,0.984375,24747,/shared/ssd_30T/zhuoyingyang/physact/sam3_robowm/identity_v1/sam_masked_expansion6/crops/Cosmos3_seed101_0010/frame_0012_rank_01.png
Cosmos3_seed101_0010,12,2,0.523044764995575,0.8353884220123291,371.0652465820313,378.7078552246094,442.2604370117188,483.9080505371094,0.98046875,5725,/shared/ssd_30T/zhuoyingyang/physact/sam3_robowm/identity_v1/sam_masked_expansion6/crops/Cosmos3_seed101_0010/frame_0012_rank_02.png
Cosmos3_seed101_0010,15,1,0.625860869884491,0.9667994379997252,435.39349365234375,175.06210327148438,594.4203491210938,372.1931457519531,0.984375,24729,/shared/ssd_30T/zhuoyingyang/physact/sam3_robowm/identity_v1/sam_masked_expansion6/crops/Cosmos3_seed101_0010/frame_0015_rank_01.png
Cosmos3_seed101_0010,15,2,0.4799087345600128,0.8401833772659302,371.03076171875,379.3911437988281,442.3276977539063,484.2522888183594,0.98046875,5718,/shared/ssd_30T/zhuoyingyang/physact/sam3_robowm/identity_v1/sam_masked_expansion6/crops/Cosmos3_seed101_0010/frame_0015_rank_02.png
Cosmos3_seed101_0010,18,1,0.6577567458152771,0.9595662355422974,435.2218322753906,175.4405975341797,594.4005126953125,372.26513671875,0.984375,24685,/shared/ssd_30T/zhuoyingyang/physact/sam3_robowm/identity_v1/sam_masked_expansion6/crops/Cosmos3_seed101_0010/frame_0018_rank_01.png
Cosmos3_seed101_0010,18,2,0.4400548934936523,0.8305562734603882,370.9809875488281,379.6028442382813,442.3814392089844,484.7283325195313,0.98046875,5728,/shared/ssd_30T/zhuoyingyang/physact/sam3_robowm/identity_v1/sam_masked_expansion6/crops/Cosmos3_seed101_0010/frame_0018_rank_02.png
Cosmos3_seed101_0010,21,1,0.6202250719070435,0.9670383334159852,435.4922790527344,175.0804443359375,594.4892578125,372.154541015625,0.984375,24680,/shared/ssd_30T/zhuoyingyang/physact/sam3_robowm/identity_v1/sam_masked_expansion6/crops/Cosmos3_seed101_0010/frame_0021_rank_01.png
Cosmos3_seed101_0010,21,2,0.4399388432502746,0.8372616171836853,371.0011291503906,379.2345275878906,442.5225524902344,484.5195007324219,0.98046875,5734,/shared/ssd_30T/zhuoyingyang/physact/sam3_robowm/identity_v1/sam_masked_expansion6/crops/Cosmos3_seed101_0010/frame_0021_rank_02.png
Cosmos3_seed101_0010,24,1,0.6024268865585327,0.9538512229919434,435.5144653320313,175.18276977539062,594.4091186523438,372.4474182128906,0.984375,24743,/shared/ssd_30T/zhuoyingyang/physact/sam3_robowm/identity_v1/sam_masked_expansion6/crops/Cosmos3_seed101_0010/frame_0024_rank_01.png
Cosmos3_seed101_0010,24,2,0.4726513028144836,0.8392926454544067,371.1270751953125,379.7645568847656,442.4810180664063,484.8121643066406,0.98046875,5742,/shared/ssd_30T/zhuoyingyang/physact/sam3_robowm/identity_v1/sam_masked_expansion6/crops/Cosmos3_seed101_0010/frame_0024_rank_02.png
Cosmos3_seed101_0010,27,1,0.549601137638092,0.974622368812561,435.4971923828125,174.00180053710938,594.6744384765625,371.8325500488281,0.984375,24760,/shared/ssd_30T/zhuoyingyang/physact/sam3_robowm/identity_v1/sam_masked_expansion6/crops/Cosmos3_seed101_0010/frame_0027_rank_01.png
Cosmos3_seed101_0010,27,2,0.4862284660339355,0.8320667743682861,371.2620849609375,378.58013916015625,442.6539306640625,483.7990112304688,0.98046875,5735,/shared/ssd_30T/zhuoyingyang/physact/sam3_robowm/identity_v1/sam_masked_expansion6/crops/Cosmos3_seed101_0010/frame_0027_rank_02.png
Cosmos3_seed101_0010,30,1,0.591838538646698,0.9713329076766968,435.7706298828125,174.1680908203125,594.6656494140625,372.09613037109375,0.984375,24752,/shared/ssd_30T/zhuoyingyang/physact/sam3_robowm/identity_v1/sam_masked_expansion6/crops/Cosmos3_seed101_0010/frame_0030_rank_01.png
Cosmos3_seed101_0010,30,2,0.4435338377952575,0.8296799063682556,371.3219604492188,378.858642578125,442.8059692382813,484.2568359375,0.98046875,5753,/shared/ssd_30T/zhuoyingyang/physact/sam3_robowm/identity_v1/sam_masked_expansion6/crops/Cosmos3_seed101_0010/frame_0030_rank_02.png
Cosmos3_seed101_0010,33,1,0.6513411998748779,0.9630616903305054,435.9116516113281,174.9931640625,594.8033447265625,372.03564453125,0.984375,24675,/shared/ssd_30T/zhuoyingyang/physact/sam3_robowm/identity_v1/sam_masked_expansion6/crops/Cosmos3_seed101_0010/frame_0033_rank_01.png
Cosmos3_seed101_0010,33,2,0.3760946094989776,0.8246954679489136,371.3088684082031,378.85400390625,442.7724914550781,484.2811279296875,0.98046875,5755,/shared/ssd_30T/zhuoyingyang/physact/sam3_robowm/identity_v1/sam_masked_expansion6/crops/Cosmos3_seed101_0010/frame_0033_rank_02.png
Cosmos3_seed101_0010,36,1,0.5186107158660889,0.9615528583526612,435.6714782714844,174.64157104492188,594.883544921875,372.1970520019531,0.984375,24706,/shared/ssd_30T/zhuoyingyang/physact/sam3_robowm/identity_v1/sam_masked_expansion6/crops/Cosmos3_seed101_0010/frame_0036_rank_01.png
Cosmos3_seed101_0010,36,2,0.478910356760025,0.8376869559288025,371.1306762695313,378.8458251953125,442.90179443359375,484.2205200195313,0.98046875,5760,/shared/ssd_30T/zhuoyingyang/physact/sam3_robowm/identity_v1/sam_masked_expansion6/crops/Cosmos3_seed101_0010/frame_0036_rank_02.png
Cosmos3_seed101_0010,39,1,0.6157688498497009,0.9514452815055848,435.9000244140625,174.90538024902344,594.5010986328125,371.9733276367188,0.984375,24708,/shared/ssd_30T/zhuoyingyang/physact/sam3_robowm/identity_v1/sam_masked_expansion6/crops/Cosmos3_seed101_0010/frame_0039_rank_01.png
Cosmos3_seed101_0010,39,2,0.408569723367691,0.8243383169174194,371.3310546875,379.1806945800781,442.6404418945313,484.3454895019531,0.98046875,5751,/shared/ssd_30T/zhuoyingyang/physact/sam3_robowm/identity_v1/sam_masked_expansion6/crops/Cosmos3_seed101_0010/frame_0039_rank_02.png
Cosmos3_seed101_0010,42,1,0.5793766379356384,0.9695451259613036,435.7302856445313,174.7276611328125,594.3690795898438,372.144287109375,0.984375,24726,/shared/ssd_30T/zhuoyingyang/physact/sam3_robowm/identity_v1/sam_masked_expansion6/crops/Cosmos3_seed101_0010/frame_0042_rank_01.png
Cosmos3_seed101_0010,42,2,0.4297561049461365,0.8214844465255737,371.14935302734375,378.8186645507813,442.5606689453125,484.3853149414063,0.98046875,5742,/shared/ssd_30T/zhuoyingyang/physact/sam3_robowm/identity_v1/sam_masked_expansion6/crops/Cosmos3_seed101_0010/frame_0042_rank_02.png
Cosmos3_seed101_0010,45,1,0.6100451946258545,0.9432390332221984,435.7969970703125,174.66986083984375,594.3358154296875,372.18597412109375,0.984375,24734,/shared/ssd_30T/zhuoyingyang/physact/sam3_robowm/identity_v1/sam_masked_expansion6/crops/Cosmos3_seed101_0010/frame_0045_rank_01.png
Cosmos3_seed101_0010,45,2,0.3887293934822082,0.823037326335907,371.232666015625,378.8022766113281,442.6326293945313,484.4070129394531,0.98046875,5742,/shared/ssd_30T/zhuoyingyang/physact/sam3_robowm/identity_v1/sam_masked_expansion6/crops/Cosmos3_seed101_0010/frame_0045_rank_02.png
Cosmos3_seed101_0010,48,1,0.6752666234970093,0.9541004300117492,435.8118896484375,174.3741455078125,594.4677734375,372.0570068359375,0.984375,24779,/shared/ssd_30T/zhuoyingyang/physact/sam3_robowm/identity_v1/sam_masked_expansion6/crops/Cosmos3_seed101_0010/frame_0048_rank_01.png
Cosmos3_seed101_0010,48,2,0.3926109373569488,0.8227189779281616,371.0807189941406,379.0184020996094,442.6936340332031,484.2636413574219,0.98046875,5758,/shared/ssd_30T/zhuoyingyang/physact/sam3_robowm/identity_v1/sam_masked_expansion6/crops/Cosmos3_seed101_0010/frame_0048_rank_02.png
Cosmos3_seed101_0010,51,1,0.6426315307617188,0.965637505054474,435.788818359375,174.666259765625,594.3841552734375,372.00982666015625,0.984375,24730,/shared/ssd_30T/zhuoyingyang/physact/sam3_robowm/identity_v1/sam_masked_expansion6/crops/Cosmos3_seed101_0010/frame_0051_rank_01.png
Cosmos3_seed101_0010,51,2,0.3845319449901581,0.8223937749862671,371.0003662109375,378.9097595214844,442.8668212890625,484.3329772949219,0.98046875,5776,/shared/ssd_30T/zhuoyingyang/physact/sam3_robowm/identity_v1/sam_masked_expansion6/crops/Cosmos3_seed101_0010/frame_0051_rank_02.png
Cosmos3_seed101_0010,54,1,0.6028095483779907,0.9638067483901978,435.7089538574219,174.64657592773438,594.3494262695312,372.1334533691406,0.984375,24733,/shared/ssd_30T/zhuoyingyang/physact/sam3_robowm/identity_v1/sam_masked_expansion6/crops/Cosmos3_seed101_0010/frame_0054_rank_01.png
Cosmos3_seed101_0010,54,2,0.4025044739246368,0.8194972276687622,371.099853515625,378.5965576171875,442.8732299804688,484.3037109375,0.98046875,5785,/shared/ssd_30T/zhuoyingyang/physact/sam3_robowm/identity_v1/sam_masked_expansion6/crops/Cosmos3_seed101_0010/frame_0054_rank_02.png
Cosmos3_seed101_0010,57,1,0.6097625494003296,0.9374205470085144,435.8412780761719,174.9363555908203,594.157958984375,372.4967651367188,0.984375,24728,/shared/ssd_30T/zhuoyingyang/physact/sam3_robowm/identity_v1/sam_masked_expansion6/crops/Cosmos3_seed101_0010/frame_0057_rank_01.png
Cosmos3_seed101_0010,57,2,0.4007951021194458,0.8205537796020508,371.195556640625,379.1119995117188,443.0411987304688,484.8704223632813,0.98046875,5760,/shared/ssd_30T/zhuoyingyang/physact/sam3_robowm/identity_v1/sam_masked_expansion6/crops/Cosmos3_seed101_0010/frame_0057_rank_02.png
Cosmos3_seed101_0010,60,1,0.5696214437484741,0.946205735206604,435.7003784179688,174.69403076171875,593.9760131835938,372.3546142578125,0.984375,24741,/shared/ssd_30T/zhuoyingyang/physact/sam3_robowm/identity_v1/sam_masked_expansion6/crops/Cosmos3_seed101_0010/frame_0060_rank_01.png
Cosmos3_seed101_0010,60,2,0.4192090630531311,0.8346697688102722,371.3341369628906,379.1687622070313,442.9244079589844,484.6968383789063,0.98046875,5751,/shared/ssd_30T/zhuoyingyang/physact/sam3_robowm/identity_v1/sam_masked_expansion6/crops/Cosmos3_seed101_0010/frame_0060_rank_02.png
Cosmos3_seed101_0010,60,3,0.1029413044452667,0.6370819807052612,634.3736572265625,370.3638610839844,703.2557373046875,472.9374084472656,0.96875,5015,/shared/ssd_30T/zhuoyingyang/physact/sam3_robowm/identity_v1/sam_masked_expansion6/crops/Cosmos3_seed101_0010/frame_0060_rank_03.png
Cosmos3_seed101_0010,63,1,0.5274062156677246,0.9434983730316162,435.8325805664063,174.51272583007812,594.3446655273438,372.2017517089844,0.984375,24727,/shared/ssd_30T/zhuoyingyang/physact/sam3_robowm/identity_v1/sam_masked_expansion6/crops/Cosmos3_seed101_0010/frame_0063_rank_01.png
Cosmos3_seed101_0010,63,2,0.4023939669132232,0.8396706581115723,371.4808349609375,378.9494323730469,442.8120727539063,484.3219299316406,0.98046875,5756,/shared/ssd_30T/zhuoyingyang/physact/sam3_robowm/identity_v1/sam_masked_expansion6/crops/Cosmos3_seed101_0010/frame_0063_rank_02.png
Cosmos3_seed101_0010,63,3,0.298860102891922,0.760232150554657,634.7925415039062,381.6463012695313,694.7734985351562,474.0631103515625,0.9765625,4225,/shared/ssd_30T/zhuoyingyang/physact/sam3_robowm/identity_v1/sam_masked_expansion6/crops/Cosmos3_seed101_0010/frame_0063_rank_03.png
Cosmos3_seed101_0010,66,1,0.4702900648117065,0.9410616159439088,435.9018249511719,174.53897094726562,594.449951171875,372.1374816894531,0.984375,24722,/shared/ssd_30T/zhuoyingyang/physact/sam3_robowm/identity_v1/sam_masked_expansion6/crops/Cosmos3_seed101_0010/frame_0066_rank_01.png
Cosmos3_seed101_0010,66,2,0.4225146770477295,0.8384933471679688,371.49212646484375,378.7908325195313,442.596923828125,484.08782958984375,0.98046875,5757,/shared/ssd_30T/zhuoyingyang/physact/sam3_robowm/identity_v1/sam_masked_expansion6/crops/Cosmos3_seed101_0010/frame_0066_rank_02.png
Cosmos3_seed101_0010,66,3,0.340469092130661,0.7335184812545776,634.2791137695312,380.9620361328125,692.7522583007812,473.9446411132813,0.9765625,4348,/shared/ssd_30T/zhuoyingyang/physact/sam3_robowm/identity_v1/sam_masked_expansion6/crops/Cosmos3_seed101_0010/frame_0066_rank_03.png
Cosmos3_seed101_0010,69,1,0.4797183275222778,0.9497537016868592,435.822509765625,175.4561767578125,594.4532470703125,372.6061401367188,0.984375,24675,/shared/ssd_30T/zhuoyingyang/physact/sam3_robowm/identity_v1/sam_masked_expansion6/crops/Cosmos3_seed101_0010/frame_0069_rank_01.png
Cosmos3_seed101_0010,69,2,0.4268494844436645,0.828208863735199,371.7334899902344,379.5112609863281,442.5718688964844,484.6893615722656,0.98046875,5747,/shared/ssd_30T/zhuoyingyang/physact/sam3_robowm/identity_v1/sam_masked_expansion6/crops/Cosmos3_seed101_0010/frame_0069_rank_02.png
Cosmos3_seed101_0010,69,3,0.3628747761249542,0.7514498829841614,629.6580810546875,375.1971130371094,689.7095947265625,469.4672546386719,0.9765625,4516,/shared/ssd_30T/zhuoyingyang/physact/sam3_robowm/identity_v1/sam_masked_expansion6/crops/Cosmos3_seed101_0010/frame_0069_rank_03.png
Cosmos3_seed101_0010,72,1,0.4601269662380218,0.9496420621871948,435.7651062011719,174.91259765625,594.5350952148438,372.22662353515625,0.984375,24664,/shared/ssd_30T/zhuoyingyang/physact/sam3_robowm/identity_v1/sam_masked_expansion6/crops/Cosmos3_seed101_0010/frame_0072_rank_01.png
Cosmos3_seed101_0010,72,2,0.4260716736316681,0.83329176902771,371.76904296875,378.9872131347656,442.6489868164063,484.2897033691406,0.98046875,5754,/shared/ssd_30T/zhuoyingyang/physact/sam3_robowm/identity_v1/sam_masked_expansion6/crops/Cosmos3_seed101_0010/frame_0072_rank_02.png
Cosmos3_seed101_0010,72,3,0.3541717231273651,0.7112988233566284,621.3602294921875,368.0894775390625,680.7095947265625,463.09320068359375,0.9765625,4516,/shared/ssd_30T/zhuoyingyang/physact/sam3_robowm/identity_v1/sam_masked_expansion6/crops/Cosmos3_seed101_0010/frame_0072_rank_03.png
Cosmos3_seed101_0010,75,1,0.4261238574981689,0.9344137907028198,435.8377990722656,174.4573516845703,594.44189453125,371.6923828125,0.984375,24672,/shared/ssd_30T/zhuoyingyang/physact/sam3_robowm/identity_v1/sam_masked_expansion6/crops/Cosmos3_seed101_0010/frame_0075_rank_01.png
Cosmos3_seed101_0010,75,2,0.4401059746742248,0.8299520611763,371.6204223632813,378.48284912109375,442.64111328125,483.6126098632813,0.98046875,5776,/shared/ssd_30T/zhuoyingyang/physact/sam3_robowm/identity_v1/sam_masked_expansion6/crops/Cosmos3_seed101_0010/frame_0075_rank_02.png
Cosmos3_seed101_0010,75,3,0.3970471024513244,0.7471938133239746,620.0872802734375,369.48046875,681.798095703125,462.63812255859375,0.9765625,4421,/shared/ssd_30T/zhuoyingyang/physact/sam3_robowm/identity_v1/sam_masked_expansion6/crops/Cosmos3_seed101_0010/frame_0075_rank_03.png
Cosmos3_seed101_0010,78,1,0.4625051617622375,0.942146897315979,435.972900390625,174.9647979736328,594.4434814453125,372.1644287109375,0.984375,24680,/shared/ssd_30T/zhuoyingyang/physact/sam3_robowm/identity_v1/sam_masked_expansion6/crops/Cosmos3_seed101_0010/frame_0078_rank_01.png
Cosmos3_seed101_0010,78,2,0.4235300719738006,0.8251450061798096,371.6376953125,378.8806457519531,442.59967041015625,483.9847717285156,0.98046875,5746,/shared/ssd_30T/zhuoyingyang/physact/sam3_robowm/identity_v1/sam_masked_expansion6/crops/Cosmos3_seed101_0010/frame_0078_rank_02.png
Cosmos3_seed101_0010,78,3,0.3776961266994476,0.7241101264953613,620.1151733398438,369.9049987792969,681.7592163085938,463.0401306152344,0.9765625,4401,/shared/ssd_30T/zhuoyingyang/physact/sam3_robowm/identity_v1/sam_masked_expansion6/crops/Cosmos3_seed101_0010/frame_0078_rank_03.png
Cosmos3_seed101_0010,81,1,0.4553234577178955,0.9278310537338256,435.6408081054688,175.4150390625,594.3522338867188,372.4342041015625,0.984375,24657,/shared/ssd_30T/zhuoyingyang/physact/sam3_robowm/identity_v1/sam_masked_expansion6/crops/Cosmos3_seed101_0010/frame_0081_rank_01.png
Cosmos3_seed101_0010,81,2,0.4281988739967346,0.819584846496582,371.6162109375,379.5887451171875,442.45751953125,484.5220947265625,0.98046875,5726,/shared/ssd_30T/zhuoyingyang/physact/sam3_robowm/identity_v1/sam_masked_expansion6/crops/Cosmos3_seed101_0010/frame_0081_rank_02.png
Cosmos3_seed101_0010,81,3,0.3824778497219085,0.7168681621551514,620.0015258789062,370.0694885253906,681.5609741210938,463.6804504394531,0.9765625,4440,/shared/ssd_30T/zhuoyingyang/physact/sam3_robowm/identity_v1/sam_masked_expansion6/crops/Cosmos3_seed101_0010/frame_0081_rank_03.png
Cosmos3_seed101_0010,84,1,0.3655363619327545,0.9371535778045654,435.4708862304688,174.8806915283203,594.4172973632812,372.4065551757813,0.984375,24671,/shared/ssd_30T/zhuoyingyang/physact/sam3_robowm/identity_v1/sam_masked_expansion6/crops/Cosmos3_seed101_0010/frame_0084_rank_01.png
Cosmos3_seed101_0010,84,2,0.4510003328323364,0.8212379813194275,371.5150146484375,378.7349548339844,442.462646484375,484.2157897949219,0.98046875,5759,/shared/ssd_30T/zhuoyingyang/physact/sam3_robowm/identity_v1/sam_masked_expansion6/crops/Cosmos3_seed101_0010/frame_0084_rank_02.png
Cosmos3_seed101_0010,84,3,0.4151354432106018,0.725499153137207,619.9431762695312,369.34381103515625,681.4660034179688,463.35198974609375,0.9765625,4464,/shared/ssd_30T/zhuoyingyang/physact/sam3_robowm/identity_v1/sam_masked_expansion6/crops/Cosmos3_seed101_0010/frame_0084_rank_03.png
Cosmos3_seed101_0010,87,1,0.4388304352760315,0.9299432039260864,435.6188354492188,175.06484985351562,594.4242553710938,372.3484191894531,0.984375,24677,/shared/ssd_30T/zhuoyingyang/physact/sam3_robowm/identity_v1/sam_masked_expansion6/crops/Cosmos3_seed101_0010/frame_0087_rank_01.png
Cosmos3_seed101_0010,87,2,0.4403197765350342,0.8266738653182983,371.4938354492188,379.2363586425781,442.4737548828125,484.2237854003906,0.98046875,5719,/shared/ssd_30T/zhuoyingyang/physact/sam3_robowm/identity_v1/sam_masked_expansion6/crops/Cosmos3_seed101_0010/frame_0087_rank_02.png
Cosmos3_seed101_0010,87,3,0.4004723727703094,0.7338879108428955,619.7752685546875,369.4775695800781,681.6812744140625,463.5907287597656,0.9765625,4466,/shared/ssd_30T/zhuoyingyang/physact/sam3_robowm/identity_v1/sam_masked_expansion6/crops/Cosmos3_seed101_0010/frame_0087_rank_03.png
Cosmos3_seed101_0010,90,1,0.4172531366348266,0.9318013787269592,435.5274963378906,175.0320281982422,594.4813232421875,372.15960693359375,0.984375,24696,/shared/ssd_30T/zhuoyingyang/physact/sam3_robowm/identity_v1/sam_masked_expansion6/crops/Cosmos3_seed101_0010/frame_0090_rank_01.png
Cosmos3_seed101_0010,90,2,0.446841686964035,0.8290495276451111,371.4177856445313,379.3719177246094,442.4186401367188,484.1348571777344,0.98046875,5713,/shared/ssd_30T/zhuoyingyang/physact/sam3_robowm/identity_v1/sam_masked_expansion6/crops/Cosmos3_seed101_0010/frame_0090_rank_02.png
Cosmos3_seed101_0010,90,3,0.4124017655849457,0.7326157689094543,619.7322387695312,369.4676513671875,681.4407348632812,463.61865234375,0.9765625,4474,/shared/ssd_30T/zhuoyingyang/physact/sam3_robowm/identity_v1/sam_masked_expansion6/crops/Cosmos3_seed101_0010/frame_0090_rank_03.png
Cosmos3_seed101_0010,93,1,0.4914523363113403,0.9494196176528932,435.7662048339844,175.26235961914062,594.1881103515625,372.5016174316406,0.984375,24686,/shared/ssd_30T/zhuoyingyang/physact/sam3_robowm/identity_v1/sam_masked_expansion6/crops/Cosmos3_seed101_0010/frame_0093_rank_01.png
Cosmos3_seed101_0010,93,2,0.3238557577133178,0.8159080147743225,371.0356140136719,379.3717651367188,442.6705017089844,484.1080322265625,0.98046875,5717,/shared/ssd_30T/zhuoyingyang/physact/sam3_robowm/identity_v1/sam_masked_expansion6/crops/Cosmos3_seed101_0010/frame_0093_rank_02.png
Cosmos3_seed101_0010,93,3,0.3919401168823242,0.7191407680511475,619.6886596679688,369.6962890625,681.5989379882812,463.6968383789063,0.9765625,4456,/shared/ssd_30T/zhuoyingyang/physact/sam3_robowm/identity_v1/sam_masked_expansion6/crops/Cosmos3_seed101_0010/frame_0093_rank_03.png
Cosmos3_seed101_0010,96,1,0.5073562860488892,0.941329836845398,435.41796875,175.16839599609375,594.103759765625,372.5640869140625,0.984375,24738,/shared/ssd_30T/zhuoyingyang/physact/sam3_robowm/identity_v1/sam_masked_expansion6/crops/Cosmos3_seed101_0010/frame_0096_rank_01.png
Cosmos3_seed101_0010,96,2,0.2337540239095688,0.7738977670669556,368.8621520996094,379.0607604980469,442.8655090332031,483.9812927246094,0.9765625,5845,/shared/ssd_30T/zhuoyingyang/physact/sam3_robowm/identity_v1/sam_masked_expansion6/crops/Cosmos3_seed101_0010/frame_0096_rank_02.png
Cosmos3_seed101_0010,96,3,0.4072536826133728,0.7323166131973267,619.4210205078125,369.5718078613281,681.664794921875,463.6847839355469,0.9765625,4472,/shared/ssd_30T/zhuoyingyang/physact/sam3_robowm/identity_v1/sam_masked_expansion6/crops/Cosmos3_seed101_0010/frame_0096_rank_03.png
Cosmos3_seed101_0010,99,1,0.6806739568710327,0.9278834462165833,435.4417724609375,175.07061767578125,594.3428955078125,372.6278076171875,0.984375,24722,/shared/ssd_30T/zhuoyingyang/physact/sam3_robowm/identity_v1/sam_masked_expansion6/crops/Cosmos3_seed101_0010/frame_0099_rank_01.png
Cosmos3_seed101_0010,99,2,0.3916248083114624,0.7459772825241089,619.2958374023438,369.5669860839844,681.7343139648438,463.7890930175781,0.9765625,4476,/shared/ssd_30T/zhuoyingyang/physact/sam3_robowm/identity_v1/sam_masked_expansion6/crops/Cosmos3_seed101_0010/frame_0099_rank_02.png
Cosmos3_seed101_0010,102,1,0.6409730911254883,0.9339733123779296,435.4656982421875,174.89260864257812,594.3221435546875,372.6939392089844,0.984375,24713,/shared/ssd_30T/zhuoyingyang/physact/sam3_robowm/identity_v1/sam_masked_expansion6/crops/Cosmos3_seed101_0010/frame_0102_rank_01.png
Cosmos3_seed101_0010,102,2,0.4185874164104461,0.7435643076896667,619.3690185546875,369.47454833984375,681.474609375,463.7513427734375,0.9765625,4484,/shared/ssd_30T/zhuoyingyang/physact/sam3_robowm/identity_v1/sam_masked_expansion6/crops/Cosmos3_seed101_0010/frame_0102_rank_02.png
Cosmos3_seed101_0010,105,1,0.6205117702484131,0.9346563220024108,435.3346557617188,174.30430603027344,594.3934936523438,372.2313232421875,0.984375,24721,/shared/ssd_30T/zhuoyingyang/physact/sam3_robowm/identity_v1/sam_masked_expansion6/crops/Cosmos3_seed101_0010/frame_0105_rank_01.png
Cosmos3_seed101_0010,105,2,0.3974943459033966,0.7491798400878906,619.3973999023438,369.3345336914063,681.6763305664062,463.3433227539063,0.9765625,4483,/shared/ssd_30T/zhuoyingyang/physact/sam3_robowm/identity_v1/sam_masked_expansion6/crops/Cosmos3_seed101_0010/frame_0105_rank_02.png
Cosmos3_seed101_0010,108,1,0.6396287083625793,0.9605496525764464,435.1711120605469,174.259765625,594.548095703125,372.2265625,0.984375,24696,/shared/ssd_30T/zhuoyingyang/physact/sam3_robowm/identity_v1/sam_masked_expansion6/crops/Cosmos3_seed101_0010/frame_0108_rank_01.png
Cosmos3_seed101_0010,108,2,0.3910005092620849,0.7416015863418579,619.3818359375,369.28460693359375,681.94873046875,463.216064453125,0.9765625,4437,/shared/ssd_30T/zhuoyingyang/physact/sam3_robowm/identity_v1/sam_masked_expansion6/crops/Cosmos3_seed101_0010/frame_0108_rank_02.png
Cosmos3_seed101_0010,111,1,0.7214541435241699,0.93861722946167,435.2185668945313,173.68002319335938,594.8532104492188,371.8335876464844,0.984375,24697,/shared/ssd_30T/zhuoyingyang/physact/sam3_robowm/identity_v1/sam_masked_expansion6/crops/Cosmos3_seed101_0010/frame_0111_rank_01.png
Cosmos3_seed101_0010,111,2,0.3288624286651611,0.70270174741745,619.5286254882812,369.0979309082031,682.8681030273438,462.6722717285156,0.97265625,4190,/shared/ssd_30T/zhuoyingyang/physact/sam3_robowm/identity_v1/sam_masked_expansion6/crops/Cosmos3_seed101_0010/frame_0111_rank_02.png
Cosmos3_seed101_0010,114,1,0.6713359355926514,0.9434828162193298,435.4514770507813,174.8754425048828,594.5932006835938,372.4207763671875,0.984375,24666,/shared/ssd_30T/zhuoyingyang/physact/sam3_robowm/identity_v1/sam_masked_expansion6/crops/Cosmos3_seed101_0010/frame_0114_rank_01.png
Cosmos3_seed101_0010,114,2,0.353196233510971,0.6988369226455688,619.5206909179688,370.0063171386719,683.1157836914062,463.7484436035156,0.97265625,4006,/shared/ssd_30T/zhuoyingyang/physact/sam3_robowm/identity_v1/sam_masked_expansion6/crops/Cosmos3_seed101_0010/frame_0114_rank_02.png
Cosmos3_seed101_0010,117,1,0.671203076839447,0.9596555233001708,435.50677490234375,174.46791076660156,594.2730102539062,372.4392700195313,0.984375,24692,/shared/ssd_30T/zhuoyingyang/physact/sam3_robowm/identity_v1/sam_masked_expansion6/crops/Cosmos3_seed101_0010/frame_0117_rank_01.png
Cosmos3_seed101_0010,117,2,0.395153284072876,0.6802688241004944,619.6367797851562,370.1186828613281,683.1256713867188,463.5517272949219,0.97265625,3879,/shared/ssd_30T/zhuoyingyang/physact/sam3_robowm/identity_v1/sam_masked_expansion6/crops/Cosmos3_seed101_0010/frame_0117_rank_02.png
Cosmos3_seed101_0010,120,1,0.605822741985321,0.9515339732170104,435.55511474609375,175.68936157226562,594.5036010742188,373.4342956542969,0.984375,24653,/shared/ssd_30T/zhuoyingyang/physact/sam3_robowm/identity_v1/sam_masked_expansion6/crops/Cosmos3_seed101_0010/frame_0120_rank_01.png
Cosmos3_seed101_0010,120,2,0.3734113276004791,0.7199878692626953,619.926025390625,370.8341369628906,683.08935546875,464.5012512207031,0.97265625,3819,/shared/ssd_30T/zhuoyingyang/physact/sam3_robowm/identity_v1/sam_masked_expansion6/crops/Cosmos3_seed101_0010/frame_0120_rank_02.png
Cosmos3_seed101_0010,123,1,0.670113742351532,0.947739839553833,435.7178649902344,175.74392700195312,594.5831298828125,372.8435974121094,0.984375,24635,/shared/ssd_30T/zhuoyingyang/physact/sam3_robowm/identity_v1/sam_masked_expansion6/crops/Cosmos3_seed101_0010/frame_0123_rank_01.png
Cosmos3_seed101_0010,123,2,0.3838505744934082,0.7195079326629639,619.7151489257812,370.8182067871094,683.0169067382812,464.0113220214844,0.97265625,3832,/shared/ssd_30T/zhuoyingyang/physact/sam3_robowm/identity_v1/sam_masked_expansion6/crops/Cosmos3_seed101_0010/frame_0123_rank_02.png
Cosmos3_seed101_0010,126,1,0.7414374947547913,0.9641953706741332,435.4967041015625,175.40933227539062,594.7515869140625,372.7732238769531,0.984375,24647,/shared/ssd_30T/zhuoyingyang/physact/sam3_robowm/identity_v1/sam_masked_expansion6/crops/Cosmos3_seed101_0010/frame_0126_rank_01.png
Cosmos3_seed101_0010,126,2,0.3133491575717926,0.7087529897689819,620.0187377929688,369.9344177246094,683.2416381835938,463.7419738769531,0.97265625,4250,/shared/ssd_30T/zhuoyingyang/physact/sam3_robowm/identity_v1/sam_masked_expansion6/crops/Cosmos3_seed101_0010/frame_0126_rank_02.png
Cosmos3_seed101_0010,129,1,0.6956761479377747,0.949404776096344,435.41156005859375,175.27972412109375,594.7913208007812,372.9012451171875,0.984375,24700,/shared/ssd_30T/zhuoyingyang/physact/sam3_robowm/identity_v1/sam_masked_expansion6/crops/Cosmos3_seed101_0010/frame_0129_rank_01.png
Cosmos3_seed101_0010,129,2,0.3375370800495147,0.6955378651618958,619.8424072265625,363.4136352539063,684.1512451171875,463.8887939453125,0.97265625,4807,/shared/ssd_30T/zhuoyingyang/physact/sam3_robowm/identity_v1/sam_masked_expansion6/crops/Cosmos3_seed101_0010/frame_0129_rank_02.png
Cosmos3_seed101_0010,132,1,0.7729888558387756,0.9219661951065063,435.5553588867188,174.75559997558594,594.7533569335938,372.5645751953125,0.984375,24725,/shared/ssd_30T/zhuoyingyang/physact/sam3_robowm/identity_v1/sam_masked_expansion6/crops/Cosmos3_seed101_0010/frame_0132_rank_01.png
Cosmos3_seed101_0010,132,2,0.2617040276527405,0.6909371018409729,618.8322143554688,374.8592529296875,682.5979614257812,463.1915893554688,0.96484375,3281,/shared/ssd_30T/zhuoyingyang/physact/sam3_robowm/identity_v1/sam_masked_expansion6/crops/Cosmos3_seed101_0010/frame_0132_rank_02.png
Cosmos3_seed101_0010,132,3,0.1162803024053573,0.6201977133750916,627.4260864257812,347.3208312988281,684.4657592773438,397.8659973144531,0.9609375,2403,/shared/ssd_30T/zhuoyingyang/physact/sam3_robowm/identity_v1/sam_masked_expansion6/crops/Cosmos3_seed101_0010/frame_0132_rank_03.png
Cosmos3_seed101_0010,135,1,0.716145396232605,0.923986315727234,435.8067932128906,175.2227020263672,594.4205322265625,372.1336059570313,0.984375,24701,/shared/ssd_30T/zhuoyingyang/physact/sam3_robowm/identity_v1/sam_masked_expansion6/crops/Cosmos3_seed101_0010/frame_0135_rank_01.png
Cosmos3_seed101_0010,135,2,0.2982313632965088,0.7208395004272461,618.958251953125,379.96575927734375,681.9708251953125,463.0303955078125,0.96875,3317,/shared/ssd_30T/zhuoyingyang/physact/sam3_robowm/identity_v1/sam_masked_expansion6/crops/Cosmos3_seed101_0010/frame_0135_rank_02.png
Cosmos3_seed101_0010,135,3,0.1265284717082977,0.6732732057571411,626.0084838867188,334.8847351074219,689.7080688476562,396.4909973144531,0.96484375,2837,/shared/ssd_30T/zhuoyingyang/physact/sam3_robowm/identity_v1/sam_masked_expansion6/crops/Cosmos3_seed101_0010/frame_0135_rank_03.png
Cosmos3_seed101_0010,138,1,0.8264628648757935,0.9413182735443116,435.6266784667969,174.93093872070312,594.5814819335938,372.4058532714844,0.984375,24749,/shared/ssd_30T/zhuoyingyang/physact/sam3_robowm/identity_v1/sam_masked_expansion6/crops/Cosmos3_seed101_0010/frame_0138_rank_01.png
Cosmos3_seed101_0010,138,2,0.2217983305454254,0.7027636766433716,619.1470336914062,379.1749267578125,681.8630981445312,463.3958740234375,0.97265625,3521,/shared/ssd_30T/zhuoyingyang/physact/sam3_robowm/identity_v1/sam_masked_expansion6/crops/Cosmos3_seed101_0010/frame_0138_rank_02.png
Cosmos3_seed101_0010,141,1,0.6553428769111633,0.9210493564605712,435.5907287597656,174.59423828125,594.3220825195312,372.0567626953125,0.984375,24672,/shared/ssd_30T/zhuoyingyang/physact/sam3_robowm/identity_v1/sam_masked_expansion6/crops/Cosmos3_seed101_0010/frame_0141_rank_01.png
Cosmos3_seed101_0010,141,2,0.372525155544281,0.7225964665412903,618.9194946289062,370.0350646972656,681.6586303710938,462.9210510253906,0.9765625,4440,/shared/ssd_30T/zhuoyingyang/physact/sam3_robowm/identity_v1/sam_masked_expansion6/crops/Cosmos3_seed101_0010/frame_0141_rank_02.png
Cosmos3_seed101_0010,141,3,0.1671596020460128,0.6886811256408691,613.2657470703125,300.7923278808594,678.615478515625,373.5264587402344,0.96875,2951,/shared/ssd_30T/zhuoyingyang/physact/sam3_robowm/identity_v1/sam_masked_expansion6/crops/Cosmos3_seed101_0010/frame_0141_rank_03.png
Cosmos3_seed101_0010,144,1,0.6821056008338928,0.9336209297180176,435.676025390625,175.9156036376953,593.95458984375,372.916259765625,0.984375,24688,/shared/ssd_30T/zhuoyingyang/physact/sam3_robowm/identity_v1/sam_masked_expansion6/crops/Cosmos3_seed101_0010/frame_0144_rank_01.png
Cosmos3_seed101_0010,144,2,0.3552517592906952,0.7447279691696167,618.96533203125,369.8249206542969,682.2677001953125,463.9345397949219,0.97265625,4523,/shared/ssd_30T/zhuoyingyang/physact/sam3_robowm/identity_v1/sam_masked_expansion6/crops/Cosmos3_seed101_0010/frame_0144_rank_02.png
Cosmos3_seed101_0010,144,3,0.1099247708916664,0.6701371669769287,591.7501220703125,265.11181640625,657.872802734375,337.63641357421875,0.96875,2836,/shared/ssd_30T/zhuoyingyang/physact/sam3_robowm/identity_v1/sam_masked_expansion6/crops/Cosmos3_seed101_0010/frame_0144_rank_03.png
Cosmos3_seed101_0010,147,1,0.6401799321174622,0.9230797290802002,435.1101684570313,174.60623168945312,595.2092895507812,372.5310974121094,0.98046875,24107,/shared/ssd_30T/zhuoyingyang/physact/sam3_robowm/identity_v1/sam_masked_expansion6/crops/Cosmos3_seed101_0010/frame_0147_rank_01.png
Cosmos3_seed101_0010,147,2,0.3619202673435211,0.7449783086776733,618.9566040039062,369.17041015625,682.1663208007812,463.692138671875,0.9765625,4549,/shared/ssd_30T/zhuoyingyang/physact/sam3_robowm/identity_v1/sam_masked_expansion6/crops/Cosmos3_seed101_0010/frame_0147_rank_02.png
Cosmos3_seed101_0010,150,1,0.5353527665138245,0.8819707036018372,434.9351806640625,174.46124267578125,592.232666015625,372.777587890625,0.9765625,22908,/shared/ssd_30T/zhuoyingyang/physact/sam3_robowm/identity_v1/sam_masked_expansion6/crops/Cosmos3_seed101_0010/frame_0150_rank_01.png
Cosmos3_seed101_0010,150,2,0.4048245847225189,0.7421905994415283,618.77587890625,369.2075500488281,682.056884765625,463.7113952636719,0.9765625,4537,/shared/ssd_30T/zhuoyingyang/physact/sam3_robowm/identity_v1/sam_masked_expansion6/crops/Cosmos3_seed101_0010/frame_0150_rank_02.png
Cosmos3_seed101_0010,153,1,0.3270627856254577,0.8330999612808228,435.18408203125,173.40223693847656,593.6392822265625,372.3247680664063,0.98046875,23182,/shared/ssd_30T/zhuoyingyang/physact/sam3_robowm/identity_v1/sam_masked_expansion6/crops/Cosmos3_seed101_0010/frame_0153_rank_01.png
Cosmos3_seed101_0010,153,2,0.5399974584579468,0.7330038547515869,618.91796875,368.569580078125,682.0877685546875,463.5408935546875,0.9765625,4555,/shared/ssd_30T/zhuoyingyang/physact/sam3_robowm/identity_v1/sam_masked_expansion6/crops/Cosmos3_seed101_0010/frame_0153_rank_02.png
Cosmos3_seed101_0010,156,1,0.2947389781475067,0.8855463266372681,435.2168273925781,173.73284912109375,594.0570678710938,372.4904174804688,0.984375,23426,/shared/ssd_30T/zhuoyingyang/physact/sam3_robowm/identity_v1/sam_masked_expansion6/crops/Cosmos3_seed101_0010/frame_0156_rank_01.png
Cosmos3_seed101_0010,156,2,0.5751307606697083,0.7548502683639526,618.9293212890625,368.5723876953125,681.9461669921875,463.6326904296875,0.9765625,4576,/shared/ssd_30T/zhuoyingyang/physact/sam3_robowm/identity_v1/sam_masked_expansion6/crops/Cosmos3_seed101_0010/frame_0156_rank_02.png
Cosmos3_seed101_0010,159,1,0.3121530711650848,0.8896677494049072,435.4970703125,173.29281616210938,594.2093505859375,372.5265197753906,0.984375,23183,/shared/ssd_30T/zhuoyingyang/physact/sam3_robowm/identity_v1/sam_masked_expansion6/crops/Cosmos3_seed101_0010/frame_0159_rank_01.png
Cosmos3_seed101_0010,159,2,0.5610066056251526,0.7553112506866455,619.019775390625,368.7373962402344,682.14404296875,463.7444763183594,0.9765625,4562,/shared/ssd_30T/zhuoyingyang/physact/sam3_robowm/identity_v1/sam_masked_expansion6/crops/Cosmos3_seed101_0010/frame_0159_rank_02.png
Cosmos3_seed101_0010,162,1,0.3254398703575134,0.8630594611167908,435.3671569824219,173.00006103515625,594.7788696289062,372.5374145507813,0.98046875,22912,/shared/ssd_30T/zhuoyingyang/physact/sam3_robowm/identity_v1/sam_masked_expansion6/crops/Cosmos3_seed101_0010/frame_0162_rank_01.png
Cosmos3_seed101_0010,162,2,0.5589179992675781,0.7462081909179688,618.983154296875,368.6923522949219,682.4891357421875,463.9164123535156,0.9765625,4564,/shared/ssd_30T/zhuoyingyang/physact/sam3_robowm/identity_v1/sam_masked_expansion6/crops/Cosmos3_seed101_0010/frame_0162_rank_02.png
Cosmos3_seed101_0010,165,1,0.320399135351181,0.927921175956726,435.7938232421875,172.74050903320312,594.54541015625,372.3623962402344,0.98046875,22357,/shared/ssd_30T/zhuoyingyang/physact/sam3_robowm/identity_v1/sam_masked_expansion6/crops/Cosmos3_seed101_0010/frame_0165_rank_01.png
Cosmos3_seed101_0010,165,2,0.5456503033638,0.7513841390609741,618.814453125,368.551513671875,682.385498046875,463.5514526367188,0.9765625,4551,/shared/ssd_30T/zhuoyingyang/physact/sam3_robowm/identity_v1/sam_masked_expansion6/crops/Cosmos3_seed101_0010/frame_0165_rank_02.png
Cosmos3_seed101_0010,168,1,0.380962997674942,0.879676342010498,438.8330078125,171.63482666015625,593.9180908203125,373.0185546875,0.984375,22498,/shared/ssd_30T/zhuoyingyang/physact/sam3_robowm/identity_v1/sam_masked_expansion6/crops/Cosmos3_seed101_0010/frame_0168_rank_01.png
Cosmos3_seed101_0010,168,2,0.4774691760540008,0.7613540887832642,618.880859375,368.6780395507813,682.372314453125,463.5306396484375,0.9765625,4543,/shared/ssd_30T/zhuoyingyang/physact/sam3_robowm/identity_v1/sam_masked_expansion6/crops/Cosmos3_seed101_0010/frame_0168_rank_02.png
Cosmos3_seed101_0010,171,1,0.5064414739608765,0.8104513883590698,438.5647583007813,174.41477966308594,594.0132446289062,372.9410400390625,0.984375,22651,/shared/ssd_30T/zhuoyingyang/physact/sam3_robowm/identity_v1/sam_masked_expansion6/crops/Cosmos3_seed101_0010/frame_0171_rank_01.png
Cosmos3_seed101_0010,171,2,0.4103274047374725,0.7591662406921387,618.380126953125,368.6626281738281,682.418701171875,463.1593322753906,0.9765625,4525,/shared/ssd_30T/zhuoyingyang/physact/sam3_robowm/identity_v1/sam_masked_expansion6/crops/Cosmos3_seed101_0010/frame_0171_rank_02.png
Cosmos3_seed101_0010,174,1,0.3980282545089721,0.8383698463439941,438.2268981933594,174.54885864257812,593.6019287109375,372.9186706542969,0.984375,22789,/shared/ssd_30T/zhuoyingyang/physact/sam3_robowm/identity_v1/sam_masked_expansion6/crops/Cosmos3_seed101_0010/frame_0174_rank_01.png
Cosmos3_seed101_0010,174,2,0.4904942810535431,0.7480175495147705,618.435791015625,368.455810546875,682.291748046875,463.11181640625,0.9765625,4534,/shared/ssd_30T/zhuoyingyang/physact/sam3_robowm/identity_v1/sam_masked_expansion6/crops/Cosmos3_seed101_0010/frame_0174_rank_02.png
Cosmos3_seed101_0010,177,1,0.3471764624118805,0.8759185075759888,438.5017395019531,173.55198669433594,595.366943359375,372.854248046875,0.984375,24032,/shared/ssd_30T/zhuoyingyang/physact/sam3_robowm/identity_v1/sam_masked_expansion6/crops/Cosmos3_seed101_0010/frame_0177_rank_01.png
Cosmos3_seed101_0010,177,2,0.5391911864280701,0.754866898059845,618.650390625,368.464599609375,682.387451171875,463.2399291992188,0.9765625,4535,/shared/ssd_30T/zhuoyingyang/physact/sam3_robowm/identity_v1/sam_masked_expansion6/crops/Cosmos3_seed101_0010/frame_0177_rank_02.png
Cosmos3_seed101_0010,180,1,0.489254891872406,0.9430046081542968,438.5484619140625,173.87152099609375,595.3651123046875,372.90631103515625,0.984375,24766,/shared/ssd_30T/zhuoyingyang/physact/sam3_robowm/identity_v1/sam_masked_expansion6/crops/Cosmos3_seed101_0010/frame_0180_rank_01.png
Cosmos3_seed101_0010,180,2,0.434050440788269,0.7742606997489929,618.8939208984375,368.7515258789063,682.207763671875,463.05859375,0.9765625,4522,/shared/ssd_30T/zhuoyingyang/physact/sam3_robowm/identity_v1/sam_masked_expansion6/crops/Cosmos3_seed101_0010/frame_0180_rank_02.png
Cosmos3_seed101_0010,183,1,0.4198686182498932,0.9487905502319336,438.3587646484375,174.77764892578125,595.3265380859375,373.32958984375,0.984375,24721,/shared/ssd_30T/zhuoyingyang/physact/sam3_robowm/identity_v1/sam_masked_expansion6/crops/Cosmos3_seed101_0010/frame_0183_rank_01.png
Cosmos3_seed101_0010,183,2,0.4868898689746856,0.7398034334182739,619.091552734375,369.006591796875,682.4586181640625,463.7540893554688,0.9765625,4517,/shared/ssd_30T/zhuoyingyang/physact/sam3_robowm/identity_v1/sam_masked_expansion6/crops/Cosmos3_seed101_0010/frame_0183_rank_02.png
Cosmos3_seed101_0010,186,1,0.538415789604187,0.9472194910049438,438.5505065917969,174.75962829589844,595.0426635742188,373.1871337890625,0.984375,24713,/shared/ssd_30T/zhuoyingyang/physact/sam3_robowm/identity_v1/sam_masked_expansion6/crops/Cosmos3_seed101_0010/frame_0186_rank_01.png
Cosmos3_seed101_0010,186,2,0.4241189062595367,0.7210366725921631,619.1658935546875,369.06634521484375,682.262451171875,463.4989013671875,0.9765625,4528,/shared/ssd_30T/zhuoyingyang/physact/sam3_robowm/identity_v1/sam_masked_expansion6/crops/Cosmos3_seed101_0010/frame_0186_rank_02.png
Cosmos3_seed101_0010,188,1,0.6284610629081726,0.9540446996688844,438.60198974609375,174.93524169921875,595.1069946289062,373.22802734375,0.984375,24721,/shared/ssd_30T/zhuoyingyang/physact/sam3_robowm/identity_v1/sam_masked_expansion6/crops/Cosmos3_seed101_0010/frame_0188_rank_01.png
Cosmos3_seed101_0010,188,2,0.3765152394771576,0.7266108393669128,619.1218872070312,369.2715148925781,682.2182006835938,463.4332580566406,0.9765625,4507,/shared/ssd_30T/zhuoyingyang/physact/sam3_robowm/identity_v1/sam_masked_expansion6/crops/Cosmos3_seed101_0010/frame_0188_rank_02.png
Cosmos3_seed101_0020,0,1,0.8148337006568909,0.9625452756881714,548.5686645507812,424.8958129882813,691.5175170898438,504.3040161132813,0.9765625,4012,/shared/ssd_30T/zhuoyingyang/physact/sam3_robowm/identity_v1/sam_masked_expansion6/crops/Cosmos3_seed101_0020/frame_0000_rank_01.png
Cosmos3_seed101_0020,3,1,0.8143229484558105,0.9656141996383668,548.6375122070312,424.8145751953125,691.5855102539062,504.3638916015625,0.9765625,4023,/shared/ssd_30T/zhuoyingyang/physact/sam3_robowm/identity_v1/sam_masked_expansion6/crops/Cosmos3_seed101_0020/frame_0003_rank_01.png
Cosmos3_seed101_0020,6,1,0.8263135552406311,0.9644274711608888,548.8428955078125,424.8442993164063,691.0849609375,504.2464599609375,0.9765625,3997,/shared/ssd_30T/zhuoyingyang/physact/sam3_robowm/identity_v1/sam_masked_expansion6/crops/Cosmos3_seed101_0020/frame_0006_rank_01.png
Cosmos3_seed101_0020,9,1,0.8271018862724304,0.9677661657333374,549.0668334960938,424.868408203125,691.3598022460938,504.493896484375,0.9765625,3991,/shared/ssd_30T/zhuoyingyang/physact/sam3_robowm/identity_v1/sam_masked_expansion6/crops/Cosmos3_seed101_0020/frame_0009_rank_01.png
Cosmos3_seed101_0020,12,1,0.8252668380737305,0.9665626883506776,549.5134887695312,424.745849609375,691.4216918945312,504.3863525390625,0.9765625,4003,/shared/ssd_30T/zhuoyingyang/physact/sam3_robowm/identity_v1/sam_masked_expansion6/crops/Cosmos3_seed101_0020/frame_0012_rank_01.png
Cosmos3_seed101_0020,15,1,0.826762855052948,0.9601659178733826,548.6865234375,424.9593811035156,691.369384765625,504.4891052246094,0.9765625,3999,/shared/ssd_30T/zhuoyingyang/physact/sam3_robowm/identity_v1/sam_masked_expansion6/crops/Cosmos3_seed101_0020/frame_0015_rank_01.png
Cosmos3_seed101_0020,18,1,0.8161069750785828,0.9685348272323608,548.7116088867188,425.0532836914063,691.2040405273438,504.60943603515625,0.9765625,4032,/shared/ssd_30T/zhuoyingyang/physact/sam3_robowm/identity_v1/sam_masked_expansion6/crops/Cosmos3_seed101_0020/frame_0018_rank_01.png
Cosmos3_seed101_0020,21,1,0.8154270648956299,0.9641333818435668,548.9960327148438,424.8589782714844,691.3923950195312,504.4707336425781,0.9765625,4078,/shared/ssd_30T/zhuoyingyang/physact/sam3_robowm/identity_v1/sam_masked_expansion6/crops/Cosmos3_seed101_0020/frame_0021_rank_01.png
Cosmos3_seed101_0020,24,1,0.7924802303314209,0.9611778259277344,549.2932739257812,425.0573120117188,691.3655395507812,504.3272705078125,0.9765625,4027,/shared/ssd_30T/zhuoyingyang/physact/sam3_robowm/identity_v1/sam_masked_expansion6/crops/Cosmos3_seed101_0020/frame_0024_rank_01.png
Cosmos3_seed101_0020,27,1,0.7938094735145569,0.9619913101196288,549.3139038085938,425.0002136230469,691.4461059570312,504.1771545410156,0.9765625,4034,/shared/ssd_30T/zhuoyingyang/physact/sam3_robowm/identity_v1/sam_masked_expansion6/crops/Cosmos3_seed101_0020/frame_0027_rank_01.png
Cosmos3_seed101_0020,30,1,0.787860631942749,0.9590946435928344,549.439697265625,424.8999633789063,691.3563232421875,504.2220458984375,0.9765625,4044,/shared/ssd_30T/zhuoyingyang/physact/sam3_robowm/identity_v1/sam_masked_expansion6/crops/Cosmos3_seed101_0020/frame_0030_rank_01.png
Cosmos3_seed101_0020,33,1,0.8085039258003235,0.9525433778762816,549.421875,425.2960205078125,691.600830078125,504.5034790039063,0.9765625,4019,/shared/ssd_30T/zhuoyingyang/physact/sam3_robowm/identity_v1/sam_masked_expansion6/crops/Cosmos3_seed101_0020/frame_0033_rank_01.png
Cosmos3_seed101_0020,36,1,0.8101990222930908,0.950901985168457,549.5010375976562,425.0829162597656,691.5180053710938,504.3019104003906,0.9765625,4016,/shared/ssd_30T/zhuoyingyang/physact/sam3_robowm/identity_v1/sam_masked_expansion6/crops/Cosmos3_seed101_0020/frame_0036_rank_01.png
Cosmos3_seed101_0020,39,1,0.8139018416404724,0.9533170461654664,549.2293701171875,424.9097900390625,691.6143798828125,504.3072509765625,0.9765625,3937,/shared/ssd_30T/zhuoyingyang/physact/sam3_robowm/identity_v1/sam_masked_expansion6/crops/Cosmos3_seed101_0020/frame_0039_rank_01.png
Cosmos3_seed101_0020,42,1,0.8048195838928223,0.9394042491912842,549.406494140625,424.973388671875,691.44677734375,504.2423706054688,0.9765625,3894,/shared/ssd_30T/zhuoyingyang/physact/sam3_robowm/identity_v1/sam_masked_expansion6/crops/Cosmos3_seed101_0020/frame_0042_rank_01.png
Cosmos3_seed101_0020,45,1,0.7332890033721924,0.947214126586914,549.5357666015625,425.1800231933594,691.3349609375,504.2179260253906,0.9765625,3812,/shared/ssd_30T/zhuoyingyang/physact/sam3_robowm/identity_v1/sam_masked_expansion6/crops/Cosmos3_seed101_0020/frame_0045_rank_01.png
Cosmos3_seed101_0020,45,2,0.1188755333423614,0.6656653881072998,549.46044921875,205.0302124023437,714.56494140625,504.3443603515625,0.9609375,16420,/shared/ssd_30T/zhuoyingyang/physact/sam3_robowm/identity_v1/sam_masked_expansion6/crops/Cosmos3_seed101_0020/frame_0045_rank_02.png
Cosmos3_seed101_0020,45,3,0.1022461727261543,0.6194734573364258,551.1212768554688,60.659759521484375,1199.8154296875,713.974365234375,0.984375,130666,/shared/ssd_30T/zhuoyingyang/physact/sam3_robowm/identity_v1/sam_masked_expansion6/crops/Cosmos3_seed101_0020/frame_0045_rank_03.png
Cosmos3_seed101_0020,48,1,0.7575954794883728,0.939002275466919,549.7123413085938,425.2907104492188,691.1511840820312,504.2498779296875,0.97265625,3795,/shared/ssd_30T/zhuoyingyang/physact/sam3_robowm/identity_v1/sam_masked_expansion6/crops/Cosmos3_seed101_0020/frame_0048_rank_01.png
Cosmos3_seed101_0020,51,1,0.7756151556968689,0.9446233510971068,549.6229858398438,425.2799987792969,691.3306274414062,504.0741882324219,0.97265625,3734,/shared/ssd_30T/zhuoyingyang/physact/sam3_robowm/identity_v1/sam_masked_expansion6/crops/Cosmos3_seed101_0020/frame_0051_rank_01.png
Cosmos3_seed101_0020,54,1,0.762395441532135,0.9365105628967284,549.4669189453125,425.3629150390625,691.4769287109375,504.35791015625,0.9765625,3668,/shared/ssd_30T/zhuoyingyang/physact/sam3_robowm/identity_v1/sam_masked_expansion6/crops/Cosmos3_seed101_0020/frame_0054_rank_01.png
Cosmos3_seed101_0020,54,2,0.1163641661405563,0.6659348011016846,548.9840087890625,214.3026580810547,709.8548583984375,504.5396728515625,0.96484375,15835,/shared/ssd_30T/zhuoyingyang/physact/sam3_robowm/identity_v1/sam_masked_expansion6/crops/Cosmos3_seed101_0020/frame_0054_rank_02.png
Cosmos3_seed101_0020,57,1,0.7571291327476501,0.9405760765075684,549.4826049804688,425.2791137695313,691.6546020507812,504.53509521484375,0.9765625,3653,/shared/ssd_30T/zhuoyingyang/physact/sam3_robowm/identity_v1/sam_masked_expansion6/crops/Cosmos3_seed101_0020/frame_0057_rank_01.png
Cosmos3_seed101_0020,57,2,0.1134975776076316,0.6721794605255127,549.2181396484375,217.93228149414065,709.047607421875,504.6678771972656,0.9609375,15606,/shared/ssd_30T/zhuoyingyang/physact/sam3_robowm/identity_v1/sam_masked_expansion6/crops/Cosmos3_seed101_0020/frame_0057_rank_02.png
Cosmos3_seed101_0020,57,3,0.1027587801218032,0.6190899610519409,552.0762939453125,70.34078979492188,1187.5418701171875,714.314208984375,0.98828125,127932,/shared/ssd_30T/zhuoyingyang/physact/sam3_robowm/identity_v1/sam_masked_expansion6/crops/Cosmos3_seed101_0020/frame_0057_rank_03.png
Cosmos3_seed101_0020,60,1,0.7604239583015442,0.9394921064376832,549.7274780273438,425.1266784667969,691.4100952148438,504.3206481933594,0.9765625,3597,/shared/ssd_30T/zhuoyingyang/physact/sam3_robowm/identity_v1/sam_masked_expansion6/crops/Cosmos3_seed101_0020/frame_0060_rank_01.png
Cosmos3_seed101_0020,60,2,0.1017339378595352,0.6654305458068848,549.3057250976562,219.31753540039065,707.4924926757812,504.4051818847656,0.9609375,15393,/shared/ssd_30T/zhuoyingyang/physact/sam3_robowm/identity_v1/sam_masked_expansion6/crops/Cosmos3_seed101_0020/frame_0060_rank_02.png
Cosmos3_seed101_0020,60,3,0.1044961661100387,0.6149516701698303,552.0289306640625,71.38357543945312,1185.584716796875,713.8978271484375,0.98828125,127016,/shared/ssd_30T/zhuoyingyang/physact/sam3_robowm/identity_v1/sam_masked_expansion6/crops/Cosmos3_seed101_0020/frame_0060_rank_03.png
Cosmos3_seed101_0020,63,1,0.757662296295166,0.9377542734146118,549.9105224609375,425.1317443847656,691.51416015625,504.3756408691406,0.9765625,3541,/shared/ssd_30T/zhuoyingyang/physact/sam3_robowm/identity_v1/sam_masked_expansion6/crops/Cosmos3_seed101_0020/frame_0063_rank_01.png
Cosmos3_seed101_0020,63,2,0.1185947507619857,0.6750695705413818,549.6005249023438,220.9940490722656,706.5929565429688,504.5831604003906,0.9609375,15510,/shared/ssd_30T/zhuoyingyang/physact/sam3_robowm/identity_v1/sam_masked_expansion6/crops/Cosmos3_seed101_0020/frame_0063_rank_02.png
Cosmos3_seed101_0020,63,3,0.1024567037820816,0.618881106376648,551.5067749023438,72.76223754882812,1183.020751953125,713.7999267578125,0.98828125,127226,/shared/ssd_30T/zhuoyingyang/physact/sam3_robowm/identity_v1/sam_masked_expansion6/crops/Cosmos3_seed101_0020/frame_0063_rank_03.png
Cosmos3_seed101_0020,66,1,0.7727444767951965,0.9480408430099488,549.6111450195312,426.15667724609375,691.3085327148438,504.8389892578125,0.9765625,3660,/shared/ssd_30T/zhuoyingyang/physact/sam3_robowm/identity_v1/sam_masked_expansion6/crops/Cosmos3_seed101_0020/frame_0066_rank_01.png
Cosmos3_seed101_0020,66,2,0.1016892194747924,0.6707316637039185,549.2872924804688,221.9581756591797,704.1257934570312,504.9619140625,0.9609375,15557,/shared/ssd_30T/zhuoyingyang/physact/sam3_robowm/identity_v1/sam_masked_expansion6/crops/Cosmos3_seed101_0020/frame_0066_rank_02.png
Cosmos3_seed101_0020,69,1,0.795490026473999,0.9365394115447998,550.1087646484375,425.5439453125,689.464111328125,505.146728515625,0.97265625,3704,/shared/ssd_30T/zhuoyingyang/physact/sam3_robowm/identity_v1/sam_masked_expansion6/crops/Cosmos3_seed101_0020/frame_0069_rank_01.png
Cosmos3_seed101_0020,72,1,0.7829504013061523,0.9105332493782043,547.2099609375,419.5496215820313,683.80712890625,503.477294921875,0.9765625,3719,/shared/ssd_30T/zhuoyingyang/physact/sam3_robowm/identity_v1/sam_masked_expansion6/crops/Cosmos3_seed101_0020/frame_0072_rank_01.png
Cosmos3_seed101_0020,75,1,0.7749795317649841,0.9211598634719848,546.9619140625,406.7428588867188,676.75244140625,493.40625,0.97265625,3587,/shared/ssd_30T/zhuoyingyang/physact/sam3_robowm/identity_v1/sam_masked_expansion6/crops/Cosmos3_seed101_0020/frame_0075_rank_01.png
Cosmos3_seed101_0020,78,1,0.7638283967971802,0.910999834537506,546.378173828125,387.2191162109375,672.2454833984375,480.0350341796875,0.97265625,3514,/shared/ssd_30T/zhuoyingyang/physact/sam3_robowm/identity_v1/sam_masked_expansion6/crops/Cosmos3_seed101_0020/frame_0078_rank_01.png
Cosmos3_seed101_0020,81,1,0.750764787197113,0.9179520606994628,560.0276489257812,378.9183349609375,673.0474243164062,468.6339721679688,0.97265625,3126,/shared/ssd_30T/zhuoyingyang/physact/sam3_robowm/identity_v1/sam_masked_expansion6/crops/Cosmos3_seed101_0020/frame_0081_rank_01.png
Cosmos3_seed101_0020,84,1,0.7456871867179871,0.9109330177307128,570.96337890625,374.6768493652344,681.1722412109375,462.8196105957031,0.97265625,3056,/shared/ssd_30T/zhuoyingyang/physact/sam3_robowm/identity_v1/sam_masked_expansion6/crops/Cosmos3_seed101_0020/frame_0084_rank_01.png
Cosmos3_seed101_0020,84,2,0.1052027940750122,0.6129205822944641,576.22119140625,61.92819213867188,1184.189453125,714.3758544921875,0.98828125,122663,/shared/ssd_30T/zhuoyingyang/physact/sam3_robowm/identity_v1/sam_masked_expansion6/crops/Cosmos3_seed101_0020/frame_0084_rank_02.png
Cosmos3_seed101_0020,87,1,0.7488604784011841,0.884483277797699,586.8809814453125,372.5113220214844,690.5765380859375,454.8459777832031,0.97265625,2733,/shared/ssd_30T/zhuoyingyang/physact/sam3_robowm/identity_v1/sam_masked_expansion6/crops/Cosmos3_seed101_0020/frame_0087_rank_01.png
Cosmos3_seed101_0020,87,2,0.1063174456357956,0.6141825318336487,589.6099243164062,62.33560180664063,1184.687255859375,714.6517333984375,0.98828125,121785,/shared/ssd_30T/zhuoyingyang/physact/sam3_robowm/identity_v1/sam_masked_expansion6/crops/Cosmos3_seed101_0020/frame_0087_rank_02.png
Cosmos3_seed101_0020,90,1,0.7514563798904419,0.8875342607498169,596.6692504882812,368.0618286132813,694.9963989257812,449.71484375,0.97265625,2659,/shared/ssd_30T/zhuoyingyang/physact/sam3_robowm/identity_v1/sam_masked_expansion6/crops/Cosmos3_seed101_0020/frame_0090_rank_01.png
Cosmos3_seed101_0020,90,2,0.1052406132221221,0.6220109462738037,598.8997802734375,61.9058837890625,1187.580810546875,714.7940673828125,0.984375,120581,/shared/ssd_30T/zhuoyingyang/physact/sam3_robowm/identity_v1/sam_masked_expansion6/crops/Cosmos3_seed101_0020/frame_0090_rank_02.png
Cosmos3_seed101_0020,93,1,0.6986969113349915,0.9061012268066406,605.4642333984375,365.8102416992188,697.5550537109375,448.8682861328125,0.97265625,2553,/shared/ssd_30T/zhuoyingyang/physact/sam3_robowm/identity_v1/sam_masked_expansion6/crops/Cosmos3_seed101_0020/frame_0093_rank_01.png
Cosmos3_seed101_0020,93,2,0.1516758501529693,0.6295868158340454,605.5442504882812,62.3157958984375,1189.34716796875,715.2288818359375,0.984375,120413,/shared/ssd_30T/zhuoyingyang/physact/sam3_robowm/identity_v1/sam_masked_expansion6/crops/Cosmos3_seed101_0020/frame_0093_rank_02.png
Cosmos3_seed101_0020,96,1,0.6430429220199585,0.8763179779052734,620.1522216796875,366.9742126464844,703.868896484375,449.9645690917969,0.97265625,2369,/shared/ssd_30T/zhuoyingyang/physact/sam3_robowm/identity_v1/sam_masked_expansion6/crops/Cosmos3_seed101_0020/frame_0096_rank_01.png
Cosmos3_seed101_0020,96,2,0.1919862329959869,0.6255688667297363,616.0885620117188,64.60955810546875,1189.645263671875,715.4722900390625,0.98046875,118923,/shared/ssd_30T/zhuoyingyang/physact/sam3_robowm/identity_v1/sam_masked_expansion6/crops/Cosmos3_seed101_0020/frame_0096_rank_02.png
Cosmos3_seed101_0020,96,3,0.1071779355406761,0.5748634338378906,616.563720703125,65.30450439453125,986.879150390625,449.9793701171875,0.96875,38223,/shared/ssd_30T/zhuoyingyang/physact/sam3_robowm/identity_v1/sam_masked_expansion6/crops/Cosmos3_seed101_0020/frame_0096_rank_03.png
Cosmos3_seed101_0020,99,1,0.5900546908378601,0.888922929763794,627.73046875,368.6562805175781,712.1961669921875,451.2417907714844,0.97265625,2316,/shared/ssd_30T/zhuoyingyang/physact/sam3_robowm/identity_v1/sam_masked_expansion6/crops/Cosmos3_seed101_0020/frame_0099_rank_01.png
Cosmos3_seed101_0020,99,2,0.1106502711772918,0.6995514631271362,626.8757934570312,188.15577697753903,761.0021362304688,450.9130859375,0.921875,10538,/shared/ssd_30T/zhuoyingyang/physact/sam3_robowm/identity_v1/sam_masked_expansion6/crops/Cosmos3_seed101_0020/frame_0099_rank_02.png
Cosmos3_seed101_0020,99,3,0.2074939608573913,0.6284558176994324,626.5059814453125,66.73239135742188,1190.46533203125,715.32470703125,0.98046875,116235,/shared/ssd_30T/zhuoyingyang/physact/sam3_robowm/identity_v1/sam_masked_expansion6/crops/Cosmos3_seed101_0020/frame_0099_rank_03.png
Cosmos3_seed101_0020,102,1,0.5600612759590149,0.8956257104873657,648.0718383789062,369.9585571289063,718.5245971679688,451.345458984375,0.96875,2112,/shared/ssd_30T/zhuoyingyang/physact/sam3_robowm/identity_v1/sam_masked_expansion6/crops/Cosmos3_seed101_0020/frame_0102_rank_01.png
Cosmos3_seed101_0020,102,2,0.1061053648591041,0.8158514499664307,681.885009765625,375.4088439941406,718.281982421875,450.7057800292969,0.95703125,1703,/shared/ssd_30T/zhuoyingyang/physact/sam3_robowm/identity_v1/sam_masked_expansion6/crops/Cosmos3_seed101_0020/frame_0102_rank_02.png
Cosmos3_seed101_0020,102,3,0.1270118802785873,0.8141868114471436,640.402587890625,288.4820251464844,719.7371826171875,451.2549743652344,0.96484375,6531,/shared/ssd_30T/zhuoyingyang/physact/sam3_robowm/identity_v1/sam_masked_expansion6/crops/Cosmos3_seed101_0020/frame_0102_rank_03.png
Cosmos3_seed101_0020,105,1,0.4373064339160919,0.8797457814216614,653.9425048828125,370.33447265625,722.0357666015625,453.2764892578125,0.96875,2109,/shared/ssd_30T/zhuoyingyang/physact/sam3_robowm/identity_v1/sam_masked_expansion6/crops/Cosmos3_seed101_0020/frame_0105_rank_01.png
Cosmos3_seed101_0020,105,2,0.2254341542720794,0.7926019430160522,688.9292602539062,375.4713134765625,722.0448608398438,452.9490966796875,0.95703125,1666,/shared/ssd_30T/zhuoyingyang/physact/sam3_robowm/identity_v1/sam_masked_expansion6/crops/Cosmos3_seed101_0020/frame_0105_rank_02.png
Cosmos3_seed101_0020,105,3,0.1005788668990135,0.7891687750816345,654.5159301757812,294.0639038085937,759.7919311523438,453.1494140625,0.9140625,7014,/shared/ssd_30T/zhuoyingyang/physact/sam3_robowm/identity_v1/sam_masked_expansion6/crops/Cosmos3_seed101_0020/frame_0105_rank_03.png
Cosmos3_seed101_0020,108,1,0.5275864601135254,0.8756919503211975,660.872802734375,374.244384765625,724.70556640625,455.43658447265625,0.96875,2049,/shared/ssd_30T/zhuoyingyang/physact/sam3_robowm/identity_v1/sam_masked_expansion6/crops/Cosmos3_seed101_0020/frame_0108_rank_01.png
Cosmos3_seed101_0020,108,2,0.1107373088598251,0.8095439076423645,648.9075927734375,290.5177307128906,728.8916015625,456.1379089355469,0.96484375,6389,/shared/ssd_30T/zhuoyingyang/physact/sam3_robowm/identity_v1/sam_masked_expansion6/crops/Cosmos3_seed101_0020/frame_0108_rank_02.png
Cosmos3_seed101_0020,108,3,0.1086196899414062,0.7779936790466309,693.9151611328125,378.9923706054688,724.52490234375,454.57708740234375,0.953125,1615,/shared/ssd_30T/zhuoyingyang/physact/sam3_robowm/identity_v1/sam_masked_expansion6/crops/Cosmos3_seed101_0020/frame_0108_rank_03.png
Cosmos3_seed101_0020,111,1,0.4346906542778015,0.852875828742981,671.8225708007812,373.9679565429688,726.6416625976562,452.95159912109375,0.96875,2011,/shared/ssd_30T/zhuoyingyang/physact/sam3_robowm/identity_v1/sam_masked_expansion6/crops/Cosmos3_seed101_0020/frame_0111_rank_01.png
Cosmos3_seed101_0020,111,2,0.1014723926782608,0.8240947127342224,671.583740234375,303.441162109375,730.6561279296875,452.9521484375,0.9609375,5427,/shared/ssd_30T/zhuoyingyang/physact/sam3_robowm/identity_v1/sam_masked_expansion6/crops/Cosmos3_seed101_0020/frame_0111_rank_02.png
Cosmos3_seed101_0020,111,3,0.1936117708683014,0.6303796768188477,669.2870483398438,75.06288146972656,994.8345336914062,452.53369140625,0.9453125,33620,/shared/ssd_30T/zhuoyingyang/physact/sam3_robowm/identity_v1/sam_masked_expansion6/crops/Cosmos3_seed101_0020/frame_0111_rank_03.png
Cosmos3_seed101_0020,114,1,0.6574190855026245,0.8596860766410828,659.9232177734375,370.0315246582031,730.66455078125,447.5478210449219,0.96875,2130,/shared/ssd_30T/zhuoyingyang/physact/sam3_robowm/identity_v1/sam_masked_expansion6/crops/Cosmos3_seed101_0020/frame_0114_rank_01.png
Cosmos3_seed101_0020,114,2,0.1871153563261032,0.6279540061950684,656.5247192382812,73.48529052734375,1186.933837890625,715.4966430664062,0.98046875,113273,/shared/ssd_30T/zhuoyingyang/physact/sam3_robowm/identity_v1/sam_masked_expansion6/crops/Cosmos3_seed101_0020/frame_0114_rank_02.png
Cosmos3_seed101_0020,114,3,0.1203014031052589,0.6193341016769409,657.3912353515625,73.75495910644531,993.010498046875,447.5660400390625,0.9453125,34069,/shared/ssd_30T/zhuoyingyang/physact/sam3_robowm/identity_v1/sam_masked_expansion6/crops/Cosmos3_seed101_0020/frame_0114_rank_03.png
Cosmos3_seed101_0020,117,1,0.6011683344841003,0.8465359210968018,659.3960571289062,366.7557678222656,731.6852416992188,444.9836120605469,0.96875,2182,/shared/ssd_30T/zhuoyingyang/physact/sam3_robowm/identity_v1/sam_masked_expansion6/crops/Cosmos3_seed101_0020/frame_0117_rank_01.png
Cosmos3_seed101_0020,117,2,0.1111089438199997,0.8309909701347351,658.4814453125,294.1070861816406,735.9931640625,444.7001647949219,0.9609375,6077,/shared/ssd_30T/zhuoyingyang/physact/sam3_robowm/identity_v1/sam_masked_expansion6/crops/Cosmos3_seed101_0020/frame_0117_rank_02.png
Cosmos3_seed101_0020,117,3,0.1217303946614265,0.7266496419906616,657.8646850585938,195.290283203125,773.3848266601562,444.8701171875,0.84765625,10346,/shared/ssd_30T/zhuoyingyang/physact/sam3_robowm/identity_v1/sam_masked_expansion6/crops/Cosmos3_seed101_0020/frame_0117_rank_03.png
Cosmos3_seed101_0020,120,1,0.5823046565055847,0.8692656755447388,659.7720336914062,366.228515625,732.2706909179688,443.55999755859375,0.96875,2198,/shared/ssd_30T/zhuoyingyang/physact/sam3_robowm/identity_v1/sam_masked_expansion6/crops/Cosmos3_seed101_0020/frame_0120_rank_01.png
Cosmos3_seed101_0020,120,2,0.1054091453552246,0.6502785682678223,1068.2686767578125,542.2939453125,1115.8204345703125,589.8388671875,0.91796875,1301,/shared/ssd_30T/zhuoyingyang/physact/sam3_robowm/identity_v1/sam_masked_expansion6/crops/Cosmos3_seed101_0020/frame_0120_rank_02.png
Cosmos3_seed101_0020,120,3,0.1056781485676765,0.6291819214820862,675.0838012695312,192.64816284179688,781.1234741210938,294.7970275878906,0.95703125,5489,/shared/ssd_30T/zhuoyingyang/physact/sam3_robowm/identity_v1/sam_masked_expansion6/crops/Cosmos3_seed101_0020/frame_0120_rank_03.png
Cosmos3_seed101_0020,123,1,0.7396268248558044,0.8974741697311401,663.63623046875,361.6549682617188,733.8839111328125,442.8278198242188,0.97265625,2536,/shared/ssd_30T/zhuoyingyang/physact/sam3_robowm/identity_v1/sam_masked_expansion6/crops/Cosmos3_seed101_0020/frame_0123_rank_01.png
Cosmos3_seed101_0020,123,2,0.1156341210007667,0.6172463893890381,652.5757446289062,64.69232177734375,1199.02587890625,714.6906127929688,0.984375,115308,/shared/ssd_30T/zhuoyingyang/physact/sam3_robowm/identity_v1/sam_masked_expansion6/crops/Cosmos3_seed101_0020/frame_0123_rank_02.png
Cosmos3_seed101_0020,126,1,0.6520406007766724,0.78086256980896,660.8433837890625,354.1332092285156,731.946044921875,443.3089904785156,0.96875,2970,/shared/ssd_30T/zhuoyingyang/physact/sam3_robowm/identity_v1/sam_masked_expansion6/crops/Cosmos3_seed101_0020/frame_0126_rank_01.png
Cosmos3_seed101_0020,126,2,0.1735933423042297,0.7536066770553589,664.4798583984375,354.4375,704.7418212890625,429.96624755859375,0.94921875,1710,/shared/ssd_30T/zhuoyingyang/physact/sam3_robowm/identity_v1/sam_masked_expansion6/crops/Cosmos3_seed101_0020/frame_0126_rank_02.png
Cosmos3_seed101_0020,126,3,0.1903165429830551,0.7386959791183472,701.6983032226562,380.91448974609375,731.6707153320312,442.322509765625,0.94921875,1181,/shared/ssd_30T/zhuoyingyang/physact/sam3_robowm/identity_v1/sam_masked_expansion6/crops/Cosmos3_seed101_0020/frame_0126_rank_03.png
Cosmos3_seed101_0020,129,1,0.374165415763855,0.792253851890564,660.6127319335938,348.80450439453125,732.3069458007812,443.9598388671875,0.96484375,2923,/shared/ssd_30T/zhuoyingyang/physact/sam3_robowm/identity_v1/sam_masked_expansion6/crops/Cosmos3_seed101_0020/frame_0129_rank_01.png
Cosmos3_seed101_0020,129,2,0.1792137622833252,0.763231098651886,699.7352905273438,379.9548645019531,732.1663208007812,443.1245422363281,0.953125,1182,/shared/ssd_30T/zhuoyingyang/physact/sam3_robowm/identity_v1/sam_masked_expansion6/crops/Cosmos3_seed101_0020/frame_0129_rank_02.png
Cosmos3_seed101_0020,129,3,0.1669801026582718,0.6850258111953735,660.9734497070312,349.7549743652344,705.1177368164062,425.4221496582031,0.9609375,1707,/shared/ssd_30T/zhuoyingyang/physact/sam3_robowm/identity_v1/sam_masked_expansion6/crops/Cosmos3_seed101_0020/frame_0129_rank_03.png
Cosmos3_seed101_0020,132,1,0.4865565598011017,0.841513991355896,654.3594970703125,339.20782470703125,732.505126953125,443.08294677734375,0.96484375,3206,/shared/ssd_30T/zhuoyingyang/physact/sam3_robowm/identity_v1/sam_masked_expansion6/crops/Cosmos3_seed101_0020/frame_0132_rank_01.png
Cosmos3_seed101_0020,132,2,0.3580467402935028,0.8381047248840332,690.7808227539062,375.5374145507813,732.1344604492188,442.6139526367188,0.9609375,1552,/shared/ssd_30T/zhuoyingyang/physact/sam3_robowm/identity_v1/sam_masked_expansion6/crops/Cosmos3_seed101_0020/frame_0132_rank_02.png
Cosmos3_seed101_0020,132,3,0.3687757551670074,0.7367955446243286,655.2742309570312,339.51806640625,694.0985717773438,415.2667236328125,0.9609375,1652,/shared/ssd_30T/zhuoyingyang/physact/sam3_robowm/identity_v1/sam_masked_expansion6/crops/Cosmos3_seed101_0020/frame_0132_rank_03.png
Cosmos3_seed101_0020,135,1,0.4076553881168365,0.908892035484314,672.4376831054688,374.5509338378906,732.3029174804688,442.4040222167969,0.96875,1929,/shared/ssd_30T/zhuoyingyang/physact/sam3_robowm/identity_v1/sam_masked_expansion6/crops/Cosmos3_seed101_0020/frame_0135_rank_01.png
Cosmos3_seed101_0020,135,2,0.4543643295764923,0.8493499755859375,612.0426025390625,333.4189147949219,732.5489501953125,442.8635559082031,0.97265625,3732,/shared/ssd_30T/zhuoyingyang/physact/sam3_robowm/identity_v1/sam_masked_expansion6/crops/Cosmos3_seed101_0020/frame_0135_rank_02.png
Cosmos3_seed101_0020,135,3,0.3950715661048889,0.8422006368637085,611.9305419921875,333.5119934082031,673.819580078125,405.3494567871094,0.96875,1819,/shared/ssd_30T/zhuoyingyang/physact/sam3_robowm/identity_v1/sam_masked_expansion6/crops/Cosmos3_seed101_0020/frame_0135_rank_03.png
Cosmos3_seed101_0020,138,1,0.6113098859786987,0.9135206937789916,656.858154296875,373.83984375,732.449951171875,442.70416259765625,0.97265625,2091,/shared/ssd_30T/zhuoyingyang/physact/sam3_robowm/identity_v1/sam_masked_expansion6/crops/Cosmos3_seed101_0020/frame_0138_rank_01.png
Cosmos3_seed101_0020,138,2,0.2472881078720092,0.8845466375350952,580.0714111328125,330.4753112792969,732.6646728515625,442.6907043457031,0.97265625,4160,/shared/ssd_30T/zhuoyingyang/physact/sam3_robowm/identity_v1/sam_masked_expansion6/crops/Cosmos3_seed101_0020/frame_0138_rank_02.png
Cosmos3_seed101_0020,138,3,0.5719854831695557,0.88141268491745,580.0039672851562,330.5335388183594,654.2527465820312,406.3011169433594,0.97265625,2151,/shared/ssd_30T/zhuoyingyang/physact/sam3_robowm/identity_v1/sam_masked_expansion6/crops/Cosmos3_seed101_0020/frame_0138_rank_03.png
Cosmos3_seed101_0020,141,1,0.7018239498138428,0.9225553870201112,657.7861328125,373.0040893554688,732.39111328125,443.33306884765625,0.97265625,2065,/shared/ssd_30T/zhuoyingyang/physact/sam3_robowm/identity_v1/sam_masked_expansion6/crops/Cosmos3_seed101_0020/frame_0141_rank_01.png
Cosmos3_seed101_0020,141,2,0.6769419312477112,0.8763754367828369,550.4033203125,327.5129089355469,637.8878173828125,408.4605407714844,0.97265625,2617,/shared/ssd_30T/zhuoyingyang/physact/sam3_robowm/identity_v1/sam_masked_expansion6/crops/Cosmos3_seed101_0020/frame_0141_rank_02.png
Cosmos3_seed101_0020,144,1,0.6869329214096069,0.9043131470680236,658.3358154296875,373.15625,732.4031982421875,443.5016479492188,0.97265625,2082,/shared/ssd_30T/zhuoyingyang/physact/sam3_robowm/identity_v1/sam_masked_expansion6/crops/Cosmos3_seed101_0020/frame_0144_rank_01.png
Cosmos3_seed101_0020,144,2,0.7028675079345703,0.9020869135856628,513.2929077148438,331.4107360839844,627.6372680664062,420.7627868652344,0.9765625,3262,/shared/ssd_30T/zhuoyingyang/physact/sam3_robowm/identity_v1/sam_masked_expansion6/crops/Cosmos3_seed101_0020/frame_0144_rank_02.png
Cosmos3_seed101_0020,147,1,0.6751928329467773,0.916271448135376,658.6671142578125,373.17095947265625,732.8154296875,443.47265625,0.97265625,2074,/shared/ssd_30T/zhuoyingyang/physact/sam3_robowm/identity_v1/sam_masked_expansion6/crops/Cosmos3_seed101_0020/frame_0147_rank_01.png
Cosmos3_seed101_0020,147,2,0.7056401968002319,0.9034202694892884,497.896484375,346.26715087890625,625.353271484375,439.6453857421875,0.9765625,3741,/shared/ssd_30T/zhuoyingyang/physact/sam3_robowm/identity_v1/sam_masked_expansion6/crops/Cosmos3_seed101_0020/frame_0147_rank_02.png
Cosmos3_seed101_0020,150,1,0.6819177269935608,0.922352969646454,658.845947265625,373.0208740234375,732.6591796875,443.0348510742188,0.97265625,2085,/shared/ssd_30T/zhuoyingyang/physact/sam3_robowm/identity_v1/sam_masked_expansion6/crops/Cosmos3_seed101_0020/frame_0150_rank_01.png
Cosmos3_seed101_0020,150,2,0.7177008986473083,0.8875661492347717,495.3007507324219,365.4217529296875,627.4313354492188,459.2590942382813,0.9765625,3981,/shared/ssd_30T/zhuoyingyang/physact/sam3_robowm/identity_v1/sam_masked_expansion6/crops/Cosmos3_seed101_0020/frame_0150_rank_02.png
Cosmos3_seed101_0020,153,1,0.6695250868797302,0.9233531951904296,658.4183349609375,372.7519226074219,732.55810546875,442.9259338378906,0.97265625,2073,/shared/ssd_30T/zhuoyingyang/physact/sam3_robowm/identity_v1/sam_masked_expansion6/crops/Cosmos3_seed101_0020/frame_0153_rank_01.png
Cosmos3_seed101_0020,153,2,0.6811231374740601,0.9106000065803528,493.42181396484375,380.84423828125,628.9618530273438,471.974609375,0.98046875,3891,/shared/ssd_30T/zhuoyingyang/physact/sam3_robowm/identity_v1/sam_masked_expansion6/crops/Cosmos3_seed101_0020/frame_0153_rank_02.png
Cosmos3_seed101_0020,156,1,0.6559144258499146,0.9177496433258056,658.3145141601562,372.5834045410156,732.4229125976562,442.9648742675781,0.97265625,2097,/shared/ssd_30T/zhuoyingyang/physact/sam3_robowm/identity_v1/sam_masked_expansion6/crops/Cosmos3_seed101_0020/frame_0156_rank_01.png
Cosmos3_seed101_0020,156,2,0.6781014204025269,0.8940035104751587,497.47174072265625,398.0928039550781,630.3507690429688,488.1277770996094,0.9765625,3879,/shared/ssd_30T/zhuoyingyang/physact/sam3_robowm/identity_v1/sam_masked_expansion6/crops/Cosmos3_seed101_0020/frame_0156_rank_02.png
Cosmos3_seed101_0020,156,3,0.1405311822891235,0.8550606966018677,497.11859130859375,372.42327880859375,732.9846801757812,488.0523071289063,0.97265625,5955,/shared/ssd_30T/zhuoyingyang/physact/sam3_robowm/identity_v1/sam_masked_expansion6/crops/Cosmos3_seed101_0020/frame_0156_rank_03.png
Cosmos3_seed101_0020,159,1,0.6486518383026123,0.9239861965179444,658.1082763671875,372.4681701660156,732.6441650390625,443.4028015136719,0.96875,2103,/shared/ssd_30T/zhuoyingyang/physact/sam3_robowm/identity_v1/sam_masked_expansion6/crops/Cosmos3_seed101_0020/frame_0159_rank_01.png
Cosmos3_seed101_0020,159,2,0.6538090109825134,0.8984569311141968,504.0702209472656,411.31878662109375,635.2496948242188,500.24261474609375,0.9765625,3848,/shared/ssd_30T/zhuoyingyang/physact/sam3_robowm/identity_v1/sam_masked_expansion6/crops/Cosmos3_seed101_0020/frame_0159_rank_02.png
Cosmos3_seed101_0020,159,3,0.1650804728269577,0.8589173555374146,504.2027587890625,372.36859130859375,733.0126953125,500.358642578125,0.9765625,5905,/shared/ssd_30T/zhuoyingyang/physact/sam3_robowm/identity_v1/sam_masked_expansion6/crops/Cosmos3_seed101_0020/frame_0159_rank_03.png
Cosmos3_seed101_0020,162,1,0.6674121022224426,0.9177637696266174,658.3623046875,372.2676696777344,732.6209716796875,443.1902770996094,0.97265625,2067,/shared/ssd_30T/zhuoyingyang/physact/sam3_robowm/identity_v1/sam_masked_expansion6/crops/Cosmos3_seed101_0020/frame_0162_rank_01.png
Cosmos3_seed101_0020,162,2,0.6990194320678711,0.9090591073036194,511.84906005859375,422.9784240722656,641.2431030273438,509.0953063964844,0.9765625,3715,/shared/ssd_30T/zhuoyingyang/physact/sam3_robowm/identity_v1/sam_masked_expansion6/crops/Cosmos3_seed101_0020/frame_0162_rank_02.png
Cosmos3_seed101_0020,162,3,0.1263731867074966,0.8534521460533142,511.7979431152344,371.8849792480469,732.9619140625,509.2283020019531,0.9765625,5769,/shared/ssd_30T/zhuoyingyang/physact/sam3_robowm/identity_v1/sam_masked_expansion6/crops/Cosmos3_seed101_0020/frame_0162_rank_03.png
Cosmos3_seed101_0020,165,1,0.6546856760978699,0.9230507612228394,513.9009399414062,426.80120849609375,643.9569702148438,515.6361694335938,0.9765625,3727,/shared/ssd_30T/zhuoyingyang/physact/sam3_robowm/identity_v1/sam_masked_expansion6/crops/Cosmos3_seed101_0020/frame_0165_rank_01.png
Cosmos3_seed101_0020,165,2,0.6524186134338379,0.9142966270446776,658.5934448242188,369.8513793945313,732.5082397460938,443.1031494140625,0.96875,2119,/shared/ssd_30T/zhuoyingyang/physact/sam3_robowm/identity_v1/sam_masked_expansion6/crops/Cosmos3_seed101_0020/frame_0165_rank_02.png
Cosmos3_seed101_0020,165,3,0.1707768887281417,0.8393378257751465,514.4022827148438,369.5138549804688,732.7034301757812,515.7001953125,0.9765625,5818,/shared/ssd_30T/zhuoyingyang/physact/sam3_robowm/identity_v1/sam_masked_expansion6/crops/Cosmos3_seed101_0020/frame_0165_rank_03.png
Cosmos3_seed101_0020,168,1,0.5826320052146912,0.9188732504844666,658.8032836914062,371.8258361816406,732.5123901367188,442.4328918457031,0.96875,2103,/shared/ssd_30T/zhuoyingyang/physact/sam3_robowm/identity_v1/sam_masked_expansion6/crops/Cosmos3_seed101_0020/frame_0168_rank_01.png
Cosmos3_seed101_0020,168,2,0.572360098361969,0.9141172170639038,515.4620971679688,429.8722839355469,646.8638305664062,519.270263671875,0.9765625,3889,/shared/ssd_30T/zhuoyingyang/physact/sam3_robowm/identity_v1/sam_masked_expansion6/crops/Cosmos3_seed101_0020/frame_0168_rank_02.png
Cosmos3_seed101_0020,168,3,0.2604337036609649,0.8459219932556152,515.8707885742188,371.6147766113281,732.6931762695312,519.2633666992188,0.9765625,5993,/shared/ssd_30T/zhuoyingyang/physact/sam3_robowm/identity_v1/sam_masked_expansion6/crops/Cosmos3_seed101_0020/frame_0168_rank_03.png
Cosmos3_seed101_0020,171,1,0.6284170746803284,0.9201611876487732,658.8339233398438,372.6324462890625,732.6762084960938,442.8294067382813,0.97265625,2063,/shared/ssd_30T/zhuoyingyang/physact/sam3_robowm/identity_v1/sam_masked_expansion6/crops/Cosmos3_seed101_0020/frame_0171_rank_01.png
Cosmos3_seed101_0020,171,2,0.6075112819671631,0.9196059107780457,517.2886962890625,443.8849487304688,644.9476318359375,524.849365234375,0.9765625,3679,/shared/ssd_30T/zhuoyingyang/physact/sam3_robowm/identity_v1/sam_masked_expansion6/crops/Cosmos3_seed101_0020/frame_0171_rank_02.png
Cosmos3_seed101_0020,171,3,0.2117262035608291,0.8468652963638306,517.310302734375,372.2795715332031,733.052490234375,524.608154296875,0.98046875,5698,/shared/ssd_30T/zhuoyingyang/physact/sam3_robowm/identity_v1/sam_masked_expansion6/crops/Cosmos3_seed101_0020/frame_0171_rank_03.png
Cosmos3_seed101_0020,174,1,0.6976128816604614,0.927239179611206,515.691162109375,448.3812255859375,638.584716796875,531.8680419921875,0.9765625,3965,/shared/ssd_30T/zhuoyingyang/physact/sam3_robowm/identity_v1/sam_masked_expansion6/crops/Cosmos3_seed101_0020/frame_0174_rank_01.png
Cosmos3_seed101_0020,174,2,0.6603609323501587,0.9205889701843262,658.5250854492188,373.6678161621094,732.3947143554688,442.9233093261719,0.97265625,2084,/shared/ssd_30T/zhuoyingyang/physact/sam3_robowm/identity_v1/sam_masked_expansion6/crops/Cosmos3_seed101_0020/frame_0174_rank_02.png
Cosmos3_seed101_0020,174,3,0.102765217423439,0.8654785752296448,515.35009765625,372.8875427246094,733.185546875,532.391845703125,0.97265625,6004,/shared/ssd_30T/zhuoyingyang/physact/sam3_robowm/identity_v1/sam_masked_expansion6/crops/Cosmos3_seed101_0020/frame_0174_rank_03.png
Cosmos3_seed101_0020,177,1,0.7040438652038574,0.930805802345276,515.89599609375,447.2122497558594,639.6434326171875,530.9946899414062,0.9765625,3892,/shared/ssd_30T/zhuoyingyang/physact/sam3_robowm/identity_v1/sam_masked_expansion6/crops/Cosmos3_seed101_0020/frame_0177_rank_01.png
Cosmos3_seed101_0020,177,2,0.6711118817329407,0.9173230528831482,658.2472534179688,373.0103149414063,732.5816040039062,442.91595458984375,0.97265625,2078,/shared/ssd_30T/zhuoyingyang/physact/sam3_robowm/identity_v1/sam_masked_expansion6/crops/Cosmos3_seed101_0020/frame_0177_rank_02.png
Cosmos3_seed101_0020,180,1,0.697222113609314,0.938278317451477,520.574462890625,443.7837829589844,643.403076171875,525.1182861328125,0.9765625,3717,/shared/ssd_30T/zhuoyingyang/physact/sam3_robowm/identity_v1/sam_masked_expansion6/crops/Cosmos3_seed101_0020/frame_0180_rank_01.png
Cosmos3_seed101_0020,180,2,0.6692136526107788,0.9098246097564696,658.6054077148438,372.8589782714844,732.5803833007812,443.0005187988281,0.97265625,2064,/shared/ssd_30T/zhuoyingyang/physact/sam3_robowm/identity_v1/sam_masked_expansion6/crops/Cosmos3_seed101_0020/frame_0180_rank_02.png
Cosmos3_seed101_0020,180,3,0.1055913120508194,0.8888688087463379,520.2535400390625,371.9785461425781,733.3651123046875,525.6268310546875,0.9765625,5729,/shared/ssd_30T/zhuoyingyang/physact/sam3_robowm/identity_v1/sam_masked_expansion6/crops/Cosmos3_seed101_0020/frame_0180_rank_03.png
Cosmos3_seed101_0020,183,1,0.6879554986953735,0.9372904896736144,520.9144897460938,442.5370178222656,643.8137817382812,523.5438842773438,0.9765625,3647,/shared/ssd_30T/zhuoyingyang/physact/sam3_robowm/identity_v1/sam_masked_expansion6/crops/Cosmos3_seed101_0020/frame_0183_rank_01.png
Cosmos3_seed101_0020,183,2,0.6530093550682068,0.9142659902572632,658.4457397460938,373.0251159667969,732.5809936523438,442.9088439941406,0.97265625,2046,/shared/ssd_30T/zhuoyingyang/physact/sam3_robowm/identity_v1/sam_masked_expansion6/crops/Cosmos3_seed101_0020/frame_0183_rank_02.png
Cosmos3_seed101_0020,183,3,0.1064413264393806,0.8660758137702942,520.543701171875,372.10491943359375,733.41455078125,523.965087890625,0.9765625,5644,/shared/ssd_30T/zhuoyingyang/physact/sam3_robowm/identity_v1/sam_masked_expansion6/crops/Cosmos3_seed101_0020/frame_0183_rank_03.png
Cosmos3_seed101_0020,186,1,0.690144419670105,0.9359915256500244,518.3402099609375,446.2642822265625,639.6387939453125,528.7374267578125,0.9765625,3693,/shared/ssd_30T/zhuoyingyang/physact/sam3_robowm/identity_v1/sam_masked_expansion6/crops/Cosmos3_seed101_0020/frame_0186_rank_01.png
Cosmos3_seed101_0020,186,2,0.67230623960495,0.9171329736709596,658.55859375,372.6874084472656,732.5015869140625,442.5757141113281,0.97265625,2050,/shared/ssd_30T/zhuoyingyang/physact/sam3_robowm/identity_v1/sam_masked_expansion6/crops/Cosmos3_seed101_0020/frame_0186_rank_02.png
Cosmos3_seed101_0020,186,3,0.1001835465431213,0.8939849734306335,517.8977661132812,371.7649230957031,733.4722290039062,529.42626953125,0.97265625,5713,/shared/ssd_30T/zhuoyingyang/physact/sam3_robowm/identity_v1/sam_masked_expansion6/crops/Cosmos3_seed101_0020/frame_0186_rank_03.png
Cosmos3_seed101_0020,188,1,0.6928290724754333,0.9152684211730956,517.851806640625,446.4332885742188,638.7864990234375,529.2060546875,0.9765625,3754,/shared/ssd_30T/zhuoyingyang/physact/sam3_robowm/identity_v1/sam_masked_expansion6/crops/Cosmos3_seed101_0020/frame_0188_rank_01.png
Cosmos3_seed101_0020,188,2,0.6646649241447449,0.9124770164489746,658.3353881835938,372.8062133789063,732.4000854492188,442.4839477539063,0.97265625,2069,/shared/ssd_30T/zhuoyingyang/physact/sam3_robowm/identity_v1/sam_masked_expansion6/crops/Cosmos3_seed101_0020/frame_0188_rank_02.png
Cosmos3_seed101_0020,188,3,0.1071212515234947,0.8878302574157715,517.3579711914062,371.9482421875,733.3795776367188,529.9923706054688,0.96484375,5848,/shared/ssd_30T/zhuoyingyang/physact/sam3_robowm/identity_v1/sam_masked_expansion6/crops/Cosmos3_seed101_0020/frame_0188_rank_03.png
Cosmos3_seed101_0036,0,1,0.7169114947319031,0.98137229681015,662.4298095703125,346.1454772949219,759.61474609375,417.8121032714844,0.96875,4984,/shared/ssd_30T/zhuoyingyang/physact/sam3_robowm/identity_v1/sam_masked_expansion6/crops/Cosmos3_seed101_0036/frame_0000_rank_01.png
Cosmos3_seed101_0036,0,2,0.1322802603244781,0.622111976146698,913.4586181640624,482.7980346679688,1114.013916015625,716.8209838867188,0.91796875,18543,/shared/ssd_30T/zhuoyingyang/physact/sam3_robowm/identity_v1/sam_masked_expansion6/crops/Cosmos3_seed101_0036/frame_0000_rank_02.png
Cosmos3_seed101_0036,0,3,0.104328766465187,0.6084364652633667,1130.254150390625,655.1070556640625,1244.86767578125,717.36181640625,0.953125,3311,/shared/ssd_30T/zhuoyingyang/physact/sam3_robowm/identity_v1/sam_masked_expansion6/crops/Cosmos3_seed101_0036/frame_0000_rank_03.png
Cosmos3_seed101_0036,3,1,0.7324685454368591,0.9767861366271972,662.6085205078125,346.585205078125,759.549560546875,417.5546875,0.96875,4975,/shared/ssd_30T/zhuoyingyang/physact/sam3_robowm/identity_v1/sam_masked_expansion6/crops/Cosmos3_seed101_0036/frame_0003_rank_01.png
Cosmos3_seed101_0036,3,2,0.13157719373703,0.6091479659080505,912.5143432617188,361.049560546875,1111.828369140625,717.1275634765625,0.90234375,28776,/shared/ssd_30T/zhuoyingyang/physact/sam3_robowm/identity_v1/sam_masked_expansion6/crops/Cosmos3_seed101_0036/frame_0003_rank_02.png
Cosmos3_seed101_0036,3,3,0.1321384012699127,0.6048508882522583,652.87451171875,1.31195068359375,1277.7359619140625,715.3076782226562,0.984375,144090,/shared/ssd_30T/zhuoyingyang/physact/sam3_robowm/identity_v1/sam_masked_expansion6/crops/Cosmos3_seed101_0036/frame_0003_rank_03.png
Cosmos3_seed101_0036,6,1,0.7168439030647278,0.9788550138473512,662.8319702148438,346.3305969238281,759.6535034179688,417.5674133300781,0.96875,4990,/shared/ssd_30T/zhuoyingyang/physact/sam3_robowm/identity_v1/sam_masked_expansion6/crops/Cosmos3_seed101_0036/frame_0006_rank_01.png
Cosmos3_seed101_0036,6,2,0.1215632855892181,0.6165701150894165,1130.0606689453125,654.9259033203125,1244.8658447265625,717.42041015625,0.95703125,4100,/shared/ssd_30T/zhuoyingyang/physact/sam3_robowm/identity_v1/sam_masked_expansion6/crops/Cosmos3_seed101_0036/frame_0006_rank_02.png
Cosmos3_seed101_0036,6,3,0.1351322382688522,0.6091910600662231,912.2083740234376,361.0335693359375,1113.4686279296875,717.04248046875,0.8828125,29198,/shared/ssd_30T/zhuoyingyang/physact/sam3_robowm/identity_v1/sam_masked_expansion6/crops/Cosmos3_seed101_0036/frame_0006_rank_03.png
Cosmos3_seed101_0036,9,1,0.7151896357536316,0.9715131521224976,662.891357421875,346.3568420410156,759.601806640625,417.3836975097656,0.96875,4987,/shared/ssd_30T/zhuoyingyang/physact/sam3_robowm/identity_v1/sam_masked_expansion6/crops/Cosmos3_seed101_0036/frame_0009_rank_01.png
Cosmos3_seed101_0036,9,2,0.1130496561527252,0.6128575801849365,1130.1328125,654.8130493164062,1244.603759765625,717.4020385742188,0.953125,3599,/shared/ssd_30T/zhuoyingyang/physact/sam3_robowm/identity_v1/sam_masked_expansion6/crops/Cosmos3_seed101_0036/frame_0009_rank_02.png
Cosmos3_seed101_0036,9,3,0.1363340467214584,0.6075612306594849,653.1905517578125,1.10174560546875,1277.4736328125,715.0838012695312,0.984375,144001,/shared/ssd_30T/zhuoyingyang/physact/sam3_robowm/identity_v1/sam_masked_expansion6/crops/Cosmos3_seed101_0036/frame_0009_rank_03.png
Cosmos3_seed101_0036,12,1,0.7317349910736084,0.975350856781006,662.9700927734375,346.3835144042969,759.559814453125,417.4610290527344,0.96875,4985,/shared/ssd_30T/zhuoyingyang/physact/sam3_robowm/identity_v1/sam_masked_expansion6/crops/Cosmos3_seed101_0036/frame_0012_rank_01.png
Cosmos3_seed101_0036,12,2,0.1014652773737907,0.6482915878295898,1019.1676025390624,359.8094482421875,1077.8504638671875,435.8828125,0.890625,1473,/shared/ssd_30T/zhuoyingyang/physact/sam3_robowm/identity_v1/sam_masked_expansion6/crops/Cosmos3_seed101_0036/frame_0012_rank_02.png
Cosmos3_seed101_0036,12,3,0.1073905006051063,0.6255401968955994,1130.120361328125,654.8694458007812,1244.1376953125,717.4496459960938,0.95703125,3589,/shared/ssd_30T/zhuoyingyang/physact/sam3_robowm/identity_v1/sam_masked_expansion6/crops/Cosmos3_seed101_0036/frame_0012_rank_03.png
Cosmos3_seed101_0036,15,1,0.7369996309280396,0.9819957613945008,662.6959838867188,346.4950256347656,759.6936645507812,417.7580871582031,0.96875,4997,/shared/ssd_30T/zhuoyingyang/physact/sam3_robowm/identity_v1/sam_masked_expansion6/crops/Cosmos3_seed101_0036/frame_0015_rank_01.png
Cosmos3_seed101_0036,15,2,0.1223503500223159,0.6079434752464294,649.4248657226562,1.31268310546875,1277.585693359375,715.3139038085938,0.984375,143997,/shared/ssd_30T/zhuoyingyang/physact/sam3_robowm/identity_v1/sam_masked_expansion6/crops/Cosmos3_seed101_0036/frame_0015_rank_02.png
Cosmos3_seed101_0036,15,3,0.1112279817461967,0.6031980514526367,910.2701416015624,362.8388671875,1115.5628662109375,716.84033203125,0.90625,28102,/shared/ssd_30T/zhuoyingyang/physact/sam3_robowm/identity_v1/sam_masked_expansion6/crops/Cosmos3_seed101_0036/frame_0015_rank_03.png
Cosmos3_seed101_0036,18,1,0.7414825558662415,0.9781392812728882,662.4804077148438,346.7361755371094,759.4807739257812,417.8047790527344,0.96875,4977,/shared/ssd_30T/zhuoyingyang/physact/sam3_robowm/identity_v1/sam_masked_expansion6/crops/Cosmos3_seed101_0036/frame_0018_rank_01.png
Cosmos3_seed101_0036,18,2,0.1343138813972473,0.6126646995544434,646.8678588867188,1.009307861328125,1277.633544921875,716.0059814453125,0.9765625,144068,/shared/ssd_30T/zhuoyingyang/physact/sam3_robowm/identity_v1/sam_masked_expansion6/crops/Cosmos3_seed101_0036/frame_0018_rank_02.png
Cosmos3_seed101_0036,18,3,0.152625173330307,0.5669352412223816,488.7795715332031,155.41921997070312,504.1341247558594,197.4935913085937,0.91015625,430,/shared/ssd_30T/zhuoyingyang/physact/sam3_robowm/identity_v1/sam_masked_expansion6/crops/Cosmos3_seed101_0036/frame_0018_rank_03.png
Cosmos3_seed101_0036,21,1,0.7264426946640015,0.971464991569519,662.576171875,346.5931396484375,759.65283203125,417.8001098632813,0.96875,5002,/shared/ssd_30T/zhuoyingyang/physact/sam3_robowm/identity_v1/sam_masked_expansion6/crops/Cosmos3_seed101_0036/frame_0021_rank_01.png
Cosmos3_seed101_0036,21,2,0.1261840611696243,0.6362460851669312,909.943115234375,450.1279296875,1115.9383544921875,716.643798828125,0.9296875,8963,/shared/ssd_30T/zhuoyingyang/physact/sam3_robowm/identity_v1/sam_masked_expansion6/crops/Cosmos3_seed101_0036/frame_0021_rank_02.png
Cosmos3_seed101_0036,21,3,0.1047561764717102,0.6234792470932007,1130.166259765625,652.61376953125,1245.48876953125,717.411376953125,0.95703125,3967,/shared/ssd_30T/zhuoyingyang/physact/sam3_robowm/identity_v1/sam_masked_expansion6/crops/Cosmos3_seed101_0036/frame_0021_rank_03.png
Cosmos3_seed101_0036,24,1,0.6902309060096741,0.9618104696273804,662.6250610351562,346.9042053222656,759.5858764648438,417.7535705566406,0.96875,4979,/shared/ssd_30T/zhuoyingyang/physact/sam3_robowm/identity_v1/sam_masked_expansion6/crops/Cosmos3_seed101_0036/frame_0024_rank_01.png
Cosmos3_seed101_0036,24,2,0.121747963130474,0.6755380630493164,636.474365234375,184.8424530029297,757.0760498046875,273.5362854003906,0.96875,7682,/shared/ssd_30T/zhuoyingyang/physact/sam3_robowm/identity_v1/sam_masked_expansion6/crops/Cosmos3_seed101_0036/frame_0024_rank_02.png
Cosmos3_seed101_0036,24,3,0.1072752848267555,0.6474131941795349,1129.7645263671875,652.9096069335938,1245.7557373046875,717.4103393554688,0.95703125,5073,/shared/ssd_30T/zhuoyingyang/physact/sam3_robowm/identity_v1/sam_masked_expansion6/crops/Cosmos3_seed101_0036/frame_0024_rank_03.png
Cosmos3_seed101_0036,27,1,0.708381712436676,0.9444425106048584,662.9862670898438,346.9660949707031,759.3556518554688,417.3957824707031,0.97265625,4970,/shared/ssd_30T/zhuoyingyang/physact/sam3_robowm/identity_v1/sam_masked_expansion6/crops/Cosmos3_seed101_0036/frame_0027_rank_01.png
Cosmos3_seed101_0036,27,2,0.1023445725440979,0.6852535009384155,635.6627197265625,191.50672912597656,751.123779296875,285.5859069824219,0.97265625,7538,/shared/ssd_30T/zhuoyingyang/physact/sam3_robowm/identity_v1/sam_masked_expansion6/crops/Cosmos3_seed101_0036/frame_0027_rank_02.png
Cosmos3_seed101_0036,27,3,0.1202659010887146,0.6248560547828674,911.4976196289062,454.5328369140625,1114.900634765625,716.916748046875,0.93359375,4884,/shared/ssd_30T/zhuoyingyang/physact/sam3_robowm/identity_v1/sam_masked_expansion6/crops/Cosmos3_seed101_0036/frame_0027_rank_03.png
Cosmos3_seed101_0036,30,1,0.7232589721679688,0.9475991725921632,662.7982788085938,347.0447692871094,759.2232055664062,417.4419860839844,0.97265625,4959,/shared/ssd_30T/zhuoyingyang/physact/sam3_robowm/identity_v1/sam_masked_expansion6/crops/Cosmos3_seed101_0036/frame_0030_rank_01.png
Cosmos3_seed101_0036,30,2,0.1196740865707397,0.6272964477539062,912.7893676757812,447.0787963867188,1113.222900390625,717.2335815429688,0.9453125,29135,/shared/ssd_30T/zhuoyingyang/physact/sam3_robowm/identity_v1/sam_masked_expansion6/crops/Cosmos3_seed101_0036/frame_0030_rank_02.png
Cosmos3_seed101_0036,30,3,0.1047171875834465,0.6181781888008118,1129.9503173828125,653.8311767578125,1244.9168701171875,717.5780029296875,0.9609375,3766,/shared/ssd_30T/zhuoyingyang/physact/sam3_robowm/identity_v1/sam_masked_expansion6/crops/Cosmos3_seed101_0036/frame_0030_rank_03.png
Cosmos3_seed101_0036,33,1,0.6891391277313232,0.954431176185608,662.6256103515625,346.87371826171875,759.4454345703125,417.488037109375,0.97265625,4958,/shared/ssd_30T/zhuoyingyang/physact/sam3_robowm/identity_v1/sam_masked_expansion6/crops/Cosmos3_seed101_0036/frame_0033_rank_01.png
Cosmos3_seed101_0036,33,2,0.1036392971873283,0.6298164129257202,911.1768798828124,449.0658874511719,1112.7926025390625,717.1781005859375,0.94140625,29707,/shared/ssd_30T/zhuoyingyang/physact/sam3_robowm/identity_v1/sam_masked_expansion6/crops/Cosmos3_seed101_0036/frame_0033_rank_02.png
Cosmos3_seed101_0036,33,3,0.1991778016090393,0.6139092445373535,637.0318603515625,27.752838134765625,1226.143310546875,715.642822265625,0.98046875,121975,/shared/ssd_30T/zhuoyingyang/physact/sam3_robowm/identity_v1/sam_masked_expansion6/crops/Cosmos3_seed101_0036/frame_0033_rank_03.png
Cosmos3_seed101_0036,36,1,0.7030346989631653,0.9454455375671388,662.5966796875,346.86199951171875,759.4039306640625,417.33831787109375,0.97265625,4934,/shared/ssd_30T/zhuoyingyang/physact/sam3_robowm/identity_v1/sam_masked_expansion6/crops/Cosmos3_seed101_0036/frame_0036_rank_01.png
Cosmos3_seed101_0036,36,2,0.1133821457624435,0.6356267333030701,910.9041137695312,448.0298461914063,1112.2877197265625,717.4069213867188,0.9453125,29075,/shared/ssd_30T/zhuoyingyang/physact/sam3_robowm/identity_v1/sam_masked_expansion6/crops/Cosmos3_seed101_0036/frame_0036_rank_02.png
Cosmos3_seed101_0036,36,3,0.1984517127275467,0.6258600950241089,636.3131713867188,31.470916748046875,1219.7177734375,715.7569580078125,0.98046875,119750,/shared/ssd_30T/zhuoyingyang/physact/sam3_robowm/identity_v1/sam_masked_expansion6/crops/Cosmos3_seed101_0036/frame_0036_rank_03.png
Cosmos3_seed101_0036,39,1,0.6964224576950073,0.9285288453102112,662.8009643554688,347.0823974609375,759.4555053710938,417.4650268554688,0.97265625,4934,/shared/ssd_30T/zhuoyingyang/physact/sam3_robowm/identity_v1/sam_masked_expansion6/crops/Cosmos3_seed101_0036/frame_0039_rank_01.png
Cosmos3_seed101_0036,39,2,0.1120434179902076,0.6258050203323364,910.1583251953124,452.1665649414063,1112.343017578125,717.1443481445312,0.94140625,11983,/shared/ssd_30T/zhuoyingyang/physact/sam3_robowm/identity_v1/sam_masked_expansion6/crops/Cosmos3_seed101_0036/frame_0039_rank_02.png
Cosmos3_seed101_0036,39,3,0.1897756308317184,0.6190755367279053,648.047119140625,37.16888427734375,1213.87841796875,715.6022338867188,0.97265625,114836,/shared/ssd_30T/zhuoyingyang/physact/sam3_robowm/identity_v1/sam_masked_expansion6/crops/Cosmos3_seed101_0036/frame_0039_rank_03.png
Cosmos3_seed101_0036,42,1,0.6812334060668945,0.9142216444015504,662.8228759765625,347.1916198730469,759.2132568359375,417.4023742675781,0.97265625,4925,/shared/ssd_30T/zhuoyingyang/physact/sam3_robowm/identity_v1/sam_masked_expansion6/crops/Cosmos3_seed101_0036/frame_0042_rank_01.png
Cosmos3_seed101_0036,42,2,0.1062544211745262,0.663739025592804,632.357421875,248.30050659179688,738.8809814453125,332.3894348144531,0.96875,6025,/shared/ssd_30T/zhuoyingyang/physact/sam3_robowm/identity_v1/sam_masked_expansion6/crops/Cosmos3_seed101_0036/frame_0042_rank_02.png
Cosmos3_seed101_0036,42,3,0.1409406810998916,0.6253290176391602,916.3173217773438,448.3824768066406,1111.596435546875,717.40478515625,0.94140625,27175,/shared/ssd_30T/zhuoyingyang/physact/sam3_robowm/identity_v1/sam_masked_expansion6/crops/Cosmos3_seed101_0036/frame_0042_rank_03.png
Cosmos3_seed101_0036,45,1,0.6819252371788025,0.7873217463493347,662.8348999023438,347.3871154785156,759.1766967773438,417.2444152832031,0.97265625,4923,/shared/ssd_30T/zhuoyingyang/physact/sam3_robowm/identity_v1/sam_masked_expansion6/crops/Cosmos3_seed101_0036/frame_0045_rank_01.png
Cosmos3_seed101_0036,45,2,0.1181697025895118,0.6842829585075378,630.9793090820312,256.5157470703125,740.1242065429688,339.8887939453125,0.96484375,6076,/shared/ssd_30T/zhuoyingyang/physact/sam3_robowm/identity_v1/sam_masked_expansion6/crops/Cosmos3_seed101_0036/frame_0045_rank_02.png
Cosmos3_seed101_0036,45,3,0.1249049007892608,0.6249394416809082,913.4136352539062,448.41204833984375,1111.8486328125,717.4649047851562,0.94140625,27225,/shared/ssd_30T/zhuoyingyang/physact/sam3_robowm/identity_v1/sam_masked_expansion6/crops/Cosmos3_seed101_0036/frame_0045_rank_03.png
Cosmos3_seed101_0036,48,1,0.6672379970550537,0.8668376207351685,662.7304077148438,347.76708984375,759.1940307617188,417.206787109375,0.97265625,4911,/shared/ssd_30T/zhuoyingyang/physact/sam3_robowm/identity_v1/sam_masked_expansion6/crops/Cosmos3_seed101_0036/frame_0048_rank_01.png
Cosmos3_seed101_0036,48,2,0.1346076875925064,0.6783286333084106,629.94580078125,261.365234375,740.149169921875,343.71630859375,0.96875,6020,/shared/ssd_30T/zhuoyingyang/physact/sam3_robowm/identity_v1/sam_masked_expansion6/crops/Cosmos3_seed101_0036/frame_0048_rank_02.png
Cosmos3_seed101_0036,48,3,0.1274187266826629,0.6419058442115784,915.355712890625,456.3953857421875,1112.0833740234375,717.5390625,0.94140625,3919,/shared/ssd_30T/zhuoyingyang/physact/sam3_robowm/identity_v1/sam_masked_expansion6/crops/Cosmos3_seed101_0036/frame_0048_rank_03.png
Cosmos3_seed101_0036,51,1,0.6687854528427124,0.7584356069564819,662.9437866210938,346.4569702148437,759.2776489257812,417.2481689453125,0.97265625,4927,/shared/ssd_30T/zhuoyingyang/physact/sam3_robowm/identity_v1/sam_masked_expansion6/crops/Cosmos3_seed101_0036/frame_0051_rank_01.png
Cosmos3_seed101_0036,51,2,0.1131014302372932,0.6645421981811523,629.345458984375,267.3151550292969,737.9542236328125,349.1013488769531,0.96875,6019,/shared/ssd_30T/zhuoyingyang/physact/sam3_robowm/identity_v1/sam_masked_expansion6/crops/Cosmos3_seed101_0036/frame_0051_rank_02.png
Cosmos3_seed101_0036,51,3,0.1378577351570129,0.6314727067947388,917.5814819335938,454.7721862792969,1110.240234375,717.27490234375,0.93359375,3902,/shared/ssd_30T/zhuoyingyang/physact/sam3_robowm/identity_v1/sam_masked_expansion6/crops/Cosmos3_seed101_0036/frame_0051_rank_03.png
Cosmos3_seed101_0036,54,1,0.6119878888130188,0.7750155925750732,662.7975463867188,347.0463256835937,759.0584106445312,416.87506103515625,0.97265625,4826,/shared/ssd_30T/zhuoyingyang/physact/sam3_robowm/identity_v1/sam_masked_expansion6/crops/Cosmos3_seed101_0036/frame_0054_rank_01.png
Cosmos3_seed101_0036,54,2,0.1362068355083465,0.7036523222923279,629.1482543945312,272.6658935546875,736.6697387695312,356.78057861328125,0.96484375,6031,/shared/ssd_30T/zhuoyingyang/physact/sam3_robowm/identity_v1/sam_masked_expansion6/crops/Cosmos3_seed101_0036/frame_0054_rank_02.png
Cosmos3_seed101_0036,54,3,0.1605609059333801,0.6350023746490479,917.6640625,452.05609130859375,1112.488525390625,717.7887573242188,0.9375,4033,/shared/ssd_30T/zhuoyingyang/physact/sam3_robowm/identity_v1/sam_masked_expansion6/crops/Cosmos3_seed101_0036/frame_0054_rank_03.png
Cosmos3_seed101_0036,57,1,0.6011360883712769,0.7684042453765869,662.875732421875,348.17059326171875,759.071533203125,417.1875,0.97265625,4770,/shared/ssd_30T/zhuoyingyang/physact/sam3_robowm/identity_v1/sam_masked_expansion6/crops/Cosmos3_seed101_0036/frame_0057_rank_01.png
Cosmos3_seed101_0036,57,2,0.1404992789030075,0.7182357311248779,629.3609008789062,277.1116027832031,736.2382202148438,356.2106628417969,0.9609375,5903,/shared/ssd_30T/zhuoyingyang/physact/sam3_robowm/identity_v1/sam_masked_expansion6/crops/Cosmos3_seed101_0036/frame_0057_rank_02.png
Cosmos3_seed101_0036,57,3,0.1565444469451904,0.6405933499336243,917.9366455078124,463.878173828125,1111.1439208984375,717.39306640625,0.94140625,3903,/shared/ssd_30T/zhuoyingyang/physact/sam3_robowm/identity_v1/sam_masked_expansion6/crops/Cosmos3_seed101_0036/frame_0057_rank_03.png
Cosmos3_seed101_0036,60,1,0.6366235613822937,0.8262524604797363,662.9620361328125,348.2878723144531,759.1317138671875,416.8794250488281,0.97265625,4751,/shared/ssd_30T/zhuoyingyang/physact/sam3_robowm/identity_v1/sam_masked_expansion6/crops/Cosmos3_seed101_0036/frame_0060_rank_01.png
Cosmos3_seed101_0036,60,2,0.117273986339569,0.6992502212524414,629.6239013671875,278.01129150390625,736.6068115234375,355.3624267578125,0.9609375,5802,/shared/ssd_30T/zhuoyingyang/physact/sam3_robowm/identity_v1/sam_masked_expansion6/crops/Cosmos3_seed101_0036/frame_0060_rank_02.png
Cosmos3_seed101_0036,60,3,0.1521485298871994,0.634068489074707,914.2232666015624,449.9127807617188,1111.0411376953125,717.7274780273438,0.9375,27629,/shared/ssd_30T/zhuoyingyang/physact/sam3_robowm/identity_v1/sam_masked_expansion6/crops/Cosmos3_seed101_0036/frame_0060_rank_03.png
Cosmos3_seed101_0036,63,1,0.6162049174308777,0.7620935440063477,662.9447631835938,348.17822265625,759.2759399414062,417.09368896484375,0.97265625,4704,/shared/ssd_30T/zhuoyingyang/physact/sam3_robowm/identity_v1/sam_masked_expansion6/crops/Cosmos3_seed101_0036/frame_0063_rank_01.png
Cosmos3_seed101_0036,63,2,0.1476301401853561,0.7170035243034363,631.9072265625,280.27020263671875,738.9931640625,356.24774169921875,0.9609375,5773,/shared/ssd_30T/zhuoyingyang/physact/sam3_robowm/identity_v1/sam_masked_expansion6/crops/Cosmos3_seed101_0036/frame_0063_rank_02.png
Cosmos3_seed101_0036,63,3,0.1301332861185073,0.6261377930641174,914.67333984375,469.8268432617188,1112.9925537109375,717.1284790039062,0.9453125,3954,/shared/ssd_30T/zhuoyingyang/physact/sam3_robowm/identity_v1/sam_masked_expansion6/crops/Cosmos3_seed101_0036/frame_0063_rank_03.png
Cosmos3_seed101_0036,66,1,0.6295642852783203,0.763396680355072,663.4129028320312,348.6188049316406,759.3861694335938,417.0241394042969,0.96875,4675,/shared/ssd_30T/zhuoyingyang/physact/sam3_robowm/identity_v1/sam_masked_expansion6/crops/Cosmos3_seed101_0036/frame_0066_rank_01.png
Cosmos3_seed101_0036,66,2,0.1407654285430908,0.6857596635818481,635.5056762695312,281.31903076171875,741.9749145507812,356.48126220703125,0.9609375,5853,/shared/ssd_30T/zhuoyingyang/physact/sam3_robowm/identity_v1/sam_masked_expansion6/crops/Cosmos3_seed101_0036/frame_0066_rank_02.png
Cosmos3_seed101_0036,66,3,0.1497754752635955,0.6275861859321594,913.04736328125,448.7970581054688,1111.5859375,717.4575805664062,0.9453125,26666,/shared/ssd_30T/zhuoyingyang/physact/sam3_robowm/identity_v1/sam_masked_expansion6/crops/Cosmos3_seed101_0036/frame_0066_rank_03.png
Cosmos3_seed101_0036,69,1,0.6117658019065857,0.7632696628570557,663.9474487304688,349.16162109375,760.8883666992188,417.324462890625,0.96875,4497,/shared/ssd_30T/zhuoyingyang/physact/sam3_robowm/identity_v1/sam_masked_expansion6/crops/Cosmos3_seed101_0036/frame_0069_rank_01.png
Cosmos3_seed101_0036,69,2,0.1435516774654388,0.7001171708106995,638.0307006835938,284.7279663085937,744.7383422851562,359.54296875,0.96484375,5881,/shared/ssd_30T/zhuoyingyang/physact/sam3_robowm/identity_v1/sam_masked_expansion6/crops/Cosmos3_seed101_0036/frame_0069_rank_02.png
Cosmos3_seed101_0036,69,3,0.1444661915302276,0.6334230303764343,916.921630859375,452.1723327636719,1112.4937744140625,717.555419921875,0.9453125,26687,/shared/ssd_30T/zhuoyingyang/physact/sam3_robowm/identity_v1/sam_masked_expansion6/crops/Cosmos3_seed101_0036/frame_0069_rank_03.png
Cosmos3_seed101_0036,72,1,0.4619073569774627,0.7869874835014343,663.64599609375,351.85760498046875,761.87451171875,417.2119140625,0.97265625,3729,/shared/ssd_30T/zhuoyingyang/physact/sam3_robowm/identity_v1/sam_masked_expansion6/crops/Cosmos3_seed101_0036/frame_0072_rank_01.png
Cosmos3_seed101_0036,72,2,0.1415100246667862,0.7703617811203003,640.2747192382812,287.52099609375,762.9241333007812,417.1734008789063,0.97265625,10519,/shared/ssd_30T/zhuoyingyang/physact/sam3_robowm/identity_v1/sam_masked_expansion6/crops/Cosmos3_seed101_0036/frame_0072_rank_02.png
Cosmos3_seed101_0036,72,3,0.1572314202785492,0.6567376852035522,640.056640625,287.5765686035156,746.0377197265625,358.9314270019531,0.9609375,5666,/shared/ssd_30T/zhuoyingyang/physact/sam3_robowm/identity_v1/sam_masked_expansion6/crops/Cosmos3_seed101_0036/frame_0072_rank_03.png
Cosmos3_seed101_0036,75,1,0.4105283915996551,0.8663917779922485,664.1996459960938,353.5171813964844,762.2507934570312,417.0376892089844,0.97265625,4358,/shared/ssd_30T/zhuoyingyang/physact/sam3_robowm/identity_v1/sam_masked_expansion6/crops/Cosmos3_seed101_0036/frame_0075_rank_01.png
Cosmos3_seed101_0036,75,2,0.1519294381141662,0.772330105304718,641.330078125,289.64324951171875,763.544921875,417.0386352539063,0.97265625,10552,/shared/ssd_30T/zhuoyingyang/physact/sam3_robowm/identity_v1/sam_masked_expansion6/crops/Cosmos3_seed101_0036/frame_0075_rank_02.png
Cosmos3_seed101_0036,75,3,0.1160307303071022,0.6584928035736084,643.4829711914062,181.47645568847656,784.2581176757812,417.6585083007813,0.9453125,15131,/shared/ssd_30T/zhuoyingyang/physact/sam3_robowm/identity_v1/sam_masked_expansion6/crops/Cosmos3_seed101_0036/frame_0075_rank_03.png
Cosmos3_seed101_0036,78,1,0.4438865482807159,0.8604122996330261,666.66845703125,354.6007995605469,764.8048095703125,417.3256530761719,0.96875,4094,/shared/ssd_30T/zhuoyingyang/physact/sam3_robowm/identity_v1/sam_masked_expansion6/crops/Cosmos3_seed101_0036/frame_0078_rank_01.png
Cosmos3_seed101_0036,78,2,0.1120183020830154,0.6492936611175537,642.0100708007812,182.3424530029297,785.9234008789062,417.95452880859375,0.94140625,14913,/shared/ssd_30T/zhuoyingyang/physact/sam3_robowm/identity_v1/sam_masked_expansion6/crops/Cosmos3_seed101_0036/frame_0078_rank_02.png
Cosmos3_seed101_0036,78,3,0.1647254973649978,0.6305088996887207,1130.244873046875,654.123779296875,1235.154052734375,717.667236328125,0.9609375,4217,/shared/ssd_30T/zhuoyingyang/physact/sam3_robowm/identity_v1/sam_masked_expansion6/crops/Cosmos3_seed101_0036/frame_0078_rank_03.png
Cosmos3_seed101_0036,81,1,0.4398734867572784,0.8515503406524658,669.1350708007812,354.4403076171875,766.9609985351562,416.2216796875,0.96875,3617,/shared/ssd_30T/zhuoyingyang/physact/sam3_robowm/identity_v1/sam_masked_expansion6/crops/Cosmos3_seed101_0036/frame_0081_rank_01.png
Cosmos3_seed101_0036,81,2,0.1457183957099914,0.6928380727767944,641.737548828125,289.6005859375,751.2440185546875,378.14459228515625,0.95703125,6814,/shared/ssd_30T/zhuoyingyang/physact/sam3_robowm/identity_v1/sam_masked_expansion6/crops/Cosmos3_seed101_0036/frame_0081_rank_02.png
Cosmos3_seed101_0036,81,3,0.1334609389305114,0.6533570885658264,641.9609375,181.7723388671875,786.5517578125,416.7569580078125,0.94921875,14938,/shared/ssd_30T/zhuoyingyang/physact/sam3_robowm/identity_v1/sam_masked_expansion6/crops/Cosmos3_seed101_0036/frame_0081_rank_03.png
Cosmos3_seed101_0036,84,1,0.3753986954689026,0.8356245756149292,674.1073608398438,350.72967529296875,771.5127563476562,411.9381103515625,0.96875,3574,/shared/ssd_30T/zhuoyingyang/physact/sam3_robowm/identity_v1/sam_masked_expansion6/crops/Cosmos3_seed101_0036/frame_0084_rank_01.png
Cosmos3_seed101_0036,84,2,0.1494137644767761,0.7962071895599365,645.062255859375,288.23583984375,772.5804443359375,412.41790771484375,0.96875,10279,/shared/ssd_30T/zhuoyingyang/physact/sam3_robowm/identity_v1/sam_masked_expansion6/crops/Cosmos3_seed101_0036/frame_0084_rank_02.png
Cosmos3_seed101_0036,84,3,0.1111185029149055,0.6565569639205933,645.170654296875,178.50564575195312,785.9608154296875,412.4828186035156,0.94140625,14849,/shared/ssd_30T/zhuoyingyang/physact/sam3_robowm/identity_v1/sam_masked_expansion6/crops/Cosmos3_seed101_0036/frame_0084_rank_03.png
Cosmos3_seed101_0036,87,1,0.3831553161144256,0.8476086854934692,685.4511108398438,339.0792236328125,782.2550659179688,403.91796875,0.96875,3763,/shared/ssd_30T/zhuoyingyang/physact/sam3_robowm/identity_v1/sam_masked_expansion6/crops/Cosmos3_seed101_0036/frame_0087_rank_01.png
Cosmos3_seed101_0036,87,2,0.1027501598000526,0.7999672889709473,654.3573608398438,285.6621398925781,783.4771118164062,404.0464172363281,0.97265625,9947,/shared/ssd_30T/zhuoyingyang/physact/sam3_robowm/identity_v1/sam_masked_expansion6/crops/Cosmos3_seed101_0036/frame_0087_rank_02.png
Cosmos3_seed101_0036,87,3,0.1353378593921661,0.6952250003814697,653.85498046875,285.6642761230469,762.48388671875,355.8569641113281,0.94921875,5703,/shared/ssd_30T/zhuoyingyang/physact/sam3_robowm/identity_v1/sam_masked_expansion6/crops/Cosmos3_seed101_0036/frame_0087_rank_03.png
Cosmos3_seed101_0036,90,1,0.3960023522377014,0.7793889045715332,700.8994750976562,328.3030700683594,798.6061401367188,396.9809875488281,0.96484375,3985,/shared/ssd_30T/zhuoyingyang/physact/sam3_robowm/identity_v1/sam_masked_expansion6/crops/Cosmos3_seed101_0036/frame_0090_rank_01.png
Cosmos3_seed101_0036,90,2,0.1276450008153915,0.7616908550262451,670.1793823242188,280.2523498535156,799.7258911132812,397.2804870605469,0.97265625,10143,/shared/ssd_30T/zhuoyingyang/physact/sam3_robowm/identity_v1/sam_masked_expansion6/crops/Cosmos3_seed101_0036/frame_0090_rank_02.png
Cosmos3_seed101_0036,90,3,0.1749231815338134,0.6737013459205627,669.7022705078125,280.1309814453125,774.0965576171875,345.225341796875,0.9609375,5328,/shared/ssd_30T/zhuoyingyang/physact/sam3_robowm/identity_v1/sam_masked_expansion6/crops/Cosmos3_seed101_0036/frame_0090_rank_03.png
Cosmos3_seed101_0036,93,1,0.5266373753547668,0.8294734358787537,714.2766723632812,323.5891418457031,812.5025024414062,391.5863342285156,0.96875,4062,/shared/ssd_30T/zhuoyingyang/physact/sam3_robowm/identity_v1/sam_masked_expansion6/crops/Cosmos3_seed101_0036/frame_0093_rank_01.png
Cosmos3_seed101_0036,93,2,0.1223022267222404,0.7769557237625122,683.8917846679688,273.25262451171875,813.8749389648438,391.83441162109375,0.97265625,10069,/shared/ssd_30T/zhuoyingyang/physact/sam3_robowm/identity_v1/sam_masked_expansion6/crops/Cosmos3_seed101_0036/frame_0093_rank_02.png
Cosmos3_seed101_0036,93,3,0.1358881592750549,0.6675782203674316,683.4337158203125,272.95758056640625,789.680419921875,344.289794921875,0.95703125,5729,/shared/ssd_30T/zhuoyingyang/physact/sam3_robowm/identity_v1/sam_masked_expansion6/crops/Cosmos3_seed101_0036/frame_0093_rank_03.png
Cosmos3_seed101_0036,96,1,0.4313760697841644,0.7921823859214783,723.17578125,321.4873046875,822.583740234375,390.188720703125,0.96875,3914,/shared/ssd_30T/zhuoyingyang/physact/sam3_robowm/identity_v1/sam_masked_expansion6/crops/Cosmos3_seed101_0036/frame_0096_rank_01.png
Cosmos3_seed101_0036,96,2,0.1289995610713958,0.7878473997116089,693.0054931640625,269.8431091308594,824.2236328125,390.4439392089844,0.97265625,10476,/shared/ssd_30T/zhuoyingyang/physact/sam3_robowm/identity_v1/sam_masked_expansion6/crops/Cosmos3_seed101_0036/frame_0096_rank_02.png
Cosmos3_seed101_0036,96,3,0.14007169008255,0.6717976331710815,692.6534423828125,269.76025390625,798.2998046875,339.48272705078125,0.953125,5483,/shared/ssd_30T/zhuoyingyang/physact/sam3_robowm/identity_v1/sam_masked_expansion6/crops/Cosmos3_seed101_0036/frame_0096_rank_03.png
Cosmos3_seed101_0036,99,1,0.3965822756290436,0.8661957383155823,733.2349853515625,320.5650939941406,834.18212890625,388.9226379394531,0.96484375,4193,/shared/ssd_30T/zhuoyingyang/physact/sam3_robowm/identity_v1/sam_masked_expansion6/crops/Cosmos3_seed101_0036/frame_0099_rank_01.png
Cosmos3_seed101_0036,99,2,0.1291162222623825,0.7729713320732117,704.4739379882812,267.8356628417969,836.1167602539062,389.4216613769531,0.96484375,10590,/shared/ssd_30T/zhuoyingyang/physact/sam3_robowm/identity_v1/sam_masked_expansion6/crops/Cosmos3_seed101_0036/frame_0099_rank_02.png
Cosmos3_seed101_0036,99,3,0.1533486992120742,0.6657558083534241,704.0050048828125,267.5939025878906,810.684814453125,337.1065368652344,0.9453125,5603,/shared/ssd_30T/zhuoyingyang/physact/sam3_robowm/identity_v1/sam_masked_expansion6/crops/Cosmos3_seed101_0036/frame_0099_rank_03.png
Cosmos3_seed101_0036,102,1,0.4596761465072632,0.8121835589408875,738.427734375,319.8013000488281,845.3623046875,387.2665710449219,0.96875,4336,/shared/ssd_30T/zhuoyingyang/physact/sam3_robowm/identity_v1/sam_masked_expansion6/crops/Cosmos3_seed101_0036/frame_0102_rank_01.png
Cosmos3_seed101_0036,102,2,0.1774390339851379,0.7814850807189941,713.9761962890625,265.7728881835937,846.75146484375,387.7864379882813,0.96875,10832,/shared/ssd_30T/zhuoyingyang/physact/sam3_robowm/identity_v1/sam_masked_expansion6/crops/Cosmos3_seed101_0036/frame_0102_rank_02.png
Cosmos3_seed101_0036,102,3,0.1658219546079635,0.6797472238540649,713.9802856445312,265.5731811523437,820.2910766601562,334.8201904296875,0.95703125,5523,/shared/ssd_30T/zhuoyingyang/physact/sam3_robowm/identity_v1/sam_masked_expansion6/crops/Cosmos3_seed101_0036/frame_0102_rank_03.png
Cosmos3_seed101_0036,105,1,0.3892978727817535,0.860623836517334,737.923583984375,319.5351257324219,851.879150390625,387.7842712402344,0.96875,4746,/shared/ssd_30T/zhuoyingyang/physact/sam3_robowm/identity_v1/sam_masked_expansion6/crops/Cosmos3_seed101_0036/frame_0105_rank_01.png
Cosmos3_seed101_0036,105,2,0.1476151943206787,0.7772940397262573,719.934326171875,266.96685791015625,852.949462890625,388.1427612304688,0.96484375,10946,/shared/ssd_30T/zhuoyingyang/physact/sam3_robowm/identity_v1/sam_masked_expansion6/crops/Cosmos3_seed101_0036/frame_0105_rank_02.png
Cosmos3_seed101_0036,105,3,0.1631916761398315,0.6886386871337891,719.9214477539062,266.5516052246094,826.0534057617188,335.0752258300781,0.953125,5715,/shared/ssd_30T/zhuoyingyang/physact/sam3_robowm/identity_v1/sam_masked_expansion6/crops/Cosmos3_seed101_0036/frame_0105_rank_03.png
Cosmos3_seed101_0036,108,1,0.4911715090274811,0.8373710513114929,740.1385498046875,318.3202514648437,858.7762451171875,387.8677368164063,0.96875,5821,/shared/ssd_30T/zhuoyingyang/physact/sam3_robowm/identity_v1/sam_masked_expansion6/crops/Cosmos3_seed101_0036/frame_0108_rank_01.png
Cosmos3_seed101_0036,108,2,0.1641345471143722,0.6810139417648315,726.1585083007812,268.1880798339844,835.1757202148438,338.4610900878906,0.9453125,5858,/shared/ssd_30T/zhuoyingyang/physact/sam3_robowm/identity_v1/sam_masked_expansion6/crops/Cosmos3_seed101_0036/frame_0108_rank_02.png
Cosmos3_seed101_0036,108,3,0.2720279693603515,0.6259990930557251,913.4300537109376,479.8266906738281,1112.0660400390625,716.931884765625,0.93359375,28781,/shared/ssd_30T/zhuoyingyang/physact/sam3_robowm/identity_v1/sam_masked_expansion6/crops/Cosmos3_seed101_0036/frame_0108_rank_03.png
Cosmos3_seed101_0036,111,1,0.4427159428596496,0.7601147890090942,756.782958984375,316.6198425292969,864.3460693359375,386.0945129394531,0.96875,4639,/shared/ssd_30T/zhuoyingyang/physact/sam3_robowm/identity_v1/sam_masked_expansion6/crops/Cosmos3_seed101_0036/frame_0111_rank_01.png
Cosmos3_seed101_0036,111,2,0.1952971220016479,0.7476798892021179,729.5811767578125,266.9525146484375,865.7108154296875,387.493408203125,0.96875,11618,/shared/ssd_30T/zhuoyingyang/physact/sam3_robowm/identity_v1/sam_masked_expansion6/crops/Cosmos3_seed101_0036/frame_0111_rank_02.png
Cosmos3_seed101_0036,111,3,0.1467357873916626,0.6743949055671692,729.6632690429688,266.55572509765625,837.0829467773438,332.8614501953125,0.95703125,5515,/shared/ssd_30T/zhuoyingyang/physact/sam3_robowm/identity_v1/sam_masked_expansion6/crops/Cosmos3_seed101_0036/frame_0111_rank_03.png
Cosmos3_seed101_0036,114,1,0.3945159614086151,0.8202857375144958,742.90380859375,316.5827941894531,865.4603271484375,386.5717468261719,0.96875,6396,/shared/ssd_30T/zhuoyingyang/physact/sam3_robowm/identity_v1/sam_masked_expansion6/crops/Cosmos3_seed101_0036/frame_0114_rank_01.png
Cosmos3_seed101_0036,114,2,0.1297487765550613,0.6841036081314087,730.1516723632812,265.0069274902344,840.2372436523438,337.4628601074219,0.9453125,6257,/shared/ssd_30T/zhuoyingyang/physact/sam3_robowm/identity_v1/sam_masked_expansion6/crops/Cosmos3_seed101_0036/frame_0114_rank_02.png
Cosmos3_seed101_0036,114,3,0.1139523908495903,0.6830759048461914,729.827880859375,145.3377685546875,869.9163818359375,387.41986083984375,0.9609375,16724,/shared/ssd_30T/zhuoyingyang/physact/sam3_robowm/identity_v1/sam_masked_expansion6/crops/Cosmos3_seed101_0036/frame_0114_rank_03.png
Cosmos3_seed101_0036,117,1,0.4088540077209472,0.8207365274429321,739.5022583007812,318.3453674316406,865.1631469726562,389.3063049316406,0.96875,6490,/shared/ssd_30T/zhuoyingyang/physact/sam3_robowm/identity_v1/sam_masked_expansion6/crops/Cosmos3_seed101_0036/frame_0117_rank_01.png
Cosmos3_seed101_0036,117,2,0.1410805135965347,0.6844674348831177,729.6365966796875,263.6626281738281,841.125732421875,327.3326721191406,0.95703125,5599,/shared/ssd_30T/zhuoyingyang/physact/sam3_robowm/identity_v1/sam_masked_expansion6/crops/Cosmos3_seed101_0036/frame_0117_rank_02.png
Cosmos3_seed101_0036,117,3,0.1047286093235015,0.6735365390777588,729.43359375,141.89259338378906,870.892822265625,390.243408203125,0.9609375,16545,/shared/ssd_30T/zhuoyingyang/physact/sam3_robowm/identity_v1/sam_masked_expansion6/crops/Cosmos3_seed101_0036/frame_0117_rank_03.png
Cosmos3_seed101_0036,120,1,0.5538268685340881,0.892893373966217,761.9617309570312,341.227294921875,856.2384643554688,409.4175415039063,0.96875,4189,/shared/ssd_30T/zhuoyingyang/physact/sam3_robowm/identity_v1/sam_masked_expansion6/crops/Cosmos3_seed101_0036/frame_0120_rank_01.png
Cosmos3_seed101_0036,120,2,0.1535594165325164,0.691215991973877,725.2185668945312,260.0812072753906,834.1649780273438,323.7845153808594,0.9609375,5514,/shared/ssd_30T/zhuoyingyang/physact/sam3_robowm/identity_v1/sam_masked_expansion6/crops/Cosmos3_seed101_0036/frame_0120_rank_02.png
Cosmos3_seed101_0036,120,3,0.1384268701076507,0.6662517786026001,1130.3016357421875,653.171875,1246.3538818359375,717.474365234375,0.9609375,3806,/shared/ssd_30T/zhuoyingyang/physact/sam3_robowm/identity_v1/sam_masked_expansion6/crops/Cosmos3_seed101_0036/frame_0120_rank_03.png
Cosmos3_seed101_0036,123,1,0.4932985007762909,0.945872128009796,762.2918701171875,344.5461730957031,858.1119384765625,412.3028869628906,0.97265625,4483,/shared/ssd_30T/zhuoyingyang/physact/sam3_robowm/identity_v1/sam_masked_expansion6/crops/Cosmos3_seed101_0036/frame_0123_rank_01.png
Cosmos3_seed101_0036,123,2,0.3238058686256408,0.715164303779602,731.66259765625,316.0986328125,780.8184814453125,381.90130615234375,0.9609375,1809,/shared/ssd_30T/zhuoyingyang/physact/sam3_robowm/identity_v1/sam_masked_expansion6/crops/Cosmos3_seed101_0036/frame_0123_rank_02.png
Cosmos3_seed101_0036,123,3,0.1502135694026947,0.6859009265899658,717.9557495117188,254.35055541992188,826.6946411132812,322.2647399902344,0.96875,5726,/shared/ssd_30T/zhuoyingyang/physact/sam3_robowm/identity_v1/sam_masked_expansion6/crops/Cosmos3_seed101_0036/frame_0123_rank_03.png
Cosmos3_seed101_0036,126,1,0.597317636013031,0.9552452564239502,763.0304565429688,344.752197265625,858.2633666992188,411.80706787109375,0.97265625,4531,/shared/ssd_30T/zhuoyingyang/physact/sam3_robowm/identity_v1/sam_masked_expansion6/crops/Cosmos3_seed101_0036/frame_0126_rank_01.png
Cosmos3_seed101_0036,126,2,0.4657213389873504,0.7385052442550659,693.8749389648438,338.5245666503906,760.3084106445312,391.7165832519531,0.96875,2568,/shared/ssd_30T/zhuoyingyang/physact/sam3_robowm/identity_v1/sam_masked_expansion6/crops/Cosmos3_seed101_0036/frame_0126_rank_02.png
Cosmos3_seed101_0036,126,3,0.1457471400499344,0.6944666504859924,707.7042236328125,243.38905334472656,811.9739990234375,312.76385498046875,0.96875,4806,/shared/ssd_30T/zhuoyingyang/physact/sam3_robowm/identity_v1/sam_masked_expansion6/crops/Cosmos3_seed101_0036/frame_0126_rank_03.png
Cosmos3_seed101_0036,129,1,0.576710045337677,0.962273359298706,762.756103515625,344.941650390625,858.4854736328125,411.8453979492188,0.97265625,4528,/shared/ssd_30T/zhuoyingyang/physact/sam3_robowm/identity_v1/sam_masked_expansion6/crops/Cosmos3_seed101_0036/frame_0129_rank_01.png
Cosmos3_seed101_0036,129,2,0.1116847097873687,0.8863371014595032,674.1866455078125,336.8450927734375,859.7139892578125,413.21978759765625,0.96875,8126,/shared/ssd_30T/zhuoyingyang/physact/sam3_robowm/identity_v1/sam_masked_expansion6/crops/Cosmos3_seed101_0036/frame_0129_rank_02.png
Cosmos3_seed101_0036,129,3,0.1130319461226463,0.6478232741355896,697.548583984375,237.0576934814453,801.4173583984375,310.09912109375,0.96875,4424,/shared/ssd_30T/zhuoyingyang/physact/sam3_robowm/identity_v1/sam_masked_expansion6/crops/Cosmos3_seed101_0036/frame_0129_rank_03.png
Cosmos3_seed101_0036,132,1,0.650569498538971,0.9613475799560548,658.60546875,323.43975830078125,757.16259765625,397.29144287109375,0.97265625,5334,/shared/ssd_30T/zhuoyingyang/physact/sam3_robowm/identity_v1/sam_masked_expansion6/crops/Cosmos3_seed101_0036/frame_0132_rank_01.png
Cosmos3_seed101_0036,132,2,0.5872340798377991,0.9595984816551208,762.8765258789062,345.2706298828125,858.5845336914062,411.8785400390625,0.97265625,4518,/shared/ssd_30T/zhuoyingyang/physact/sam3_robowm/identity_v1/sam_masked_expansion6/crops/Cosmos3_seed101_0036/frame_0132_rank_02.png
Cosmos3_seed101_0036,132,3,0.1055892929434776,0.9203858375549316,657.020751953125,322.3175354003906,859.5302734375,413.2287902832031,0.97265625,9821,/shared/ssd_30T/zhuoyingyang/physact/sam3_robowm/identity_v1/sam_masked_expansion6/crops/Cosmos3_seed101_0036/frame_0132_rank_03.png
Cosmos3_seed101_0036,135,1,0.5840079188346863,0.9586563110351562,762.7051391601562,344.9554138183594,858.6920776367188,411.7815246582031,0.97265625,4519,/shared/ssd_30T/zhuoyingyang/physact/sam3_robowm/identity_v1/sam_masked_expansion6/crops/Cosmos3_seed101_0036/frame_0135_rank_01.png
Cosmos3_seed101_0036,135,2,0.608150839805603,0.8557093143463135,639.9222412109375,313.7036437988281,745.2777099609375,391.4344787597656,0.96875,5891,/shared/ssd_30T/zhuoyingyang/physact/sam3_robowm/identity_v1/sam_masked_expansion6/crops/Cosmos3_seed101_0036/frame_0135_rank_02.png
Cosmos3_seed101_0036,135,3,0.1637714654207229,0.6241747140884399,658.920654296875,10.8675537109375,1277.156005859375,715.6333618164062,0.98828125,137365,/shared/ssd_30T/zhuoyingyang/physact/sam3_robowm/identity_v1/sam_masked_expansion6/crops/Cosmos3_seed101_0036/frame_0135_rank_03.png
Cosmos3_seed101_0036,138,1,0.6047477126121521,0.95537269115448,762.59814453125,345.1197509765625,858.619384765625,411.8135986328125,0.97265625,4522,/shared/ssd_30T/zhuoyingyang/physact/sam3_robowm/identity_v1/sam_masked_expansion6/crops/Cosmos3_seed101_0036/frame_0138_rank_01.png
Cosmos3_seed101_0036,138,2,0.553403913974762,0.9225280284881592,619.3328857421875,315.95684814453125,727.4110107421875,398.7760620117188,0.96875,6210,/shared/ssd_30T/zhuoyingyang/physact/sam3_robowm/identity_v1/sam_masked_expansion6/crops/Cosmos3_seed101_0036/frame_0138_rank_02.png
Cosmos3_seed101_0036,138,3,0.1573997884988784,0.626450777053833,1131.064453125,653.4330444335938,1246.548095703125,717.6358032226562,0.9609375,5009,/shared/ssd_30T/zhuoyingyang/physact/sam3_robowm/identity_v1/sam_masked_expansion6/crops/Cosmos3_seed101_0036/frame_0138_rank_03.png
Cosmos3_seed101_0036,141,1,0.621955931186676,0.9510623812675476,762.490966796875,344.855712890625,858.78955078125,410.8263549804688,0.9765625,4521,/shared/ssd_30T/zhuoyingyang/physact/sam3_robowm/identity_v1/sam_masked_expansion6/crops/Cosmos3_seed101_0036/frame_0141_rank_01.png
Cosmos3_seed101_0036,141,2,0.6294136047363281,0.8394854068756104,598.3705444335938,323.2886962890625,710.3980102539062,408.60595703125,0.97265625,5440,/shared/ssd_30T/zhuoyingyang/physact/sam3_robowm/identity_v1/sam_masked_expansion6/crops/Cosmos3_seed101_0036/frame_0141_rank_02.png
Cosmos3_seed101_0036,141,3,0.1229654997587204,0.6316520571708679,1130.6185302734375,653.0789794921875,1245.9615478515625,717.5809326171875,0.96484375,5441,/shared/ssd_30T/zhuoyingyang/physact/sam3_robowm/identity_v1/sam_masked_expansion6/crops/Cosmos3_seed101_0036/frame_0141_rank_03.png
Cosmos3_seed101_0036,144,1,0.6091848015785217,0.9528805017471312,762.5498657226562,345.4073181152344,858.7793579101562,411.6417541503906,0.97265625,4532,/shared/ssd_30T/zhuoyingyang/physact/sam3_robowm/identity_v1/sam_masked_expansion6/crops/Cosmos3_seed101_0036/frame_0144_rank_01.png
Cosmos3_seed101_0036,144,2,0.5020067691802979,0.8421505689620972,578.60400390625,337.0791015625,695.1014404296875,429.0166015625,0.96875,7202,/shared/ssd_30T/zhuoyingyang/physact/sam3_robowm/identity_v1/sam_masked_expansion6/crops/Cosmos3_seed101_0036/frame_0144_rank_02.png
Cosmos3_seed101_0036,144,3,0.1309595108032226,0.6192859411239624,577.4014282226562,112.72085571289062,741.4829711914062,429.2450256347656,0.96484375,23710,/shared/ssd_30T/zhuoyingyang/physact/sam3_robowm/identity_v1/sam_masked_expansion6/crops/Cosmos3_seed101_0036/frame_0144_rank_03.png
Cosmos3_seed101_0036,147,1,0.6059589385986328,0.9566948413848876,762.565185546875,345.3439025878906,858.829345703125,411.5215148925781,0.9765625,4542,/shared/ssd_30T/zhuoyingyang/physact/sam3_robowm/identity_v1/sam_masked_expansion6/crops/Cosmos3_seed101_0036/frame_0147_rank_01.png
Cosmos3_seed101_0036,147,2,0.5236493349075317,0.8539080619812012,570.8853149414062,362.4608154296875,691.3272094726562,452.8621215820313,0.96875,7194,/shared/ssd_30T/zhuoyingyang/physact/sam3_robowm/identity_v1/sam_masked_expansion6/crops/Cosmos3_seed101_0036/frame_0147_rank_02.png
Cosmos3_seed101_0036,147,3,0.1594520360231399,0.6507066488265991,566.4840698242188,130.148681640625,721.7855834960938,452.9342041015625,0.96875,25394,/shared/ssd_30T/zhuoyingyang/physact/sam3_robowm/identity_v1/sam_masked_expansion6/crops/Cosmos3_seed101_0036/frame_0147_rank_03.png
Cosmos3_seed101_0036,150,1,0.6035322546958923,0.9656029939651488,762.7481689453125,345.133544921875,858.8853759765625,411.7921752929688,0.97265625,4552,/shared/ssd_30T/zhuoyingyang/physact/sam3_robowm/identity_v1/sam_masked_expansion6/crops/Cosmos3_seed101_0036/frame_0150_rank_01.png
Cosmos3_seed101_0036,150,2,0.4941403269767761,0.8341816663742065,573.8089599609375,381.28656005859375,694.8699951171875,473.9563598632813,0.96875,7906,/shared/ssd_30T/zhuoyingyang/physact/sam3_robowm/identity_v1/sam_masked_expansion6/crops/Cosmos3_seed101_0036/frame_0150_rank_02.png
Cosmos3_seed101_0036,150,3,0.1374044418334961,0.6278829574584961,558.416748046875,149.2694091796875,707.1309814453125,474.2906494140625,0.97265625,26055,/shared/ssd_30T/zhuoyingyang/physact/sam3_robowm/identity_v1/sam_masked_expansion6/crops/Cosmos3_seed101_0036/frame_0150_rank_03.png
Cosmos3_seed101_0036,153,1,0.5798776149749756,0.957016944885254,762.6915283203125,345.114501953125,858.9278564453125,411.693115234375,0.9765625,4561,/shared/ssd_30T/zhuoyingyang/physact/sam3_robowm/identity_v1/sam_masked_expansion6/crops/Cosmos3_seed101_0036/frame_0153_rank_01.png
Cosmos3_seed101_0036,153,2,0.510986328125,0.8363507986068726,576.4659423828125,393.8794860839844,698.6029052734375,490.5818786621094,0.97265625,7272,/shared/ssd_30T/zhuoyingyang/physact/sam3_robowm/identity_v1/sam_masked_expansion6/crops/Cosmos3_seed101_0036/frame_0153_rank_02.png
Cosmos3_seed101_0036,153,3,0.1500900983810424,0.6262835264205933,553.5922241210938,163.8027801513672,713.5160522460938,490.9293212890625,0.97265625,26722,/shared/ssd_30T/zhuoyingyang/physact/sam3_robowm/identity_v1/sam_masked_expansion6/crops/Cosmos3_seed101_0036/frame_0153_rank_03.png
Cosmos3_seed101_0036,156,1,0.5705991983413696,0.9588186144828796,762.5882568359375,345.2734680175781,859.0296630859375,411.7524108886719,0.97265625,4559,/shared/ssd_30T/zhuoyingyang/physact/sam3_robowm/identity_v1/sam_masked_expansion6/crops/Cosmos3_seed101_0036/frame_0156_rank_01.png
Cosmos3_seed101_0036,156,2,0.4964621663093567,0.8297092914581299,576.431640625,407.7875671386719,698.87890625,503.1090393066406,0.97265625,8234,/shared/ssd_30T/zhuoyingyang/physact/sam3_robowm/identity_v1/sam_masked_expansion6/crops/Cosmos3_seed101_0036/frame_0156_rank_02.png
Cosmos3_seed101_0036,156,3,0.1646220982074737,0.6623371839523315,1129.50390625,654.33056640625,1241.51318359375,717.5889892578125,0.96484375,4423,/shared/ssd_30T/zhuoyingyang/physact/sam3_robowm/identity_v1/sam_masked_expansion6/crops/Cosmos3_seed101_0036/frame_0156_rank_03.png
Cosmos3_seed101_0036,159,1,0.5643768310546875,0.9568530917167664,762.8961181640625,345.264404296875,858.833740234375,411.7078247070313,0.9765625,4554,/shared/ssd_30T/zhuoyingyang/physact/sam3_robowm/identity_v1/sam_masked_expansion6/crops/Cosmos3_seed101_0036/frame_0159_rank_01.png
Cosmos3_seed101_0036,159,2,0.5378209352493286,0.8125752210617065,574.8175048828125,415.487060546875,697.2799072265625,510.4288940429688,0.97265625,7211,/shared/ssd_30T/zhuoyingyang/physact/sam3_robowm/identity_v1/sam_masked_expansion6/crops/Cosmos3_seed101_0036/frame_0159_rank_02.png
Cosmos3_seed101_0036,159,3,0.1672637611627578,0.6551070213317871,1130.3160400390625,653.90234375,1241.8336181640625,717.52783203125,0.96484375,5066,/shared/ssd_30T/zhuoyingyang/physact/sam3_robowm/identity_v1/sam_masked_expansion6/crops/Cosmos3_seed101_0036/frame_0159_rank_03.png
Cosmos3_seed101_0036,162,1,0.5595616102218628,0.9610408544540404,762.8598022460938,345.3506164550781,858.9522094726562,411.6753845214844,0.97265625,4553,/shared/ssd_30T/zhuoyingyang/physact/sam3_robowm/identity_v1/sam_masked_expansion6/crops/Cosmos3_seed101_0036/frame_0162_rank_01.png
Cosmos3_seed101_0036,162,2,0.557466447353363,0.8550673723220825,575.7978515625,422.1520385742188,698.678955078125,517.6587524414062,0.97265625,7656,/shared/ssd_30T/zhuoyingyang/physact/sam3_robowm/identity_v1/sam_masked_expansion6/crops/Cosmos3_seed101_0036/frame_0162_rank_02.png
Cosmos3_seed101_0036,162,3,0.1711486279964447,0.6716996431350708,1130.77294921875,654.3404541015625,1242.37255859375,717.6129150390625,0.96484375,5052,/shared/ssd_30T/zhuoyingyang/physact/sam3_robowm/identity_v1/sam_masked_expansion6/crops/Cosmos3_seed101_0036/frame_0162_rank_03.png
Cosmos3_seed101_0036,165,1,0.5422131419181824,0.9560782313346864,762.7100830078125,345.2431640625,859.1285400390625,411.609619140625,0.9765625,4556,/shared/ssd_30T/zhuoyingyang/physact/sam3_robowm/identity_v1/sam_masked_expansion6/crops/Cosmos3_seed101_0036/frame_0165_rank_01.png
Cosmos3_seed101_0036,165,2,0.5165982246398926,0.8524080514907837,578.7735595703125,428.47314453125,701.0384521484375,522.5269165039062,0.9765625,7255,/shared/ssd_30T/zhuoyingyang/physact/sam3_robowm/identity_v1/sam_masked_expansion6/crops/Cosmos3_seed101_0036/frame_0165_rank_02.png
Cosmos3_seed101_0036,165,3,0.1548900008201599,0.6643065214157104,1130.67529296875,653.8773193359375,1242.748046875,717.5740966796875,0.96484375,5101,/shared/ssd_30T/zhuoyingyang/physact/sam3_robowm/identity_v1/sam_masked_expansion6/crops/Cosmos3_seed101_0036/frame_0165_rank_03.png
Cosmos3_seed101_0036,168,1,0.5324928760528564,0.9586412906646729,762.5858764648438,345.00469970703125,859.0888061523438,411.4219970703125,0.97265625,4565,/shared/ssd_30T/zhuoyingyang/physact/sam3_robowm/identity_v1/sam_masked_expansion6/crops/Cosmos3_seed101_0036/frame_0168_rank_01.png
Cosmos3_seed101_0036,168,2,0.5052215456962585,0.8531447649002075,580.9869384765625,430.5567626953125,702.8031005859375,524.8032836914062,0.9765625,8249,/shared/ssd_30T/zhuoyingyang/physact/sam3_robowm/identity_v1/sam_masked_expansion6/crops/Cosmos3_seed101_0036/frame_0168_rank_02.png
Cosmos3_seed101_0036,168,3,0.153871938586235,0.6644490957260132,1130.558349609375,653.7383422851562,1242.736083984375,717.5062866210938,0.96484375,5067,/shared/ssd_30T/zhuoyingyang/physact/sam3_robowm/identity_v1/sam_masked_expansion6/crops/Cosmos3_seed101_0036/frame_0168_rank_03.png
Cosmos3_seed101_0036,171,1,0.524970531463623,0.9585615396499634,762.6693725585938,345.1884765625,859.1233520507812,411.5931396484375,0.97265625,4539,/shared/ssd_30T/zhuoyingyang/physact/sam3_robowm/identity_v1/sam_masked_expansion6/crops/Cosmos3_seed101_0036/frame_0171_rank_01.png
Cosmos3_seed101_0036,171,2,0.4801874756813049,0.8394821882247925,580.6676635742188,429.3406677246094,701.3202514648438,527.559814453125,0.9765625,8477,/shared/ssd_30T/zhuoyingyang/physact/sam3_robowm/identity_v1/sam_masked_expansion6/crops/Cosmos3_seed101_0036/frame_0171_rank_02.png
Cosmos3_seed101_0036,171,3,0.1627928912639618,0.6479290723800659,1130.608642578125,653.6671142578125,1242.446044921875,717.5186767578125,0.9609375,5114,/shared/ssd_30T/zhuoyingyang/physact/sam3_robowm/identity_v1/sam_masked_expansion6/crops/Cosmos3_seed101_0036/frame_0171_rank_03.png
Cosmos3_seed101_0036,174,1,0.5582616329193115,0.9594402313232422,762.5038452148438,345.3746643066406,858.9561157226562,411.5586242675781,0.97265625,4542,/shared/ssd_30T/zhuoyingyang/physact/sam3_robowm/identity_v1/sam_masked_expansion6/crops/Cosmos3_seed101_0036/frame_0174_rank_01.png
Cosmos3_seed101_0036,174,2,0.6220126152038574,0.8835309147834778,580.408935546875,430.1401062011719,699.511962890625,530.2058715820312,0.9765625,8682,/shared/ssd_30T/zhuoyingyang/physact/sam3_robowm/identity_v1/sam_masked_expansion6/crops/Cosmos3_seed101_0036/frame_0174_rank_02.png
Cosmos3_seed101_0036,174,3,0.1180104166269302,0.6521949768066406,546.2036743164062,185.48580932617188,704.4259643554688,530.2420654296875,0.97265625,26569,/shared/ssd_30T/zhuoyingyang/physact/sam3_robowm/identity_v1/sam_masked_expansion6/crops/Cosmos3_seed101_0036/frame_0174_rank_03.png
Cosmos3_seed101_0036,177,1,0.4892966747283935,0.960180163383484,762.3795776367188,345.3970947265625,858.8766479492188,411.69183349609375,0.97265625,4547,/shared/ssd_30T/zhuoyingyang/physact/sam3_robowm/identity_v1/sam_masked_expansion6/crops/Cosmos3_seed101_0036/frame_0177_rank_01.png
Cosmos3_seed101_0036,177,2,0.7257678508758545,0.9181408286094666,580.4855346679688,429.9312133789063,699.7041625976562,530.3613891601562,0.9765625,9125,/shared/ssd_30T/zhuoyingyang/physact/sam3_robowm/identity_v1/sam_masked_expansion6/crops/Cosmos3_seed101_0036/frame_0177_rank_02.png
Cosmos3_seed101_0036,177,3,0.1334365457296371,0.6430519223213196,1130.5155029296875,654.0477294921875,1238.4776611328125,717.34423828125,0.96484375,3975,/shared/ssd_30T/zhuoyingyang/physact/sam3_robowm/identity_v1/sam_masked_expansion6/crops/Cosmos3_seed101_0036/frame_0177_rank_03.png
Cosmos3_seed101_0036,180,1,0.5362970232963562,0.956208348274231,762.39453125,345.34063720703125,858.8421630859375,411.5554809570313,0.97265625,4539,/shared/ssd_30T/zhuoyingyang/physact/sam3_robowm/identity_v1/sam_masked_expansion6/crops/Cosmos3_seed101_0036/frame_0180_rank_01.png
Cosmos3_seed101_0036,180,2,0.7506311535835266,0.9340940117836,580.7042236328125,429.6136169433594,699.7249755859375,529.9634399414062,0.9765625,9146,/shared/ssd_30T/zhuoyingyang/physact/sam3_robowm/identity_v1/sam_masked_expansion6/crops/Cosmos3_seed101_0036/frame_0180_rank_02.png
Cosmos3_seed101_0036,180,3,0.1139983162283897,0.6538861989974976,1130.3651123046875,653.7024536132812,1236.3057861328125,717.3671264648438,0.9609375,4600,/shared/ssd_30T/zhuoyingyang/physact/sam3_robowm/identity_v1/sam_masked_expansion6/crops/Cosmos3_seed101_0036/frame_0180_rank_03.png
Cosmos3_seed101_0036,183,1,0.5008335709571838,0.9586649537086488,762.2507934570312,345.16265869140625,858.9620971679688,411.861083984375,0.97265625,4565,/shared/ssd_30T/zhuoyingyang/physact/sam3_robowm/identity_v1/sam_masked_expansion6/crops/Cosmos3_seed101_0036/frame_0183_rank_01.png
Cosmos3_seed101_0036,183,2,0.7317100763320923,0.9383671283721924,580.6454467773438,429.3940734863281,699.7847290039062,530.61181640625,0.9765625,9173,/shared/ssd_30T/zhuoyingyang/physact/sam3_robowm/identity_v1/sam_masked_expansion6/crops/Cosmos3_seed101_0036/frame_0183_rank_02.png
Cosmos3_seed101_0036,183,3,0.1462054252624511,0.6158734560012817,579.759033203125,3.66143798828125,1265.8690185546875,716.3798217773438,0.984375,157714,/shared/ssd_30T/zhuoyingyang/physact/sam3_robowm/identity_v1/sam_masked_expansion6/crops/Cosmos3_seed101_0036/frame_0183_rank_03.png
Cosmos3_seed101_0036,186,1,0.5077886581420898,0.9572665691375732,762.28662109375,344.9539489746094,858.9578857421875,411.5414123535156,0.97265625,4563,/shared/ssd_30T/zhuoyingyang/physact/sam3_robowm/identity_v1/sam_masked_expansion6/crops/Cosmos3_seed101_0036/frame_0186_rank_01.png
Cosmos3_seed101_0036,186,2,0.7441721558570862,0.9356038570404052,580.5037231445312,429.0145263671875,699.8369750976562,530.3294677734375,0.97265625,9175,/shared/ssd_30T/zhuoyingyang/physact/sam3_robowm/identity_v1/sam_masked_expansion6/crops/Cosmos3_seed101_0036/frame_0186_rank_02.png
Cosmos3_seed101_0036,186,3,0.1338153183460235,0.6202918291091919,590.2095336914062,0.966796875,1276.296875,716.4188842773438,0.98828125,156030,/shared/ssd_30T/zhuoyingyang/physact/sam3_robowm/identity_v1/sam_masked_expansion6/crops/Cosmos3_seed101_0036/frame_0186_rank_03.png
Cosmos3_seed101_0036,188,1,0.5156622529029846,0.9571280479431152,762.3772583007812,345.0726013183594,858.9066772460938,411.6555480957031,0.97265625,4570,/shared/ssd_30T/zhuoyingyang/physact/sam3_robowm/identity_v1/sam_masked_expansion6/crops/Cosmos3_seed101_0036/frame_0188_rank_01.png
Cosmos3_seed101_0036,188,2,0.7428863048553467,0.938685417175293,580.5806884765625,429.136962890625,699.830810546875,530.4945068359375,0.97265625,9170,/shared/ssd_30T/zhuoyingyang/physact/sam3_robowm/identity_v1/sam_masked_expansion6/crops/Cosmos3_seed101_0036/frame_0188_rank_02.png
Cosmos3_seed101_0036,188,3,0.1061195507645607,0.6614951491355896,660.24169921875,228.3427734375,717.4114990234375,321.11279296875,0.95703125,2978,/shared/ssd_30T/zhuoyingyang/physact/sam3_robowm/identity_v1/sam_masked_expansion6/crops/Cosmos3_seed101_0036/frame_0188_rank_03.png
LVP_0030,0,1,0.771060049533844,0.8798332214355469,403.6384887695313,238.6332092285156,469.2546997070313,305.0805358886719,0.98046875,2884,/shared/ssd_30T/zhuoyingyang/physact/sam3_robowm/identity_v1/sam_masked_expansion6/crops/LVP_0030/frame_0000_rank_01.png
LVP_0030,0,2,0.1380990445613861,0.679524302482605,1.329254150390625,172.304443359375,647.87158203125,478.1658935546875,0.984375,136214,/shared/ssd_30T/zhuoyingyang/physact/sam3_robowm/identity_v1/sam_masked_expansion6/crops/LVP_0030/frame_0000_rank_02.png
LVP_0030,3,1,0.7451174855232239,0.8816796541213989,403.8197021484375,238.2047119140625,469.663818359375,304.0167236328125,0.9765625,2907,/shared/ssd_30T/zhuoyingyang/physact/sam3_robowm/identity_v1/sam_masked_expansion6/crops/LVP_0030/frame_0003_rank_01.png
LVP_0030,3,2,0.1461468189954757,0.6744554042816162,1.615692138671875,172.31405639648438,646.5355224609375,478.1470642089844,0.98828125,137030,/shared/ssd_30T/zhuoyingyang/physact/sam3_robowm/identity_v1/sam_masked_expansion6/crops/LVP_0030/frame_0003_rank_02.png
LVP_0030,6,1,0.7174291610717773,0.8729073405265808,403.8296813964844,238.1206512451172,469.7209777832031,303.8187866210937,0.9765625,2923,/shared/ssd_30T/zhuoyingyang/physact/sam3_robowm/identity_v1/sam_masked_expansion6/crops/LVP_0030/frame_0006_rank_01.png
LVP_0030,6,2,0.1509806960821151,0.6905593276023865,2.244903564453125,172.42913818359375,638.4124755859375,477.7761840820313,0.9765625,133826,/shared/ssd_30T/zhuoyingyang/physact/sam3_robowm/identity_v1/sam_masked_expansion6/crops/LVP_0030/frame_0006_rank_02.png
LVP_0030,9,1,0.7107239961624146,0.8803309202194214,404.1419677734375,238.094467163086,469.5818481445313,303.74273681640625,0.9765625,2889,/shared/ssd_30T/zhuoyingyang/physact/sam3_robowm/identity_v1/sam_masked_expansion6/crops/LVP_0030/frame_0009_rank_01.png
LVP_0030,9,2,0.1532501131296157,0.6463642120361328,1.99346923828125,172.85345458984375,644.7633056640625,477.8089599609375,0.984375,132986,/shared/ssd_30T/zhuoyingyang/physact/sam3_robowm/identity_v1/sam_masked_expansion6/crops/LVP_0030/frame_0009_rank_02.png
LVP_0030,12,1,0.6891060471534729,0.9043607711791992,404.0925903320313,240.53387451171875,469.8703002929688,302.882080078125,0.97265625,2836,/shared/ssd_30T/zhuoyingyang/physact/sam3_robowm/identity_v1/sam_masked_expansion6/crops/LVP_0030/frame_0012_rank_01.png
LVP_0030,12,2,0.1609174609184265,0.6403477191925049,1.772430419921875,173.02194213867188,644.9552001953125,477.8910827636719,0.9765625,133179,/shared/ssd_30T/zhuoyingyang/physact/sam3_robowm/identity_v1/sam_masked_expansion6/crops/LVP_0030/frame_0012_rank_02.png
LVP_0030,15,1,0.5780110359191895,0.8457929491996765,403.4500122070313,246.66799926757807,469.34368896484375,304.4247131347656,0.97265625,2398,/shared/ssd_30T/zhuoyingyang/physact/sam3_robowm/identity_v1/sam_masked_expansion6/crops/LVP_0030/frame_0015_rank_01.png
LVP_0030,15,2,0.1866339445114135,0.611542284488678,1.33819580078125,173.0268096923828,646.6360473632812,478.0173950195313,0.98046875,132582,/shared/ssd_30T/zhuoyingyang/physact/sam3_robowm/identity_v1/sam_masked_expansion6/crops/LVP_0030/frame_0015_rank_02.png
LVP_0030,18,1,0.3139956891536712,0.7541743516921997,401.3622131347656,221.83497619628903,471.2862854003906,306.80047607421875,0.96875,4209,/shared/ssd_30T/zhuoyingyang/physact/sam3_robowm/identity_v1/sam_masked_expansion6/crops/LVP_0030/frame_0018_rank_01.png
LVP_0030,18,2,0.1076406463980674,0.6381252408027649,1.0287017822265625,0.3420867919921875,331.90985107421875,317.27667236328125,0.98046875,78635,/shared/ssd_30T/zhuoyingyang/physact/sam3_robowm/identity_v1/sam_masked_expansion6/crops/LVP_0030/frame_0018_rank_02.png
LVP_0030,18,3,0.3473587334156036,0.6007789373397827,1.66717529296875,172.83209228515625,645.7139892578125,478.1177978515625,0.9765625,131220,/shared/ssd_30T/zhuoyingyang/physact/sam3_robowm/identity_v1/sam_masked_expansion6/crops/LVP_0030/frame_0018_rank_03.png
LVP_0030,21,1,0.3070947825908661,0.7228112816810608,401.3956909179688,222.10498046875,470.5748901367188,307.19451904296875,0.96875,4165,/shared/ssd_30T/zhuoyingyang/physact/sam3_robowm/identity_v1/sam_masked_expansion6/crops/LVP_0030/frame_0021_rank_01.png
LVP_0030,21,2,0.106026567518711,0.6386752128601074,0.799560546875,0.32537841796875,331.9866027832031,317.2675476074219,0.98046875,78631,/shared/ssd_30T/zhuoyingyang/physact/sam3_robowm/identity_v1/sam_masked_expansion6/crops/LVP_0030/frame_0021_rank_02.png
LVP_0030,21,3,0.147084042429924,0.6104346513748169,400.6458740234375,127.37867736816406,511.9693603515625,307.09100341796875,0.96484375,8910,/shared/ssd_30T/zhuoyingyang/physact/sam3_robowm/identity_v1/sam_masked_expansion6/crops/LVP_0030/frame_0021_rank_03.png
LVP_0030,24,1,0.4074635505676269,0.758727490901947,406.6278076171875,235.8953399658203,470.5411376953125,297.00811767578125,0.96875,2676,/shared/ssd_30T/zhuoyingyang/physact/sam3_robowm/identity_v1/sam_masked_expansion6/crops/LVP_0030/frame_0024_rank_01.png
LVP_0030,24,2,0.1038088798522949,0.6030968427658081,631.4389038085938,310.5848999023437,651.4247436523438,353.4105224609375,0.859375,320,/shared/ssd_30T/zhuoyingyang/physact/sam3_robowm/identity_v1/sam_masked_expansion6/crops/LVP_0030/frame_0024_rank_02.png
LVP_0030,24,3,0.1650362461805343,0.5938227772712708,404.60260009765625,109.3461456298828,534.5827026367188,298.0335693359375,0.96484375,9801,/shared/ssd_30T/zhuoyingyang/physact/sam3_robowm/identity_v1/sam_masked_expansion6/crops/LVP_0030/frame_0024_rank_03.png
LVP_0030,27,1,0.6444680094718933,0.8769384026527405,407.9588623046875,234.43630981445312,468.91351318359375,296.8779602050781,0.97265625,2539,/shared/ssd_30T/zhuoyingyang/physact/sam3_robowm/identity_v1/sam_masked_expansion6/crops/LVP_0030/frame_0027_rank_01.png
LVP_0030,27,2,0.181780144572258,0.6458797454833984,1.830230712890625,172.80789184570312,644.387451171875,477.8016052246094,0.9765625,132217,/shared/ssd_30T/zhuoyingyang/physact/sam3_robowm/identity_v1/sam_masked_expansion6/crops/LVP_0030/frame_0027_rank_02.png
LVP_0030,30,1,0.6835632920265198,0.9021804332733154,408.626220703125,235.01773071289065,471.9938354492188,291.7572937011719,0.96875,2387,/shared/ssd_30T/zhuoyingyang/physact/sam3_robowm/identity_v1/sam_masked_expansion6/crops/LVP_0030/frame_0030_rank_01.png
LVP_0030,30,2,0.1653777658939361,0.651808500289917,1.3800048828125,172.8008575439453,641.635009765625,478.04193115234375,0.9765625,131769,/shared/ssd_30T/zhuoyingyang/physact/sam3_robowm/identity_v1/sam_masked_expansion6/crops/LVP_0030/frame_0030_rank_02.png
LVP_0030,33,1,0.6995356678962708,0.8994941711425781,408.3701171875,235.0924835205078,470.7325439453125,291.82598876953125,0.96875,2362,/shared/ssd_30T/zhuoyingyang/physact/sam3_robowm/identity_v1/sam_masked_expansion6/crops/LVP_0030/frame_0033_rank_01.png
LVP_0030,33,2,0.1580385565757751,0.6554766893386841,1.659637451171875,172.4065704345703,641.9945068359375,477.976806640625,0.9765625,131567,/shared/ssd_30T/zhuoyingyang/physact/sam3_robowm/identity_v1/sam_masked_expansion6/crops/LVP_0030/frame_0033_rank_02.png
LVP_0030,36,1,0.680604100227356,0.8988069295883179,407.8505554199219,234.72433471679688,470.2938537597656,295.5756530761719,0.97265625,2587,/shared/ssd_30T/zhuoyingyang/physact/sam3_robowm/identity_v1/sam_masked_expansion6/crops/LVP_0030/frame_0036_rank_01.png
LVP_0030,36,2,0.1701432317495346,0.643923282623291,1.560516357421875,172.56187438964844,643.5216064453125,477.9112548828125,0.97265625,130669,/shared/ssd_30T/zhuoyingyang/physact/sam3_robowm/identity_v1/sam_masked_expansion6/crops/LVP_0030/frame_0036_rank_02.png
LVP_0030,39,1,0.6755461692810059,0.896354079246521,407.4099731445313,234.6104736328125,470.2263793945313,297.982421875,0.97265625,2642,/shared/ssd_30T/zhuoyingyang/physact/sam3_robowm/identity_v1/sam_masked_expansion6/crops/LVP_0030/frame_0039_rank_01.png
LVP_0030,39,2,0.1628020405769348,0.7303248047828674,470.02532958984375,259.1795654296875,526.2820434570312,302.9884033203125,0.9609375,1441,/shared/ssd_30T/zhuoyingyang/physact/sam3_robowm/identity_v1/sam_masked_expansion6/crops/LVP_0030/frame_0039_rank_02.png
LVP_0030,39,3,0.1563490331172943,0.6391854286193848,1.15008544921875,172.38299560546875,647.5247192382812,477.9039306640625,0.9765625,131518,/shared/ssd_30T/zhuoyingyang/physact/sam3_robowm/identity_v1/sam_masked_expansion6/crops/LVP_0030/frame_0039_rank_03.png
LVP_0030,42,1,0.6931771636009216,0.8748098611831665,407.78265380859375,234.645736694336,470.6502685546875,294.8335266113281,0.97265625,2561,/shared/ssd_30T/zhuoyingyang/physact/sam3_robowm/identity_v1/sam_masked_expansion6/crops/LVP_0030/frame_0042_rank_01.png
LVP_0030,42,2,0.1391043066978454,0.7274535298347473,469.4153137207031,263.0241394042969,525.8408813476562,303.4831237792969,0.9609375,1299,/shared/ssd_30T/zhuoyingyang/physact/sam3_robowm/identity_v1/sam_masked_expansion6/crops/LVP_0030/frame_0042_rank_02.png
LVP_0030,42,3,0.1567607820034027,0.6416517496109009,1.1561279296875,172.3885955810547,648.0780639648438,478.1123046875,0.98046875,131471,/shared/ssd_30T/zhuoyingyang/physact/sam3_robowm/identity_v1/sam_masked_expansion6/crops/LVP_0030/frame_0042_rank_03.png
LVP_0030,45,1,0.6097277998924255,0.9090020656585692,408.0420837402344,235.71273803710932,470.3216857910156,295.4696960449219,0.97265625,2550,/shared/ssd_30T/zhuoyingyang/physact/sam3_robowm/identity_v1/sam_masked_expansion6/crops/LVP_0030/frame_0045_rank_01.png
LVP_0030,45,2,0.5568522810935974,0.8401012420654297,471.3569030761719,240.4208374023437,528.7477416992188,301.2564697265625,0.97265625,2356,/shared/ssd_30T/zhuoyingyang/physact/sam3_robowm/identity_v1/sam_masked_expansion6/crops/LVP_0030/frame_0045_rank_02.png
LVP_0030,45,3,0.1150830760598182,0.8207007050514221,407.38616943359375,235.5715789794922,529.3137817382812,302.3276062011719,0.97265625,4988,/shared/ssd_30T/zhuoyingyang/physact/sam3_robowm/identity_v1/sam_masked_expansion6/crops/LVP_0030/frame_0045_rank_03.png
LVP_0030,48,1,0.6502830386161804,0.8975415825843811,408.240966796875,235.8510589599609,470.08929443359375,294.5180969238281,0.97265625,2536,/shared/ssd_30T/zhuoyingyang/physact/sam3_robowm/identity_v1/sam_masked_expansion6/crops/LVP_0030/frame_0048_rank_01.png
LVP_0030,48,2,0.6082414388656616,0.8630735874176025,471.84771728515625,240.25860595703125,529.27099609375,299.32489013671875,0.96875,2229,/shared/ssd_30T/zhuoyingyang/physact/sam3_robowm/identity_v1/sam_masked_expansion6/crops/LVP_0030/frame_0048_rank_02.png
LVP_0030,48,3,0.1399046778678894,0.6769062280654907,1.6707763671875,172.660888671875,643.8373413085938,478.4405517578125,0.98046875,132140,/shared/ssd_30T/zhuoyingyang/physact/sam3_robowm/identity_v1/sam_masked_expansion6/crops/LVP_0030/frame_0048_rank_03.png
