case,frame,rank_a,rank_b,pair_similarity,iou,containment,nested,gdino_a,gdino_b,siglip_source_a,siglip_source_b,sam_a,sam_b,crop_a,crop_b,track_a,track_b,birth_a,obs_a,life_a,birth_b,obs_b,life_b,first_frame,post_initial_a,post_initial_b,persistent_a,persistent_b,new_persistent_a,new_persistent_b,has_new_persistent_track,spatially_distinct,eligible,min_siglip,min_gdino,semantic_support,dup_evidence,eligible_dup_evidence
Cosmos2.5_0058,15,1,2,0.3202137053012848,0.0,0.0,False,0.7501586079597473,0.1008836403489112,0.941791296005249,0.6894094944000244,0.9765625,0.96875,/shared/ssd_30T/zhuoyingyang/physact/sam3_robowm/identity_v1/sam_masked_expansion6/crops/Cosmos2.5_0058/frame_0015_rank_01.png,/shared/ssd_30T/zhuoyingyang/physact/sam3_robowm/identity_v1/sam_masked_expansion6/crops/Cosmos2.5_0058/frame_0015_rank_02.png,T00,T01,0,32,92,15,27,77,0,False,True,True,True,False,True,True,True,True,0.6894094944000244,0.1008836403489112,0.2637236043401818,0.08444791252117961,0.08444791252117961
Cosmos2.5_0058,18,1,2,0.3581812977790832,0.0,0.0,False,0.677425742149353,0.1662404537200927,0.9598249197006226,0.6821339130401611,0.9765625,0.96875,/shared/ssd_30T/zhuoyingyang/physact/sam3_robowm/identity_v1/sam_masked_expansion6/crops/Cosmos2.5_0058/frame_0018_rank_01.png,/shared/ssd_30T/zhuoyingyang/physact/sam3_robowm/identity_v1/sam_masked_expansion6/crops/Cosmos2.5_0058/frame_0018_rank_02.png,T00,T01,0,32,92,15,27,77,0,False,True,True,True,False,True,True,True,True,0.6821339130401611,0.1662404537200927,0.3367465682106629,0.1206163228243478,0.1206163228243478
Cosmos2.5_0058,21,1,2,0.293891966342926,0.0,0.0,False,0.6472281217575073,0.2198399752378463,0.9631750583648682,0.7821406126022339,0.9765625,0.97265625,/shared/ssd_30T/zhuoyingyang/physact/sam3_robowm/identity_v1/sam_masked_expansion6/crops/Cosmos2.5_0058/frame_0021_rank_01.png,/shared/ssd_30T/zhuoyingyang/physact/sam3_robowm/identity_v1/sam_masked_expansion6/crops/Cosmos2.5_0058/frame_0021_rank_02.png,T00,T01,0,32,92,15,27,77,0,False,True,True,True,False,True,True,True,True,0.7821406126022339,0.2198399752378463,0.41466344534693317,0.12186625532354263,0.12186625532354263
Cosmos2.5_0058,24,1,2,0.5355935096740723,0.0,0.0,False,0.6335161924362183,0.2345937192440033,0.961132287979126,0.858683168888092,0.9765625,0.97265625,/shared/ssd_30T/zhuoyingyang/physact/sam3_robowm/identity_v1/sam_masked_expansion6/crops/Cosmos2.5_0058/frame_0024_rank_01.png,/shared/ssd_30T/zhuoyingyang/physact/sam3_robowm/identity_v1/sam_masked_expansion6/crops/Cosmos2.5_0058/frame_0024_rank_02.png,T00,T01,0,32,92,15,27,77,0,False,True,True,True,False,True,True,True,True,0.858683168888092,0.2345937192440033,0.44882254649436243,0.24038644289777006,0.24038644289777006
Cosmos2.5_0058,27,1,2,0.6120738387107849,0.0,0.0,False,0.5975310206413269,0.2604678273200989,0.9632647633552552,0.8597110509872437,0.9765625,0.97265625,/shared/ssd_30T/zhuoyingyang/physact/sam3_robowm/identity_v1/sam_masked_expansion6/crops/Cosmos2.5_0058/frame_0027_rank_01.png,/shared/ssd_30T/zhuoyingyang/physact/sam3_robowm/identity_v1/sam_masked_expansion6/crops/Cosmos2.5_0058/frame_0027_rank_02.png,T00,T01,0,32,92,15,27,77,0,False,True,True,True,False,True,True,True,True,0.8597110509872437,0.2604678273200989,0.47320932955059763,0.28963905085179115,0.28963905085179115
Cosmos2.5_0058,30,1,2,0.5706413984298706,0.0,0.0,False,0.6122204661369324,0.2600313127040863,0.9552976489067078,0.8640377521514893,0.97265625,0.97265625,/shared/ssd_30T/zhuoyingyang/physact/sam3_robowm/identity_v1/sam_masked_expansion6/crops/Cosmos2.5_0058/frame_0030_rank_01.png,/shared/ssd_30T/zhuoyingyang/physact/sam3_robowm/identity_v1/sam_masked_expansion6/crops/Cosmos2.5_0058/frame_0030_rank_02.png,T00,T01,0,32,92,15,27,77,0,False,True,True,True,False,True,True,True,True,0.8640377521514893,0.2600313127040863,0.47400091868881405,0.27048454709762826,0.27048454709762826
Cosmos2.5_0058,33,1,2,0.5898227095603943,0.0,0.0,False,0.6123799085617065,0.2327474951744079,0.950898051261902,0.7780967354774475,0.9765625,0.96875,/shared/ssd_30T/zhuoyingyang/physact/sam3_robowm/identity_v1/sam_masked_expansion6/crops/Cosmos2.5_0058/frame_0033_rank_01.png,/shared/ssd_30T/zhuoyingyang/physact/sam3_robowm/identity_v1/sam_masked_expansion6/crops/Cosmos2.5_0058/frame_0033_rank_02.png,T00,T01,0,32,92,15,27,77,0,False,True,True,True,False,True,True,True,True,0.7780967354774475,0.2327474951744079,0.42555853438247454,0.25100408782602135,0.25100408782602135
Cosmos2.5_0058,36,1,2,0.5941936373710632,0.0,0.0,False,0.6704424619674683,0.1570647805929184,0.9489369988441468,0.8099867105484009,0.9765625,0.96875,/shared/ssd_30T/zhuoyingyang/physact/sam3_robowm/identity_v1/sam_masked_expansion6/crops/Cosmos2.5_0058/frame_0036_rank_01.png,/shared/ssd_30T/zhuoyingyang/physact/sam3_robowm/identity_v1/sam_masked_expansion6/crops/Cosmos2.5_0058/frame_0036_rank_02.png,T00,T01,0,32,92,15,27,77,0,False,True,True,True,False,True,True,True,True,0.8099867105484009,0.1570647805929184,0.3566796671741526,0.21193678881450997,0.21193678881450997
Cosmos2.5_0058,39,1,2,0.4889046251773834,0.0,0.0,False,0.5624645948410034,0.3182624280452728,0.9621942043304444,0.8470611572265625,0.9765625,0.97265625,/shared/ssd_30T/zhuoyingyang/physact/sam3_robowm/identity_v1/sam_masked_expansion6/crops/Cosmos2.5_0058/frame_0039_rank_01.png,/shared/ssd_30T/zhuoyingyang/physact/sam3_robowm/identity_v1/sam_masked_expansion6/crops/Cosmos2.5_0058/frame_0039_rank_02.png,T00,T01,0,32,92,15,27,77,0,False,True,True,True,False,True,True,True,True,0.8470611572265625,0.3182624280452728,0.5192183939362746,0.2538482742726173,0.2538482742726173
Cosmos2.5_0058,39,1,3,0.1380945146083831,0.0122629009163552,1.0,True,0.5624645948410034,0.1003346890211105,0.9621942043304444,0.5482431650161743,0.9765625,0.98828125,/shared/ssd_30T/zhuoyingyang/physact/sam3_robowm/identity_v1/sam_masked_expansion6/crops/Cosmos2.5_0058/frame_0039_rank_01.png,/shared/ssd_30T/zhuoyingyang/physact/sam3_robowm/identity_v1/sam_masked_expansion6/crops/Cosmos2.5_0058/frame_0039_rank_03.png,T00,T02,0,32,92,39,1,0,0,False,True,True,False,False,False,False,False,False,0.5482431650161743,0.1003346890211105,0.23453743298213023,0.032388332965163455,0.0
Cosmos2.5_0058,39,2,3,0.1478813290596008,0.0189463986921509,1.0,True,0.3182624280452728,0.1003346890211105,0.8470611572265625,0.5482431650161743,0.97265625,0.98828125,/shared/ssd_30T/zhuoyingyang/physact/sam3_robowm/identity_v1/sam_masked_expansion6/crops/Cosmos2.5_0058/frame_0039_rank_02.png,/shared/ssd_30T/zhuoyingyang/physact/sam3_robowm/identity_v1/sam_masked_expansion6/crops/Cosmos2.5_0058/frame_0039_rank_03.png,T01,T02,15,27,77,39,1,0,0,True,True,True,False,True,False,True,False,False,0.5482431650161743,0.1003346890211105,0.23453743298213023,0.034683707303624474,0.0
Cosmos2.5_0058,42,1,2,0.5019891262054443,0.0,0.0,False,0.5382283329963684,0.3562753796577453,0.9665707349777222,0.8377852439880371,0.9765625,0.97265625,/shared/ssd_30T/zhuoyingyang/physact/sam3_robowm/identity_v1/sam_masked_expansion6/crops/Cosmos2.5_0058/frame_0042_rank_01.png,/shared/ssd_30T/zhuoyingyang/physact/sam3_robowm/identity_v1/sam_masked_expansion6/crops/Cosmos2.5_0058/frame_0042_rank_02.png,T00,T01,0,32,92,15,27,77,0,False,True,True,True,False,True,True,True,True,0.8377852439880371,0.3562753796577453,0.5463352961995909,0.27425437795442525,0.27425437795442525
Cosmos2.5_0058,42,1,3,0.4705824851989746,0.0,0.0,False,0.5382283329963684,0.1125428080558776,0.9665707349777222,0.7015450596809387,0.9765625,0.95703125,/shared/ssd_30T/zhuoyingyang/physact/sam3_robowm/identity_v1/sam_masked_expansion6/crops/Cosmos2.5_0058/frame_0042_rank_01.png,/shared/ssd_30T/zhuoyingyang/physact/sam3_robowm/identity_v1/sam_masked_expansion6/crops/Cosmos2.5_0058/frame_0042_rank_03.png,T00,T03,0,32,92,42,18,50,0,False,True,True,True,False,True,True,True,True,0.7015450596809387,0.1125428080558776,0.28098727906120785,0.132227692089921,0.132227692089921
Cosmos2.5_0058,42,2,3,0.5547996759414673,0.3051280235542213,1.0,True,0.3562753796577453,0.1125428080558776,0.8377852439880371,0.7015450596809387,0.97265625,0.95703125,/shared/ssd_30T/zhuoyingyang/physact/sam3_robowm/identity_v1/sam_masked_expansion6/crops/Cosmos2.5_0058/frame_0042_rank_02.png,/shared/ssd_30T/zhuoyingyang/physact/sam3_robowm/identity_v1/sam_masked_expansion6/crops/Cosmos2.5_0058/frame_0042_rank_03.png,T01,T03,15,27,77,42,18,50,0,True,True,True,True,True,True,True,False,False,0.7015450596809387,0.1125428080558776,0.28098727906120785,0.15589165136683275,0.0
Cosmos2.5_0058,45,1,2,0.5478748083114624,0.0,0.0,False,0.5502910614013672,0.3102113306522369,0.9499635696411132,0.8435566425323486,0.9765625,0.96875,/shared/ssd_30T/zhuoyingyang/physact/sam3_robowm/identity_v1/sam_masked_expansion6/crops/Cosmos2.5_0058/frame_0045_rank_01.png,/shared/ssd_30T/zhuoyingyang/physact/sam3_robowm/identity_v1/sam_masked_expansion6/crops/Cosmos2.5_0058/frame_0045_rank_02.png,T00,T01,0,32,92,15,27,77,0,False,True,True,True,False,True,True,True,True,0.8435566425323486,0.3102113306522369,0.5115474841698404,0.28026397983176216,0.28026397983176216
Cosmos2.5_0058,45,1,3,0.4420921206474304,0.0,0.0,False,0.5502910614013672,0.1141653880476951,0.9499635696411132,0.7072458863258362,0.9765625,0.97265625,/shared/ssd_30T/zhuoyingyang/physact/sam3_robowm/identity_v1/sam_masked_expansion6/crops/Cosmos2.5_0058/frame_0045_rank_01.png,/shared/ssd_30T/zhuoyingyang/physact/sam3_robowm/identity_v1/sam_masked_expansion6/crops/Cosmos2.5_0058/frame_0045_rank_03.png,T00,T03,0,32,92,42,18,50,0,False,True,True,True,False,True,True,True,True,0.7072458863258362,0.1141653880476951,0.28415312959305083,0.12562185965039596,0.12562185965039596
Cosmos2.5_0058,45,2,3,0.6968173384666443,0.3249964400056505,1.0,True,0.3102113306522369,0.1141653880476951,0.8435566425323486,0.7072458863258362,0.96875,0.97265625,/shared/ssd_30T/zhuoyingyang/physact/sam3_robowm/identity_v1/sam_masked_expansion6/crops/Cosmos2.5_0058/frame_0045_rank_02.png,/shared/ssd_30T/zhuoyingyang/physact/sam3_robowm/identity_v1/sam_masked_expansion6/crops/Cosmos2.5_0058/frame_0045_rank_03.png,T01,T03,15,27,77,42,18,50,0,True,True,True,True,True,True,True,False,False,0.7072458863258362,0.1141653880476951,0.28415312959305083,0.19800282747999715,0.0
Cosmos2.5_0058,48,1,2,0.591279923915863,0.0,0.0,False,0.538156270980835,0.3376995921134949,0.9477757215499878,0.8169950246810913,0.9765625,0.96484375,/shared/ssd_30T/zhuoyingyang/physact/sam3_robowm/identity_v1/sam_masked_expansion6/crops/Cosmos2.5_0058/frame_0048_rank_01.png,/shared/ssd_30T/zhuoyingyang/physact/sam3_robowm/identity_v1/sam_masked_expansion6/crops/Cosmos2.5_0058/frame_0048_rank_02.png,T00,T01,0,32,92,15,27,77,0,False,True,True,True,False,True,True,True,True,0.8169950246810913,0.3376995921134949,0.5252607796071959,0.31057615380212966,0.31057615380212966
Cosmos2.5_0058,48,1,3,0.4274470806121826,0.0,0.0,False,0.538156270980835,0.1040560528635978,0.9477757215499878,0.7012025117874146,0.9765625,0.97265625,/shared/ssd_30T/zhuoyingyang/physact/sam3_robowm/identity_v1/sam_masked_expansion6/crops/Cosmos2.5_0058/frame_0048_rank_01.png,/shared/ssd_30T/zhuoyingyang/physact/sam3_robowm/identity_v1/sam_masked_expansion6/crops/Cosmos2.5_0058/frame_0048_rank_03.png,T00,T03,0,32,92,42,18,50,0,False,True,True,True,False,True,True,True,True,0.7012025117874146,0.1040560528635978,0.2701191693209476,0.11546165034362689,0.11546165034362689
Cosmos2.5_0058,48,2,3,0.6206506490707397,0.3357396834068896,1.0,True,0.3376995921134949,0.1040560528635978,0.8169950246810913,0.7012025117874146,0.96484375,0.97265625,/shared/ssd_30T/zhuoyingyang/physact/sam3_robowm/identity_v1/sam_masked_expansion6/crops/Cosmos2.5_0058/frame_0048_rank_02.png,/shared/ssd_30T/zhuoyingyang/physact/sam3_robowm/identity_v1/sam_masked_expansion6/crops/Cosmos2.5_0058/frame_0048_rank_03.png,T01,T03,15,27,77,42,18,50,0,True,True,True,True,True,True,True,False,False,0.7012025117874146,0.1040560528635978,0.2701191693209476,0.16764963776549519,0.0
Cosmos2.5_0058,51,1,2,0.5646776556968689,0.0,0.0,False,0.5004051327705383,0.3893924653530121,0.9572149515151978,0.8199961185455322,0.9765625,0.96875,/shared/ssd_30T/zhuoyingyang/physact/sam3_robowm/identity_v1/sam_masked_expansion6/crops/Cosmos2.5_0058/frame_0051_rank_01.png,/shared/ssd_30T/zhuoyingyang/physact/sam3_robowm/identity_v1/sam_masked_expansion6/crops/Cosmos2.5_0058/frame_0051_rank_02.png,T00,T01,0,32,92,15,27,77,0,False,True,True,True,False,True,True,True,True,0.8199961185455322,0.3893924653530121,0.5650666422470411,0.3190805068565604,0.3190805068565604
Cosmos2.5_0058,51,1,3,0.5065587162971497,0.0,0.0,False,0.5004051327705383,0.1397786289453506,0.9572149515151978,0.6713608503341675,0.9765625,0.97265625,/shared/ssd_30T/zhuoyingyang/physact/sam3_robowm/identity_v1/sam_masked_expansion6/crops/Cosmos2.5_0058/frame_0051_rank_01.png,/shared/ssd_30T/zhuoyingyang/physact/sam3_robowm/identity_v1/sam_masked_expansion6/crops/Cosmos2.5_0058/frame_0051_rank_03.png,T00,T03,0,32,92,42,18,50,0,False,True,True,True,False,True,True,True,True,0.6713608503341675,0.1397786289453506,0.3063362518333321,0.15517729848397305,0.15517729848397305
Cosmos2.5_0058,51,2,3,0.6892430782318115,0.3529794634908737,1.0,True,0.3893924653530121,0.1397786289453506,0.8199961185455322,0.6713608503341675,0.96875,0.97265625,/shared/ssd_30T/zhuoyingyang/physact/sam3_robowm/identity_v1/sam_masked_expansion6/crops/Cosmos2.5_0058/frame_0051_rank_02.png,/shared/ssd_30T/zhuoyingyang/physact/sam3_robowm/identity_v1/sam_masked_expansion6/crops/Cosmos2.5_0058/frame_0051_rank_03.png,T01,T03,15,27,77,42,18,50,0,True,True,True,True,True,True,True,False,False,0.6713608503341675,0.1397786289453506,0.3063362518333321,0.21114014118760122,0.0
Cosmos2.5_0058,54,1,2,0.5948339700698853,0.0,0.0,False,0.4751045703887939,0.4241486191749573,0.9588934183120728,0.7939081788063049,0.9765625,0.96875,/shared/ssd_30T/zhuoyingyang/physact/sam3_robowm/identity_v1/sam_masked_expansion6/crops/Cosmos2.5_0058/frame_0054_rank_01.png,/shared/ssd_30T/zhuoyingyang/physact/sam3_robowm/identity_v1/sam_masked_expansion6/crops/Cosmos2.5_0058/frame_0054_rank_02.png,T00,T01,0,32,92,15,27,77,0,False,True,True,True,False,True,True,True,True,0.7939081788063049,0.4241486191749573,0.5802887710376613,0.34517547346330674,0.34517547346330674
Cosmos2.5_0058,54,1,3,0.2463821917772293,0.0,0.0,False,0.4751045703887939,0.1747581958770752,0.9588934183120728,0.6321759819984436,0.9765625,0.97265625,/shared/ssd_30T/zhuoyingyang/physact/sam3_robowm/identity_v1/sam_masked_expansion6/crops/Cosmos2.5_0058/frame_0054_rank_01.png,/shared/ssd_30T/zhuoyingyang/physact/sam3_robowm/identity_v1/sam_masked_expansion6/crops/Cosmos2.5_0058/frame_0054_rank_03.png,T00,T03,0,32,92,42,18,50,0,False,True,True,True,False,True,True,True,True,0.6321759819984436,0.1747581958770752,0.3323822108520045,0.08189305761747803,0.08189305761747803
Cosmos2.5_0058,54,2,3,0.341409683227539,0.298374999670557,1.0,True,0.4241486191749573,0.1747581958770752,0.7939081788063049,0.6321759819984436,0.96875,0.97265625,/shared/ssd_30T/zhuoyingyang/physact/sam3_robowm/identity_v1/sam_masked_expansion6/crops/Cosmos2.5_0058/frame_0054_rank_02.png,/shared/ssd_30T/zhuoyingyang/physact/sam3_robowm/identity_v1/sam_masked_expansion6/crops/Cosmos2.5_0058/frame_0054_rank_03.png,T01,T03,15,27,77,42,18,50,0,True,True,True,True,True,True,True,False,False,0.6321759819984436,0.1747581958770752,0.3323822108520045,0.11347850531745193,0.0
Cosmos2.5_0058,57,1,2,0.5532741546630859,0.0,0.0,False,0.4778877198696136,0.4034358561038971,0.9667527675628662,0.7419226765632629,0.9765625,0.96875,/shared/ssd_30T/zhuoyingyang/physact/sam3_robowm/identity_v1/sam_masked_expansion6/crops/Cosmos2.5_0058/frame_0057_rank_01.png,/shared/ssd_30T/zhuoyingyang/physact/sam3_robowm/identity_v1/sam_masked_expansion6/crops/Cosmos2.5_0058/frame_0057_rank_02.png,T00,T01,0,32,92,15,27,77,0,False,True,True,True,False,True,True,True,True,0.7419226765632629,0.4034358561038971,0.547099817384538,0.3026961889797589,0.3026961889797589
Cosmos2.5_0058,57,1,3,0.2339321970939636,0.0,0.0,False,0.4778877198696136,0.177697479724884,0.9667527675628662,0.6624120473861694,0.9765625,0.97265625,/shared/ssd_30T/zhuoyingyang/physact/sam3_robowm/identity_v1/sam_masked_expansion6/crops/Cosmos2.5_0058/frame_0057_rank_01.png,/shared/ssd_30T/zhuoyingyang/physact/sam3_robowm/identity_v1/sam_masked_expansion6/crops/Cosmos2.5_0058/frame_0057_rank_03.png,T00,T03,0,32,92,42,18,50,0,False,True,True,True,False,True,True,True,True,0.6624120473861694,0.177697479724884,0.34308738152243773,0.08025918495475878,0.08025918495475878
Cosmos2.5_0058,57,2,3,0.3382728993892669,0.3038252675320823,1.0,True,0.4034358561038971,0.177697479724884,0.7419226765632629,0.6624120473861694,0.96875,0.97265625,/shared/ssd_30T/zhuoyingyang/physact/sam3_robowm/identity_v1/sam_masked_expansion6/crops/Cosmos2.5_0058/frame_0057_rank_02.png,/shared/ssd_30T/zhuoyingyang/physact/sam3_robowm/identity_v1/sam_masked_expansion6/crops/Cosmos2.5_0058/frame_0057_rank_03.png,T01,T03,15,27,77,42,18,50,0,True,True,True,True,True,True,True,False,False,0.6624120473861694,0.177697479724884,0.34308738152243773,0.1160571632914666,0.0
Cosmos2.5_0058,60,1,2,0.552005410194397,0.0,0.0,False,0.4938529431819916,0.3943619132041931,0.960708498954773,0.7349260449409485,0.9765625,0.96875,/shared/ssd_30T/zhuoyingyang/physact/sam3_robowm/identity_v1/sam_masked_expansion6/crops/Cosmos2.5_0058/frame_0060_rank_01.png,/shared/ssd_30T/zhuoyingyang/physact/sam3_robowm/identity_v1/sam_masked_expansion6/crops/Cosmos2.5_0058/frame_0060_rank_02.png,T00,T01,0,32,92,15,27,77,0,False,True,True,True,False,True,True,True,True,0.7349260449409485,0.3943619132041931,0.538355682747478,0.2971752494855063,0.2971752494855063
Cosmos2.5_0058,60,1,3,0.1693015992641449,0.0,0.0,False,0.4938529431819916,0.1465800702571869,0.960708498954773,0.6323423981666565,0.9765625,0.96875,/shared/ssd_30T/zhuoyingyang/physact/sam3_robowm/identity_v1/sam_masked_expansion6/crops/Cosmos2.5_0058/frame_0060_rank_01.png,/shared/ssd_30T/zhuoyingyang/physact/sam3_robowm/identity_v1/sam_masked_expansion6/crops/Cosmos2.5_0058/frame_0060_rank_03.png,T00,T03,0,32,92,42,18,50,0,False,True,True,True,False,True,True,True,True,0.6323423981666565,0.1465800702571869,0.3044483423339115,0.051543591250449085,0.051543591250449085
Cosmos2.5_0058,60,2,3,0.3921062350273132,0.2961464626165473,1.0,True,0.3943619132041931,0.1465800702571869,0.7349260449409485,0.6323423981666565,0.96875,0.96875,/shared/ssd_30T/zhuoyingyang/physact/sam3_robowm/identity_v1/sam_masked_expansion6/crops/Cosmos2.5_0058/frame_0060_rank_02.png,/shared/ssd_30T/zhuoyingyang/physact/sam3_robowm/identity_v1/sam_masked_expansion6/crops/Cosmos2.5_0058/frame_0060_rank_03.png,T01,T03,15,27,77,42,18,50,0,True,True,True,True,True,True,True,False,False,0.6323423981666565,0.1465800702571869,0.3044483423339115,0.1193760932728566,0.0
Cosmos2.5_0058,63,1,2,0.502679705619812,0.0,0.0,False,0.4783101975917816,0.4089924693107605,0.9604950547218324,0.7538061141967773,0.9765625,0.97265625,/shared/ssd_30T/zhuoyingyang/physact/sam3_robowm/identity_v1/sam_masked_expansion6/crops/Cosmos2.5_0058/frame_0063_rank_01.png,/shared/ssd_30T/zhuoyingyang/physact/sam3_robowm/identity_v1/sam_masked_expansion6/crops/Cosmos2.5_0058/frame_0063_rank_02.png,T00,T01,0,32,92,15,27,77,0,False,True,True,True,False,True,True,True,True,0.7538061141967773,0.4089924693107605,0.5552486146105086,0.2791122101382189,0.2791122101382189
Cosmos2.5_0058,63,1,3,0.2068608999252319,0.0,0.0,False,0.4783101975917816,0.1374418884515762,0.9604950547218324,0.658645510673523,0.9765625,0.97265625,/shared/ssd_30T/zhuoyingyang/physact/sam3_robowm/identity_v1/sam_masked_expansion6/crops/Cosmos2.5_0058/frame_0063_rank_01.png,/shared/ssd_30T/zhuoyingyang/physact/sam3_robowm/identity_v1/sam_masked_expansion6/crops/Cosmos2.5_0058/frame_0063_rank_03.png,T00,T03,0,32,92,42,18,50,0,False,True,True,True,False,True,True,True,True,0.658645510673523,0.1374418884515762,0.3008745300073135,0.062239176041894065,0.062239176041894065
Cosmos2.5_0058,63,2,3,0.3768704533576965,0.2979151894972137,1.0,True,0.4089924693107605,0.1374418884515762,0.7538061141967773,0.658645510673523,0.97265625,0.97265625,/shared/ssd_30T/zhuoyingyang/physact/sam3_robowm/identity_v1/sam_masked_expansion6/crops/Cosmos2.5_0058/frame_0063_rank_02.png,/shared/ssd_30T/zhuoyingyang/physact/sam3_robowm/identity_v1/sam_masked_expansion6/crops/Cosmos2.5_0058/frame_0063_rank_03.png,T01,T03,15,27,77,42,18,50,0,True,True,True,True,True,True,True,False,False,0.658645510673523,0.1374418884515762,0.3008745300073135,0.1133907205276401,0.0
Cosmos2.5_0058,66,1,2,0.5115256905555725,0.0,0.0,False,0.4598560631275177,0.4331423938274383,0.9600965976715088,0.7697048187255859,0.9765625,0.97265625,/shared/ssd_30T/zhuoyingyang/physact/sam3_robowm/identity_v1/sam_masked_expansion6/crops/Cosmos2.5_0058/frame_0066_rank_01.png,/shared/ssd_30T/zhuoyingyang/physact/sam3_robowm/identity_v1/sam_masked_expansion6/crops/Cosmos2.5_0058/frame_0066_rank_02.png,T00,T01,0,32,92,15,27,77,0,False,True,True,True,False,True,True,True,True,0.7697048187255859,0.4331423938274383,0.5774008899571551,0.2953553889627359,0.2953553889627359
Cosmos2.5_0058,66,1,3,0.1821494102478027,0.0,0.0,False,0.4598560631275177,0.1376673728227615,0.9600965976715088,0.6803935170173645,0.9765625,0.97265625,/shared/ssd_30T/zhuoyingyang/physact/sam3_robowm/identity_v1/sam_masked_expansion6/crops/Cosmos2.5_0058/frame_0066_rank_01.png,/shared/ssd_30T/zhuoyingyang/physact/sam3_robowm/identity_v1/sam_masked_expansion6/crops/Cosmos2.5_0058/frame_0066_rank_03.png,T00,T03,0,32,92,42,18,50,0,False,True,True,True,False,True,True,True,True,0.6803935170173645,0.1376673728227615,0.30605226346723763,0.05574723929556247,0.05574723929556247
Cosmos2.5_0058,66,2,3,0.4481944143772125,0.2861890202943137,1.0,True,0.4331423938274383,0.1376673728227615,0.7697048187255859,0.6803935170173645,0.97265625,0.97265625,/shared/ssd_30T/zhuoyingyang/physact/sam3_robowm/identity_v1/sam_masked_expansion6/crops/Cosmos2.5_0058/frame_0066_rank_02.png,/shared/ssd_30T/zhuoyingyang/physact/sam3_robowm/identity_v1/sam_masked_expansion6/crops/Cosmos2.5_0058/frame_0066_rank_03.png,T01,T03,15,27,77,42,18,50,0,True,True,True,True,True,True,True,False,False,0.6803935170173645,0.1376673728227615,0.30605226346723763,0.1371709149935189,0.0
Cosmos2.5_0058,69,1,2,0.5634219646453857,0.0,0.0,False,0.4536914527416229,0.4384068846702575,0.9580284953117372,0.7915079593658447,0.9765625,0.97265625,/shared/ssd_30T/zhuoyingyang/physact/sam3_robowm/identity_v1/sam_masked_expansion6/crops/Cosmos2.5_0058/frame_0069_rank_01.png,/shared/ssd_30T/zhuoyingyang/physact/sam3_robowm/identity_v1/sam_masked_expansion6/crops/Cosmos2.5_0058/frame_0069_rank_02.png,T00,T01,0,32,92,15,27,77,0,False,True,True,True,False,True,True,True,True,0.7915079593658447,0.4384068846702575,0.5890692138087787,0.33189453375625494,0.33189453375625494
Cosmos2.5_0058,69,1,3,0.1689416468143463,0.0,0.0,False,0.4536914527416229,0.1647703647613525,0.9580284953117372,0.6721082925796509,0.9765625,0.97265625,/shared/ssd_30T/zhuoyingyang/physact/sam3_robowm/identity_v1/sam_masked_expansion6/crops/Cosmos2.5_0058/frame_0069_rank_01.png,/shared/ssd_30T/zhuoyingyang/physact/sam3_robowm/identity_v1/sam_masked_expansion6/crops/Cosmos2.5_0058/frame_0069_rank_03.png,T00,T03,0,32,92,42,18,50,0,False,True,True,True,False,True,True,True,True,0.6721082925796509,0.1647703647613525,0.3327815026822839,0.056220655092497844,0.056220655092497844
Cosmos2.5_0058,69,2,3,0.385015994310379,0.2867914367146062,1.0,True,0.4384068846702575,0.1647703647613525,0.7915079593658447,0.6721082925796509,0.97265625,0.97265625,/shared/ssd_30T/zhuoyingyang/physact/sam3_robowm/identity_v1/sam_masked_expansion6/crops/Cosmos2.5_0058/frame_0069_rank_02.png,/shared/ssd_30T/zhuoyingyang/physact/sam3_robowm/identity_v1/sam_masked_expansion6/crops/Cosmos2.5_0058/frame_0069_rank_03.png,T01,T03,15,27,77,42,18,50,0,True,True,True,True,True,True,True,False,False,0.6721082925796509,0.1647703647613525,0.3327815026822839,0.12812620114332157,0.0
Cosmos2.5_0058,72,1,2,0.5421697497367859,0.0,0.0,False,0.4602036476135254,0.4414670169353485,0.9518972635269164,0.8025610446929932,0.9765625,0.97265625,/shared/ssd_30T/zhuoyingyang/physact/sam3_robowm/identity_v1/sam_masked_expansion6/crops/Cosmos2.5_0058/frame_0072_rank_01.png,/shared/ssd_30T/zhuoyingyang/physact/sam3_robowm/identity_v1/sam_masked_expansion6/crops/Cosmos2.5_0058/frame_0072_rank_02.png,T00,T01,0,32,92,15,27,77,0,False,True,True,True,False,True,True,True,True,0.8025610446929932,0.4414670169353485,0.5952346010684633,0.3227181946959643,0.3227181946959643
Cosmos2.5_0058,72,1,3,0.1465232968330383,0.0,0.0,False,0.4602036476135254,0.1308354586362838,0.9518972635269164,0.6838282346725464,0.9765625,0.96875,/shared/ssd_30T/zhuoyingyang/physact/sam3_robowm/identity_v1/sam_masked_expansion6/crops/Cosmos2.5_0058/frame_0072_rank_01.png,/shared/ssd_30T/zhuoyingyang/physact/sam3_robowm/identity_v1/sam_masked_expansion6/crops/Cosmos2.5_0058/frame_0072_rank_03.png,T00,T03,0,32,92,42,18,50,0,False,True,True,True,False,True,True,True,True,0.6838282346725464,0.1308354586362838,0.299113658517666,0.04382711937380004,0.04382711937380004
Cosmos2.5_0058,72,2,3,0.4431428909301758,0.2835231879448309,1.0,True,0.4414670169353485,0.1308354586362838,0.8025610446929932,0.6838282346725464,0.97265625,0.96875,/shared/ssd_30T/zhuoyingyang/physact/sam3_robowm/identity_v1/sam_masked_expansion6/crops/Cosmos2.5_0058/frame_0072_rank_02.png,/shared/ssd_30T/zhuoyingyang/physact/sam3_robowm/identity_v1/sam_masked_expansion6/crops/Cosmos2.5_0058/frame_0072_rank_03.png,T01,T03,15,27,77,42,18,50,0,True,True,True,True,True,True,True,False,False,0.6838282346725464,0.1308354586362838,0.299113658517666,0.13255009135221993,0.0
Cosmos2.5_0058,75,1,2,0.5564413070678711,0.0,0.0,False,0.493634819984436,0.409780889749527,0.9494911432266236,0.7957359552383423,0.9765625,0.9765625,/shared/ssd_30T/zhuoyingyang/physact/sam3_robowm/identity_v1/sam_masked_expansion6/crops/Cosmos2.5_0058/frame_0075_rank_01.png,/shared/ssd_30T/zhuoyingyang/physact/sam3_robowm/identity_v1/sam_masked_expansion6/crops/Cosmos2.5_0058/frame_0075_rank_02.png,T00,T01,0,32,92,15,27,77,0,False,True,True,True,False,True,True,True,True,0.7957359552383423,0.409780889749527,0.5710318622837588,0.3177457158265753,0.3177457158265753
Cosmos2.5_0058,75,1,3,0.2103415578603744,0.0,0.0,False,0.493634819984436,0.1590864211320877,0.9494911432266236,0.6856197118759155,0.9765625,0.97265625,/shared/ssd_30T/zhuoyingyang/physact/sam3_robowm/identity_v1/sam_masked_expansion6/crops/Cosmos2.5_0058/frame_0075_rank_01.png,/shared/ssd_30T/zhuoyingyang/physact/sam3_robowm/identity_v1/sam_masked_expansion6/crops/Cosmos2.5_0058/frame_0075_rank_03.png,T00,T03,0,32,92,42,18,50,0,False,True,True,True,False,True,True,True,True,0.6856197118759155,0.1590864211320877,0.33026169354006607,0.06946775912082305,0.06946775912082305
Cosmos2.5_0058,75,2,3,0.340518981218338,0.2834555035860934,1.0,True,0.409780889749527,0.1590864211320877,0.7957359552383423,0.6856197118759155,0.9765625,0.97265625,/shared/ssd_30T/zhuoyingyang/physact/sam3_robowm/identity_v1/sam_masked_expansion6/crops/Cosmos2.5_0058/frame_0075_rank_02.png,/shared/ssd_30T/zhuoyingyang/physact/sam3_robowm/identity_v1/sam_masked_expansion6/crops/Cosmos2.5_0058/frame_0075_rank_03.png,T01,T03,15,27,77,42,18,50,0,True,True,True,True,True,True,True,False,False,0.6856197118759155,0.1590864211320877,0.33026169354006607,0.11246037541970626,0.0
Cosmos2.5_0058,78,1,2,0.5597051978111267,0.0,0.0,False,0.3923588097095489,0.4856718778610229,0.9539085626602172,0.826244056224823,0.9765625,0.9765625,/shared/ssd_30T/zhuoyingyang/physact/sam3_robowm/identity_v1/sam_masked_expansion6/crops/Cosmos2.5_0058/frame_0078_rank_01.png,/shared/ssd_30T/zhuoyingyang/physact/sam3_robowm/identity_v1/sam_masked_expansion6/crops/Cosmos2.5_0058/frame_0078_rank_02.png,T00,T01,0,32,92,15,27,77,0,False,True,True,True,False,True,True,True,True,0.826244056224823,0.3923588097095489,0.5693717014657131,0.3186803007969248,0.3186803007969248
Cosmos2.5_0058,78,1,3,0.4446368813514709,0.0,0.0,False,0.3923588097095489,0.1561357527971267,0.9539085626602172,0.7507103681564331,0.9765625,0.97265625,/shared/ssd_30T/zhuoyingyang/physact/sam3_robowm/identity_v1/sam_masked_expansion6/crops/Cosmos2.5_0058/frame_0078_rank_01.png,/shared/ssd_30T/zhuoyingyang/physact/sam3_robowm/identity_v1/sam_masked_expansion6/crops/Cosmos2.5_0058/frame_0078_rank_03.png,T00,T03,0,32,92,42,18,50,0,False,True,True,True,False,True,True,True,True,0.7507103681564331,0.1561357527971267,0.3423634449889661,0.15222741446863974,0.15222741446863974
Cosmos2.5_0058,78,2,3,0.6910558938980103,0.383027140202898,1.0,True,0.4856718778610229,0.1561357527971267,0.826244056224823,0.7507103681564331,0.9765625,0.97265625,/shared/ssd_30T/zhuoyingyang/physact/sam3_robowm/identity_v1/sam_masked_expansion6/crops/Cosmos2.5_0058/frame_0078_rank_02.png,/shared/ssd_30T/zhuoyingyang/physact/sam3_robowm/identity_v1/sam_masked_expansion6/crops/Cosmos2.5_0058/frame_0078_rank_03.png,T01,T03,15,27,77,42,18,50,0,True,True,True,True,True,True,True,False,False,0.7507103681564331,0.1561357527971267,0.3423634449889661,0.23659227651485223,0.0
Cosmos2.5_0058,81,1,2,0.4612740874290466,0.0,0.0,False,0.4238159656524658,0.4827053546905517,0.9580506682395936,0.8198581337928772,0.9765625,0.9765625,/shared/ssd_30T/zhuoyingyang/physact/sam3_robowm/identity_v1/sam_masked_expansion6/crops/Cosmos2.5_0058/frame_0081_rank_01.png,/shared/ssd_30T/zhuoyingyang/physact/sam3_robowm/identity_v1/sam_masked_expansion6/crops/Cosmos2.5_0058/frame_0081_rank_02.png,T00,T01,0,32,92,15,27,77,0,False,True,True,True,False,True,True,True,True,0.8198581337928772,0.4238159656524658,0.5894649834141608,0.2719049222957451,0.2719049222957451
Cosmos2.5_0058,81,1,3,0.3908221423625946,0.0,0.0,False,0.4238159656524658,0.1752897500991821,0.9580506682395936,0.7707918882369995,0.9765625,0.97265625,/shared/ssd_30T/zhuoyingyang/physact/sam3_robowm/identity_v1/sam_masked_expansion6/crops/Cosmos2.5_0058/frame_0081_rank_01.png,/shared/ssd_30T/zhuoyingyang/physact/sam3_robowm/identity_v1/sam_masked_expansion6/crops/Cosmos2.5_0058/frame_0081_rank_03.png,T00,T03,0,32,92,42,18,50,0,False,True,True,True,False,True,True,True,True,0.7707918882369995,0.1752897500991821,0.3675757302482583,0.14365673437611948,0.14365673437611948
Cosmos2.5_0058,81,2,3,0.5617287158966064,0.3907839262346982,1.0,True,0.4827053546905517,0.1752897500991821,0.8198581337928772,0.7707918882369995,0.9765625,0.97265625,/shared/ssd_30T/zhuoyingyang/physact/sam3_robowm/identity_v1/sam_masked_expansion6/crops/Cosmos2.5_0058/frame_0081_rank_02.png,/shared/ssd_30T/zhuoyingyang/physact/sam3_robowm/identity_v1/sam_masked_expansion6/crops/Cosmos2.5_0058/frame_0081_rank_03.png,T01,T03,15,27,77,42,18,50,0,True,True,True,True,True,True,True,False,False,0.7707918882369995,0.1752897500991821,0.3675757302482583,0.20647784294711152,0.0
Cosmos2.5_0058,84,1,2,0.6044607758522034,0.0,0.0,False,0.3291292488574981,0.5468974113464355,0.9569507241249084,0.8640583157539368,0.9765625,0.9765625,/shared/ssd_30T/zhuoyingyang/physact/sam3_robowm/identity_v1/sam_masked_expansion6/crops/Cosmos2.5_0058/frame_0084_rank_01.png,/shared/ssd_30T/zhuoyingyang/physact/sam3_robowm/identity_v1/sam_masked_expansion6/crops/Cosmos2.5_0058/frame_0084_rank_02.png,T00,T01,0,32,92,15,27,77,0,False,True,True,True,False,True,True,True,True,0.8640583157539368,0.3291292488574981,0.5332793493406323,0.3223464492483968,0.3223464492483968
Cosmos2.5_0058,84,1,3,0.316500723361969,0.0,0.0,False,0.3291292488574981,0.1763712167739868,0.9569507241249084,0.75373375415802,0.9765625,0.96875,/shared/ssd_30T/zhuoyingyang/physact/sam3_robowm/identity_v1/sam_masked_expansion6/crops/Cosmos2.5_0058/frame_0084_rank_01.png,/shared/ssd_30T/zhuoyingyang/physact/sam3_robowm/identity_v1/sam_masked_expansion6/crops/Cosmos2.5_0058/frame_0084_rank_03.png,T00,T03,0,32,92,42,18,50,0,False,True,True,True,False,True,True,True,True,0.75373375415802,0.1763712167739868,0.36460518282722615,0.11539780410634003,0.11539780410634003
Cosmos2.5_0058,84,2,3,0.5316020250320435,0.3841105044445313,1.0,True,0.5468974113464355,0.1763712167739868,0.8640583157539368,0.75373375415802,0.9765625,0.96875,/shared/ssd_30T/zhuoyingyang/physact/sam3_robowm/identity_v1/sam_masked_expansion6/crops/Cosmos2.5_0058/frame_0084_rank_02.png,/shared/ssd_30T/zhuoyingyang/physact/sam3_robowm/identity_v1/sam_masked_expansion6/crops/Cosmos2.5_0058/frame_0084_rank_03.png,T01,T03,15,27,77,42,18,50,0,True,True,True,True,True,True,True,False,False,0.75373375415802,0.1763712167739868,0.36460518282722615,0.19382485352813186,0.0
Cosmos2.5_0058,87,1,2,0.6373960375785828,0.0,0.0,False,0.3055306673049927,0.5670052766799927,0.9474856853485109,0.8503103256225586,0.9765625,0.9765625,/shared/ssd_30T/zhuoyingyang/physact/sam3_robowm/identity_v1/sam_masked_expansion6/crops/Cosmos2.5_0058/frame_0087_rank_01.png,/shared/ssd_30T/zhuoyingyang/physact/sam3_robowm/identity_v1/sam_masked_expansion6/crops/Cosmos2.5_0058/frame_0087_rank_02.png,T00,T01,0,32,92,15,27,77,0,False,True,True,True,False,True,True,True,True,0.8503103256225586,0.3055306673049927,0.5097017571127119,0.3248818803304838,0.3248818803304838
Cosmos2.5_0058,87,1,3,0.4067033231258392,0.0,0.0,False,0.3055306673049927,0.1726827621459961,0.9474856853485109,0.7305176258087158,0.9765625,0.96875,/shared/ssd_30T/zhuoyingyang/physact/sam3_robowm/identity_v1/sam_masked_expansion6/crops/Cosmos2.5_0058/frame_0087_rank_01.png,/shared/ssd_30T/zhuoyingyang/physact/sam3_robowm/identity_v1/sam_masked_expansion6/crops/Cosmos2.5_0058/frame_0087_rank_03.png,T00,T03,0,32,92,42,18,50,0,False,True,True,True,False,True,True,True,True,0.7305176258087158,0.1726827621459961,0.3551729176344732,0.1444500058862402,0.1444500058862402
Cosmos2.5_0058,87,2,3,0.5481151342391968,0.3790648157695712,1.0,True,0.5670052766799927,0.1726827621459961,0.8503103256225586,0.7305176258087158,0.9765625,0.96875,/shared/ssd_30T/zhuoyingyang/physact/sam3_robowm/identity_v1/sam_masked_expansion6/crops/Cosmos2.5_0058/frame_0087_rank_02.png,/shared/ssd_30T/zhuoyingyang/physact/sam3_robowm/identity_v1/sam_masked_expansion6/crops/Cosmos2.5_0058/frame_0087_rank_03.png,T01,T03,15,27,77,42,18,50,0,True,True,True,True,True,True,True,False,False,0.7305176258087158,0.1726827621459961,0.3551729176344732,0.19467565142734644,0.0
Cosmos2.5_0058,90,1,2,0.5525942444801331,0.0,0.0,False,0.3416354358196258,0.5301595330238342,0.9548293948173524,0.800055742263794,0.9765625,0.97265625,/shared/ssd_30T/zhuoyingyang/physact/sam3_robowm/identity_v1/sam_masked_expansion6/crops/Cosmos2.5_0058/frame_0090_rank_01.png,/shared/ssd_30T/zhuoyingyang/physact/sam3_robowm/identity_v1/sam_masked_expansion6/crops/Cosmos2.5_0058/frame_0090_rank_02.png,T00,T01,0,32,92,15,27,77,0,False,True,True,True,False,True,True,True,True,0.800055742263794,0.3416354358196258,0.5228072227774645,0.2889002622794696,0.2889002622794696
Cosmos2.5_0058,90,1,3,0.3677061796188354,0.0,0.0,False,0.3416354358196258,0.172006294131279,0.9548293948173524,0.7429452538490295,0.9765625,0.9609375,/shared/ssd_30T/zhuoyingyang/physact/sam3_robowm/identity_v1/sam_masked_expansion6/crops/Cosmos2.5_0058/frame_0090_rank_01.png,/shared/ssd_30T/zhuoyingyang/physact/sam3_robowm/identity_v1/sam_masked_expansion6/crops/Cosmos2.5_0058/frame_0090_rank_03.png,T00,T03,0,32,92,42,18,50,0,False,True,True,True,False,True,True,True,True,0.7429452538490295,0.172006294131279,0.3574790341502476,0.13144724994121873,0.13144724994121873
Cosmos2.5_0058,90,2,3,0.5711761713027954,0.3739616422531017,1.0,True,0.5301595330238342,0.172006294131279,0.800055742263794,0.7429452538490295,0.97265625,0.9609375,/shared/ssd_30T/zhuoyingyang/physact/sam3_robowm/identity_v1/sam_masked_expansion6/crops/Cosmos2.5_0058/frame_0090_rank_02.png,/shared/ssd_30T/zhuoyingyang/physact/sam3_robowm/identity_v1/sam_masked_expansion6/crops/Cosmos2.5_0058/frame_0090_rank_03.png,T01,T03,15,27,77,42,18,50,0,True,True,True,True,True,True,True,False,False,0.7429452538490295,0.172006294131279,0.3574790341502476,0.20418350604695967,0.0
Cosmos2.5_0058,92,1,2,0.5619940161705017,0.0,0.0,False,0.4761974215507507,0.4200466871261596,0.9471067786216736,0.7819436192512512,0.9765625,0.96484375,/shared/ssd_30T/zhuoyingyang/physact/sam3_robowm/identity_v1/sam_masked_expansion6/crops/Cosmos2.5_0058/frame_0092_rank_01.png,/shared/ssd_30T/zhuoyingyang/physact/sam3_robowm/identity_v1/sam_masked_expansion6/crops/Cosmos2.5_0058/frame_0092_rank_02.png,T00,T01,0,32,92,15,27,77,0,False,True,True,True,False,True,True,True,True,0.7819436192512512,0.4200466871261596,0.57310804111086,0.3220832897235012,0.3220832897235012
Cosmos2.5_0058,92,1,3,0.3898425996303558,0.0,0.0,False,0.4761974215507507,0.1407248973846435,0.9471067786216736,0.7415696382522583,0.9765625,0.9609375,/shared/ssd_30T/zhuoyingyang/physact/sam3_robowm/identity_v1/sam_masked_expansion6/crops/Cosmos2.5_0058/frame_0092_rank_01.png,/shared/ssd_30T/zhuoyingyang/physact/sam3_robowm/identity_v1/sam_masked_expansion6/crops/Cosmos2.5_0058/frame_0092_rank_03.png,T00,T03,0,32,92,42,18,50,0,False,True,True,True,False,True,True,True,True,0.7415696382522583,0.1407248973846435,0.3230438224863869,0.12593624355262026,0.12593624355262026
Cosmos2.5_0058,92,2,3,0.6822042465209961,0.3865150409283461,1.0,True,0.4200466871261596,0.1407248973846435,0.7819436192512512,0.7415696382522583,0.96484375,0.9609375,/shared/ssd_30T/zhuoyingyang/physact/sam3_robowm/identity_v1/sam_masked_expansion6/crops/Cosmos2.5_0058/frame_0092_rank_02.png,/shared/ssd_30T/zhuoyingyang/physact/sam3_robowm/identity_v1/sam_masked_expansion6/crops/Cosmos2.5_0058/frame_0092_rank_03.png,T01,T03,15,27,77,42,18,50,0,True,True,True,True,True,True,True,False,False,0.7415696382522583,0.1407248973846435,0.3230438224863869,0.220381867512588,0.0
Cosmos2.5_0060,6,1,2,0.5453292727470398,0.0,0.0,False,0.5120589733123779,0.2673339247703552,0.9552427530288696,0.8147038221359253,0.97265625,0.97265625,/shared/ssd_30T/zhuoyingyang/physact/sam3_robowm/identity_v1/sam_masked_expansion6/crops/Cosmos2.5_0060/frame_0006_rank_01.png,/shared/ssd_30T/zhuoyingyang/physact/sam3_robowm/identity_v1/sam_masked_expansion6/crops/Cosmos2.5_0060/frame_0006_rank_02.png,T00,T01,0,32,92,6,30,86,0,False,True,True,True,False,True,True,True,True,0.8147038221359253,0.2673339247703552,0.4666883010072208,0.2544987917878193,0.2544987917878193
Cosmos2.5_0060,9,1,2,0.5677007436752319,0.0,0.0,False,0.5171442627906799,0.2539918422698974,0.8604556322097778,0.7859861850738525,0.97265625,0.97265625,/shared/ssd_30T/zhuoyingyang/physact/sam3_robowm/identity_v1/sam_masked_expansion6/crops/Cosmos2.5_0060/frame_0009_rank_01.png,/shared/ssd_30T/zhuoyingyang/physact/sam3_robowm/identity_v1/sam_masked_expansion6/crops/Cosmos2.5_0060/frame_0009_rank_02.png,T00,T01,0,32,92,6,30,86,0,False,True,True,True,False,True,True,True,True,0.7859861850738525,0.2539918422698974,0.44680429624791695,0.2536511312572311,0.2536511312572311
Cosmos2.5_0060,12,1,2,0.6749167442321777,0.0,0.0,False,0.5547360777854919,0.2471707314252853,0.8910324573516846,0.8515874743461609,0.97265625,0.97265625,/shared/ssd_30T/zhuoyingyang/physact/sam3_robowm/identity_v1/sam_masked_expansion6/crops/Cosmos2.5_0060/frame_0012_rank_01.png,/shared/ssd_30T/zhuoyingyang/physact/sam3_robowm/identity_v1/sam_masked_expansion6/crops/Cosmos2.5_0060/frame_0012_rank_02.png,T00,T01,0,32,92,6,30,86,0,False,True,True,True,False,True,True,True,True,0.8515874743461609,0.2471707314252853,0.45878916607386444,0.3096444902555685,0.3096444902555685
Cosmos2.5_0060,15,1,2,0.6480138897895813,0.0,0.0,False,0.4570442140102386,0.3553332984447479,0.9235683679580688,0.8029992580413818,0.97265625,0.96484375,/shared/ssd_30T/zhuoyingyang/physact/sam3_robowm/identity_v1/sam_masked_expansion6/crops/Cosmos2.5_0060/frame_0015_rank_01.png,/shared/ssd_30T/zhuoyingyang/physact/sam3_robowm/identity_v1/sam_masked_expansion6/crops/Cosmos2.5_0060/frame_0015_rank_02.png,T00,T01,0,32,92,6,30,86,0,False,True,True,True,False,True,True,True,True,0.8029992580413818,0.3553332984447479,0.5341651196105278,0.3461464169487351,0.3461464169487351
Cosmos2.5_0060,18,1,2,0.6983115077018738,0.0,0.0,False,0.2826290428638458,0.5821701884269714,0.9167910218238832,0.7916936278343201,0.97265625,0.96875,/shared/ssd_30T/zhuoyingyang/physact/sam3_robowm/identity_v1/sam_masked_expansion6/crops/Cosmos2.5_0060/frame_0018_rank_01.png,/shared/ssd_30T/zhuoyingyang/physact/sam3_robowm/identity_v1/sam_masked_expansion6/crops/Cosmos2.5_0060/frame_0018_rank_02.png,T00,T01,0,32,92,6,30,86,0,False,True,True,True,False,True,True,True,True,0.7916936278343201,0.2826290428638458,0.47302813053371323,0.330320987018396,0.330320987018396
Cosmos2.5_0060,21,1,2,0.6802295446395874,0.0,0.0,False,0.2780613601207733,0.6073411107063293,0.924846053123474,0.8572152256965637,0.97265625,0.97265625,/shared/ssd_30T/zhuoyingyang/physact/sam3_robowm/identity_v1/sam_masked_expansion6/crops/Cosmos2.5_0060/frame_0021_rank_01.png,/shared/ssd_30T/zhuoyingyang/physact/sam3_robowm/identity_v1/sam_masked_expansion6/crops/Cosmos2.5_0060/frame_0021_rank_02.png,T00,T01,0,32,92,6,30,86,0,False,True,True,True,False,True,True,True,True,0.8572152256965637,0.2780613601207733,0.48821965504619147,0.3321014336361673,0.3321014336361673
Cosmos2.5_0060,24,1,2,0.655958890914917,0.0,0.0,False,0.2578718364238739,0.6531069874763489,0.9376109838485718,0.8049054145812988,0.97265625,0.97265625,/shared/ssd_30T/zhuoyingyang/physact/sam3_robowm/identity_v1/sam_masked_expansion6/crops/Cosmos2.5_0060/frame_0024_rank_01.png,/shared/ssd_30T/zhuoyingyang/physact/sam3_robowm/identity_v1/sam_masked_expansion6/crops/Cosmos2.5_0060/frame_0024_rank_02.png,T00,T01,0,32,92,6,30,86,0,False,True,True,True,False,True,True,True,True,0.8049054145812988,0.2578718364238739,0.4555902077586821,0.2988484473930817,0.2988484473930817
Cosmos2.5_0060,27,1,2,0.7254334092140198,0.0,0.0,False,0.2736991047859192,0.6065166592597961,0.9465307593345642,0.8149405717849731,0.97265625,0.97265625,/shared/ssd_30T/zhuoyingyang/physact/sam3_robowm/identity_v1/sam_masked_expansion6/crops/Cosmos2.5_0060/frame_0027_rank_01.png,/shared/ssd_30T/zhuoyingyang/physact/sam3_robowm/identity_v1/sam_masked_expansion6/crops/Cosmos2.5_0060/frame_0027_rank_02.png,T00,T01,0,32,92,6,30,86,0,False,True,True,True,False,True,True,True,True,0.8149405717849731,0.2736991047859192,0.4722801128051786,0.34260777233624257,0.34260777233624257
Cosmos2.5_0060,30,1,2,0.6630113124847412,0.0,0.0,False,0.2653024196624756,0.6088277101516724,0.9360272884368896,0.8767504096031189,0.97265625,0.97265625,/shared/ssd_30T/zhuoyingyang/physact/sam3_robowm/identity_v1/sam_masked_expansion6/crops/Cosmos2.5_0060/frame_0030_rank_01.png,/shared/ssd_30T/zhuoyingyang/physact/sam3_robowm/identity_v1/sam_masked_expansion6/crops/Cosmos2.5_0060/frame_0030_rank_02.png,T00,T01,0,32,92,6,30,86,0,False,True,True,True,False,True,True,True,True,0.8767504096031189,0.2653024196624756,0.4822903742640672,0.31976397403957624,0.31976397403957624
Cosmos2.5_0060,33,1,2,0.6596873998641968,0.0,0.0,False,0.2453858107328415,0.5899772047996521,0.9354177713394164,0.7967585325241089,0.97265625,0.97265625,/shared/ssd_30T/zhuoyingyang/physact/sam3_robowm/identity_v1/sam_masked_expansion6/crops/Cosmos2.5_0060/frame_0033_rank_01.png,/shared/ssd_30T/zhuoyingyang/physact/sam3_robowm/identity_v1/sam_masked_expansion6/crops/Cosmos2.5_0060/frame_0033_rank_02.png,T00,T01,0,32,92,6,30,86,0,False,True,True,True,False,True,True,True,True,0.7967585325241089,0.2453858107328415,0.44216878956088423,0.29169317908651893,0.29169317908651893
Cosmos2.5_0060,33,1,3,0.3342572152614593,0.0,0.0,False,0.2453858107328415,0.1144014000892639,0.9354177713394164,0.7105646133422852,0.97265625,0.97265625,/shared/ssd_30T/zhuoyingyang/physact/sam3_robowm/identity_v1/sam_masked_expansion6/crops/Cosmos2.5_0060/frame_0033_rank_01.png,/shared/ssd_30T/zhuoyingyang/physact/sam3_robowm/identity_v1/sam_masked_expansion6/crops/Cosmos2.5_0060/frame_0033_rank_03.png,T00,T02,0,32,92,33,14,39,0,False,True,True,True,False,True,True,True,True,0.7105646133422852,0.1144014000892639,0.28511328734424823,0.09530117346172869,0.09530117346172869
Cosmos2.5_0060,33,2,3,0.4736738801002502,0.4135996868465832,1.0,True,0.5899772047996521,0.1144014000892639,0.7967585325241089,0.7105646133422852,0.97265625,0.97265625,/shared/ssd_30T/zhuoyingyang/physact/sam3_robowm/identity_v1/sam_masked_expansion6/crops/Cosmos2.5_0060/frame_0033_rank_02.png,/shared/ssd_30T/zhuoyingyang/physact/sam3_robowm/identity_v1/sam_masked_expansion6/crops/Cosmos2.5_0060/frame_0033_rank_03.png,T01,T02,6,30,86,33,14,39,0,True,True,True,True,True,True,True,False,False,0.7105646133422852,0.1144014000892639,0.28511328734424823,0.13505071708448763,0.0
Cosmos2.5_0060,36,1,2,0.60459965467453,0.0,0.0,False,0.2919733822345733,0.5770455002784729,0.9269253015518188,0.7957805395126343,0.97265625,0.9765625,/shared/ssd_30T/zhuoyingyang/physact/sam3_robowm/identity_v1/sam_masked_expansion6/crops/Cosmos2.5_0060/frame_0036_rank_01.png,/shared/ssd_30T/zhuoyingyang/physact/sam3_robowm/identity_v1/sam_masked_expansion6/crops/Cosmos2.5_0060/frame_0036_rank_02.png,T00,T01,0,32,92,6,30,86,0,False,True,True,True,False,True,True,True,True,0.7957805395126343,0.2919733822345733,0.48202358410969615,0.29143129249770156,0.29143129249770156
Cosmos2.5_0060,36,1,3,0.3904793560504913,0.0,0.0,False,0.2919733822345733,0.1084478050470352,0.9269253015518188,0.7376053333282471,0.97265625,0.97265625,/shared/ssd_30T/zhuoyingyang/physact/sam3_robowm/identity_v1/sam_masked_expansion6/crops/Cosmos2.5_0060/frame_0036_rank_01.png,/shared/ssd_30T/zhuoyingyang/physact/sam3_robowm/identity_v1/sam_masked_expansion6/crops/Cosmos2.5_0060/frame_0036_rank_03.png,T00,T02,0,32,92,33,14,39,0,False,True,True,True,False,True,True,True,True,0.7376053333282471,0.1084478050470352,0.28282800319352247,0.11043849656005295,0.11043849656005295
Cosmos2.5_0060,36,2,3,0.6395859122276306,0.3564102992290799,1.0,True,0.5770455002784729,0.1084478050470352,0.7957805395126343,0.7376053333282471,0.9765625,0.97265625,/shared/ssd_30T/zhuoyingyang/physact/sam3_robowm/identity_v1/sam_masked_expansion6/crops/Cosmos2.5_0060/frame_0036_rank_02.png,/shared/ssd_30T/zhuoyingyang/physact/sam3_robowm/identity_v1/sam_masked_expansion6/crops/Cosmos2.5_0060/frame_0036_rank_03.png,T01,T02,6,30,86,33,14,39,0,True,True,True,True,True,True,True,False,False,0.7376053333282471,0.1084478050470352,0.28282800319352247,0.1808928064260483,0.0
Cosmos2.5_0060,39,1,2,0.6117847561836243,0.0,0.0,False,0.3345230221748352,0.5282092094421387,0.9470158815383912,0.8307749629020691,0.97265625,0.9765625,/shared/ssd_30T/zhuoyingyang/physact/sam3_robowm/identity_v1/sam_masked_expansion6/crops/Cosmos2.5_0060/frame_0039_rank_01.png,/shared/ssd_30T/zhuoyingyang/physact/sam3_robowm/identity_v1/sam_masked_expansion6/crops/Cosmos2.5_0060/frame_0039_rank_02.png,T00,T01,0,32,92,6,30,86,0,False,True,True,True,False,True,True,True,True,0.8307749629020691,0.3345230221748352,0.5271748773767456,0.3225175538220643,0.3225175538220643
Cosmos2.5_0060,39,1,3,0.479952722787857,0.0,0.0,False,0.3345230221748352,0.1154320538043975,0.9470158815383912,0.7085102796554565,0.97265625,0.97265625,/shared/ssd_30T/zhuoyingyang/physact/sam3_robowm/identity_v1/sam_masked_expansion6/crops/Cosmos2.5_0060/frame_0039_rank_01.png,/shared/ssd_30T/zhuoyingyang/physact/sam3_robowm/identity_v1/sam_masked_expansion6/crops/Cosmos2.5_0060/frame_0039_rank_03.png,T00,T02,0,32,92,33,14,39,0,False,True,True,True,False,True,True,True,True,0.7085102796554565,0.1154320538043975,0.28598041317922,0.13725707796936298,0.13725707796936298
Cosmos2.5_0060,39,2,3,0.6696727871894836,0.3320718072347833,1.0,True,0.5282092094421387,0.1154320538043975,0.8307749629020691,0.7085102796554565,0.9765625,0.97265625,/shared/ssd_30T/zhuoyingyang/physact/sam3_robowm/identity_v1/sam_masked_expansion6/crops/Cosmos2.5_0060/frame_0039_rank_02.png,/shared/ssd_30T/zhuoyingyang/physact/sam3_robowm/identity_v1/sam_masked_expansion6/crops/Cosmos2.5_0060/frame_0039_rank_03.png,T01,T02,6,30,86,33,14,39,0,True,True,True,True,True,True,True,False,False,0.7085102796554565,0.1154320538043975,0.28598041317922,0.1915133003753284,0.0
Cosmos2.5_0060,42,1,2,0.1760596930980682,0.4415013465414363,1.0,True,0.3546502590179443,0.1057857722043991,0.9463303089141846,0.9344627261161804,0.97265625,0.89453125,/shared/ssd_30T/zhuoyingyang/physact/sam3_robowm/identity_v1/sam_masked_expansion6/crops/Cosmos2.5_0060/frame_0042_rank_01.png,/shared/ssd_30T/zhuoyingyang/physact/sam3_robowm/identity_v1/sam_masked_expansion6/crops/Cosmos2.5_0060/frame_0042_rank_02.png,T00,T02,0,32,92,33,14,39,0,False,True,True,True,False,True,True,False,False,0.9344627261161804,0.1057857722043991,0.31440874841268024,0.05535470775288422,0.0
Cosmos2.5_0060,42,1,3,0.5602625608444214,0.0,0.0,False,0.3546502590179443,0.5110301375389099,0.9463303089141846,0.8279194831848145,0.97265625,0.9765625,/shared/ssd_30T/zhuoyingyang/physact/sam3_robowm/identity_v1/sam_masked_expansion6/crops/Cosmos2.5_0060/frame_0042_rank_01.png,/shared/ssd_30T/zhuoyingyang/physact/sam3_robowm/identity_v1/sam_masked_expansion6/crops/Cosmos2.5_0060/frame_0042_rank_03.png,T00,T01,0,32,92,6,30,86,0,False,True,True,True,False,True,True,True,True,0.8279194831848145,0.3546502590179443,0.5418688578959829,0.30358883396664527,0.30358883396664527
Cosmos2.5_0060,42,2,3,0.2694989442825317,0.0,0.0,False,0.1057857722043991,0.5110301375389099,0.9344627261161804,0.8279194831848145,0.89453125,0.9765625,/shared/ssd_30T/zhuoyingyang/physact/sam3_robowm/identity_v1/sam_masked_expansion6/crops/Cosmos2.5_0060/frame_0042_rank_02.png,/shared/ssd_30T/zhuoyingyang/physact/sam3_robowm/identity_v1/sam_masked_expansion6/crops/Cosmos2.5_0060/frame_0042_rank_03.png,T02,T01,33,14,39,6,30,86,0,True,True,True,True,True,True,True,True,True,0.8279194831848145,0.1057857722043991,0.29594273407497707,0.07975625440129233,0.07975625440129233
Cosmos2.5_0060,45,1,2,0.3516802489757538,0.4509694938399894,1.0,True,0.3586623072624206,0.1122023165225982,0.9442247152328492,0.9343516230583192,0.97265625,0.8984375,/shared/ssd_30T/zhuoyingyang/physact/sam3_robowm/identity_v1/sam_masked_expansion6/crops/Cosmos2.5_0060/frame_0045_rank_01.png,/shared/ssd_30T/zhuoyingyang/physact/sam3_robowm/identity_v1/sam_masked_expansion6/crops/Cosmos2.5_0060/frame_0045_rank_02.png,T00,T02,0,32,92,33,14,39,0,False,True,True,True,False,True,True,False,False,0.9343516230583192,0.1122023165225982,0.32378452179465417,0.11386862123923935,0.0
Cosmos2.5_0060,45,1,3,0.6055601835250854,0.0,0.0,False,0.3586623072624206,0.4972183108329773,0.9442247152328492,0.8357036113739014,0.97265625,0.9765625,/shared/ssd_30T/zhuoyingyang/physact/sam3_robowm/identity_v1/sam_masked_expansion6/crops/Cosmos2.5_0060/frame_0045_rank_01.png,/shared/ssd_30T/zhuoyingyang/physact/sam3_robowm/identity_v1/sam_masked_expansion6/crops/Cosmos2.5_0060/frame_0045_rank_03.png,T00,T01,0,32,92,6,30,86,0,False,True,True,True,False,True,True,True,True,0.8357036113739014,0.3586623072624206,0.5474809452783729,0.33153266169925877,0.33153266169925877
Cosmos2.5_0060,45,2,3,0.2981653213500976,0.0,0.0,False,0.1122023165225982,0.4972183108329773,0.9343516230583192,0.8357036113739014,0.8984375,0.9765625,/shared/ssd_30T/zhuoyingyang/physact/sam3_robowm/identity_v1/sam_masked_expansion6/crops/Cosmos2.5_0060/frame_0045_rank_02.png,/shared/ssd_30T/zhuoyingyang/physact/sam3_robowm/identity_v1/sam_masked_expansion6/crops/Cosmos2.5_0060/frame_0045_rank_03.png,T02,T01,33,14,39,6,30,86,0,True,True,True,True,True,True,True,True,True,0.8357036113739014,0.1122023165225982,0.30621541620639037,0.09130281797553227,0.09130281797553227
Cosmos2.5_0060,48,1,2,0.2185131311416626,0.4426864289294921,1.0,True,0.3804753124713897,0.1123200058937072,0.9500659704208374,0.940805971622467,0.97265625,0.90234375,/shared/ssd_30T/zhuoyingyang/physact/sam3_robowm/identity_v1/sam_masked_expansion6/crops/Cosmos2.5_0060/frame_0048_rank_01.png,/shared/ssd_30T/zhuoyingyang/physact/sam3_robowm/identity_v1/sam_masked_expansion6/crops/Cosmos2.5_0060/frame_0048_rank_02.png,T00,T02,0,32,92,33,14,39,0,False,True,True,True,False,True,True,False,False,0.940805971622467,0.1123200058937072,0.32507127261182345,0.07103234162261453,0.0
Cosmos2.5_0060,48,1,3,0.5942495465278625,0.0,0.0,False,0.3804753124713897,0.4922529757022857,0.9500659704208374,0.8036918640136719,0.97265625,0.9765625,/shared/ssd_30T/zhuoyingyang/physact/sam3_robowm/identity_v1/sam_masked_expansion6/crops/Cosmos2.5_0060/frame_0048_rank_01.png,/shared/ssd_30T/zhuoyingyang/physact/sam3_robowm/identity_v1/sam_masked_expansion6/crops/Cosmos2.5_0060/frame_0048_rank_03.png,T00,T01,0,32,92,6,30,86,0,False,True,True,True,False,True,True,True,True,0.8036918640136719,0.3804753124713897,0.5529782211726927,0.3286070571716567,0.3286070571716567
Cosmos2.5_0060,48,2,3,0.2942447364330292,0.0,0.0,False,0.1123200058937072,0.4922529757022857,0.940805971622467,0.8036918640136719,0.90234375,0.9765625,/shared/ssd_30T/zhuoyingyang/physact/sam3_robowm/identity_v1/sam_masked_expansion6/crops/Cosmos2.5_0060/frame_0048_rank_02.png,/shared/ssd_30T/zhuoyingyang/physact/sam3_robowm/identity_v1/sam_masked_expansion6/crops/Cosmos2.5_0060/frame_0048_rank_03.png,T02,T01,33,14,39,6,30,86,0,True,True,True,True,True,True,True,True,True,0.8036918640136719,0.1123200058937072,0.3004507861576337,0.08840606238404934,0.08840606238404934
Cosmos2.5_0060,51,1,2,0.2253293991088867,0.4533568417796234,1.0,True,0.2997972965240478,0.1051738262176513,0.9434939622879028,0.9299925565719604,0.97265625,0.90625,/shared/ssd_30T/zhuoyingyang/physact/sam3_robowm/identity_v1/sam_masked_expansion6/crops/Cosmos2.5_0060/frame_0051_rank_01.png,/shared/ssd_30T/zhuoyingyang/physact/sam3_robowm/identity_v1/sam_masked_expansion6/crops/Cosmos2.5_0060/frame_0051_rank_02.png,T00,T02,0,32,92,33,14,39,0,False,True,True,True,False,True,True,False,False,0.9299925565719604,0.1051738262176513,0.3127473029917422,0.07047116185605419,0.0
Cosmos2.5_0060,51,1,3,0.5564867854118347,0.0,0.0,False,0.2997972965240478,0.562938392162323,0.9434939622879028,0.783865213394165,0.97265625,0.97265625,/shared/ssd_30T/zhuoyingyang/physact/sam3_robowm/identity_v1/sam_masked_expansion6/crops/Cosmos2.5_0060/frame_0051_rank_01.png,/shared/ssd_30T/zhuoyingyang/physact/sam3_robowm/identity_v1/sam_masked_expansion6/crops/Cosmos2.5_0060/frame_0051_rank_03.png,T00,T01,0,32,92,6,30,86,0,False,True,True,True,False,True,True,True,True,0.783865213394165,0.2997972965240478,0.48476867866521295,0.26976736365874704,0.26976736365874704
Cosmos2.5_0060,51,2,3,0.2607368528842926,0.0,0.0,False,0.1051738262176513,0.562938392162323,0.9299925565719604,0.783865213394165,0.90625,0.97265625,/shared/ssd_30T/zhuoyingyang/physact/sam3_robowm/identity_v1/sam_masked_expansion6/crops/Cosmos2.5_0060/frame_0051_rank_02.png,/shared/ssd_30T/zhuoyingyang/physact/sam3_robowm/identity_v1/sam_masked_expansion6/crops/Cosmos2.5_0060/frame_0051_rank_03.png,T02,T01,33,14,39,6,30,86,0,True,True,True,True,True,True,True,True,True,0.783865213394165,0.1051738262176513,0.28712733017178993,0.07486467644606169,0.07486467644606169
Cosmos2.5_0060,54,1,2,0.156226098537445,0.4480950333591045,1.0,True,0.2953166961669922,0.1024485826492309,0.9346295595169068,0.9321017861366272,0.97265625,0.90625,/shared/ssd_30T/zhuoyingyang/physact/sam3_robowm/identity_v1/sam_masked_expansion6/crops/Cosmos2.5_0060/frame_0054_rank_01.png,/shared/ssd_30T/zhuoyingyang/physact/sam3_robowm/identity_v1/sam_masked_expansion6/crops/Cosmos2.5_0060/frame_0054_rank_02.png,T00,T02,0,32,92,33,14,39,0,False,True,True,True,False,True,True,False,False,0.9321017861366272,0.1024485826492309,0.3090186189770998,0.04827677321822157,0.0
Cosmos2.5_0060,54,1,3,0.5108333230018616,0.0,0.0,False,0.2953166961669922,0.5697845220565796,0.9346295595169068,0.8004149198532104,0.97265625,0.97265625,/shared/ssd_30T/zhuoyingyang/physact/sam3_robowm/identity_v1/sam_masked_expansion6/crops/Cosmos2.5_0060/frame_0054_rank_01.png,/shared/ssd_30T/zhuoyingyang/physact/sam3_robowm/identity_v1/sam_masked_expansion6/crops/Cosmos2.5_0060/frame_0054_rank_03.png,T00,T01,0,32,92,6,30,86,0,False,True,True,True,False,True,True,True,True,0.8004149198532104,0.2953166961669922,0.48618503647666694,0.24835951777715706,0.24835951777715706
Cosmos2.5_0060,54,2,3,0.2673328220844269,0.0,0.0,False,0.1024485826492309,0.5697845220565796,0.9321017861366272,0.8004149198532104,0.90625,0.97265625,/shared/ssd_30T/zhuoyingyang/physact/sam3_robowm/identity_v1/sam_masked_expansion6/crops/Cosmos2.5_0060/frame_0054_rank_02.png,/shared/ssd_30T/zhuoyingyang/physact/sam3_robowm/identity_v1/sam_masked_expansion6/crops/Cosmos2.5_0060/frame_0054_rank_03.png,T02,T01,33,14,39,6,30,86,0,True,True,True,True,True,True,True,True,True,0.8004149198532104,0.1024485826492309,0.28635882048621997,0.07655311160934898,0.07655311160934898
Cosmos2.5_0060,57,1,2,0.3379276394844055,0.4574604118143434,1.0,True,0.2772189676761627,0.1041328459978103,0.9482946395874025,0.9245681762695312,0.97265625,0.91015625,/shared/ssd_30T/zhuoyingyang/physact/sam3_robowm/identity_v1/sam_masked_expansion6/crops/Cosmos2.5_0060/frame_0057_rank_01.png,/shared/ssd_30T/zhuoyingyang/physact/sam3_robowm/identity_v1/sam_masked_expansion6/crops/Cosmos2.5_0060/frame_0057_rank_02.png,T00,T02,0,32,92,33,14,39,0,False,True,True,True,False,True,True,False,False,0.9245681762695312,0.1041328459978103,0.31028682781251193,0.10485449528578634,0.0
Cosmos2.5_0060,57,1,3,0.4991750717163086,0.0,0.0,False,0.2772189676761627,0.5639785528182983,0.9482946395874025,0.7779741287231445,0.97265625,0.97265625,/shared/ssd_30T/zhuoyingyang/physact/sam3_robowm/identity_v1/sam_masked_expansion6/crops/Cosmos2.5_0060/frame_0057_rank_01.png,/shared/ssd_30T/zhuoyingyang/physact/sam3_robowm/identity_v1/sam_masked_expansion6/crops/Cosmos2.5_0060/frame_0057_rank_03.png,T00,T01,0,32,92,6,30,86,0,False,True,True,True,False,True,True,True,True,0.7779741287231445,0.2772189676761627,0.4644019647281784,0.23181788404838308,0.23181788404838308
Cosmos2.5_0060,57,2,3,0.3769676983356476,0.0,0.0,False,0.1041328459978103,0.5639785528182983,0.9245681762695312,0.7779741287231445,0.91015625,0.97265625,/shared/ssd_30T/zhuoyingyang/physact/sam3_robowm/identity_v1/sam_masked_expansion6/crops/Cosmos2.5_0060/frame_0057_rank_02.png,/shared/ssd_30T/zhuoyingyang/physact/sam3_robowm/identity_v1/sam_masked_expansion6/crops/Cosmos2.5_0060/frame_0057_rank_03.png,T02,T01,33,14,39,6,30,86,0,True,True,True,True,True,True,True,True,True,0.7779741287231445,0.1041328459978103,0.2846272301390151,0.10729527182915517,0.10729527182915517
Cosmos2.5_0060,60,1,2,0.333211749792099,0.4598160568696897,1.0,True,0.2764787673950195,0.1036490648984909,0.9456006288528442,0.9173308610916138,0.97265625,0.91015625,/shared/ssd_30T/zhuoyingyang/physact/sam3_robowm/identity_v1/sam_masked_expansion6/crops/Cosmos2.5_0060/frame_0060_rank_01.png,/shared/ssd_30T/zhuoyingyang/physact/sam3_robowm/identity_v1/sam_masked_expansion6/crops/Cosmos2.5_0060/frame_0060_rank_02.png,T00,T02,0,32,92,33,14,39,0,False,True,True,True,False,True,True,False,False,0.9173308610916138,0.1036490648984909,0.308351237965203,0.10274625555294518,0.0
Cosmos2.5_0060,60,1,3,0.5301798582077026,0.0,0.0,False,0.2764787673950195,0.556982696056366,0.9456006288528442,0.7790820598602295,0.97265625,0.97265625,/shared/ssd_30T/zhuoyingyang/physact/sam3_robowm/identity_v1/sam_masked_expansion6/crops/Cosmos2.5_0060/frame_0060_rank_01.png,/shared/ssd_30T/zhuoyingyang/physact/sam3_robowm/identity_v1/sam_masked_expansion6/crops/Cosmos2.5_0060/frame_0060_rank_03.png,T00,T01,0,32,92,6,30,86,0,False,True,True,True,False,True,True,True,True,0.7790820598602295,0.2764787673950195,0.46411167579552337,0.24606266246580982,0.24606266246580982
Cosmos2.5_0060,60,2,3,0.3478331565856933,0.0,0.0,False,0.1036490648984909,0.556982696056366,0.9173308610916138,0.7790820598602295,0.91015625,0.97265625,/shared/ssd_30T/zhuoyingyang/physact/sam3_robowm/identity_v1/sam_masked_expansion6/crops/Cosmos2.5_0060/frame_0060_rank_02.png,/shared/ssd_30T/zhuoyingyang/physact/sam3_robowm/identity_v1/sam_masked_expansion6/crops/Cosmos2.5_0060/frame_0060_rank_03.png,T02,T01,33,14,39,6,30,86,0,True,True,True,True,True,True,True,True,True,0.7790820598602295,0.1036490648984909,0.28416742773179143,0.09884285338678589,0.09884285338678589
Cosmos2.5_0060,63,1,2,0.3785267770290375,0.449379109632995,1.0,True,0.2768930494785309,0.1021706983447074,0.9518551826477052,0.9410717487335204,0.97265625,0.90625,/shared/ssd_30T/zhuoyingyang/physact/sam3_robowm/identity_v1/sam_masked_expansion6/crops/Cosmos2.5_0060/frame_0063_rank_01.png,/shared/ssd_30T/zhuoyingyang/physact/sam3_robowm/identity_v1/sam_masked_expansion6/crops/Cosmos2.5_0060/frame_0063_rank_02.png,T00,T02,0,32,92,33,14,39,0,False,True,True,True,False,True,True,False,False,0.9410717487335204,0.1021706983447074,0.3100805665638832,0.11737379748076464,0.0
Cosmos2.5_0060,63,1,3,0.5695029497146606,0.0,0.0,False,0.2768930494785309,0.5543673634529114,0.9518551826477052,0.831678569316864,0.97265625,0.9765625,/shared/ssd_30T/zhuoyingyang/physact/sam3_robowm/identity_v1/sam_masked_expansion6/crops/Cosmos2.5_0060/frame_0063_rank_01.png,/shared/ssd_30T/zhuoyingyang/physact/sam3_robowm/identity_v1/sam_masked_expansion6/crops/Cosmos2.5_0060/frame_0063_rank_03.png,T00,T01,0,32,92,6,30,86,0,False,True,True,True,False,True,True,True,True,0.831678569316864,0.2768930494785309,0.47988125119042546,0.2732937880657093,0.2732937880657093
Cosmos2.5_0060,63,2,3,0.3811517059803009,0.0,0.0,False,0.1021706983447074,0.5543673634529114,0.9410717487335204,0.831678569316864,0.90625,0.9765625,/shared/ssd_30T/zhuoyingyang/physact/sam3_robowm/identity_v1/sam_masked_expansion6/crops/Cosmos2.5_0060/frame_0063_rank_02.png,/shared/ssd_30T/zhuoyingyang/physact/sam3_robowm/identity_v1/sam_masked_expansion6/crops/Cosmos2.5_0060/frame_0063_rank_03.png,T02,T01,33,14,39,6,30,86,0,True,True,True,True,True,True,True,True,True,0.831678569316864,0.1021706983447074,0.29150159557956307,0.1111063304511302,0.1111063304511302
Cosmos2.5_0060,66,1,2,0.451258510351181,0.4546305196036665,1.0,True,0.2843210697174072,0.103087767958641,0.9357081055641174,0.92099130153656,0.97265625,0.89453125,/shared/ssd_30T/zhuoyingyang/physact/sam3_robowm/identity_v1/sam_masked_expansion6/crops/Cosmos2.5_0060/frame_0066_rank_01.png,/shared/ssd_30T/zhuoyingyang/physact/sam3_robowm/identity_v1/sam_masked_expansion6/crops/Cosmos2.5_0060/frame_0066_rank_02.png,T00,T02,0,32,92,33,14,39,0,False,True,True,True,False,True,True,False,False,0.92099130153656,0.103087767958641,0.3081281187829628,0.13904543587931154,0.0
Cosmos2.5_0060,66,1,3,0.5031800866127014,0.0,0.0,False,0.2843210697174072,0.5521205067634583,0.9357081055641174,0.8541139364242554,0.97265625,0.97265625,/shared/ssd_30T/zhuoyingyang/physact/sam3_robowm/identity_v1/sam_masked_expansion6/crops/Cosmos2.5_0060/frame_0066_rank_01.png,/shared/ssd_30T/zhuoyingyang/physact/sam3_robowm/identity_v1/sam_masked_expansion6/crops/Cosmos2.5_0060/frame_0066_rank_03.png,T00,T01,0,32,92,6,30,86,0,False,True,True,True,False,True,True,True,True,0.8541139364242554,0.2843210697174072,0.49279061280090336,0.24796242323108475,0.24796242323108475
Cosmos2.5_0060,66,2,3,0.3354066610336303,0.0,0.0,False,0.103087767958641,0.5521205067634583,0.92099130153656,0.8541139364242554,0.89453125,0.97265625,/shared/ssd_30T/zhuoyingyang/physact/sam3_robowm/identity_v1/sam_masked_expansion6/crops/Cosmos2.5_0060/frame_0066_rank_02.png,/shared/ssd_30T/zhuoyingyang/physact/sam3_robowm/identity_v1/sam_masked_expansion6/crops/Cosmos2.5_0060/frame_0066_rank_03.png,T02,T01,33,14,39,6,30,86,0,True,True,True,True,True,True,True,True,True,0.8541139364242554,0.103087767958641,0.2967300107645755,0.09952522213901945,0.09952522213901945
Cosmos2.5_0060,69,1,2,0.2434466481208801,0.4558436930210801,1.0,True,0.2822591364383697,0.1037381440401077,0.9314169883728028,0.9265496730804444,0.97265625,0.90625,/shared/ssd_30T/zhuoyingyang/physact/sam3_robowm/identity_v1/sam_masked_expansion6/crops/Cosmos2.5_0060/frame_0069_rank_01.png,/shared/ssd_30T/zhuoyingyang/physact/sam3_robowm/identity_v1/sam_masked_expansion6/crops/Cosmos2.5_0060/frame_0069_rank_02.png,T00,T02,0,32,92,33,14,39,0,False,True,True,True,False,True,True,False,False,0.9265496730804444,0.1037381440401077,0.3100299073417496,0.07547574175957598,0.0
Cosmos2.5_0060,69,1,3,0.5170426368713379,0.0,0.0,False,0.2822591364383697,0.5483742952346802,0.9314169883728028,0.8277394771575928,0.97265625,0.9765625,/shared/ssd_30T/zhuoyingyang/physact/sam3_robowm/identity_v1/sam_masked_expansion6/crops/Cosmos2.5_0060/frame_0069_rank_01.png,/shared/ssd_30T/zhuoyingyang/physact/sam3_robowm/identity_v1/sam_masked_expansion6/crops/Cosmos2.5_0060/frame_0069_rank_03.png,T00,T01,0,32,92,6,30,86,0,False,True,True,True,False,True,True,True,True,0.8277394771575928,0.2822591364383697,0.48336014525242954,0.24991780405982905,0.24991780405982905
Cosmos2.5_0060,69,2,3,0.2533652782440185,0.0,0.0,False,0.1037381440401077,0.5483742952346802,0.9265496730804444,0.8277394771575928,0.90625,0.9765625,/shared/ssd_30T/zhuoyingyang/physact/sam3_robowm/identity_v1/sam_masked_expansion6/crops/Cosmos2.5_0060/frame_0069_rank_02.png,/shared/ssd_30T/zhuoyingyang/physact/sam3_robowm/identity_v1/sam_masked_expansion6/crops/Cosmos2.5_0060/frame_0069_rank_03.png,T02,T01,33,14,39,6,30,86,0,True,True,True,True,True,True,True,True,True,0.8277394771575928,0.1037381440401077,0.29303268948883127,0.0742443089069308,0.0742443089069308
Cosmos2.5_0060,72,1,2,0.4712449312210083,0.0,0.0,False,0.2563700377941131,0.570430338382721,0.931538224220276,0.820489227771759,0.97265625,0.97265625,/shared/ssd_30T/zhuoyingyang/physact/sam3_robowm/identity_v1/sam_masked_expansion6/crops/Cosmos2.5_0060/frame_0072_rank_01.png,/shared/ssd_30T/zhuoyingyang/physact/sam3_robowm/identity_v1/sam_masked_expansion6/crops/Cosmos2.5_0060/frame_0072_rank_02.png,T00,T01,0,32,92,6,30,86,0,False,True,True,True,False,True,True,True,True,0.820489227771759,0.2563700377941131,0.4586380428328079,0.2161308529500844,0.2161308529500844
Cosmos2.5_0060,72,1,3,0.3179354071617126,0.0,0.0,False,0.2563700377941131,0.1316898167133331,0.931538224220276,0.753448486328125,0.97265625,0.96484375,/shared/ssd_30T/zhuoyingyang/physact/sam3_robowm/identity_v1/sam_masked_expansion6/crops/Cosmos2.5_0060/frame_0072_rank_01.png,/shared/ssd_30T/zhuoyingyang/physact/sam3_robowm/identity_v1/sam_masked_expansion6/crops/Cosmos2.5_0060/frame_0072_rank_03.png,T00,T02,0,32,92,33,14,39,0,False,True,True,True,False,True,True,True,True,0.753448486328125,0.1316898167133331,0.31499443339127287,0.10014788343392729,0.10014788343392729
Cosmos2.5_0060,72,2,3,0.528164803981781,0.3558184427927187,1.0,True,0.570430338382721,0.1316898167133331,0.820489227771759,0.753448486328125,0.97265625,0.96484375,/shared/ssd_30T/zhuoyingyang/physact/sam3_robowm/identity_v1/sam_masked_expansion6/crops/Cosmos2.5_0060/frame_0072_rank_02.png,/shared/ssd_30T/zhuoyingyang/physact/sam3_robowm/identity_v1/sam_masked_expansion6/crops/Cosmos2.5_0060/frame_0072_rank_03.png,T01,T02,6,30,86,33,14,39,0,True,True,True,True,True,True,True,False,False,0.753448486328125,0.1316898167133331,0.31499443339127287,0.1663689731674538,0.0
Cosmos2.5_0060,75,1,2,0.4752904176712036,0.4583672604712449,1.0,True,0.2954943776130676,0.1050635278224945,0.9304594993591307,0.918374240398407,0.97265625,0.90234375,/shared/ssd_30T/zhuoyingyang/physact/sam3_robowm/identity_v1/sam_masked_expansion6/crops/Cosmos2.5_0060/frame_0075_rank_01.png,/shared/ssd_30T/zhuoyingyang/physact/sam3_robowm/identity_v1/sam_masked_expansion6/crops/Cosmos2.5_0060/frame_0075_rank_02.png,T00,T03,0,32,92,75,7,17,0,False,True,True,True,False,True,True,False,False,0.918374240398407,0.1050635278224945,0.31062459264771725,0.14763689237848102,0.0
Cosmos2.5_0060,75,1,3,0.4794957339763641,0.0,0.0,False,0.2954943776130676,0.5486880540847778,0.9304594993591307,0.8177090883255005,0.97265625,0.9765625,/shared/ssd_30T/zhuoyingyang/physact/sam3_robowm/identity_v1/sam_masked_expansion6/crops/Cosmos2.5_0060/frame_0075_rank_01.png,/shared/ssd_30T/zhuoyingyang/physact/sam3_robowm/identity_v1/sam_masked_expansion6/crops/Cosmos2.5_0060/frame_0075_rank_03.png,T00,T01,0,32,92,6,30,86,0,False,True,True,True,False,True,True,True,True,0.8177090883255005,0.2954943776130676,0.49155715651721793,0.23569955955555788,0.23569955955555788
Cosmos2.5_0060,75,2,3,0.327493816614151,0.0,0.0,False,0.1050635278224945,0.5486880540847778,0.918374240398407,0.8177090883255005,0.90234375,0.9765625,/shared/ssd_30T/zhuoyingyang/physact/sam3_robowm/identity_v1/sam_masked_expansion6/crops/Cosmos2.5_0060/frame_0075_rank_02.png,/shared/ssd_30T/zhuoyingyang/physact/sam3_robowm/identity_v1/sam_masked_expansion6/crops/Cosmos2.5_0060/frame_0075_rank_03.png,T03,T01,75,7,17,6,30,86,0,True,True,True,True,True,True,True,True,True,0.8177090883255005,0.1050635278224945,0.29310646794636386,0.09599055586204801,0.09599055586204801
Cosmos2.5_0060,78,1,2,0.4332336783409118,0.4537288633540631,1.0,True,0.1007337793707847,0.2794407606124878,0.941813826560974,0.9307056665420532,0.90625,0.97265625,/shared/ssd_30T/zhuoyingyang/physact/sam3_robowm/identity_v1/sam_masked_expansion6/crops/Cosmos2.5_0060/frame_0078_rank_01.png,/shared/ssd_30T/zhuoyingyang/physact/sam3_robowm/identity_v1/sam_masked_expansion6/crops/Cosmos2.5_0060/frame_0078_rank_02.png,T03,T00,75,7,17,0,32,92,0,True,False,True,True,True,False,True,False,False,0.9307056665420532,0.1007337793707847,0.3061919320827809,0.13265265701453383,0.0
Cosmos2.5_0060,78,1,3,0.3099271059036255,0.0,0.0,False,0.1007337793707847,0.5602083206176758,0.941813826560974,0.8214676380157471,0.90625,0.9765625,/shared/ssd_30T/zhuoyingyang/physact/sam3_robowm/identity_v1/sam_masked_expansion6/crops/Cosmos2.5_0060/frame_0078_rank_01.png,/shared/ssd_30T/zhuoyingyang/physact/sam3_robowm/identity_v1/sam_masked_expansion6/crops/Cosmos2.5_0060/frame_0078_rank_03.png,T03,T01,75,7,17,6,30,86,0,True,True,True,True,True,True,True,True,True,0.8214676380157471,0.1007337793707847,0.28766219739152016,0.08915431231543129,0.08915431231543129
Cosmos2.5_0060,78,2,3,0.4579198658466339,0.0,0.0,False,0.2794407606124878,0.5602083206176758,0.9307056665420532,0.8214676380157471,0.97265625,0.9765625,/shared/ssd_30T/zhuoyingyang/physact/sam3_robowm/identity_v1/sam_masked_expansion6/crops/Cosmos2.5_0060/frame_0078_rank_02.png,/shared/ssd_30T/zhuoyingyang/physact/sam3_robowm/identity_v1/sam_masked_expansion6/crops/Cosmos2.5_0060/frame_0078_rank_03.png,T00,T01,0,32,92,6,30,86,0,False,True,True,True,False,True,True,True,True,0.8214676380157471,0.2794407606124878,0.47911537398174164,0.21939644777877898,0.21939644777877898
Cosmos2.5_0060,81,1,2,0.4540119469165802,0.4550549301072218,1.0,True,0.3085498809814453,0.1086012944579124,0.9343338012695312,0.9271421432495116,0.97265625,0.89453125,/shared/ssd_30T/zhuoyingyang/physact/sam3_robowm/identity_v1/sam_masked_expansion6/crops/Cosmos2.5_0060/frame_0081_rank_01.png,/shared/ssd_30T/zhuoyingyang/physact/sam3_robowm/identity_v1/sam_masked_expansion6/crops/Cosmos2.5_0060/frame_0081_rank_02.png,T00,T03,0,32,92,75,7,17,0,False,True,True,True,False,True,True,False,False,0.9271421432495116,0.1086012944579124,0.3173150436134099,0.1440648207368438,0.0
Cosmos2.5_0060,81,1,3,0.5086994767189026,0.0,0.0,False,0.3085498809814453,0.5474953651428223,0.9343338012695312,0.8006870746612549,0.97265625,0.97265625,/shared/ssd_30T/zhuoyingyang/physact/sam3_robowm/identity_v1/sam_masked_expansion6/crops/Cosmos2.5_0060/frame_0081_rank_01.png,/shared/ssd_30T/zhuoyingyang/physact/sam3_robowm/identity_v1/sam_masked_expansion6/crops/Cosmos2.5_0060/frame_0081_rank_03.png,T00,T01,0,32,92,6,30,86,0,False,True,True,True,False,True,True,True,True,0.8006870746612549,0.3085498809814453,0.4970431586795173,0.2528455947269809,0.2528455947269809
Cosmos2.5_0060,81,2,3,0.2940492928028106,0.0,0.0,False,0.1086012944579124,0.5474953651428223,0.9271421432495116,0.8006870746612549,0.89453125,0.97265625,/shared/ssd_30T/zhuoyingyang/physact/sam3_robowm/identity_v1/sam_masked_expansion6/crops/Cosmos2.5_0060/frame_0081_rank_02.png,/shared/ssd_30T/zhuoyingyang/physact/sam3_robowm/identity_v1/sam_masked_expansion6/crops/Cosmos2.5_0060/frame_0081_rank_03.png,T03,T01,75,7,17,6,30,86,0,True,True,True,True,True,True,True,True,True,0.8006870746612549,0.1086012944579124,0.2948824388869765,0.08670997261468347,0.08670997261468347
Cosmos2.5_0060,84,1,2,0.4002577066421509,0.4523384137194991,1.0,True,0.3734349012374878,0.1170967146754264,0.9373276233673096,0.927969455718994,0.97265625,0.8984375,/shared/ssd_30T/zhuoyingyang/physact/sam3_robowm/identity_v1/sam_masked_expansion6/crops/Cosmos2.5_0060/frame_0084_rank_01.png,/shared/ssd_30T/zhuoyingyang/physact/sam3_robowm/identity_v1/sam_masked_expansion6/crops/Cosmos2.5_0060/frame_0084_rank_02.png,T00,T03,0,32,92,75,7,17,0,False,True,True,True,False,True,True,False,False,0.927969455718994,0.1170967146754264,0.32963946150883966,0.13194073488228172,0.0
Cosmos2.5_0060,84,1,3,0.4825931489467621,0.0,0.0,False,0.3734349012374878,0.5164089798927307,0.9373276233673096,0.8026504516601562,0.97265625,0.9765625,/shared/ssd_30T/zhuoyingyang/physact/sam3_robowm/identity_v1/sam_masked_expansion6/crops/Cosmos2.5_0060/frame_0084_rank_01.png,/shared/ssd_30T/zhuoyingyang/physact/sam3_robowm/identity_v1/sam_masked_expansion6/crops/Cosmos2.5_0060/frame_0084_rank_03.png,T00,T01,0,32,92,6,30,86,0,False,True,True,True,False,True,True,True,True,0.8026504516601562,0.3734349012374878,0.5474830519239252,0.2642115700229507,0.2642115700229507
Cosmos2.5_0060,84,2,3,0.2828699052333832,0.0,0.0,False,0.1170967146754264,0.5164089798927307,0.927969455718994,0.8026504516601562,0.8984375,0.9765625,/shared/ssd_30T/zhuoyingyang/physact/sam3_robowm/identity_v1/sam_masked_expansion6/crops/Cosmos2.5_0060/frame_0084_rank_02.png,/shared/ssd_30T/zhuoyingyang/physact/sam3_robowm/identity_v1/sam_masked_expansion6/crops/Cosmos2.5_0060/frame_0084_rank_03.png,T03,T01,75,7,17,6,30,86,0,True,True,True,True,True,True,True,True,True,0.8026504516601562,0.1170967146754264,0.3065741850224044,0.08672061066428921,0.08672061066428921
Cosmos2.5_0060,87,1,2,0.286099910736084,0.4486876394878895,1.0,True,0.34465092420578,0.1088432297110557,0.9456104040145874,0.940025806427002,0.97265625,0.89453125,/shared/ssd_30T/zhuoyingyang/physact/sam3_robowm/identity_v1/sam_masked_expansion6/crops/Cosmos2.5_0060/frame_0087_rank_01.png,/shared/ssd_30T/zhuoyingyang/physact/sam3_robowm/identity_v1/sam_masked_expansion6/crops/Cosmos2.5_0060/frame_0087_rank_02.png,T00,T03,0,32,92,75,7,17,0,False,True,True,True,False,True,True,False,False,0.940025806427002,0.1088432297110557,0.31986785518906796,0.09151416481693499,0.0
Cosmos2.5_0060,87,1,3,0.4955480992794037,0.0,0.0,False,0.34465092420578,0.5292679667472839,0.9456104040145874,0.8484255075454712,0.97265625,0.97265625,/shared/ssd_30T/zhuoyingyang/physact/sam3_robowm/identity_v1/sam_masked_expansion6/crops/Cosmos2.5_0060/frame_0087_rank_01.png,/shared/ssd_30T/zhuoyingyang/physact/sam3_robowm/identity_v1/sam_masked_expansion6/crops/Cosmos2.5_0060/frame_0087_rank_03.png,T00,T01,0,32,92,6,30,86,0,False,True,True,True,False,True,True,True,True,0.8484255075454712,0.34465092420578,0.5407500673095701,0.26796766804046707,0.26796766804046707
Cosmos2.5_0060,87,2,3,0.2655383050441742,0.0,0.0,False,0.1088432297110557,0.5292679667472839,0.940025806427002,0.8484255075454712,0.89453125,0.97265625,/shared/ssd_30T/zhuoyingyang/physact/sam3_robowm/identity_v1/sam_masked_expansion6/crops/Cosmos2.5_0060/frame_0087_rank_02.png,/shared/ssd_30T/zhuoyingyang/physact/sam3_robowm/identity_v1/sam_masked_expansion6/crops/Cosmos2.5_0060/frame_0087_rank_03.png,T03,T01,75,7,17,6,30,86,0,True,True,True,True,True,True,True,True,True,0.8484255075454712,0.1088432297110557,0.30388381399885506,0.08069279289961506,0.08069279289961506
Cosmos2.5_0060,90,1,2,0.3663480281829834,0.4380862922677517,1.0,True,0.440342903137207,0.1207179054617881,0.9485137462615968,0.9209439754486084,0.97265625,0.89453125,/shared/ssd_30T/zhuoyingyang/physact/sam3_robowm/identity_v1/sam_masked_expansion6/crops/Cosmos2.5_0060/frame_0090_rank_01.png,/shared/ssd_30T/zhuoyingyang/physact/sam3_robowm/identity_v1/sam_masked_expansion6/crops/Cosmos2.5_0060/frame_0090_rank_02.png,T00,T03,0,32,92,75,7,17,0,False,True,True,True,False,True,True,False,False,0.9209439754486084,0.1207179054617881,0.33342829478586306,0.12215079833521546,0.0
Cosmos2.5_0060,90,1,3,0.503384530544281,0.0,0.0,False,0.440342903137207,0.4526944756507873,0.9485137462615968,0.8095228672027588,0.97265625,0.97265625,/shared/ssd_30T/zhuoyingyang/physact/sam3_robowm/identity_v1/sam_masked_expansion6/crops/Cosmos2.5_0060/frame_0090_rank_01.png,/shared/ssd_30T/zhuoyingyang/physact/sam3_robowm/identity_v1/sam_masked_expansion6/crops/Cosmos2.5_0060/frame_0090_rank_03.png,T00,T01,0,32,92,6,30,86,0,False,True,True,True,False,True,True,True,True,0.8095228672027588,0.440342903137207,0.5970491181636721,0.30054529005869707,0.30054529005869707
Cosmos2.5_0060,90,2,3,0.3169000744819641,0.0,0.0,False,0.1207179054617881,0.4526944756507873,0.9209439754486084,0.8095228672027588,0.89453125,0.97265625,/shared/ssd_30T/zhuoyingyang/physact/sam3_robowm/identity_v1/sam_masked_expansion6/crops/Cosmos2.5_0060/frame_0090_rank_02.png,/shared/ssd_30T/zhuoyingyang/physact/sam3_robowm/identity_v1/sam_masked_expansion6/crops/Cosmos2.5_0060/frame_0090_rank_03.png,T03,T01,75,7,17,6,30,86,0,True,True,True,True,True,True,True,True,True,0.8095228672027588,0.1207179054617881,0.312608229181732,0.09906557111136577,0.09906557111136577
Cosmos2.5_0060,92,1,2,0.1941860020160675,0.4184939409722303,1.0,True,0.5219985246658325,0.1046928986907005,0.9493606090545654,0.9325505495071412,0.97265625,0.88671875,/shared/ssd_30T/zhuoyingyang/physact/sam3_robowm/identity_v1/sam_masked_expansion6/crops/Cosmos2.5_0060/frame_0092_rank_01.png,/shared/ssd_30T/zhuoyingyang/physact/sam3_robowm/identity_v1/sam_masked_expansion6/crops/Cosmos2.5_0060/frame_0092_rank_02.png,T00,T03,0,32,92,75,7,17,0,False,True,True,True,False,True,True,False,False,0.9325505495071412,0.1046928986907005,0.3124602698000311,0.06067541058132984,0.0
Cosmos2.5_0060,92,1,3,0.3562329411506653,0.0,0.0,False,0.5219985246658325,0.3867481648921966,0.9493606090545654,0.8039480447769165,0.97265625,0.96875,/shared/ssd_30T/zhuoyingyang/physact/sam3_robowm/identity_v1/sam_masked_expansion6/crops/Cosmos2.5_0060/frame_0092_rank_01.png,/shared/ssd_30T/zhuoyingyang/physact/sam3_robowm/identity_v1/sam_masked_expansion6/crops/Cosmos2.5_0060/frame_0092_rank_03.png,T00,T01,0,32,92,6,30,86,0,False,True,True,True,False,True,True,True,True,0.8039480447769165,0.3867481648921966,0.5576068785319475,0.1986379383452774,0.1986379383452774
Cosmos2.5_0060,92,2,3,0.4174918532371521,0.0,0.0,False,0.1046928986907005,0.3867481648921966,0.9325505495071412,0.8039480447769165,0.88671875,0.96875,/shared/ssd_30T/zhuoyingyang/physact/sam3_robowm/identity_v1/sam_masked_expansion6/crops/Cosmos2.5_0060/frame_0092_rank_02.png,/shared/ssd_30T/zhuoyingyang/physact/sam3_robowm/identity_v1/sam_masked_expansion6/crops/Cosmos2.5_0060/frame_0092_rank_03.png,T03,T01,75,7,17,6,30,86,0,True,True,True,True,True,True,True,True,True,0.8039480447769165,0.1046928986907005,0.29011661656033505,0.12112132390266653,0.12112132390266653
Cosmos3_seed101_0010,0,1,2,0.6769579648971558,0.0,0.0,False,0.5879442095756531,0.4246306419372558,0.987101912498474,0.8445106744766235,0.984375,0.98046875,/shared/ssd_30T/zhuoyingyang/physact/sam3_robowm/identity_v1/sam_masked_expansion6/crops/Cosmos3_seed101_0010/frame_0000_rank_01.png,/shared/ssd_30T/zhuoyingyang/physact/sam3_robowm/identity_v1/sam_masked_expansion6/crops/Cosmos3_seed101_0010/frame_0000_rank_02.png,T00,T01,0,64,188,0,33,96,0,False,False,True,True,False,False,False,True,False,0.8445106744766235,0.4246306419372558,0.5988364633402624,0.4053871135290343,0.0
Cosmos3_seed101_0010,3,1,2,0.6597524881362915,0.0,0.0,False,0.5801275968551636,0.4537060856819153,0.9775992631912231,0.8282756805419922,0.984375,0.98046875,/shared/ssd_30T/zhuoyingyang/physact/sam3_robowm/identity_v1/sam_masked_expansion6/crops/Cosmos3_seed101_0010/frame_0003_rank_01.png,/shared/ssd_30T/zhuoyingyang/physact/sam3_robowm/identity_v1/sam_masked_expansion6/crops/Cosmos3_seed101_0010/frame_0003_rank_02.png,T00,T01,0,64,188,0,33,96,0,False,False,True,True,False,False,False,True,False,0.8282756805419922,0.4537060856819153,0.6130201602592135,0.40444157600872427,0.0
Cosmos3_seed101_0010,6,1,2,0.6620730757713318,0.0,0.0,False,0.5979622006416321,0.4426511824131012,0.9695444107055664,0.8321274518966675,0.984375,0.98046875,/shared/ssd_30T/zhuoyingyang/physact/sam3_robowm/identity_v1/sam_masked_expansion6/crops/Cosmos3_seed101_0010/frame_0006_rank_01.png,/shared/ssd_30T/zhuoyingyang/physact/sam3_robowm/identity_v1/sam_masked_expansion6/crops/Cosmos3_seed101_0010/frame_0006_rank_02.png,T00,T01,0,64,188,0,33,96,0,False,False,True,True,False,False,False,True,False,0.8321274518966675,0.4426511824131012,0.6069120203954284,0.4018201080657945,0.0
Cosmos3_seed101_0010,9,1,2,0.6711921691894531,0.0,0.0,False,0.6225875616073608,0.437945157289505,0.9776642918586732,0.8226122260093689,0.984375,0.98046875,/shared/ssd_30T/zhuoyingyang/physact/sam3_robowm/identity_v1/sam_masked_expansion6/crops/Cosmos3_seed101_0010/frame_0009_rank_01.png,/shared/ssd_30T/zhuoyingyang/physact/sam3_robowm/identity_v1/sam_masked_expansion6/crops/Cosmos3_seed101_0010/frame_0009_rank_02.png,T00,T01,0,64,188,0,33,96,0,False,False,True,True,False,False,False,True,False,0.8226122260093689,0.437945157289505,0.6002158284383567,0.4028601638713853,0.0
Cosmos3_seed101_0010,12,1,2,0.6313107013702393,0.0,0.0,False,0.5397029519081116,0.523044764995575,0.9775906801223756,0.8353884220123291,0.984375,0.98046875,/shared/ssd_30T/zhuoyingyang/physact/sam3_robowm/identity_v1/sam_masked_expansion6/crops/Cosmos3_seed101_0010/frame_0012_rank_01.png,/shared/ssd_30T/zhuoyingyang/physact/sam3_robowm/identity_v1/sam_masked_expansion6/crops/Cosmos3_seed101_0010/frame_0012_rank_02.png,T00,T01,0,64,188,0,33,96,0,False,False,True,True,False,False,False,True,False,0.8353884220123291,0.523044764995575,0.6610185631822021,0.4173080927413038,0.0
Cosmos3_seed101_0010,15,1,2,0.6422126293182373,0.0,0.0,False,0.625860869884491,0.4799087345600128,0.9667994379997252,0.8401833772659302,0.984375,0.98046875,/shared/ssd_30T/zhuoyingyang/physact/sam3_robowm/identity_v1/sam_masked_expansion6/crops/Cosmos3_seed101_0010/frame_0015_rank_01.png,/shared/ssd_30T/zhuoyingyang/physact/sam3_robowm/identity_v1/sam_masked_expansion6/crops/Cosmos3_seed101_0010/frame_0015_rank_02.png,T00,T01,0,64,188,0,33,96,0,False,False,True,True,False,False,False,True,False,0.8401833772659302,0.4799087345600128,0.6349892450916397,0.40779811267910454,0.0
Cosmos3_seed101_0010,18,1,2,0.6558204889297485,0.0,0.0,False,0.6577567458152771,0.4400548934936523,0.9595662355422974,0.8305562734603882,0.984375,0.98046875,/shared/ssd_30T/zhuoyingyang/physact/sam3_robowm/identity_v1/sam_masked_expansion6/crops/Cosmos3_seed101_0010/frame_0018_rank_01.png,/shared/ssd_30T/zhuoyingyang/physact/sam3_robowm/identity_v1/sam_masked_expansion6/crops/Cosmos3_seed101_0010/frame_0018_rank_02.png,T00,T01,0,64,188,0,33,96,0,False,False,True,True,False,False,False,True,False,0.8305562734603882,0.4400548934936523,0.60455798105566,0.39648151072230464,0.0
Cosmos3_seed101_0010,21,1,2,0.6229061484336853,0.0,0.0,False,0.6202250719070435,0.4399388432502746,0.9670383334159852,0.8372616171836853,0.984375,0.98046875,/shared/ssd_30T/zhuoyingyang/physact/sam3_robowm/identity_v1/sam_masked_expansion6/crops/Cosmos3_seed101_0010/frame_0021_rank_01.png,/shared/ssd_30T/zhuoyingyang/physact/sam3_robowm/identity_v1/sam_masked_expansion6/crops/Cosmos3_seed101_0010/frame_0021_rank_02.png,T00,T01,0,64,188,0,33,96,0,False,False,True,True,False,False,False,True,False,0.8372616171836853,0.4399388432502746,0.60691342657882,0.378050104982903,0.0
Cosmos3_seed101_0010,24,1,2,0.6265775561332703,0.0,0.0,False,0.6024268865585327,0.4726513028144836,0.9538512229919434,0.8392926454544067,0.984375,0.98046875,/shared/ssd_30T/zhuoyingyang/physact/sam3_robowm/identity_v1/sam_masked_expansion6/crops/Cosmos3_seed101_0010/frame_0024_rank_01.png,/shared/ssd_30T/zhuoyingyang/physact/sam3_robowm/identity_v1/sam_masked_expansion6/crops/Cosmos3_seed101_0010/frame_0024_rank_02.png,T00,T01,0,64,188,0,33,96,0,False,False,True,True,False,False,False,True,False,0.8392926454544067,0.4726513028144836,0.6298355041728275,0.3946407909705764,0.0
Cosmos3_seed101_0010,27,1,2,0.6550332903862,0.0,0.0,False,0.549601137638092,0.4862284660339355,0.974622368812561,0.8320667743682861,0.984375,0.98046875,/shared/ssd_30T/zhuoyingyang/physact/sam3_robowm/identity_v1/sam_masked_expansion6/crops/Cosmos3_seed101_0010/frame_0027_rank_01.png,/shared/ssd_30T/zhuoyingyang/physact/sam3_robowm/identity_v1/sam_masked_expansion6/crops/Cosmos3_seed101_0010/frame_0027_rank_02.png,T00,T01,0,64,188,0,33,96,0,False,False,True,True,False,False,False,True,False,0.8320667743682861,0.4862284660339355,0.6360617511994385,0.41664162177697667,0.0
Cosmos3_seed101_0010,30,1,2,0.6777582764625549,0.0,0.0,False,0.591838538646698,0.4435338377952575,0.9713329076766968,0.8296799063682556,0.984375,0.98046875,/shared/ssd_30T/zhuoyingyang/physact/sam3_robowm/identity_v1/sam_masked_expansion6/crops/Cosmos3_seed101_0010/frame_0030_rank_01.png,/shared/ssd_30T/zhuoyingyang/physact/sam3_robowm/identity_v1/sam_masked_expansion6/crops/Cosmos3_seed101_0010/frame_0030_rank_02.png,T00,T01,0,64,188,0,33,96,0,False,False,True,True,False,False,False,True,False,0.8296799063682556,0.4435338377952575,0.6066227105978825,0.4111435627978641,0.0
Cosmos3_seed101_0010,33,1,2,0.6861192584037781,0.0,0.0,False,0.6513411998748779,0.3760946094989776,0.9630616903305054,0.8246954679489136,0.984375,0.98046875,/shared/ssd_30T/zhuoyingyang/physact/sam3_robowm/identity_v1/sam_masked_expansion6/crops/Cosmos3_seed101_0010/frame_0033_rank_01.png,/shared/ssd_30T/zhuoyingyang/physact/sam3_robowm/identity_v1/sam_masked_expansion6/crops/Cosmos3_seed101_0010/frame_0033_rank_02.png,T00,T01,0,64,188,0,33,96,0,False,False,True,True,False,False,False,True,False,0.8246954679489136,0.3760946094989776,0.5569232621949125,0.3821157756449862,0.0
Cosmos3_seed101_0010,36,1,2,0.6609539985656738,0.0,0.0,False,0.5186107158660889,0.478910356760025,0.9615528583526612,0.8376869559288025,0.984375,0.98046875,/shared/ssd_30T/zhuoyingyang/physact/sam3_robowm/identity_v1/sam_masked_expansion6/crops/Cosmos3_seed101_0010/frame_0036_rank_01.png,/shared/ssd_30T/zhuoyingyang/physact/sam3_robowm/identity_v1/sam_masked_expansion6/crops/Cosmos3_seed101_0010/frame_0036_rank_02.png,T00,T01,0,64,188,0,33,96,0,False,False,True,True,False,False,False,True,False,0.8376869559288025,0.478910356760025,0.6333853163099711,0.4186385574478595,0.0
Cosmos3_seed101_0010,39,1,2,0.6714869141578674,0.0,0.0,False,0.6157688498497009,0.408569723367691,0.9514452815055848,0.8243383169174194,0.984375,0.98046875,/shared/ssd_30T/zhuoyingyang/physact/sam3_robowm/identity_v1/sam_masked_expansion6/crops/Cosmos3_seed101_0010/frame_0039_rank_01.png,/shared/ssd_30T/zhuoyingyang/physact/sam3_robowm/identity_v1/sam_masked_expansion6/crops/Cosmos3_seed101_0010/frame_0039_rank_02.png,T00,T01,0,64,188,0,33,96,0,False,False,True,True,False,False,False,True,False,0.8243383169174194,0.408569723367691,0.5803444478103827,0.38969370240884543,0.0
Cosmos3_seed101_0010,42,1,2,0.6784253120422363,0.0,0.0,False,0.5793766379356384,0.4297561049461365,0.9695451259613036,0.8214844465255737,0.984375,0.98046875,/shared/ssd_30T/zhuoyingyang/physact/sam3_robowm/identity_v1/sam_masked_expansion6/crops/Cosmos3_seed101_0010/frame_0042_rank_01.png,/shared/ssd_30T/zhuoyingyang/physact/sam3_robowm/identity_v1/sam_masked_expansion6/crops/Cosmos3_seed101_0010/frame_0042_rank_02.png,T00,T01,0,64,188,0,33,96,0,False,False,True,True,False,False,False,True,False,0.8214844465255737,0.4297561049461365,0.5941699723249765,0.4030999488806991,0.0
Cosmos3_seed101_0010,45,1,2,0.6703090667724609,0.0,0.0,False,0.6100451946258545,0.3887293934822082,0.9432390332221984,0.823037326335907,0.984375,0.98046875,/shared/ssd_30T/zhuoyingyang/physact/sam3_robowm/identity_v1/sam_masked_expansion6/crops/Cosmos3_seed101_0010/frame_0045_rank_01.png,/shared/ssd_30T/zhuoyingyang/physact/sam3_robowm/identity_v1/sam_masked_expansion6/crops/Cosmos3_seed101_0010/frame_0045_rank_02.png,T00,T01,0,64,188,0,33,96,0,False,False,True,True,False,False,False,True,False,0.823037326335907,0.3887293934822082,0.565631329294776,0.37914780847684787,0.0
Cosmos3_seed101_0010,48,1,2,0.6667760610580444,0.0,0.0,False,0.6752666234970093,0.3926109373569488,0.9541004300117492,0.8227189779281616,0.984375,0.98046875,/shared/ssd_30T/zhuoyingyang/physact/sam3_robowm/identity_v1/sam_masked_expansion6/crops/Cosmos3_seed101_0010/frame_0048_rank_01.png,/shared/ssd_30T/zhuoyingyang/physact/sam3_robowm/identity_v1/sam_masked_expansion6/crops/Cosmos3_seed101_0010/frame_0048_rank_02.png,T00,T01,0,64,188,0,33,96,0,False,False,True,True,False,False,False,True,False,0.8227189779281616,0.3926109373569488,0.5683383403446634,0.3789543999232809,0.0
Cosmos3_seed101_0010,51,1,2,0.6941468715667725,0.0,0.0,False,0.6426315307617188,0.3845319449901581,0.965637505054474,0.8223937749862671,0.984375,0.98046875,/shared/ssd_30T/zhuoyingyang/physact/sam3_robowm/identity_v1/sam_masked_expansion6/crops/Cosmos3_seed101_0010/frame_0051_rank_01.png,/shared/ssd_30T/zhuoyingyang/physact/sam3_robowm/identity_v1/sam_masked_expansion6/crops/Cosmos3_seed101_0010/frame_0051_rank_02.png,T00,T01,0,64,188,0,33,96,0,False,False,True,True,False,False,False,True,False,0.8223937749862671,0.3845319449901581,0.5623492489932459,0.39035297191658563,0.0
Cosmos3_seed101_0010,54,1,2,0.6568631529808044,0.0,0.0,False,0.6028095483779907,0.4025044739246368,0.9638067483901978,0.8194972276687622,0.984375,0.98046875,/shared/ssd_30T/zhuoyingyang/physact/sam3_robowm/identity_v1/sam_masked_expansion6/crops/Cosmos3_seed101_0010/frame_0054_rank_01.png,/shared/ssd_30T/zhuoyingyang/physact/sam3_robowm/identity_v1/sam_masked_expansion6/crops/Cosmos3_seed101_0010/frame_0054_rank_02.png,T00,T01,0,64,188,0,33,96,0,False,False,True,True,False,False,False,True,False,0.8194972276687622,0.4025044739246368,0.574326823773288,0.3772541283051728,0.0
Cosmos3_seed101_0010,57,1,2,0.687995970249176,0.0,0.0,False,0.6097625494003296,0.4007951021194458,0.9374205470085144,0.8205537796020508,0.984375,0.98046875,/shared/ssd_30T/zhuoyingyang/physact/sam3_robowm/identity_v1/sam_masked_expansion6/crops/Cosmos3_seed101_0010/frame_0057_rank_01.png,/shared/ssd_30T/zhuoyingyang/physact/sam3_robowm/identity_v1/sam_masked_expansion6/crops/Cosmos3_seed101_0010/frame_0057_rank_02.png,T00,T01,0,64,188,0,33,96,0,False,False,True,True,False,False,False,True,False,0.8205537796020508,0.4007951021194458,0.5734753141069816,0.3945487051429838,0.0
Cosmos3_seed101_0010,60,1,2,0.695614755153656,0.0,0.0,False,0.5696214437484741,0.4192090630531311,0.946205735206604,0.8346697688102722,0.984375,0.98046875,/shared/ssd_30T/zhuoyingyang/physact/sam3_robowm/identity_v1/sam_masked_expansion6/crops/Cosmos3_seed101_0010/frame_0060_rank_01.png,/shared/ssd_30T/zhuoyingyang/physact/sam3_robowm/identity_v1/sam_masked_expansion6/crops/Cosmos3_seed101_0010/frame_0060_rank_02.png,T00,T01,0,64,188,0,33,96,0,False,False,True,True,False,False,False,True,False,0.8346697688102722,0.4192090630531311,0.5915244134790446,0.4114731100496356,0.0
Cosmos3_seed101_0010,60,1,3,0.1870125234127044,0.0,0.0,False,0.5696214437484741,0.1029413044452667,0.946205735206604,0.6370819807052612,0.984375,0.96875,/shared/ssd_30T/zhuoyingyang/physact/sam3_robowm/identity_v1/sam_masked_expansion6/crops/Cosmos3_seed101_0010/frame_0060_rank_01.png,/shared/ssd_30T/zhuoyingyang/physact/sam3_robowm/identity_v1/sam_masked_expansion6/crops/Cosmos3_seed101_0010/frame_0060_rank_03.png,T00,T02,0,64,188,60,44,128,0,False,True,True,True,False,True,True,True,True,0.6370819807052612,0.1029413044452667,0.25608992587053053,0.04789202325762033,0.04789202325762033
Cosmos3_seed101_0010,60,2,3,0.1615370512008667,0.0,0.0,False,0.4192090630531311,0.1029413044452667,0.8346697688102722,0.6370819807052612,0.98046875,0.96875,/shared/ssd_30T/zhuoyingyang/physact/sam3_robowm/identity_v1/sam_masked_expansion6/crops/Cosmos3_seed101_0010/frame_0060_rank_02.png,/shared/ssd_30T/zhuoyingyang/physact/sam3_robowm/identity_v1/sam_masked_expansion6/crops/Cosmos3_seed101_0010/frame_0060_rank_03.png,T01,T02,0,33,96,60,44,128,0,False,True,True,True,False,True,True,True,True,0.6370819807052612,0.1029413044452667,0.25608992587053053,0.041368011467374045,0.041368011467374045
Cosmos3_seed101_0010,63,1,2,0.6805768013000488,0.0,0.0,False,0.5274062156677246,0.4023939669132232,0.9434983730316162,0.8396706581115723,0.984375,0.98046875,/shared/ssd_30T/zhuoyingyang/physact/sam3_robowm/identity_v1/sam_masked_expansion6/crops/Cosmos3_seed101_0010/frame_0063_rank_01.png,/shared/ssd_30T/zhuoyingyang/physact/sam3_robowm/identity_v1/sam_masked_expansion6/crops/Cosmos3_seed101_0010/frame_0063_rank_02.png,T00,T01,0,64,188,0,33,96,0,False,False,True,True,False,False,False,True,False,0.8396706581115723,0.4023939669132232,0.5812730915999401,0.3956009813628775,0.0
Cosmos3_seed101_0010,63,1,3,0.3932003676891327,0.0,0.0,False,0.5274062156677246,0.298860102891922,0.9434983730316162,0.760232150554657,0.984375,0.9765625,/shared/ssd_30T/zhuoyingyang/physact/sam3_robowm/identity_v1/sam_masked_expansion6/crops/Cosmos3_seed101_0010/frame_0063_rank_01.png,/shared/ssd_30T/zhuoyingyang/physact/sam3_robowm/identity_v1/sam_masked_expansion6/crops/Cosmos3_seed101_0010/frame_0063_rank_03.png,T00,T02,0,64,188,60,44,128,0,False,True,True,True,False,True,True,True,True,0.760232150554657,0.298860102891922,0.47665822004504643,0.18742218738375976,0.18742218738375976
Cosmos3_seed101_0010,63,2,3,0.488532155752182,0.0,0.0,False,0.4023939669132232,0.298860102891922,0.8396706581115723,0.760232150554657,0.98046875,0.9765625,/shared/ssd_30T/zhuoyingyang/physact/sam3_robowm/identity_v1/sam_masked_expansion6/crops/Cosmos3_seed101_0010/frame_0063_rank_02.png,/shared/ssd_30T/zhuoyingyang/physact/sam3_robowm/identity_v1/sam_masked_expansion6/crops/Cosmos3_seed101_0010/frame_0063_rank_03.png,T01,T02,0,33,96,60,44,128,0,False,True,True,True,False,True,True,True,True,0.760232150554657,0.298860102891922,0.47665822004504643,0.23286286779560447,0.23286286779560447
Cosmos3_seed101_0010,66,1,2,0.6737269163131714,0.0,0.0,False,0.4702900648117065,0.4225146770477295,0.9410616159439088,0.8384933471679688,0.984375,0.98046875,/shared/ssd_30T/zhuoyingyang/physact/sam3_robowm/identity_v1/sam_masked_expansion6/crops/Cosmos3_seed101_0010/frame_0066_rank_01.png,/shared/ssd_30T/zhuoyingyang/physact/sam3_robowm/identity_v1/sam_masked_expansion6/crops/Cosmos3_seed101_0010/frame_0066_rank_02.png,T00,T01,0,64,188,0,33,96,0,False,False,True,True,False,False,False,True,False,0.8384933471679688,0.4225146770477295,0.5952106734470948,0.40100945157819723,0.0
Cosmos3_seed101_0010,66,1,3,0.516160249710083,0.0,0.0,False,0.4702900648117065,0.340469092130661,0.9410616159439088,0.7335184812545776,0.984375,0.9765625,/shared/ssd_30T/zhuoyingyang/physact/sam3_robowm/identity_v1/sam_masked_expansion6/crops/Cosmos3_seed101_0010/frame_0066_rank_01.png,/shared/ssd_30T/zhuoyingyang/physact/sam3_robowm/identity_v1/sam_masked_expansion6/crops/Cosmos3_seed101_0010/frame_0066_rank_03.png,T00,T02,0,64,188,60,44,128,0,False,True,True,True,False,True,True,True,True,0.7335184812545776,0.340469092130661,0.4997403039317595,0.2579460800676098,0.2579460800676098
Cosmos3_seed101_0010,66,2,3,0.7018935084342957,0.0,0.0,False,0.4225146770477295,0.340469092130661,0.8384933471679688,0.7335184812545776,0.98046875,0.9765625,/shared/ssd_30T/zhuoyingyang/physact/sam3_robowm/identity_v1/sam_masked_expansion6/crops/Cosmos3_seed101_0010/frame_0066_rank_02.png,/shared/ssd_30T/zhuoyingyang/physact/sam3_robowm/identity_v1/sam_masked_expansion6/crops/Cosmos3_seed101_0010/frame_0066_rank_03.png,T01,T02,0,33,96,60,44,128,0,False,True,True,True,False,True,True,True,True,0.7335184812545776,0.340469092130661,0.4997403039317595,0.3507644752326839,0.3507644752326839
Cosmos3_seed101_0010,69,1,2,0.6968802809715271,0.0,0.0,False,0.4797183275222778,0.4268494844436645,0.9497537016868592,0.828208863735199,0.984375,0.98046875,/shared/ssd_30T/zhuoyingyang/physact/sam3_robowm/identity_v1/sam_masked_expansion6/crops/Cosmos3_seed101_0010/frame_0069_rank_01.png,/shared/ssd_30T/zhuoyingyang/physact/sam3_robowm/identity_v1/sam_masked_expansion6/crops/Cosmos3_seed101_0010/frame_0069_rank_02.png,T00,T01,0,64,188,0,33,96,0,False,False,True,True,False,False,False,True,False,0.828208863735199,0.4268494844436645,0.5945759215584187,0.41434823527453546,0.0
Cosmos3_seed101_0010,69,1,3,0.4970076084136963,0.0,0.0,False,0.4797183275222778,0.3628747761249542,0.9497537016868592,0.7514498829841614,0.984375,0.9765625,/shared/ssd_30T/zhuoyingyang/physact/sam3_robowm/identity_v1/sam_masked_expansion6/crops/Cosmos3_seed101_0010/frame_0069_rank_01.png,/shared/ssd_30T/zhuoyingyang/physact/sam3_robowm/identity_v1/sam_masked_expansion6/crops/Cosmos3_seed101_0010/frame_0069_rank_03.png,T00,T02,0,64,188,60,44,128,0,False,True,True,True,False,True,True,True,True,0.7514498829841614,0.3628747761249542,0.5221898199476898,0.25953231355017997,0.25953231355017997
Cosmos3_seed101_0010,69,2,3,0.6405288577079773,0.0,0.0,False,0.4268494844436645,0.3628747761249542,0.828208863735199,0.7514498829841614,0.98046875,0.9765625,/shared/ssd_30T/zhuoyingyang/physact/sam3_robowm/identity_v1/sam_masked_expansion6/crops/Cosmos3_seed101_0010/frame_0069_rank_02.png,/shared/ssd_30T/zhuoyingyang/physact/sam3_robowm/identity_v1/sam_masked_expansion6/crops/Cosmos3_seed101_0010/frame_0069_rank_03.png,T01,T02,0,33,96,60,44,128,0,False,True,True,True,False,True,True,True,True,0.7514498829841614,0.3628747761249542,0.5221898199476898,0.33447764887782805,0.33447764887782805
Cosmos3_seed101_0010,72,1,2,0.7099475264549255,0.0,0.0,False,0.4601269662380218,0.4260716736316681,0.9496420621871948,0.83329176902771,0.984375,0.98046875,/shared/ssd_30T/zhuoyingyang/physact/sam3_robowm/identity_v1/sam_masked_expansion6/crops/Cosmos3_seed101_0010/frame_0072_rank_01.png,/shared/ssd_30T/zhuoyingyang/physact/sam3_robowm/identity_v1/sam_masked_expansion6/crops/Cosmos3_seed101_0010/frame_0072_rank_02.png,T00,T01,0,64,188,0,33,96,0,False,False,True,True,False,False,False,True,False,0.83329176902771,0.4260716736316681,0.5958540246177161,0.42302509090555984,0.0
Cosmos3_seed101_0010,72,1,3,0.5562642812728882,0.0,0.0,False,0.4601269662380218,0.3541717231273651,0.9496420621871948,0.7112988233566284,0.984375,0.9765625,/shared/ssd_30T/zhuoyingyang/physact/sam3_robowm/identity_v1/sam_masked_expansion6/crops/Cosmos3_seed101_0010/frame_0072_rank_01.png,/shared/ssd_30T/zhuoyingyang/physact/sam3_robowm/identity_v1/sam_masked_expansion6/crops/Cosmos3_seed101_0010/frame_0072_rank_03.png,T00,T02,0,64,188,60,44,128,0,False,True,True,True,False,True,True,True,True,0.7112988233566284,0.3541717231273651,0.5019182502426908,0.279199194728996,0.279199194728996
Cosmos3_seed101_0010,72,2,3,0.6697656512260437,0.0,0.0,False,0.4260716736316681,0.3541717231273651,0.83329176902771,0.7112988233566284,0.98046875,0.9765625,/shared/ssd_30T/zhuoyingyang/physact/sam3_robowm/identity_v1/sam_masked_expansion6/crops/Cosmos3_seed101_0010/frame_0072_rank_02.png,/shared/ssd_30T/zhuoyingyang/physact/sam3_robowm/identity_v1/sam_masked_expansion6/crops/Cosmos3_seed101_0010/frame_0072_rank_03.png,T01,T02,0,33,96,60,44,128,0,False,True,True,True,False,True,True,True,True,0.7112988233566284,0.3541717231273651,0.5019182502426908,0.33616760373603216,0.33616760373603216
Cosmos3_seed101_0010,75,1,2,0.6278030276298523,0.0,0.0,False,0.4261238574981689,0.4401059746742248,0.9344137907028198,0.8299520611763,0.984375,0.98046875,/shared/ssd_30T/zhuoyingyang/physact/sam3_robowm/identity_v1/sam_masked_expansion6/crops/Cosmos3_seed101_0010/frame_0075_rank_01.png,/shared/ssd_30T/zhuoyingyang/physact/sam3_robowm/identity_v1/sam_masked_expansion6/crops/Cosmos3_seed101_0010/frame_0075_rank_02.png,T00,T01,0,64,188,0,33,96,0,False,False,True,True,False,False,False,True,False,0.8299520611763,0.4261238574981689,0.5946951940675166,0.37335144335250947,0.0
Cosmos3_seed101_0010,75,1,3,0.4437783360481262,0.0,0.0,False,0.4261238574981689,0.3970471024513244,0.9344137907028198,0.7471938133239746,0.984375,0.9765625,/shared/ssd_30T/zhuoyingyang/physact/sam3_robowm/identity_v1/sam_masked_expansion6/crops/Cosmos3_seed101_0010/frame_0075_rank_01.png,/shared/ssd_30T/zhuoyingyang/physact/sam3_robowm/identity_v1/sam_masked_expansion6/crops/Cosmos3_seed101_0010/frame_0075_rank_03.png,T00,T02,0,64,188,60,44,128,0,False,True,True,True,False,True,True,True,True,0.7471938133239746,0.3970471024513244,0.5446752597188896,0.24171508044462983,0.24171508044462983
Cosmos3_seed101_0010,75,2,3,0.659089207649231,0.0,0.0,False,0.4401059746742248,0.3970471024513244,0.8299520611763,0.7471938133239746,0.98046875,0.9765625,/shared/ssd_30T/zhuoyingyang/physact/sam3_robowm/identity_v1/sam_masked_expansion6/crops/Cosmos3_seed101_0010/frame_0075_rank_02.png,/shared/ssd_30T/zhuoyingyang/physact/sam3_robowm/identity_v1/sam_masked_expansion6/crops/Cosmos3_seed101_0010/frame_0075_rank_03.png,T01,T02,0,33,96,60,44,128,0,False,True,True,True,False,True,True,True,True,0.7471938133239746,0.3970471024513244,0.5446752597188896,0.35898958535426206,0.35898958535426206
Cosmos3_seed101_0010,78,1,2,0.6450098156929016,0.0,0.0,False,0.4625051617622375,0.4235300719738006,0.942146897315979,0.8251450061798096,0.984375,0.98046875,/shared/ssd_30T/zhuoyingyang/physact/sam3_robowm/identity_v1/sam_masked_expansion6/crops/Cosmos3_seed101_0010/frame_0078_rank_01.png,/shared/ssd_30T/zhuoyingyang/physact/sam3_robowm/identity_v1/sam_masked_expansion6/crops/Cosmos3_seed101_0010/frame_0078_rank_02.png,T00,T01,0,64,188,0,33,96,0,False,False,True,True,False,False,False,True,False,0.8251450061798096,0.4235300719738006,0.5911630264623768,0.3813059547429556,0.0
Cosmos3_seed101_0010,78,1,3,0.477196455001831,0.0,0.0,False,0.4625051617622375,0.3776961266994476,0.942146897315979,0.7241101264953613,0.984375,0.9765625,/shared/ssd_30T/zhuoyingyang/physact/sam3_robowm/identity_v1/sam_masked_expansion6/crops/Cosmos3_seed101_0010/frame_0078_rank_01.png,/shared/ssd_30T/zhuoyingyang/physact/sam3_robowm/identity_v1/sam_masked_expansion6/crops/Cosmos3_seed101_0010/frame_0078_rank_03.png,T00,T02,0,64,188,60,44,128,0,False,True,True,True,False,True,True,True,True,0.7241101264953613,0.3776961266994476,0.5229661462094319,0.24955759105711015,0.24955759105711015
Cosmos3_seed101_0010,78,2,3,0.6847980618476868,0.0,0.0,False,0.4235300719738006,0.3776961266994476,0.8251450061798096,0.7241101264953613,0.98046875,0.9765625,/shared/ssd_30T/zhuoyingyang/physact/sam3_robowm/identity_v1/sam_masked_expansion6/crops/Cosmos3_seed101_0010/frame_0078_rank_02.png,/shared/ssd_30T/zhuoyingyang/physact/sam3_robowm/identity_v1/sam_masked_expansion6/crops/Cosmos3_seed101_0010/frame_0078_rank_03.png,T01,T02,0,33,96,60,44,128,0,False,True,True,True,False,True,True,True,True,0.7241101264953613,0.3776961266994476,0.5229661462094319,0.35812620333617295,0.35812620333617295
Cosmos3_seed101_0010,81,1,2,0.6701467037200928,0.0,0.0,False,0.4553234577178955,0.4281988739967346,0.9278310537338256,0.819584846496582,0.984375,0.98046875,/shared/ssd_30T/zhuoyingyang/physact/sam3_robowm/identity_v1/sam_masked_expansion6/crops/Cosmos3_seed101_0010/frame_0081_rank_01.png,/shared/ssd_30T/zhuoyingyang/physact/sam3_robowm/identity_v1/sam_masked_expansion6/crops/Cosmos3_seed101_0010/frame_0081_rank_02.png,T00,T01,0,64,188,0,33,96,0,False,False,True,True,False,False,False,True,False,0.819584846496582,0.4281988739967346,0.5924063710111692,0.3969991767959174,0.0
Cosmos3_seed101_0010,81,1,3,0.4685001075267792,0.0,0.0,False,0.4553234577178955,0.3824778497219085,0.9278310537338256,0.7168681621551514,0.984375,0.9765625,/shared/ssd_30T/zhuoyingyang/physact/sam3_robowm/identity_v1/sam_masked_expansion6/crops/Cosmos3_seed101_0010/frame_0081_rank_01.png,/shared/ssd_30T/zhuoyingyang/physact/sam3_robowm/identity_v1/sam_masked_expansion6/crops/Cosmos3_seed101_0010/frame_0081_rank_03.png,T00,T02,0,64,188,60,44,128,0,False,True,True,True,False,True,True,True,True,0.7168681621551514,0.3824778497219085,0.5236279148357149,0.2453197344045556,0.2453197344045556
Cosmos3_seed101_0010,81,2,3,0.6628128290176392,0.0,0.0,False,0.4281988739967346,0.3824778497219085,0.819584846496582,0.7168681621551514,0.98046875,0.9765625,/shared/ssd_30T/zhuoyingyang/physact/sam3_robowm/identity_v1/sam_masked_expansion6/crops/Cosmos3_seed101_0010/frame_0081_rank_02.png,/shared/ssd_30T/zhuoyingyang/physact/sam3_robowm/identity_v1/sam_masked_expansion6/crops/Cosmos3_seed101_0010/frame_0081_rank_03.png,T01,T02,0,33,96,60,44,128,0,False,True,True,True,False,True,True,True,True,0.7168681621551514,0.3824778497219085,0.5236279148357149,0.34706729958486765,0.34706729958486765
Cosmos3_seed101_0010,84,1,2,0.6874382495880127,0.0,0.0,False,0.3655363619327545,0.4510003328323364,0.9371535778045654,0.8212379813194275,0.984375,0.98046875,/shared/ssd_30T/zhuoyingyang/physact/sam3_robowm/identity_v1/sam_masked_expansion6/crops/Cosmos3_seed101_0010/frame_0084_rank_01.png,/shared/ssd_30T/zhuoyingyang/physact/sam3_robowm/identity_v1/sam_masked_expansion6/crops/Cosmos3_seed101_0010/frame_0084_rank_02.png,T00,T01,0,64,188,0,33,96,0,False,False,True,True,False,False,False,True,False,0.8212379813194275,0.3655363619327545,0.5478981145911189,0.3766461208470912,0.0
Cosmos3_seed101_0010,84,1,3,0.4392144083976745,0.0,0.0,False,0.3655363619327545,0.4151354432106018,0.9371535778045654,0.725499153137207,0.984375,0.9765625,/shared/ssd_30T/zhuoyingyang/physact/sam3_robowm/identity_v1/sam_masked_expansion6/crops/Cosmos3_seed101_0010/frame_0084_rank_01.png,/shared/ssd_30T/zhuoyingyang/physact/sam3_robowm/identity_v1/sam_masked_expansion6/crops/Cosmos3_seed101_0010/frame_0084_rank_03.png,T00,T02,0,64,188,60,44,128,0,False,True,True,True,False,True,True,True,True,0.725499153137207,0.3655363619327545,0.5149721555803469,0.22618319065449727,0.22618319065449727
Cosmos3_seed101_0010,84,2,3,0.6061328053474426,0.0,0.0,False,0.4510003328323364,0.4151354432106018,0.8212379813194275,0.725499153137207,0.98046875,0.9765625,/shared/ssd_30T/zhuoyingyang/physact/sam3_robowm/identity_v1/sam_masked_expansion6/crops/Cosmos3_seed101_0010/frame_0084_rank_02.png,/shared/ssd_30T/zhuoyingyang/physact/sam3_robowm/identity_v1/sam_masked_expansion6/crops/Cosmos3_seed101_0010/frame_0084_rank_03.png,T01,T02,0,33,96,60,44,128,0,False,True,True,True,False,True,True,True,True,0.725499153137207,0.4151354432106018,0.548799063853548,0.3326451161456014,0.3326451161456014
Cosmos3_seed101_0010,87,1,2,0.6131231188774109,0.0,0.0,False,0.4388304352760315,0.4403197765350342,0.9299432039260864,0.8266738653182983,0.984375,0.98046875,/shared/ssd_30T/zhuoyingyang/physact/sam3_robowm/identity_v1/sam_masked_expansion6/crops/Cosmos3_seed101_0010/frame_0087_rank_01.png,/shared/ssd_30T/zhuoyingyang/physact/sam3_robowm/identity_v1/sam_masked_expansion6/crops/Cosmos3_seed101_0010/frame_0087_rank_02.png,T00,T01,0,64,188,0,33,96,0,False,False,True,True,False,False,False,True,False,0.8266738653182983,0.4388304352760315,0.6023036212318073,0.36928627476080444,0.0
Cosmos3_seed101_0010,87,1,3,0.5277910828590393,0.0,0.0,False,0.4388304352760315,0.4004723727703094,0.9299432039260864,0.7338879108428955,0.984375,0.9765625,/shared/ssd_30T/zhuoyingyang/physact/sam3_robowm/identity_v1/sam_masked_expansion6/crops/Cosmos3_seed101_0010/frame_0087_rank_01.png,/shared/ssd_30T/zhuoyingyang/physact/sam3_robowm/identity_v1/sam_masked_expansion6/crops/Cosmos3_seed101_0010/frame_0087_rank_03.png,T00,T02,0,64,188,60,44,128,0,False,True,True,True,False,True,True,True,True,0.7338879108428955,0.4004723727703094,0.5421271373051709,0.28612986884556724,0.28612986884556724
Cosmos3_seed101_0010,87,2,3,0.686538815498352,0.0,0.0,False,0.4403197765350342,0.4004723727703094,0.8266738653182983,0.7338879108428955,0.98046875,0.9765625,/shared/ssd_30T/zhuoyingyang/physact/sam3_robowm/identity_v1/sam_masked_expansion6/crops/Cosmos3_seed101_0010/frame_0087_rank_02.png,/shared/ssd_30T/zhuoyingyang/physact/sam3_robowm/identity_v1/sam_masked_expansion6/crops/Cosmos3_seed101_0010/frame_0087_rank_03.png,T01,T02,0,33,96,60,44,128,0,False,True,True,True,False,True,True,True,True,0.7338879108428955,0.4004723727703094,0.5421271373051709,0.3721913226950045,0.3721913226950045
Cosmos3_seed101_0010,90,1,2,0.6138210296630859,0.0,0.0,False,0.4172531366348266,0.446841686964035,0.9318013787269592,0.8290495276451111,0.984375,0.98046875,/shared/ssd_30T/zhuoyingyang/physact/sam3_robowm/identity_v1/sam_masked_expansion6/crops/Cosmos3_seed101_0010/frame_0090_rank_01.png,/shared/ssd_30T/zhuoyingyang/physact/sam3_robowm/identity_v1/sam_masked_expansion6/crops/Cosmos3_seed101_0010/frame_0090_rank_02.png,T00,T01,0,64,188,0,33,96,0,False,False,True,True,False,False,False,True,False,0.8290495276451111,0.4172531366348266,0.5881526297106423,0.3610204527680382,0.0
Cosmos3_seed101_0010,90,1,3,0.5228303074836731,0.0,0.0,False,0.4172531366348266,0.4124017655849457,0.9318013787269592,0.7326157689094543,0.984375,0.9765625,/shared/ssd_30T/zhuoyingyang/physact/sam3_robowm/identity_v1/sam_masked_expansion6/crops/Cosmos3_seed101_0010/frame_0090_rank_01.png,/shared/ssd_30T/zhuoyingyang/physact/sam3_robowm/identity_v1/sam_masked_expansion6/crops/Cosmos3_seed101_0010/frame_0090_rank_03.png,T00,T02,0,64,188,60,44,128,0,False,True,True,True,False,True,True,True,True,0.7326157689094543,0.4124017655849457,0.5496653860246536,0.2873817227884015,0.2873817227884015
Cosmos3_seed101_0010,90,2,3,0.717988133430481,0.0,0.0,False,0.446841686964035,0.4124017655849457,0.8290495276451111,0.7326157689094543,0.98046875,0.9765625,/shared/ssd_30T/zhuoyingyang/physact/sam3_robowm/identity_v1/sam_masked_expansion6/crops/Cosmos3_seed101_0010/frame_0090_rank_02.png,/shared/ssd_30T/zhuoyingyang/physact/sam3_robowm/identity_v1/sam_masked_expansion6/crops/Cosmos3_seed101_0010/frame_0090_rank_03.png,T01,T02,0,33,96,60,44,128,0,False,True,True,True,False,True,True,True,True,0.7326157689094543,0.4124017655849457,0.5496653860246536,0.39465322452318585,0.39465322452318585
Cosmos3_seed101_0010,93,1,2,0.4773032665252685,0.0,0.0,False,0.4914523363113403,0.3238557577133178,0.9494196176528932,0.8159080147743225,0.984375,0.98046875,/shared/ssd_30T/zhuoyingyang/physact/sam3_robowm/identity_v1/sam_masked_expansion6/crops/Cosmos3_seed101_0010/frame_0093_rank_01.png,/shared/ssd_30T/zhuoyingyang/physact/sam3_robowm/identity_v1/sam_masked_expansion6/crops/Cosmos3_seed101_0010/frame_0093_rank_02.png,T00,T01,0,64,188,0,33,96,0,False,False,True,True,False,False,False,True,False,0.8159080147743225,0.3238557577133178,0.5140394034985131,0.24535268641254082,0.0
Cosmos3_seed101_0010,93,1,3,0.5183581113815308,0.0,0.0,False,0.4914523363113403,0.3919401168823242,0.9494196176528932,0.7191407680511475,0.984375,0.9765625,/shared/ssd_30T/zhuoyingyang/physact/sam3_robowm/identity_v1/sam_masked_expansion6/crops/Cosmos3_seed101_0010/frame_0093_rank_01.png,/shared/ssd_30T/zhuoyingyang/physact/sam3_robowm/identity_v1/sam_masked_expansion6/crops/Cosmos3_seed101_0010/frame_0093_rank_03.png,T00,T02,0,64,188,60,44,128,0,False,True,True,True,False,True,True,True,True,0.7191407680511475,0.3919401168823242,0.5309049977960381,0.27519891198057006,0.27519891198057006
Cosmos3_seed101_0010,93,2,3,0.522868812084198,0.0,0.0,False,0.3238557577133178,0.3919401168823242,0.8159080147743225,0.7191407680511475,0.98046875,0.9765625,/shared/ssd_30T/zhuoyingyang/physact/sam3_robowm/identity_v1/sam_masked_expansion6/crops/Cosmos3_seed101_0010/frame_0093_rank_02.png,/shared/ssd_30T/zhuoyingyang/physact/sam3_robowm/identity_v1/sam_masked_expansion6/crops/Cosmos3_seed101_0010/frame_0093_rank_03.png,T01,T02,0,33,96,60,44,128,0,False,True,True,True,False,True,True,True,True,0.7191407680511475,0.3238557577133178,0.482594942306425,0.25233384420160254,0.25233384420160254
Cosmos3_seed101_0010,96,1,2,0.1969440877437591,0.0,0.0,False,0.5073562860488892,0.2337540239095688,0.941329836845398,0.7738977670669556,0.984375,0.9765625,/shared/ssd_30T/zhuoyingyang/physact/sam3_robowm/identity_v1/sam_masked_expansion6/crops/Cosmos3_seed101_0010/frame_0096_rank_01.png,/shared/ssd_30T/zhuoyingyang/physact/sam3_robowm/identity_v1/sam_masked_expansion6/crops/Cosmos3_seed101_0010/frame_0096_rank_02.png,T00,T01,0,64,188,0,33,96,0,False,False,True,True,False,False,False,True,False,0.7738977670669556,0.2337540239095688,0.4253254249942402,0.08376532781971727,0.0
Cosmos3_seed101_0010,96,1,3,0.5484421849250793,0.0,0.0,False,0.5073562860488892,0.4072536826133728,0.941329836845398,0.7323166131973267,0.984375,0.9765625,/shared/ssd_30T/zhuoyingyang/physact/sam3_robowm/identity_v1/sam_masked_expansion6/crops/Cosmos3_seed101_0010/frame_0096_rank_01.png,/shared/ssd_30T/zhuoyingyang/physact/sam3_robowm/identity_v1/sam_masked_expansion6/crops/Cosmos3_seed101_0010/frame_0096_rank_03.png,T00,T02,0,64,188,60,44,128,0,False,True,True,True,False,True,True,True,True,0.7323166131973267,0.4072536826133728,0.5461122939135908,0.29951101968841687,0.29951101968841687
Cosmos3_seed101_0010,96,2,3,0.2487055510282516,0.0,0.0,False,0.2337540239095688,0.4072536826133728,0.7738977670669556,0.7323166131973267,0.9765625,0.9765625,/shared/ssd_30T/zhuoyingyang/physact/sam3_robowm/identity_v1/sam_masked_expansion6/crops/Cosmos3_seed101_0010/frame_0096_rank_02.png,/shared/ssd_30T/zhuoyingyang/physact/sam3_robowm/identity_v1/sam_masked_expansion6/crops/Cosmos3_seed101_0010/frame_0096_rank_03.png,T01,T02,0,33,96,60,44,128,0,False,True,True,True,False,True,True,True,True,0.7323166131973267,0.2337540239095688,0.4137414109207614,0.10289978558625423,0.10289978558625423
Cosmos3_seed101_0010,99,1,2,0.5498709082603455,0.0,0.0,False,0.6806739568710327,0.3916248083114624,0.9278834462165833,0.7459772825241089,0.984375,0.9765625,/shared/ssd_30T/zhuoyingyang/physact/sam3_robowm/identity_v1/sam_masked_expansion6/crops/Cosmos3_seed101_0010/frame_0099_rank_01.png,/shared/ssd_30T/zhuoyingyang/physact/sam3_robowm/identity_v1/sam_masked_expansion6/crops/Cosmos3_seed101_0010/frame_0099_rank_02.png,T00,T02,0,64,188,60,44,128,0,False,True,True,True,False,True,True,True,True,0.7459772825241089,0.3916248083114624,0.5405027384511661,0.2972067317093467,0.2972067317093467
Cosmos3_seed101_0010,102,1,2,0.5544118285179138,0.0,0.0,False,0.6409730911254883,0.4185874164104461,0.9339733123779296,0.7435643076896667,0.984375,0.9765625,/shared/ssd_30T/zhuoyingyang/physact/sam3_robowm/identity_v1/sam_masked_expansion6/crops/Cosmos3_seed101_0010/frame_0102_rank_01.png,/shared/ssd_30T/zhuoyingyang/physact/sam3_robowm/identity_v1/sam_masked_expansion6/crops/Cosmos3_seed101_0010/frame_0102_rank_02.png,T00,T02,0,64,188,60,44,128,0,False,True,True,True,False,True,True,True,True,0.7435643076896667,0.4185874164104461,0.5578948489552844,0.30930350333002454,0.30930350333002454
Cosmos3_seed101_0010,105,1,2,0.5988463163375854,0.0,0.0,False,0.6205117702484131,0.3974943459033966,0.9346563220024108,0.7491798400878906,0.984375,0.9765625,/shared/ssd_30T/zhuoyingyang/physact/sam3_robowm/identity_v1/sam_masked_expansion6/crops/Cosmos3_seed101_0010/frame_0105_rank_01.png,/shared/ssd_30T/zhuoyingyang/physact/sam3_robowm/identity_v1/sam_masked_expansion6/crops/Cosmos3_seed101_0010/frame_0105_rank_02.png,T00,T02,0,64,188,60,44,128,0,False,True,True,True,False,True,True,True,True,0.7491798400878906,0.3974943459033966,0.5457057361799923,0.3267938699156786,0.3267938699156786
Cosmos3_seed101_0010,108,1,2,0.5821748375892639,0.0,0.0,False,0.6396287083625793,0.3910005092620849,0.9605496525764464,0.7416015863418579,0.984375,0.9765625,/shared/ssd_30T/zhuoyingyang/physact/sam3_robowm/identity_v1/sam_masked_expansion6/crops/Cosmos3_seed101_0010/frame_0108_rank_01.png,/shared/ssd_30T/zhuoyingyang/physact/sam3_robowm/identity_v1/sam_masked_expansion6/crops/Cosmos3_seed101_0010/frame_0108_rank_02.png,T00,T02,0,64,188,60,44,128,0,False,True,True,True,False,True,True,True,True,0.7416015863418579,0.3910005092620849,0.5384854667762505,0.3134926891646426,0.3134926891646426
Cosmos3_seed101_0010,111,1,2,0.5764977335929871,0.0,0.0,False,0.7214541435241699,0.3288624286651611,0.93861722946167,0.70270174741745,0.984375,0.97265625,/shared/ssd_30T/zhuoyingyang/physact/sam3_robowm/identity_v1/sam_masked_expansion6/crops/Cosmos3_seed101_0010/frame_0111_rank_01.png,/shared/ssd_30T/zhuoyingyang/physact/sam3_robowm/identity_v1/sam_masked_expansion6/crops/Cosmos3_seed101_0010/frame_0111_rank_02.png,T00,T02,0,64,188,60,44,128,0,False,True,True,True,False,True,True,True,True,0.70270174741745,0.3288624286651611,0.48072050432965224,0.27713428123772227,0.27713428123772227
Cosmos3_seed101_0010,114,1,2,0.5132766962051392,0.0,0.0,False,0.6713359355926514,0.353196233510971,0.9434828162193298,0.6988369226455688,0.984375,0.97265625,/shared/ssd_30T/zhuoyingyang/physact/sam3_robowm/identity_v1/sam_masked_expansion6/crops/Cosmos3_seed101_0010/frame_0114_rank_01.png,/shared/ssd_30T/zhuoyingyang/physact/sam3_robowm/identity_v1/sam_masked_expansion6/crops/Cosmos3_seed101_0010/frame_0114_rank_02.png,T00,T02,0,64,188,60,44,128,0,False,True,True,True,False,True,True,True,True,0.6988369226455688,0.353196233510971,0.4968164338232107,0.2550042977731968,0.2550042977731968
Cosmos3_seed101_0010,117,1,2,0.4679586291313171,0.0,0.0,False,0.671203076839447,0.395153284072876,0.9596555233001708,0.6802688241004944,0.984375,0.97265625,/shared/ssd_30T/zhuoyingyang/physact/sam3_robowm/identity_v1/sam_masked_expansion6/crops/Cosmos3_seed101_0010/frame_0117_rank_01.png,/shared/ssd_30T/zhuoyingyang/physact/sam3_robowm/identity_v1/sam_masked_expansion6/crops/Cosmos3_seed101_0010/frame_0117_rank_02.png,T00,T02,0,64,188,60,44,128,0,False,True,True,True,False,True,True,True,True,0.6802688241004944,0.395153284072876,0.5184693432554175,0.24262220311641944,0.24262220311641944
Cosmos3_seed101_0010,120,1,2,0.4313348531723022,0.0,0.0,False,0.605822741985321,0.3734113276004791,0.9515339732170104,0.7199878692626953,0.984375,0.97265625,/shared/ssd_30T/zhuoyingyang/physact/sam3_robowm/identity_v1/sam_masked_expansion6/crops/Cosmos3_seed101_0010/frame_0120_rank_01.png,/shared/ssd_30T/zhuoyingyang/physact/sam3_robowm/identity_v1/sam_masked_expansion6/crops/Cosmos3_seed101_0010/frame_0120_rank_02.png,T00,T02,0,64,188,60,44,128,0,False,True,True,True,False,True,True,True,True,0.7199878692626953,0.3734113276004791,0.5185090415003611,0.2236510212840694,0.2236510212840694
Cosmos3_seed101_0010,123,1,2,0.4696267247200012,0.0,0.0,False,0.670113742351532,0.3838505744934082,0.947739839553833,0.7195079326629639,0.984375,0.97265625,/shared/ssd_30T/zhuoyingyang/physact/sam3_robowm/identity_v1/sam_masked_expansion6/crops/Cosmos3_seed101_0010/frame_0123_rank_01.png,/shared/ssd_30T/zhuoyingyang/physact/sam3_robowm/identity_v1/sam_masked_expansion6/crops/Cosmos3_seed101_0010/frame_0123_rank_02.png,T00,T02,0,64,188,60,44,128,0,False,True,True,True,False,True,True,True,True,0.7195079326629639,0.3838505744934082,0.5255316672715766,0.24680371563739198,0.24680371563739198
Cosmos3_seed101_0010,126,1,2,0.453318327665329,0.0,0.0,False,0.7414374947547913,0.3133491575717926,0.9641953706741332,0.7087529897689819,0.984375,0.97265625,/shared/ssd_30T/zhuoyingyang/physact/sam3_robowm/identity_v1/sam_masked_expansion6/crops/Cosmos3_seed101_0010/frame_0126_rank_01.png,/shared/ssd_30T/zhuoyingyang/physact/sam3_robowm/identity_v1/sam_masked_expansion6/crops/Cosmos3_seed101_0010/frame_0126_rank_02.png,T00,T02,0,64,188,60,44,128,0,False,True,True,True,False,True,True,True,True,0.7087529897689819,0.3133491575717926,0.47126123569693257,0.2136313552596299,0.2136313552596299
Cosmos3_seed101_0010,129,1,2,0.4685295820236206,0.0,0.0,False,0.6956761479377747,0.3375370800495147,0.949404776096344,0.6955378651618958,0.984375,0.97265625,/shared/ssd_30T/zhuoyingyang/physact/sam3_robowm/identity_v1/sam_masked_expansion6/crops/Cosmos3_seed101_0010/frame_0129_rank_01.png,/shared/ssd_30T/zhuoyingyang/physact/sam3_robowm/identity_v1/sam_masked_expansion6/crops/Cosmos3_seed101_0010/frame_0129_rank_02.png,T00,T02,0,64,188,60,44,128,0,False,True,True,True,False,True,True,True,True,0.6955378651618958,0.3375370800495147,0.48453051510778905,0.22701687972114198,0.22701687972114198
Cosmos3_seed101_0010,132,1,2,0.3977071344852447,0.0,0.0,False,0.7729888558387756,0.2617040276527405,0.9219661951065063,0.6909371018409729,0.984375,0.96484375,/shared/ssd_30T/zhuoyingyang/physact/sam3_robowm/identity_v1/sam_masked_expansion6/crops/Cosmos3_seed101_0010/frame_0132_rank_01.png,/shared/ssd_30T/zhuoyingyang/physact/sam3_robowm/identity_v1/sam_masked_expansion6/crops/Cosmos3_seed101_0010/frame_0132_rank_02.png,T00,T02,0,64,188,60,44,128,0,False,True,True,True,False,True,True,True,True,0.6909371018409729,0.2617040276527405,0.4252305520614603,0.16911722435594204,0.16911722435594204
Cosmos3_seed101_0010,132,1,3,0.2897224128246307,0.0,0.0,False,0.7729888558387756,0.1162803024053573,0.9219661951065063,0.6201977133750916,0.984375,0.9609375,/shared/ssd_30T/zhuoyingyang/physact/sam3_robowm/identity_v1/sam_masked_expansion6/crops/Cosmos3_seed101_0010/frame_0132_rank_01.png,/shared/ssd_30T/zhuoyingyang/physact/sam3_robowm/identity_v1/sam_masked_expansion6/crops/Cosmos3_seed101_0010/frame_0132_rank_03.png,T00,T03,0,64,188,132,4,12,0,False,True,True,True,False,True,True,True,True,0.6201977133750916,0.1162803024053573,0.26854567146458863,0.07780369989033119,0.07780369989033119
Cosmos3_seed101_0010,132,2,3,0.3522295355796814,0.1751679660038985,0.4402671249394148,False,0.2617040276527405,0.1162803024053573,0.6909371018409729,0.6201977133750916,0.96484375,0.9609375,/shared/ssd_30T/zhuoyingyang/physact/sam3_robowm/identity_v1/sam_masked_expansion6/crops/Cosmos3_seed101_0010/frame_0132_rank_02.png,/shared/ssd_30T/zhuoyingyang/physact/sam3_robowm/identity_v1/sam_masked_expansion6/crops/Cosmos3_seed101_0010/frame_0132_rank_03.png,T02,T03,60,44,128,132,4,12,0,True,True,True,True,True,True,True,True,True,0.6201977133750916,0.1162803024053573,0.26854567146458863,0.09458971714190575,0.09458971714190575
Cosmos3_seed101_0010,135,1,2,0.4217557311058044,0.0,0.0,False,0.716145396232605,0.2982313632965088,0.923986315727234,0.7208395004272461,0.984375,0.96875,/shared/ssd_30T/zhuoyingyang/physact/sam3_robowm/identity_v1/sam_masked_expansion6/crops/Cosmos3_seed101_0010/frame_0135_rank_01.png,/shared/ssd_30T/zhuoyingyang/physact/sam3_robowm/identity_v1/sam_masked_expansion6/crops/Cosmos3_seed101_0010/frame_0135_rank_02.png,T00,T02,0,64,188,60,44,128,0,False,True,True,True,False,True,True,True,True,0.7208395004272461,0.2982313632965088,0.4636560653441211,0.19554960282085043,0.19554960282085043
Cosmos3_seed101_0010,135,1,3,0.2811366617679596,0.0,0.0,False,0.716145396232605,0.1265284717082977,0.923986315727234,0.6732732057571411,0.984375,0.96484375,/shared/ssd_30T/zhuoyingyang/physact/sam3_robowm/identity_v1/sam_masked_expansion6/crops/Cosmos3_seed101_0010/frame_0135_rank_01.png,/shared/ssd_30T/zhuoyingyang/physact/sam3_robowm/identity_v1/sam_masked_expansion6/crops/Cosmos3_seed101_0010/frame_0135_rank_03.png,T00,T03,0,64,188,132,4,12,0,False,True,True,True,False,True,True,True,True,0.6732732057571411,0.1265284717082977,0.29187022761254244,0.08205542146044473,0.08205542146044473
Cosmos3_seed101_0010,135,2,3,0.327914148569107,0.1123189006047369,0.2356579726914061,False,0.2982313632965088,0.1265284717082977,0.7208395004272461,0.6732732057571411,0.96875,0.96484375,/shared/ssd_30T/zhuoyingyang/physact/sam3_robowm/identity_v1/sam_masked_expansion6/crops/Cosmos3_seed101_0010/frame_0135_rank_02.png,/shared/ssd_30T/zhuoyingyang/physact/sam3_robowm/identity_v1/sam_masked_expansion6/crops/Cosmos3_seed101_0010/frame_0135_rank_03.png,T02,T03,60,44,128,132,4,12,0,True,True,True,True,True,True,True,True,True,0.6732732057571411,0.1265284717082977,0.29187022761254244,0.09570837718023832,0.09570837718023832
Cosmos3_seed101_0010,138,1,2,0.521303117275238,0.0,0.0,False,0.8264628648757935,0.2217983305454254,0.9413182735443116,0.7027636766433716,0.984375,0.97265625,/shared/ssd_30T/zhuoyingyang/physact/sam3_robowm/identity_v1/sam_masked_expansion6/crops/Cosmos3_seed101_0010/frame_0138_rank_01.png,/shared/ssd_30T/zhuoyingyang/physact/sam3_robowm/identity_v1/sam_masked_expansion6/crops/Cosmos3_seed101_0010/frame_0138_rank_02.png,T00,T02,0,64,188,60,44,128,0,False,True,True,True,False,True,True,True,True,0.7027636766433716,0.2217983305454254,0.3948060413006176,0.20581362004910833,0.20581362004910833
Cosmos3_seed101_0010,141,1,2,0.5571197271347046,0.0,0.0,False,0.6553428769111633,0.372525155544281,0.9210493564605712,0.7225964665412903,0.984375,0.9765625,/shared/ssd_30T/zhuoyingyang/physact/sam3_robowm/identity_v1/sam_masked_expansion6/crops/Cosmos3_seed101_0010/frame_0141_rank_01.png,/shared/ssd_30T/zhuoyingyang/physact/sam3_robowm/identity_v1/sam_masked_expansion6/crops/Cosmos3_seed101_0010/frame_0141_rank_02.png,T00,T02,0,64,188,60,44,128,0,False,True,True,True,False,True,True,True,True,0.7225964665412903,0.372525155544281,0.518830763442225,0.2890508533580229,0.2890508533580229
Cosmos3_seed101_0010,141,1,3,0.259498119354248,0.0,0.0,False,0.6553428769111633,0.1671596020460128,0.9210493564605712,0.6886811256408691,0.984375,0.96875,/shared/ssd_30T/zhuoyingyang/physact/sam3_robowm/identity_v1/sam_masked_expansion6/crops/Cosmos3_seed101_0010/frame_0141_rank_01.png,/shared/ssd_30T/zhuoyingyang/physact/sam3_robowm/identity_v1/sam_masked_expansion6/crops/Cosmos3_seed101_0010/frame_0141_rank_03.png,T00,T03,0,64,188,132,4,12,0,False,True,True,True,False,True,True,True,True,0.6886811256408691,0.1671596020460128,0.339292886602015,0.08804586598349702,0.08804586598349702
Cosmos3_seed101_0010,141,2,3,0.2148180454969406,0.0200940771297055,0.0438492248312409,False,0.372525155544281,0.1671596020460128,0.7225964665412903,0.6886811256408691,0.9765625,0.96875,/shared/ssd_30T/zhuoyingyang/physact/sam3_robowm/identity_v1/sam_masked_expansion6/crops/Cosmos3_seed101_0010/frame_0141_rank_02.png,/shared/ssd_30T/zhuoyingyang/physact/sam3_robowm/identity_v1/sam_masked_expansion6/crops/Cosmos3_seed101_0010/frame_0141_rank_03.png,T02,T03,60,44,128,132,4,12,0,True,True,True,True,True,True,True,True,True,0.6886811256408691,0.1671596020460128,0.339292886602015,0.07288623475085997,0.07288623475085997
Cosmos3_seed101_0010,144,1,2,0.5653800368309021,0.0,0.0,False,0.6821056008338928,0.3552517592906952,0.9336209297180176,0.7447279691696167,0.984375,0.97265625,/shared/ssd_30T/zhuoyingyang/physact/sam3_robowm/identity_v1/sam_masked_expansion6/crops/Cosmos3_seed101_0010/frame_0144_rank_01.png,/shared/ssd_30T/zhuoyingyang/physact/sam3_robowm/identity_v1/sam_masked_expansion6/crops/Cosmos3_seed101_0010/frame_0144_rank_02.png,T00,T02,0,64,188,60,44,128,0,False,True,True,True,False,True,True,True,True,0.7447279691696167,0.3552517592906952,0.514359719690892,0.290808717263169,0.290808717263169
Cosmos3_seed101_0010,144,1,3,0.2527684271335602,0.0044637969961325,0.0333390563010797,False,0.6821056008338928,0.1099247708916664,0.9336209297180176,0.6701371669769287,0.984375,0.96875,/shared/ssd_30T/zhuoyingyang/physact/sam3_robowm/identity_v1/sam_masked_expansion6/crops/Cosmos3_seed101_0010/frame_0144_rank_01.png,/shared/ssd_30T/zhuoyingyang/physact/sam3_robowm/identity_v1/sam_masked_expansion6/crops/Cosmos3_seed101_0010/frame_0144_rank_03.png,T00,T03,0,64,188,132,4,12,0,False,True,True,True,False,True,True,True,True,0.6701371669769287,0.1099247708916664,0.27141236992062334,0.06860447784942796,0.06860447784942796
Cosmos3_seed101_0010,144,2,3,0.2298994660377502,0.0,0.0,False,0.3552517592906952,0.1099247708916664,0.7447279691696167,0.6701371669769287,0.97265625,0.96875,/shared/ssd_30T/zhuoyingyang/physact/sam3_robowm/identity_v1/sam_masked_expansion6/crops/Cosmos3_seed101_0010/frame_0144_rank_02.png,/shared/ssd_30T/zhuoyingyang/physact/sam3_robowm/identity_v1/sam_masked_expansion6/crops/Cosmos3_seed101_0010/frame_0144_rank_03.png,T02,T03,60,44,128,132,4,12,0,True,True,True,True,True,True,True,True,True,0.6701371669769287,0.1099247708916664,0.27141236992062334,0.062397558920791636,0.062397558920791636
Cosmos3_seed101_0010,147,1,2,0.5385228991508484,0.0,0.0,False,0.6401799321174622,0.3619202673435211,0.9230797290802002,0.7449783086776733,0.98046875,0.9765625,/shared/ssd_30T/zhuoyingyang/physact/sam3_robowm/identity_v1/sam_masked_expansion6/crops/Cosmos3_seed101_0010/frame_0147_rank_01.png,/shared/ssd_30T/zhuoyingyang/physact/sam3_robowm/identity_v1/sam_masked_expansion6/crops/Cosmos3_seed101_0010/frame_0147_rank_02.png,T00,T02,0,64,188,60,44,128,0,False,True,True,True,False,True,True,True,True,0.7449783086776733,0.3619202673435211,0.5192521050913013,0.2796291490239486,0.2796291490239486
Cosmos3_seed101_0010,150,1,2,0.5138044953346252,0.0,0.0,False,0.5353527665138245,0.4048245847225189,0.8819707036018372,0.7421905994415283,0.9765625,0.9765625,/shared/ssd_30T/zhuoyingyang/physact/sam3_robowm/identity_v1/sam_masked_expansion6/crops/Cosmos3_seed101_0010/frame_0150_rank_01.png,/shared/ssd_30T/zhuoyingyang/physact/sam3_robowm/identity_v1/sam_masked_expansion6/crops/Cosmos3_seed101_0010/frame_0150_rank_02.png,T00,T02,0,64,188,60,44,128,0,False,True,True,True,False,True,True,True,True,0.7421905994415283,0.4048245847225189,0.5481395818620236,0.28163658123154955,0.28163658123154955
Cosmos3_seed101_0010,153,1,2,0.5693547129631042,0.0,0.0,False,0.3270627856254577,0.5399974584579468,0.8330999612808228,0.7330038547515869,0.98046875,0.9765625,/shared/ssd_30T/zhuoyingyang/physact/sam3_robowm/identity_v1/sam_masked_expansion6/crops/Cosmos3_seed101_0010/frame_0153_rank_01.png,/shared/ssd_30T/zhuoyingyang/physact/sam3_robowm/identity_v1/sam_masked_expansion6/crops/Cosmos3_seed101_0010/frame_0153_rank_02.png,T00,T02,0,64,188,60,44,128,0,False,True,True,True,False,True,True,True,True,0.7330038547515869,0.3270627856254577,0.4896307615022288,0.27877358167300764,0.27877358167300764
Cosmos3_seed101_0010,156,1,2,0.6026352643966675,0.0,0.0,False,0.2947389781475067,0.5751307606697083,0.8855463266372681,0.7548502683639526,0.984375,0.9765625,/shared/ssd_30T/zhuoyingyang/physact/sam3_robowm/identity_v1/sam_masked_expansion6/crops/Cosmos3_seed101_0010/frame_0156_rank_01.png,/shared/ssd_30T/zhuoyingyang/physact/sam3_robowm/identity_v1/sam_masked_expansion6/crops/Cosmos3_seed101_0010/frame_0156_rank_02.png,T00,T02,0,64,188,60,44,128,0,False,True,True,True,False,True,True,True,True,0.7548502683639526,0.2947389781475067,0.47168188088155627,0.2842521349961741,0.2842521349961741
Cosmos3_seed101_0010,159,1,2,0.5116405487060547,0.0,0.0,False,0.3121530711650848,0.5610066056251526,0.8896677494049072,0.7553112506866455,0.984375,0.9765625,/shared/ssd_30T/zhuoyingyang/physact/sam3_robowm/identity_v1/sam_masked_expansion6/crops/Cosmos3_seed101_0010/frame_0159_rank_01.png,/shared/ssd_30T/zhuoyingyang/physact/sam3_robowm/identity_v1/sam_masked_expansion6/crops/Cosmos3_seed101_0010/frame_0159_rank_02.png,T00,T02,0,64,188,60,44,128,0,False,True,True,True,False,True,True,True,True,0.7553112506866455,0.3121530711650848,0.4855643382574318,0.24843440445812473,0.24843440445812473
Cosmos3_seed101_0010,162,1,2,0.4706766605377197,0.0,0.0,False,0.3254398703575134,0.5589179992675781,0.8630594611167908,0.7462081909179688,0.98046875,0.9765625,/shared/ssd_30T/zhuoyingyang/physact/sam3_robowm/identity_v1/sam_masked_expansion6/crops/Cosmos3_seed101_0010/frame_0162_rank_01.png,/shared/ssd_30T/zhuoyingyang/physact/sam3_robowm/identity_v1/sam_masked_expansion6/crops/Cosmos3_seed101_0010/frame_0162_rank_02.png,T00,T02,0,64,188,60,44,128,0,False,True,True,True,False,True,True,True,True,0.7462081909179688,0.3254398703575134,0.49279397004433645,0.23194662015359338,0.23194662015359338
Cosmos3_seed101_0010,165,1,2,0.4733288288116455,0.0,0.0,False,0.320399135351181,0.5456503033638,0.927921175956726,0.7513841390609741,0.98046875,0.9765625,/shared/ssd_30T/zhuoyingyang/physact/sam3_robowm/identity_v1/sam_masked_expansion6/crops/Cosmos3_seed101_0010/frame_0165_rank_01.png,/shared/ssd_30T/zhuoyingyang/physact/sam3_robowm/identity_v1/sam_masked_expansion6/crops/Cosmos3_seed101_0010/frame_0165_rank_02.png,T00,T02,0,64,188,60,44,128,0,False,True,True,True,False,True,True,True,True,0.7513841390609741,0.320399135351181,0.49065550895891064,0.232241397405503,0.232241397405503
Cosmos3_seed101_0010,168,1,2,0.456247329711914,0.0,0.0,False,0.380962997674942,0.4774691760540008,0.879676342010498,0.7613540887832642,0.984375,0.9765625,/shared/ssd_30T/zhuoyingyang/physact/sam3_robowm/identity_v1/sam_masked_expansion6/crops/Cosmos3_seed101_0010/frame_0168_rank_01.png,/shared/ssd_30T/zhuoyingyang/physact/sam3_robowm/identity_v1/sam_masked_expansion6/crops/Cosmos3_seed101_0010/frame_0168_rank_02.png,T00,T02,0,64,188,60,44,128,0,False,True,True,True,False,True,True,True,True,0.7613540887832642,0.380962997674942,0.5385608006111717,0.24571692716635765,0.24571692716635765
Cosmos3_seed101_0010,171,1,2,0.3980014324188232,0.0,0.0,False,0.5064414739608765,0.4103274047374725,0.8104513883590698,0.7591662406921387,0.984375,0.9765625,/shared/ssd_30T/zhuoyingyang/physact/sam3_robowm/identity_v1/sam_masked_expansion6/crops/Cosmos3_seed101_0010/frame_0171_rank_01.png,/shared/ssd_30T/zhuoyingyang/physact/sam3_robowm/identity_v1/sam_masked_expansion6/crops/Cosmos3_seed101_0010/frame_0171_rank_02.png,T00,T02,0,64,188,60,44,128,0,False,True,True,True,False,True,True,True,True,0.7591662406921387,0.4103274047374725,0.5581278646578297,0.22213568960667532,0.22213568960667532
Cosmos3_seed101_0010,174,1,2,0.4227551817893982,0.0,0.0,False,0.3980282545089721,0.4904942810535431,0.8383698463439941,0.7480175495147705,0.984375,0.9765625,/shared/ssd_30T/zhuoyingyang/physact/sam3_robowm/identity_v1/sam_masked_expansion6/crops/Cosmos3_seed101_0010/frame_0174_rank_01.png,/shared/ssd_30T/zhuoyingyang/physact/sam3_robowm/identity_v1/sam_masked_expansion6/crops/Cosmos3_seed101_0010/frame_0174_rank_02.png,T00,T02,0,64,188,60,44,128,0,False,True,True,True,False,True,True,True,True,0.7480175495147705,0.3980282545089721,0.5456483479086532,0.2306756665132075,0.2306756665132075
Cosmos3_seed101_0010,177,1,2,0.4868969321250915,0.0,0.0,False,0.3471764624118805,0.5391911864280701,0.8759185075759888,0.754866898059845,0.984375,0.9765625,/shared/ssd_30T/zhuoyingyang/physact/sam3_robowm/identity_v1/sam_masked_expansion6/crops/Cosmos3_seed101_0010/frame_0177_rank_01.png,/shared/ssd_30T/zhuoyingyang/physact/sam3_robowm/identity_v1/sam_masked_expansion6/crops/Cosmos3_seed101_0010/frame_0177_rank_02.png,T00,T02,0,64,188,60,44,128,0,False,True,True,True,False,True,True,True,True,0.754866898059845,0.3471764624118805,0.5119297014827784,0.2492570011156787,0.2492570011156787
Cosmos3_seed101_0010,180,1,2,0.5158789753913879,0.0,0.0,False,0.489254891872406,0.434050440788269,0.9430046081542968,0.7742606997489929,0.984375,0.9765625,/shared/ssd_30T/zhuoyingyang/physact/sam3_robowm/identity_v1/sam_masked_expansion6/crops/Cosmos3_seed101_0010/frame_0180_rank_01.png,/shared/ssd_30T/zhuoyingyang/physact/sam3_robowm/identity_v1/sam_masked_expansion6/crops/Cosmos3_seed101_0010/frame_0180_rank_02.png,T00,T02,0,64,188,60,44,128,0,False,True,True,True,False,True,True,True,True,0.7742606997489929,0.434050440788269,0.57971389323621,0.2990622092628485,0.2990622092628485
Cosmos3_seed101_0010,183,1,2,0.543856680393219,0.0,0.0,False,0.4198686182498932,0.4868898689746856,0.9487905502319336,0.7398034334182739,0.984375,0.9765625,/shared/ssd_30T/zhuoyingyang/physact/sam3_robowm/identity_v1/sam_masked_expansion6/crops/Cosmos3_seed101_0010/frame_0183_rank_01.png,/shared/ssd_30T/zhuoyingyang/physact/sam3_robowm/identity_v1/sam_masked_expansion6/crops/Cosmos3_seed101_0010/frame_0183_rank_02.png,T00,T02,0,64,188,60,44,128,0,False,True,True,True,False,True,True,True,True,0.7398034334182739,0.4198686182498932,0.557333154734094,0.3031093594067646,0.3031093594067646
Cosmos3_seed101_0010,186,1,2,0.562322199344635,0.0,0.0,False,0.538415789604187,0.4241189062595367,0.9472194910049438,0.7210366725921631,0.984375,0.9765625,/shared/ssd_30T/zhuoyingyang/physact/sam3_robowm/identity_v1/sam_masked_expansion6/crops/Cosmos3_seed101_0010/frame_0186_rank_01.png,/shared/ssd_30T/zhuoyingyang/physact/sam3_robowm/identity_v1/sam_masked_expansion6/crops/Cosmos3_seed101_0010/frame_0186_rank_02.png,T00,T02,0,64,188,60,44,128,0,False,True,True,True,False,True,True,True,True,0.7210366725921631,0.4241189062595367,0.5529966409959503,0.3109622873950383,0.3109622873950383
Cosmos3_seed101_0010,188,1,2,0.517103374004364,0.0,0.0,False,0.6284610629081726,0.3765152394771576,0.9540446996688844,0.7266108393669128,0.984375,0.9765625,/shared/ssd_30T/zhuoyingyang/physact/sam3_robowm/identity_v1/sam_masked_expansion6/crops/Cosmos3_seed101_0010/frame_0188_rank_01.png,/shared/ssd_30T/zhuoyingyang/physact/sam3_robowm/identity_v1/sam_masked_expansion6/crops/Cosmos3_seed101_0010/frame_0188_rank_02.png,T00,T02,0,64,188,60,44,128,0,False,True,True,True,False,True,True,True,True,0.7266108393669128,0.3765152394771576,0.5230488067006096,0.27047030271384165,0.27047030271384165
Cosmos3_seed101_0020,45,1,2,0.3161371350288391,0.2267895484567307,1.0,True,0.7332890033721924,0.1188755333423614,0.947214126586914,0.6656653881072998,0.9765625,0.9609375,/shared/ssd_30T/zhuoyingyang/physact/sam3_robowm/identity_v1/sam_masked_expansion6/crops/Cosmos3_seed101_0020/frame_0045_rank_01.png,/shared/ssd_30T/zhuoyingyang/physact/sam3_robowm/identity_v1/sam_masked_expansion6/crops/Cosmos3_seed101_0020/frame_0045_rank_02.png,T00,T01,0,64,188,45,1,0,0,False,True,True,False,False,False,False,False,False,0.6656653881072998,0.1188755333423614,0.2813029115363104,0.08893029652836014,0.0
Cosmos3_seed101_0020,45,1,3,0.1429781019687652,0.0261417741761738,0.9888186229736255,True,0.7332890033721924,0.1022461727261543,0.947214126586914,0.6194734573364258,0.9765625,0.984375,/shared/ssd_30T/zhuoyingyang/physact/sam3_robowm/identity_v1/sam_masked_expansion6/crops/Cosmos3_seed101_0020/frame_0045_rank_01.png,/shared/ssd_30T/zhuoyingyang/physact/sam3_robowm/identity_v1/sam_masked_expansion6/crops/Cosmos3_seed101_0020/frame_0045_rank_03.png,T00,T02,0,64,188,45,1,0,0,False,True,True,False,False,False,False,False,False,0.6194734573364258,0.1022461727261543,0.2516719891408024,0.03598358332605561,0.0
Cosmos3_seed101_0020,45,2,3,0.3548488020896911,0.1152985556220902,0.9899407483423732,True,0.1188755333423614,0.1022461727261543,0.6656653881072998,0.6194734573364258,0.9609375,0.984375,/shared/ssd_30T/zhuoyingyang/physact/sam3_robowm/identity_v1/sam_masked_expansion6/crops/Cosmos3_seed101_0020/frame_0045_rank_02.png,/shared/ssd_30T/zhuoyingyang/physact/sam3_robowm/identity_v1/sam_masked_expansion6/crops/Cosmos3_seed101_0020/frame_0045_rank_03.png,T01,T02,45,1,0,45,1,0,0,True,True,False,False,False,False,False,False,False,0.6194734573364258,0.1022461727261543,0.2516719891408024,0.08930550386614348,0.0
Cosmos3_seed101_0020,54,1,2,0.2665857374668121,0.2402638212228402,1.0,True,0.762395441532135,0.1163641661405563,0.9365105628967284,0.6659348011016846,0.9765625,0.96484375,/shared/ssd_30T/zhuoyingyang/physact/sam3_robowm/identity_v1/sam_masked_expansion6/crops/Cosmos3_seed101_0020/frame_0054_rank_01.png,/shared/ssd_30T/zhuoyingyang/physact/sam3_robowm/identity_v1/sam_masked_expansion6/crops/Cosmos3_seed101_0020/frame_0054_rank_02.png,T00,T03,0,64,188,54,5,12,0,False,True,True,True,False,True,True,False,False,0.6659348011016846,0.1163641661405563,0.2783719594969557,0.07420999411257748,0.0
Cosmos3_seed101_0020,57,1,2,0.3097043037414551,0.2458711932000095,1.0,True,0.7571291327476501,0.1134975776076316,0.9405760765075684,0.6721794605255127,0.9765625,0.9609375,/shared/ssd_30T/zhuoyingyang/physact/sam3_robowm/identity_v1/sam_masked_expansion6/crops/Cosmos3_seed101_0020/frame_0057_rank_01.png,/shared/ssd_30T/zhuoyingyang/physact/sam3_robowm/identity_v1/sam_masked_expansion6/crops/Cosmos3_seed101_0020/frame_0057_rank_02.png,T00,T03,0,64,188,54,5,12,0,False,True,True,True,False,True,True,False,False,0.6721794605255127,0.1134975776076316,0.27620778498668414,0.08554273973727054,0.0
Cosmos3_seed101_0020,57,1,3,0.1807515770196914,0.0270191636783712,0.981756681918444,True,0.7571291327476501,0.1027587801218032,0.9405760765075684,0.6190899610519409,0.9765625,0.98828125,/shared/ssd_30T/zhuoyingyang/physact/sam3_robowm/identity_v1/sam_masked_expansion6/crops/Cosmos3_seed101_0020/frame_0057_rank_01.png,/shared/ssd_30T/zhuoyingyang/physact/sam3_robowm/identity_v1/sam_masked_expansion6/crops/Cosmos3_seed101_0020/frame_0057_rank_03.png,T00,T04,0,64,188,57,3,6,0,False,True,True,True,False,True,True,False,False,0.6190899610519409,0.1027587801218032,0.2522239663143693,0.04558987967348377,0.0
Cosmos3_seed101_0020,57,2,3,0.4267978966236114,0.109767318957691,0.9821174759780436,True,0.1134975776076316,0.1027587801218032,0.6721794605255127,0.6190899610519409,0.9609375,0.98828125,/shared/ssd_30T/zhuoyingyang/physact/sam3_robowm/identity_v1/sam_masked_expansion6/crops/Cosmos3_seed101_0020/frame_0057_rank_02.png,/shared/ssd_30T/zhuoyingyang/physact/sam3_robowm/identity_v1/sam_masked_expansion6/crops/Cosmos3_seed101_0020/frame_0057_rank_03.png,T03,T04,54,5,12,57,3,6,0,True,True,True,True,True,True,True,False,False,0.6190899610519409,0.1027587801218032,0.2522239663143693,0.10764865830103743,0.0
Cosmos3_seed101_0020,60,1,2,0.3455624282360077,0.2488055899345762,1.0,True,0.7604239583015442,0.1017339378595352,0.9394921064376832,0.6654305458068848,0.9765625,0.9609375,/shared/ssd_30T/zhuoyingyang/physact/sam3_robowm/identity_v1/sam_masked_expansion6/crops/Cosmos3_seed101_0020/frame_0060_rank_01.png,/shared/ssd_30T/zhuoyingyang/physact/sam3_robowm/identity_v1/sam_masked_expansion6/crops/Cosmos3_seed101_0020/frame_0060_rank_02.png,T00,T03,0,64,188,54,5,12,0,False,True,True,True,False,True,True,False,False,0.6654305458068848,0.1017339378595352,0.2601862213818291,0.08991058245425633,0.0
Cosmos3_seed101_0020,60,1,3,0.178317442536354,0.0271040486007313,0.983756280887492,True,0.7604239583015442,0.1044961661100387,0.9394921064376832,0.6149516701698303,0.9765625,0.98828125,/shared/ssd_30T/zhuoyingyang/physact/sam3_robowm/identity_v1/sam_masked_expansion6/crops/Cosmos3_seed101_0020/frame_0060_rank_01.png,/shared/ssd_30T/zhuoyingyang/physact/sam3_robowm/identity_v1/sam_masked_expansion6/crops/Cosmos3_seed101_0020/frame_0060_rank_03.png,T00,T04,0,64,188,57,3,6,0,False,True,True,True,False,True,True,False,False,0.6149516701698303,0.1044961661100387,0.25349574330886177,0.04520271264068831,0.0
Cosmos3_seed101_0020,60,2,3,0.461491048336029,0.1086705582307132,0.9827848712752708,True,0.1017339378595352,0.1044961661100387,0.6654305458068848,0.6149516701698303,0.9609375,0.98828125,/shared/ssd_30T/zhuoyingyang/physact/sam3_robowm/identity_v1/sam_masked_expansion6/crops/Cosmos3_seed101_0020/frame_0060_rank_02.png,/shared/ssd_30T/zhuoyingyang/physact/sam3_robowm/identity_v1/sam_masked_expansion6/crops/Cosmos3_seed101_0020/frame_0060_rank_03.png,T03,T04,54,5,12,57,3,6,0,True,True,True,True,True,True,True,False,False,0.6149516701698303,0.1017339378595352,0.25012287980045905,0.11542947001194041,0.0
Cosmos3_seed101_0020,63,1,2,0.3399125635623932,0.2520414469839699,1.0,True,0.757662296295166,0.1185947507619857,0.9377542734146118,0.6750695705413818,0.9765625,0.9609375,/shared/ssd_30T/zhuoyingyang/physact/sam3_robowm/identity_v1/sam_masked_expansion6/crops/Cosmos3_seed101_0020/frame_0063_rank_01.png,/shared/ssd_30T/zhuoyingyang/physact/sam3_robowm/identity_v1/sam_masked_expansion6/crops/Cosmos3_seed101_0020/frame_0063_rank_02.png,T00,T03,0,64,188,54,5,12,0,False,True,True,True,False,True,True,False,False,0.6750695705413818,0.1185947507619857,0.2829482416721403,0.09617766218224877,0.0
Cosmos3_seed101_0020,63,1,3,0.1957332491874694,0.0273977283400146,0.9887273203754772,True,0.757662296295166,0.1024567037820816,0.9377542734146118,0.618881106376648,0.9765625,0.98828125,/shared/ssd_30T/zhuoyingyang/physact/sam3_robowm/identity_v1/sam_masked_expansion6/crops/Cosmos3_seed101_0020/frame_0063_rank_01.png,/shared/ssd_30T/zhuoyingyang/physact/sam3_robowm/identity_v1/sam_masked_expansion6/crops/Cosmos3_seed101_0020/frame_0063_rank_03.png,T00,T04,0,64,188,57,3,6,0,False,True,True,True,False,True,True,False,False,0.618881106376648,0.1024567037820816,0.2518104807039595,0.04928768356764456,0.0
Cosmos3_seed101_0020,63,2,3,0.4337852001190185,0.1084967090306595,0.9878576949214748,True,0.1185947507619857,0.1024567037820816,0.6750695705413818,0.618881106376648,0.9609375,0.98828125,/shared/ssd_30T/zhuoyingyang/physact/sam3_robowm/identity_v1/sam_masked_expansion6/crops/Cosmos3_seed101_0020/frame_0063_rank_02.png,/shared/ssd_30T/zhuoyingyang/physact/sam3_robowm/identity_v1/sam_masked_expansion6/crops/Cosmos3_seed101_0020/frame_0063_rank_03.png,T03,T04,54,5,12,57,3,6,0,True,True,True,True,True,True,True,False,False,0.618881106376648,0.1024567037820816,0.2518104807039595,0.10923165976423332,0.0
Cosmos3_seed101_0020,66,1,2,0.3241924941539764,0.2544297117521505,1.0,True,0.7727444767951965,0.1016892194747924,0.9480408430099488,0.6707316637039185,0.9765625,0.9609375,/shared/ssd_30T/zhuoyingyang/physact/sam3_robowm/identity_v1/sam_masked_expansion6/crops/Cosmos3_seed101_0020/frame_0066_rank_01.png,/shared/ssd_30T/zhuoyingyang/physact/sam3_robowm/identity_v1/sam_masked_expansion6/crops/Cosmos3_seed101_0020/frame_0066_rank_02.png,T00,T03,0,64,188,54,5,12,0,False,True,True,True,False,True,True,False,False,0.6707316637039185,0.1016892194747924,0.2611631278704565,0.08466712580537715,0.0
Cosmos3_seed101_0020,84,1,2,0.2354617267847061,0.0232937681460458,0.9522922894761034,True,0.7456871867179871,0.1052027940750122,0.9109330177307128,0.6129205822944641,0.97265625,0.98828125,/shared/ssd_30T/zhuoyingyang/physact/sam3_robowm/identity_v1/sam_masked_expansion6/crops/Cosmos3_seed101_0020/frame_0084_rank_01.png,/shared/ssd_30T/zhuoyingyang/physact/sam3_robowm/identity_v1/sam_masked_expansion6/crops/Cosmos3_seed101_0020/frame_0084_rank_02.png,T00,T05,0,64,188,84,6,15,0,False,True,True,True,False,True,True,False,False,0.6129205822944641,0.1052027940750122,0.25393100992880147,0.05979103408201994,0.0
Cosmos3_seed101_0020,87,1,2,0.2155613899230957,0.0214031469285885,0.9736831262640177,True,0.7488604784011841,0.1063174456357956,0.884483277797699,0.6141825318336487,0.97265625,0.98828125,/shared/ssd_30T/zhuoyingyang/physact/sam3_robowm/identity_v1/sam_masked_expansion6/crops/Cosmos3_seed101_0020/frame_0087_rank_01.png,/shared/ssd_30T/zhuoyingyang/physact/sam3_robowm/identity_v1/sam_masked_expansion6/crops/Cosmos3_seed101_0020/frame_0087_rank_02.png,T00,T05,0,64,188,84,6,15,0,False,True,True,True,False,True,True,False,False,0.6141825318336487,0.1063174456357956,0.25553535555511536,0.05508355641795312,0.0
Cosmos3_seed101_0020,90,1,2,0.1717438250780105,0.0204058989376678,0.9773152194424304,True,0.7514563798904419,0.1052406132221221,0.8875342607498169,0.6220109462738037,0.97265625,0.984375,/shared/ssd_30T/zhuoyingyang/physact/sam3_robowm/identity_v1/sam_masked_expansion6/crops/Cosmos3_seed101_0020/frame_0090_rank_01.png,/shared/ssd_30T/zhuoyingyang/physact/sam3_robowm/identity_v1/sam_masked_expansion6/crops/Cosmos3_seed101_0020/frame_0090_rank_02.png,T00,T05,0,64,188,84,6,15,0,False,True,True,True,False,True,True,False,False,0.6220109462738037,0.1052406132221221,0.2558531090620701,0.04394119160842131,0.0
Cosmos3_seed101_0020,93,1,2,0.1679192334413528,0.0200489354404296,0.9991311067751136,True,0.6986969113349915,0.1516758501529693,0.9061012268066406,0.6295868158340454,0.97265625,0.984375,/shared/ssd_30T/zhuoyingyang/physact/sam3_robowm/identity_v1/sam_masked_expansion6/crops/Cosmos3_seed101_0020/frame_0093_rank_01.png,/shared/ssd_30T/zhuoyingyang/physact/sam3_robowm/identity_v1/sam_masked_expansion6/crops/Cosmos3_seed101_0020/frame_0093_rank_02.png,T00,T05,0,64,188,84,6,15,0,False,True,True,True,False,True,True,False,False,0.6295868158340454,0.1516758501529693,0.30901960380650567,0.051890334989538975,0.0
Cosmos3_seed101_0020,96,1,2,0.1789455115795135,0.0186111768738682,1.0,True,0.6430429220199585,0.1919862329959869,0.8763179779052734,0.6255688667297363,0.97265625,0.98046875,/shared/ssd_30T/zhuoyingyang/physact/sam3_robowm/identity_v1/sam_masked_expansion6/crops/Cosmos3_seed101_0020/frame_0096_rank_01.png,/shared/ssd_30T/zhuoyingyang/physact/sam3_robowm/identity_v1/sam_masked_expansion6/crops/Cosmos3_seed101_0020/frame_0096_rank_02.png,T00,T05,0,64,188,84,6,15,0,False,True,True,True,False,True,True,False,False,0.6255688667297363,0.1919862329959869,0.34655534940758115,0.06201452429035666,0.0
Cosmos3_seed101_0020,96,1,3,0.2549627423286438,0.0487723836255044,1.0,True,0.6430429220199585,0.1071779355406761,0.8763179779052734,0.5748634338378906,0.97265625,0.96875,/shared/ssd_30T/zhuoyingyang/physact/sam3_robowm/identity_v1/sam_masked_expansion6/crops/Cosmos3_seed101_0020/frame_0096_rank_01.png,/shared/ssd_30T/zhuoyingyang/physact/sam3_robowm/identity_v1/sam_masked_expansion6/crops/Cosmos3_seed101_0020/frame_0096_rank_03.png,T00,T06,0,64,188,96,7,21,0,False,True,True,True,False,True,True,False,False,0.5748634338378906,0.1071779355406761,0.24821900824991056,0.06328659904149346,0.0
Cosmos3_seed101_0020,96,2,3,0.712480902671814,0.3815925220463471,1.0,True,0.1919862329959869,0.1071779355406761,0.6255688667297363,0.5748634338378906,0.98046875,0.96875,/shared/ssd_30T/zhuoyingyang/physact/sam3_robowm/identity_v1/sam_masked_expansion6/crops/Cosmos3_seed101_0020/frame_0096_rank_02.png,/shared/ssd_30T/zhuoyingyang/physact/sam3_robowm/identity_v1/sam_masked_expansion6/crops/Cosmos3_seed101_0020/frame_0096_rank_03.png,T05,T06,84,6,15,96,7,21,0,True,True,True,True,True,True,True,False,False,0.5748634338378906,0.1071779355406761,0.24821900824991056,0.1768513030581987,0.0
Cosmos3_seed101_0020,99,1,2,0.3495142459869385,0.1969887042597269,0.9960198243859754,True,0.5900546908378601,0.1106502711772918,0.888922929763794,0.6995514631271362,0.97265625,0.921875,/shared/ssd_30T/zhuoyingyang/physact/sam3_robowm/identity_v1/sam_masked_expansion6/crops/Cosmos3_seed101_0020/frame_0099_rank_01.png,/shared/ssd_30T/zhuoyingyang/physact/sam3_robowm/identity_v1/sam_masked_expansion6/crops/Cosmos3_seed101_0020/frame_0099_rank_02.png,T00,T06,0,64,188,96,7,21,0,False,True,True,True,False,True,True,False,False,0.6995514631271362,0.1106502711772918,0.27821854556712944,0.09724134517347793,0.0
Cosmos3_seed101_0020,99,1,3,0.1975885480642318,0.0190706120828916,1.0,True,0.5900546908378601,0.2074939608573913,0.888922929763794,0.6284558176994324,0.97265625,0.98046875,/shared/ssd_30T/zhuoyingyang/physact/sam3_robowm/identity_v1/sam_masked_expansion6/crops/Cosmos3_seed101_0020/frame_0099_rank_01.png,/shared/ssd_30T/zhuoyingyang/physact/sam3_robowm/identity_v1/sam_masked_expansion6/crops/Cosmos3_seed101_0020/frame_0099_rank_03.png,T00,T05,0,64,188,84,6,15,0,False,True,True,True,False,True,True,False,False,0.6284558176994324,0.2074939608573913,0.3611104911773208,0.0713512976424884,0.0
Cosmos3_seed101_0020,99,2,3,0.4135087728500366,0.0963494605570405,1.0,True,0.1106502711772918,0.2074939608573913,0.6995514631271362,0.6284558176994324,0.921875,0.98046875,/shared/ssd_30T/zhuoyingyang/physact/sam3_robowm/identity_v1/sam_masked_expansion6/crops/Cosmos3_seed101_0020/frame_0099_rank_02.png,/shared/ssd_30T/zhuoyingyang/physact/sam3_robowm/identity_v1/sam_masked_expansion6/crops/Cosmos3_seed101_0020/frame_0099_rank_03.png,T06,T05,96,7,21,84,6,15,0,True,True,True,True,True,True,True,False,False,0.6284558176994324,0.1106502711772918,0.26370211726755033,0.10904313890926119,0.0
Cosmos3_seed101_0020,102,1,2,0.7057849168777466,0.4779583424228352,1.0,True,0.5600612759590149,0.1061053648591041,0.8956257104873657,0.8158514499664307,0.96875,0.95703125,/shared/ssd_30T/zhuoyingyang/physact/sam3_robowm/identity_v1/sam_masked_expansion6/crops/Cosmos3_seed101_0020/frame_0102_rank_01.png,/shared/ssd_30T/zhuoyingyang/physact/sam3_robowm/identity_v1/sam_masked_expansion6/crops/Cosmos3_seed101_0020/frame_0102_rank_02.png,T00,T07,0,64,188,102,3,6,0,False,True,True,True,False,True,True,False,False,0.8158514499664307,0.1061053648591041,0.2942213720475065,0.2076570066142059,0.0
Cosmos3_seed101_0020,102,1,3,0.4756721556186676,0.443312757626227,0.9988882164441976,True,0.5600612759590149,0.1270118802785873,0.8956257104873657,0.8141868114471436,0.96875,0.96484375,/shared/ssd_30T/zhuoyingyang/physact/sam3_robowm/identity_v1/sam_masked_expansion6/crops/Cosmos3_seed101_0020/frame_0102_rank_01.png,/shared/ssd_30T/zhuoyingyang/physact/sam3_robowm/identity_v1/sam_masked_expansion6/crops/Cosmos3_seed101_0020/frame_0102_rank_03.png,T00,T06,0,64,188,96,7,21,0,False,True,True,True,False,True,True,False,False,0.8141868114471436,0.1270118802785873,0.32157642609483883,0.15296495179667913,0.0
Cosmos3_seed101_0020,102,2,3,0.3710359036922455,0.2122255788800304,1.0,True,0.1061053648591041,0.1270118802785873,0.8158514499664307,0.8141868114471436,0.95703125,0.96484375,/shared/ssd_30T/zhuoyingyang/physact/sam3_robowm/identity_v1/sam_masked_expansion6/crops/Cosmos3_seed101_0020/frame_0102_rank_02.png,/shared/ssd_30T/zhuoyingyang/physact/sam3_robowm/identity_v1/sam_masked_expansion6/crops/Cosmos3_seed101_0020/frame_0102_rank_03.png,T07,T06,102,3,6,96,7,21,0,True,True,True,True,True,True,True,False,False,0.8141868114471436,0.1061053648591041,0.2939210586059967,0.10905526559405744,0.0
Cosmos3_seed101_0020,105,1,2,0.6980891823768616,0.4541064111074998,0.9997253790322284,True,0.4373064339160919,0.2254341542720794,0.8797457814216614,0.7926019430160522,0.96875,0.95703125,/shared/ssd_30T/zhuoyingyang/physact/sam3_robowm/identity_v1/sam_masked_expansion6/crops/Cosmos3_seed101_0020/frame_0105_rank_01.png,/shared/ssd_30T/zhuoyingyang/physact/sam3_robowm/identity_v1/sam_masked_expansion6/crops/Cosmos3_seed101_0020/frame_0105_rank_02.png,T00,T07,0,64,188,102,3,6,0,False,True,True,True,False,True,True,False,False,0.7926019430160522,0.2254341542720794,0.4227050374649332,0.29508581399047584,0.0
Cosmos3_seed101_0020,105,1,3,0.4316609501838684,0.3327566146990404,0.9900596300009624,True,0.4373064339160919,0.1005788668990135,0.8797457814216614,0.7891687750816345,0.96875,0.9140625,/shared/ssd_30T/zhuoyingyang/physact/sam3_robowm/identity_v1/sam_masked_expansion6/crops/Cosmos3_seed101_0020/frame_0105_rank_01.png,/shared/ssd_30T/zhuoyingyang/physact/sam3_robowm/identity_v1/sam_masked_expansion6/crops/Cosmos3_seed101_0020/frame_0105_rank_03.png,T00,T06,0,64,188,96,7,21,0,False,True,True,True,False,True,True,False,False,0.7891687750816345,0.1005788668990135,0.2817333867148039,0.12161330140783151,0.0
Cosmos3_seed101_0020,105,2,3,0.3686384558677673,0.1531968435805812,1.0,True,0.2254341542720794,0.1005788668990135,0.7926019430160522,0.7891687750816345,0.95703125,0.9140625,/shared/ssd_30T/zhuoyingyang/physact/sam3_robowm/identity_v1/sam_masked_expansion6/crops/Cosmos3_seed101_0020/frame_0105_rank_02.png,/shared/ssd_30T/zhuoyingyang/physact/sam3_robowm/identity_v1/sam_masked_expansion6/crops/Cosmos3_seed101_0020/frame_0105_rank_03.png,T07,T06,102,3,6,96,7,21,0,True,True,True,True,True,True,True,False,False,0.7891687750816345,0.1005788668990135,0.2817333867148039,0.10385776064494186,0.0
Cosmos3_seed101_0020,108,1,2,0.4356967508792877,0.3912384600233129,1.0,True,0.5275864601135254,0.1107373088598251,0.8756919503211975,0.8095439076423645,0.96875,0.96484375,/shared/ssd_30T/zhuoyingyang/physact/sam3_robowm/identity_v1/sam_masked_expansion6/crops/Cosmos3_seed101_0020/frame_0108_rank_01.png,/shared/ssd_30T/zhuoyingyang/physact/sam3_robowm/identity_v1/sam_masked_expansion6/crops/Cosmos3_seed101_0020/frame_0108_rank_02.png,T00,T06,0,64,188,96,7,21,0,False,True,True,True,False,True,True,False,False,0.8095439076423645,0.1107373088598251,0.29941061059385027,0.1304522302145242,0.0
Cosmos3_seed101_0020,108,1,3,0.6224339008331299,0.4464118274681413,1.0,True,0.5275864601135254,0.1086196899414062,0.8756919503211975,0.7779936790466309,0.96875,0.953125,/shared/ssd_30T/zhuoyingyang/physact/sam3_robowm/identity_v1/sam_masked_expansion6/crops/Cosmos3_seed101_0020/frame_0108_rank_01.png,/shared/ssd_30T/zhuoyingyang/physact/sam3_robowm/identity_v1/sam_masked_expansion6/crops/Cosmos3_seed101_0020/frame_0108_rank_03.png,T00,T07,0,64,188,102,3,6,0,False,True,True,True,False,True,True,False,False,0.7779936790466309,0.1086196899414062,0.29069818058326224,0.18094040250553353,0.0
Cosmos3_seed101_0020,108,2,3,0.3469937443733215,0.1746534759148285,1.0,True,0.1107373088598251,0.1086196899414062,0.8095439076423645,0.7779936790466309,0.96484375,0.953125,/shared/ssd_30T/zhuoyingyang/physact/sam3_robowm/identity_v1/sam_masked_expansion6/crops/Cosmos3_seed101_0020/frame_0108_rank_02.png,/shared/ssd_30T/zhuoyingyang/physact/sam3_robowm/identity_v1/sam_masked_expansion6/crops/Cosmos3_seed101_0020/frame_0108_rank_03.png,T06,T07,96,7,21,102,3,6,0,True,True,True,True,True,True,True,False,False,0.7779936790466309,0.1086196899414062,0.29069818058326224,0.10087045016309815,0.0
Cosmos3_seed101_0020,111,1,2,0.4294116199016571,0.4902429568556349,1.0,True,0.4346906542778015,0.1014723926782608,0.852875828742981,0.8240947127342224,0.96875,0.9609375,/shared/ssd_30T/zhuoyingyang/physact/sam3_robowm/identity_v1/sam_masked_expansion6/crops/Cosmos3_seed101_0020/frame_0111_rank_01.png,/shared/ssd_30T/zhuoyingyang/physact/sam3_robowm/identity_v1/sam_masked_expansion6/crops/Cosmos3_seed101_0020/frame_0111_rank_02.png,T00,T06,0,64,188,96,7,21,0,False,True,True,True,False,True,True,False,False,0.8240947127342224,0.1014723926782608,0.28917617864313366,0.12417561130811901,0.0
Cosmos3_seed101_0020,111,1,3,0.235215425491333,0.0350417944224368,0.9947089333790804,True,0.4346906542778015,0.1936117708683014,0.852875828742981,0.6303796768188477,0.96875,0.9453125,/shared/ssd_30T/zhuoyingyang/physact/sam3_robowm/identity_v1/sam_masked_expansion6/crops/Cosmos3_seed101_0020/frame_0111_rank_01.png,/shared/ssd_30T/zhuoyingyang/physact/sam3_robowm/identity_v1/sam_masked_expansion6/crops/Cosmos3_seed101_0020/frame_0111_rank_03.png,T00,T08,0,64,188,111,9,27,0,False,True,True,True,False,True,True,False,False,0.6303796768188477,0.1936117708683014,0.3493550136298098,0.08217368817846615,0.0
Cosmos3_seed101_0020,111,2,3,0.252840518951416,0.0716564579297357,0.9972011619913226,True,0.1014723926782608,0.1936117708683014,0.8240947127342224,0.6303796768188477,0.9609375,0.9453125,/shared/ssd_30T/zhuoyingyang/physact/sam3_robowm/identity_v1/sam_masked_expansion6/crops/Cosmos3_seed101_0020/frame_0111_rank_02.png,/shared/ssd_30T/zhuoyingyang/physact/sam3_robowm/identity_v1/sam_masked_expansion6/crops/Cosmos3_seed101_0020/frame_0111_rank_03.png,T06,T08,96,7,21,111,9,27,0,True,True,True,True,True,True,True,False,False,0.6303796768188477,0.1014723926782608,0.2529152705997747,0.06394722826918485,0.0
Cosmos3_seed101_0020,114,1,2,0.2203024178743362,0.0161032139966357,1.0,True,0.6574190855026245,0.1871153563261032,0.8596860766410828,0.6279540061950684,0.96875,0.98046875,/shared/ssd_30T/zhuoyingyang/physact/sam3_robowm/identity_v1/sam_masked_expansion6/crops/Cosmos3_seed101_0020/frame_0114_rank_01.png,/shared/ssd_30T/zhuoyingyang/physact/sam3_robowm/identity_v1/sam_masked_expansion6/crops/Cosmos3_seed101_0020/frame_0114_rank_02.png,T00,T09,0,64,188,114,1,0,0,False,True,True,False,False,False,False,False,False,0.6279540061950684,0.1871153563261032,0.3427824931725572,0.07551581205090749,0.0
Cosmos3_seed101_0020,114,1,3,0.2827896475791931,0.0437086309524933,1.0,True,0.6574190855026245,0.1203014031052589,0.8596860766410828,0.6193341016769409,0.96875,0.9453125,/shared/ssd_30T/zhuoyingyang/physact/sam3_robowm/identity_v1/sam_masked_expansion6/crops/Cosmos3_seed101_0020/frame_0114_rank_01.png,/shared/ssd_30T/zhuoyingyang/physact/sam3_robowm/identity_v1/sam_masked_expansion6/crops/Cosmos3_seed101_0020/frame_0114_rank_03.png,T00,T08,0,64,188,111,9,27,0,False,True,True,True,False,True,True,False,False,0.6193341016769409,0.1203014031052589,0.2729592669661008,0.07719005490881853,0.0
Cosmos3_seed101_0020,114,2,3,0.660650372505188,0.3684218344458841,1.0,True,0.1871153563261032,0.1203014031052589,0.6279540061950684,0.6193341016769409,0.98046875,0.9453125,/shared/ssd_30T/zhuoyingyang/physact/sam3_robowm/identity_v1/sam_masked_expansion6/crops/Cosmos3_seed101_0020/frame_0114_rank_02.png,/shared/ssd_30T/zhuoyingyang/physact/sam3_robowm/identity_v1/sam_masked_expansion6/crops/Cosmos3_seed101_0020/frame_0114_rank_03.png,T09,T08,114,1,0,111,9,27,0,True,True,False,True,False,True,True,False,False,0.6193341016769409,0.1203014031052589,0.2729592669661008,0.18033064139989755,0.0
Cosmos3_seed101_0020,117,1,2,0.4524464011192322,0.4818636448151869,0.9963766448074216,True,0.6011683344841003,0.1111089438199997,0.8465359210968018,0.8309909701347351,0.96875,0.9609375,/shared/ssd_30T/zhuoyingyang/physact/sam3_robowm/identity_v1/sam_masked_expansion6/crops/Cosmos3_seed101_0020/frame_0117_rank_01.png,/shared/ssd_30T/zhuoyingyang/physact/sam3_robowm/identity_v1/sam_masked_expansion6/crops/Cosmos3_seed101_0020/frame_0117_rank_02.png,T00,T06,0,64,188,96,7,21,0,False,True,True,True,False,True,True,False,False,0.8309909701347351,0.1111089438199997,0.3038593902047908,0.13748008754444208,0.0
Cosmos3_seed101_0020,117,1,3,0.4094467163085937,0.1958003094773845,0.9985491754994402,True,0.6011683344841003,0.1217303946614265,0.8465359210968018,0.7266496419906616,0.96875,0.84765625,/shared/ssd_30T/zhuoyingyang/physact/sam3_robowm/identity_v1/sam_masked_expansion6/crops/Cosmos3_seed101_0020/frame_0117_rank_01.png,/shared/ssd_30T/zhuoyingyang/physact/sam3_robowm/identity_v1/sam_masked_expansion6/crops/Cosmos3_seed101_0020/frame_0117_rank_03.png,T00,T08,0,64,188,111,9,27,0,False,True,True,True,False,True,True,False,False,0.7266496419906616,0.1217303946614265,0.29741443761207614,0.12177536486303168,0.0
Cosmos3_seed101_0020,117,2,3,0.7156913876533508,0.4048602834030517,1.0,True,0.1111089438199997,0.1217303946614265,0.8309909701347351,0.7266496419906616,0.9609375,0.84765625,/shared/ssd_30T/zhuoyingyang/physact/sam3_robowm/identity_v1/sam_masked_expansion6/crops/Cosmos3_seed101_0020/frame_0117_rank_02.png,/shared/ssd_30T/zhuoyingyang/physact/sam3_robowm/identity_v1/sam_masked_expansion6/crops/Cosmos3_seed101_0020/frame_0117_rank_03.png,T06,T08,96,7,21,111,9,27,0,True,True,True,True,True,True,True,False,False,0.7266496419906616,0.1111089438199997,0.28414305243796356,0.20335873549138497,0.0
Cosmos3_seed101_0020,120,1,2,0.376162976026535,0.0,0.0,False,0.5823046565055847,0.1054091453552246,0.8692656755447388,0.6502785682678223,0.96875,0.91796875,/shared/ssd_30T/zhuoyingyang/physact/sam3_robowm/identity_v1/sam_masked_expansion6/crops/Cosmos3_seed101_0020/frame_0120_rank_01.png,/shared/ssd_30T/zhuoyingyang/physact/sam3_robowm/identity_v1/sam_masked_expansion6/crops/Cosmos3_seed101_0020/frame_0120_rank_02.png,T00,T10,0,64,188,120,23,68,0,False,True,True,True,False,True,True,True,True,0.6502785682678223,0.1054091453552246,0.2618115889794228,0.09848382646873564,0.09848382646873564
Cosmos3_seed101_0020,120,1,3,0.2825730443000793,0.0,0.0,False,0.5823046565055847,0.1056781485676765,0.8692656755447388,0.6291819214820862,0.96875,0.95703125,/shared/ssd_30T/zhuoyingyang/physact/sam3_robowm/identity_v1/sam_masked_expansion6/crops/Cosmos3_seed101_0020/frame_0120_rank_01.png,/shared/ssd_30T/zhuoyingyang/physact/sam3_robowm/identity_v1/sam_masked_expansion6/crops/Cosmos3_seed101_0020/frame_0120_rank_03.png,T00,T08,0,64,188,111,9,27,0,False,True,True,True,False,True,True,True,True,0.6291819214820862,0.1056781485676765,0.25785806284558965,0.07286373781559943,0.07286373781559943
Cosmos3_seed101_0020,120,2,3,0.2917602360248565,0.0,0.0,False,0.1054091453552246,0.1056781485676765,0.6502785682678223,0.6291819214820862,0.91796875,0.95703125,/shared/ssd_30T/zhuoyingyang/physact/sam3_robowm/identity_v1/sam_masked_expansion6/crops/Cosmos3_seed101_0020/frame_0120_rank_02.png,/shared/ssd_30T/zhuoyingyang/physact/sam3_robowm/identity_v1/sam_masked_expansion6/crops/Cosmos3_seed101_0020/frame_0120_rank_03.png,T10,T08,120,23,68,111,9,27,0,True,True,True,True,True,True,True,True,True,0.6291819214820862,0.1054091453552246,0.257529665507461,0.07513691599185916,0.07513691599185916
Cosmos3_seed101_0020,123,1,2,0.1878031343221664,0.016053881054022,1.0,True,0.7396268248558044,0.1156341210007667,0.8974741697311401,0.6172463893890381,0.97265625,0.984375,/shared/ssd_30T/zhuoyingyang/physact/sam3_robowm/identity_v1/sam_masked_expansion6/crops/Cosmos3_seed101_0020/frame_0123_rank_01.png,/shared/ssd_30T/zhuoyingyang/physact/sam3_robowm/identity_v1/sam_masked_expansion6/crops/Cosmos3_seed101_0020/frame_0123_rank_02.png,T00,T11,0,64,188,123,1,0,0,False,True,True,False,False,False,False,False,False,0.6172463893890381,0.1156341210007667,0.26716052043275107,0.05017358310441183,0.0
Cosmos3_seed101_0020,126,1,2,0.5772961378097534,0.4795947820520654,1.0,True,0.6520406007766724,0.1735933423042297,0.78086256980896,0.7536066770553589,0.96875,0.94921875,/shared/ssd_30T/zhuoyingyang/physact/sam3_robowm/identity_v1/sam_masked_expansion6/crops/Cosmos3_seed101_0020/frame_0126_rank_01.png,/shared/ssd_30T/zhuoyingyang/physact/sam3_robowm/identity_v1/sam_masked_expansion6/crops/Cosmos3_seed101_0020/frame_0126_rank_02.png,T00,T08,0,64,188,111,9,27,0,False,True,True,True,False,True,True,False,False,0.7536066770553589,0.1735933423042297,0.3616919986021587,0.20880339386971697,0.0
Cosmos3_seed101_0020,126,1,3,0.69575035572052,0.2902779263686211,1.0,True,0.6520406007766724,0.1903165429830551,0.78086256980896,0.7386959791183472,0.96875,0.94921875,/shared/ssd_30T/zhuoyingyang/physact/sam3_robowm/identity_v1/sam_masked_expansion6/crops/Cosmos3_seed101_0020/frame_0126_rank_01.png,/shared/ssd_30T/zhuoyingyang/physact/sam3_robowm/identity_v1/sam_masked_expansion6/crops/Cosmos3_seed101_0020/frame_0126_rank_03.png,T00,T10,0,64,188,120,23,68,0,False,True,True,True,False,True,True,False,False,0.7386959791183472,0.1903165429830551,0.37494808315457073,0.2608702622315197,0.0
Cosmos3_seed101_0020,126,2,3,0.5926842093467712,0.031547727709041,0.0811117309357339,False,0.1735933423042297,0.1903165429830551,0.7536066770553589,0.7386959791183472,0.94921875,0.94921875,/shared/ssd_30T/zhuoyingyang/physact/sam3_robowm/identity_v1/sam_masked_expansion6/crops/Cosmos3_seed101_0020/frame_0126_rank_02.png,/shared/ssd_30T/zhuoyingyang/physact/sam3_robowm/identity_v1/sam_masked_expansion6/crops/Cosmos3_seed101_0020/frame_0126_rank_03.png,T08,T10,111,9,27,120,23,68,0,True,True,True,True,True,True,True,True,True,0.7386959791183472,0.1735933423042297,0.3580959423979129,0.21223781049039395,0.21223781049039395
Cosmos3_seed101_0020,129,1,2,0.7538161277770996,0.3002978063619811,1.0,True,0.374165415763855,0.1792137622833252,0.792253851890564,0.763231098651886,0.96484375,0.953125,/shared/ssd_30T/zhuoyingyang/physact/sam3_robowm/identity_v1/sam_masked_expansion6/crops/Cosmos3_seed101_0020/frame_0129_rank_01.png,/shared/ssd_30T/zhuoyingyang/physact/sam3_robowm/identity_v1/sam_masked_expansion6/crops/Cosmos3_seed101_0020/frame_0129_rank_02.png,T00,T10,0,64,188,120,23,68,0,False,True,True,True,False,True,True,False,False,0.763231098651886,0.1792137622833252,0.3698398527485109,0.2787912456965352,0.0
Cosmos3_seed101_0020,129,1,3,0.7474905848503113,0.4896263503691226,1.0,True,0.374165415763855,0.1669801026582718,0.792253851890564,0.6850258111953735,0.96484375,0.9609375,/shared/ssd_30T/zhuoyingyang/physact/sam3_robowm/identity_v1/sam_masked_expansion6/crops/Cosmos3_seed101_0020/frame_0129_rank_01.png,/shared/ssd_30T/zhuoyingyang/physact/sam3_robowm/identity_v1/sam_masked_expansion6/crops/Cosmos3_seed101_0020/frame_0129_rank_03.png,T00,T08,0,64,188,111,9,27,0,False,True,True,True,False,True,True,False,False,0.6850258111953735,0.1669801026582718,0.3382095212689456,0.25280843285526794,0.0
Cosmos3_seed101_0020,129,2,3,0.6957749128341675,0.0475729819598607,0.1194563721229866,False,0.1792137622833252,0.1669801026582718,0.763231098651886,0.6850258111953735,0.953125,0.9609375,/shared/ssd_30T/zhuoyingyang/physact/sam3_robowm/identity_v1/sam_masked_expansion6/crops/Cosmos3_seed101_0020/frame_0129_rank_02.png,/shared/ssd_30T/zhuoyingyang/physact/sam3_robowm/identity_v1/sam_masked_expansion6/crops/Cosmos3_seed101_0020/frame_0129_rank_03.png,T10,T08,120,23,68,111,9,27,0,True,True,True,True,True,True,True,True,True,0.6850258111953735,0.1669801026582718,0.3382095212689456,0.23531770018058615,0.23531770018058615
Cosmos3_seed101_0020,132,1,2,0.755912184715271,0.3417182040717954,1.0,True,0.4865565598011017,0.3580467402935028,0.841513991355896,0.8381047248840332,0.96484375,0.9609375,/shared/ssd_30T/zhuoyingyang/physact/sam3_robowm/identity_v1/sam_masked_expansion6/crops/Cosmos3_seed101_0020/frame_0132_rank_01.png,/shared/ssd_30T/zhuoyingyang/physact/sam3_robowm/identity_v1/sam_masked_expansion6/crops/Cosmos3_seed101_0020/frame_0132_rank_02.png,T00,T10,0,64,188,120,23,68,0,False,True,True,True,False,True,True,False,False,0.8381047248840332,0.3580467402935028,0.5477961890788499,0.41408581406529305,0.0
Cosmos3_seed101_0020,132,1,3,0.7350987195968628,0.3622953718484515,1.0,True,0.4865565598011017,0.3687757551670074,0.841513991355896,0.7367955446243286,0.96484375,0.9609375,/shared/ssd_30T/zhuoyingyang/physact/sam3_robowm/identity_v1/sam_masked_expansion6/crops/Cosmos3_seed101_0020/frame_0132_rank_01.png,/shared/ssd_30T/zhuoyingyang/physact/sam3_robowm/identity_v1/sam_masked_expansion6/crops/Cosmos3_seed101_0020/frame_0132_rank_03.png,T00,T08,0,64,188,111,9,27,0,False,True,True,True,False,True,True,False,False,0.7367955446243286,0.3687757551670074,0.5212603316698128,0.3831778023871154,0.0
Cosmos3_seed101_0020,132,2,3,0.7103069424629211,0.0236097661790358,0.0475193163578783,False,0.3580467402935028,0.3687757551670074,0.8381047248840332,0.7367955446243286,0.9609375,0.9609375,/shared/ssd_30T/zhuoyingyang/physact/sam3_robowm/identity_v1/sam_masked_expansion6/crops/Cosmos3_seed101_0020/frame_0132_rank_02.png,/shared/ssd_30T/zhuoyingyang/physact/sam3_robowm/identity_v1/sam_masked_expansion6/crops/Cosmos3_seed101_0020/frame_0132_rank_03.png,T10,T08,120,23,68,111,9,27,0,True,True,True,True,True,True,True,True,True,0.7367955446243286,0.3580467402935028,0.5136216925087149,0.36482905398849597,0.36482905398849597
Cosmos3_seed101_0020,135,1,2,0.7727503776550293,0.307992315871705,1.0,True,0.4076553881168365,0.4543643295764923,0.908892035484314,0.8493499755859375,0.96875,0.97265625,/shared/ssd_30T/zhuoyingyang/physact/sam3_robowm/identity_v1/sam_masked_expansion6/crops/Cosmos3_seed101_0020/frame_0135_rank_01.png,/shared/ssd_30T/zhuoyingyang/physact/sam3_robowm/identity_v1/sam_masked_expansion6/crops/Cosmos3_seed101_0020/frame_0135_rank_02.png,T10,T00,120,23,68,0,64,188,0,True,False,True,True,True,False,True,False,False,0.8493499755859375,0.4076553881168365,0.58842339683642,0.45470440212639873,0.0
Cosmos3_seed101_0020,135,1,3,0.6297507286071777,0.0050275502561353,0.0104775863213929,False,0.4076553881168365,0.3950715661048889,0.908892035484314,0.8422006368637085,0.96875,0.96875,/shared/ssd_30T/zhuoyingyang/physact/sam3_robowm/identity_v1/sam_masked_expansion6/crops/Cosmos3_seed101_0020/frame_0135_rank_01.png,/shared/ssd_30T/zhuoyingyang/physact/sam3_robowm/identity_v1/sam_masked_expansion6/crops/Cosmos3_seed101_0020/frame_0135_rank_03.png,T10,T08,120,23,68,111,9,27,0,True,True,True,True,True,True,True,True,True,0.8422006368637085,0.3950715661048889,0.5768271184508234,0.3632572981247848,0.3632572981247848
Cosmos3_seed101_0020,135,2,3,0.8468973636627197,0.336285557981997,0.9981893312557324,True,0.4543643295764923,0.3950715661048889,0.8493499755859375,0.8422006368637085,0.97265625,0.96875,/shared/ssd_30T/zhuoyingyang/physact/sam3_robowm/identity_v1/sam_masked_expansion6/crops/Cosmos3_seed101_0020/frame_0135_rank_02.png,/shared/ssd_30T/zhuoyingyang/physact/sam3_robowm/identity_v1/sam_masked_expansion6/crops/Cosmos3_seed101_0020/frame_0135_rank_03.png,T00,T08,0,64,188,111,9,27,0,False,True,True,True,False,True,True,False,False,0.8422006368637085,0.3950715661048889,0.5768271184508234,0.48851336590516564,0.0
Cosmos3_seed101_0020,138,1,2,0.7906051278114319,0.3039278158722311,0.9998045685751586,True,0.6113098859786987,0.2472881078720092,0.9135206937789916,0.8845466375350952,0.97265625,0.97265625,/shared/ssd_30T/zhuoyingyang/physact/sam3_robowm/identity_v1/sam_masked_expansion6/crops/Cosmos3_seed101_0020/frame_0138_rank_01.png,/shared/ssd_30T/zhuoyingyang/physact/sam3_robowm/identity_v1/sam_masked_expansion6/crops/Cosmos3_seed101_0020/frame_0138_rank_02.png,T10,T00,120,23,68,0,64,188,0,True,False,True,True,True,False,True,False,False,0.8845466375350952,0.2472881078720092,0.4676941995798127,0.3697614324354631,0.0
Cosmos3_seed101_0020,138,1,3,0.58086758852005,0.0,0.0,False,0.6113098859786987,0.5719854831695557,0.9135206937789916,0.88141268491745,0.97265625,0.97265625,/shared/ssd_30T/zhuoyingyang/physact/sam3_robowm/identity_v1/sam_masked_expansion6/crops/Cosmos3_seed101_0020/frame_0138_rank_01.png,/shared/ssd_30T/zhuoyingyang/physact/sam3_robowm/identity_v1/sam_masked_expansion6/crops/Cosmos3_seed101_0020/frame_0138_rank_03.png,T10,T08,120,23,68,111,9,27,0,True,True,True,True,True,True,True,True,True,0.88141268491745,0.5719854831695557,0.7100389147464263,0.4124385921641501,0.4124385921641501
Cosmos3_seed101_0020,138,2,3,0.8117466568946838,0.3281411348763941,0.9990916504177586,True,0.2472881078720092,0.5719854831695557,0.8845466375350952,0.88141268491745,0.97265625,0.97265625,/shared/ssd_30T/zhuoyingyang/physact/sam3_robowm/identity_v1/sam_masked_expansion6/crops/Cosmos3_seed101_0020/frame_0138_rank_02.png,/shared/ssd_30T/zhuoyingyang/physact/sam3_robowm/identity_v1/sam_masked_expansion6/crops/Cosmos3_seed101_0020/frame_0138_rank_03.png,T00,T08,0,64,188,111,9,27,0,False,True,True,True,False,True,True,False,False,0.88141268491745,0.2472881078720092,0.46686494311269894,0.3789760567930601,0.0
Cosmos3_seed101_0020,141,1,2,0.7170673608779907,0.0,0.0,False,0.7018239498138428,0.6769419312477112,0.9225553870201112,0.8763754367828369,0.97265625,0.97265625,/shared/ssd_30T/zhuoyingyang/physact/sam3_robowm/identity_v1/sam_masked_expansion6/crops/Cosmos3_seed101_0020/frame_0141_rank_01.png,/shared/ssd_30T/zhuoyingyang/physact/sam3_robowm/identity_v1/sam_masked_expansion6/crops/Cosmos3_seed101_0020/frame_0141_rank_02.png,T10,T00,120,23,68,0,64,188,0,True,False,True,True,True,False,True,True,True,0.8763754367828369,0.6769419312477112,0.7702306671860255,0.5523072717863773,0.5523072717863773
Cosmos3_seed101_0020,144,1,2,0.691625714302063,0.0,0.0,False,0.6869329214096069,0.7028675079345703,0.9043131470680236,0.9020869135856628,0.97265625,0.9765625,/shared/ssd_30T/zhuoyingyang/physact/sam3_robowm/identity_v1/sam_masked_expansion6/crops/Cosmos3_seed101_0020/frame_0144_rank_01.png,/shared/ssd_30T/zhuoyingyang/physact/sam3_robowm/identity_v1/sam_masked_expansion6/crops/Cosmos3_seed101_0020/frame_0144_rank_02.png,T10,T00,120,23,68,0,64,188,0,True,False,True,True,True,False,True,True,True,0.9020869135856628,0.6869329214096069,0.7871932411516088,0.5444430877052375,0.5444430877052375
Cosmos3_seed101_0020,147,1,2,0.6017786264419556,0.0,0.0,False,0.6751928329467773,0.7056401968002319,0.916271448135376,0.9034202694892884,0.97265625,0.9765625,/shared/ssd_30T/zhuoyingyang/physact/sam3_robowm/identity_v1/sam_masked_expansion6/crops/Cosmos3_seed101_0020/frame_0147_rank_01.png,/shared/ssd_30T/zhuoyingyang/physact/sam3_robowm/identity_v1/sam_masked_expansion6/crops/Cosmos3_seed101_0020/frame_0147_rank_02.png,T10,T00,120,23,68,0,64,188,0,True,False,True,True,True,False,True,True,True,0.9034202694892884,0.6751928329467773,0.7810140146617177,0.4699975409750458,0.4699975409750458
Cosmos3_seed101_0020,150,1,2,0.4355977773666382,0.0,0.0,False,0.6819177269935608,0.7177008986473083,0.922352969646454,0.8875661492347717,0.97265625,0.9765625,/shared/ssd_30T/zhuoyingyang/physact/sam3_robowm/identity_v1/sam_masked_expansion6/crops/Cosmos3_seed101_0020/frame_0150_rank_01.png,/shared/ssd_30T/zhuoyingyang/physact/sam3_robowm/identity_v1/sam_masked_expansion6/crops/Cosmos3_seed101_0020/frame_0150_rank_02.png,T10,T00,120,23,68,0,64,188,0,True,False,True,True,True,False,True,True,True,0.8875661492347717,0.6819177269935608,0.7779762792287456,0.33888473807600866,0.33888473807600866
Cosmos3_seed101_0020,153,1,2,0.4298557043075561,0.0,0.0,False,0.6695250868797302,0.6811231374740601,0.9233531951904296,0.9106000065803528,0.97265625,0.98046875,/shared/ssd_30T/zhuoyingyang/physact/sam3_robowm/identity_v1/sam_masked_expansion6/crops/Cosmos3_seed101_0020/frame_0153_rank_01.png,/shared/ssd_30T/zhuoyingyang/physact/sam3_robowm/identity_v1/sam_masked_expansion6/crops/Cosmos3_seed101_0020/frame_0153_rank_02.png,T10,T00,120,23,68,0,64,188,0,True,False,True,True,True,False,True,True,True,0.9106000065803528,0.6695250868797302,0.7808133890491336,0.3356370892824851,0.3356370892824851
Cosmos3_seed101_0020,156,1,2,0.4762352108955383,0.0,0.0,False,0.6559144258499146,0.6781014204025269,0.9177496433258056,0.8940035104751587,0.97265625,0.9765625,/shared/ssd_30T/zhuoyingyang/physact/sam3_robowm/identity_v1/sam_masked_expansion6/crops/Cosmos3_seed101_0020/frame_0156_rank_01.png,/shared/ssd_30T/zhuoyingyang/physact/sam3_robowm/identity_v1/sam_masked_expansion6/crops/Cosmos3_seed101_0020/frame_0156_rank_02.png,T10,T00,120,23,68,0,64,188,0,True,False,True,True,True,False,True,True,True,0.8940035104751587,0.6559144258499146,0.765760928280571,0.3646823171752609,0.3646823171752609
Cosmos3_seed101_0020,156,1,3,0.611079216003418,0.1912464479693081,1.0,True,0.6559144258499146,0.1405311822891235,0.9177496433258056,0.8550606966018677,0.97265625,0.97265625,/shared/ssd_30T/zhuoyingyang/physact/sam3_robowm/identity_v1/sam_masked_expansion6/crops/Cosmos3_seed101_0020/frame_0156_rank_01.png,/shared/ssd_30T/zhuoyingyang/physact/sam3_robowm/identity_v1/sam_masked_expansion6/crops/Cosmos3_seed101_0020/frame_0156_rank_03.png,T10,T12,120,23,68,156,11,32,0,True,True,True,True,True,True,True,False,False,0.8550606966018677,0.1405311822891235,0.3466449056634498,0.2118274971843997,0.0
Cosmos3_seed101_0020,156,2,3,0.792239248752594,0.4381385309732202,0.9991617704979828,True,0.6781014204025269,0.1405311822891235,0.8940035104751587,0.8550606966018677,0.9765625,0.97265625,/shared/ssd_30T/zhuoyingyang/physact/sam3_robowm/identity_v1/sam_masked_expansion6/crops/Cosmos3_seed101_0020/frame_0156_rank_02.png,/shared/ssd_30T/zhuoyingyang/physact/sam3_robowm/identity_v1/sam_masked_expansion6/crops/Cosmos3_seed101_0020/frame_0156_rank_03.png,T00,T12,0,64,188,156,11,32,0,False,True,True,True,False,True,True,False,False,0.8550606966018677,0.1405311822891235,0.3466449056634498,0.2746256996467253,0.0
Cosmos3_seed101_0020,159,1,2,0.5203850865364075,0.0,0.0,False,0.6486518383026123,0.6538090109825134,0.9239861965179444,0.8984569311141968,0.96875,0.9765625,/shared/ssd_30T/zhuoyingyang/physact/sam3_robowm/identity_v1/sam_masked_expansion6/crops/Cosmos3_seed101_0020/frame_0159_rank_01.png,/shared/ssd_30T/zhuoyingyang/physact/sam3_robowm/identity_v1/sam_masked_expansion6/crops/Cosmos3_seed101_0020/frame_0159_rank_02.png,T10,T00,120,23,68,0,64,188,0,True,False,True,True,True,False,True,True,True,0.8984569311141968,0.6486518383026123,0.7634040476726248,0.3972640814103626,0.3972640814103626
Cosmos3_seed101_0020,159,1,3,0.6299752593040466,0.1805396749350883,1.0,True,0.6486518383026123,0.1650804728269577,0.9239861965179444,0.8589173555374146,0.96875,0.9765625,/shared/ssd_30T/zhuoyingyang/physact/sam3_robowm/identity_v1/sam_masked_expansion6/crops/Cosmos3_seed101_0020/frame_0159_rank_01.png,/shared/ssd_30T/zhuoyingyang/physact/sam3_robowm/identity_v1/sam_masked_expansion6/crops/Cosmos3_seed101_0020/frame_0159_rank_03.png,T10,T12,120,23,68,156,11,32,0,True,True,True,True,True,True,True,False,False,0.8589173555374146,0.1650804728269577,0.3765507710407675,0.2372176696275462,0.0
Cosmos3_seed101_0020,159,2,3,0.7896397709846497,0.3977582384247991,0.9989896449659404,True,0.6538090109825134,0.1650804728269577,0.8984569311141968,0.8589173555374146,0.9765625,0.9765625,/shared/ssd_30T/zhuoyingyang/physact/sam3_robowm/identity_v1/sam_masked_expansion6/crops/Cosmos3_seed101_0020/frame_0159_rank_02.png,/shared/ssd_30T/zhuoyingyang/physact/sam3_robowm/identity_v1/sam_masked_expansion6/crops/Cosmos3_seed101_0020/frame_0159_rank_03.png,T00,T12,0,64,188,156,11,32,0,False,True,True,True,False,True,True,False,False,0.8589173555374146,0.1650804728269577,0.3765507710407675,0.2973394646087249,0.0
Cosmos3_seed101_0020,162,1,2,0.4932802319526672,0.0,0.0,False,0.6674121022224426,0.6990194320678711,0.9177637696266174,0.9090591073036194,0.97265625,0.9765625,/shared/ssd_30T/zhuoyingyang/physact/sam3_robowm/identity_v1/sam_masked_expansion6/crops/Cosmos3_seed101_0020/frame_0162_rank_01.png,/shared/ssd_30T/zhuoyingyang/physact/sam3_robowm/identity_v1/sam_masked_expansion6/crops/Cosmos3_seed101_0020/frame_0162_rank_02.png,T10,T00,120,23,68,0,64,188,0,True,False,True,True,True,False,True,True,True,0.9090591073036194,0.6674121022224426,0.7789204387162822,0.384226054682641,0.384226054682641
Cosmos3_seed101_0020,162,1,3,0.7157455086708069,0.1733843575893223,1.0,True,0.6674121022224426,0.1263731867074966,0.9177637696266174,0.8534521460533142,0.97265625,0.9765625,/shared/ssd_30T/zhuoyingyang/physact/sam3_robowm/identity_v1/sam_masked_expansion6/crops/Cosmos3_seed101_0020/frame_0162_rank_01.png,/shared/ssd_30T/zhuoyingyang/physact/sam3_robowm/identity_v1/sam_masked_expansion6/crops/Cosmos3_seed101_0020/frame_0162_rank_03.png,T10,T12,120,23,68,156,11,32,0,True,True,True,True,True,True,True,False,False,0.8534521460533142,0.1263731867074966,0.32841051657812226,0.23505835224105057,0.0
Cosmos3_seed101_0020,162,2,3,0.7965024709701538,0.3668433514241034,1.0,True,0.6990194320678711,0.1263731867074966,0.9090591073036194,0.8534521460533142,0.9765625,0.9765625,/shared/ssd_30T/zhuoyingyang/physact/sam3_robowm/identity_v1/sam_masked_expansion6/crops/Cosmos3_seed101_0020/frame_0162_rank_02.png,/shared/ssd_30T/zhuoyingyang/physact/sam3_robowm/identity_v1/sam_masked_expansion6/crops/Cosmos3_seed101_0020/frame_0162_rank_03.png,T00,T12,0,64,188,156,11,32,0,False,True,True,True,False,True,True,False,False,0.8534521460533142,0.1263731867074966,0.32841051657812226,0.26157978794705905,0.0
Cosmos3_seed101_0020,165,1,2,0.6148156523704529,0.0,0.0,False,0.6546856760978699,0.6524186134338379,0.9230507612228394,0.9142966270446776,0.9765625,0.96875,/shared/ssd_30T/zhuoyingyang/physact/sam3_robowm/identity_v1/sam_masked_expansion6/crops/Cosmos3_seed101_0020/frame_0165_rank_01.png,/shared/ssd_30T/zhuoyingyang/physact/sam3_robowm/identity_v1/sam_masked_expansion6/crops/Cosmos3_seed101_0020/frame_0165_rank_02.png,T00,T10,0,64,188,120,23,68,0,False,True,True,True,False,True,True,True,True,0.9142966270446776,0.6524186134338379,0.7723368032689646,0.4748447555515186,0.4748447555515186
Cosmos3_seed101_0020,165,1,3,0.8386507630348206,0.360137680039006,0.996145178563551,True,0.6546856760978699,0.1707768887281417,0.9230507612228394,0.8393378257751465,0.9765625,0.9765625,/shared/ssd_30T/zhuoyingyang/physact/sam3_robowm/identity_v1/sam_masked_expansion6/crops/Cosmos3_seed101_0020/frame_0165_rank_01.png,/shared/ssd_30T/zhuoyingyang/physact/sam3_robowm/identity_v1/sam_masked_expansion6/crops/Cosmos3_seed101_0020/frame_0165_rank_03.png,T00,T12,0,64,188,156,11,32,0,False,True,True,True,False,True,True,False,False,0.8393378257751465,0.1707768887281417,0.37860203707550566,0.31751488727991023,0.0
Cosmos3_seed101_0020,165,2,3,0.7224481701850891,0.1696628222621107,1.0,True,0.6524186134338379,0.1707768887281417,0.9142966270446776,0.8393378257751465,0.96875,0.9765625,/shared/ssd_30T/zhuoyingyang/physact/sam3_robowm/identity_v1/sam_masked_expansion6/crops/Cosmos3_seed101_0020/frame_0165_rank_02.png,/shared/ssd_30T/zhuoyingyang/physact/sam3_robowm/identity_v1/sam_masked_expansion6/crops/Cosmos3_seed101_0020/frame_0165_rank_03.png,T10,T12,120,23,68,156,11,32,0,True,True,True,True,True,True,True,False,False,0.8393378257751465,0.1707768887281417,0.37860203707550566,0.2735203489135463,0.0
Cosmos3_seed101_0020,168,1,2,0.6878525018692017,0.0,0.0,False,0.5826320052146912,0.572360098361969,0.9188732504844666,0.9141172170639038,0.96875,0.9765625,/shared/ssd_30T/zhuoyingyang/physact/sam3_robowm/identity_v1/sam_masked_expansion6/crops/Cosmos3_seed101_0020/frame_0168_rank_01.png,/shared/ssd_30T/zhuoyingyang/physact/sam3_robowm/identity_v1/sam_masked_expansion6/crops/Cosmos3_seed101_0020/frame_0168_rank_02.png,T10,T00,120,23,68,0,64,188,0,True,False,True,True,True,False,True,True,True,0.9141172170639038,0.572360098361969,0.7233285700655445,0.4975433665930569,0.4975433665930569
Cosmos3_seed101_0020,168,1,3,0.7246427536010742,0.1625682838783116,1.0,True,0.5826320052146912,0.2604337036609649,0.9188732504844666,0.8459219932556152,0.96875,0.9765625,/shared/ssd_30T/zhuoyingyang/physact/sam3_robowm/identity_v1/sam_masked_expansion6/crops/Cosmos3_seed101_0020/frame_0168_rank_01.png,/shared/ssd_30T/zhuoyingyang/physact/sam3_robowm/identity_v1/sam_masked_expansion6/crops/Cosmos3_seed101_0020/frame_0168_rank_03.png,T10,T12,120,23,68,156,11,32,0,True,True,True,True,True,True,True,False,False,0.8459219932556152,0.2604337036609649,0.4693682964494147,0.34012433479214915,0.0
Cosmos3_seed101_0020,168,2,3,0.8537979125976562,0.3653435044266401,0.9968128472188548,True,0.572360098361969,0.2604337036609649,0.9141172170639038,0.8459219932556152,0.9765625,0.9765625,/shared/ssd_30T/zhuoyingyang/physact/sam3_robowm/identity_v1/sam_masked_expansion6/crops/Cosmos3_seed101_0020/frame_0168_rank_02.png,/shared/ssd_30T/zhuoyingyang/physact/sam3_robowm/identity_v1/sam_masked_expansion6/crops/Cosmos3_seed101_0020/frame_0168_rank_03.png,T00,T12,0,64,188,156,11,32,0,False,True,True,True,False,True,True,False,False,0.8459219932556152,0.2604337036609649,0.4693682964494147,0.40074567174802816,0.0
Cosmos3_seed101_0020,171,1,2,0.6404610872268677,0.0,0.0,False,0.6284170746803284,0.6075112819671631,0.9201611876487732,0.9196059107780457,0.97265625,0.9765625,/shared/ssd_30T/zhuoyingyang/physact/sam3_robowm/identity_v1/sam_masked_expansion6/crops/Cosmos3_seed101_0020/frame_0171_rank_01.png,/shared/ssd_30T/zhuoyingyang/physact/sam3_robowm/identity_v1/sam_masked_expansion6/crops/Cosmos3_seed101_0020/frame_0171_rank_02.png,T10,T00,120,23,68,0,64,188,0,True,False,True,True,True,False,True,True,True,0.9196059107780457,0.6075112819671631,0.7474429515095792,0.478708125363884,0.478708125363884
Cosmos3_seed101_0020,171,1,3,0.7594967484474182,0.1577273316182267,1.0,True,0.6284170746803284,0.2117262035608291,0.9201611876487732,0.8468652963638306,0.97265625,0.98046875,/shared/ssd_30T/zhuoyingyang/physact/sam3_robowm/identity_v1/sam_masked_expansion6/crops/Cosmos3_seed101_0020/frame_0171_rank_01.png,/shared/ssd_30T/zhuoyingyang/physact/sam3_robowm/identity_v1/sam_masked_expansion6/crops/Cosmos3_seed101_0020/frame_0171_rank_03.png,T10,T12,120,23,68,156,11,32,0,True,True,True,True,True,True,True,False,False,0.8468652963638306,0.2117262035608291,0.4234425275365362,0.3216032228183556,0.0
Cosmos3_seed101_0020,171,2,3,0.7905548214912415,0.3132058500652774,0.9968520313139698,True,0.6075112819671631,0.2117262035608291,0.9196059107780457,0.8468652963638306,0.9765625,0.98046875,/shared/ssd_30T/zhuoyingyang/physact/sam3_robowm/identity_v1/sam_masked_expansion6/crops/Cosmos3_seed101_0020/frame_0171_rank_02.png,/shared/ssd_30T/zhuoyingyang/physact/sam3_robowm/identity_v1/sam_masked_expansion6/crops/Cosmos3_seed101_0020/frame_0171_rank_03.png,T00,T12,0,64,188,156,11,32,0,False,True,True,True,False,True,True,False,False,0.8468652963638306,0.2117262035608291,0.4234425275365362,0.3347545317684465,0.0
Cosmos3_seed101_0020,174,1,2,0.7303260564804077,0.0,0.0,False,0.6976128816604614,0.6603609323501587,0.927239179611206,0.9205889701843262,0.9765625,0.97265625,/shared/ssd_30T/zhuoyingyang/physact/sam3_robowm/identity_v1/sam_masked_expansion6/crops/Cosmos3_seed101_0020/frame_0174_rank_01.png,/shared/ssd_30T/zhuoyingyang/physact/sam3_robowm/identity_v1/sam_masked_expansion6/crops/Cosmos3_seed101_0020/frame_0174_rank_02.png,T00,T10,0,64,188,120,23,68,0,False,True,True,True,False,True,True,True,True,0.9205889701843262,0.6603609323501587,0.7796928822698037,0.5694300279739486,0.5694300279739486
Cosmos3_seed101_0020,174,1,3,0.8240081071853638,0.2952881694748495,1.0,True,0.6976128816604614,0.102765217423439,0.927239179611206,0.8654785752296448,0.9765625,0.97265625,/shared/ssd_30T/zhuoyingyang/physact/sam3_robowm/identity_v1/sam_masked_expansion6/crops/Cosmos3_seed101_0020/frame_0174_rank_01.png,/shared/ssd_30T/zhuoyingyang/physact/sam3_robowm/identity_v1/sam_masked_expansion6/crops/Cosmos3_seed101_0020/frame_0174_rank_03.png,T00,T12,0,64,188,156,11,32,0,False,True,True,True,False,True,True,False,False,0.8654785752296448,0.102765217423439,0.29822993471280285,0.24574388400871128,0.0
Cosmos3_seed101_0020,174,2,3,0.7502560615539551,0.1472377540961669,1.0,True,0.6603609323501587,0.102765217423439,0.9205889701843262,0.8654785752296448,0.97265625,0.97265625,/shared/ssd_30T/zhuoyingyang/physact/sam3_robowm/identity_v1/sam_masked_expansion6/crops/Cosmos3_seed101_0020/frame_0174_rank_02.png,/shared/ssd_30T/zhuoyingyang/physact/sam3_robowm/identity_v1/sam_masked_expansion6/crops/Cosmos3_seed101_0020/frame_0174_rank_03.png,T10,T12,120,23,68,156,11,32,0,True,True,True,True,True,True,True,False,False,0.8654785752296448,0.102765217423439,0.29822993471280285,0.2237488162551206,0.0
Cosmos3_seed101_0020,177,1,2,0.7844986319541931,0.0,0.0,False,0.7040438652038574,0.6711118817329407,0.930805802345276,0.9173230528831482,0.9765625,0.97265625,/shared/ssd_30T/zhuoyingyang/physact/sam3_robowm/identity_v1/sam_masked_expansion6/crops/Cosmos3_seed101_0020/frame_0177_rank_01.png,/shared/ssd_30T/zhuoyingyang/physact/sam3_robowm/identity_v1/sam_masked_expansion6/crops/Cosmos3_seed101_0020/frame_0177_rank_02.png,T00,T10,0,64,188,120,23,68,0,False,True,True,True,False,True,True,True,True,0.9173230528831482,0.6711118817329407,0.784618633590495,0.6155322446575117,0.6155322446575117
Cosmos3_seed101_0020,180,1,2,0.7683607339859009,0.0,0.0,False,0.697222113609314,0.6692136526107788,0.938278317451477,0.9098246097564696,0.9765625,0.97265625,/shared/ssd_30T/zhuoyingyang/physact/sam3_robowm/identity_v1/sam_masked_expansion6/crops/Cosmos3_seed101_0020/frame_0180_rank_01.png,/shared/ssd_30T/zhuoyingyang/physact/sam3_robowm/identity_v1/sam_masked_expansion6/crops/Cosmos3_seed101_0020/frame_0180_rank_02.png,T00,T10,0,64,188,120,23,68,0,False,True,True,True,False,True,True,True,True,0.9098246097564696,0.6692136526107788,0.7802993338010121,0.5995513688480552,0.5995513688480552
Cosmos3_seed101_0020,180,1,3,0.8896993398666382,0.3050981799562971,1.0,True,0.697222113609314,0.1055913120508194,0.938278317451477,0.8888688087463379,0.9765625,0.9765625,/shared/ssd_30T/zhuoyingyang/physact/sam3_robowm/identity_v1/sam_masked_expansion6/crops/Cosmos3_seed101_0020/frame_0180_rank_01.png,/shared/ssd_30T/zhuoyingyang/physact/sam3_robowm/identity_v1/sam_masked_expansion6/crops/Cosmos3_seed101_0020/frame_0180_rank_03.png,T00,T12,0,64,188,156,11,32,0,False,True,True,True,False,True,True,False,False,0.8888688087463379,0.1055913120508194,0.30636061064793346,0.27256883305460655,0.0
Cosmos3_seed101_0020,180,2,3,0.799958348274231,0.1584620903460794,1.0,True,0.6692136526107788,0.1055913120508194,0.9098246097564696,0.8888688087463379,0.97265625,0.9765625,/shared/ssd_30T/zhuoyingyang/physact/sam3_robowm/identity_v1/sam_masked_expansion6/crops/Cosmos3_seed101_0020/frame_0180_rank_02.png,/shared/ssd_30T/zhuoyingyang/physact/sam3_robowm/identity_v1/sam_masked_expansion6/crops/Cosmos3_seed101_0020/frame_0180_rank_03.png,T10,T12,120,23,68,156,11,32,0,True,True,True,True,True,True,True,False,False,0.8888688087463379,0.1055913120508194,0.30636061064793346,0.2450757280702056,0.0
Cosmos3_seed101_0020,183,1,2,0.7342267632484436,0.0,0.0,False,0.6879554986953735,0.6530093550682068,0.9372904896736144,0.9142659902572632,0.9765625,0.97265625,/shared/ssd_30T/zhuoyingyang/physact/sam3_robowm/identity_v1/sam_masked_expansion6/crops/Cosmos3_seed101_0020/frame_0183_rank_01.png,/shared/ssd_30T/zhuoyingyang/physact/sam3_robowm/identity_v1/sam_masked_expansion6/crops/Cosmos3_seed101_0020/frame_0183_rank_02.png,T00,T10,0,64,188,120,23,68,0,False,True,True,True,False,True,True,True,True,0.9142659902572632,0.6530093550682068,0.7726734398558623,0.5673175187934107,0.5673175187934107
Cosmos3_seed101_0020,183,1,3,0.8910065293312073,0.3079719359564499,1.0,True,0.6879554986953735,0.1064413264393806,0.9372904896736144,0.8660758137702942,0.9765625,0.9765625,/shared/ssd_30T/zhuoyingyang/physact/sam3_robowm/identity_v1/sam_masked_expansion6/crops/Cosmos3_seed101_0020/frame_0183_rank_01.png,/shared/ssd_30T/zhuoyingyang/physact/sam3_robowm/identity_v1/sam_masked_expansion6/crops/Cosmos3_seed101_0020/frame_0183_rank_03.png,T00,T12,0,64,188,156,11,32,0,False,True,True,True,False,True,True,False,False,0.8660758137702942,0.1064413264393806,0.3036219004202037,0.2705290957223511,0.0
Cosmos3_seed101_0020,183,2,3,0.7645525336265564,0.1602657695953231,1.0,True,0.6530093550682068,0.1064413264393806,0.9142659902572632,0.8660758137702942,0.97265625,0.9765625,/shared/ssd_30T/zhuoyingyang/physact/sam3_robowm/identity_v1/sam_masked_expansion6/crops/Cosmos3_seed101_0020/frame_0183_rank_02.png,/shared/ssd_30T/zhuoyingyang/physact/sam3_robowm/identity_v1/sam_masked_expansion6/crops/Cosmos3_seed101_0020/frame_0183_rank_03.png,T10,T12,120,23,68,156,11,32,0,True,True,True,True,True,True,True,False,False,0.8660758137702942,0.1064413264393806,0.3036219004202037,0.23213489323077674,0.0
Cosmos3_seed101_0020,186,1,2,0.8188588619232178,0.0,0.0,False,0.690144419670105,0.67230623960495,0.9359915256500244,0.9171329736709596,0.9765625,0.97265625,/shared/ssd_30T/zhuoyingyang/physact/sam3_robowm/identity_v1/sam_masked_expansion6/crops/Cosmos3_seed101_0020/frame_0186_rank_01.png,/shared/ssd_30T/zhuoyingyang/physact/sam3_robowm/identity_v1/sam_masked_expansion6/crops/Cosmos3_seed101_0020/frame_0186_rank_02.png,T00,T10,0,64,188,120,23,68,0,False,True,True,True,False,True,True,True,True,0.9171329736709596,0.67230623960495,0.7852351372337005,0.6429967508173098,0.6429967508173098
Cosmos3_seed101_0020,186,1,3,0.8659868836402893,0.2943375975902947,1.0,True,0.690144419670105,0.1001835465431213,0.9359915256500244,0.8939849734306335,0.9765625,0.97265625,/shared/ssd_30T/zhuoyingyang/physact/sam3_robowm/identity_v1/sam_masked_expansion6/crops/Cosmos3_seed101_0020/frame_0186_rank_01.png,/shared/ssd_30T/zhuoyingyang/physact/sam3_robowm/identity_v1/sam_masked_expansion6/crops/Cosmos3_seed101_0020/frame_0186_rank_03.png,T00,T12,0,64,188,156,11,32,0,False,True,True,True,False,True,True,False,False,0.8939849734306335,0.1001835465431213,0.29927008737015287,0.2591639703284358,0.0
Cosmos3_seed101_0020,186,2,3,0.8083431720733643,0.1520473987206212,1.0,True,0.67230623960495,0.1001835465431213,0.9171329736709596,0.8939849734306335,0.97265625,0.97265625,/shared/ssd_30T/zhuoyingyang/physact/sam3_robowm/identity_v1/sam_masked_expansion6/crops/Cosmos3_seed101_0020/frame_0186_rank_02.png,/shared/ssd_30T/zhuoyingyang/physact/sam3_robowm/identity_v1/sam_masked_expansion6/crops/Cosmos3_seed101_0020/frame_0186_rank_03.png,T10,T12,120,23,68,156,11,32,0,True,True,True,True,True,True,True,False,False,0.8939849734306335,0.1001835465431213,0.29927008737015287,0.24191293173146225,0.0
Cosmos3_seed101_0020,188,1,2,0.8085498809814453,0.0,0.0,False,0.6928290724754333,0.6646649241447449,0.9152684211730956,0.9124770164489746,0.9765625,0.97265625,/shared/ssd_30T/zhuoyingyang/physact/sam3_robowm/identity_v1/sam_masked_expansion6/crops/Cosmos3_seed101_0020/frame_0188_rank_01.png,/shared/ssd_30T/zhuoyingyang/physact/sam3_robowm/identity_v1/sam_masked_expansion6/crops/Cosmos3_seed101_0020/frame_0188_rank_02.png,T00,T10,0,64,188,120,23,68,0,False,True,True,True,False,True,True,True,True,0.9124770164489746,0.6646649241447449,0.7787756203951693,0.6296789351817654,0.6296789351817654
Cosmos3_seed101_0020,188,1,3,0.8793064951896667,0.2931992235371437,1.0,True,0.6928290724754333,0.1071212515234947,0.9152684211730956,0.8878302574157715,0.9765625,0.96484375,/shared/ssd_30T/zhuoyingyang/physact/sam3_robowm/identity_v1/sam_masked_expansion6/crops/Cosmos3_seed101_0020/frame_0188_rank_01.png,/shared/ssd_30T/zhuoyingyang/physact/sam3_robowm/identity_v1/sam_masked_expansion6/crops/Cosmos3_seed101_0020/frame_0188_rank_03.png,T00,T12,0,64,188,156,11,32,0,False,True,True,True,False,True,True,False,False,0.8878302574157715,0.1071212515234947,0.308391777313864,0.27117089285516593,0.0
Cosmos3_seed101_0020,188,2,3,0.7907434105873108,0.1511575052880413,1.0,True,0.6646649241447449,0.1071212515234947,0.9124770164489746,0.8878302574157715,0.97265625,0.96484375,/shared/ssd_30T/zhuoyingyang/physact/sam3_robowm/identity_v1/sam_masked_expansion6/crops/Cosmos3_seed101_0020/frame_0188_rank_02.png,/shared/ssd_30T/zhuoyingyang/physact/sam3_robowm/identity_v1/sam_masked_expansion6/crops/Cosmos3_seed101_0020/frame_0188_rank_03.png,T10,T12,120,23,68,156,11,32,0,True,True,True,True,True,True,True,False,False,0.8878302574157715,0.1071212515234947,0.308391777313864,0.2438587657902473,0.0
Cosmos3_seed101_0036,0,1,2,0.1126055121421814,0.0,0.0,False,0.7169114947319031,0.1322802603244781,0.98137229681015,0.622111976146698,0.96875,0.91796875,/shared/ssd_30T/zhuoyingyang/physact/sam3_robowm/identity_v1/sam_masked_expansion6/crops/Cosmos3_seed101_0036/frame_0000_rank_01.png,/shared/ssd_30T/zhuoyingyang/physact/sam3_robowm/identity_v1/sam_masked_expansion6/crops/Cosmos3_seed101_0036/frame_0000_rank_02.png,T00,T01,0,44,132,0,3,6,0,False,False,True,True,False,False,False,True,False,0.622111976146698,0.1322802603244781,0.28686779909160376,0.03230289543381044,0.0
Cosmos3_seed101_0036,0,1,3,0.0859107002615928,0.0,0.0,False,0.7169114947319031,0.104328766465187,0.98137229681015,0.6084364652633667,0.96875,0.953125,/shared/ssd_30T/zhuoyingyang/physact/sam3_robowm/identity_v1/sam_masked_expansion6/crops/Cosmos3_seed101_0036/frame_0000_rank_01.png,/shared/ssd_30T/zhuoyingyang/physact/sam3_robowm/identity_v1/sam_masked_expansion6/crops/Cosmos3_seed101_0036/frame_0000_rank_03.png,T00,T02,0,44,132,0,13,45,0,False,False,True,True,False,False,False,True,False,0.6084364652633667,0.104328766465187,0.2519472680807745,0.021644966229814586,0.0
Cosmos3_seed101_0036,0,2,3,0.1823928505182266,0.0,0.0,False,0.1322802603244781,0.104328766465187,0.622111976146698,0.6084364652633667,0.91796875,0.953125,/shared/ssd_30T/zhuoyingyang/physact/sam3_robowm/identity_v1/sam_masked_expansion6/crops/Cosmos3_seed101_0036/frame_0000_rank_02.png,/shared/ssd_30T/zhuoyingyang/physact/sam3_robowm/identity_v1/sam_masked_expansion6/crops/Cosmos3_seed101_0036/frame_0000_rank_03.png,T01,T02,0,3,6,0,13,45,0,False,False,True,True,False,False,False,True,False,0.6084364652633667,0.104328766465187,0.2519472680807745,0.04595338040553227,0.0
Cosmos3_seed101_0036,3,1,2,0.1201828122138977,0.0,0.0,False,0.7324685454368591,0.13157719373703,0.9767861366271972,0.6091479659080505,0.96875,0.90234375,/shared/ssd_30T/zhuoyingyang/physact/sam3_robowm/identity_v1/sam_masked_expansion6/crops/Cosmos3_seed101_0036/frame_0003_rank_01.png,/shared/ssd_30T/zhuoyingyang/physact/sam3_robowm/identity_v1/sam_masked_expansion6/crops/Cosmos3_seed101_0036/frame_0003_rank_02.png,T00,T01,0,44,132,0,3,6,0,False,False,True,True,False,False,False,True,False,0.6091479659080505,0.13157719373703,0.2831077178827898,0.03402468169461246,0.0
Cosmos3_seed101_0036,3,1,3,0.0001384299248456,0.0154205536732742,1.0,True,0.7324685454368591,0.1321384012699127,0.9767861366271972,0.6048508882522583,0.96875,0.984375,/shared/ssd_30T/zhuoyingyang/physact/sam3_robowm/identity_v1/sam_masked_expansion6/crops/Cosmos3_seed101_0036/frame_0003_rank_01.png,/shared/ssd_30T/zhuoyingyang/physact/sam3_robowm/identity_v1/sam_masked_expansion6/crops/Cosmos3_seed101_0036/frame_0003_rank_03.png,T00,T03,0,44,132,3,4,15,0,False,True,True,True,False,True,True,False,False,0.6048508882522583,0.1321384012699127,0.282708382225112,3.913530010464342e-05,0.0
Cosmos3_seed101_0036,3,2,3,0.2514168918132782,0.1581340445835421,0.994889082619727,True,0.13157719373703,0.1321384012699127,0.6091479659080505,0.6048508882522583,0.90234375,0.984375,/shared/ssd_30T/zhuoyingyang/physact/sam3_robowm/identity_v1/sam_masked_expansion6/crops/Cosmos3_seed101_0036/frame_0003_rank_02.png,/shared/ssd_30T/zhuoyingyang/physact/sam3_robowm/identity_v1/sam_masked_expansion6/crops/Cosmos3_seed101_0036/frame_0003_rank_03.png,T01,T03,0,3,6,3,4,15,0,False,True,True,True,False,True,True,False,False,0.6048508882522583,0.13157719373703,0.2821073953401117,0.07092656449395056,0.0
Cosmos3_seed101_0036,6,1,2,0.1192408353090286,0.0,0.0,False,0.7168439030647278,0.1215632855892181,0.9788550138473512,0.6165701150894165,0.96875,0.95703125,/shared/ssd_30T/zhuoyingyang/physact/sam3_robowm/identity_v1/sam_masked_expansion6/crops/Cosmos3_seed101_0036/frame_0006_rank_01.png,/shared/ssd_30T/zhuoyingyang/physact/sam3_robowm/identity_v1/sam_masked_expansion6/crops/Cosmos3_seed101_0036/frame_0006_rank_02.png,T00,T02,0,44,132,0,13,45,0,False,False,True,True,False,False,False,True,False,0.6165701150894165,0.1215632855892181,0.27377415690015705,0.03264505915479978,0.0
Cosmos3_seed101_0036,6,1,3,0.098648265004158,0.0,0.0,False,0.7168439030647278,0.1351322382688522,0.9788550138473512,0.6091910600662231,0.96875,0.8828125,/shared/ssd_30T/zhuoyingyang/physact/sam3_robowm/identity_v1/sam_masked_expansion6/crops/Cosmos3_seed101_0036/frame_0006_rank_01.png,/shared/ssd_30T/zhuoyingyang/physact/sam3_robowm/identity_v1/sam_masked_expansion6/crops/Cosmos3_seed101_0036/frame_0006_rank_03.png,T00,T01,0,44,132,0,3,6,0,False,False,True,True,False,False,False,True,False,0.6091910600662231,0.1351322382688522,0.28691697663282933,0.02830386194506716,0.0
Cosmos3_seed101_0036,6,2,3,0.2281934320926666,0.0,0.0,False,0.1215632855892181,0.1351322382688522,0.6165701150894165,0.6091910600662231,0.95703125,0.8828125,/shared/ssd_30T/zhuoyingyang/physact/sam3_robowm/identity_v1/sam_masked_expansion6/crops/Cosmos3_seed101_0036/frame_0006_rank_02.png,/shared/ssd_30T/zhuoyingyang/physact/sam3_robowm/identity_v1/sam_masked_expansion6/crops/Cosmos3_seed101_0036/frame_0006_rank_03.png,T02,T01,0,13,45,0,3,6,0,False,False,True,True,False,False,False,True,False,0.6091910600662231,0.1215632855892181,0.27213097363811567,0.062098500853200594,0.0
Cosmos3_seed101_0036,9,1,2,0.1316217184066772,0.0,0.0,False,0.7151896357536316,0.1130496561527252,0.9715131521224976,0.6128575801849365,0.96875,0.953125,/shared/ssd_30T/zhuoyingyang/physact/sam3_robowm/identity_v1/sam_masked_expansion6/crops/Cosmos3_seed101_0036/frame_0009_rank_01.png,/shared/ssd_30T/zhuoyingyang/physact/sam3_robowm/identity_v1/sam_masked_expansion6/crops/Cosmos3_seed101_0036/frame_0009_rank_02.png,T00,T02,0,44,132,0,13,45,0,False,False,True,True,False,False,False,True,False,0.6128575801849365,0.1130496561527252,0.26321728421685814,0.03464511126296162,0.0
Cosmos3_seed101_0036,9,1,3,-0.0033971017692238,0.0154108689174035,1.0,True,0.7151896357536316,0.1363340467214584,0.9715131521224976,0.6075612306594849,0.96875,0.984375,/shared/ssd_30T/zhuoyingyang/physact/sam3_robowm/identity_v1/sam_masked_expansion6/crops/Cosmos3_seed101_0036/frame_0009_rank_01.png,/shared/ssd_30T/zhuoyingyang/physact/sam3_robowm/identity_v1/sam_masked_expansion6/crops/Cosmos3_seed101_0036/frame_0009_rank_03.png,T00,T03,0,44,132,3,4,15,0,False,True,True,True,False,True,True,False,False,0.6075612306594849,0.1363340467214584,0.2878042411203785,-0.000977700296700151,0.0
Cosmos3_seed101_0036,9,2,3,0.0483721904456615,0.015469438034549,0.9629609403798108,True,0.1130496561527252,0.1363340467214584,0.6128575801849365,0.6075612306594849,0.953125,0.984375,/shared/ssd_30T/zhuoyingyang/physact/sam3_robowm/identity_v1/sam_masked_expansion6/crops/Cosmos3_seed101_0036/frame_0009_rank_02.png,/shared/ssd_30T/zhuoyingyang/physact/sam3_robowm/identity_v1/sam_masked_expansion6/crops/Cosmos3_seed101_0036/frame_0009_rank_03.png,T02,T03,0,13,45,3,4,15,0,False,True,True,True,False,True,True,False,False,0.6075612306594849,0.1130496561527252,0.262077446984248,0.012677260177034801,0.0
Cosmos3_seed101_0036,12,1,2,0.1081764847040176,0.0,0.0,False,0.7317349910736084,0.1014652773737907,0.975350856781006,0.6482915878295898,0.96875,0.890625,/shared/ssd_30T/zhuoyingyang/physact/sam3_robowm/identity_v1/sam_masked_expansion6/crops/Cosmos3_seed101_0036/frame_0012_rank_01.png,/shared/ssd_30T/zhuoyingyang/physact/sam3_robowm/identity_v1/sam_masked_expansion6/crops/Cosmos3_seed101_0036/frame_0012_rank_02.png,T00,T04,0,44,132,12,1,0,0,False,True,True,False,False,False,False,True,False,0.6482915878295898,0.1014652773737907,0.2564743374652219,0.027744492243779624,0.0
Cosmos3_seed101_0036,12,1,3,0.1364854723215103,0.0,0.0,False,0.7317349910736084,0.1073905006051063,0.975350856781006,0.6255401968955994,0.96875,0.95703125,/shared/ssd_30T/zhuoyingyang/physact/sam3_robowm/identity_v1/sam_masked_expansion6/crops/Cosmos3_seed101_0036/frame_0012_rank_01.png,/shared/ssd_30T/zhuoyingyang/physact/sam3_robowm/identity_v1/sam_masked_expansion6/crops/Cosmos3_seed101_0036/frame_0012_rank_03.png,T00,T02,0,44,132,0,13,45,0,False,False,True,True,False,False,False,True,False,0.6255401968955994,0.1073905006051063,0.2591854064048267,0.035375042612005365,0.0
Cosmos3_seed101_0036,12,2,3,0.3836430609226227,0.0,0.0,False,0.1014652773737907,0.1073905006051063,0.6482915878295898,0.6255401968955994,0.890625,0.95703125,/shared/ssd_30T/zhuoyingyang/physact/sam3_robowm/identity_v1/sam_masked_expansion6/crops/Cosmos3_seed101_0036/frame_0012_rank_02.png,/shared/ssd_30T/zhuoyingyang/physact/sam3_robowm/identity_v1/sam_masked_expansion6/crops/Cosmos3_seed101_0036/frame_0012_rank_03.png,T04,T02,12,1,0,0,13,45,0,True,False,False,True,False,False,False,True,False,0.6255401968955994,0.1014652773737907,0.25193374046853595,0.09665263134303474,0.0
Cosmos3_seed101_0036,15,1,2,0.0186752472072839,0.01541189429069,1.0,True,0.7369996309280396,0.1223503500223159,0.9819957613945008,0.6079434752464294,0.96875,0.984375,/shared/ssd_30T/zhuoyingyang/physact/sam3_robowm/identity_v1/sam_masked_expansion6/crops/Cosmos3_seed101_0036/frame_0015_rank_01.png,/shared/ssd_30T/zhuoyingyang/physact/sam3_robowm/identity_v1/sam_masked_expansion6/crops/Cosmos3_seed101_0036/frame_0015_rank_02.png,T00,T03,0,44,132,3,4,15,0,False,True,True,True,False,True,True,False,False,0.6079434752464294,0.1223503500223159,0.27273081415598016,0.005093315375406733,0.0
Cosmos3_seed101_0036,15,1,3,0.1046272218227386,0.0,0.0,False,0.7369996309280396,0.1112279817461967,0.9819957613945008,0.6031980514526367,0.96875,0.90625,/shared/ssd_30T/zhuoyingyang/physact/sam3_robowm/identity_v1/sam_masked_expansion6/crops/Cosmos3_seed101_0036/frame_0015_rank_01.png,/shared/ssd_30T/zhuoyingyang/physact/sam3_robowm/identity_v1/sam_masked_expansion6/crops/Cosmos3_seed101_0036/frame_0015_rank_03.png,T00,T02,0,44,132,0,13,45,0,False,False,True,True,False,False,False,True,False,0.6031980514526367,0.1112279817461967,0.25902220340410065,0.027100773532575357,0.0
Cosmos3_seed101_0036,15,2,3,0.3128014504909515,0.1612236653288001,0.9956880737108532,True,0.1223503500223159,0.1112279817461967,0.6079434752464294,0.6031980514526367,0.984375,0.90625,/shared/ssd_30T/zhuoyingyang/physact/sam3_robowm/identity_v1/sam_masked_expansion6/crops/Cosmos3_seed101_0036/frame_0015_rank_02.png,/shared/ssd_30T/zhuoyingyang/physact/sam3_robowm/identity_v1/sam_masked_expansion6/crops/Cosmos3_seed101_0036/frame_0015_rank_03.png,T03,T02,3,4,15,0,13,45,0,True,False,True,True,True,False,True,False,False,0.6031980514526367,0.1112279817461967,0.25902220340410065,0.08102252093416495,0.0
Cosmos3_seed101_0036,18,1,2,0.0438266731798648,0.015285479777737,1.0,True,0.7414825558662415,0.1343138813972473,0.9781392812728882,0.6126646995544434,0.96875,0.9765625,/shared/ssd_30T/zhuoyingyang/physact/sam3_robowm/identity_v1/sam_masked_expansion6/crops/Cosmos3_seed101_0036/frame_0018_rank_01.png,/shared/ssd_30T/zhuoyingyang/physact/sam3_robowm/identity_v1/sam_masked_expansion6/crops/Cosmos3_seed101_0036/frame_0018_rank_02.png,T00,T03,0,44,132,3,4,15,0,False,True,True,True,False,True,True,False,False,0.6126646995544434,0.1343138813972473,0.2868612448418846,0.012572174025654453,0.0
Cosmos3_seed101_0036,18,1,3,0.1280043423175811,0.0,0.0,False,0.7414825558662415,0.152625173330307,0.9781392812728882,0.5669352412223816,0.96875,0.91015625,/shared/ssd_30T/zhuoyingyang/physact/sam3_robowm/identity_v1/sam_masked_expansion6/crops/Cosmos3_seed101_0036/frame_0018_rank_01.png,/shared/ssd_30T/zhuoyingyang/physact/sam3_robowm/identity_v1/sam_masked_expansion6/crops/Cosmos3_seed101_0036/frame_0018_rank_03.png,T00,T05,0,44,132,18,1,0,0,False,True,True,False,False,False,False,True,False,0.5669352412223816,0.152625173330307,0.2941574229194725,0.037653427458641635,0.0
Cosmos3_seed101_0036,18,2,3,0.1245812475681305,0.0,0.0,False,0.1343138813972473,0.152625173330307,0.6126646995544434,0.5669352412223816,0.9765625,0.91015625,/shared/ssd_30T/zhuoyingyang/physact/sam3_robowm/identity_v1/sam_masked_expansion6/crops/Cosmos3_seed101_0036/frame_0018_rank_02.png,/shared/ssd_30T/zhuoyingyang/physact/sam3_robowm/identity_v1/sam_masked_expansion6/crops/Cosmos3_seed101_0036/frame_0018_rank_03.png,T03,T05,3,4,15,18,1,0,0,True,True,True,False,True,False,True,True,True,0.5669352412223816,0.1343138813972473,0.27594795297204644,0.03437794024512935,0.03437794024512935
Cosmos3_seed101_0036,21,1,2,0.0978243872523307,0.0,0.0,False,0.7264426946640015,0.1261840611696243,0.971464991569519,0.6362460851669312,0.96875,0.9296875,/shared/ssd_30T/zhuoyingyang/physact/sam3_robowm/identity_v1/sam_masked_expansion6/crops/Cosmos3_seed101_0036/frame_0021_rank_01.png,/shared/ssd_30T/zhuoyingyang/physact/sam3_robowm/identity_v1/sam_masked_expansion6/crops/Cosmos3_seed101_0036/frame_0021_rank_02.png,T00,T02,0,44,132,0,13,45,0,False,False,True,True,False,False,False,True,False,0.6362460851669312,0.1261840611696243,0.28334451632180574,0.02771800369048866,0.0
Cosmos3_seed101_0036,21,1,3,0.1132110357284545,0.0,0.0,False,0.7264426946640015,0.1047561764717102,0.971464991569519,0.6234792470932007,0.96875,0.95703125,/shared/ssd_30T/zhuoyingyang/physact/sam3_robowm/identity_v1/sam_masked_expansion6/crops/Cosmos3_seed101_0036/frame_0021_rank_01.png,/shared/ssd_30T/zhuoyingyang/physact/sam3_robowm/identity_v1/sam_masked_expansion6/crops/Cosmos3_seed101_0036/frame_0021_rank_03.png,T00,T06,0,44,132,21,3,9,0,False,True,True,True,False,True,True,True,True,0.6234792470932007,0.1047561764717102,0.2555646729009006,0.028932741314714648,0.028932741314714648
Cosmos3_seed101_0036,21,2,3,0.2427550703287124,0.0,0.0,False,0.1261840611696243,0.1047561764717102,0.6362460851669312,0.6234792470932007,0.9296875,0.95703125,/shared/ssd_30T/zhuoyingyang/physact/sam3_robowm/identity_v1/sam_masked_expansion6/crops/Cosmos3_seed101_0036/frame_0021_rank_02.png,/shared/ssd_30T/zhuoyingyang/physact/sam3_robowm/identity_v1/sam_masked_expansion6/crops/Cosmos3_seed101_0036/frame_0021_rank_03.png,T02,T06,0,13,45,21,3,9,0,False,True,True,True,False,True,True,True,True,0.6234792470932007,0.1047561764717102,0.2555646729009006,0.06203962014359252,0.06203962014359252
Cosmos3_seed101_0036,24,1,2,0.1189956963062286,0.0,0.0,False,0.6902309060096741,0.121747963130474,0.9618104696273804,0.6755380630493164,0.96875,0.96875,/shared/ssd_30T/zhuoyingyang/physact/sam3_robowm/identity_v1/sam_masked_expansion6/crops/Cosmos3_seed101_0036/frame_0024_rank_01.png,/shared/ssd_30T/zhuoyingyang/physact/sam3_robowm/identity_v1/sam_masked_expansion6/crops/Cosmos3_seed101_0036/frame_0024_rank_02.png,T00,T07,0,44,132,24,2,3,0,False,True,True,False,False,False,False,True,False,0.6755380630493164,0.121747963130474,0.28678455884750836,0.03412612826993385,0.0
Cosmos3_seed101_0036,24,1,3,0.0800225436687469,0.0,0.0,False,0.6902309060096741,0.1072752848267555,0.9618104696273804,0.6474131941795349,0.96875,0.95703125,/shared/ssd_30T/zhuoyingyang/physact/sam3_robowm/identity_v1/sam_masked_expansion6/crops/Cosmos3_seed101_0036/frame_0024_rank_01.png,/shared/ssd_30T/zhuoyingyang/physact/sam3_robowm/identity_v1/sam_masked_expansion6/crops/Cosmos3_seed101_0036/frame_0024_rank_03.png,T00,T06,0,44,132,21,3,9,0,False,True,True,True,False,True,True,True,True,0.6474131941795349,0.1072752848267555,0.2635364012925144,0.02108885318073464,0.02108885318073464
Cosmos3_seed101_0036,24,2,3,0.3397158086299896,0.0,0.0,False,0.121747963130474,0.1072752848267555,0.6755380630493164,0.6474131941795349,0.96875,0.95703125,/shared/ssd_30T/zhuoyingyang/physact/sam3_robowm/identity_v1/sam_masked_expansion6/crops/Cosmos3_seed101_0036/frame_0024_rank_02.png,/shared/ssd_30T/zhuoyingyang/physact/sam3_robowm/identity_v1/sam_masked_expansion6/crops/Cosmos3_seed101_0036/frame_0024_rank_03.png,T07,T06,24,2,3,21,3,9,0,True,True,False,True,False,True,True,True,True,0.6474131941795349,0.1072752848267555,0.2635364012925144,0.08952748166852396,0.08952748166852396
Cosmos3_seed101_0036,27,1,2,0.1579274982213974,0.0,0.0,False,0.708381712436676,0.1023445725440979,0.9444425106048584,0.6852535009384155,0.97265625,0.97265625,/shared/ssd_30T/zhuoyingyang/physact/sam3_robowm/identity_v1/sam_masked_expansion6/crops/Cosmos3_seed101_0036/frame_0027_rank_01.png,/shared/ssd_30T/zhuoyingyang/physact/sam3_robowm/identity_v1/sam_masked_expansion6/crops/Cosmos3_seed101_0036/frame_0027_rank_02.png,T00,T07,0,44,132,24,2,3,0,False,True,True,False,False,False,False,True,False,0.6852535009384155,0.1023445725440979,0.264824426059774,0.04182305907553755,0.0
Cosmos3_seed101_0036,27,1,3,0.0165173094719648,0.0,0.0,False,0.708381712436676,0.1202659010887146,0.9444425106048584,0.6248560547828674,0.97265625,0.93359375,/shared/ssd_30T/zhuoyingyang/physact/sam3_robowm/identity_v1/sam_masked_expansion6/crops/Cosmos3_seed101_0036/frame_0027_rank_01.png,/shared/ssd_30T/zhuoyingyang/physact/sam3_robowm/identity_v1/sam_masked_expansion6/crops/Cosmos3_seed101_0036/frame_0027_rank_03.png,T00,T02,0,44,132,0,13,45,0,False,False,True,True,False,False,False,True,False,0.6248560547828674,0.1202659010887146,0.2741329540190321,0.00452793883799625,0.0
Cosmos3_seed101_0036,27,2,3,0.1262771785259246,0.0,0.0,False,0.1023445725440979,0.1202659010887146,0.6852535009384155,0.6248560547828674,0.97265625,0.93359375,/shared/ssd_30T/zhuoyingyang/physact/sam3_robowm/identity_v1/sam_masked_expansion6/crops/Cosmos3_seed101_0036/frame_0027_rank_02.png,/shared/ssd_30T/zhuoyingyang/physact/sam3_robowm/identity_v1/sam_masked_expansion6/crops/Cosmos3_seed101_0036/frame_0027_rank_03.png,T07,T02,24,2,3,0,13,45,0,True,False,False,True,False,False,False,True,False,0.6248560547828674,0.1023445725440979,0.25288460971032617,0.03193355500684962,0.0
Cosmos3_seed101_0036,30,1,2,0.1940833628177642,0.0,0.0,False,0.7232589721679688,0.1196740865707397,0.9475991725921632,0.6272964477539062,0.97265625,0.9453125,/shared/ssd_30T/zhuoyingyang/physact/sam3_robowm/identity_v1/sam_masked_expansion6/crops/Cosmos3_seed101_0036/frame_0030_rank_01.png,/shared/ssd_30T/zhuoyingyang/physact/sam3_robowm/identity_v1/sam_masked_expansion6/crops/Cosmos3_seed101_0036/frame_0030_rank_02.png,T00,T02,0,44,132,0,13,45,0,False,False,True,True,False,False,False,True,False,0.6272964477539062,0.1196740865707397,0.27399111188872255,0.053177116377541564,0.0
Cosmos3_seed101_0036,30,1,3,0.1135445684194564,0.0,0.0,False,0.7232589721679688,0.1047171875834465,0.9475991725921632,0.6181781888008118,0.97265625,0.9609375,/shared/ssd_30T/zhuoyingyang/physact/sam3_robowm/identity_v1/sam_masked_expansion6/crops/Cosmos3_seed101_0036/frame_0030_rank_01.png,/shared/ssd_30T/zhuoyingyang/physact/sam3_robowm/identity_v1/sam_masked_expansion6/crops/Cosmos3_seed101_0036/frame_0030_rank_03.png,T00,T06,0,44,132,21,3,9,0,False,True,True,True,False,True,True,True,True,0.6181781888008118,0.1047171875834465,0.25442853880146743,0.028888978631805534,0.028888978631805534
Cosmos3_seed101_0036,30,2,3,0.3745011687278747,0.0,0.0,False,0.1196740865707397,0.1047171875834465,0.6272964477539062,0.6181781888008118,0.9453125,0.9609375,/shared/ssd_30T/zhuoyingyang/physact/sam3_robowm/identity_v1/sam_masked_expansion6/crops/Cosmos3_seed101_0036/frame_0030_rank_02.png,/shared/ssd_30T/zhuoyingyang/physact/sam3_robowm/identity_v1/sam_masked_expansion6/crops/Cosmos3_seed101_0036/frame_0030_rank_03.png,T02,T06,0,13,45,21,3,9,0,False,True,True,True,False,True,True,True,True,0.6181781888008118,0.1047171875834465,0.25442853880146743,0.09528378513887496,0.09528378513887496
Cosmos3_seed101_0036,33,1,2,0.14508818089962,0.0,0.0,False,0.6891391277313232,0.1036392971873283,0.954431176185608,0.6298164129257202,0.97265625,0.94140625,/shared/ssd_30T/zhuoyingyang/physact/sam3_robowm/identity_v1/sam_masked_expansion6/crops/Cosmos3_seed101_0036/frame_0033_rank_01.png,/shared/ssd_30T/zhuoyingyang/physact/sam3_robowm/identity_v1/sam_masked_expansion6/crops/Cosmos3_seed101_0036/frame_0033_rank_02.png,T00,T02,0,44,132,0,13,45,0,False,False,True,True,False,False,False,True,False,0.6298164129257202,0.1036392971873283,0.2554872411543594,0.037068179062148536,0.0
Cosmos3_seed101_0036,33,1,3,0.0632960870862007,0.0168709917894929,1.0,True,0.6891391277313232,0.1991778016090393,0.954431176185608,0.6139092445373535,0.97265625,0.98046875,/shared/ssd_30T/zhuoyingyang/physact/sam3_robowm/identity_v1/sam_masked_expansion6/crops/Cosmos3_seed101_0036/frame_0033_rank_01.png,/shared/ssd_30T/zhuoyingyang/physact/sam3_robowm/identity_v1/sam_masked_expansion6/crops/Cosmos3_seed101_0036/frame_0033_rank_03.png,T00,T08,0,44,132,33,3,6,0,False,True,True,True,False,True,True,False,False,0.6139092445373535,0.1991778016090393,0.3496814174565417,0.022133465451755364,0.0
Cosmos3_seed101_0036,33,2,3,0.3489050567150116,0.1325253370862229,0.9942737471659272,True,0.1036392971873283,0.1991778016090393,0.6298164129257202,0.6139092445373535,0.94140625,0.98046875,/shared/ssd_30T/zhuoyingyang/physact/sam3_robowm/identity_v1/sam_masked_expansion6/crops/Cosmos3_seed101_0036/frame_0033_rank_02.png,/shared/ssd_30T/zhuoyingyang/physact/sam3_robowm/identity_v1/sam_masked_expansion6/crops/Cosmos3_seed101_0036/frame_0033_rank_03.png,T02,T08,0,13,45,33,3,6,0,False,True,True,True,False,True,True,False,False,0.6139092445373535,0.1036392971873283,0.2522402082156114,0.08800788415327422,0.0
Cosmos3_seed101_0036,36,1,2,0.1779301315546035,0.0,0.0,False,0.7030346989631653,0.1133821457624435,0.9454455375671388,0.6356267333030701,0.97265625,0.9453125,/shared/ssd_30T/zhuoyingyang/physact/sam3_robowm/identity_v1/sam_masked_expansion6/crops/Cosmos3_seed101_0036/frame_0036_rank_01.png,/shared/ssd_30T/zhuoyingyang/physact/sam3_robowm/identity_v1/sam_masked_expansion6/crops/Cosmos3_seed101_0036/frame_0036_rank_02.png,T00,T02,0,44,132,0,13,45,0,False,False,True,True,False,False,False,True,False,0.6356267333030701,0.1133821457624435,0.26845618436883606,0.04776644420139389,0.0
Cosmos3_seed101_0036,36,1,3,0.0770587176084518,0.0170900591108777,1.0,True,0.7030346989631653,0.1984517127275467,0.9454455375671388,0.6258600950241089,0.97265625,0.98046875,/shared/ssd_30T/zhuoyingyang/physact/sam3_robowm/identity_v1/sam_masked_expansion6/crops/Cosmos3_seed101_0036/frame_0036_rank_01.png,/shared/ssd_30T/zhuoyingyang/physact/sam3_robowm/identity_v1/sam_masked_expansion6/crops/Cosmos3_seed101_0036/frame_0036_rank_03.png,T00,T08,0,44,132,33,3,6,0,False,True,True,True,False,True,True,False,False,0.6258600950241089,0.1984517127275467,0.3524244710365038,0.027157377791909947,0.0
Cosmos3_seed101_0036,36,2,3,0.3572340607643127,0.1349421459425558,0.9938748931114127,True,0.1133821457624435,0.1984517127275467,0.6356267333030701,0.6258600950241089,0.9453125,0.98046875,/shared/ssd_30T/zhuoyingyang/physact/sam3_robowm/identity_v1/sam_masked_expansion6/crops/Cosmos3_seed101_0036/frame_0036_rank_02.png,/shared/ssd_30T/zhuoyingyang/physact/sam3_robowm/identity_v1/sam_masked_expansion6/crops/Cosmos3_seed101_0036/frame_0036_rank_03.png,T02,T08,0,13,45,33,3,6,0,False,True,True,True,False,True,True,False,False,0.6258600950241089,0.1133821457624435,0.26638573633158413,0.0951620583194233,0.0
Cosmos3_seed101_0036,39,1,2,0.1329228281974792,0.0,0.0,False,0.6964224576950073,0.1120434179902076,0.9285288453102112,0.6258050203323364,0.97265625,0.94140625,/shared/ssd_30T/zhuoyingyang/physact/sam3_robowm/identity_v1/sam_masked_expansion6/crops/Cosmos3_seed101_0036/frame_0039_rank_01.png,/shared/ssd_30T/zhuoyingyang/physact/sam3_robowm/identity_v1/sam_masked_expansion6/crops/Cosmos3_seed101_0036/frame_0039_rank_02.png,T00,T02,0,44,132,0,13,45,0,False,False,True,True,False,False,False,True,False,0.6258050203323364,0.1120434179902076,0.2647967776870903,0.0351975365877472,0.0
Cosmos3_seed101_0036,39,1,3,0.0590642318129539,0.0177212191069638,1.0,True,0.6964224576950073,0.1897756308317184,0.9285288453102112,0.6190755367279053,0.97265625,0.97265625,/shared/ssd_30T/zhuoyingyang/physact/sam3_robowm/identity_v1/sam_masked_expansion6/crops/Cosmos3_seed101_0036/frame_0039_rank_01.png,/shared/ssd_30T/zhuoyingyang/physact/sam3_robowm/identity_v1/sam_masked_expansion6/crops/Cosmos3_seed101_0036/frame_0039_rank_03.png,T00,T08,0,44,132,33,3,6,0,False,True,True,True,False,True,True,False,False,0.6190755367279053,0.1897756308317184,0.34276150675801226,0.0202449450917126,0.0
Cosmos3_seed101_0036,39,2,3,0.190326377749443,0.1386360248552552,0.9941802130006108,True,0.1120434179902076,0.1897756308317184,0.6258050203323364,0.6190755367279053,0.94140625,0.97265625,/shared/ssd_30T/zhuoyingyang/physact/sam3_robowm/identity_v1/sam_masked_expansion6/crops/Cosmos3_seed101_0036/frame_0039_rank_02.png,/shared/ssd_30T/zhuoyingyang/physact/sam3_robowm/identity_v1/sam_masked_expansion6/crops/Cosmos3_seed101_0036/frame_0039_rank_03.png,T02,T08,0,13,45,33,3,6,0,False,True,True,True,False,True,True,False,False,0.6190755367279053,0.1120434179902076,0.2633692068733868,0.05012610715495541,0.0
Cosmos3_seed101_0036,42,1,2,0.0972464382648468,0.0,0.0,False,0.6812334060668945,0.1062544211745262,0.9142216444015504,0.663739025592804,0.97265625,0.96875,/shared/ssd_30T/zhuoyingyang/physact/sam3_robowm/identity_v1/sam_masked_expansion6/crops/Cosmos3_seed101_0036/frame_0042_rank_01.png,/shared/ssd_30T/zhuoyingyang/physact/sam3_robowm/identity_v1/sam_masked_expansion6/crops/Cosmos3_seed101_0036/frame_0042_rank_02.png,T00,T09,0,44,132,42,30,87,0,False,True,True,True,False,True,True,True,True,0.663739025592804,0.1062544211745262,0.2655658223026966,0.02582533034381246,0.02582533034381246
Cosmos3_seed101_0036,42,1,3,0.2123070657253265,0.0,0.0,False,0.6812334060668945,0.1409406810998916,0.9142216444015504,0.6253290176391602,0.97265625,0.94140625,/shared/ssd_30T/zhuoyingyang/physact/sam3_robowm/identity_v1/sam_masked_expansion6/crops/Cosmos3_seed101_0036/frame_0042_rank_01.png,/shared/ssd_30T/zhuoyingyang/physact/sam3_robowm/identity_v1/sam_masked_expansion6/crops/Cosmos3_seed101_0036/frame_0042_rank_03.png,T00,T02,0,44,132,0,13,45,0,False,False,True,True,False,False,False,True,False,0.6253290176391602,0.1409406810998916,0.2968742118433148,0.06302849280597314,0.0
Cosmos3_seed101_0036,42,2,3,0.3081552684307098,0.0,0.0,False,0.1062544211745262,0.1409406810998916,0.663739025592804,0.6253290176391602,0.96875,0.94140625,/shared/ssd_30T/zhuoyingyang/physact/sam3_robowm/identity_v1/sam_masked_expansion6/crops/Cosmos3_seed101_0036/frame_0042_rank_02.png,/shared/ssd_30T/zhuoyingyang/physact/sam3_robowm/identity_v1/sam_masked_expansion6/crops/Cosmos3_seed101_0036/frame_0042_rank_03.png,T09,T02,42,30,87,0,13,45,0,True,False,True,True,True,False,True,True,True,0.6253290176391602,0.1062544211745262,0.2577672842175361,0.07943234666070989,0.07943234666070989
Cosmos3_seed101_0036,45,1,2,0.08272585272789,0.0,0.0,False,0.6819252371788025,0.1181697025895118,0.7873217463493347,0.6842829585075378,0.97265625,0.96484375,/shared/ssd_30T/zhuoyingyang/physact/sam3_robowm/identity_v1/sam_masked_expansion6/crops/Cosmos3_seed101_0036/frame_0045_rank_01.png,/shared/ssd_30T/zhuoyingyang/physact/sam3_robowm/identity_v1/sam_masked_expansion6/crops/Cosmos3_seed101_0036/frame_0045_rank_02.png,T00,T09,0,44,132,42,30,87,0,False,True,True,True,False,True,True,True,True,0.6842829585075378,0.1181697025895118,0.2843615896950694,0.023524054990582997,0.023524054990582997
Cosmos3_seed101_0036,45,1,3,0.1848538219928741,0.0,0.0,False,0.6819252371788025,0.1249049007892608,0.7873217463493347,0.6249394416809082,0.97265625,0.94140625,/shared/ssd_30T/zhuoyingyang/physact/sam3_robowm/identity_v1/sam_masked_expansion6/crops/Cosmos3_seed101_0036/frame_0045_rank_01.png,/shared/ssd_30T/zhuoyingyang/physact/sam3_robowm/identity_v1/sam_masked_expansion6/crops/Cosmos3_seed101_0036/frame_0045_rank_03.png,T00,T02,0,44,132,0,13,45,0,False,False,True,True,False,False,False,True,False,0.6249394416809082,0.1249049007892608,0.27938861637949725,0.05164605355905097,0.0
Cosmos3_seed101_0036,45,2,3,0.2542648315429687,0.0,0.0,False,0.1181697025895118,0.1249049007892608,0.6842829585075378,0.6249394416809082,0.96484375,0.94140625,/shared/ssd_30T/zhuoyingyang/physact/sam3_robowm/identity_v1/sam_masked_expansion6/crops/Cosmos3_seed101_0036/frame_0045_rank_02.png,/shared/ssd_30T/zhuoyingyang/physact/sam3_robowm/identity_v1/sam_masked_expansion6/crops/Cosmos3_seed101_0036/frame_0045_rank_03.png,T09,T02,42,30,87,0,13,45,0,True,False,True,True,True,False,True,True,True,0.6249394416809082,0.1181697025895118,0.27175155557951913,0.06909686350096612,0.06909686350096612
Cosmos3_seed101_0036,48,1,2,0.0720172971487045,0.0,0.0,False,0.6672379970550537,0.1346076875925064,0.8668376207351685,0.6783286333084106,0.97265625,0.96875,/shared/ssd_30T/zhuoyingyang/physact/sam3_robowm/identity_v1/sam_masked_expansion6/crops/Cosmos3_seed101_0036/frame_0048_rank_01.png,/shared/ssd_30T/zhuoyingyang/physact/sam3_robowm/identity_v1/sam_masked_expansion6/crops/Cosmos3_seed101_0036/frame_0048_rank_02.png,T00,T09,0,44,132,42,30,87,0,False,True,True,True,False,True,True,True,True,0.6783286333084106,0.1346076875925064,0.30217254798778526,0.0217616501786175,0.0217616501786175
Cosmos3_seed101_0036,48,1,3,0.0459251105785369,0.0,0.0,False,0.6672379970550537,0.1274187266826629,0.8668376207351685,0.6419058442115784,0.97265625,0.94140625,/shared/ssd_30T/zhuoyingyang/physact/sam3_robowm/identity_v1/sam_masked_expansion6/crops/Cosmos3_seed101_0036/frame_0048_rank_01.png,/shared/ssd_30T/zhuoyingyang/physact/sam3_robowm/identity_v1/sam_masked_expansion6/crops/Cosmos3_seed101_0036/frame_0048_rank_03.png,T00,T10,0,44,132,48,5,15,0,False,True,True,True,False,True,True,True,True,0.6419058442115784,0.1274187266826629,0.28599095321285795,0.013134166150761673,0.013134166150761673
Cosmos3_seed101_0036,48,2,3,0.2018263489007949,0.0,0.0,False,0.1346076875925064,0.1274187266826629,0.6783286333084106,0.6419058442115784,0.96875,0.94140625,/shared/ssd_30T/zhuoyingyang/physact/sam3_robowm/identity_v1/sam_masked_expansion6/crops/Cosmos3_seed101_0036/frame_0048_rank_02.png,/shared/ssd_30T/zhuoyingyang/physact/sam3_robowm/identity_v1/sam_masked_expansion6/crops/Cosmos3_seed101_0036/frame_0048_rank_03.png,T09,T10,42,30,87,48,5,15,0,True,True,True,True,True,True,True,True,True,0.6419058442115784,0.1274187266826629,0.28599095321285795,0.05772050990560918,0.05772050990560918
Cosmos3_seed101_0036,51,1,2,0.1381456702947616,0.0127939164694498,0.0290862076706816,False,0.6687854528427124,0.1131014302372932,0.7584356069564819,0.6645421981811523,0.97265625,0.96875,/shared/ssd_30T/zhuoyingyang/physact/sam3_robowm/identity_v1/sam_masked_expansion6/crops/Cosmos3_seed101_0036/frame_0051_rank_01.png,/shared/ssd_30T/zhuoyingyang/physact/sam3_robowm/identity_v1/sam_masked_expansion6/crops/Cosmos3_seed101_0036/frame_0051_rank_02.png,T00,T09,0,44,132,42,30,87,0,False,True,True,True,False,True,True,True,True,0.6645421981811523,0.1131014302372932,0.27415446935500265,0.03787325293335152,0.03787325293335152
Cosmos3_seed101_0036,51,1,3,0.1541492789983749,0.0,0.0,False,0.6687854528427124,0.1378577351570129,0.7584356069564819,0.6314727067947388,0.97265625,0.93359375,/shared/ssd_30T/zhuoyingyang/physact/sam3_robowm/identity_v1/sam_masked_expansion6/crops/Cosmos3_seed101_0036/frame_0051_rank_01.png,/shared/ssd_30T/zhuoyingyang/physact/sam3_robowm/identity_v1/sam_masked_expansion6/crops/Cosmos3_seed101_0036/frame_0051_rank_03.png,T00,T10,0,44,132,48,5,15,0,False,True,True,True,False,True,True,True,True,0.6314727067947388,0.1378577351570129,0.295048126874568,0.0454814560275357,0.0454814560275357
Cosmos3_seed101_0036,51,2,3,0.1829407513141632,0.0,0.0,False,0.1131014302372932,0.1378577351570129,0.6645421981811523,0.6314727067947388,0.96875,0.93359375,/shared/ssd_30T/zhuoyingyang/physact/sam3_robowm/identity_v1/sam_masked_expansion6/crops/Cosmos3_seed101_0036/frame_0051_rank_02.png,/shared/ssd_30T/zhuoyingyang/physact/sam3_robowm/identity_v1/sam_masked_expansion6/crops/Cosmos3_seed101_0036/frame_0051_rank_03.png,T09,T10,42,30,87,48,5,15,0,True,True,True,True,True,True,True,True,True,0.6314727067947388,0.1131014302372932,0.2672460781644884,0.0488901983251751,0.0488901983251751
Cosmos3_seed101_0036,54,1,2,0.2289006859064102,0.0477902057709226,0.1069792826613159,False,0.6119878888130188,0.1362068355083465,0.7750155925750732,0.7036523222923279,0.97265625,0.96484375,/shared/ssd_30T/zhuoyingyang/physact/sam3_robowm/identity_v1/sam_masked_expansion6/crops/Cosmos3_seed101_0036/frame_0054_rank_01.png,/shared/ssd_30T/zhuoyingyang/physact/sam3_robowm/identity_v1/sam_masked_expansion6/crops/Cosmos3_seed101_0036/frame_0054_rank_02.png,T00,T09,0,44,132,42,30,87,0,False,True,True,True,False,True,True,True,True,0.7036523222923279,0.1362068355083465,0.30958400494459837,0.07086399107747204,0.07086399107747204
Cosmos3_seed101_0036,54,1,3,0.1582570672035217,0.0,0.0,False,0.6119878888130188,0.1605609059333801,0.7750155925750732,0.6350023746490479,0.97265625,0.9375,/shared/ssd_30T/zhuoyingyang/physact/sam3_robowm/identity_v1/sam_masked_expansion6/crops/Cosmos3_seed101_0036/frame_0054_rank_01.png,/shared/ssd_30T/zhuoyingyang/physact/sam3_robowm/identity_v1/sam_masked_expansion6/crops/Cosmos3_seed101_0036/frame_0054_rank_03.png,T00,T10,0,44,132,48,5,15,0,False,True,True,True,False,True,True,True,True,0.6350023746490479,0.1605609059333801,0.31930636784050953,0.05053248931384794,0.05053248931384794
Cosmos3_seed101_0036,54,2,3,0.2461138367652893,0.0,0.0,False,0.1362068355083465,0.1605609059333801,0.7036523222923279,0.6350023746490479,0.96484375,0.9375,/shared/ssd_30T/zhuoyingyang/physact/sam3_robowm/identity_v1/sam_masked_expansion6/crops/Cosmos3_seed101_0036/frame_0054_rank_02.png,/shared/ssd_30T/zhuoyingyang/physact/sam3_robowm/identity_v1/sam_masked_expansion6/crops/Cosmos3_seed101_0036/frame_0054_rank_03.png,T09,T10,42,30,87,48,5,15,0,True,True,True,True,True,True,True,True,True,0.6350023746490479,0.1362068355083465,0.2940946514155473,0.07238076303203067,0.07238076303203067
Cosmos3_seed101_0036,57,1,2,0.2444890737533569,0.0406696320221672,0.0888428030587503,False,0.6011360883712769,0.1404992789030075,0.7684042453765869,0.7182357311248779,0.97265625,0.9609375,/shared/ssd_30T/zhuoyingyang/physact/sam3_robowm/identity_v1/sam_masked_expansion6/crops/Cosmos3_seed101_0036/frame_0057_rank_01.png,/shared/ssd_30T/zhuoyingyang/physact/sam3_robowm/identity_v1/sam_masked_expansion6/crops/Cosmos3_seed101_0036/frame_0057_rank_02.png,T00,T09,0,44,132,42,30,87,0,False,True,True,True,False,True,True,True,True,0.7182357311248779,0.1404992789030075,0.3176658658172447,0.07766583329671632,0.07766583329671632
Cosmos3_seed101_0036,57,1,3,0.1809122860431671,0.0,0.0,False,0.6011360883712769,0.1565444469451904,0.7684042453765869,0.6405933499336243,0.97265625,0.94140625,/shared/ssd_30T/zhuoyingyang/physact/sam3_robowm/identity_v1/sam_masked_expansion6/crops/Cosmos3_seed101_0036/frame_0057_rank_01.png,/shared/ssd_30T/zhuoyingyang/physact/sam3_robowm/identity_v1/sam_masked_expansion6/crops/Cosmos3_seed101_0036/frame_0057_rank_03.png,T00,T10,0,44,132,48,5,15,0,False,True,True,True,False,True,True,True,True,0.6405933499336243,0.1565444469451904,0.31667227804486775,0.057289905747594454,0.057289905747594454
Cosmos3_seed101_0036,57,2,3,0.1840222328901291,0.0,0.0,False,0.1404992789030075,0.1565444469451904,0.7182357311248779,0.6405933499336243,0.9609375,0.94140625,/shared/ssd_30T/zhuoyingyang/physact/sam3_robowm/identity_v1/sam_masked_expansion6/crops/Cosmos3_seed101_0036/frame_0057_rank_02.png,/shared/ssd_30T/zhuoyingyang/physact/sam3_robowm/identity_v1/sam_masked_expansion6/crops/Cosmos3_seed101_0036/frame_0057_rank_03.png,T09,T10,42,30,87,48,5,15,0,True,True,True,True,True,True,True,True,True,0.6405933499336243,0.1404992789030075,0.3000048395205253,0.05520756044641191,0.05520756044641191
Cosmos3_seed101_0036,60,1,2,0.2356794327497482,0.0363051941369893,0.0789827480482232,False,0.6366235613822937,0.117273986339569,0.8262524604797363,0.6992502212524414,0.97265625,0.9609375,/shared/ssd_30T/zhuoyingyang/physact/sam3_robowm/identity_v1/sam_masked_expansion6/crops/Cosmos3_seed101_0036/frame_0060_rank_01.png,/shared/ssd_30T/zhuoyingyang/physact/sam3_robowm/identity_v1/sam_masked_expansion6/crops/Cosmos3_seed101_0036/frame_0060_rank_02.png,T00,T09,0,44,132,42,30,87,0,False,True,True,True,False,True,True,True,True,0.6992502212524414,0.117273986339569,0.2863631626014411,0.06748990772233156,0.06748990772233156
Cosmos3_seed101_0036,60,1,3,0.2983722686767578,0.0,0.0,False,0.6366235613822937,0.1521485298871994,0.8262524604797363,0.634068489074707,0.97265625,0.9375,/shared/ssd_30T/zhuoyingyang/physact/sam3_robowm/identity_v1/sam_masked_expansion6/crops/Cosmos3_seed101_0036/frame_0060_rank_01.png,/shared/ssd_30T/zhuoyingyang/physact/sam3_robowm/identity_v1/sam_masked_expansion6/crops/Cosmos3_seed101_0036/frame_0060_rank_03.png,T00,T11,0,44,132,60,15,48,0,False,True,True,True,False,True,True,True,True,0.634068489074707,0.1521485298871994,0.3106003677726645,0.09267453638416523,0.09267453638416523
Cosmos3_seed101_0036,60,2,3,0.2480835318565368,0.0,0.0,False,0.117273986339569,0.1521485298871994,0.6992502212524414,0.634068489074707,0.9609375,0.9375,/shared/ssd_30T/zhuoyingyang/physact/sam3_robowm/identity_v1/sam_masked_expansion6/crops/Cosmos3_seed101_0036/frame_0060_rank_02.png,/shared/ssd_30T/zhuoyingyang/physact/sam3_robowm/identity_v1/sam_masked_expansion6/crops/Cosmos3_seed101_0036/frame_0060_rank_03.png,T09,T11,42,30,87,60,15,48,0,True,True,True,True,True,True,True,True,True,0.634068489074707,0.117273986339569,0.272689822556872,0.06764985428124112,0.06764985428124112
Cosmos3_seed101_0036,63,1,2,0.1596467345952987,0.0433350107893555,0.0924387730553856,False,0.6162049174308777,0.1476301401853561,0.7620935440063477,0.7170035243034363,0.97265625,0.9609375,/shared/ssd_30T/zhuoyingyang/physact/sam3_robowm/identity_v1/sam_masked_expansion6/crops/Cosmos3_seed101_0036/frame_0063_rank_01.png,/shared/ssd_30T/zhuoyingyang/physact/sam3_robowm/identity_v1/sam_masked_expansion6/crops/Cosmos3_seed101_0036/frame_0063_rank_02.png,T00,T09,0,44,132,42,30,87,0,False,True,True,True,False,True,True,True,True,0.7170035243034363,0.1476301401853561,0.3253480149106656,0.051940748187550324,0.051940748187550324
Cosmos3_seed101_0036,63,1,3,0.0782795548439025,0.0,0.0,False,0.6162049174308777,0.1301332861185073,0.7620935440063477,0.6261377930641174,0.97265625,0.9453125,/shared/ssd_30T/zhuoyingyang/physact/sam3_robowm/identity_v1/sam_masked_expansion6/crops/Cosmos3_seed101_0036/frame_0063_rank_01.png,/shared/ssd_30T/zhuoyingyang/physact/sam3_robowm/identity_v1/sam_masked_expansion6/crops/Cosmos3_seed101_0036/frame_0063_rank_03.png,T00,T10,0,44,132,48,5,15,0,False,True,True,True,False,True,True,True,True,0.6261377930641174,0.1301332861185073,0.2854494150885994,0.022344853143587907,0.022344853143587907
Cosmos3_seed101_0036,63,2,3,0.2056523561477661,0.0,0.0,False,0.1476301401853561,0.1301332861185073,0.7170035243034363,0.6261377930641174,0.9609375,0.9453125,/shared/ssd_30T/zhuoyingyang/physact/sam3_robowm/identity_v1/sam_masked_expansion6/crops/Cosmos3_seed101_0036/frame_0063_rank_02.png,/shared/ssd_30T/zhuoyingyang/physact/sam3_robowm/identity_v1/sam_masked_expansion6/crops/Cosmos3_seed101_0036/frame_0063_rank_03.png,T09,T10,42,30,87,48,5,15,0,True,True,True,True,True,True,True,True,True,0.6261377930641174,0.1301332861185073,0.2854494150885994,0.05870334477397216,0.05870334477397216
Cosmos3_seed101_0036,66,1,2,0.1546345353126526,0.0442793352980842,0.0940872221653358,False,0.6295642852783203,0.1407654285430908,0.763396680355072,0.6857596635818481,0.96875,0.9609375,/shared/ssd_30T/zhuoyingyang/physact/sam3_robowm/identity_v1/sam_masked_expansion6/crops/Cosmos3_seed101_0036/frame_0066_rank_01.png,/shared/ssd_30T/zhuoyingyang/physact/sam3_robowm/identity_v1/sam_masked_expansion6/crops/Cosmos3_seed101_0036/frame_0066_rank_02.png,T00,T09,0,44,132,42,30,87,0,False,True,True,True,False,True,True,True,True,0.6857596635818481,0.1407654285430908,0.3106947906252447,0.0480441445723966,0.0480441445723966
Cosmos3_seed101_0036,66,1,3,0.2900300323963165,0.0,0.0,False,0.6295642852783203,0.1497754752635955,0.763396680355072,0.6275861859321594,0.96875,0.9453125,/shared/ssd_30T/zhuoyingyang/physact/sam3_robowm/identity_v1/sam_masked_expansion6/crops/Cosmos3_seed101_0036/frame_0066_rank_01.png,/shared/ssd_30T/zhuoyingyang/physact/sam3_robowm/identity_v1/sam_masked_expansion6/crops/Cosmos3_seed101_0036/frame_0066_rank_03.png,T00,T11,0,44,132,60,15,48,0,False,True,True,True,False,True,True,True,True,0.6275861859321594,0.1497754752635955,0.30658933325681176,0.08892011425683818,0.08892011425683818
Cosmos3_seed101_0036,66,2,3,0.3172871470451355,0.0,0.0,False,0.1407654285430908,0.1497754752635955,0.6857596635818481,0.6275861859321594,0.9609375,0.9453125,/shared/ssd_30T/zhuoyingyang/physact/sam3_robowm/identity_v1/sam_masked_expansion6/crops/Cosmos3_seed101_0036/frame_0066_rank_02.png,/shared/ssd_30T/zhuoyingyang/physact/sam3_robowm/identity_v1/sam_masked_expansion6/crops/Cosmos3_seed101_0036/frame_0066_rank_03.png,T09,T11,42,30,87,60,15,48,0,True,True,True,True,True,True,True,True,True,0.6275861859321594,0.1407654285430908,0.2972245588952304,0.0943055323236165,0.0943055323236165
Cosmos3_seed101_0036,69,1,2,0.2937520444393158,0.0609871307218544,0.1269291378993311,False,0.6117658019065857,0.1435516774654388,0.7632696628570557,0.7001171708106995,0.96875,0.96484375,/shared/ssd_30T/zhuoyingyang/physact/sam3_robowm/identity_v1/sam_masked_expansion6/crops/Cosmos3_seed101_0036/frame_0069_rank_01.png,/shared/ssd_30T/zhuoyingyang/physact/sam3_robowm/identity_v1/sam_masked_expansion6/crops/Cosmos3_seed101_0036/frame_0069_rank_02.png,T00,T09,0,44,132,42,30,87,0,False,True,True,True,False,True,True,True,True,0.7001171708106995,0.1435516774654388,0.31702207224771123,0.09312588185515365,0.09312588185515365
Cosmos3_seed101_0036,69,1,3,0.2961769700050354,0.0,0.0,False,0.6117658019065857,0.1444661915302276,0.7632696628570557,0.6334230303764343,0.96875,0.9453125,/shared/ssd_30T/zhuoyingyang/physact/sam3_robowm/identity_v1/sam_masked_expansion6/crops/Cosmos3_seed101_0036/frame_0069_rank_01.png,/shared/ssd_30T/zhuoyingyang/physact/sam3_robowm/identity_v1/sam_masked_expansion6/crops/Cosmos3_seed101_0036/frame_0069_rank_03.png,T00,T11,0,44,132,60,15,48,0,False,True,True,True,False,True,True,True,True,0.6334230303764343,0.1444661915302276,0.30250324432312975,0.08959449432031749,0.08959449432031749
Cosmos3_seed101_0036,69,2,3,0.2727458477020263,0.0,0.0,False,0.1435516774654388,0.1444661915302276,0.7001171708106995,0.6334230303764343,0.96484375,0.9453125,/shared/ssd_30T/zhuoyingyang/physact/sam3_robowm/identity_v1/sam_masked_expansion6/crops/Cosmos3_seed101_0036/frame_0069_rank_02.png,/shared/ssd_30T/zhuoyingyang/physact/sam3_robowm/identity_v1/sam_masked_expansion6/crops/Cosmos3_seed101_0036/frame_0069_rank_03.png,T09,T11,42,30,87,60,15,48,0,True,True,True,True,True,True,True,True,True,0.6334230303764343,0.1435516774654388,0.3015442563800192,0.0822449438260455,0.0822449438260455
Cosmos3_seed101_0036,72,1,2,0.2238550335168838,0.4033726445472129,0.9994107016945836,True,0.4619073569774627,0.1415100246667862,0.7869874835014343,0.7703617811203003,0.97265625,0.97265625,/shared/ssd_30T/zhuoyingyang/physact/sam3_robowm/identity_v1/sam_masked_expansion6/crops/Cosmos3_seed101_0036/frame_0072_rank_01.png,/shared/ssd_30T/zhuoyingyang/physact/sam3_robowm/identity_v1/sam_masked_expansion6/crops/Cosmos3_seed101_0036/frame_0072_rank_02.png,T00,T11,0,44,132,60,15,48,0,False,True,True,True,False,True,True,False,False,0.7703617811203003,0.1415100246667862,0.3301725528396978,0.07391078788228564,0.0
Cosmos3_seed101_0036,72,1,3,0.2672784030437469,0.0434972876980582,0.0907874688364233,False,0.4619073569774627,0.1572314202785492,0.7869874835014343,0.6567376852035522,0.97265625,0.9609375,/shared/ssd_30T/zhuoyingyang/physact/sam3_robowm/identity_v1/sam_masked_expansion6/crops/Cosmos3_seed101_0036/frame_0072_rank_01.png,/shared/ssd_30T/zhuoyingyang/physact/sam3_robowm/identity_v1/sam_masked_expansion6/crops/Cosmos3_seed101_0036/frame_0072_rank_03.png,T00,T09,0,44,132,42,30,87,0,False,True,True,True,False,True,True,True,True,0.6567376852035522,0.1572314202785492,0.32134062767568194,0.08588740979823152,0.08588740979823152
Cosmos3_seed101_0036,72,2,3,0.3638726770877838,0.4741180387026246,0.9979422872919396,True,0.1415100246667862,0.1572314202785492,0.7703617811203003,0.6567376852035522,0.97265625,0.9609375,/shared/ssd_30T/zhuoyingyang/physact/sam3_robowm/identity_v1/sam_masked_expansion6/crops/Cosmos3_seed101_0036/frame_0072_rank_02.png,/shared/ssd_30T/zhuoyingyang/physact/sam3_robowm/identity_v1/sam_masked_expansion6/crops/Cosmos3_seed101_0036/frame_0072_rank_03.png,T11,T09,60,15,48,42,30,87,0,True,True,True,True,True,True,True,False,False,0.6567376852035522,0.1415100246667862,0.30485236760235723,0.1109274471160189,0.0
Cosmos3_seed101_0036,75,1,2,0.5043860673904419,0.4000267067198129,1.0,True,0.4105283915996551,0.1519294381141662,0.8663917779922485,0.772330105304718,0.97265625,0.97265625,/shared/ssd_30T/zhuoyingyang/physact/sam3_robowm/identity_v1/sam_masked_expansion6/crops/Cosmos3_seed101_0036/frame_0075_rank_01.png,/shared/ssd_30T/zhuoyingyang/physact/sam3_robowm/identity_v1/sam_masked_expansion6/crops/Cosmos3_seed101_0036/frame_0075_rank_02.png,T00,T11,0,44,132,60,15,48,0,False,True,True,True,False,True,True,False,False,0.772330105304718,0.1519294381141662,0.3425487978925056,0.1727768410583242,0.0
Cosmos3_seed101_0036,75,1,3,0.2649900019168854,0.1873241459578097,1.0,True,0.4105283915996551,0.1160307303071022,0.8663917779922485,0.6584928035736084,0.97265625,0.9453125,/shared/ssd_30T/zhuoyingyang/physact/sam3_robowm/identity_v1/sam_masked_expansion6/crops/Cosmos3_seed101_0036/frame_0075_rank_01.png,/shared/ssd_30T/zhuoyingyang/physact/sam3_robowm/identity_v1/sam_masked_expansion6/crops/Cosmos3_seed101_0036/frame_0075_rank_03.png,T00,T09,0,44,132,42,30,87,0,False,True,True,True,False,True,True,False,False,0.6584928035736084,0.1160307303071022,0.2764152689353773,0.07324728264504202,0.0
Cosmos3_seed101_0036,75,2,3,0.5250296592712402,0.4562663040801478,0.982384356921405,True,0.1519294381141662,0.1160307303071022,0.772330105304718,0.6584928035736084,0.97265625,0.9453125,/shared/ssd_30T/zhuoyingyang/physact/sam3_robowm/identity_v1/sam_masked_expansion6/crops/Cosmos3_seed101_0036/frame_0075_rank_02.png,/shared/ssd_30T/zhuoyingyang/physact/sam3_robowm/identity_v1/sam_masked_expansion6/crops/Cosmos3_seed101_0036/frame_0075_rank_03.png,T11,T09,60,15,48,42,30,87,0,True,True,True,True,True,True,True,False,False,0.6584928035736084,0.1160307303071022,0.2764152689353773,0.1451262144665094,0.0
Cosmos3_seed101_0036,78,1,2,0.2417415678501129,0.1815394435701401,1.0,True,0.4438865482807159,0.1120183020830154,0.8604122996330261,0.6492936611175537,0.96875,0.94140625,/shared/ssd_30T/zhuoyingyang/physact/sam3_robowm/identity_v1/sam_masked_expansion6/crops/Cosmos3_seed101_0036/frame_0078_rank_01.png,/shared/ssd_30T/zhuoyingyang/physact/sam3_robowm/identity_v1/sam_masked_expansion6/crops/Cosmos3_seed101_0036/frame_0078_rank_02.png,T00,T09,0,44,132,42,30,87,0,False,True,True,True,False,True,True,False,False,0.6492936611175537,0.1120183020830154,0.26969014344549774,0.06519531811023647,0.0
Cosmos3_seed101_0036,78,1,3,0.2931177020072937,0.0,0.0,False,0.4438865482807159,0.1647254973649978,0.8604122996330261,0.6305088996887207,0.96875,0.9609375,/shared/ssd_30T/zhuoyingyang/physact/sam3_robowm/identity_v1/sam_masked_expansion6/crops/Cosmos3_seed101_0036/frame_0078_rank_01.png,/shared/ssd_30T/zhuoyingyang/physact/sam3_robowm/identity_v1/sam_masked_expansion6/crops/Cosmos3_seed101_0036/frame_0078_rank_03.png,T00,T12,0,44,132,78,1,0,0,False,True,True,False,False,False,False,True,False,0.6305088996887207,0.1647254973649978,0.3222745601102917,0.09446437847494014,0.0
Cosmos3_seed101_0036,78,2,3,0.2437038719654083,0.0,0.0,False,0.1120183020830154,0.1647254973649978,0.6492936611175537,0.6305088996887207,0.94140625,0.9609375,/shared/ssd_30T/zhuoyingyang/physact/sam3_robowm/identity_v1/sam_masked_expansion6/crops/Cosmos3_seed101_0036/frame_0078_rank_02.png,/shared/ssd_30T/zhuoyingyang/physact/sam3_robowm/identity_v1/sam_masked_expansion6/crops/Cosmos3_seed101_0036/frame_0078_rank_03.png,T09,T12,42,30,87,78,1,0,0,True,True,True,False,True,False,True,True,True,0.6305088996887207,0.1120183020830154,0.265760298749382,0.06476681381990805,0.06476681381990805
Cosmos3_seed101_0036,81,1,2,0.2748571932315826,0.1411038423710299,0.3220370326435346,False,0.4398734867572784,0.1457183957099914,0.8515503406524658,0.6928380727767944,0.96875,0.95703125,/shared/ssd_30T/zhuoyingyang/physact/sam3_robowm/identity_v1/sam_masked_expansion6/crops/Cosmos3_seed101_0036/frame_0081_rank_01.png,/shared/ssd_30T/zhuoyingyang/physact/sam3_robowm/identity_v1/sam_masked_expansion6/crops/Cosmos3_seed101_0036/frame_0081_rank_02.png,T00,T11,0,44,132,60,15,48,0,False,True,True,True,False,True,True,True,True,0.6928380727767944,0.1457183957099914,0.3177408573851288,0.08733336023587307,0.08733336023587307
Cosmos3_seed101_0036,81,1,3,0.2101702094078064,0.1778817388369809,1.0,True,0.4398734867572784,0.1334609389305114,0.8515503406524658,0.6533570885658264,0.96875,0.94921875,/shared/ssd_30T/zhuoyingyang/physact/sam3_robowm/identity_v1/sam_masked_expansion6/crops/Cosmos3_seed101_0036/frame_0081_rank_01.png,/shared/ssd_30T/zhuoyingyang/physact/sam3_robowm/identity_v1/sam_masked_expansion6/crops/Cosmos3_seed101_0036/frame_0081_rank_03.png,T00,T09,0,44,132,42,30,87,0,False,True,True,True,False,True,True,False,False,0.6533570885658264,0.1334609389305114,0.29529248296714306,0.06206168298175556,0.0
Cosmos3_seed101_0036,81,2,3,0.3372494280338287,0.2846290262945288,0.9979600413342444,True,0.1457183957099914,0.1334609389305114,0.6928380727767944,0.6533570885658264,0.95703125,0.94921875,/shared/ssd_30T/zhuoyingyang/physact/sam3_robowm/identity_v1/sam_masked_expansion6/crops/Cosmos3_seed101_0036/frame_0081_rank_02.png,/shared/ssd_30T/zhuoyingyang/physact/sam3_robowm/identity_v1/sam_masked_expansion6/crops/Cosmos3_seed101_0036/frame_0081_rank_03.png,T11,T09,60,15,48,42,30,87,0,True,True,True,True,True,True,True,False,False,0.6533570885658264,0.1334609389305114,0.29529248296714306,0.0995872209833581,0.0
Cosmos3_seed101_0036,84,1,2,0.3096623122692108,0.3764985154038672,1.0,True,0.3753986954689026,0.1494137644767761,0.8356245756149292,0.7962071895599365,0.96875,0.96875,/shared/ssd_30T/zhuoyingyang/physact/sam3_robowm/identity_v1/sam_masked_expansion6/crops/Cosmos3_seed101_0036/frame_0084_rank_01.png,/shared/ssd_30T/zhuoyingyang/physact/sam3_robowm/identity_v1/sam_masked_expansion6/crops/Cosmos3_seed101_0036/frame_0084_rank_02.png,T00,T11,0,44,132,60,15,48,0,False,True,True,True,False,True,True,False,False,0.7962071895599365,0.1494137644767761,0.34491203733071446,0.1068062590093134,0.0
Cosmos3_seed101_0036,84,1,3,0.2628930509090423,0.1809874640694413,1.0,True,0.3753986954689026,0.1111185029149055,0.8356245756149292,0.6565569639205933,0.96875,0.94140625,/shared/ssd_30T/zhuoyingyang/physact/sam3_robowm/identity_v1/sam_masked_expansion6/crops/Cosmos3_seed101_0036/frame_0084_rank_01.png,/shared/ssd_30T/zhuoyingyang/physact/sam3_robowm/identity_v1/sam_masked_expansion6/crops/Cosmos3_seed101_0036/frame_0084_rank_03.png,T00,T09,0,44,132,42,30,87,0,False,True,True,True,False,True,True,False,False,0.6565569639205933,0.1111185029149055,0.27010299315115327,0.07100819992917085,0.0
Cosmos3_seed101_0036,84,2,3,0.5826539397239685,0.4801074669709531,0.9991499374419052,True,0.1494137644767761,0.1111185029149055,0.7962071895599365,0.6565569639205933,0.96875,0.94140625,/shared/ssd_30T/zhuoyingyang/physact/sam3_robowm/identity_v1/sam_masked_expansion6/crops/Cosmos3_seed101_0036/frame_0084_rank_02.png,/shared/ssd_30T/zhuoyingyang/physact/sam3_robowm/identity_v1/sam_masked_expansion6/crops/Cosmos3_seed101_0036/frame_0084_rank_03.png,T11,T09,60,15,48,42,30,87,0,True,True,True,True,True,True,True,False,False,0.6565569639205933,0.1111185029149055,0.27010299315115327,0.15737657309075553,0.0
Cosmos3_seed101_0036,87,1,2,0.4030883908271789,0.4106208476826772,1.0,True,0.3831553161144256,0.1027501598000526,0.8476086854934692,0.7999672889709473,0.96875,0.97265625,/shared/ssd_30T/zhuoyingyang/physact/sam3_robowm/identity_v1/sam_masked_expansion6/crops/Cosmos3_seed101_0036/frame_0087_rank_01.png,/shared/ssd_30T/zhuoyingyang/physact/sam3_robowm/identity_v1/sam_masked_expansion6/crops/Cosmos3_seed101_0036/frame_0087_rank_02.png,T00,T11,0,44,132,60,15,48,0,False,True,True,True,False,True,True,False,False,0.7999672889709473,0.1027501598000526,0.2866997851003375,0.11556535502659304,0.0
Cosmos3_seed101_0036,87,1,3,0.401646614074707,0.1024997152910152,0.2059118392807738,False,0.3831553161144256,0.1353378593921661,0.8476086854934692,0.6952250003814697,0.96875,0.94921875,/shared/ssd_30T/zhuoyingyang/physact/sam3_robowm/identity_v1/sam_masked_expansion6/crops/Cosmos3_seed101_0036/frame_0087_rank_01.png,/shared/ssd_30T/zhuoyingyang/physact/sam3_robowm/identity_v1/sam_masked_expansion6/crops/Cosmos3_seed101_0036/frame_0087_rank_03.png,T00,T09,0,44,132,42,30,87,0,False,True,True,True,False,True,True,True,True,0.6952250003814697,0.1353378593921661,0.30674136230307447,0.12320162956569282,0.12320162956569282
Cosmos3_seed101_0036,87,2,3,0.5224712491035461,0.495377953762282,0.9953752607069654,True,0.1027501598000526,0.1353378593921661,0.7999672889709473,0.6952250003814697,0.97265625,0.94921875,/shared/ssd_30T/zhuoyingyang/physact/sam3_robowm/identity_v1/sam_masked_expansion6/crops/Cosmos3_seed101_0036/frame_0087_rank_02.png,/shared/ssd_30T/zhuoyingyang/physact/sam3_robowm/identity_v1/sam_masked_expansion6/crops/Cosmos3_seed101_0036/frame_0087_rank_03.png,T11,T09,60,15,48,42,30,87,0,True,True,True,True,True,True,True,False,False,0.6952250003814697,0.1027501598000526,0.26727229539588954,0.13964209002626238,0.0
Cosmos3_seed101_0036,90,1,2,0.4092119932174682,0.442614158248807,1.0,True,0.3960023522377014,0.1276450008153915,0.7793889045715332,0.7616908550262451,0.96484375,0.97265625,/shared/ssd_30T/zhuoyingyang/physact/sam3_robowm/identity_v1/sam_masked_expansion6/crops/Cosmos3_seed101_0036/frame_0090_rank_01.png,/shared/ssd_30T/zhuoyingyang/physact/sam3_robowm/identity_v1/sam_masked_expansion6/crops/Cosmos3_seed101_0036/frame_0090_rank_02.png,T00,T11,0,44,132,60,15,48,0,False,True,True,True,False,True,True,False,False,0.7616908550262451,0.1276450008153915,0.31181088789665656,0.12759675494309936,0.0
Cosmos3_seed101_0036,90,1,3,0.2902136147022247,0.1009741537451313,0.1845912574058387,False,0.3960023522377014,0.1749231815338134,0.7793889045715332,0.6737013459205627,0.96484375,0.9609375,/shared/ssd_30T/zhuoyingyang/physact/sam3_robowm/identity_v1/sam_masked_expansion6/crops/Cosmos3_seed101_0036/frame_0090_rank_01.png,/shared/ssd_30T/zhuoyingyang/physact/sam3_robowm/identity_v1/sam_masked_expansion6/crops/Cosmos3_seed101_0036/frame_0090_rank_03.png,T00,T09,0,44,132,42,30,87,0,False,True,True,True,False,True,True,True,True,0.6737013459205627,0.1749231815338134,0.343287026891546,0.09962656895457538,0.09962656895457538
Cosmos3_seed101_0036,90,2,3,0.4517703056335449,0.4440736675210912,0.9935737350602613,True,0.1276450008153915,0.1749231815338134,0.7616908550262451,0.6737013459205627,0.97265625,0.9609375,/shared/ssd_30T/zhuoyingyang/physact/sam3_robowm/identity_v1/sam_masked_expansion6/crops/Cosmos3_seed101_0036/frame_0090_rank_02.png,/shared/ssd_30T/zhuoyingyang/physact/sam3_robowm/identity_v1/sam_masked_expansion6/crops/Cosmos3_seed101_0036/frame_0090_rank_03.png,T11,T09,60,15,48,42,30,87,0,True,True,True,True,True,True,True,False,False,0.6737013459205627,0.1276450008153915,0.2932483739926968,0.13248090754522074,0.0
Cosmos3_seed101_0036,93,1,2,0.3878366351127624,0.4333228846735268,1.0,True,0.5266373753547668,0.1223022267222404,0.8294734358787537,0.7769557237625122,0.96875,0.97265625,/shared/ssd_30T/zhuoyingyang/physact/sam3_robowm/identity_v1/sam_masked_expansion6/crops/Cosmos3_seed101_0036/frame_0093_rank_01.png,/shared/ssd_30T/zhuoyingyang/physact/sam3_robowm/identity_v1/sam_masked_expansion6/crops/Cosmos3_seed101_0036/frame_0093_rank_02.png,T00,T11,0,44,132,60,15,48,0,False,True,True,True,False,True,True,False,False,0.7769557237625122,0.1223022267222404,0.3082586820849417,0.11955401000411857,0.0
Cosmos3_seed101_0036,93,1,3,0.4392224550247192,0.1229352190542739,0.2337008485439869,False,0.5266373753547668,0.1358881592750549,0.8294734358787537,0.6675782203674316,0.96875,0.95703125,/shared/ssd_30T/zhuoyingyang/physact/sam3_robowm/identity_v1/sam_masked_expansion6/crops/Cosmos3_seed101_0036/frame_0093_rank_01.png,/shared/ssd_30T/zhuoyingyang/physact/sam3_robowm/identity_v1/sam_masked_expansion6/crops/Cosmos3_seed101_0036/frame_0093_rank_03.png,T00,T09,0,44,132,42,30,87,0,False,True,True,True,False,True,True,True,True,0.6675782203674316,0.1358881592750549,0.30119092871108727,0.13228981913965893,0.13228981913965893
Cosmos3_seed101_0036,93,2,3,0.4539756774902344,0.4855380121722097,0.9915702677564427,True,0.1223022267222404,0.1358881592750549,0.7769557237625122,0.6675782203674316,0.97265625,0.95703125,/shared/ssd_30T/zhuoyingyang/physact/sam3_robowm/identity_v1/sam_masked_expansion6/crops/Cosmos3_seed101_0036/frame_0093_rank_02.png,/shared/ssd_30T/zhuoyingyang/physact/sam3_robowm/identity_v1/sam_masked_expansion6/crops/Cosmos3_seed101_0036/frame_0093_rank_03.png,T11,T09,60,15,48,42,30,87,0,True,True,True,True,True,True,True,False,False,0.6675782203674316,0.1223022267222404,0.28573817186754624,0.12971818015839034,0.0
Cosmos3_seed101_0036,96,1,2,0.3118515908718109,0.4315614785173008,1.0,True,0.4313760697841644,0.1289995610713958,0.7921823859214783,0.7878473997116089,0.96875,0.97265625,/shared/ssd_30T/zhuoyingyang/physact/sam3_robowm/identity_v1/sam_masked_expansion6/crops/Cosmos3_seed101_0036/frame_0096_rank_01.png,/shared/ssd_30T/zhuoyingyang/physact/sam3_robowm/identity_v1/sam_masked_expansion6/crops/Cosmos3_seed101_0036/frame_0096_rank_02.png,T00,T11,0,44,132,60,15,48,0,False,True,True,True,False,True,True,False,False,0.7878473997116089,0.1289995610713958,0.31879769251680296,0.09941756757762742,0.0
Cosmos3_seed101_0036,96,1,3,0.3865976631641388,0.1052585385252116,0.1979493309529781,False,0.4313760697841644,0.14007169008255,0.7921823859214783,0.6717976331710815,0.96875,0.953125,/shared/ssd_30T/zhuoyingyang/physact/sam3_robowm/identity_v1/sam_masked_expansion6/crops/Cosmos3_seed101_0036/frame_0096_rank_01.png,/shared/ssd_30T/zhuoyingyang/physact/sam3_robowm/identity_v1/sam_masked_expansion6/crops/Cosmos3_seed101_0036/frame_0096_rank_03.png,T00,T09,0,44,132,42,30,87,0,False,True,True,True,False,True,True,True,True,0.6717976331710815,0.14007169008255,0.3067569557022796,0.11859152223384654,0.11859152223384654
Cosmos3_seed101_0036,96,2,3,0.4444575905799866,0.4623863731036993,0.99548325132311,True,0.1289995610713958,0.14007169008255,0.7878473997116089,0.6717976331710815,0.97265625,0.953125,/shared/ssd_30T/zhuoyingyang/physact/sam3_robowm/identity_v1/sam_masked_expansion6/crops/Cosmos3_seed101_0036/frame_0096_rank_02.png,/shared/ssd_30T/zhuoyingyang/physact/sam3_robowm/identity_v1/sam_masked_expansion6/crops/Cosmos3_seed101_0036/frame_0096_rank_03.png,T11,T09,60,15,48,42,30,87,0,True,True,True,True,True,True,True,False,False,0.6717976331710815,0.1289995610713958,0.2943834231200393,0.13084094694662138,0.0
Cosmos3_seed101_0036,99,1,2,0.3188358247280121,0.4311215524816529,1.0,True,0.3965822756290436,0.1291162222623825,0.8661957383155823,0.7729713320732117,0.96484375,0.96484375,/shared/ssd_30T/zhuoyingyang/physact/sam3_robowm/identity_v1/sam_masked_expansion6/crops/Cosmos3_seed101_0036/frame_0099_rank_01.png,/shared/ssd_30T/zhuoyingyang/physact/sam3_robowm/identity_v1/sam_masked_expansion6/crops/Cosmos3_seed101_0036/frame_0099_rank_02.png,T00,T11,0,44,132,60,15,48,0,False,True,True,True,False,True,True,False,False,0.7729713320732117,0.1291162222623825,0.3159163470199266,0.10072544904715916,0.0
Cosmos3_seed101_0036,99,1,3,0.3771517276763916,0.0982842892810544,0.1856578720287716,False,0.3965822756290436,0.1533486992120742,0.8661957383155823,0.6657558083534241,0.96484375,0.9453125,/shared/ssd_30T/zhuoyingyang/physact/sam3_robowm/identity_v1/sam_masked_expansion6/crops/Cosmos3_seed101_0036/frame_0099_rank_01.png,/shared/ssd_30T/zhuoyingyang/physact/sam3_robowm/identity_v1/sam_masked_expansion6/crops/Cosmos3_seed101_0036/frame_0099_rank_03.png,T00,T09,0,44,132,42,30,87,0,False,True,True,True,False,True,True,True,True,0.6657558083534241,0.1533486992120742,0.3195196194349895,0.12050737649640945,0.12050737649640945
Cosmos3_seed101_0036,99,2,3,0.3878468573093414,0.4579948583938356,0.9921416491643904,True,0.1291162222623825,0.1533486992120742,0.7729713320732117,0.6657558083534241,0.96484375,0.9453125,/shared/ssd_30T/zhuoyingyang/physact/sam3_robowm/identity_v1/sam_masked_expansion6/crops/Cosmos3_seed101_0036/frame_0099_rank_02.png,/shared/ssd_30T/zhuoyingyang/physact/sam3_robowm/identity_v1/sam_masked_expansion6/crops/Cosmos3_seed101_0036/frame_0099_rank_03.png,T11,T09,60,15,48,42,30,87,0,True,True,True,True,True,True,True,False,False,0.6657558083534241,0.1291162222623825,0.2931891453035614,0.11371248860319813,0.0
Cosmos3_seed101_0036,102,1,2,0.2838573455810547,0.445320970521846,1.0,True,0.4596761465072632,0.1774390339851379,0.8121835589408875,0.7814850807189941,0.96875,0.96875,/shared/ssd_30T/zhuoyingyang/physact/sam3_robowm/identity_v1/sam_masked_expansion6/crops/Cosmos3_seed101_0036/frame_0102_rank_01.png,/shared/ssd_30T/zhuoyingyang/physact/sam3_robowm/identity_v1/sam_masked_expansion6/crops/Cosmos3_seed101_0036/frame_0102_rank_02.png,T00,T11,0,44,132,60,15,48,0,False,True,True,True,False,True,True,False,False,0.7814850807189941,0.1774390339851379,0.37237878268850905,0.10570245280466457,0.0
Cosmos3_seed101_0036,102,1,3,0.301829844713211,0.0921207373932497,0.1704232807637795,False,0.4596761465072632,0.1658219546079635,0.8121835589408875,0.6797472238540649,0.96875,0.95703125,/shared/ssd_30T/zhuoyingyang/physact/sam3_robowm/identity_v1/sam_masked_expansion6/crops/Cosmos3_seed101_0036/frame_0102_rank_01.png,/shared/ssd_30T/zhuoyingyang/physact/sam3_robowm/identity_v1/sam_masked_expansion6/crops/Cosmos3_seed101_0036/frame_0102_rank_03.png,T00,T09,0,44,132,42,30,87,0,False,True,True,True,False,True,True,True,True,0.6797472238540649,0.1658219546079635,0.33573354509017705,0.10133440377958397,0.10133440377958397
Cosmos3_seed101_0036,102,2,3,0.4495454728603363,0.4525119286750279,0.9971160194016444,True,0.1774390339851379,0.1658219546079635,0.7814850807189941,0.6797472238540649,0.96875,0.95703125,/shared/ssd_30T/zhuoyingyang/physact/sam3_robowm/identity_v1/sam_masked_expansion6/crops/Cosmos3_seed101_0036/frame_0102_rank_02.png,/shared/ssd_30T/zhuoyingyang/physact/sam3_robowm/identity_v1/sam_masked_expansion6/crops/Cosmos3_seed101_0036/frame_0102_rank_03.png,T11,T09,60,15,48,42,30,87,0,True,True,True,True,True,True,True,False,False,0.6797472238540649,0.1658219546079635,0.33573354509017705,0.15092749528264068,0.0
Cosmos3_seed101_0036,105,1,2,0.4343742430210113,0.4825201246097894,1.0,True,0.3892978727817535,0.1476151943206787,0.860623836517334,0.7772940397262573,0.96875,0.96484375,/shared/ssd_30T/zhuoyingyang/physact/sam3_robowm/identity_v1/sam_masked_expansion6/crops/Cosmos3_seed101_0036/frame_0105_rank_01.png,/shared/ssd_30T/zhuoyingyang/physact/sam3_robowm/identity_v1/sam_masked_expansion6/crops/Cosmos3_seed101_0036/frame_0105_rank_02.png,T00,T11,0,44,132,60,15,48,0,False,True,True,True,False,True,True,False,False,0.7772940397262573,0.1476151943206787,0.33873353940597145,0.14713712476529675,0.0
Cosmos3_seed101_0036,105,1,3,0.3488604724407196,0.1001103238770582,0.1883173028218516,False,0.3892978727817535,0.1631916761398315,0.860623836517334,0.6886386871337891,0.96875,0.953125,/shared/ssd_30T/zhuoyingyang/physact/sam3_robowm/identity_v1/sam_masked_expansion6/crops/Cosmos3_seed101_0036/frame_0105_rank_01.png,/shared/ssd_30T/zhuoyingyang/physact/sam3_robowm/identity_v1/sam_masked_expansion6/crops/Cosmos3_seed101_0036/frame_0105_rank_03.png,T00,T09,0,44,132,42,30,87,0,False,True,True,True,False,True,True,True,True,0.6886386871337891,0.1631916761398315,0.3352314150077466,0.11694898981657342,0.11694898981657342
Cosmos3_seed101_0036,105,2,3,0.412002295255661,0.4471643689801627,0.9938193985349798,True,0.1476151943206787,0.1631916761398315,0.7772940397262573,0.6886386871337891,0.96484375,0.953125,/shared/ssd_30T/zhuoyingyang/physact/sam3_robowm/identity_v1/sam_masked_expansion6/crops/Cosmos3_seed101_0036/frame_0105_rank_02.png,/shared/ssd_30T/zhuoyingyang/physact/sam3_robowm/identity_v1/sam_masked_expansion6/crops/Cosmos3_seed101_0036/frame_0105_rank_03.png,T11,T09,60,15,48,42,30,87,0,True,True,True,True,True,True,True,False,False,0.6886386871337891,0.1476151943206787,0.3188315128998251,0.13135931511456284,0.0
Cosmos3_seed101_0036,108,1,2,0.4200014770030975,0.136745010543655,0.2498546397398992,False,0.4911715090274811,0.1641345471143722,0.8373710513114929,0.6810139417648315,0.96875,0.9453125,/shared/ssd_30T/zhuoyingyang/physact/sam3_robowm/identity_v1/sam_masked_expansion6/crops/Cosmos3_seed101_0036/frame_0108_rank_01.png,/shared/ssd_30T/zhuoyingyang/physact/sam3_robowm/identity_v1/sam_masked_expansion6/crops/Cosmos3_seed101_0036/frame_0108_rank_02.png,T00,T09,0,44,132,42,30,87,0,False,True,True,True,False,True,True,True,True,0.6810139417648315,0.1641345471143722,0.3343320429006829,0.14041995182774977,0.14041995182774977
Cosmos3_seed101_0036,108,1,3,0.2681784629821777,0.0,0.0,False,0.4911715090274811,0.2720279693603515,0.8373710513114929,0.6259990930557251,0.96875,0.93359375,/shared/ssd_30T/zhuoyingyang/physact/sam3_robowm/identity_v1/sam_masked_expansion6/crops/Cosmos3_seed101_0036/frame_0108_rank_01.png,/shared/ssd_30T/zhuoyingyang/physact/sam3_robowm/identity_v1/sam_masked_expansion6/crops/Cosmos3_seed101_0036/frame_0108_rank_03.png,T00,T11,0,44,132,60,15,48,0,False,True,True,True,False,True,True,True,True,0.6259990930557251,0.2720279693603515,0.4126611952987228,0.11066684508759973,0.11066684508759973
Cosmos3_seed101_0036,108,2,3,0.2087046653032302,0.0,0.0,False,0.1641345471143722,0.2720279693603515,0.6810139417648315,0.6259990930557251,0.9453125,0.93359375,/shared/ssd_30T/zhuoyingyang/physact/sam3_robowm/identity_v1/sam_masked_expansion6/crops/Cosmos3_seed101_0036/frame_0108_rank_02.png,/shared/ssd_30T/zhuoyingyang/physact/sam3_robowm/identity_v1/sam_masked_expansion6/crops/Cosmos3_seed101_0036/frame_0108_rank_03.png,T09,T11,42,30,87,60,15,48,0,True,True,True,True,True,True,True,True,True,0.6259990930557251,0.1641345471143722,0.32054340990372765,0.0668989050791136,0.0668989050791136
Cosmos3_seed101_0036,111,1,2,0.4104412794113159,0.4554101952072388,1.0,True,0.4427159428596496,0.1952971220016479,0.7601147890090942,0.7476798892021179,0.96875,0.96875,/shared/ssd_30T/zhuoyingyang/physact/sam3_robowm/identity_v1/sam_masked_expansion6/crops/Cosmos3_seed101_0036/frame_0111_rank_01.png,/shared/ssd_30T/zhuoyingyang/physact/sam3_robowm/identity_v1/sam_masked_expansion6/crops/Cosmos3_seed101_0036/frame_0111_rank_02.png,T13,T00,111,27,77,0,44,132,0,True,False,True,True,True,False,True,False,False,0.7476798892021179,0.1952971220016479,0.3821252812098208,0.15683998931516774,0.0
Cosmos3_seed101_0036,111,1,3,0.3705533146858215,0.0981247709240894,0.1831089704721159,False,0.4427159428596496,0.1467357873916626,0.7601147890090942,0.6743949055671692,0.96875,0.95703125,/shared/ssd_30T/zhuoyingyang/physact/sam3_robowm/identity_v1/sam_masked_expansion6/crops/Cosmos3_seed101_0036/frame_0111_rank_01.png,/shared/ssd_30T/zhuoyingyang/physact/sam3_robowm/identity_v1/sam_masked_expansion6/crops/Cosmos3_seed101_0036/frame_0111_rank_03.png,T13,T09,111,27,77,42,30,87,0,True,True,True,True,True,True,True,True,True,0.6743949055671692,0.1467357873916626,0.31457569435880534,0.11656706626424919,0.11656706626424919
Cosmos3_seed101_0036,111,2,3,0.3909567296504974,0.4303426833231063,0.9940157573090884,True,0.1952971220016479,0.1467357873916626,0.7476798892021179,0.6743949055671692,0.96875,0.95703125,/shared/ssd_30T/zhuoyingyang/physact/sam3_robowm/identity_v1/sam_masked_expansion6/crops/Cosmos3_seed101_0036/frame_0111_rank_02.png,/shared/ssd_30T/zhuoyingyang/physact/sam3_robowm/identity_v1/sam_masked_expansion6/crops/Cosmos3_seed101_0036/frame_0111_rank_03.png,T00,T09,0,44,132,42,30,87,0,False,True,True,True,False,True,True,False,False,0.6743949055671692,0.1467357873916626,0.31457569435880534,0.12298548469405295,0.0
Cosmos3_seed101_0036,114,1,2,0.3660236299037933,0.1399518525387519,0.2547942157841906,False,0.3945159614086151,0.1297487765550613,0.8202857375144958,0.6841036081314087,0.96875,0.9453125,/shared/ssd_30T/zhuoyingyang/physact/sam3_robowm/identity_v1/sam_masked_expansion6/crops/Cosmos3_seed101_0036/frame_0114_rank_01.png,/shared/ssd_30T/zhuoyingyang/physact/sam3_robowm/identity_v1/sam_masked_expansion6/crops/Cosmos3_seed101_0036/frame_0114_rank_02.png,T13,T09,111,27,77,42,30,87,0,True,True,True,True,True,True,True,True,True,0.6841036081314087,0.1297487765550613,0.29792886095837273,0.1090490031410861,0.1090490031410861
Cosmos3_seed101_0036,114,1,3,0.3849911689758301,0.2529302408824261,1.0,True,0.3945159614086151,0.1139523908495903,0.8202857375144958,0.6830759048461914,0.96875,0.9609375,/shared/ssd_30T/zhuoyingyang/physact/sam3_robowm/identity_v1/sam_masked_expansion6/crops/Cosmos3_seed101_0036/frame_0114_rank_01.png,/shared/ssd_30T/zhuoyingyang/physact/sam3_robowm/identity_v1/sam_masked_expansion6/crops/Cosmos3_seed101_0036/frame_0114_rank_03.png,T13,T00,111,27,77,0,44,132,0,True,False,True,True,True,False,True,False,False,0.6830759048461914,0.1139523908495903,0.2789948610440177,0.10741055769158565,0.0
Cosmos3_seed101_0036,114,2,3,0.2968154549598694,0.2352010190190447,1.0,True,0.1297487765550613,0.1139523908495903,0.6841036081314087,0.6830759048461914,0.9453125,0.9609375,/shared/ssd_30T/zhuoyingyang/physact/sam3_robowm/identity_v1/sam_masked_expansion6/crops/Cosmos3_seed101_0036/frame_0114_rank_02.png,/shared/ssd_30T/zhuoyingyang/physact/sam3_robowm/identity_v1/sam_masked_expansion6/crops/Cosmos3_seed101_0036/frame_0114_rank_03.png,T09,T00,42,30,87,0,44,132,0,True,False,True,True,True,False,True,False,False,0.6830759048461914,0.1139523908495903,0.2789948610440177,0.08280998661224566,0.0
Cosmos3_seed101_0036,117,1,2,0.3160971403121948,0.060475985552143,0.1286636313638524,False,0.4088540077209472,0.1410805135965347,0.8207365274429321,0.6844674348831177,0.96875,0.95703125,/shared/ssd_30T/zhuoyingyang/physact/sam3_robowm/identity_v1/sam_masked_expansion6/crops/Cosmos3_seed101_0036/frame_0117_rank_01.png,/shared/ssd_30T/zhuoyingyang/physact/sam3_robowm/identity_v1/sam_masked_expansion6/crops/Cosmos3_seed101_0036/frame_0117_rank_02.png,T13,T09,111,27,77,42,30,87,0,True,True,True,True,True,True,True,True,True,0.6844674348831177,0.1410805135965347,0.3107491226913005,0.09822690903724346,0.09822690903724346
Cosmos3_seed101_0036,117,1,3,0.4429889917373657,0.2538181046881622,1.0,True,0.4088540077209472,0.1047286093235015,0.8207365274429321,0.6735365390777588,0.96875,0.9609375,/shared/ssd_30T/zhuoyingyang/physact/sam3_robowm/identity_v1/sam_masked_expansion6/crops/Cosmos3_seed101_0036/frame_0117_rank_01.png,/shared/ssd_30T/zhuoyingyang/physact/sam3_robowm/identity_v1/sam_masked_expansion6/crops/Cosmos3_seed101_0036/frame_0117_rank_03.png,T13,T00,111,27,77,0,44,132,0,True,False,True,True,True,False,True,False,False,0.6735365390777588,0.1047286093235015,0.2655909355873764,0.11765386077043552,0.0
Cosmos3_seed101_0036,117,2,3,0.3001371622085571,0.2020555686170496,1.0,True,0.1410805135965347,0.1047286093235015,0.6844674348831177,0.6735365390777588,0.95703125,0.9609375,/shared/ssd_30T/zhuoyingyang/physact/sam3_robowm/identity_v1/sam_masked_expansion6/crops/Cosmos3_seed101_0036/frame_0117_rank_02.png,/shared/ssd_30T/zhuoyingyang/physact/sam3_robowm/identity_v1/sam_masked_expansion6/crops/Cosmos3_seed101_0036/frame_0117_rank_03.png,T09,T00,42,30,87,0,44,132,0,True,False,True,True,True,False,True,False,False,0.6735365390777588,0.1047286093235015,0.2655909355873764,0.07971370971551082,0.0
Cosmos3_seed101_0036,120,1,2,0.2773753404617309,0.0,0.0,False,0.5538268685340881,0.1535594165325164,0.892893373966217,0.691215991973877,0.96875,0.9609375,/shared/ssd_30T/zhuoyingyang/physact/sam3_robowm/identity_v1/sam_masked_expansion6/crops/Cosmos3_seed101_0036/frame_0120_rank_01.png,/shared/ssd_30T/zhuoyingyang/physact/sam3_robowm/identity_v1/sam_masked_expansion6/crops/Cosmos3_seed101_0036/frame_0120_rank_02.png,T13,T09,111,27,77,42,30,87,0,True,True,True,True,True,True,True,True,True,0.691215991973877,0.1535594165325164,0.3257955254840881,0.09036764480205746,0.09036764480205746
Cosmos3_seed101_0036,120,1,3,0.3264811635017395,0.0,0.0,False,0.5538268685340881,0.1384268701076507,0.892893373966217,0.6662517786026001,0.96875,0.9609375,/shared/ssd_30T/zhuoyingyang/physact/sam3_robowm/identity_v1/sam_masked_expansion6/crops/Cosmos3_seed101_0036/frame_0120_rank_01.png,/shared/ssd_30T/zhuoyingyang/physact/sam3_robowm/identity_v1/sam_masked_expansion6/crops/Cosmos3_seed101_0036/frame_0120_rank_03.png,T13,T14,111,27,77,120,1,0,0,True,True,True,False,True,False,True,True,True,0.6662517786026001,0.1384268701076507,0.3036892299960823,0.0991488131520683,0.0991488131520683
Cosmos3_seed101_0036,120,2,3,0.3687505424022674,0.0,0.0,False,0.1535594165325164,0.1384268701076507,0.691215991973877,0.6662517786026001,0.9609375,0.9609375,/shared/ssd_30T/zhuoyingyang/physact/sam3_robowm/identity_v1/sam_masked_expansion6/crops/Cosmos3_seed101_0036/frame_0120_rank_02.png,/shared/ssd_30T/zhuoyingyang/physact/sam3_robowm/identity_v1/sam_masked_expansion6/crops/Cosmos3_seed101_0036/frame_0120_rank_03.png,T09,T14,42,30,87,120,1,0,0,True,True,True,False,True,False,True,True,True,0.6662517786026001,0.1384268701076507,0.3036892299960823,0.11198556828278228,0.11198556828278228
Cosmos3_seed101_0036,123,1,2,0.193367063999176,0.0765983127512577,0.2139573604559124,False,0.4932985007762909,0.3238058686256408,0.945872128009796,0.715164303779602,0.97265625,0.9609375,/shared/ssd_30T/zhuoyingyang/physact/sam3_robowm/identity_v1/sam_masked_expansion6/crops/Cosmos3_seed101_0036/frame_0123_rank_01.png,/shared/ssd_30T/zhuoyingyang/physact/sam3_robowm/identity_v1/sam_masked_expansion6/crops/Cosmos3_seed101_0036/frame_0123_rank_02.png,T13,T00,111,27,77,0,44,132,0,True,False,True,True,True,False,True,True,True,0.715164303779602,0.3238058686256408,0.48122177693388496,0.09305244213817172,0.09305244213817172
Cosmos3_seed101_0036,123,1,3,0.1842995136976242,0.0,0.0,False,0.4932985007762909,0.1502135694026947,0.945872128009796,0.6859009265899658,0.97265625,0.96875,/shared/ssd_30T/zhuoyingyang/physact/sam3_robowm/identity_v1/sam_masked_expansion6/crops/Cosmos3_seed101_0036/frame_0123_rank_01.png,/shared/ssd_30T/zhuoyingyang/physact/sam3_robowm/identity_v1/sam_masked_expansion6/crops/Cosmos3_seed101_0036/frame_0123_rank_03.png,T13,T09,111,27,77,42,30,87,0,True,True,True,True,True,True,True,True,True,0.6859009265899658,0.1502135694026947,0.3209853991067108,0.059157452959404624,0.059157452959404624
Cosmos3_seed101_0036,123,2,3,0.5538026094436646,0.0293804438122974,0.0937060284145139,False,0.3238058686256408,0.1502135694026947,0.715164303779602,0.6859009265899658,0.9609375,0.96875,/shared/ssd_30T/zhuoyingyang/physact/sam3_robowm/identity_v1/sam_masked_expansion6/crops/Cosmos3_seed101_0036/frame_0123_rank_02.png,/shared/ssd_30T/zhuoyingyang/physact/sam3_robowm/identity_v1/sam_masked_expansion6/crops/Cosmos3_seed101_0036/frame_0123_rank_03.png,T00,T09,0,44,132,42,30,87,0,False,True,True,True,False,True,True,True,True,0.6859009265899658,0.1502135694026947,0.3209853991067108,0.17776255161861257,0.17776255161861257
Cosmos3_seed101_0036,126,1,2,0.3093932867050171,0.0,0.0,False,0.597317636013031,0.4657213389873504,0.9552452564239502,0.7385052442550659,0.97265625,0.96875,/shared/ssd_30T/zhuoyingyang/physact/sam3_robowm/identity_v1/sam_masked_expansion6/crops/Cosmos3_seed101_0036/frame_0126_rank_01.png,/shared/ssd_30T/zhuoyingyang/physact/sam3_robowm/identity_v1/sam_masked_expansion6/crops/Cosmos3_seed101_0036/frame_0126_rank_02.png,T13,T00,111,27,77,0,44,132,0,True,False,True,True,True,False,True,True,True,0.7385052442550659,0.4657213389873504,0.5864619776282598,0.1814473987859315,0.1814473987859315
Cosmos3_seed101_0036,126,1,3,0.2241574078798294,0.0,0.0,False,0.597317636013031,0.1457471400499344,0.9552452564239502,0.6944666504859924,0.97265625,0.96875,/shared/ssd_30T/zhuoyingyang/physact/sam3_robowm/identity_v1/sam_masked_expansion6/crops/Cosmos3_seed101_0036/frame_0126_rank_01.png,/shared/ssd_30T/zhuoyingyang/physact/sam3_robowm/identity_v1/sam_masked_expansion6/crops/Cosmos3_seed101_0036/frame_0126_rank_03.png,T13,T09,111,27,77,42,30,87,0,True,True,True,True,True,True,True,True,True,0.6944666504859924,0.1457471400499344,0.31814545127722754,0.07131465968706188,0.07131465968706188
Cosmos3_seed101_0036,126,2,3,0.4512915909290313,0.0,0.0,False,0.4657213389873504,0.1457471400499344,0.7385052442550659,0.6944666504859924,0.96875,0.96875,/shared/ssd_30T/zhuoyingyang/physact/sam3_robowm/identity_v1/sam_masked_expansion6/crops/Cosmos3_seed101_0036/frame_0126_rank_02.png,/shared/ssd_30T/zhuoyingyang/physact/sam3_robowm/identity_v1/sam_masked_expansion6/crops/Cosmos3_seed101_0036/frame_0126_rank_03.png,T00,T09,0,44,132,42,30,87,0,False,True,True,True,False,True,True,True,True,0.6944666504859924,0.1457471400499344,0.31814545127722754,0.14357636685373465,0.14357636685373465
Cosmos3_seed101_0036,129,1,2,0.7966694235801697,0.4519997887404728,1.0,True,0.576710045337677,0.1116847097873687,0.962273359298706,0.8863371014595032,0.97265625,0.96875,/shared/ssd_30T/zhuoyingyang/physact/sam3_robowm/identity_v1/sam_masked_expansion6/crops/Cosmos3_seed101_0036/frame_0129_rank_01.png,/shared/ssd_30T/zhuoyingyang/physact/sam3_robowm/identity_v1/sam_masked_expansion6/crops/Cosmos3_seed101_0036/frame_0129_rank_02.png,T13,T00,111,27,77,0,44,132,0,True,False,True,True,True,False,True,False,False,0.8863371014595032,0.1116847097873687,0.3146272428609484,0.2506539042126498,0.0
Cosmos3_seed101_0036,129,1,3,0.1396798938512802,0.0,0.0,False,0.576710045337677,0.1130319461226463,0.962273359298706,0.6478232741355896,0.97265625,0.96875,/shared/ssd_30T/zhuoyingyang/physact/sam3_robowm/identity_v1/sam_masked_expansion6/crops/Cosmos3_seed101_0036/frame_0129_rank_01.png,/shared/ssd_30T/zhuoyingyang/physact/sam3_robowm/identity_v1/sam_masked_expansion6/crops/Cosmos3_seed101_0036/frame_0129_rank_03.png,T13,T09,111,27,77,42,30,87,0,True,True,True,True,True,True,True,True,True,0.6478232741355896,0.1130319461226463,0.2706006752007287,0.03779747358812254,0.03779747358812254
Cosmos3_seed101_0036,129,2,3,0.2326081246137619,0.0,0.0,False,0.1116847097873687,0.1130319461226463,0.8863371014595032,0.6478232741355896,0.96875,0.96875,/shared/ssd_30T/zhuoyingyang/physact/sam3_robowm/identity_v1/sam_masked_expansion6/crops/Cosmos3_seed101_0036/frame_0129_rank_02.png,/shared/ssd_30T/zhuoyingyang/physact/sam3_robowm/identity_v1/sam_masked_expansion6/crops/Cosmos3_seed101_0036/frame_0129_rank_03.png,T00,T09,0,44,132,42,30,87,0,False,True,True,True,False,True,True,True,True,0.6478232741355896,0.1116847097873687,0.26898318602718707,0.06256767445441863,0.06256767445441863
Cosmos3_seed101_0036,132,1,2,0.9157558679580688,0.0,0.0,False,0.650569498538971,0.5872340798377991,0.9613475799560548,0.9595984816551208,0.97265625,0.97265625,/shared/ssd_30T/zhuoyingyang/physact/sam3_robowm/identity_v1/sam_masked_expansion6/crops/Cosmos3_seed101_0036/frame_0132_rank_01.png,/shared/ssd_30T/zhuoyingyang/physact/sam3_robowm/identity_v1/sam_masked_expansion6/crops/Cosmos3_seed101_0036/frame_0132_rank_02.png,T15,T13,132,20,56,111,27,77,0,True,True,True,True,True,True,True,True,True,0.9595984816551208,0.5872340798377991,0.750672319583248,0.6874325815720541,0.6874325815720541
Cosmos3_seed101_0036,132,1,3,0.8867206573486328,0.3953532830399296,1.0,True,0.650569498538971,0.1055892929434776,0.9613475799560548,0.9203858375549316,0.97265625,0.97265625,/shared/ssd_30T/zhuoyingyang/physact/sam3_robowm/identity_v1/sam_masked_expansion6/crops/Cosmos3_seed101_0036/frame_0132_rank_01.png,/shared/ssd_30T/zhuoyingyang/physact/sam3_robowm/identity_v1/sam_masked_expansion6/crops/Cosmos3_seed101_0036/frame_0132_rank_03.png,T15,T00,132,20,56,0,44,132,0,True,False,True,True,True,False,True,False,False,0.9203858375549316,0.1055892929434776,0.311741703694927,0.27642780842334835,0.0
Cosmos3_seed101_0036,132,2,3,0.9178223013877868,0.3462669041715825,1.0,True,0.5872340798377991,0.1055892929434776,0.9595984816551208,0.9203858375549316,0.97265625,0.97265625,/shared/ssd_30T/zhuoyingyang/physact/sam3_robowm/identity_v1/sam_masked_expansion6/crops/Cosmos3_seed101_0036/frame_0132_rank_02.png,/shared/ssd_30T/zhuoyingyang/physact/sam3_robowm/identity_v1/sam_masked_expansion6/crops/Cosmos3_seed101_0036/frame_0132_rank_03.png,T13,T00,111,27,77,0,44,132,0,True,False,True,True,True,False,True,False,False,0.9203858375549316,0.1055892929434776,0.311741703694927,0.2861234879238274,0.0
Cosmos3_seed101_0036,135,1,2,0.6245359778404236,0.0,0.0,False,0.5840079188346863,0.608150839805603,0.9586563110351562,0.8557093143463135,0.97265625,0.96875,/shared/ssd_30T/zhuoyingyang/physact/sam3_robowm/identity_v1/sam_masked_expansion6/crops/Cosmos3_seed101_0036/frame_0135_rank_01.png,/shared/ssd_30T/zhuoyingyang/physact/sam3_robowm/identity_v1/sam_masked_expansion6/crops/Cosmos3_seed101_0036/frame_0135_rank_02.png,T13,T15,111,27,77,132,20,56,0,True,True,True,True,True,True,True,True,True,0.8557093143463135,0.5840079188346863,0.7069236279817268,0.44149923926006757,0.44149923926006757
Cosmos3_seed101_0036,135,1,3,0.0619152635335922,0.0147217577036645,1.0,True,0.5840079188346863,0.1637714654207229,0.9586563110351562,0.6241747140884399,0.97265625,0.98828125,/shared/ssd_30T/zhuoyingyang/physact/sam3_robowm/identity_v1/sam_masked_expansion6/crops/Cosmos3_seed101_0036/frame_0135_rank_01.png,/shared/ssd_30T/zhuoyingyang/physact/sam3_robowm/identity_v1/sam_masked_expansion6/crops/Cosmos3_seed101_0036/frame_0135_rank_03.png,T13,T16,111,27,77,135,1,0,0,True,True,True,False,True,False,True,False,False,0.6241747140884399,0.1637714654207229,0.31972176592284823,0.01979565739453863,0.0
Cosmos3_seed101_0036,135,2,3,0.0676271542906761,0.0153540526780967,0.8196732138222536,False,0.608150839805603,0.1637714654207229,0.8557093143463135,0.6241747140884399,0.96875,0.98828125,/shared/ssd_30T/zhuoyingyang/physact/sam3_robowm/identity_v1/sam_masked_expansion6/crops/Cosmos3_seed101_0036/frame_0135_rank_02.png,/shared/ssd_30T/zhuoyingyang/physact/sam3_robowm/identity_v1/sam_masked_expansion6/crops/Cosmos3_seed101_0036/frame_0135_rank_03.png,T15,T16,132,20,56,135,1,0,0,True,True,True,False,True,False,True,True,True,0.6241747140884399,0.1637714654207229,0.31972176592284823,0.021621873194151885,0.021621873194151885
Cosmos3_seed101_0036,138,1,2,0.5694711208343506,0.0,0.0,False,0.6047477126121521,0.553403913974762,0.95537269115448,0.9225280284881592,0.97265625,0.96875,/shared/ssd_30T/zhuoyingyang/physact/sam3_robowm/identity_v1/sam_masked_expansion6/crops/Cosmos3_seed101_0036/frame_0138_rank_01.png,/shared/ssd_30T/zhuoyingyang/physact/sam3_robowm/identity_v1/sam_masked_expansion6/crops/Cosmos3_seed101_0036/frame_0138_rank_02.png,T13,T15,111,27,77,132,20,56,0,True,True,True,True,True,True,True,True,True,0.9225280284881592,0.553403913974762,0.7145142557827436,0.4068952340927209,0.4068952340927209
Cosmos3_seed101_0036,138,1,3,0.140007734298706,0.0,0.0,False,0.6047477126121521,0.1573997884988784,0.95537269115448,0.626450777053833,0.97265625,0.9609375,/shared/ssd_30T/zhuoyingyang/physact/sam3_robowm/identity_v1/sam_masked_expansion6/crops/Cosmos3_seed101_0036/frame_0138_rank_01.png,/shared/ssd_30T/zhuoyingyang/physact/sam3_robowm/identity_v1/sam_masked_expansion6/crops/Cosmos3_seed101_0036/frame_0138_rank_03.png,T13,T17,111,27,77,138,2,3,0,True,True,True,False,True,False,True,True,True,0.626450777053833,0.1573997884988784,0.31401149630743036,0.04396403814174981,0.04396403814174981
Cosmos3_seed101_0036,138,2,3,0.1896973550319671,0.0,0.0,False,0.553403913974762,0.1573997884988784,0.9225280284881592,0.626450777053833,0.96875,0.9609375,/shared/ssd_30T/zhuoyingyang/physact/sam3_robowm/identity_v1/sam_masked_expansion6/crops/Cosmos3_seed101_0036/frame_0138_rank_02.png,/shared/ssd_30T/zhuoyingyang/physact/sam3_robowm/identity_v1/sam_masked_expansion6/crops/Cosmos3_seed101_0036/frame_0138_rank_03.png,T15,T17,132,20,56,138,2,3,0,True,True,True,False,True,False,True,True,True,0.626450777053833,0.1573997884988784,0.31401149630743036,0.05956715029914984,0.05956715029914984
Cosmos3_seed101_0036,141,1,2,0.37592813372612,0.0,0.0,False,0.621955931186676,0.6294136047363281,0.9510623812675476,0.8394854068756104,0.9765625,0.97265625,/shared/ssd_30T/zhuoyingyang/physact/sam3_robowm/identity_v1/sam_masked_expansion6/crops/Cosmos3_seed101_0036/frame_0141_rank_01.png,/shared/ssd_30T/zhuoyingyang/physact/sam3_robowm/identity_v1/sam_masked_expansion6/crops/Cosmos3_seed101_0036/frame_0141_rank_02.png,T13,T15,111,27,77,132,20,56,0,True,True,True,True,True,True,True,True,True,0.8394854068756104,0.621955931186676,0.7225807414752664,0.2716384296092329,0.2716384296092329
Cosmos3_seed101_0036,141,1,3,0.1878165006637573,0.0,0.0,False,0.621955931186676,0.1229654997587204,0.9510623812675476,0.6316520571708679,0.9765625,0.96484375,/shared/ssd_30T/zhuoyingyang/physact/sam3_robowm/identity_v1/sam_masked_expansion6/crops/Cosmos3_seed101_0036/frame_0141_rank_01.png,/shared/ssd_30T/zhuoyingyang/physact/sam3_robowm/identity_v1/sam_masked_expansion6/crops/Cosmos3_seed101_0036/frame_0141_rank_03.png,T13,T17,111,27,77,138,2,3,0,True,True,True,False,True,False,True,True,True,0.6316520571708679,0.1229654997587204,0.2786959111354876,0.052343690778764745,0.052343690778764745
Cosmos3_seed101_0036,141,2,3,0.1508645415306091,0.0,0.0,False,0.6294136047363281,0.1229654997587204,0.8394854068756104,0.6316520571708679,0.97265625,0.96484375,/shared/ssd_30T/zhuoyingyang/physact/sam3_robowm/identity_v1/sam_masked_expansion6/crops/Cosmos3_seed101_0036/frame_0141_rank_02.png,/shared/ssd_30T/zhuoyingyang/physact/sam3_robowm/identity_v1/sam_masked_expansion6/crops/Cosmos3_seed101_0036/frame_0141_rank_03.png,T15,T17,132,20,56,138,2,3,0,True,True,True,False,True,False,True,True,True,0.6316520571708679,0.1229654997587204,0.2786959111354876,0.04204533085991071,0.04204533085991071
Cosmos3_seed101_0036,144,1,2,0.3799800872802734,0.0,0.0,False,0.6091848015785217,0.5020067691802979,0.9528805017471312,0.8421505689620972,0.97265625,0.96875,/shared/ssd_30T/zhuoyingyang/physact/sam3_robowm/identity_v1/sam_masked_expansion6/crops/Cosmos3_seed101_0036/frame_0144_rank_01.png,/shared/ssd_30T/zhuoyingyang/physact/sam3_robowm/identity_v1/sam_masked_expansion6/crops/Cosmos3_seed101_0036/frame_0144_rank_02.png,T13,T15,111,27,77,132,20,56,0,True,True,True,True,True,True,True,True,True,0.8421505689620972,0.5020067691802979,0.6502040343523039,0.2470645857231743,0.2470645857231743
Cosmos3_seed101_0036,144,1,3,0.1538966447114944,0.0,0.0,False,0.6091848015785217,0.1309595108032226,0.9528805017471312,0.6192859411239624,0.97265625,0.96484375,/shared/ssd_30T/zhuoyingyang/physact/sam3_robowm/identity_v1/sam_masked_expansion6/crops/Cosmos3_seed101_0036/frame_0144_rank_01.png,/shared/ssd_30T/zhuoyingyang/physact/sam3_robowm/identity_v1/sam_masked_expansion6/crops/Cosmos3_seed101_0036/frame_0144_rank_03.png,T13,T18,111,27,77,144,4,9,0,True,True,True,True,True,True,True,True,True,0.6192859411239624,0.1309595108032226,0.28478304706724983,0.04382715541436533,0.04382715541436533
Cosmos3_seed101_0036,144,2,3,0.3430994153022766,0.2062255398690753,1.0,True,0.5020067691802979,0.1309595108032226,0.8421505689620972,0.6192859411239624,0.96875,0.96484375,/shared/ssd_30T/zhuoyingyang/physact/sam3_robowm/identity_v1/sam_masked_expansion6/crops/Cosmos3_seed101_0036/frame_0144_rank_02.png,/shared/ssd_30T/zhuoyingyang/physact/sam3_robowm/identity_v1/sam_masked_expansion6/crops/Cosmos3_seed101_0036/frame_0144_rank_03.png,T15,T18,132,20,56,144,4,9,0,True,True,True,True,True,True,True,False,False,0.6192859411239624,0.1309595108032226,0.28478304706724983,0.09770889693677413,0.0
Cosmos3_seed101_0036,147,1,2,0.4000335037708282,0.0,0.0,False,0.6059589385986328,0.5236493349075317,0.9566948413848876,0.8539080619812012,0.9765625,0.96875,/shared/ssd_30T/zhuoyingyang/physact/sam3_robowm/identity_v1/sam_masked_expansion6/crops/Cosmos3_seed101_0036/frame_0147_rank_01.png,/shared/ssd_30T/zhuoyingyang/physact/sam3_robowm/identity_v1/sam_masked_expansion6/crops/Cosmos3_seed101_0036/frame_0147_rank_02.png,T13,T15,111,27,77,132,20,56,0,True,True,True,True,True,True,True,True,True,0.8539080619812012,0.5236493349075317,0.668691549766135,0.2674990235948921,0.2674990235948921
Cosmos3_seed101_0036,147,1,3,0.1426517963409423,0.0,0.0,False,0.6059589385986328,0.1594520360231399,0.9566948413848876,0.6507066488265991,0.9765625,0.96875,/shared/ssd_30T/zhuoyingyang/physact/sam3_robowm/identity_v1/sam_masked_expansion6/crops/Cosmos3_seed101_0036/frame_0147_rank_01.png,/shared/ssd_30T/zhuoyingyang/physact/sam3_robowm/identity_v1/sam_masked_expansion6/crops/Cosmos3_seed101_0036/frame_0147_rank_03.png,T13,T18,111,27,77,144,4,9,0,True,True,True,True,True,True,True,True,True,0.6507066488265991,0.1594520360231399,0.3221125579812056,0.045949935019994906,0.045949935019994906
Cosmos3_seed101_0036,147,2,3,0.2024590820074081,0.2172013635843532,1.0,True,0.5236493349075317,0.1594520360231399,0.8539080619812012,0.6507066488265991,0.96875,0.96875,/shared/ssd_30T/zhuoyingyang/physact/sam3_robowm/identity_v1/sam_masked_expansion6/crops/Cosmos3_seed101_0036/frame_0147_rank_02.png,/shared/ssd_30T/zhuoyingyang/physact/sam3_robowm/identity_v1/sam_masked_expansion6/crops/Cosmos3_seed101_0036/frame_0147_rank_03.png,T15,T18,132,20,56,144,4,9,0,True,True,True,True,True,True,True,False,False,0.6507066488265991,0.1594520360231399,0.3221125579812056,0.0652146127919329,0.0
Cosmos3_seed101_0036,150,1,2,0.4505046606063843,0.0,0.0,False,0.6035322546958923,0.4941403269767761,0.9656029939651488,0.8341816663742065,0.97265625,0.96875,/shared/ssd_30T/zhuoyingyang/physact/sam3_robowm/identity_v1/sam_masked_expansion6/crops/Cosmos3_seed101_0036/frame_0150_rank_01.png,/shared/ssd_30T/zhuoyingyang/physact/sam3_robowm/identity_v1/sam_masked_expansion6/crops/Cosmos3_seed101_0036/frame_0150_rank_02.png,T13,T15,111,27,77,132,20,56,0,True,True,True,True,True,True,True,True,True,0.8341816663742065,0.4941403269767761,0.6420302184322654,0.28923760565387047,0.28923760565387047
Cosmos3_seed101_0036,150,1,3,0.1553063690662384,0.0,0.0,False,0.6035322546958923,0.1374044418334961,0.9656029939651488,0.6278829574584961,0.97265625,0.97265625,/shared/ssd_30T/zhuoyingyang/physact/sam3_robowm/identity_v1/sam_masked_expansion6/crops/Cosmos3_seed101_0036/frame_0150_rank_01.png,/shared/ssd_30T/zhuoyingyang/physact/sam3_robowm/identity_v1/sam_masked_expansion6/crops/Cosmos3_seed101_0036/frame_0150_rank_03.png,T13,T18,111,27,77,144,4,9,0,True,True,True,True,True,True,True,True,True,0.6278829574584961,0.1374044418334961,0.2937242027929422,0.04561723944264733,0.04561723944264733
Cosmos3_seed101_0036,150,2,3,0.2634450495243072,0.2321017035409747,1.0,True,0.4941403269767761,0.1374044418334961,0.8341816663742065,0.6278829574584961,0.96875,0.97265625,/shared/ssd_30T/zhuoyingyang/physact/sam3_robowm/identity_v1/sam_masked_expansion6/crops/Cosmos3_seed101_0036/frame_0150_rank_02.png,/shared/ssd_30T/zhuoyingyang/physact/sam3_robowm/identity_v1/sam_masked_expansion6/crops/Cosmos3_seed101_0036/frame_0150_rank_03.png,T15,T18,132,20,56,144,4,9,0,True,True,True,True,True,True,True,False,False,0.6278829574584961,0.1374044418334961,0.2937242027929422,0.0773801871512743,0.0
Cosmos3_seed101_0036,153,1,2,0.3374625146389007,0.0,0.0,False,0.5798776149749756,0.510986328125,0.957016944885254,0.8363507986068726,0.9765625,0.97265625,/shared/ssd_30T/zhuoyingyang/physact/sam3_robowm/identity_v1/sam_masked_expansion6/crops/Cosmos3_seed101_0036/frame_0153_rank_01.png,/shared/ssd_30T/zhuoyingyang/physact/sam3_robowm/identity_v1/sam_masked_expansion6/crops/Cosmos3_seed101_0036/frame_0153_rank_02.png,T13,T15,111,27,77,132,20,56,0,True,True,True,True,True,True,True,True,True,0.8363507986068726,0.510986328125,0.6537306965444847,0.2206096047525419,0.2206096047525419
Cosmos3_seed101_0036,153,1,3,0.1828343719244003,0.0,0.0,False,0.5798776149749756,0.1500900983810424,0.957016944885254,0.6262835264205933,0.9765625,0.97265625,/shared/ssd_30T/zhuoyingyang/physact/sam3_robowm/identity_v1/sam_masked_expansion6/crops/Cosmos3_seed101_0036/frame_0153_rank_01.png,/shared/ssd_30T/zhuoyingyang/physact/sam3_robowm/identity_v1/sam_masked_expansion6/crops/Cosmos3_seed101_0036/frame_0153_rank_03.png,T13,T18,111,27,77,144,4,9,0,True,True,True,True,True,True,True,True,True,0.6262835264205933,0.1500900983810424,0.30659249190887405,0.05605564569489577,0.05605564569489577
Cosmos3_seed101_0036,153,2,3,0.2271034568548202,0.2257643566083842,1.0,True,0.510986328125,0.1500900983810424,0.8363507986068726,0.6262835264205933,0.97265625,0.97265625,/shared/ssd_30T/zhuoyingyang/physact/sam3_robowm/identity_v1/sam_masked_expansion6/crops/Cosmos3_seed101_0036/frame_0153_rank_02.png,/shared/ssd_30T/zhuoyingyang/physact/sam3_robowm/identity_v1/sam_masked_expansion6/crops/Cosmos3_seed101_0036/frame_0153_rank_03.png,T15,T18,132,20,56,144,4,9,0,True,True,True,True,True,True,True,False,False,0.6262835264205933,0.1500900983810424,0.30659249190887405,0.06962821475823879,0.0
Cosmos3_seed101_0036,156,1,2,0.4194499850273132,0.0,0.0,False,0.5705991983413696,0.4964621663093567,0.9588186144828796,0.8297092914581299,0.97265625,0.97265625,/shared/ssd_30T/zhuoyingyang/physact/sam3_robowm/identity_v1/sam_masked_expansion6/crops/Cosmos3_seed101_0036/frame_0156_rank_01.png,/shared/ssd_30T/zhuoyingyang/physact/sam3_robowm/identity_v1/sam_masked_expansion6/crops/Cosmos3_seed101_0036/frame_0156_rank_02.png,T13,T15,111,27,77,132,20,56,0,True,True,True,True,True,True,True,True,True,0.8297092914581299,0.4964621663093567,0.6418093737585208,0.2692069322134008,0.2692069322134008
Cosmos3_seed101_0036,156,1,3,0.2258405983448028,0.0,0.0,False,0.5705991983413696,0.1646220982074737,0.9588186144828796,0.6623371839523315,0.97265625,0.96484375,/shared/ssd_30T/zhuoyingyang/physact/sam3_robowm/identity_v1/sam_masked_expansion6/crops/Cosmos3_seed101_0036/frame_0156_rank_01.png,/shared/ssd_30T/zhuoyingyang/physact/sam3_robowm/identity_v1/sam_masked_expansion6/crops/Cosmos3_seed101_0036/frame_0156_rank_03.png,T13,T19,111,27,77,156,8,24,0,True,True,True,True,True,True,True,True,True,0.6623371839523315,0.1646220982074737,0.3302049923048746,0.07457369303857389,0.07457369303857389
Cosmos3_seed101_0036,156,2,3,0.2954472601413727,0.0,0.0,False,0.4964621663093567,0.1646220982074737,0.8297092914581299,0.6623371839523315,0.97265625,0.96484375,/shared/ssd_30T/zhuoyingyang/physact/sam3_robowm/identity_v1/sam_masked_expansion6/crops/Cosmos3_seed101_0036/frame_0156_rank_02.png,/shared/ssd_30T/zhuoyingyang/physact/sam3_robowm/identity_v1/sam_masked_expansion6/crops/Cosmos3_seed101_0036/frame_0156_rank_03.png,T15,T19,132,20,56,156,8,24,0,True,True,True,True,True,True,True,True,True,0.6623371839523315,0.1646220982074737,0.3302049923048746,0.09755816026147825,0.09755816026147825
Cosmos3_seed101_0036,159,1,2,0.2771512866020202,0.0,0.0,False,0.5643768310546875,0.5378209352493286,0.9568530917167664,0.8125752210617065,0.9765625,0.97265625,/shared/ssd_30T/zhuoyingyang/physact/sam3_robowm/identity_v1/sam_masked_expansion6/crops/Cosmos3_seed101_0036/frame_0159_rank_01.png,/shared/ssd_30T/zhuoyingyang/physact/sam3_robowm/identity_v1/sam_masked_expansion6/crops/Cosmos3_seed101_0036/frame_0159_rank_02.png,T13,T15,111,27,77,132,20,56,0,True,True,True,True,True,True,True,True,True,0.8125752210617065,0.5378209352493286,0.6610748560880507,0.1832177469050486,0.1832177469050486
Cosmos3_seed101_0036,159,1,3,0.210519790649414,0.0,0.0,False,0.5643768310546875,0.1672637611627578,0.9568530917167664,0.6551070213317871,0.9765625,0.96484375,/shared/ssd_30T/zhuoyingyang/physact/sam3_robowm/identity_v1/sam_masked_expansion6/crops/Cosmos3_seed101_0036/frame_0159_rank_01.png,/shared/ssd_30T/zhuoyingyang/physact/sam3_robowm/identity_v1/sam_masked_expansion6/crops/Cosmos3_seed101_0036/frame_0159_rank_03.png,T13,T19,111,27,77,156,8,24,0,True,True,True,True,True,True,True,True,True,0.6551070213317871,0.1672637611627578,0.33102215084807496,0.06968671389685549,0.06968671389685549
Cosmos3_seed101_0036,159,2,3,0.0537440776824951,0.0,0.0,False,0.5378209352493286,0.1672637611627578,0.8125752210617065,0.6551070213317871,0.97265625,0.96484375,/shared/ssd_30T/zhuoyingyang/physact/sam3_robowm/identity_v1/sam_masked_expansion6/crops/Cosmos3_seed101_0036/frame_0159_rank_02.png,/shared/ssd_30T/zhuoyingyang/physact/sam3_robowm/identity_v1/sam_masked_expansion6/crops/Cosmos3_seed101_0036/frame_0159_rank_03.png,T15,T19,132,20,56,156,8,24,0,True,True,True,True,True,True,True,True,True,0.6551070213317871,0.1672637611627578,0.33102215084807496,0.017790480189805554,0.017790480189805554
Cosmos3_seed101_0036,162,1,2,0.4306635558605194,0.0,0.0,False,0.5595616102218628,0.557466447353363,0.9610408544540404,0.8550673723220825,0.97265625,0.97265625,/shared/ssd_30T/zhuoyingyang/physact/sam3_robowm/identity_v1/sam_masked_expansion6/crops/Cosmos3_seed101_0036/frame_0162_rank_01.png,/shared/ssd_30T/zhuoyingyang/physact/sam3_robowm/identity_v1/sam_masked_expansion6/crops/Cosmos3_seed101_0036/frame_0162_rank_02.png,T13,T15,111,27,77,132,20,56,0,True,True,True,True,True,True,True,True,True,0.8550673723220825,0.557466447353363,0.6904139122991125,0.2973361104863086,0.2973361104863086
Cosmos3_seed101_0036,162,1,3,0.1867820024490356,0.0,0.0,False,0.5595616102218628,0.1711486279964447,0.9610408544540404,0.6716996431350708,0.97265625,0.96484375,/shared/ssd_30T/zhuoyingyang/physact/sam3_robowm/identity_v1/sam_masked_expansion6/crops/Cosmos3_seed101_0036/frame_0162_rank_01.png,/shared/ssd_30T/zhuoyingyang/physact/sam3_robowm/identity_v1/sam_masked_expansion6/crops/Cosmos3_seed101_0036/frame_0162_rank_03.png,T13,T19,111,27,77,156,8,24,0,True,True,True,True,True,True,True,True,True,0.6716996431350708,0.1711486279964447,0.33905821380445705,0.06332997212118972,0.06332997212118972
Cosmos3_seed101_0036,162,2,3,0.1018853038549423,0.0,0.0,False,0.557466447353363,0.1711486279964447,0.8550673723220825,0.6716996431350708,0.97265625,0.96484375,/shared/ssd_30T/zhuoyingyang/physact/sam3_robowm/identity_v1/sam_masked_expansion6/crops/Cosmos3_seed101_0036/frame_0162_rank_02.png,/shared/ssd_30T/zhuoyingyang/physact/sam3_robowm/identity_v1/sam_masked_expansion6/crops/Cosmos3_seed101_0036/frame_0162_rank_03.png,T15,T19,132,20,56,156,8,24,0,True,True,True,True,True,True,True,True,True,0.6716996431350708,0.1711486279964447,0.33905821380445705,0.0345450491379811,0.0345450491379811
Cosmos3_seed101_0036,165,1,2,0.3412923216819763,0.0,0.0,False,0.5422131419181824,0.5165982246398926,0.9560782313346864,0.8524080514907837,0.9765625,0.9765625,/shared/ssd_30T/zhuoyingyang/physact/sam3_robowm/identity_v1/sam_masked_expansion6/crops/Cosmos3_seed101_0036/frame_0165_rank_01.png,/shared/ssd_30T/zhuoyingyang/physact/sam3_robowm/identity_v1/sam_masked_expansion6/crops/Cosmos3_seed101_0036/frame_0165_rank_02.png,T13,T15,111,27,77,132,20,56,0,True,True,True,True,True,True,True,True,True,0.8524080514907837,0.5165982246398926,0.6635906012511698,0.2264783769473503,0.2264783769473503
Cosmos3_seed101_0036,165,1,3,0.2004484236240387,0.0,0.0,False,0.5422131419181824,0.1548900008201599,0.9560782313346864,0.6643065214157104,0.9765625,0.96484375,/shared/ssd_30T/zhuoyingyang/physact/sam3_robowm/identity_v1/sam_masked_expansion6/crops/Cosmos3_seed101_0036/frame_0165_rank_01.png,/shared/ssd_30T/zhuoyingyang/physact/sam3_robowm/identity_v1/sam_masked_expansion6/crops/Cosmos3_seed101_0036/frame_0165_rank_03.png,T13,T19,111,27,77,156,8,24,0,True,True,True,True,True,True,True,True,True,0.6643065214157104,0.1548900008201599,0.3207716284943495,0.06429816727500813,0.06429816727500813
Cosmos3_seed101_0036,165,2,3,0.0708459988236427,0.0,0.0,False,0.5165982246398926,0.1548900008201599,0.8524080514907837,0.6643065214157104,0.9765625,0.96484375,/shared/ssd_30T/zhuoyingyang/physact/sam3_robowm/identity_v1/sam_masked_expansion6/crops/Cosmos3_seed101_0036/frame_0165_rank_02.png,/shared/ssd_30T/zhuoyingyang/physact/sam3_robowm/identity_v1/sam_masked_expansion6/crops/Cosmos3_seed101_0036/frame_0165_rank_03.png,T15,T19,132,20,56,156,8,24,0,True,True,True,True,True,True,True,True,True,0.6643065214157104,0.1548900008201599,0.3207716284943495,0.022725386414968636,0.022725386414968636
Cosmos3_seed101_0036,168,1,2,0.5072337985038757,0.0,0.0,False,0.5324928760528564,0.5052215456962585,0.9586412906646729,0.8531447649002075,0.97265625,0.9765625,/shared/ssd_30T/zhuoyingyang/physact/sam3_robowm/identity_v1/sam_masked_expansion6/crops/Cosmos3_seed101_0036/frame_0168_rank_01.png,/shared/ssd_30T/zhuoyingyang/physact/sam3_robowm/identity_v1/sam_masked_expansion6/crops/Cosmos3_seed101_0036/frame_0168_rank_02.png,T13,T15,111,27,77,132,20,56,0,True,True,True,True,True,True,True,True,True,0.8531447649002075,0.5052215456962585,0.6565265545471516,0.33301245808161367,0.33301245808161367
Cosmos3_seed101_0036,168,1,3,0.2332018911838531,0.0,0.0,False,0.5324928760528564,0.153871938586235,0.9586412906646729,0.6644490957260132,0.97265625,0.96484375,/shared/ssd_30T/zhuoyingyang/physact/sam3_robowm/identity_v1/sam_masked_expansion6/crops/Cosmos3_seed101_0036/frame_0168_rank_01.png,/shared/ssd_30T/zhuoyingyang/physact/sam3_robowm/identity_v1/sam_masked_expansion6/crops/Cosmos3_seed101_0036/frame_0168_rank_03.png,T13,T19,111,27,77,156,8,24,0,True,True,True,True,True,True,True,True,True,0.6644490957260132,0.153871938586235,0.3197500124335142,0.07456630760555605,0.07456630760555605
Cosmos3_seed101_0036,168,2,3,0.1687196046113968,0.0,0.0,False,0.5052215456962585,0.153871938586235,0.8531447649002075,0.6644490957260132,0.9765625,0.96484375,/shared/ssd_30T/zhuoyingyang/physact/sam3_robowm/identity_v1/sam_masked_expansion6/crops/Cosmos3_seed101_0036/frame_0168_rank_02.png,/shared/ssd_30T/zhuoyingyang/physact/sam3_robowm/identity_v1/sam_masked_expansion6/crops/Cosmos3_seed101_0036/frame_0168_rank_03.png,T15,T19,132,20,56,156,8,24,0,True,True,True,True,True,True,True,True,True,0.6644490957260132,0.153871938586235,0.3197500124335142,0.053948095672271726,0.053948095672271726
Cosmos3_seed101_0036,171,1,2,0.6421210169792175,0.0,0.0,False,0.524970531463623,0.4801874756813049,0.9585615396499634,0.8394821882247925,0.97265625,0.9765625,/shared/ssd_30T/zhuoyingyang/physact/sam3_robowm/identity_v1/sam_masked_expansion6/crops/Cosmos3_seed101_0036/frame_0171_rank_01.png,/shared/ssd_30T/zhuoyingyang/physact/sam3_robowm/identity_v1/sam_masked_expansion6/crops/Cosmos3_seed101_0036/frame_0171_rank_02.png,T13,T15,111,27,77,132,20,56,0,True,True,True,True,True,True,True,True,True,0.8394821882247925,0.4801874756813049,0.6349085232087227,0.4076881066115582,0.4076881066115582
Cosmos3_seed101_0036,171,1,3,0.1964282393455505,0.0,0.0,False,0.524970531463623,0.1627928912639618,0.9585615396499634,0.6479290723800659,0.97265625,0.9609375,/shared/ssd_30T/zhuoyingyang/physact/sam3_robowm/identity_v1/sam_masked_expansion6/crops/Cosmos3_seed101_0036/frame_0171_rank_01.png,/shared/ssd_30T/zhuoyingyang/physact/sam3_robowm/identity_v1/sam_masked_expansion6/crops/Cosmos3_seed101_0036/frame_0171_rank_03.png,T13,T19,111,27,77,156,8,24,0,True,True,True,True,True,True,True,True,True,0.6479290723800659,0.1627928912639618,0.3247741477191922,0.06379481402143267,0.06379481402143267
Cosmos3_seed101_0036,171,2,3,0.1840614527463913,0.0,0.0,False,0.4801874756813049,0.1627928912639618,0.8394821882247925,0.6479290723800659,0.9765625,0.9609375,/shared/ssd_30T/zhuoyingyang/physact/sam3_robowm/identity_v1/sam_masked_expansion6/crops/Cosmos3_seed101_0036/frame_0171_rank_02.png,/shared/ssd_30T/zhuoyingyang/physact/sam3_robowm/identity_v1/sam_masked_expansion6/crops/Cosmos3_seed101_0036/frame_0171_rank_03.png,T15,T19,132,20,56,156,8,24,0,True,True,True,True,True,True,True,True,True,0.6479290723800659,0.1627928912639618,0.3247741477191922,0.059778401443665606,0.059778401443665606
Cosmos3_seed101_0036,174,1,2,0.7149778604507446,0.0,0.0,False,0.5582616329193115,0.6220126152038574,0.9594402313232422,0.8835309147834778,0.97265625,0.9765625,/shared/ssd_30T/zhuoyingyang/physact/sam3_robowm/identity_v1/sam_masked_expansion6/crops/Cosmos3_seed101_0036/frame_0174_rank_01.png,/shared/ssd_30T/zhuoyingyang/physact/sam3_robowm/identity_v1/sam_masked_expansion6/crops/Cosmos3_seed101_0036/frame_0174_rank_02.png,T13,T15,111,27,77,132,20,56,0,True,True,True,True,True,True,True,True,True,0.8835309147834778,0.5582616329193115,0.7023114773529744,0.5021371574478313,0.5021371574478313
Cosmos3_seed101_0036,174,1,3,0.1710635274648666,0.0,0.0,False,0.5582616329193115,0.1180104166269302,0.9594402313232422,0.6521949768066406,0.97265625,0.97265625,/shared/ssd_30T/zhuoyingyang/physact/sam3_robowm/identity_v1/sam_masked_expansion6/crops/Cosmos3_seed101_0036/frame_0174_rank_01.png,/shared/ssd_30T/zhuoyingyang/physact/sam3_robowm/identity_v1/sam_masked_expansion6/crops/Cosmos3_seed101_0036/frame_0174_rank_03.png,T13,T20,111,27,77,174,1,0,0,True,True,True,False,True,False,True,True,True,0.6521949768066406,0.1180104166269302,0.27742710922860936,0.047457659919026764,0.047457659919026764
Cosmos3_seed101_0036,174,2,3,0.2130568325519561,0.2184884582783187,1.0,True,0.6220126152038574,0.1180104166269302,0.8835309147834778,0.6521949768066406,0.9765625,0.97265625,/shared/ssd_30T/zhuoyingyang/physact/sam3_robowm/identity_v1/sam_masked_expansion6/crops/Cosmos3_seed101_0036/frame_0174_rank_02.png,/shared/ssd_30T/zhuoyingyang/physact/sam3_robowm/identity_v1/sam_masked_expansion6/crops/Cosmos3_seed101_0036/frame_0174_rank_03.png,T15,T20,132,20,56,174,1,0,0,True,True,True,False,True,False,True,False,False,0.6521949768066406,0.1180104166269302,0.27742710922860936,0.05910774115629306,0.0
Cosmos3_seed101_0036,177,1,2,0.7709306478500366,0.0,0.0,False,0.4892966747283935,0.7257678508758545,0.960180163383484,0.9181408286094666,0.97265625,0.9765625,/shared/ssd_30T/zhuoyingyang/physact/sam3_robowm/identity_v1/sam_masked_expansion6/crops/Cosmos3_seed101_0036/frame_0177_rank_01.png,/shared/ssd_30T/zhuoyingyang/physact/sam3_robowm/identity_v1/sam_masked_expansion6/crops/Cosmos3_seed101_0036/frame_0177_rank_02.png,T13,T15,111,27,77,132,20,56,0,True,True,True,True,True,True,True,True,True,0.9181408286094666,0.4892966747283935,0.6702561110284514,0.5167209779006101,0.5167209779006101
Cosmos3_seed101_0036,177,1,3,0.2144984304904937,0.0,0.0,False,0.4892966747283935,0.1334365457296371,0.960180163383484,0.6430519223213196,0.97265625,0.96484375,/shared/ssd_30T/zhuoyingyang/physact/sam3_robowm/identity_v1/sam_masked_expansion6/crops/Cosmos3_seed101_0036/frame_0177_rank_01.png,/shared/ssd_30T/zhuoyingyang/physact/sam3_robowm/identity_v1/sam_masked_expansion6/crops/Cosmos3_seed101_0036/frame_0177_rank_03.png,T13,T19,111,27,77,156,8,24,0,True,True,True,True,True,True,True,True,True,0.6430519223213196,0.1334365457296371,0.292927682610162,0.06283252816709724,0.06283252816709724
Cosmos3_seed101_0036,177,2,3,0.1753663718700409,0.0,0.0,False,0.7257678508758545,0.1334365457296371,0.9181408286094666,0.6430519223213196,0.9765625,0.96484375,/shared/ssd_30T/zhuoyingyang/physact/sam3_robowm/identity_v1/sam_masked_expansion6/crops/Cosmos3_seed101_0036/frame_0177_rank_02.png,/shared/ssd_30T/zhuoyingyang/physact/sam3_robowm/identity_v1/sam_masked_expansion6/crops/Cosmos3_seed101_0036/frame_0177_rank_03.png,T15,T19,132,20,56,156,8,24,0,True,True,True,True,True,True,True,True,True,0.6430519223213196,0.1334365457296371,0.292927682610162,0.05136966491964298,0.05136966491964298
Cosmos3_seed101_0036,180,1,2,0.7632034420967102,0.0,0.0,False,0.5362970232963562,0.7506311535835266,0.956208348274231,0.9340940117836,0.97265625,0.9765625,/shared/ssd_30T/zhuoyingyang/physact/sam3_robowm/identity_v1/sam_masked_expansion6/crops/Cosmos3_seed101_0036/frame_0180_rank_01.png,/shared/ssd_30T/zhuoyingyang/physact/sam3_robowm/identity_v1/sam_masked_expansion6/crops/Cosmos3_seed101_0036/frame_0180_rank_02.png,T13,T15,111,27,77,132,20,56,0,True,True,True,True,True,True,True,True,True,0.9340940117836,0.5362970232963562,0.7077795122765961,0.5401797600150289,0.5401797600150289
Cosmos3_seed101_0036,180,1,3,0.2487784177064895,0.0,0.0,False,0.5362970232963562,0.1139983162283897,0.956208348274231,0.6538861989974976,0.97265625,0.9609375,/shared/ssd_30T/zhuoyingyang/physact/sam3_robowm/identity_v1/sam_masked_expansion6/crops/Cosmos3_seed101_0036/frame_0180_rank_01.png,/shared/ssd_30T/zhuoyingyang/physact/sam3_robowm/identity_v1/sam_masked_expansion6/crops/Cosmos3_seed101_0036/frame_0180_rank_03.png,T13,T19,111,27,77,156,8,24,0,True,True,True,True,True,True,True,True,True,0.6538861989974976,0.1139983162283897,0.27302367239984243,0.06792239721604774,0.06792239721604774
Cosmos3_seed101_0036,180,2,3,0.2021074891090393,0.0,0.0,False,0.7506311535835266,0.1139983162283897,0.9340940117836,0.6538861989974976,0.9765625,0.9609375,/shared/ssd_30T/zhuoyingyang/physact/sam3_robowm/identity_v1/sam_masked_expansion6/crops/Cosmos3_seed101_0036/frame_0180_rank_02.png,/shared/ssd_30T/zhuoyingyang/physact/sam3_robowm/identity_v1/sam_masked_expansion6/crops/Cosmos3_seed101_0036/frame_0180_rank_03.png,T15,T19,132,20,56,156,8,24,0,True,True,True,True,True,True,True,True,True,0.6538861989974976,0.1139983162283897,0.27302367239984243,0.05518012889606107,0.05518012889606107
Cosmos3_seed101_0036,183,1,2,0.828493595123291,0.0,0.0,False,0.5008335709571838,0.7317100763320923,0.9586649537086488,0.9383671283721924,0.97265625,0.9765625,/shared/ssd_30T/zhuoyingyang/physact/sam3_robowm/identity_v1/sam_masked_expansion6/crops/Cosmos3_seed101_0036/frame_0183_rank_01.png,/shared/ssd_30T/zhuoyingyang/physact/sam3_robowm/identity_v1/sam_masked_expansion6/crops/Cosmos3_seed101_0036/frame_0183_rank_02.png,T13,T15,111,27,77,132,20,56,0,True,True,True,True,True,True,True,True,True,0.9383671283721924,0.5008335709571838,0.6855404873320636,0.5679659029523143,0.5679659029523143
Cosmos3_seed101_0036,183,1,3,0.0400264412164688,0.0131911031816952,1.0,True,0.5008335709571838,0.1462054252624511,0.9586649537086488,0.6158734560012817,0.97265625,0.984375,/shared/ssd_30T/zhuoyingyang/physact/sam3_robowm/identity_v1/sam_masked_expansion6/crops/Cosmos3_seed101_0036/frame_0183_rank_01.png,/shared/ssd_30T/zhuoyingyang/physact/sam3_robowm/identity_v1/sam_masked_expansion6/crops/Cosmos3_seed101_0036/frame_0183_rank_03.png,T13,T21,111,27,77,183,2,3,0,True,True,True,False,True,False,True,False,False,0.6158734560012817,0.1462054252624511,0.3000733919269132,0.012010869982588993,0.0
Cosmos3_seed101_0036,183,2,3,0.0364056304097175,0.024660389223409,1.0,True,0.7317100763320923,0.1462054252624511,0.9383671283721924,0.6158734560012817,0.9765625,0.984375,/shared/ssd_30T/zhuoyingyang/physact/sam3_robowm/identity_v1/sam_masked_expansion6/crops/Cosmos3_seed101_0036/frame_0183_rank_02.png,/shared/ssd_30T/zhuoyingyang/physact/sam3_robowm/identity_v1/sam_masked_expansion6/crops/Cosmos3_seed101_0036/frame_0183_rank_03.png,T15,T21,132,20,56,183,2,3,0,True,True,True,False,True,False,True,False,False,0.6158734560012817,0.1462054252624511,0.3000733919269132,0.010924361002281507,0.0
Cosmos3_seed101_0036,186,1,2,0.8266304135322571,0.0,0.0,False,0.5077886581420898,0.7441721558570862,0.9572665691375732,0.9356038570404052,0.97265625,0.97265625,/shared/ssd_30T/zhuoyingyang/physact/sam3_robowm/identity_v1/sam_masked_expansion6/crops/Cosmos3_seed101_0036/frame_0186_rank_01.png,/shared/ssd_30T/zhuoyingyang/physact/sam3_robowm/identity_v1/sam_masked_expansion6/crops/Cosmos3_seed101_0036/frame_0186_rank_02.png,T13,T15,111,27,77,132,20,56,0,True,True,True,True,True,True,True,True,True,0.9356038570404052,0.5077886581420898,0.6892670216390097,0.5697690831316018,0.5697690831316018
Cosmos3_seed101_0036,186,1,3,0.0352657884359359,0.0131138408711617,1.0,True,0.5077886581420898,0.1338153183460235,0.9572665691375732,0.6202918291091919,0.97265625,0.98828125,/shared/ssd_30T/zhuoyingyang/physact/sam3_robowm/identity_v1/sam_masked_expansion6/crops/Cosmos3_seed101_0036/frame_0186_rank_01.png,/shared/ssd_30T/zhuoyingyang/physact/sam3_robowm/identity_v1/sam_masked_expansion6/crops/Cosmos3_seed101_0036/frame_0186_rank_03.png,T13,T21,111,27,77,183,2,3,0,True,True,True,False,True,False,True,False,False,0.6202918291091919,0.1338153183460235,0.28810509988489225,0.01016025349985479,0.0
Cosmos3_seed101_0036,186,2,3,0.0154526280239224,0.0225820655512957,0.918666336599228,True,0.7441721558570862,0.1338153183460235,0.9356038570404052,0.6202918291091919,0.97265625,0.98828125,/shared/ssd_30T/zhuoyingyang/physact/sam3_robowm/identity_v1/sam_masked_expansion6/crops/Cosmos3_seed101_0036/frame_0186_rank_02.png,/shared/ssd_30T/zhuoyingyang/physact/sam3_robowm/identity_v1/sam_masked_expansion6/crops/Cosmos3_seed101_0036/frame_0186_rank_03.png,T15,T21,132,20,56,183,2,3,0,True,True,True,False,True,False,True,False,False,0.6202918291091919,0.1338153183460235,0.28810509988489225,0.004451980940316248,0.0
Cosmos3_seed101_0036,188,1,2,0.8156726956367493,0.0,0.0,False,0.5156622529029846,0.7428863048553467,0.9571280479431152,0.938685417175293,0.97265625,0.97265625,/shared/ssd_30T/zhuoyingyang/physact/sam3_robowm/identity_v1/sam_masked_expansion6/crops/Cosmos3_seed101_0036/frame_0188_rank_01.png,/shared/ssd_30T/zhuoyingyang/physact/sam3_robowm/identity_v1/sam_masked_expansion6/crops/Cosmos3_seed101_0036/frame_0188_rank_02.png,T13,T15,111,27,77,132,20,56,0,True,True,True,True,True,True,True,True,True,0.938685417175293,0.5156622529029846,0.6957331650768055,0.5674905462020854,0.5674905462020854
Cosmos3_seed101_0036,188,1,3,0.2075837105512619,0.0,0.0,False,0.5156622529029846,0.1061195507645607,0.9571280479431152,0.6614951491355896,0.97265625,0.95703125,/shared/ssd_30T/zhuoyingyang/physact/sam3_robowm/identity_v1/sam_masked_expansion6/crops/Cosmos3_seed101_0036/frame_0188_rank_01.png,/shared/ssd_30T/zhuoyingyang/physact/sam3_robowm/identity_v1/sam_masked_expansion6/crops/Cosmos3_seed101_0036/frame_0188_rank_03.png,T13,T22,111,27,77,188,1,0,0,True,True,True,False,True,False,True,True,True,0.6614951491355896,0.1061195507645607,0.26494823656556926,0.0549989380502944,0.0549989380502944
Cosmos3_seed101_0036,188,2,3,0.1246862038969993,0.0,0.0,False,0.7428863048553467,0.1061195507645607,0.938685417175293,0.6614951491355896,0.97265625,0.95703125,/shared/ssd_30T/zhuoyingyang/physact/sam3_robowm/identity_v1/sam_masked_expansion6/crops/Cosmos3_seed101_0036/frame_0188_rank_02.png,/shared/ssd_30T/zhuoyingyang/physact/sam3_robowm/identity_v1/sam_masked_expansion6/crops/Cosmos3_seed101_0036/frame_0188_rank_03.png,T15,T22,132,20,56,188,1,0,0,True,True,True,False,True,False,True,True,True,0.6614951491355896,0.1061195507645607,0.26494823656556926,0.033035389846564976,0.033035389846564976
LVP_0030,0,1,2,0.1729127615690231,0.0220478860191203,1.0,True,0.771060049533844,0.1380990445613861,0.8798332214355469,0.679524302482605,0.98046875,0.984375,/shared/ssd_30T/zhuoyingyang/physact/sam3_robowm/identity_v1/sam_masked_expansion6/crops/LVP_0030/frame_0000_rank_01.png,/shared/ssd_30T/zhuoyingyang/physact/sam3_robowm/identity_v1/sam_masked_expansion6/crops/LVP_0030/frame_0000_rank_02.png,T00,T01,0,17,48,0,7,18,0,False,False,True,True,False,False,False,False,False,0.679524302482605,0.1380990445613861,0.30633585642084094,0.05296937890133936,0.0
LVP_0030,3,1,2,0.1561256051063537,0.021970100932552,1.0,True,0.7451174855232239,0.1461468189954757,0.8816796541213989,0.6744554042816162,0.9765625,0.98828125,/shared/ssd_30T/zhuoyingyang/physact/sam3_robowm/identity_v1/sam_masked_expansion6/crops/LVP_0030/frame_0003_rank_01.png,/shared/ssd_30T/zhuoyingyang/physact/sam3_robowm/identity_v1/sam_masked_expansion6/crops/LVP_0030/frame_0003_rank_02.png,T00,T01,0,17,48,0,7,18,0,False,False,True,True,False,False,False,False,False,0.6744554042816162,0.1461468189954757,0.31395781864776956,0.04901685441425388,0.0
LVP_0030,6,1,2,0.1971817314624786,0.0222851645693772,1.0,True,0.7174291610717773,0.1509806960821151,0.8729073405265808,0.6905593276023865,0.9765625,0.9765625,/shared/ssd_30T/zhuoyingyang/physact/sam3_robowm/identity_v1/sam_masked_expansion6/crops/LVP_0030/frame_0006_rank_01.png,/shared/ssd_30T/zhuoyingyang/physact/sam3_robowm/identity_v1/sam_masked_expansion6/crops/LVP_0030/frame_0006_rank_02.png,T00,T01,0,17,48,0,7,18,0,False,False,True,True,False,False,False,False,False,0.6905593276023865,0.1509806960821151,0.32289491784078245,0.06366897898028026,0.0
LVP_0030,9,1,2,0.2288244515657425,0.0219166319212827,1.0,True,0.7107239961624146,0.1532501131296157,0.8803309202194214,0.6463642120361328,0.9765625,0.984375,/shared/ssd_30T/zhuoyingyang/physact/sam3_robowm/identity_v1/sam_masked_expansion6/crops/LVP_0030/frame_0009_rank_01.png,/shared/ssd_30T/zhuoyingyang/physact/sam3_robowm/identity_v1/sam_masked_expansion6/crops/LVP_0030/frame_0009_rank_02.png,T00,T01,0,17,48,0,7,18,0,False,False,True,True,False,False,False,False,False,0.6463642120361328,0.1532501131296157,0.3147306604343979,0.07201807076482503,0.0
LVP_0030,12,1,2,0.2269629538059234,0.0209148541331855,1.0,True,0.6891060471534729,0.1609174609184265,0.9043607711791992,0.6403477191925049,0.97265625,0.9765625,/shared/ssd_30T/zhuoyingyang/physact/sam3_robowm/identity_v1/sam_masked_expansion6/crops/LVP_0030/frame_0012_rank_01.png,/shared/ssd_30T/zhuoyingyang/physact/sam3_robowm/identity_v1/sam_masked_expansion6/crops/LVP_0030/frame_0012_rank_02.png,T00,T01,0,17,48,0,7,18,0,False,False,True,True,False,False,False,False,False,0.6403477191925049,0.1609174609184265,0.32100331630275014,0.0728558608495693,0.0
LVP_0030,15,1,2,0.2013677060604095,0.0193374660446538,1.0,True,0.5780110359191895,0.1866339445114135,0.8457929491996765,0.611542284488678,0.97265625,0.98046875,/shared/ssd_30T/zhuoyingyang/physact/sam3_robowm/identity_v1/sam_masked_expansion6/crops/LVP_0030/frame_0015_rank_01.png,/shared/ssd_30T/zhuoyingyang/physact/sam3_robowm/identity_v1/sam_masked_expansion6/crops/LVP_0030/frame_0015_rank_02.png,T00,T01,0,17,48,0,7,18,0,False,False,True,True,False,False,False,False,False,0.611542284488678,0.1866339445114135,0.3378380511275232,0.06802967337546868,0.0
LVP_0030,18,1,2,0.1856942176818847,0.0,0.0,False,0.3139956891536712,0.1076406463980674,0.7541743516921997,0.6381252408027649,0.96875,0.98046875,/shared/ssd_30T/zhuoyingyang/physact/sam3_robowm/identity_v1/sam_masked_expansion6/crops/LVP_0030/frame_0018_rank_01.png,/shared/ssd_30T/zhuoyingyang/physact/sam3_robowm/identity_v1/sam_masked_expansion6/crops/LVP_0030/frame_0018_rank_02.png,T00,T02,0,17,48,18,2,3,0,False,True,True,False,False,False,False,True,False,0.6381252408027649,0.1076406463980674,0.2620843631408254,0.04866755078009055,0.0
LVP_0030,18,1,3,0.1586543172597885,0.0302165880592285,1.0,True,0.3139956891536712,0.3473587334156036,0.7541743516921997,0.6007789373397827,0.96875,0.9765625,/shared/ssd_30T/zhuoyingyang/physact/sam3_robowm/identity_v1/sam_masked_expansion6/crops/LVP_0030/frame_0018_rank_01.png,/shared/ssd_30T/zhuoyingyang/physact/sam3_robowm/identity_v1/sam_masked_expansion6/crops/LVP_0030/frame_0018_rank_03.png,T00,T01,0,17,48,0,7,18,0,False,False,True,True,False,False,False,False,False,0.6007789373397827,0.3139956891536712,0.4343293640303581,0.06890822871611461,0.0
LVP_0030,18,2,3,0.1555380523204803,0.1879619155948652,0.4548757506752734,False,0.1076406463980674,0.3473587334156036,0.6381252408027649,0.6007789373397827,0.98046875,0.9765625,/shared/ssd_30T/zhuoyingyang/physact/sam3_robowm/identity_v1/sam_masked_expansion6/crops/LVP_0030/frame_0018_rank_02.png,/shared/ssd_30T/zhuoyingyang/physact/sam3_robowm/identity_v1/sam_masked_expansion6/crops/LVP_0030/frame_0018_rank_03.png,T02,T01,18,2,3,0,7,18,0,True,False,False,True,False,False,False,True,False,0.6007789373397827,0.1076406463980674,0.25429949500067484,0.03955324815848668,0.0
LVP_0030,21,1,2,0.2140120714902877,0.0,0.0,False,0.3070947825908661,0.106026567518711,0.7228112816810608,0.6386752128601074,0.96875,0.98046875,/shared/ssd_30T/zhuoyingyang/physact/sam3_robowm/identity_v1/sam_masked_expansion6/crops/LVP_0030/frame_0021_rank_01.png,/shared/ssd_30T/zhuoyingyang/physact/sam3_robowm/identity_v1/sam_masked_expansion6/crops/LVP_0030/frame_0021_rank_02.png,T00,T02,0,17,48,18,2,3,0,False,True,True,False,False,False,False,True,False,0.6386752128601074,0.106026567518711,0.2602240199882388,0.05569108156921301,0.0
LVP_0030,21,1,3,0.46480193734169,0.2937669584760166,0.9987834506246652,True,0.3070947825908661,0.147084042429924,0.7228112816810608,0.6104346513748169,0.96875,0.96484375,/shared/ssd_30T/zhuoyingyang/physact/sam3_robowm/identity_v1/sam_masked_expansion6/crops/LVP_0030/frame_0021_rank_01.png,/shared/ssd_30T/zhuoyingyang/physact/sam3_robowm/identity_v1/sam_masked_expansion6/crops/LVP_0030/frame_0021_rank_03.png,T00,T03,0,17,48,21,2,3,0,False,True,True,False,False,False,False,False,False,0.6104346513748169,0.147084042429924,0.29964177973625344,0.13927407972992256,0.0
LVP_0030,21,2,3,0.0916040986776351,0.0,0.0,False,0.106026567518711,0.147084042429924,0.6386752128601074,0.6104346513748169,0.98046875,0.96484375,/shared/ssd_30T/zhuoyingyang/physact/sam3_robowm/identity_v1/sam_masked_expansion6/crops/LVP_0030/frame_0021_rank_02.png,/shared/ssd_30T/zhuoyingyang/physact/sam3_robowm/identity_v1/sam_masked_expansion6/crops/LVP_0030/frame_0021_rank_03.png,T02,T03,18,2,3,21,2,3,0,True,True,False,False,False,False,False,True,False,0.6104346513748169,0.106026567518711,0.25440576011512167,0.023304610353744367,0.0
LVP_0030,24,1,2,0.3101508617401123,0.0,0.0,False,0.4074635505676269,0.1038088798522949,0.758727490901947,0.6030968427658081,0.96875,0.859375,/shared/ssd_30T/zhuoyingyang/physact/sam3_robowm/identity_v1/sam_masked_expansion6/crops/LVP_0030/frame_0024_rank_01.png,/shared/ssd_30T/zhuoyingyang/physact/sam3_robowm/identity_v1/sam_masked_expansion6/crops/LVP_0030/frame_0024_rank_02.png,T00,T04,0,17,48,24,1,0,0,False,True,True,False,False,False,False,True,False,0.6030968427658081,0.1038088798522949,0.2502135241947848,0.07760394014804295,0.0
LVP_0030,24,1,3,0.2874253094196319,0.1592588736952721,1.0,True,0.4074635505676269,0.1650362461805343,0.758727490901947,0.5938227772712708,0.96875,0.96484375,/shared/ssd_30T/zhuoyingyang/physact/sam3_robowm/identity_v1/sam_masked_expansion6/crops/LVP_0030/frame_0024_rank_01.png,/shared/ssd_30T/zhuoyingyang/physact/sam3_robowm/identity_v1/sam_masked_expansion6/crops/LVP_0030/frame_0024_rank_03.png,T00,T03,0,17,48,21,2,3,0,False,True,True,False,False,False,False,False,False,0.5938227772712708,0.1650362461805343,0.31305316171115416,0.08997940186962254,0.0
LVP_0030,24,2,3,0.2637392580509186,0.0,0.0,False,0.1038088798522949,0.1650362461805343,0.6030968427658081,0.5938227772712708,0.859375,0.96484375,/shared/ssd_30T/zhuoyingyang/physact/sam3_robowm/identity_v1/sam_masked_expansion6/crops/LVP_0030/frame_0024_rank_02.png,/shared/ssd_30T/zhuoyingyang/physact/sam3_robowm/identity_v1/sam_masked_expansion6/crops/LVP_0030/frame_0024_rank_03.png,T04,T03,24,1,0,21,2,3,0,True,True,False,False,False,False,False,True,False,0.5938227772712708,0.1038088798522949,0.2482822533716605,0.06548177729145191,0.0
LVP_0030,27,1,2,0.2092144936323166,0.0194213102361234,1.0,True,0.6444680094718933,0.181780144572258,0.8769384026527405,0.6458797454833984,0.97265625,0.9765625,/shared/ssd_30T/zhuoyingyang/physact/sam3_robowm/identity_v1/sam_masked_expansion6/crops/LVP_0030/frame_0027_rank_01.png,/shared/ssd_30T/zhuoyingyang/physact/sam3_robowm/identity_v1/sam_masked_expansion6/crops/LVP_0030/frame_0027_rank_02.png,T00,T05,0,17,48,27,7,21,0,False,True,True,True,False,True,True,False,False,0.6458797454833984,0.181780144572258,0.34264867358602946,0.07168706873808608,0.0
LVP_0030,30,1,2,0.1802118122577667,0.0183974398628139,1.0,True,0.6835632920265198,0.1653777658939361,0.9021804332733154,0.651808500289917,0.96875,0.9765625,/shared/ssd_30T/zhuoyingyang/physact/sam3_robowm/identity_v1/sam_masked_expansion6/crops/LVP_0030/frame_0030_rank_01.png,/shared/ssd_30T/zhuoyingyang/physact/sam3_robowm/identity_v1/sam_masked_expansion6/crops/LVP_0030/frame_0030_rank_02.png,T00,T05,0,17,48,27,7,21,0,False,True,True,True,False,True,True,False,False,0.651808500289917,0.1653777658939361,0.32832093075011753,0.0591673099326354,0.0
LVP_0030,33,1,2,0.1863479167222976,0.0180819149467836,1.0,True,0.6995356678962708,0.1580385565757751,0.8994941711425781,0.6554766893386841,0.96875,0.9765625,/shared/ssd_30T/zhuoyingyang/physact/sam3_robowm/identity_v1/sam_masked_expansion6/crops/LVP_0030/frame_0033_rank_01.png,/shared/ssd_30T/zhuoyingyang/physact/sam3_robowm/identity_v1/sam_masked_expansion6/crops/LVP_0030/frame_0033_rank_02.png,T00,T05,0,17,48,27,7,21,0,False,True,True,True,False,True,True,False,False,0.6554766893386841,0.1580385565757751,0.32185492050325,0.05997699392260135,0.0
LVP_0030,36,1,2,0.2485556900501251,0.0193842980013195,1.0,True,0.680604100227356,0.1701432317495346,0.8988069295883179,0.643923282623291,0.97265625,0.97265625,/shared/ssd_30T/zhuoyingyang/physact/sam3_robowm/identity_v1/sam_masked_expansion6/crops/LVP_0030/frame_0036_rank_01.png,/shared/ssd_30T/zhuoyingyang/physact/sam3_robowm/identity_v1/sam_masked_expansion6/crops/LVP_0030/frame_0036_rank_02.png,T00,T05,0,17,48,27,7,21,0,False,True,True,True,False,True,True,False,False,0.643923282623291,0.1701432317495346,0.3309972632882267,0.08227125318130812,0.0
LVP_0030,39,1,2,0.4282833933830261,0.0012118463166033,0.0031654193997013,False,0.6755461692810059,0.1628020405769348,0.896354079246521,0.7303248047828674,0.97265625,0.9609375,/shared/ssd_30T/zhuoyingyang/physact/sam3_robowm/identity_v1/sam_masked_expansion6/crops/LVP_0030/frame_0039_rank_01.png,/shared/ssd_30T/zhuoyingyang/physact/sam3_robowm/identity_v1/sam_masked_expansion6/crops/LVP_0030/frame_0039_rank_02.png,T00,T06,0,17,48,39,4,9,0,False,True,True,True,False,True,True,True,True,0.7303248047828674,0.1628020405769348,0.3448164272516644,0.14767914955755418,0.14767914955755418
LVP_0030,39,1,3,0.1960356533527374,0.0201578804954816,1.0,True,0.6755461692810059,0.1563490331172943,0.896354079246521,0.6391854286193848,0.97265625,0.9765625,/shared/ssd_30T/zhuoyingyang/physact/sam3_robowm/identity_v1/sam_masked_expansion6/crops/LVP_0030/frame_0039_rank_01.png,/shared/ssd_30T/zhuoyingyang/physact/sam3_robowm/identity_v1/sam_masked_expansion6/crops/LVP_0030/frame_0039_rank_03.png,T00,T05,0,17,48,27,7,21,0,False,True,True,True,False,True,True,False,False,0.6391854286193848,0.1563490331172943,0.3161265944954713,0.061972083494095595,0.0
LVP_0030,39,2,3,0.1982780694961547,0.0124798916163979,1.0,True,0.1628020405769348,0.1563490331172943,0.7303248047828674,0.6391854286193848,0.9609375,0.9765625,/shared/ssd_30T/zhuoyingyang/physact/sam3_robowm/identity_v1/sam_masked_expansion6/crops/LVP_0030/frame_0039_rank_02.png,/shared/ssd_30T/zhuoyingyang/physact/sam3_robowm/identity_v1/sam_masked_expansion6/crops/LVP_0030/frame_0039_rank_03.png,T06,T05,39,4,9,27,7,21,0,True,True,True,True,True,True,True,False,False,0.6391854286193848,0.1563490331172943,0.3161265944954713,0.06268097087295578,0.0
LVP_0030,42,1,2,0.3012571632862091,0.0065173208361089,0.0172074082992589,False,0.6931771636009216,0.1391043066978454,0.8748098611831665,0.7274535298347473,0.97265625,0.9609375,/shared/ssd_30T/zhuoyingyang/physact/sam3_robowm/identity_v1/sam_masked_expansion6/crops/LVP_0030/frame_0042_rank_01.png,/shared/ssd_30T/zhuoyingyang/physact/sam3_robowm/identity_v1/sam_masked_expansion6/crops/LVP_0030/frame_0042_rank_02.png,T00,T06,0,17,48,39,4,9,0,False,True,True,True,False,True,True,True,True,0.7274535298347473,0.1391043066978454,0.3181067728335298,0.09583194400595971,0.09583194400595971
LVP_0030,42,1,3,0.2196658253669738,0.0191317361182239,1.0,True,0.6931771636009216,0.1567607820034027,0.8748098611831665,0.6416517496109009,0.97265625,0.98046875,/shared/ssd_30T/zhuoyingyang/physact/sam3_robowm/identity_v1/sam_masked_expansion6/crops/LVP_0030/frame_0042_rank_01.png,/shared/ssd_30T/zhuoyingyang/physact/sam3_robowm/identity_v1/sam_masked_expansion6/crops/LVP_0030/frame_0042_rank_03.png,T00,T05,0,17,48,27,7,21,0,False,True,True,True,False,True,True,False,False,0.6416517496109009,0.1567607820034027,0.317152692000015,0.06966760785554092,0.0
LVP_0030,42,2,3,0.1218136623501777,0.0115427666457682,1.0,True,0.1391043066978454,0.1567607820034027,0.7274535298347473,0.6416517496109009,0.9609375,0.98046875,/shared/ssd_30T/zhuoyingyang/physact/sam3_robowm/identity_v1/sam_masked_expansion6/crops/LVP_0030/frame_0042_rank_02.png,/shared/ssd_30T/zhuoyingyang/physact/sam3_robowm/identity_v1/sam_masked_expansion6/crops/LVP_0030/frame_0042_rank_03.png,T06,T05,39,4,9,27,7,21,0,True,True,True,True,True,True,True,False,False,0.6416517496109009,0.1391043066978454,0.2987582999199919,0.03639284267076701,0.0
LVP_0030,45,1,2,0.7843929529190063,0.0,0.0,False,0.6097277998924255,0.5568522810935974,0.9090020656585692,0.8401012420654297,0.97265625,0.97265625,/shared/ssd_30T/zhuoyingyang/physact/sam3_robowm/identity_v1/sam_masked_expansion6/crops/LVP_0030/frame_0045_rank_01.png,/shared/ssd_30T/zhuoyingyang/physact/sam3_robowm/identity_v1/sam_masked_expansion6/crops/LVP_0030/frame_0045_rank_02.png,T00,T06,0,17,48,39,4,9,0,False,True,True,True,False,True,True,True,True,0.8401012420654297,0.5568522810935974,0.6839680496877752,0.5364997181968477,0.5364997181968477
LVP_0030,45,1,3,0.8175556659698486,0.4572374118481428,1.0,True,0.6097277998924255,0.1150830760598182,0.9090020656585692,0.8207007050514221,0.97265625,0.97265625,/shared/ssd_30T/zhuoyingyang/physact/sam3_robowm/identity_v1/sam_masked_expansion6/crops/LVP_0030/frame_0045_rank_01.png,/shared/ssd_30T/zhuoyingyang/physact/sam3_robowm/identity_v1/sam_masked_expansion6/crops/LVP_0030/frame_0045_rank_03.png,T00,T07,0,17,48,45,1,0,0,False,True,True,False,False,False,False,False,False,0.8207007050514221,0.1150830760598182,0.30732517251565844,0.25125543608533774,0.0
LVP_0030,45,2,3,0.8308625817298889,0.4289513560932667,1.0,True,0.5568522810935974,0.1150830760598182,0.8401012420654297,0.8207007050514221,0.97265625,0.97265625,/shared/ssd_30T/zhuoyingyang/physact/sam3_robowm/identity_v1/sam_masked_expansion6/crops/LVP_0030/frame_0045_rank_02.png,/shared/ssd_30T/zhuoyingyang/physact/sam3_robowm/identity_v1/sam_masked_expansion6/crops/LVP_0030/frame_0045_rank_03.png,T06,T07,39,4,9,45,1,0,0,True,True,True,False,True,False,True,False,False,0.8207007050514221,0.1150830760598182,0.30732517251565844,0.25534498626694346,0.0
LVP_0030,48,1,2,0.7866881489753723,0.0,0.0,False,0.6502830386161804,0.6082414388656616,0.8975415825843811,0.8630735874176025,0.97265625,0.96875,/shared/ssd_30T/zhuoyingyang/physact/sam3_robowm/identity_v1/sam_masked_expansion6/crops/LVP_0030/frame_0048_rank_01.png,/shared/ssd_30T/zhuoyingyang/physact/sam3_robowm/identity_v1/sam_masked_expansion6/crops/LVP_0030/frame_0048_rank_02.png,T00,T06,0,17,48,39,4,9,0,False,True,True,True,False,True,True,True,True,0.8630735874176025,0.6082414388656616,0.7245392471480279,0.5699864391988918,0.5699864391988918
LVP_0030,48,1,3,0.2143296599388122,0.0184784625871057,1.0,True,0.6502830386161804,0.1399046778678894,0.8975415825843811,0.6769062280654907,0.97265625,0.98046875,/shared/ssd_30T/zhuoyingyang/physact/sam3_robowm/identity_v1/sam_masked_expansion6/crops/LVP_0030/frame_0048_rank_01.png,/shared/ssd_30T/zhuoyingyang/physact/sam3_robowm/identity_v1/sam_masked_expansion6/crops/LVP_0030/frame_0048_rank_03.png,T00,T05,0,17,48,27,7,21,0,False,True,True,True,False,True,True,False,False,0.6769062280654907,0.1399046778678894,0.307737465681822,0.0659572663700168,0.0
LVP_0030,48,2,3,0.2142484784126281,0.0172731422472824,1.0,True,0.6082414388656616,0.1399046778678894,0.8630735874176025,0.6769062280654907,0.96875,0.98046875,/shared/ssd_30T/zhuoyingyang/physact/sam3_robowm/identity_v1/sam_masked_expansion6/crops/LVP_0030/frame_0048_rank_02.png,/shared/ssd_30T/zhuoyingyang/physact/sam3_robowm/identity_v1/sam_masked_expansion6/crops/LVP_0030/frame_0048_rank_03.png,T06,T05,39,4,9,27,7,21,0,True,True,True,True,True,True,True,False,False,0.6769062280654907,0.1399046778678894,0.307737465681822,0.06593228377288872,0.0
