case,frame,rank_a,rank_b,pair_similarity,iou,containment,nested,gdino_a,gdino_b,siglip_source_a,siglip_source_b,sam_a,sam_b,crop_a,crop_b
Cosmos2.5_0036,0,1,2,0.17164672911167145,0.0,0.0,False,0.7974219918251038,0.1143990531563758,0.9353830814361572,0.6408697366714478,0.97265625,0.9296875,/shared/ssd_30T/zhuoyingyang/physact/sam3_robowm/identity_v1/sam_masked_negative6/crops/Cosmos2.5_0036/frame_0000_rank_01.png,/shared/ssd_30T/zhuoyingyang/physact/sam3_robowm/identity_v1/sam_masked_negative6/crops/Cosmos2.5_0036/frame_0000_rank_02.png
Cosmos2.5_0036,0,1,3,0.15146176517009735,0.0,0.0,False,0.7974219918251038,0.1016993448138237,0.9353830814361572,0.6119279861450195,0.97265625,0.9765625,/shared/ssd_30T/zhuoyingyang/physact/sam3_robowm/identity_v1/sam_masked_negative6/crops/Cosmos2.5_0036/frame_0000_rank_01.png,/shared/ssd_30T/zhuoyingyang/physact/sam3_robowm/identity_v1/sam_masked_negative6/crops/Cosmos2.5_0036/frame_0000_rank_03.png
Cosmos2.5_0036,0,2,3,0.5720272660255432,0.027001827737116728,0.07743611859654169,False,0.1143990531563758,0.1016993448138237,0.6408697366714478,0.6119279861450195,0.9296875,0.9765625,/shared/ssd_30T/zhuoyingyang/physact/sam3_robowm/identity_v1/sam_masked_negative6/crops/Cosmos2.5_0036/frame_0000_rank_02.png,/shared/ssd_30T/zhuoyingyang/physact/sam3_robowm/identity_v1/sam_masked_negative6/crops/Cosmos2.5_0036/frame_0000_rank_03.png
Cosmos2.5_0036,3,1,2,0.23254460096359253,0.0,0.0,False,0.7855073809623718,0.1153903901576995,0.8663011789321899,0.6699734330177307,0.96875,0.9609375,/shared/ssd_30T/zhuoyingyang/physact/sam3_robowm/identity_v1/sam_masked_negative6/crops/Cosmos2.5_0036/frame_0003_rank_01.png,/shared/ssd_30T/zhuoyingyang/physact/sam3_robowm/identity_v1/sam_masked_negative6/crops/Cosmos2.5_0036/frame_0003_rank_02.png
Cosmos2.5_0036,3,1,3,0.17631343007087708,0.0,0.0,False,0.7855073809623718,0.120252713561058,0.8663011789321899,0.6099838614463806,0.96875,0.9375,/shared/ssd_30T/zhuoyingyang/physact/sam3_robowm/identity_v1/sam_masked_negative6/crops/Cosmos2.5_0036/frame_0003_rank_01.png,/shared/ssd_30T/zhuoyingyang/physact/sam3_robowm/identity_v1/sam_masked_negative6/crops/Cosmos2.5_0036/frame_0003_rank_03.png
Cosmos2.5_0036,3,2,3,0.32972222566604614,0.0,0.0,False,0.1153903901576995,0.120252713561058,0.6699734330177307,0.6099838614463806,0.9609375,0.9375,/shared/ssd_30T/zhuoyingyang/physact/sam3_robowm/identity_v1/sam_masked_negative6/crops/Cosmos2.5_0036/frame_0003_rank_02.png,/shared/ssd_30T/zhuoyingyang/physact/sam3_robowm/identity_v1/sam_masked_negative6/crops/Cosmos2.5_0036/frame_0003_rank_03.png
Cosmos2.5_0036,6,1,2,0.17149777710437775,0.0,0.0,False,0.7590517401695251,0.1151273995637893,0.8501127362251282,0.6417263746261597,0.96875,0.953125,/shared/ssd_30T/zhuoyingyang/physact/sam3_robowm/identity_v1/sam_masked_negative6/crops/Cosmos2.5_0036/frame_0006_rank_01.png,/shared/ssd_30T/zhuoyingyang/physact/sam3_robowm/identity_v1/sam_masked_negative6/crops/Cosmos2.5_0036/frame_0006_rank_02.png
Cosmos2.5_0036,6,1,3,0.1726054847240448,0.0,0.0,False,0.7590517401695251,0.1083665937185287,0.8501127362251282,0.6224497556686401,0.96875,0.9296875,/shared/ssd_30T/zhuoyingyang/physact/sam3_robowm/identity_v1/sam_masked_negative6/crops/Cosmos2.5_0036/frame_0006_rank_01.png,/shared/ssd_30T/zhuoyingyang/physact/sam3_robowm/identity_v1/sam_masked_negative6/crops/Cosmos2.5_0036/frame_0006_rank_03.png
Cosmos2.5_0036,6,2,3,0.269420325756073,0.0,0.0,False,0.1151273995637893,0.1083665937185287,0.6417263746261597,0.6224497556686401,0.953125,0.9296875,/shared/ssd_30T/zhuoyingyang/physact/sam3_robowm/identity_v1/sam_masked_negative6/crops/Cosmos2.5_0036/frame_0006_rank_02.png,/shared/ssd_30T/zhuoyingyang/physact/sam3_robowm/identity_v1/sam_masked_negative6/crops/Cosmos2.5_0036/frame_0006_rank_03.png
Cosmos2.5_0036,9,1,2,0.2018338292837143,0.0,0.0,False,0.7439025044441223,0.1027691736817359,0.7763060331344604,0.6238125562667847,0.97265625,0.9296875,/shared/ssd_30T/zhuoyingyang/physact/sam3_robowm/identity_v1/sam_masked_negative6/crops/Cosmos2.5_0036/frame_0009_rank_01.png,/shared/ssd_30T/zhuoyingyang/physact/sam3_robowm/identity_v1/sam_masked_negative6/crops/Cosmos2.5_0036/frame_0009_rank_02.png
Cosmos2.5_0036,9,1,3,0.08216835558414459,0.015051733558338835,1.0,True,0.7439025044441223,0.1789017915725708,0.7763060331344604,0.600932240486145,0.97265625,0.98828125,/shared/ssd_30T/zhuoyingyang/physact/sam3_robowm/identity_v1/sam_masked_negative6/crops/Cosmos2.5_0036/frame_0009_rank_01.png,/shared/ssd_30T/zhuoyingyang/physact/sam3_robowm/identity_v1/sam_masked_negative6/crops/Cosmos2.5_0036/frame_0009_rank_03.png
Cosmos2.5_0036,9,2,3,0.321817010641098,0.12636103857152547,0.996982540658133,True,0.1027691736817359,0.1789017915725708,0.6238125562667847,0.600932240486145,0.9296875,0.98828125,/shared/ssd_30T/zhuoyingyang/physact/sam3_robowm/identity_v1/sam_masked_negative6/crops/Cosmos2.5_0036/frame_0009_rank_02.png,/shared/ssd_30T/zhuoyingyang/physact/sam3_robowm/identity_v1/sam_masked_negative6/crops/Cosmos2.5_0036/frame_0009_rank_03.png
Cosmos2.5_0036,12,1,2,0.15918755531311035,0.0,0.0,False,0.7442945241928101,0.1000190079212188,0.8647613525390625,0.6181515455245972,0.97265625,0.9453125,/shared/ssd_30T/zhuoyingyang/physact/sam3_robowm/identity_v1/sam_masked_negative6/crops/Cosmos2.5_0036/frame_0012_rank_01.png,/shared/ssd_30T/zhuoyingyang/physact/sam3_robowm/identity_v1/sam_masked_negative6/crops/Cosmos2.5_0036/frame_0012_rank_02.png
Cosmos2.5_0036,12,1,3,0.06780896335840225,0.015349143055064438,1.0,True,0.7442945241928101,0.1675406545400619,0.8647613525390625,0.6058709621429443,0.97265625,0.984375,/shared/ssd_30T/zhuoyingyang/physact/sam3_robowm/identity_v1/sam_masked_negative6/crops/Cosmos2.5_0036/frame_0012_rank_01.png,/shared/ssd_30T/zhuoyingyang/physact/sam3_robowm/identity_v1/sam_masked_negative6/crops/Cosmos2.5_0036/frame_0012_rank_03.png
Cosmos2.5_0036,12,2,3,0.4215908646583557,0.10111910948791543,0.9977632420442495,True,0.1000190079212188,0.1675406545400619,0.6181515455245972,0.6058709621429443,0.9453125,0.984375,/shared/ssd_30T/zhuoyingyang/physact/sam3_robowm/identity_v1/sam_masked_negative6/crops/Cosmos2.5_0036/frame_0012_rank_02.png,/shared/ssd_30T/zhuoyingyang/physact/sam3_robowm/identity_v1/sam_masked_negative6/crops/Cosmos2.5_0036/frame_0012_rank_03.png
Cosmos2.5_0036,15,1,2,0.08381778001785278,0.0,0.0,False,0.7040117383003235,0.1962819248437881,0.8282496333122253,0.6234102249145508,0.97265625,0.95703125,/shared/ssd_30T/zhuoyingyang/physact/sam3_robowm/identity_v1/sam_masked_negative6/crops/Cosmos2.5_0036/frame_0015_rank_01.png,/shared/ssd_30T/zhuoyingyang/physact/sam3_robowm/identity_v1/sam_masked_negative6/crops/Cosmos2.5_0036/frame_0015_rank_02.png
Cosmos2.5_0036,15,1,3,0.13268962502479553,0.0,0.0,False,0.7040117383003235,0.1176283210515976,0.8282496333122253,0.6221455335617065,0.97265625,0.9453125,/shared/ssd_30T/zhuoyingyang/physact/sam3_robowm/identity_v1/sam_masked_negative6/crops/Cosmos2.5_0036/frame_0015_rank_01.png,/shared/ssd_30T/zhuoyingyang/physact/sam3_robowm/identity_v1/sam_masked_negative6/crops/Cosmos2.5_0036/frame_0015_rank_03.png
Cosmos2.5_0036,15,2,3,0.2598312199115753,0.0,0.0,False,0.1962819248437881,0.1176283210515976,0.6234102249145508,0.6221455335617065,0.95703125,0.9453125,/shared/ssd_30T/zhuoyingyang/physact/sam3_robowm/identity_v1/sam_masked_negative6/crops/Cosmos2.5_0036/frame_0015_rank_02.png,/shared/ssd_30T/zhuoyingyang/physact/sam3_robowm/identity_v1/sam_masked_negative6/crops/Cosmos2.5_0036/frame_0015_rank_03.png
Cosmos2.5_0036,18,1,2,0.050221413373947144,0.0,0.0,False,0.7260834574699402,0.1697554439306259,0.8038862347602844,0.6301881074905396,0.97265625,0.95703125,/shared/ssd_30T/zhuoyingyang/physact/sam3_robowm/identity_v1/sam_masked_negative6/crops/Cosmos2.5_0036/frame_0018_rank_01.png,/shared/ssd_30T/zhuoyingyang/physact/sam3_robowm/identity_v1/sam_masked_negative6/crops/Cosmos2.5_0036/frame_0018_rank_02.png
Cosmos2.5_0036,18,1,3,0.049940675497055054,0.016674372346433243,1.0,True,0.7260834574699402,0.2330711185932159,0.8038862347602844,0.6049580574035645,0.97265625,0.97265625,/shared/ssd_30T/zhuoyingyang/physact/sam3_robowm/identity_v1/sam_masked_negative6/crops/Cosmos2.5_0036/frame_0018_rank_01.png,/shared/ssd_30T/zhuoyingyang/physact/sam3_robowm/identity_v1/sam_masked_negative6/crops/Cosmos2.5_0036/frame_0018_rank_03.png
Cosmos2.5_0036,18,2,3,0.18550953269004822,0.03290663226718047,1.0,True,0.1697554439306259,0.2330711185932159,0.6301881074905396,0.6049580574035645,0.95703125,0.97265625,/shared/ssd_30T/zhuoyingyang/physact/sam3_robowm/identity_v1/sam_masked_negative6/crops/Cosmos2.5_0036/frame_0018_rank_02.png,/shared/ssd_30T/zhuoyingyang/physact/sam3_robowm/identity_v1/sam_masked_negative6/crops/Cosmos2.5_0036/frame_0018_rank_03.png
Cosmos2.5_0036,21,1,2,0.030303768813610077,0.0,0.0,False,0.7290360331535339,0.1554431468248367,0.8423445224761963,0.6230276823043823,0.97265625,0.9609375,/shared/ssd_30T/zhuoyingyang/physact/sam3_robowm/identity_v1/sam_masked_negative6/crops/Cosmos2.5_0036/frame_0021_rank_01.png,/shared/ssd_30T/zhuoyingyang/physact/sam3_robowm/identity_v1/sam_masked_negative6/crops/Cosmos2.5_0036/frame_0021_rank_02.png
Cosmos2.5_0036,21,1,3,0.037056341767311096,0.017066752094998573,1.0,True,0.7290360331535339,0.2302005589008331,0.8423445224761963,0.609735906124115,0.97265625,0.9765625,/shared/ssd_30T/zhuoyingyang/physact/sam3_robowm/identity_v1/sam_masked_negative6/crops/Cosmos2.5_0036/frame_0021_rank_01.png,/shared/ssd_30T/zhuoyingyang/physact/sam3_robowm/identity_v1/sam_masked_negative6/crops/Cosmos2.5_0036/frame_0021_rank_03.png
Cosmos2.5_0036,21,2,3,0.19464732706546783,0.03615235369683392,1.0,True,0.1554431468248367,0.2302005589008331,0.6230276823043823,0.609735906124115,0.9609375,0.9765625,/shared/ssd_30T/zhuoyingyang/physact/sam3_robowm/identity_v1/sam_masked_negative6/crops/Cosmos2.5_0036/frame_0021_rank_02.png,/shared/ssd_30T/zhuoyingyang/physact/sam3_robowm/identity_v1/sam_masked_negative6/crops/Cosmos2.5_0036/frame_0021_rank_03.png
Cosmos2.5_0036,24,1,2,0.04291076213121414,0.01761277251270858,1.0,True,0.749562680721283,0.2019344568252563,0.8247921466827393,0.6097385287284851,0.97265625,0.98046875,/shared/ssd_30T/zhuoyingyang/physact/sam3_robowm/identity_v1/sam_masked_negative6/crops/Cosmos2.5_0036/frame_0024_rank_01.png,/shared/ssd_30T/zhuoyingyang/physact/sam3_robowm/identity_v1/sam_masked_negative6/crops/Cosmos2.5_0036/frame_0024_rank_02.png
Cosmos2.5_0036,24,1,3,0.19316823780536652,0.0,0.0,False,0.749562680721283,0.1157320588827133,0.8247921466827393,0.5788363218307495,0.97265625,0.95703125,/shared/ssd_30T/zhuoyingyang/physact/sam3_robowm/identity_v1/sam_masked_negative6/crops/Cosmos2.5_0036/frame_0024_rank_01.png,/shared/ssd_30T/zhuoyingyang/physact/sam3_robowm/identity_v1/sam_masked_negative6/crops/Cosmos2.5_0036/frame_0024_rank_03.png
Cosmos2.5_0036,24,2,3,0.07558943331241608,0.008702393211044986,0.5549870281925396,False,0.2019344568252563,0.1157320588827133,0.6097385287284851,0.5788363218307495,0.98046875,0.95703125,/shared/ssd_30T/zhuoyingyang/physact/sam3_robowm/identity_v1/sam_masked_negative6/crops/Cosmos2.5_0036/frame_0024_rank_02.png,/shared/ssd_30T/zhuoyingyang/physact/sam3_robowm/identity_v1/sam_masked_negative6/crops/Cosmos2.5_0036/frame_0024_rank_03.png
Cosmos2.5_0036,27,1,2,0.03296366333961487,0.0,0.0,False,0.712012529373169,0.1078975051641464,0.8462184071540833,0.6286239624023438,0.97265625,0.95703125,/shared/ssd_30T/zhuoyingyang/physact/sam3_robowm/identity_v1/sam_masked_negative6/crops/Cosmos2.5_0036/frame_0027_rank_01.png,/shared/ssd_30T/zhuoyingyang/physact/sam3_robowm/identity_v1/sam_masked_negative6/crops/Cosmos2.5_0036/frame_0027_rank_02.png
Cosmos2.5_0036,27,1,3,0.06472870707511902,0.019533921616605904,1.0,True,0.712012529373169,0.2252479195594787,0.8462184071540833,0.6186690926551819,0.97265625,0.98046875,/shared/ssd_30T/zhuoyingyang/physact/sam3_robowm/identity_v1/sam_masked_negative6/crops/Cosmos2.5_0036/frame_0027_rank_01.png,/shared/ssd_30T/zhuoyingyang/physact/sam3_robowm/identity_v1/sam_masked_negative6/crops/Cosmos2.5_0036/frame_0027_rank_03.png
Cosmos2.5_0036,27,2,3,0.18166609108448029,0.032856659818783954,1.0,True,0.1078975051641464,0.2252479195594787,0.6286239624023438,0.6186690926551819,0.95703125,0.98046875,/shared/ssd_30T/zhuoyingyang/physact/sam3_robowm/identity_v1/sam_masked_negative6/crops/Cosmos2.5_0036/frame_0027_rank_02.png,/shared/ssd_30T/zhuoyingyang/physact/sam3_robowm/identity_v1/sam_masked_negative6/crops/Cosmos2.5_0036/frame_0027_rank_03.png
Cosmos2.5_0036,30,1,2,0.03391585871577263,0.0,0.0,False,0.672636866569519,0.1376660019159317,0.8147239685058594,0.6347572207450867,0.96875,0.953125,/shared/ssd_30T/zhuoyingyang/physact/sam3_robowm/identity_v1/sam_masked_negative6/crops/Cosmos2.5_0036/frame_0030_rank_01.png,/shared/ssd_30T/zhuoyingyang/physact/sam3_robowm/identity_v1/sam_masked_negative6/crops/Cosmos2.5_0036/frame_0030_rank_02.png
Cosmos2.5_0036,30,1,3,0.11492585390806198,0.0,0.0,False,0.672636866569519,0.1024353206157684,0.8147239685058594,0.6301736235618591,0.96875,0.921875,/shared/ssd_30T/zhuoyingyang/physact/sam3_robowm/identity_v1/sam_masked_negative6/crops/Cosmos2.5_0036/frame_0030_rank_01.png,/shared/ssd_30T/zhuoyingyang/physact/sam3_robowm/identity_v1/sam_masked_negative6/crops/Cosmos2.5_0036/frame_0030_rank_03.png
Cosmos2.5_0036,30,2,3,0.42925769090652466,0.0,0.0,False,0.1376660019159317,0.1024353206157684,0.6347572207450867,0.6301736235618591,0.953125,0.921875,/shared/ssd_30T/zhuoyingyang/physact/sam3_robowm/identity_v1/sam_masked_negative6/crops/Cosmos2.5_0036/frame_0030_rank_02.png,/shared/ssd_30T/zhuoyingyang/physact/sam3_robowm/identity_v1/sam_masked_negative6/crops/Cosmos2.5_0036/frame_0030_rank_03.png
Cosmos2.5_0036,33,1,2,0.04151151329278946,0.02045233431066843,1.0,True,0.6586223244667053,0.2551440894603729,0.8271841406822205,0.6235908269882202,0.97265625,0.98046875,/shared/ssd_30T/zhuoyingyang/physact/sam3_robowm/identity_v1/sam_masked_negative6/crops/Cosmos2.5_0036/frame_0033_rank_01.png,/shared/ssd_30T/zhuoyingyang/physact/sam3_robowm/identity_v1/sam_masked_negative6/crops/Cosmos2.5_0036/frame_0033_rank_02.png
Cosmos2.5_0036,33,1,3,0.07163501530885696,0.0,0.0,False,0.6586223244667053,0.1772357523441314,0.8271841406822205,0.606366753578186,0.97265625,0.95703125,/shared/ssd_30T/zhuoyingyang/physact/sam3_robowm/identity_v1/sam_masked_negative6/crops/Cosmos2.5_0036/frame_0033_rank_01.png,/shared/ssd_30T/zhuoyingyang/physact/sam3_robowm/identity_v1/sam_masked_negative6/crops/Cosmos2.5_0036/frame_0033_rank_03.png
Cosmos2.5_0036,33,2,3,0.1619798243045807,0.0334441714668739,1.0,True,0.2551440894603729,0.1772357523441314,0.6235908269882202,0.606366753578186,0.98046875,0.95703125,/shared/ssd_30T/zhuoyingyang/physact/sam3_robowm/identity_v1/sam_masked_negative6/crops/Cosmos2.5_0036/frame_0033_rank_02.png,/shared/ssd_30T/zhuoyingyang/physact/sam3_robowm/identity_v1/sam_masked_negative6/crops/Cosmos2.5_0036/frame_0033_rank_03.png
Cosmos2.5_0036,36,1,2,0.20679189264774323,0.25569576457984833,1.0,True,0.6589933633804321,0.1053295508027076,0.6855987906455994,0.6392948031425476,0.97265625,0.96875,/shared/ssd_30T/zhuoyingyang/physact/sam3_robowm/identity_v1/sam_masked_negative6/crops/Cosmos2.5_0036/frame_0036_rank_01.png,/shared/ssd_30T/zhuoyingyang/physact/sam3_robowm/identity_v1/sam_masked_negative6/crops/Cosmos2.5_0036/frame_0036_rank_02.png
Cosmos2.5_0036,36,1,3,0.12841284275054932,0.0,0.0,False,0.6589933633804321,0.1351936161518097,0.6855987906455994,0.6269925832748413,0.97265625,0.9375,/shared/ssd_30T/zhuoyingyang/physact/sam3_robowm/identity_v1/sam_masked_negative6/crops/Cosmos2.5_0036/frame_0036_rank_01.png,/shared/ssd_30T/zhuoyingyang/physact/sam3_robowm/identity_v1/sam_masked_negative6/crops/Cosmos2.5_0036/frame_0036_rank_03.png
Cosmos2.5_0036,36,2,3,0.26720720529556274,0.0,0.0,False,0.1053295508027076,0.1351936161518097,0.6392948031425476,0.6269925832748413,0.96875,0.9375,/shared/ssd_30T/zhuoyingyang/physact/sam3_robowm/identity_v1/sam_masked_negative6/crops/Cosmos2.5_0036/frame_0036_rank_02.png,/shared/ssd_30T/zhuoyingyang/physact/sam3_robowm/identity_v1/sam_masked_negative6/crops/Cosmos2.5_0036/frame_0036_rank_03.png
Cosmos2.5_0036,39,1,2,0.09583567082881927,0.0,0.0,False,0.7286266088485718,0.1676545590162277,0.8356969952583313,0.6383630037307739,0.97265625,0.9609375,/shared/ssd_30T/zhuoyingyang/physact/sam3_robowm/identity_v1/sam_masked_negative6/crops/Cosmos2.5_0036/frame_0039_rank_01.png,/shared/ssd_30T/zhuoyingyang/physact/sam3_robowm/identity_v1/sam_masked_negative6/crops/Cosmos2.5_0036/frame_0039_rank_02.png
Cosmos2.5_0036,39,1,3,0.12700150907039642,0.0,0.0,False,0.7286266088485718,0.1204811334609985,0.8356969952583313,0.6245617866516113,0.97265625,0.94140625,/shared/ssd_30T/zhuoyingyang/physact/sam3_robowm/identity_v1/sam_masked_negative6/crops/Cosmos2.5_0036/frame_0039_rank_01.png,/shared/ssd_30T/zhuoyingyang/physact/sam3_robowm/identity_v1/sam_masked_negative6/crops/Cosmos2.5_0036/frame_0039_rank_03.png
Cosmos2.5_0036,39,2,3,0.41300222277641296,0.0,0.0,False,0.1676545590162277,0.1204811334609985,0.6383630037307739,0.6245617866516113,0.9609375,0.94140625,/shared/ssd_30T/zhuoyingyang/physact/sam3_robowm/identity_v1/sam_masked_negative6/crops/Cosmos2.5_0036/frame_0039_rank_02.png,/shared/ssd_30T/zhuoyingyang/physact/sam3_robowm/identity_v1/sam_masked_negative6/crops/Cosmos2.5_0036/frame_0039_rank_03.png
Cosmos2.5_0036,42,1,2,0.08526492118835449,0.0,0.0,False,0.753104567527771,0.1393882632255554,0.8450853824615479,0.6414563655853271,0.97265625,0.9609375,/shared/ssd_30T/zhuoyingyang/physact/sam3_robowm/identity_v1/sam_masked_negative6/crops/Cosmos2.5_0036/frame_0042_rank_01.png,/shared/ssd_30T/zhuoyingyang/physact/sam3_robowm/identity_v1/sam_masked_negative6/crops/Cosmos2.5_0036/frame_0042_rank_02.png
Cosmos2.5_0036,42,1,3,0.03756651654839516,0.02035284866586373,0.9985657277957717,True,0.753104567527771,0.1947665959596634,0.8450853824615479,0.6082054376602173,0.97265625,0.984375,/shared/ssd_30T/zhuoyingyang/physact/sam3_robowm/identity_v1/sam_masked_negative6/crops/Cosmos2.5_0036/frame_0042_rank_01.png,/shared/ssd_30T/zhuoyingyang/physact/sam3_robowm/identity_v1/sam_masked_negative6/crops/Cosmos2.5_0036/frame_0042_rank_03.png
Cosmos2.5_0036,42,2,3,0.12112647294998169,0.032748139887547274,1.0,True,0.1393882632255554,0.1947665959596634,0.6414563655853271,0.6082054376602173,0.9609375,0.984375,/shared/ssd_30T/zhuoyingyang/physact/sam3_robowm/identity_v1/sam_masked_negative6/crops/Cosmos2.5_0036/frame_0042_rank_02.png,/shared/ssd_30T/zhuoyingyang/physact/sam3_robowm/identity_v1/sam_masked_negative6/crops/Cosmos2.5_0036/frame_0042_rank_03.png
Cosmos2.5_0036,45,1,2,0.12491636723279953,0.0,0.0,False,0.7475442886352539,0.1202020123600959,0.8250162601470947,0.6147398948669434,0.97265625,0.9609375,/shared/ssd_30T/zhuoyingyang/physact/sam3_robowm/identity_v1/sam_masked_negative6/crops/Cosmos2.5_0036/frame_0045_rank_01.png,/shared/ssd_30T/zhuoyingyang/physact/sam3_robowm/identity_v1/sam_masked_negative6/crops/Cosmos2.5_0036/frame_0045_rank_02.png
Cosmos2.5_0036,45,1,3,0.11475757509469986,0.0,0.0,False,0.7475442886352539,0.1140840202569961,0.8250162601470947,0.6136137843132019,0.97265625,0.9375,/shared/ssd_30T/zhuoyingyang/physact/sam3_robowm/identity_v1/sam_masked_negative6/crops/Cosmos2.5_0036/frame_0045_rank_01.png,/shared/ssd_30T/zhuoyingyang/physact/sam3_robowm/identity_v1/sam_masked_negative6/crops/Cosmos2.5_0036/frame_0045_rank_03.png
Cosmos2.5_0036,45,2,3,0.5103691816329956,0.0,0.0,False,0.1202020123600959,0.1140840202569961,0.6147398948669434,0.6136137843132019,0.9609375,0.9375,/shared/ssd_30T/zhuoyingyang/physact/sam3_robowm/identity_v1/sam_masked_negative6/crops/Cosmos2.5_0036/frame_0045_rank_02.png,/shared/ssd_30T/zhuoyingyang/physact/sam3_robowm/identity_v1/sam_masked_negative6/crops/Cosmos2.5_0036/frame_0045_rank_03.png
Cosmos2.5_0036,48,1,2,0.031437065452337265,0.022355209696767377,1.0,True,0.7405995726585388,0.2008854001760482,0.7381120324134827,0.6160602569580078,0.97265625,0.98046875,/shared/ssd_30T/zhuoyingyang/physact/sam3_robowm/identity_v1/sam_masked_negative6/crops/Cosmos2.5_0036/frame_0048_rank_01.png,/shared/ssd_30T/zhuoyingyang/physact/sam3_robowm/identity_v1/sam_masked_negative6/crops/Cosmos2.5_0036/frame_0048_rank_02.png
Cosmos2.5_0036,48,1,3,0.1221863329410553,0.0,0.0,False,0.7405995726585388,0.1273120045661926,0.7381120324134827,0.5971245765686035,0.97265625,0.96484375,/shared/ssd_30T/zhuoyingyang/physact/sam3_robowm/identity_v1/sam_masked_negative6/crops/Cosmos2.5_0036/frame_0048_rank_01.png,/shared/ssd_30T/zhuoyingyang/physact/sam3_robowm/identity_v1/sam_masked_negative6/crops/Cosmos2.5_0036/frame_0048_rank_03.png
Cosmos2.5_0036,48,2,3,0.12239641696214676,0.031921313467892426,1.0,True,0.2008854001760482,0.1273120045661926,0.6160602569580078,0.5971245765686035,0.98046875,0.96484375,/shared/ssd_30T/zhuoyingyang/physact/sam3_robowm/identity_v1/sam_masked_negative6/crops/Cosmos2.5_0036/frame_0048_rank_02.png,/shared/ssd_30T/zhuoyingyang/physact/sam3_robowm/identity_v1/sam_masked_negative6/crops/Cosmos2.5_0036/frame_0048_rank_03.png
Cosmos2.5_0036,51,1,2,0.43949776887893677,0.30579881666173375,1.0,True,0.7234309911727905,0.1188314408063888,0.7744544744491577,0.662100613117218,0.97265625,0.96875,/shared/ssd_30T/zhuoyingyang/physact/sam3_robowm/identity_v1/sam_masked_negative6/crops/Cosmos2.5_0036/frame_0051_rank_01.png,/shared/ssd_30T/zhuoyingyang/physact/sam3_robowm/identity_v1/sam_masked_negative6/crops/Cosmos2.5_0036/frame_0051_rank_02.png
Cosmos2.5_0036,51,1,3,0.02992286905646324,0.023253325797919385,0.9828191020257729,True,0.7234309911727905,0.2063644528388977,0.7744544744491577,0.6157352924346924,0.97265625,0.984375,/shared/ssd_30T/zhuoyingyang/physact/sam3_robowm/identity_v1/sam_masked_negative6/crops/Cosmos2.5_0036/frame_0051_rank_01.png,/shared/ssd_30T/zhuoyingyang/physact/sam3_robowm/identity_v1/sam_masked_negative6/crops/Cosmos2.5_0036/frame_0051_rank_03.png
Cosmos2.5_0036,51,2,3,0.24157097935676575,0.07339555091606095,0.9517775671841799,True,0.1188314408063888,0.2063644528388977,0.662100613117218,0.6157352924346924,0.96875,0.984375,/shared/ssd_30T/zhuoyingyang/physact/sam3_robowm/identity_v1/sam_masked_negative6/crops/Cosmos2.5_0036/frame_0051_rank_02.png,/shared/ssd_30T/zhuoyingyang/physact/sam3_robowm/identity_v1/sam_masked_negative6/crops/Cosmos2.5_0036/frame_0051_rank_03.png
Cosmos2.5_0036,54,1,2,0.3714728057384491,0.31168015540252764,1.0,True,0.706595242023468,0.1066382229328155,0.8246465921401978,0.662744402885437,0.97265625,0.96484375,/shared/ssd_30T/zhuoyingyang/physact/sam3_robowm/identity_v1/sam_masked_negative6/crops/Cosmos2.5_0036/frame_0054_rank_01.png,/shared/ssd_30T/zhuoyingyang/physact/sam3_robowm/identity_v1/sam_masked_negative6/crops/Cosmos2.5_0036/frame_0054_rank_02.png
Cosmos2.5_0036,54,1,3,0.06418341398239136,0.024696300424661085,1.0,True,0.706595242023468,0.2264043986797332,0.8246465921401978,0.6173031330108643,0.97265625,0.984375,/shared/ssd_30T/zhuoyingyang/physact/sam3_robowm/identity_v1/sam_masked_negative6/crops/Cosmos2.5_0036/frame_0054_rank_01.png,/shared/ssd_30T/zhuoyingyang/physact/sam3_robowm/identity_v1/sam_masked_negative6/crops/Cosmos2.5_0036/frame_0054_rank_03.png
Cosmos2.5_0036,54,2,3,0.14132900536060333,0.07578857303244442,0.9595563725748645,True,0.1066382229328155,0.2264043986797332,0.662744402885437,0.6173031330108643,0.96484375,0.984375,/shared/ssd_30T/zhuoyingyang/physact/sam3_robowm/identity_v1/sam_masked_negative6/crops/Cosmos2.5_0036/frame_0054_rank_02.png,/shared/ssd_30T/zhuoyingyang/physact/sam3_robowm/identity_v1/sam_masked_negative6/crops/Cosmos2.5_0036/frame_0054_rank_03.png
Cosmos2.5_0036,57,1,2,0.381533145904541,0.2988241642414702,1.0,True,0.599968433380127,0.1030141785740852,0.8677399158477783,0.6455965638160706,0.97265625,0.96875,/shared/ssd_30T/zhuoyingyang/physact/sam3_robowm/identity_v1/sam_masked_negative6/crops/Cosmos2.5_0036/frame_0057_rank_01.png,/shared/ssd_30T/zhuoyingyang/physact/sam3_robowm/identity_v1/sam_masked_negative6/crops/Cosmos2.5_0036/frame_0057_rank_02.png
Cosmos2.5_0036,57,1,3,0.1571142077445984,0.0,0.0,False,0.599968433380127,0.1194321140646934,0.8677399158477783,0.6353186368942261,0.97265625,0.9375,/shared/ssd_30T/zhuoyingyang/physact/sam3_robowm/identity_v1/sam_masked_negative6/crops/Cosmos2.5_0036/frame_0057_rank_01.png,/shared/ssd_30T/zhuoyingyang/physact/sam3_robowm/identity_v1/sam_masked_negative6/crops/Cosmos2.5_0036/frame_0057_rank_03.png
Cosmos2.5_0036,57,2,3,0.3014637529850006,0.0,0.0,False,0.1030141785740852,0.1194321140646934,0.6455965638160706,0.6353186368942261,0.96875,0.9375,/shared/ssd_30T/zhuoyingyang/physact/sam3_robowm/identity_v1/sam_masked_negative6/crops/Cosmos2.5_0036/frame_0057_rank_02.png,/shared/ssd_30T/zhuoyingyang/physact/sam3_robowm/identity_v1/sam_masked_negative6/crops/Cosmos2.5_0036/frame_0057_rank_03.png
Cosmos2.5_0036,60,1,2,0.3107200562953949,0.30004010313605217,1.0,True,0.6892770528793335,0.1004184037446975,0.870752215385437,0.6576697826385498,0.97265625,0.96484375,/shared/ssd_30T/zhuoyingyang/physact/sam3_robowm/identity_v1/sam_masked_negative6/crops/Cosmos2.5_0036/frame_0060_rank_01.png,/shared/ssd_30T/zhuoyingyang/physact/sam3_robowm/identity_v1/sam_masked_negative6/crops/Cosmos2.5_0036/frame_0060_rank_02.png
Cosmos2.5_0036,60,1,3,0.07418806105852127,0.024658276090542827,1.0,True,0.6892770528793335,0.2536364793777466,0.870752215385437,0.6166536808013916,0.97265625,0.98046875,/shared/ssd_30T/zhuoyingyang/physact/sam3_robowm/identity_v1/sam_masked_negative6/crops/Cosmos2.5_0036/frame_0060_rank_01.png,/shared/ssd_30T/zhuoyingyang/physact/sam3_robowm/identity_v1/sam_masked_negative6/crops/Cosmos2.5_0036/frame_0060_rank_03.png
Cosmos2.5_0036,60,2,3,0.14408831298351288,0.07994440712566236,0.9747743580473818,True,0.1004184037446975,0.2536364793777466,0.6576697826385498,0.6166536808013916,0.96484375,0.98046875,/shared/ssd_30T/zhuoyingyang/physact/sam3_robowm/identity_v1/sam_masked_negative6/crops/Cosmos2.5_0036/frame_0060_rank_02.png,/shared/ssd_30T/zhuoyingyang/physact/sam3_robowm/identity_v1/sam_masked_negative6/crops/Cosmos2.5_0036/frame_0060_rank_03.png
Cosmos2.5_0036,63,1,2,0.07519227266311646,0.02449353213284613,1.0,True,0.6875145435333252,0.2599107921123504,0.8755393624305725,0.616256833076477,0.97265625,0.984375,/shared/ssd_30T/zhuoyingyang/physact/sam3_robowm/identity_v1/sam_masked_negative6/crops/Cosmos2.5_0036/frame_0063_rank_01.png,/shared/ssd_30T/zhuoyingyang/physact/sam3_robowm/identity_v1/sam_masked_negative6/crops/Cosmos2.5_0036/frame_0063_rank_02.png
Cosmos2.5_0036,63,1,3,0.16259092092514038,0.0,0.0,False,0.6875145435333252,0.1233894377946853,0.8755393624305725,0.5969623327255249,0.97265625,0.95703125,/shared/ssd_30T/zhuoyingyang/physact/sam3_robowm/identity_v1/sam_masked_negative6/crops/Cosmos2.5_0036/frame_0063_rank_01.png,/shared/ssd_30T/zhuoyingyang/physact/sam3_robowm/identity_v1/sam_masked_negative6/crops/Cosmos2.5_0036/frame_0063_rank_03.png
Cosmos2.5_0036,63,2,3,0.06583722680807114,0.005021909560682111,0.2903126200357804,False,0.2599107921123504,0.1233894377946853,0.616256833076477,0.5969623327255249,0.984375,0.95703125,/shared/ssd_30T/zhuoyingyang/physact/sam3_robowm/identity_v1/sam_masked_negative6/crops/Cosmos2.5_0036/frame_0063_rank_02.png,/shared/ssd_30T/zhuoyingyang/physact/sam3_robowm/identity_v1/sam_masked_negative6/crops/Cosmos2.5_0036/frame_0063_rank_03.png
Cosmos2.5_0036,66,1,2,0.240942120552063,0.30424286231597847,1.0,True,0.6824526190757751,0.101945012807846,0.8341985940933228,0.6595362424850464,0.97265625,0.96484375,/shared/ssd_30T/zhuoyingyang/physact/sam3_robowm/identity_v1/sam_masked_negative6/crops/Cosmos2.5_0036/frame_0066_rank_01.png,/shared/ssd_30T/zhuoyingyang/physact/sam3_robowm/identity_v1/sam_masked_negative6/crops/Cosmos2.5_0036/frame_0066_rank_02.png
Cosmos2.5_0036,66,1,3,0.0694677010178566,0.02458063119170879,0.9976824021448257,True,0.6824526190757751,0.2556228339672088,0.8341985940933228,0.6147679090499878,0.97265625,0.98046875,/shared/ssd_30T/zhuoyingyang/physact/sam3_robowm/identity_v1/sam_masked_negative6/crops/Cosmos2.5_0036/frame_0066_rank_01.png,/shared/ssd_30T/zhuoyingyang/physact/sam3_robowm/identity_v1/sam_masked_negative6/crops/Cosmos2.5_0036/frame_0066_rank_03.png
Cosmos2.5_0036,66,2,3,0.16993431746959686,0.07764145063072267,0.961687433583114,True,0.101945012807846,0.2556228339672088,0.6595362424850464,0.6147679090499878,0.96484375,0.98046875,/shared/ssd_30T/zhuoyingyang/physact/sam3_robowm/identity_v1/sam_masked_negative6/crops/Cosmos2.5_0036/frame_0066_rank_02.png,/shared/ssd_30T/zhuoyingyang/physact/sam3_robowm/identity_v1/sam_masked_negative6/crops/Cosmos2.5_0036/frame_0066_rank_03.png
Cosmos2.5_0036,69,1,2,0.07189852744340897,0.024602227258496655,0.9983591004215522,True,0.6770676374435425,0.2470351457595825,0.8516470193862915,0.6123809218406677,0.97265625,0.98046875,/shared/ssd_30T/zhuoyingyang/physact/sam3_robowm/identity_v1/sam_masked_negative6/crops/Cosmos2.5_0036/frame_0069_rank_01.png,/shared/ssd_30T/zhuoyingyang/physact/sam3_robowm/identity_v1/sam_masked_negative6/crops/Cosmos2.5_0036/frame_0069_rank_02.png
Cosmos2.5_0036,69,1,3,0.16184884309768677,0.0,0.0,False,0.6770676374435425,0.1249604970216751,0.8516470193862915,0.5800194144248962,0.97265625,0.95703125,/shared/ssd_30T/zhuoyingyang/physact/sam3_robowm/identity_v1/sam_masked_negative6/crops/Cosmos2.5_0036/frame_0069_rank_01.png,/shared/ssd_30T/zhuoyingyang/physact/sam3_robowm/identity_v1/sam_masked_negative6/crops/Cosmos2.5_0036/frame_0069_rank_03.png
Cosmos2.5_0036,69,2,3,0.07524818181991577,0.00501658660887771,0.2892575430477107,False,0.2470351457595825,0.1249604970216751,0.6123809218406677,0.5800194144248962,0.98046875,0.95703125,/shared/ssd_30T/zhuoyingyang/physact/sam3_robowm/identity_v1/sam_masked_negative6/crops/Cosmos2.5_0036/frame_0069_rank_02.png,/shared/ssd_30T/zhuoyingyang/physact/sam3_robowm/identity_v1/sam_masked_negative6/crops/Cosmos2.5_0036/frame_0069_rank_03.png
Cosmos2.5_0036,72,1,2,0.07914723455905914,0.024400170430034642,1.0,True,0.6965875029563904,0.243795096874237,0.8472452163696289,0.6098002791404724,0.97265625,0.984375,/shared/ssd_30T/zhuoyingyang/physact/sam3_robowm/identity_v1/sam_masked_negative6/crops/Cosmos2.5_0036/frame_0072_rank_01.png,/shared/ssd_30T/zhuoyingyang/physact/sam3_robowm/identity_v1/sam_masked_negative6/crops/Cosmos2.5_0036/frame_0072_rank_02.png
Cosmos2.5_0036,72,1,3,0.11698129773139954,0.0,0.0,False,0.6965875029563904,0.1142493784427642,0.8472452163696289,0.5833439826965332,0.97265625,0.96484375,/shared/ssd_30T/zhuoyingyang/physact/sam3_robowm/identity_v1/sam_masked_negative6/crops/Cosmos2.5_0036/frame_0072_rank_01.png,/shared/ssd_30T/zhuoyingyang/physact/sam3_robowm/identity_v1/sam_masked_negative6/crops/Cosmos2.5_0036/frame_0072_rank_03.png
Cosmos2.5_0036,72,2,3,0.18166637420654297,0.033471409608793204,1.0,True,0.243795096874237,0.1142493784427642,0.6098002791404724,0.5833439826965332,0.984375,0.96484375,/shared/ssd_30T/zhuoyingyang/physact/sam3_robowm/identity_v1/sam_masked_negative6/crops/Cosmos2.5_0036/frame_0072_rank_02.png,/shared/ssd_30T/zhuoyingyang/physact/sam3_robowm/identity_v1/sam_masked_negative6/crops/Cosmos2.5_0036/frame_0072_rank_03.png
Cosmos2.5_0036,75,1,2,0.08062530308961868,0.024116137486855184,1.0,True,0.6996020078659058,0.2434763610363006,0.8461142182350159,0.6103715896606445,0.97265625,0.98046875,/shared/ssd_30T/zhuoyingyang/physact/sam3_robowm/identity_v1/sam_masked_negative6/crops/Cosmos2.5_0036/frame_0075_rank_01.png,/shared/ssd_30T/zhuoyingyang/physact/sam3_robowm/identity_v1/sam_masked_negative6/crops/Cosmos2.5_0036/frame_0075_rank_02.png
Cosmos2.5_0036,75,1,3,0.14479587972164154,0.0,0.0,False,0.6996020078659058,0.1166238784790039,0.8461142182350159,0.5982766151428223,0.97265625,0.9609375,/shared/ssd_30T/zhuoyingyang/physact/sam3_robowm/identity_v1/sam_masked_negative6/crops/Cosmos2.5_0036/frame_0075_rank_01.png,/shared/ssd_30T/zhuoyingyang/physact/sam3_robowm/identity_v1/sam_masked_negative6/crops/Cosmos2.5_0036/frame_0075_rank_03.png
Cosmos2.5_0036,75,2,3,0.2081361711025238,0.033359381878763084,1.0,True,0.2434763610363006,0.1166238784790039,0.6103715896606445,0.5982766151428223,0.98046875,0.9609375,/shared/ssd_30T/zhuoyingyang/physact/sam3_robowm/identity_v1/sam_masked_negative6/crops/Cosmos2.5_0036/frame_0075_rank_02.png,/shared/ssd_30T/zhuoyingyang/physact/sam3_robowm/identity_v1/sam_masked_negative6/crops/Cosmos2.5_0036/frame_0075_rank_03.png
Cosmos2.5_0036,78,1,2,0.09754978120326996,0.02384944680728589,0.9880883349649823,True,0.6959450244903564,0.2432823479175567,0.8544157147407532,0.6073912978172302,0.97265625,0.98046875,/shared/ssd_30T/zhuoyingyang/physact/sam3_robowm/identity_v1/sam_masked_negative6/crops/Cosmos2.5_0036/frame_0078_rank_01.png,/shared/ssd_30T/zhuoyingyang/physact/sam3_robowm/identity_v1/sam_masked_negative6/crops/Cosmos2.5_0036/frame_0078_rank_02.png
Cosmos2.5_0036,78,1,3,0.17043785750865936,0.0,0.0,False,0.6959450244903564,0.1315712928771972,0.8544157147407532,0.5915676355361938,0.97265625,0.95703125,/shared/ssd_30T/zhuoyingyang/physact/sam3_robowm/identity_v1/sam_masked_negative6/crops/Cosmos2.5_0036/frame_0078_rank_01.png,/shared/ssd_30T/zhuoyingyang/physact/sam3_robowm/identity_v1/sam_masked_negative6/crops/Cosmos2.5_0036/frame_0078_rank_03.png
Cosmos2.5_0036,78,2,3,0.0948985368013382,0.004986437909793633,0.28714327563104586,False,0.2432823479175567,0.1315712928771972,0.6073912978172302,0.5915676355361938,0.98046875,0.95703125,/shared/ssd_30T/zhuoyingyang/physact/sam3_robowm/identity_v1/sam_masked_negative6/crops/Cosmos2.5_0036/frame_0078_rank_02.png,/shared/ssd_30T/zhuoyingyang/physact/sam3_robowm/identity_v1/sam_masked_negative6/crops/Cosmos2.5_0036/frame_0078_rank_03.png
Cosmos2.5_0036,81,1,2,0.09453894942998886,0.023469133126091384,0.9686459635419928,True,0.6951761841773987,0.2426708191633224,0.8421441316604614,0.6138197183609009,0.97265625,0.98046875,/shared/ssd_30T/zhuoyingyang/physact/sam3_robowm/identity_v1/sam_masked_negative6/crops/Cosmos2.5_0036/frame_0081_rank_01.png,/shared/ssd_30T/zhuoyingyang/physact/sam3_robowm/identity_v1/sam_masked_negative6/crops/Cosmos2.5_0036/frame_0081_rank_02.png
Cosmos2.5_0036,81,1,3,0.12692727148532867,0.0,0.0,False,0.6951761841773987,0.1027558296918869,0.8421441316604614,0.5679565668106079,0.97265625,0.90234375,/shared/ssd_30T/zhuoyingyang/physact/sam3_robowm/identity_v1/sam_masked_negative6/crops/Cosmos2.5_0036/frame_0081_rank_01.png,/shared/ssd_30T/zhuoyingyang/physact/sam3_robowm/identity_v1/sam_masked_negative6/crops/Cosmos2.5_0036/frame_0081_rank_03.png
Cosmos2.5_0036,81,2,3,0.15686820447444916,0.0,0.0,False,0.2426708191633224,0.1027558296918869,0.6138197183609009,0.5679565668106079,0.98046875,0.90234375,/shared/ssd_30T/zhuoyingyang/physact/sam3_robowm/identity_v1/sam_masked_negative6/crops/Cosmos2.5_0036/frame_0081_rank_02.png,/shared/ssd_30T/zhuoyingyang/physact/sam3_robowm/identity_v1/sam_masked_negative6/crops/Cosmos2.5_0036/frame_0081_rank_03.png
Cosmos2.5_0036,84,1,2,0.3790398836135864,0.2930879352487817,1.0,True,0.7005628943443298,0.1056071892380714,0.8266996145248413,0.6658966541290283,0.9765625,0.9609375,/shared/ssd_30T/zhuoyingyang/physact/sam3_robowm/identity_v1/sam_masked_negative6/crops/Cosmos2.5_0036/frame_0084_rank_01.png,/shared/ssd_30T/zhuoyingyang/physact/sam3_robowm/identity_v1/sam_masked_negative6/crops/Cosmos2.5_0036/frame_0084_rank_02.png
Cosmos2.5_0036,84,1,3,0.07750985026359558,0.022356874434957274,0.9175409488091216,True,0.7005628943443298,0.2375974804162979,0.8266996145248413,0.6178895831108093,0.9765625,0.98046875,/shared/ssd_30T/zhuoyingyang/physact/sam3_robowm/identity_v1/sam_masked_negative6/crops/Cosmos2.5_0036/frame_0084_rank_01.png,/shared/ssd_30T/zhuoyingyang/physact/sam3_robowm/identity_v1/sam_masked_negative6/crops/Cosmos2.5_0036/frame_0084_rank_03.png
Cosmos2.5_0036,84,2,3,0.16715380549430847,0.07453673716192637,0.9020652233599186,True,0.1056071892380714,0.2375974804162979,0.6658966541290283,0.6178895831108093,0.9609375,0.98046875,/shared/ssd_30T/zhuoyingyang/physact/sam3_robowm/identity_v1/sam_masked_negative6/crops/Cosmos2.5_0036/frame_0084_rank_02.png,/shared/ssd_30T/zhuoyingyang/physact/sam3_robowm/identity_v1/sam_masked_negative6/crops/Cosmos2.5_0036/frame_0084_rank_03.png
Cosmos2.5_0036,87,1,2,0.07806088030338287,0.021440266939990245,0.8623094007204046,False,0.7376825213432312,0.2041043639183044,0.8101961016654968,0.614260733127594,0.9765625,0.98046875,/shared/ssd_30T/zhuoyingyang/physact/sam3_robowm/identity_v1/sam_masked_negative6/crops/Cosmos2.5_0036/frame_0087_rank_01.png,/shared/ssd_30T/zhuoyingyang/physact/sam3_robowm/identity_v1/sam_masked_negative6/crops/Cosmos2.5_0036/frame_0087_rank_02.png
Cosmos2.5_0036,87,1,3,0.11774390190839767,0.0,0.0,False,0.7376825213432312,0.2020564973354339,0.8101961016654968,0.6035556793212891,0.9765625,0.9609375,/shared/ssd_30T/zhuoyingyang/physact/sam3_robowm/identity_v1/sam_masked_negative6/crops/Cosmos2.5_0036/frame_0087_rank_01.png,/shared/ssd_30T/zhuoyingyang/physact/sam3_robowm/identity_v1/sam_masked_negative6/crops/Cosmos2.5_0036/frame_0087_rank_03.png
Cosmos2.5_0036,87,2,3,0.11606147885322571,0.0340527077327484,1.0,True,0.2041043639183044,0.2020564973354339,0.614260733127594,0.6035556793212891,0.98046875,0.9609375,/shared/ssd_30T/zhuoyingyang/physact/sam3_robowm/identity_v1/sam_masked_negative6/crops/Cosmos2.5_0036/frame_0087_rank_02.png,/shared/ssd_30T/zhuoyingyang/physact/sam3_robowm/identity_v1/sam_masked_negative6/crops/Cosmos2.5_0036/frame_0087_rank_03.png
Cosmos2.5_0036,90,1,2,0.4715243875980377,0.2629150721101344,1.0,True,0.7074418067932129,0.1114486157894134,0.7891548871994019,0.6536719799041748,0.97265625,0.9453125,/shared/ssd_30T/zhuoyingyang/physact/sam3_robowm/identity_v1/sam_masked_negative6/crops/Cosmos2.5_0036/frame_0090_rank_01.png,/shared/ssd_30T/zhuoyingyang/physact/sam3_robowm/identity_v1/sam_masked_negative6/crops/Cosmos2.5_0036/frame_0090_rank_02.png
Cosmos2.5_0036,90,1,3,0.2590674161911011,0.0,0.0,False,0.7074418067932129,0.1022793129086494,0.7891548871994019,0.6194045543670654,0.97265625,0.9453125,/shared/ssd_30T/zhuoyingyang/physact/sam3_robowm/identity_v1/sam_masked_negative6/crops/Cosmos2.5_0036/frame_0090_rank_01.png,/shared/ssd_30T/zhuoyingyang/physact/sam3_robowm/identity_v1/sam_masked_negative6/crops/Cosmos2.5_0036/frame_0090_rank_03.png
Cosmos2.5_0036,90,2,3,0.2588678300380707,0.0,0.0,False,0.1114486157894134,0.1022793129086494,0.6536719799041748,0.6194045543670654,0.9453125,0.9453125,/shared/ssd_30T/zhuoyingyang/physact/sam3_robowm/identity_v1/sam_masked_negative6/crops/Cosmos2.5_0036/frame_0090_rank_02.png,/shared/ssd_30T/zhuoyingyang/physact/sam3_robowm/identity_v1/sam_masked_negative6/crops/Cosmos2.5_0036/frame_0090_rank_03.png
Cosmos2.5_0036,92,1,2,0.4330744743347168,0.26605150806336536,1.0,True,0.7377153635025024,0.1050023883581161,0.826996922492981,0.6576460599899292,0.97265625,0.9453125,/shared/ssd_30T/zhuoyingyang/physact/sam3_robowm/identity_v1/sam_masked_negative6/crops/Cosmos2.5_0036/frame_0092_rank_01.png,/shared/ssd_30T/zhuoyingyang/physact/sam3_robowm/identity_v1/sam_masked_negative6/crops/Cosmos2.5_0036/frame_0092_rank_02.png
Cosmos2.5_0036,92,1,3,0.05589618161320686,0.020880912073806653,0.8398660504504144,False,0.7377153635025024,0.2117739766836166,0.826996922492981,0.6122708320617676,0.97265625,0.98046875,/shared/ssd_30T/zhuoyingyang/physact/sam3_robowm/identity_v1/sam_masked_negative6/crops/Cosmos2.5_0036/frame_0092_rank_01.png,/shared/ssd_30T/zhuoyingyang/physact/sam3_robowm/identity_v1/sam_masked_negative6/crops/Cosmos2.5_0036/frame_0092_rank_03.png
Cosmos2.5_0036,92,2,3,0.1634063571691513,0.07839343675934754,0.8475065051628756,False,0.1050023883581161,0.2117739766836166,0.6576460599899292,0.6122708320617676,0.9453125,0.98046875,/shared/ssd_30T/zhuoyingyang/physact/sam3_robowm/identity_v1/sam_masked_negative6/crops/Cosmos2.5_0036/frame_0092_rank_02.png,/shared/ssd_30T/zhuoyingyang/physact/sam3_robowm/identity_v1/sam_masked_negative6/crops/Cosmos2.5_0036/frame_0092_rank_03.png
Cosmos2.5_0057,0,1,2,0.38295406103134155,0.0,0.0,False,0.7040800452232361,0.1103783175349235,0.9722316861152648,0.7249230146408081,0.9609375,0.87890625,/shared/ssd_30T/zhuoyingyang/physact/sam3_robowm/identity_v1/sam_masked_negative6/crops/Cosmos2.5_0057/frame_0000_rank_01.png,/shared/ssd_30T/zhuoyingyang/physact/sam3_robowm/identity_v1/sam_masked_negative6/crops/Cosmos2.5_0057/frame_0000_rank_02.png
Cosmos2.5_0057,0,1,3,0.34690749645233154,0.0,0.0,False,0.7040800452232361,0.1006798893213272,0.9722316861152648,0.7109590768814087,0.9609375,0.87890625,/shared/ssd_30T/zhuoyingyang/physact/sam3_robowm/identity_v1/sam_masked_negative6/crops/Cosmos2.5_0057/frame_0000_rank_01.png,/shared/ssd_30T/zhuoyingyang/physact/sam3_robowm/identity_v1/sam_masked_negative6/crops/Cosmos2.5_0057/frame_0000_rank_03.png
Cosmos2.5_0057,0,2,3,0.6069058179855347,0.0,0.0,False,0.1103783175349235,0.1006798893213272,0.7249230146408081,0.7109590768814087,0.87890625,0.87890625,/shared/ssd_30T/zhuoyingyang/physact/sam3_robowm/identity_v1/sam_masked_negative6/crops/Cosmos2.5_0057/frame_0000_rank_02.png,/shared/ssd_30T/zhuoyingyang/physact/sam3_robowm/identity_v1/sam_masked_negative6/crops/Cosmos2.5_0057/frame_0000_rank_03.png
Cosmos2.5_0057,3,1,2,0.38258251547813416,0.0,0.0,False,0.6480932235717773,0.1539085954427719,0.96709144115448,0.6925212144851685,0.95703125,0.890625,/shared/ssd_30T/zhuoyingyang/physact/sam3_robowm/identity_v1/sam_masked_negative6/crops/Cosmos2.5_0057/frame_0003_rank_01.png,/shared/ssd_30T/zhuoyingyang/physact/sam3_robowm/identity_v1/sam_masked_negative6/crops/Cosmos2.5_0057/frame_0003_rank_02.png
Cosmos2.5_0057,3,1,3,0.31727173924446106,0.0,0.0,False,0.6480932235717773,0.1081624627113342,0.96709144115448,0.6036499738693237,0.95703125,0.9375,/shared/ssd_30T/zhuoyingyang/physact/sam3_robowm/identity_v1/sam_masked_negative6/crops/Cosmos2.5_0057/frame_0003_rank_01.png,/shared/ssd_30T/zhuoyingyang/physact/sam3_robowm/identity_v1/sam_masked_negative6/crops/Cosmos2.5_0057/frame_0003_rank_03.png
Cosmos2.5_0057,3,2,3,0.6324180364608765,0.12797024178786306,1.0,True,0.1539085954427719,0.1081624627113342,0.6925212144851685,0.6036499738693237,0.890625,0.9375,/shared/ssd_30T/zhuoyingyang/physact/sam3_robowm/identity_v1/sam_masked_negative6/crops/Cosmos2.5_0057/frame_0003_rank_02.png,/shared/ssd_30T/zhuoyingyang/physact/sam3_robowm/identity_v1/sam_masked_negative6/crops/Cosmos2.5_0057/frame_0003_rank_03.png
Cosmos2.5_0057,6,1,2,0.3086158335208893,0.0,0.0,False,0.6168983578681946,0.1847509145736694,0.9099152088165284,0.7556853890419006,0.95703125,0.828125,/shared/ssd_30T/zhuoyingyang/physact/sam3_robowm/identity_v1/sam_masked_negative6/crops/Cosmos2.5_0057/frame_0006_rank_01.png,/shared/ssd_30T/zhuoyingyang/physact/sam3_robowm/identity_v1/sam_masked_negative6/crops/Cosmos2.5_0057/frame_0006_rank_02.png
Cosmos2.5_0057,6,1,3,0.2433105707168579,0.0,0.0,False,0.6168983578681946,0.1101572811603546,0.9099152088165284,0.6256741285324097,0.95703125,0.9609375,/shared/ssd_30T/zhuoyingyang/physact/sam3_robowm/identity_v1/sam_masked_negative6/crops/Cosmos2.5_0057/frame_0006_rank_01.png,/shared/ssd_30T/zhuoyingyang/physact/sam3_robowm/identity_v1/sam_masked_negative6/crops/Cosmos2.5_0057/frame_0006_rank_03.png
Cosmos2.5_0057,6,2,3,0.22762642800807953,0.0,0.0,False,0.1847509145736694,0.1101572811603546,0.7556853890419006,0.6256741285324097,0.828125,0.9609375,/shared/ssd_30T/zhuoyingyang/physact/sam3_robowm/identity_v1/sam_masked_negative6/crops/Cosmos2.5_0057/frame_0006_rank_02.png,/shared/ssd_30T/zhuoyingyang/physact/sam3_robowm/identity_v1/sam_masked_negative6/crops/Cosmos2.5_0057/frame_0006_rank_03.png
Cosmos2.5_0057,9,1,2,0.25129011273384094,0.15198147959825917,1.0,True,0.5368079543113708,0.178269624710083,0.8173150420188904,0.7831746339797974,0.95703125,0.96484375,/shared/ssd_30T/zhuoyingyang/physact/sam3_robowm/identity_v1/sam_masked_negative6/crops/Cosmos2.5_0057/frame_0009_rank_01.png,/shared/ssd_30T/zhuoyingyang/physact/sam3_robowm/identity_v1/sam_masked_negative6/crops/Cosmos2.5_0057/frame_0009_rank_02.png
Cosmos2.5_0057,9,1,3,0.28637540340423584,0.0,0.0,False,0.5368079543113708,0.1973392069339752,0.8173150420188904,0.7608507871627808,0.95703125,0.8828125,/shared/ssd_30T/zhuoyingyang/physact/sam3_robowm/identity_v1/sam_masked_negative6/crops/Cosmos2.5_0057/frame_0009_rank_01.png,/shared/ssd_30T/zhuoyingyang/physact/sam3_robowm/identity_v1/sam_masked_negative6/crops/Cosmos2.5_0057/frame_0009_rank_03.png
Cosmos2.5_0057,9,2,3,0.20768208801746368,0.0,0.0,False,0.178269624710083,0.1973392069339752,0.7831746339797974,0.7608507871627808,0.96484375,0.8828125,/shared/ssd_30T/zhuoyingyang/physact/sam3_robowm/identity_v1/sam_masked_negative6/crops/Cosmos2.5_0057/frame_0009_rank_02.png,/shared/ssd_30T/zhuoyingyang/physact/sam3_robowm/identity_v1/sam_masked_negative6/crops/Cosmos2.5_0057/frame_0009_rank_03.png
Cosmos2.5_0057,12,1,2,0.27007463574409485,0.0,0.0,False,0.2157606780529022,0.5219762325286865,0.7897628545761108,0.7828365564346313,0.875,0.953125,/shared/ssd_30T/zhuoyingyang/physact/sam3_robowm/identity_v1/sam_masked_negative6/crops/Cosmos2.5_0057/frame_0012_rank_01.png,/shared/ssd_30T/zhuoyingyang/physact/sam3_robowm/identity_v1/sam_masked_negative6/crops/Cosmos2.5_0057/frame_0012_rank_02.png
Cosmos2.5_0057,12,1,3,0.1873629093170166,0.0,0.0,False,0.2157606780529022,0.1065721288323402,0.7897628545761108,0.6849896907806396,0.875,0.96875,/shared/ssd_30T/zhuoyingyang/physact/sam3_robowm/identity_v1/sam_masked_negative6/crops/Cosmos2.5_0057/frame_0012_rank_01.png,/shared/ssd_30T/zhuoyingyang/physact/sam3_robowm/identity_v1/sam_masked_negative6/crops/Cosmos2.5_0057/frame_0012_rank_03.png
Cosmos2.5_0057,12,2,3,0.2928890883922577,0.08029307139417033,1.0,True,0.5219762325286865,0.1065721288323402,0.7828365564346313,0.6849896907806396,0.953125,0.96875,/shared/ssd_30T/zhuoyingyang/physact/sam3_robowm/identity_v1/sam_masked_negative6/crops/Cosmos2.5_0057/frame_0012_rank_02.png,/shared/ssd_30T/zhuoyingyang/physact/sam3_robowm/identity_v1/sam_masked_negative6/crops/Cosmos2.5_0057/frame_0012_rank_03.png
Cosmos2.5_0057,15,1,2,0.3155059814453125,0.0,0.0,False,0.5354510545730591,0.172234445810318,0.7746984958648682,0.7726529836654663,0.953125,0.86328125,/shared/ssd_30T/zhuoyingyang/physact/sam3_robowm/identity_v1/sam_masked_negative6/crops/Cosmos2.5_0057/frame_0015_rank_01.png,/shared/ssd_30T/zhuoyingyang/physact/sam3_robowm/identity_v1/sam_masked_negative6/crops/Cosmos2.5_0057/frame_0015_rank_02.png
Cosmos2.5_0057,15,1,3,0.2465726137161255,0.07751625251596059,1.0,True,0.5354510545730591,0.1228341832756996,0.7746984958648682,0.6993333101272583,0.953125,0.96484375,/shared/ssd_30T/zhuoyingyang/physact/sam3_robowm/identity_v1/sam_masked_negative6/crops/Cosmos2.5_0057/frame_0015_rank_01.png,/shared/ssd_30T/zhuoyingyang/physact/sam3_robowm/identity_v1/sam_masked_negative6/crops/Cosmos2.5_0057/frame_0015_rank_03.png
Cosmos2.5_0057,15,2,3,0.18305325508117676,0.0,0.0,False,0.172234445810318,0.1228341832756996,0.7726529836654663,0.6993333101272583,0.86328125,0.96484375,/shared/ssd_30T/zhuoyingyang/physact/sam3_robowm/identity_v1/sam_masked_negative6/crops/Cosmos2.5_0057/frame_0015_rank_02.png,/shared/ssd_30T/zhuoyingyang/physact/sam3_robowm/identity_v1/sam_masked_negative6/crops/Cosmos2.5_0057/frame_0015_rank_03.png
Cosmos2.5_0057,18,1,2,0.32814183831214905,0.0,0.0,False,0.5175871849060059,0.1948328018188476,0.7754216194152832,0.7701237201690674,0.9609375,0.890625,/shared/ssd_30T/zhuoyingyang/physact/sam3_robowm/identity_v1/sam_masked_negative6/crops/Cosmos2.5_0057/frame_0018_rank_01.png,/shared/ssd_30T/zhuoyingyang/physact/sam3_robowm/identity_v1/sam_masked_negative6/crops/Cosmos2.5_0057/frame_0018_rank_02.png
Cosmos2.5_0057,18,1,3,0.33056026697158813,0.0,0.0,False,0.5175871849060059,0.1669506430625915,0.7754216194152832,0.7204992175102234,0.9609375,0.8828125,/shared/ssd_30T/zhuoyingyang/physact/sam3_robowm/identity_v1/sam_masked_negative6/crops/Cosmos2.5_0057/frame_0018_rank_01.png,/shared/ssd_30T/zhuoyingyang/physact/sam3_robowm/identity_v1/sam_masked_negative6/crops/Cosmos2.5_0057/frame_0018_rank_03.png
Cosmos2.5_0057,18,2,3,0.47306305170059204,0.0,0.0,False,0.1948328018188476,0.1669506430625915,0.7701237201690674,0.7204992175102234,0.890625,0.8828125,/shared/ssd_30T/zhuoyingyang/physact/sam3_robowm/identity_v1/sam_masked_negative6/crops/Cosmos2.5_0057/frame_0018_rank_02.png,/shared/ssd_30T/zhuoyingyang/physact/sam3_robowm/identity_v1/sam_masked_negative6/crops/Cosmos2.5_0057/frame_0018_rank_03.png
Cosmos2.5_0057,21,1,2,0.2120080143213272,0.0,0.0,False,0.5853304862976074,0.14212267100811,0.8738983869552612,0.760806679725647,0.95703125,0.91796875,/shared/ssd_30T/zhuoyingyang/physact/sam3_robowm/identity_v1/sam_masked_negative6/crops/Cosmos2.5_0057/frame_0021_rank_01.png,/shared/ssd_30T/zhuoyingyang/physact/sam3_robowm/identity_v1/sam_masked_negative6/crops/Cosmos2.5_0057/frame_0021_rank_02.png
Cosmos2.5_0057,21,1,3,0.2023608684539795,0.0,0.0,False,0.5853304862976074,0.1432353556156158,0.8738983869552612,0.7327797412872314,0.95703125,0.87890625,/shared/ssd_30T/zhuoyingyang/physact/sam3_robowm/identity_v1/sam_masked_negative6/crops/Cosmos2.5_0057/frame_0021_rank_01.png,/shared/ssd_30T/zhuoyingyang/physact/sam3_robowm/identity_v1/sam_masked_negative6/crops/Cosmos2.5_0057/frame_0021_rank_03.png
Cosmos2.5_0057,21,2,3,0.4196019470691681,0.0,0.0,False,0.14212267100811,0.1432353556156158,0.760806679725647,0.7327797412872314,0.91796875,0.87890625,/shared/ssd_30T/zhuoyingyang/physact/sam3_robowm/identity_v1/sam_masked_negative6/crops/Cosmos2.5_0057/frame_0021_rank_02.png,/shared/ssd_30T/zhuoyingyang/physact/sam3_robowm/identity_v1/sam_masked_negative6/crops/Cosmos2.5_0057/frame_0021_rank_03.png
Cosmos2.5_0057,24,1,2,0.3604494333267212,0.0,0.0,False,0.5857612490653992,0.1625052541494369,0.8180798292160034,0.7602255344390869,0.95703125,0.91796875,/shared/ssd_30T/zhuoyingyang/physact/sam3_robowm/identity_v1/sam_masked_negative6/crops/Cosmos2.5_0057/frame_0024_rank_01.png,/shared/ssd_30T/zhuoyingyang/physact/sam3_robowm/identity_v1/sam_masked_negative6/crops/Cosmos2.5_0057/frame_0024_rank_02.png
Cosmos2.5_0057,24,1,3,0.3610747158527374,0.0,0.0,False,0.5857612490653992,0.1487168222665786,0.8180798292160034,0.7534147500991821,0.95703125,0.87890625,/shared/ssd_30T/zhuoyingyang/physact/sam3_robowm/identity_v1/sam_masked_negative6/crops/Cosmos2.5_0057/frame_0024_rank_01.png,/shared/ssd_30T/zhuoyingyang/physact/sam3_robowm/identity_v1/sam_masked_negative6/crops/Cosmos2.5_0057/frame_0024_rank_03.png
Cosmos2.5_0057,24,2,3,0.42714741826057434,0.0,0.0,False,0.1625052541494369,0.1487168222665786,0.7602255344390869,0.7534147500991821,0.91796875,0.87890625,/shared/ssd_30T/zhuoyingyang/physact/sam3_robowm/identity_v1/sam_masked_negative6/crops/Cosmos2.5_0057/frame_0024_rank_02.png,/shared/ssd_30T/zhuoyingyang/physact/sam3_robowm/identity_v1/sam_masked_negative6/crops/Cosmos2.5_0057/frame_0024_rank_03.png
Cosmos2.5_0057,27,1,2,0.2600739300251007,0.18921195409122524,0.9727275713110473,True,0.5774920582771301,0.1026116758584976,0.8527613878250122,0.8052806854248047,0.95703125,0.91015625,/shared/ssd_30T/zhuoyingyang/physact/sam3_robowm/identity_v1/sam_masked_negative6/crops/Cosmos2.5_0057/frame_0027_rank_01.png,/shared/ssd_30T/zhuoyingyang/physact/sam3_robowm/identity_v1/sam_masked_negative6/crops/Cosmos2.5_0057/frame_0027_rank_02.png
Cosmos2.5_0057,27,1,3,0.3603977560997009,0.0,0.0,False,0.5774920582771301,0.1800138652324676,0.8527613878250122,0.7543339729309082,0.95703125,0.92578125,/shared/ssd_30T/zhuoyingyang/physact/sam3_robowm/identity_v1/sam_masked_negative6/crops/Cosmos2.5_0057/frame_0027_rank_01.png,/shared/ssd_30T/zhuoyingyang/physact/sam3_robowm/identity_v1/sam_masked_negative6/crops/Cosmos2.5_0057/frame_0027_rank_03.png
Cosmos2.5_0057,27,2,3,0.43461874127388,0.0,0.0,False,0.1026116758584976,0.1800138652324676,0.8052806854248047,0.7543339729309082,0.91015625,0.92578125,/shared/ssd_30T/zhuoyingyang/physact/sam3_robowm/identity_v1/sam_masked_negative6/crops/Cosmos2.5_0057/frame_0027_rank_02.png,/shared/ssd_30T/zhuoyingyang/physact/sam3_robowm/identity_v1/sam_masked_negative6/crops/Cosmos2.5_0057/frame_0027_rank_03.png
Cosmos2.5_0057,30,1,2,0.2951052486896515,0.11336278038170639,1.0,True,0.5349147915840149,0.1339124739170074,0.7912410497665405,0.7469272017478943,0.95703125,0.921875,/shared/ssd_30T/zhuoyingyang/physact/sam3_robowm/identity_v1/sam_masked_negative6/crops/Cosmos2.5_0057/frame_0030_rank_01.png,/shared/ssd_30T/zhuoyingyang/physact/sam3_robowm/identity_v1/sam_masked_negative6/crops/Cosmos2.5_0057/frame_0030_rank_02.png
Cosmos2.5_0057,30,1,3,0.25448301434516907,0.0,0.0,False,0.5349147915840149,0.1739200055599212,0.7912410497665405,0.7381900548934937,0.95703125,0.921875,/shared/ssd_30T/zhuoyingyang/physact/sam3_robowm/identity_v1/sam_masked_negative6/crops/Cosmos2.5_0057/frame_0030_rank_01.png,/shared/ssd_30T/zhuoyingyang/physact/sam3_robowm/identity_v1/sam_masked_negative6/crops/Cosmos2.5_0057/frame_0030_rank_03.png
Cosmos2.5_0057,30,2,3,0.35359540581703186,0.0,0.0,False,0.1339124739170074,0.1739200055599212,0.7469272017478943,0.7381900548934937,0.921875,0.921875,/shared/ssd_30T/zhuoyingyang/physact/sam3_robowm/identity_v1/sam_masked_negative6/crops/Cosmos2.5_0057/frame_0030_rank_02.png,/shared/ssd_30T/zhuoyingyang/physact/sam3_robowm/identity_v1/sam_masked_negative6/crops/Cosmos2.5_0057/frame_0030_rank_03.png
Cosmos2.5_0057,33,1,2,0.2613380253314972,0.0,0.0,False,0.4964669942855835,0.203088030219078,0.7861301898956299,0.7420302629470825,0.953125,0.92578125,/shared/ssd_30T/zhuoyingyang/physact/sam3_robowm/identity_v1/sam_masked_negative6/crops/Cosmos2.5_0057/frame_0033_rank_01.png,/shared/ssd_30T/zhuoyingyang/physact/sam3_robowm/identity_v1/sam_masked_negative6/crops/Cosmos2.5_0057/frame_0033_rank_02.png
Cosmos2.5_0057,33,1,3,0.25367802381515503,0.0,0.0,False,0.4964669942855835,0.1758432686328888,0.7861301898956299,0.7377593517303467,0.953125,0.88671875,/shared/ssd_30T/zhuoyingyang/physact/sam3_robowm/identity_v1/sam_masked_negative6/crops/Cosmos2.5_0057/frame_0033_rank_01.png,/shared/ssd_30T/zhuoyingyang/physact/sam3_robowm/identity_v1/sam_masked_negative6/crops/Cosmos2.5_0057/frame_0033_rank_03.png
Cosmos2.5_0057,33,2,3,0.5915255546569824,0.0,0.0,False,0.203088030219078,0.1758432686328888,0.7420302629470825,0.7377593517303467,0.92578125,0.88671875,/shared/ssd_30T/zhuoyingyang/physact/sam3_robowm/identity_v1/sam_masked_negative6/crops/Cosmos2.5_0057/frame_0033_rank_02.png,/shared/ssd_30T/zhuoyingyang/physact/sam3_robowm/identity_v1/sam_masked_negative6/crops/Cosmos2.5_0057/frame_0033_rank_03.png
Cosmos2.5_0057,36,1,2,0.26396748423576355,0.1545417561440886,1.0,True,0.567966878414154,0.1169222965836525,0.7634804248809814,0.7580626010894775,0.953125,0.953125,/shared/ssd_30T/zhuoyingyang/physact/sam3_robowm/identity_v1/sam_masked_negative6/crops/Cosmos2.5_0057/frame_0036_rank_01.png,/shared/ssd_30T/zhuoyingyang/physact/sam3_robowm/identity_v1/sam_masked_negative6/crops/Cosmos2.5_0057/frame_0036_rank_02.png
Cosmos2.5_0057,36,1,3,0.20140208303928375,0.0,0.0,False,0.567966878414154,0.1167230829596519,0.7634804248809814,0.7356719970703125,0.953125,0.87890625,/shared/ssd_30T/zhuoyingyang/physact/sam3_robowm/identity_v1/sam_masked_negative6/crops/Cosmos2.5_0057/frame_0036_rank_01.png,/shared/ssd_30T/zhuoyingyang/physact/sam3_robowm/identity_v1/sam_masked_negative6/crops/Cosmos2.5_0057/frame_0036_rank_03.png
Cosmos2.5_0057,36,2,3,0.27511870861053467,0.0,0.0,False,0.1169222965836525,0.1167230829596519,0.7580626010894775,0.7356719970703125,0.953125,0.87890625,/shared/ssd_30T/zhuoyingyang/physact/sam3_robowm/identity_v1/sam_masked_negative6/crops/Cosmos2.5_0057/frame_0036_rank_02.png,/shared/ssd_30T/zhuoyingyang/physact/sam3_robowm/identity_v1/sam_masked_negative6/crops/Cosmos2.5_0057/frame_0036_rank_03.png
Cosmos2.5_0057,39,1,2,0.5591008067131042,0.3897936930874072,1.0,True,0.206031858921051,0.4272708296775818,0.8076964616775513,0.7959854602813721,0.94140625,0.94140625,/shared/ssd_30T/zhuoyingyang/physact/sam3_robowm/identity_v1/sam_masked_negative6/crops/Cosmos2.5_0057/frame_0039_rank_01.png,/shared/ssd_30T/zhuoyingyang/physact/sam3_robowm/identity_v1/sam_masked_negative6/crops/Cosmos2.5_0057/frame_0039_rank_02.png
Cosmos2.5_0057,39,1,3,0.37165406346321106,0.0,0.0,False,0.206031858921051,0.187359407544136,0.8076964616775513,0.7615491151809692,0.94140625,0.921875,/shared/ssd_30T/zhuoyingyang/physact/sam3_robowm/identity_v1/sam_masked_negative6/crops/Cosmos2.5_0057/frame_0039_rank_01.png,/shared/ssd_30T/zhuoyingyang/physact/sam3_robowm/identity_v1/sam_masked_negative6/crops/Cosmos2.5_0057/frame_0039_rank_03.png
Cosmos2.5_0057,39,2,3,0.21477071940898895,0.0,0.0,False,0.4272708296775818,0.187359407544136,0.7959854602813721,0.7615491151809692,0.94140625,0.921875,/shared/ssd_30T/zhuoyingyang/physact/sam3_robowm/identity_v1/sam_masked_negative6/crops/Cosmos2.5_0057/frame_0039_rank_02.png,/shared/ssd_30T/zhuoyingyang/physact/sam3_robowm/identity_v1/sam_masked_negative6/crops/Cosmos2.5_0057/frame_0039_rank_03.png
Cosmos2.5_0057,42,1,2,0.6238871216773987,0.31618766680257704,1.0,True,0.3123552203178406,0.3437798023223877,0.766729474067688,0.7648847103118896,0.94140625,0.94140625,/shared/ssd_30T/zhuoyingyang/physact/sam3_robowm/identity_v1/sam_masked_negative6/crops/Cosmos2.5_0057/frame_0042_rank_01.png,/shared/ssd_30T/zhuoyingyang/physact/sam3_robowm/identity_v1/sam_masked_negative6/crops/Cosmos2.5_0057/frame_0042_rank_02.png
Cosmos2.5_0057,42,1,3,0.36495423316955566,0.0,0.0,False,0.3123552203178406,0.2006649374961853,0.766729474067688,0.7477682828903198,0.94140625,0.92578125,/shared/ssd_30T/zhuoyingyang/physact/sam3_robowm/identity_v1/sam_masked_negative6/crops/Cosmos2.5_0057/frame_0042_rank_01.png,/shared/ssd_30T/zhuoyingyang/physact/sam3_robowm/identity_v1/sam_masked_negative6/crops/Cosmos2.5_0057/frame_0042_rank_03.png
Cosmos2.5_0057,42,2,3,0.38497963547706604,0.0,0.0,False,0.3437798023223877,0.2006649374961853,0.7648847103118896,0.7477682828903198,0.94140625,0.92578125,/shared/ssd_30T/zhuoyingyang/physact/sam3_robowm/identity_v1/sam_masked_negative6/crops/Cosmos2.5_0057/frame_0042_rank_02.png,/shared/ssd_30T/zhuoyingyang/physact/sam3_robowm/identity_v1/sam_masked_negative6/crops/Cosmos2.5_0057/frame_0042_rank_03.png
Cosmos2.5_0057,45,1,2,0.36360791325569153,0.0,0.0,False,0.1555807739496231,0.5702645182609558,0.7564706802368164,0.751537561416626,0.92578125,0.95703125,/shared/ssd_30T/zhuoyingyang/physact/sam3_robowm/identity_v1/sam_masked_negative6/crops/Cosmos2.5_0057/frame_0045_rank_01.png,/shared/ssd_30T/zhuoyingyang/physact/sam3_robowm/identity_v1/sam_masked_negative6/crops/Cosmos2.5_0057/frame_0045_rank_02.png
Cosmos2.5_0057,45,1,3,0.4526140093803406,0.0,0.0,False,0.1555807739496231,0.1047067940235138,0.7564706802368164,0.746801495552063,0.92578125,0.8828125,/shared/ssd_30T/zhuoyingyang/physact/sam3_robowm/identity_v1/sam_masked_negative6/crops/Cosmos2.5_0057/frame_0045_rank_01.png,/shared/ssd_30T/zhuoyingyang/physact/sam3_robowm/identity_v1/sam_masked_negative6/crops/Cosmos2.5_0057/frame_0045_rank_03.png
Cosmos2.5_0057,45,2,3,0.28895509243011475,0.0,0.0,False,0.5702645182609558,0.1047067940235138,0.751537561416626,0.746801495552063,0.95703125,0.8828125,/shared/ssd_30T/zhuoyingyang/physact/sam3_robowm/identity_v1/sam_masked_negative6/crops/Cosmos2.5_0057/frame_0045_rank_02.png,/shared/ssd_30T/zhuoyingyang/physact/sam3_robowm/identity_v1/sam_masked_negative6/crops/Cosmos2.5_0057/frame_0045_rank_03.png
Cosmos2.5_0057,48,1,2,0.42016956210136414,0.0,0.0,False,0.5890875458717346,0.1370235979557037,0.7860442399978638,0.751089334487915,0.95703125,0.91796875,/shared/ssd_30T/zhuoyingyang/physact/sam3_robowm/identity_v1/sam_masked_negative6/crops/Cosmos2.5_0057/frame_0048_rank_01.png,/shared/ssd_30T/zhuoyingyang/physact/sam3_robowm/identity_v1/sam_masked_negative6/crops/Cosmos2.5_0057/frame_0048_rank_02.png
Cosmos2.5_0057,48,1,3,0.28262174129486084,0.0,0.0,False,0.5890875458717346,0.1026063933968544,0.7860442399978638,0.6176263093948364,0.95703125,0.9609375,/shared/ssd_30T/zhuoyingyang/physact/sam3_robowm/identity_v1/sam_masked_negative6/crops/Cosmos2.5_0057/frame_0048_rank_01.png,/shared/ssd_30T/zhuoyingyang/physact/sam3_robowm/identity_v1/sam_masked_negative6/crops/Cosmos2.5_0057/frame_0048_rank_03.png
Cosmos2.5_0057,48,2,3,0.16053271293640137,0.0,0.0,False,0.1370235979557037,0.1026063933968544,0.751089334487915,0.6176263093948364,0.91796875,0.9609375,/shared/ssd_30T/zhuoyingyang/physact/sam3_robowm/identity_v1/sam_masked_negative6/crops/Cosmos2.5_0057/frame_0048_rank_02.png,/shared/ssd_30T/zhuoyingyang/physact/sam3_robowm/identity_v1/sam_masked_negative6/crops/Cosmos2.5_0057/frame_0048_rank_03.png
Cosmos2.5_0057,51,1,2,0.4784708321094513,0.0,0.0,False,0.5403734445571899,0.1572553962469101,0.8948560953140259,0.7204673290252686,0.953125,0.90625,/shared/ssd_30T/zhuoyingyang/physact/sam3_robowm/identity_v1/sam_masked_negative6/crops/Cosmos2.5_0057/frame_0051_rank_01.png,/shared/ssd_30T/zhuoyingyang/physact/sam3_robowm/identity_v1/sam_masked_negative6/crops/Cosmos2.5_0057/frame_0051_rank_02.png
Cosmos2.5_0057,51,1,3,0.43822047114372253,0.0,0.0,False,0.5403734445571899,0.1389554589986801,0.8948560953140259,0.7110024690628052,0.953125,0.8203125,/shared/ssd_30T/zhuoyingyang/physact/sam3_robowm/identity_v1/sam_masked_negative6/crops/Cosmos2.5_0057/frame_0051_rank_01.png,/shared/ssd_30T/zhuoyingyang/physact/sam3_robowm/identity_v1/sam_masked_negative6/crops/Cosmos2.5_0057/frame_0051_rank_03.png
Cosmos2.5_0057,51,2,3,0.44060343503952026,0.0,0.0,False,0.1572553962469101,0.1389554589986801,0.7204673290252686,0.7110024690628052,0.90625,0.8203125,/shared/ssd_30T/zhuoyingyang/physact/sam3_robowm/identity_v1/sam_masked_negative6/crops/Cosmos2.5_0057/frame_0051_rank_02.png,/shared/ssd_30T/zhuoyingyang/physact/sam3_robowm/identity_v1/sam_masked_negative6/crops/Cosmos2.5_0057/frame_0051_rank_03.png
Cosmos2.5_0057,54,1,2,0.4295866787433624,0.0,0.0,False,0.175213411450386,0.1452542841434478,0.7209615707397461,0.7142696380615234,0.8984375,0.86328125,/shared/ssd_30T/zhuoyingyang/physact/sam3_robowm/identity_v1/sam_masked_negative6/crops/Cosmos2.5_0057/frame_0054_rank_01.png,/shared/ssd_30T/zhuoyingyang/physact/sam3_robowm/identity_v1/sam_masked_negative6/crops/Cosmos2.5_0057/frame_0054_rank_02.png
Cosmos2.5_0057,54,1,3,0.42173469066619873,0.0,0.0,False,0.175213411450386,0.3999250829219818,0.7209615707397461,0.6969029903411865,0.8984375,0.94140625,/shared/ssd_30T/zhuoyingyang/physact/sam3_robowm/identity_v1/sam_masked_negative6/crops/Cosmos2.5_0057/frame_0054_rank_01.png,/shared/ssd_30T/zhuoyingyang/physact/sam3_robowm/identity_v1/sam_masked_negative6/crops/Cosmos2.5_0057/frame_0054_rank_03.png
Cosmos2.5_0057,54,2,3,0.5464495420455933,0.0,0.0,False,0.1452542841434478,0.3999250829219818,0.7142696380615234,0.6969029903411865,0.86328125,0.94140625,/shared/ssd_30T/zhuoyingyang/physact/sam3_robowm/identity_v1/sam_masked_negative6/crops/Cosmos2.5_0057/frame_0054_rank_02.png,/shared/ssd_30T/zhuoyingyang/physact/sam3_robowm/identity_v1/sam_masked_negative6/crops/Cosmos2.5_0057/frame_0054_rank_03.png
Cosmos2.5_0057,57,1,2,0.5452365875244141,0.0,0.0,False,0.2087516486644745,0.1476158052682876,0.7686675786972046,0.7364776730537415,0.88671875,0.87109375,/shared/ssd_30T/zhuoyingyang/physact/sam3_robowm/identity_v1/sam_masked_negative6/crops/Cosmos2.5_0057/frame_0057_rank_01.png,/shared/ssd_30T/zhuoyingyang/physact/sam3_robowm/identity_v1/sam_masked_negative6/crops/Cosmos2.5_0057/frame_0057_rank_02.png
Cosmos2.5_0057,57,1,3,0.5864885449409485,0.0,0.0,False,0.2087516486644745,0.128679409623146,0.7686675786972046,0.7231738567352295,0.88671875,0.8828125,/shared/ssd_30T/zhuoyingyang/physact/sam3_robowm/identity_v1/sam_masked_negative6/crops/Cosmos2.5_0057/frame_0057_rank_01.png,/shared/ssd_30T/zhuoyingyang/physact/sam3_robowm/identity_v1/sam_masked_negative6/crops/Cosmos2.5_0057/frame_0057_rank_03.png
Cosmos2.5_0057,57,2,3,0.7881196737289429,0.4335690203440053,1.0,True,0.1476158052682876,0.128679409623146,0.7364776730537415,0.7231738567352295,0.87109375,0.8828125,/shared/ssd_30T/zhuoyingyang/physact/sam3_robowm/identity_v1/sam_masked_negative6/crops/Cosmos2.5_0057/frame_0057_rank_02.png,/shared/ssd_30T/zhuoyingyang/physact/sam3_robowm/identity_v1/sam_masked_negative6/crops/Cosmos2.5_0057/frame_0057_rank_03.png
Cosmos2.5_0057,60,1,2,0.5810606479644775,0.0,0.0,False,0.1599191278219223,0.1937915533781051,0.733647346496582,0.7258022427558899,0.8671875,0.890625,/shared/ssd_30T/zhuoyingyang/physact/sam3_robowm/identity_v1/sam_masked_negative6/crops/Cosmos2.5_0057/frame_0060_rank_01.png,/shared/ssd_30T/zhuoyingyang/physact/sam3_robowm/identity_v1/sam_masked_negative6/crops/Cosmos2.5_0057/frame_0060_rank_02.png
Cosmos2.5_0057,60,1,3,0.8054161667823792,0.40793961806352624,1.0,True,0.1599191278219223,0.1316023021936416,0.733647346496582,0.7004045844078064,0.8671875,0.85546875,/shared/ssd_30T/zhuoyingyang/physact/sam3_robowm/identity_v1/sam_masked_negative6/crops/Cosmos2.5_0057/frame_0060_rank_01.png,/shared/ssd_30T/zhuoyingyang/physact/sam3_robowm/identity_v1/sam_masked_negative6/crops/Cosmos2.5_0057/frame_0060_rank_03.png
Cosmos2.5_0057,60,2,3,0.6517044901847839,0.0,0.0,False,0.1937915533781051,0.1316023021936416,0.7258022427558899,0.7004045844078064,0.890625,0.85546875,/shared/ssd_30T/zhuoyingyang/physact/sam3_robowm/identity_v1/sam_masked_negative6/crops/Cosmos2.5_0057/frame_0060_rank_02.png,/shared/ssd_30T/zhuoyingyang/physact/sam3_robowm/identity_v1/sam_masked_negative6/crops/Cosmos2.5_0057/frame_0060_rank_03.png
Cosmos2.5_0057,63,1,2,0.49292394518852234,0.0,0.0,False,0.2133373320102691,0.1497921347618103,0.7466272711753845,0.7332321405410767,0.8671875,0.8828125,/shared/ssd_30T/zhuoyingyang/physact/sam3_robowm/identity_v1/sam_masked_negative6/crops/Cosmos2.5_0057/frame_0063_rank_01.png,/shared/ssd_30T/zhuoyingyang/physact/sam3_robowm/identity_v1/sam_masked_negative6/crops/Cosmos2.5_0057/frame_0063_rank_02.png
Cosmos2.5_0057,63,1,3,0.6432172656059265,0.0,0.0,False,0.2133373320102691,0.1446313560009002,0.7466272711753845,0.713199257850647,0.8671875,0.87109375,/shared/ssd_30T/zhuoyingyang/physact/sam3_robowm/identity_v1/sam_masked_negative6/crops/Cosmos2.5_0057/frame_0063_rank_01.png,/shared/ssd_30T/zhuoyingyang/physact/sam3_robowm/identity_v1/sam_masked_negative6/crops/Cosmos2.5_0057/frame_0063_rank_03.png
Cosmos2.5_0057,63,2,3,0.66499263048172,0.455000464503411,1.0,True,0.1497921347618103,0.1446313560009002,0.7332321405410767,0.713199257850647,0.8828125,0.87109375,/shared/ssd_30T/zhuoyingyang/physact/sam3_robowm/identity_v1/sam_masked_negative6/crops/Cosmos2.5_0057/frame_0063_rank_02.png,/shared/ssd_30T/zhuoyingyang/physact/sam3_robowm/identity_v1/sam_masked_negative6/crops/Cosmos2.5_0057/frame_0063_rank_03.png
Cosmos2.5_0057,66,1,2,0.5627763867378235,0.0,0.0,False,0.1524019986391067,0.2095505148172378,0.7258216142654419,0.7192195653915405,0.875,0.87109375,/shared/ssd_30T/zhuoyingyang/physact/sam3_robowm/identity_v1/sam_masked_negative6/crops/Cosmos2.5_0057/frame_0066_rank_01.png,/shared/ssd_30T/zhuoyingyang/physact/sam3_robowm/identity_v1/sam_masked_negative6/crops/Cosmos2.5_0057/frame_0066_rank_02.png
Cosmos2.5_0057,66,1,3,0.7034366130828857,0.4404842627171156,1.0,True,0.1524019986391067,0.1585972309112548,0.7258216142654419,0.6982043981552124,0.875,0.87890625,/shared/ssd_30T/zhuoyingyang/physact/sam3_robowm/identity_v1/sam_masked_negative6/crops/Cosmos2.5_0057/frame_0066_rank_01.png,/shared/ssd_30T/zhuoyingyang/physact/sam3_robowm/identity_v1/sam_masked_negative6/crops/Cosmos2.5_0057/frame_0066_rank_03.png
Cosmos2.5_0057,66,2,3,0.42849409580230713,0.0,0.0,False,0.2095505148172378,0.1585972309112548,0.7192195653915405,0.6982043981552124,0.87109375,0.87890625,/shared/ssd_30T/zhuoyingyang/physact/sam3_robowm/identity_v1/sam_masked_negative6/crops/Cosmos2.5_0057/frame_0066_rank_02.png,/shared/ssd_30T/zhuoyingyang/physact/sam3_robowm/identity_v1/sam_masked_negative6/crops/Cosmos2.5_0057/frame_0066_rank_03.png
Cosmos2.5_0057,69,1,2,0.5688475370407104,0.0,0.0,False,0.2148011326789856,0.1546369045972824,0.750724196434021,0.7456066608428955,0.875,0.86328125,/shared/ssd_30T/zhuoyingyang/physact/sam3_robowm/identity_v1/sam_masked_negative6/crops/Cosmos2.5_0057/frame_0069_rank_01.png,/shared/ssd_30T/zhuoyingyang/physact/sam3_robowm/identity_v1/sam_masked_negative6/crops/Cosmos2.5_0057/frame_0069_rank_02.png
Cosmos2.5_0057,69,1,3,0.4722839593887329,0.0,0.0,False,0.2148011326789856,0.164612129330635,0.750724196434021,0.7198256254196167,0.875,0.88671875,/shared/ssd_30T/zhuoyingyang/physact/sam3_robowm/identity_v1/sam_masked_negative6/crops/Cosmos2.5_0057/frame_0069_rank_01.png,/shared/ssd_30T/zhuoyingyang/physact/sam3_robowm/identity_v1/sam_masked_negative6/crops/Cosmos2.5_0057/frame_0069_rank_03.png
Cosmos2.5_0057,69,2,3,0.6792227029800415,0.44897920522023194,1.0,True,0.1546369045972824,0.164612129330635,0.7456066608428955,0.7198256254196167,0.86328125,0.88671875,/shared/ssd_30T/zhuoyingyang/physact/sam3_robowm/identity_v1/sam_masked_negative6/crops/Cosmos2.5_0057/frame_0069_rank_02.png,/shared/ssd_30T/zhuoyingyang/physact/sam3_robowm/identity_v1/sam_masked_negative6/crops/Cosmos2.5_0057/frame_0069_rank_03.png
Cosmos2.5_0057,72,1,2,0.5993306636810303,0.0,0.0,False,0.2114406824111938,0.1440978348255157,0.7272743582725525,0.7175049781799316,0.87890625,0.87890625,/shared/ssd_30T/zhuoyingyang/physact/sam3_robowm/identity_v1/sam_masked_negative6/crops/Cosmos2.5_0057/frame_0072_rank_01.png,/shared/ssd_30T/zhuoyingyang/physact/sam3_robowm/identity_v1/sam_masked_negative6/crops/Cosmos2.5_0057/frame_0072_rank_02.png
Cosmos2.5_0057,72,1,3,0.44766736030578613,0.0,0.0,False,0.2114406824111938,0.1787335276603698,0.7272743582725525,0.7059388160705566,0.87890625,0.87890625,/shared/ssd_30T/zhuoyingyang/physact/sam3_robowm/identity_v1/sam_masked_negative6/crops/Cosmos2.5_0057/frame_0072_rank_01.png,/shared/ssd_30T/zhuoyingyang/physact/sam3_robowm/identity_v1/sam_masked_negative6/crops/Cosmos2.5_0057/frame_0072_rank_03.png
Cosmos2.5_0057,72,2,3,0.6839430332183838,0.4999444242549566,1.0,True,0.1440978348255157,0.1787335276603698,0.7175049781799316,0.7059388160705566,0.87890625,0.87890625,/shared/ssd_30T/zhuoyingyang/physact/sam3_robowm/identity_v1/sam_masked_negative6/crops/Cosmos2.5_0057/frame_0072_rank_02.png,/shared/ssd_30T/zhuoyingyang/physact/sam3_robowm/identity_v1/sam_masked_negative6/crops/Cosmos2.5_0057/frame_0072_rank_03.png
Cosmos2.5_0057,75,1,2,0.699872612953186,0.0,0.0,False,0.1502110213041305,0.2252880632877349,0.7246325016021729,0.715451717376709,0.859375,0.87890625,/shared/ssd_30T/zhuoyingyang/physact/sam3_robowm/identity_v1/sam_masked_negative6/crops/Cosmos2.5_0057/frame_0075_rank_01.png,/shared/ssd_30T/zhuoyingyang/physact/sam3_robowm/identity_v1/sam_masked_negative6/crops/Cosmos2.5_0057/frame_0075_rank_02.png
Cosmos2.5_0057,75,1,3,0.7265111804008484,0.40977003267203344,1.0,True,0.1502110213041305,0.1881310045719146,0.7246325016021729,0.6901138424873352,0.859375,0.890625,/shared/ssd_30T/zhuoyingyang/physact/sam3_robowm/identity_v1/sam_masked_negative6/crops/Cosmos2.5_0057/frame_0075_rank_01.png,/shared/ssd_30T/zhuoyingyang/physact/sam3_robowm/identity_v1/sam_masked_negative6/crops/Cosmos2.5_0057/frame_0075_rank_03.png
Cosmos2.5_0057,75,2,3,0.5129328966140747,0.0,0.0,False,0.2252880632877349,0.1881310045719146,0.715451717376709,0.6901138424873352,0.87890625,0.890625,/shared/ssd_30T/zhuoyingyang/physact/sam3_robowm/identity_v1/sam_masked_negative6/crops/Cosmos2.5_0057/frame_0075_rank_02.png,/shared/ssd_30T/zhuoyingyang/physact/sam3_robowm/identity_v1/sam_masked_negative6/crops/Cosmos2.5_0057/frame_0075_rank_03.png
Cosmos2.5_0057,78,1,2,0.6416063904762268,0.0,0.0,False,0.1499570310115814,0.2307608425617218,0.7315496206283569,0.7207043170928955,0.8671875,0.87890625,/shared/ssd_30T/zhuoyingyang/physact/sam3_robowm/identity_v1/sam_masked_negative6/crops/Cosmos2.5_0057/frame_0078_rank_01.png,/shared/ssd_30T/zhuoyingyang/physact/sam3_robowm/identity_v1/sam_masked_negative6/crops/Cosmos2.5_0057/frame_0078_rank_02.png
Cosmos2.5_0057,78,1,3,0.7046015858650208,0.4216636465014216,1.0,True,0.1499570310115814,0.1916650533676147,0.7315496206283569,0.7118399143218994,0.8671875,0.89453125,/shared/ssd_30T/zhuoyingyang/physact/sam3_robowm/identity_v1/sam_masked_negative6/crops/Cosmos2.5_0057/frame_0078_rank_01.png,/shared/ssd_30T/zhuoyingyang/physact/sam3_robowm/identity_v1/sam_masked_negative6/crops/Cosmos2.5_0057/frame_0078_rank_03.png
Cosmos2.5_0057,78,2,3,0.49864742159843445,0.0,0.0,False,0.2307608425617218,0.1916650533676147,0.7207043170928955,0.7118399143218994,0.87890625,0.89453125,/shared/ssd_30T/zhuoyingyang/physact/sam3_robowm/identity_v1/sam_masked_negative6/crops/Cosmos2.5_0057/frame_0078_rank_02.png,/shared/ssd_30T/zhuoyingyang/physact/sam3_robowm/identity_v1/sam_masked_negative6/crops/Cosmos2.5_0057/frame_0078_rank_03.png
Cosmos2.5_0057,81,1,2,0.7235425710678101,0.40519693956705954,1.0,True,0.1450846344232559,0.1922428011894226,0.7283424139022827,0.7159461975097656,0.8671875,0.8984375,/shared/ssd_30T/zhuoyingyang/physact/sam3_robowm/identity_v1/sam_masked_negative6/crops/Cosmos2.5_0057/frame_0081_rank_01.png,/shared/ssd_30T/zhuoyingyang/physact/sam3_robowm/identity_v1/sam_masked_negative6/crops/Cosmos2.5_0057/frame_0081_rank_02.png
Cosmos2.5_0057,81,1,3,0.6513806581497192,0.0,0.0,False,0.1450846344232559,0.219111829996109,0.7283424139022827,0.7023223638534546,0.8671875,0.88671875,/shared/ssd_30T/zhuoyingyang/physact/sam3_robowm/identity_v1/sam_masked_negative6/crops/Cosmos2.5_0057/frame_0081_rank_01.png,/shared/ssd_30T/zhuoyingyang/physact/sam3_robowm/identity_v1/sam_masked_negative6/crops/Cosmos2.5_0057/frame_0081_rank_03.png
Cosmos2.5_0057,81,2,3,0.5375884175300598,0.0,0.0,False,0.1922428011894226,0.219111829996109,0.7159461975097656,0.7023223638534546,0.8984375,0.88671875,/shared/ssd_30T/zhuoyingyang/physact/sam3_robowm/identity_v1/sam_masked_negative6/crops/Cosmos2.5_0057/frame_0081_rank_02.png,/shared/ssd_30T/zhuoyingyang/physact/sam3_robowm/identity_v1/sam_masked_negative6/crops/Cosmos2.5_0057/frame_0081_rank_03.png
Cosmos2.5_0057,84,1,2,0.5337362289428711,0.0,0.0,False,0.1420640796422958,0.2201366424560547,0.7245070934295654,0.6996642351150513,0.87109375,0.88671875,/shared/ssd_30T/zhuoyingyang/physact/sam3_robowm/identity_v1/sam_masked_negative6/crops/Cosmos2.5_0057/frame_0084_rank_01.png,/shared/ssd_30T/zhuoyingyang/physact/sam3_robowm/identity_v1/sam_masked_negative6/crops/Cosmos2.5_0057/frame_0084_rank_02.png
Cosmos2.5_0057,84,1,3,0.7249984741210938,0.40515514973278743,1.0,True,0.1420640796422958,0.1802590936422348,0.7245070934295654,0.6924248933792114,0.87109375,0.89453125,/shared/ssd_30T/zhuoyingyang/physact/sam3_robowm/identity_v1/sam_masked_negative6/crops/Cosmos2.5_0057/frame_0084_rank_01.png,/shared/ssd_30T/zhuoyingyang/physact/sam3_robowm/identity_v1/sam_masked_negative6/crops/Cosmos2.5_0057/frame_0084_rank_03.png
Cosmos2.5_0057,84,2,3,0.4700871706008911,0.0,0.0,False,0.2201366424560547,0.1802590936422348,0.6996642351150513,0.6924248933792114,0.88671875,0.89453125,/shared/ssd_30T/zhuoyingyang/physact/sam3_robowm/identity_v1/sam_masked_negative6/crops/Cosmos2.5_0057/frame_0084_rank_02.png,/shared/ssd_30T/zhuoyingyang/physact/sam3_robowm/identity_v1/sam_masked_negative6/crops/Cosmos2.5_0057/frame_0084_rank_03.png
Cosmos2.5_0057,87,1,2,0.572774350643158,0.0,0.0,False,0.1646278202533722,0.1238579824566841,0.7350149154663086,0.725204348564148,0.87109375,0.8828125,/shared/ssd_30T/zhuoyingyang/physact/sam3_robowm/identity_v1/sam_masked_negative6/crops/Cosmos2.5_0057/frame_0087_rank_01.png,/shared/ssd_30T/zhuoyingyang/physact/sam3_robowm/identity_v1/sam_masked_negative6/crops/Cosmos2.5_0057/frame_0087_rank_02.png
Cosmos2.5_0057,87,1,3,0.3261316120624542,0.0,0.0,False,0.1646278202533722,0.1092437133193016,0.7350149154663086,0.6931715607643127,0.87109375,0.890625,/shared/ssd_30T/zhuoyingyang/physact/sam3_robowm/identity_v1/sam_masked_negative6/crops/Cosmos2.5_0057/frame_0087_rank_01.png,/shared/ssd_30T/zhuoyingyang/physact/sam3_robowm/identity_v1/sam_masked_negative6/crops/Cosmos2.5_0057/frame_0087_rank_03.png
Cosmos2.5_0057,87,2,3,0.5623976588249207,0.43917805589574543,1.0,True,0.1238579824566841,0.1092437133193016,0.725204348564148,0.6931715607643127,0.8828125,0.890625,/shared/ssd_30T/zhuoyingyang/physact/sam3_robowm/identity_v1/sam_masked_negative6/crops/Cosmos2.5_0057/frame_0087_rank_02.png,/shared/ssd_30T/zhuoyingyang/physact/sam3_robowm/identity_v1/sam_masked_negative6/crops/Cosmos2.5_0057/frame_0087_rank_03.png
Cosmos2.5_0057,90,1,2,0.22893871366977692,0.0,0.0,False,0.1104585826396942,0.2382927983999252,0.7370915412902832,0.609154462814331,0.8515625,0.96484375,/shared/ssd_30T/zhuoyingyang/physact/sam3_robowm/identity_v1/sam_masked_negative6/crops/Cosmos2.5_0057/frame_0090_rank_01.png,/shared/ssd_30T/zhuoyingyang/physact/sam3_robowm/identity_v1/sam_masked_negative6/crops/Cosmos2.5_0057/frame_0090_rank_02.png
Cosmos2.5_0057,90,1,3,0.17519511282444,0.0,0.0,False,0.1104585826396942,0.1175981611013412,0.7370915412902832,0.6064136028289795,0.8515625,0.90234375,/shared/ssd_30T/zhuoyingyang/physact/sam3_robowm/identity_v1/sam_masked_negative6/crops/Cosmos2.5_0057/frame_0090_rank_01.png,/shared/ssd_30T/zhuoyingyang/physact/sam3_robowm/identity_v1/sam_masked_negative6/crops/Cosmos2.5_0057/frame_0090_rank_03.png
Cosmos2.5_0057,90,2,3,0.5449300408363342,0.16960832530103334,1.0,True,0.2382927983999252,0.1175981611013412,0.609154462814331,0.6064136028289795,0.96484375,0.90234375,/shared/ssd_30T/zhuoyingyang/physact/sam3_robowm/identity_v1/sam_masked_negative6/crops/Cosmos2.5_0057/frame_0090_rank_02.png,/shared/ssd_30T/zhuoyingyang/physact/sam3_robowm/identity_v1/sam_masked_negative6/crops/Cosmos2.5_0057/frame_0090_rank_03.png
Cosmos2.5_0057,92,1,2,0.6668593287467957,0.4385327923346348,1.0,True,0.1273441463708877,0.1043232530355453,0.719893217086792,0.7011550664901733,0.89453125,0.8828125,/shared/ssd_30T/zhuoyingyang/physact/sam3_robowm/identity_v1/sam_masked_negative6/crops/Cosmos2.5_0057/frame_0092_rank_01.png,/shared/ssd_30T/zhuoyingyang/physact/sam3_robowm/identity_v1/sam_masked_negative6/crops/Cosmos2.5_0057/frame_0092_rank_02.png
Cosmos2.5_0057,92,1,3,0.1412002146244049,0.0,0.0,False,0.1273441463708877,0.1198878437280654,0.719893217086792,0.6066744327545166,0.89453125,0.89453125,/shared/ssd_30T/zhuoyingyang/physact/sam3_robowm/identity_v1/sam_masked_negative6/crops/Cosmos2.5_0057/frame_0092_rank_01.png,/shared/ssd_30T/zhuoyingyang/physact/sam3_robowm/identity_v1/sam_masked_negative6/crops/Cosmos2.5_0057/frame_0092_rank_03.png
Cosmos2.5_0057,92,2,3,0.21193021535873413,0.0,0.0,False,0.1043232530355453,0.1198878437280654,0.7011550664901733,0.6066744327545166,0.8828125,0.89453125,/shared/ssd_30T/zhuoyingyang/physact/sam3_robowm/identity_v1/sam_masked_negative6/crops/Cosmos2.5_0057/frame_0092_rank_02.png,/shared/ssd_30T/zhuoyingyang/physact/sam3_robowm/identity_v1/sam_masked_negative6/crops/Cosmos2.5_0057/frame_0092_rank_03.png
Cosmos3_seed101_0039,0,1,2,0.14936554431915283,0.0,0.0,False,0.7446960210800171,0.1213861480355262,0.9609690308570862,0.6626429557800293,0.98046875,0.95703125,/shared/ssd_30T/zhuoyingyang/physact/sam3_robowm/identity_v1/sam_masked_negative6/crops/Cosmos3_seed101_0039/frame_0000_rank_01.png,/shared/ssd_30T/zhuoyingyang/physact/sam3_robowm/identity_v1/sam_masked_negative6/crops/Cosmos3_seed101_0039/frame_0000_rank_02.png
Cosmos3_seed101_0039,0,1,3,0.20526023209095,0.0,0.0,False,0.7446960210800171,0.1285450160503387,0.9609690308570862,0.6612504720687866,0.98046875,0.96875,/shared/ssd_30T/zhuoyingyang/physact/sam3_robowm/identity_v1/sam_masked_negative6/crops/Cosmos3_seed101_0039/frame_0000_rank_01.png,/shared/ssd_30T/zhuoyingyang/physact/sam3_robowm/identity_v1/sam_masked_negative6/crops/Cosmos3_seed101_0039/frame_0000_rank_03.png
Cosmos3_seed101_0039,0,2,3,0.480840265750885,0.27412369536240283,1.0,True,0.1213861480355262,0.1285450160503387,0.6626429557800293,0.6612504720687866,0.95703125,0.96875,/shared/ssd_30T/zhuoyingyang/physact/sam3_robowm/identity_v1/sam_masked_negative6/crops/Cosmos3_seed101_0039/frame_0000_rank_02.png,/shared/ssd_30T/zhuoyingyang/physact/sam3_robowm/identity_v1/sam_masked_negative6/crops/Cosmos3_seed101_0039/frame_0000_rank_03.png
Cosmos3_seed101_0039,3,1,2,0.23491817712783813,0.0,0.0,False,0.7401434779167175,0.1386317461729049,0.9476197957992554,0.6695661544799805,0.9765625,0.96875,/shared/ssd_30T/zhuoyingyang/physact/sam3_robowm/identity_v1/sam_masked_negative6/crops/Cosmos3_seed101_0039/frame_0003_rank_01.png,/shared/ssd_30T/zhuoyingyang/physact/sam3_robowm/identity_v1/sam_masked_negative6/crops/Cosmos3_seed101_0039/frame_0003_rank_02.png
Cosmos3_seed101_0039,3,1,3,0.19641999900341034,0.0,0.0,False,0.7401434779167175,0.1137992888689041,0.9476197957992554,0.6659228801727295,0.9765625,0.95703125,/shared/ssd_30T/zhuoyingyang/physact/sam3_robowm/identity_v1/sam_masked_negative6/crops/Cosmos3_seed101_0039/frame_0003_rank_01.png,/shared/ssd_30T/zhuoyingyang/physact/sam3_robowm/identity_v1/sam_masked_negative6/crops/Cosmos3_seed101_0039/frame_0003_rank_03.png
Cosmos3_seed101_0039,3,2,3,0.46851426362991333,0.2684423180362328,1.0,True,0.1386317461729049,0.1137992888689041,0.6695661544799805,0.6659228801727295,0.96875,0.95703125,/shared/ssd_30T/zhuoyingyang/physact/sam3_robowm/identity_v1/sam_masked_negative6/crops/Cosmos3_seed101_0039/frame_0003_rank_02.png,/shared/ssd_30T/zhuoyingyang/physact/sam3_robowm/identity_v1/sam_masked_negative6/crops/Cosmos3_seed101_0039/frame_0003_rank_03.png
Cosmos3_seed101_0039,6,1,2,0.2678459882736206,0.0,0.0,False,0.7506785988807678,0.1217140778899192,0.9471084475517272,0.6648993492126465,0.9765625,0.96875,/shared/ssd_30T/zhuoyingyang/physact/sam3_robowm/identity_v1/sam_masked_negative6/crops/Cosmos3_seed101_0039/frame_0006_rank_01.png,/shared/ssd_30T/zhuoyingyang/physact/sam3_robowm/identity_v1/sam_masked_negative6/crops/Cosmos3_seed101_0039/frame_0006_rank_02.png
Cosmos3_seed101_0039,6,1,3,0.18605147302150726,0.02906574302656828,1.0,True,0.7506785988807678,0.1383332014083862,0.9471084475517272,0.662163496017456,0.9765625,0.9921875,/shared/ssd_30T/zhuoyingyang/physact/sam3_robowm/identity_v1/sam_masked_negative6/crops/Cosmos3_seed101_0039/frame_0006_rank_01.png,/shared/ssd_30T/zhuoyingyang/physact/sam3_robowm/identity_v1/sam_masked_negative6/crops/Cosmos3_seed101_0039/frame_0006_rank_03.png
Cosmos3_seed101_0039,6,2,3,0.1297311633825302,0.0,0.0,False,0.1217140778899192,0.1383332014083862,0.6648993492126465,0.662163496017456,0.96875,0.9921875,/shared/ssd_30T/zhuoyingyang/physact/sam3_robowm/identity_v1/sam_masked_negative6/crops/Cosmos3_seed101_0039/frame_0006_rank_02.png,/shared/ssd_30T/zhuoyingyang/physact/sam3_robowm/identity_v1/sam_masked_negative6/crops/Cosmos3_seed101_0039/frame_0006_rank_03.png
Cosmos3_seed101_0039,9,1,2,0.2882987856864929,0.0,0.0,False,0.7365555167198181,0.1384929120540619,0.945354700088501,0.672179102897644,0.9765625,0.96875,/shared/ssd_30T/zhuoyingyang/physact/sam3_robowm/identity_v1/sam_masked_negative6/crops/Cosmos3_seed101_0039/frame_0009_rank_01.png,/shared/ssd_30T/zhuoyingyang/physact/sam3_robowm/identity_v1/sam_masked_negative6/crops/Cosmos3_seed101_0039/frame_0009_rank_02.png
Cosmos3_seed101_0039,9,1,3,0.21045251190662384,0.0,0.0,False,0.7365555167198181,0.1307090073823928,0.945354700088501,0.6711232662200928,0.9765625,0.953125,/shared/ssd_30T/zhuoyingyang/physact/sam3_robowm/identity_v1/sam_masked_negative6/crops/Cosmos3_seed101_0039/frame_0009_rank_01.png,/shared/ssd_30T/zhuoyingyang/physact/sam3_robowm/identity_v1/sam_masked_negative6/crops/Cosmos3_seed101_0039/frame_0009_rank_03.png
Cosmos3_seed101_0039,9,2,3,0.42276400327682495,0.2808057633999641,1.0,True,0.1384929120540619,0.1307090073823928,0.672179102897644,0.6711232662200928,0.96875,0.953125,/shared/ssd_30T/zhuoyingyang/physact/sam3_robowm/identity_v1/sam_masked_negative6/crops/Cosmos3_seed101_0039/frame_0009_rank_02.png,/shared/ssd_30T/zhuoyingyang/physact/sam3_robowm/identity_v1/sam_masked_negative6/crops/Cosmos3_seed101_0039/frame_0009_rank_03.png
Cosmos3_seed101_0039,12,1,2,0.20318858325481415,0.029520518649136657,1.0,True,0.7425635457038879,0.1479481011629104,0.9374537467956544,0.6668156981468201,0.9765625,0.98828125,/shared/ssd_30T/zhuoyingyang/physact/sam3_robowm/identity_v1/sam_masked_negative6/crops/Cosmos3_seed101_0039/frame_0012_rank_01.png,/shared/ssd_30T/zhuoyingyang/physact/sam3_robowm/identity_v1/sam_masked_negative6/crops/Cosmos3_seed101_0039/frame_0012_rank_02.png
Cosmos3_seed101_0039,12,1,3,0.2783217430114746,0.0,0.0,False,0.7425635457038879,0.1210021153092384,0.9374537467956544,0.6660782098770142,0.9765625,0.96875,/shared/ssd_30T/zhuoyingyang/physact/sam3_robowm/identity_v1/sam_masked_negative6/crops/Cosmos3_seed101_0039/frame_0012_rank_01.png,/shared/ssd_30T/zhuoyingyang/physact/sam3_robowm/identity_v1/sam_masked_negative6/crops/Cosmos3_seed101_0039/frame_0012_rank_03.png
Cosmos3_seed101_0039,12,2,3,0.12398340553045273,0.0,0.0,False,0.1479481011629104,0.1210021153092384,0.6668156981468201,0.6660782098770142,0.98828125,0.96875,/shared/ssd_30T/zhuoyingyang/physact/sam3_robowm/identity_v1/sam_masked_negative6/crops/Cosmos3_seed101_0039/frame_0012_rank_02.png,/shared/ssd_30T/zhuoyingyang/physact/sam3_robowm/identity_v1/sam_masked_negative6/crops/Cosmos3_seed101_0039/frame_0012_rank_03.png
Cosmos3_seed101_0039,15,1,2,0.25126025080680847,0.0,0.0,False,0.7293368577957153,0.1349352449178695,0.922791302204132,0.6742103695869446,0.97265625,0.96875,/shared/ssd_30T/zhuoyingyang/physact/sam3_robowm/identity_v1/sam_masked_negative6/crops/Cosmos3_seed101_0039/frame_0015_rank_01.png,/shared/ssd_30T/zhuoyingyang/physact/sam3_robowm/identity_v1/sam_masked_negative6/crops/Cosmos3_seed101_0039/frame_0015_rank_02.png
Cosmos3_seed101_0039,15,1,3,0.23412440717220306,0.0,0.0,False,0.7293368577957153,0.1229741051793098,0.922791302204132,0.6722241640090942,0.97265625,0.953125,/shared/ssd_30T/zhuoyingyang/physact/sam3_robowm/identity_v1/sam_masked_negative6/crops/Cosmos3_seed101_0039/frame_0015_rank_01.png,/shared/ssd_30T/zhuoyingyang/physact/sam3_robowm/identity_v1/sam_masked_negative6/crops/Cosmos3_seed101_0039/frame_0015_rank_03.png
Cosmos3_seed101_0039,15,2,3,0.41245007514953613,0.27847101971647825,1.0,True,0.1349352449178695,0.1229741051793098,0.6742103695869446,0.6722241640090942,0.96875,0.953125,/shared/ssd_30T/zhuoyingyang/physact/sam3_robowm/identity_v1/sam_masked_negative6/crops/Cosmos3_seed101_0039/frame_0015_rank_02.png,/shared/ssd_30T/zhuoyingyang/physact/sam3_robowm/identity_v1/sam_masked_negative6/crops/Cosmos3_seed101_0039/frame_0015_rank_03.png
Cosmos3_seed101_0039,18,1,2,0.2617623805999756,0.0,0.0,False,0.7532256841659546,0.1279921233654022,0.9446945190429688,0.6794406175613403,0.9765625,0.96875,/shared/ssd_30T/zhuoyingyang/physact/sam3_robowm/identity_v1/sam_masked_negative6/crops/Cosmos3_seed101_0039/frame_0018_rank_01.png,/shared/ssd_30T/zhuoyingyang/physact/sam3_robowm/identity_v1/sam_masked_negative6/crops/Cosmos3_seed101_0039/frame_0018_rank_02.png
Cosmos3_seed101_0039,18,1,3,0.18584582209587097,0.028599535483221045,1.0,True,0.7532256841659546,0.1445394307374954,0.9446945190429688,0.6661372184753418,0.9765625,0.98828125,/shared/ssd_30T/zhuoyingyang/physact/sam3_robowm/identity_v1/sam_masked_negative6/crops/Cosmos3_seed101_0039/frame_0018_rank_01.png,/shared/ssd_30T/zhuoyingyang/physact/sam3_robowm/identity_v1/sam_masked_negative6/crops/Cosmos3_seed101_0039/frame_0018_rank_03.png
Cosmos3_seed101_0039,18,2,3,0.1449771672487259,0.0,0.0,False,0.1279921233654022,0.1445394307374954,0.6794406175613403,0.6661372184753418,0.96875,0.98828125,/shared/ssd_30T/zhuoyingyang/physact/sam3_robowm/identity_v1/sam_masked_negative6/crops/Cosmos3_seed101_0039/frame_0018_rank_02.png,/shared/ssd_30T/zhuoyingyang/physact/sam3_robowm/identity_v1/sam_masked_negative6/crops/Cosmos3_seed101_0039/frame_0018_rank_03.png
Cosmos3_seed101_0039,21,1,2,0.17709381878376007,0.02842745720269207,1.0,True,0.7500150799751282,0.1370316594839096,0.93212229013443,0.6663336753845215,0.9765625,0.98828125,/shared/ssd_30T/zhuoyingyang/physact/sam3_robowm/identity_v1/sam_masked_negative6/crops/Cosmos3_seed101_0039/frame_0021_rank_01.png,/shared/ssd_30T/zhuoyingyang/physact/sam3_robowm/identity_v1/sam_masked_negative6/crops/Cosmos3_seed101_0039/frame_0021_rank_02.png
Cosmos3_seed101_0039,21,1,3,0.2575884759426117,0.0,0.0,False,0.7500150799751282,0.1287379264831543,0.93212229013443,0.6581765413284302,0.9765625,0.96875,/shared/ssd_30T/zhuoyingyang/physact/sam3_robowm/identity_v1/sam_masked_negative6/crops/Cosmos3_seed101_0039/frame_0021_rank_01.png,/shared/ssd_30T/zhuoyingyang/physact/sam3_robowm/identity_v1/sam_masked_negative6/crops/Cosmos3_seed101_0039/frame_0021_rank_03.png
Cosmos3_seed101_0039,21,2,3,0.13345962762832642,0.0,0.0,False,0.1370316594839096,0.1287379264831543,0.6663336753845215,0.6581765413284302,0.98828125,0.96875,/shared/ssd_30T/zhuoyingyang/physact/sam3_robowm/identity_v1/sam_masked_negative6/crops/Cosmos3_seed101_0039/frame_0021_rank_02.png,/shared/ssd_30T/zhuoyingyang/physact/sam3_robowm/identity_v1/sam_masked_negative6/crops/Cosmos3_seed101_0039/frame_0021_rank_03.png
Cosmos3_seed101_0039,24,1,2,0.2516272962093353,0.0,0.0,False,0.7447381615638733,0.1290929317474365,0.9464925527572632,0.6855177879333496,0.9765625,0.96875,/shared/ssd_30T/zhuoyingyang/physact/sam3_robowm/identity_v1/sam_masked_negative6/crops/Cosmos3_seed101_0039/frame_0024_rank_01.png,/shared/ssd_30T/zhuoyingyang/physact/sam3_robowm/identity_v1/sam_masked_negative6/crops/Cosmos3_seed101_0039/frame_0024_rank_02.png
Cosmos3_seed101_0039,24,1,3,0.17849649488925934,0.028567500915347866,1.0,True,0.7447381615638733,0.1454639136791229,0.9464925527572632,0.6652735471725464,0.9765625,0.98828125,/shared/ssd_30T/zhuoyingyang/physact/sam3_robowm/identity_v1/sam_masked_negative6/crops/Cosmos3_seed101_0039/frame_0024_rank_01.png,/shared/ssd_30T/zhuoyingyang/physact/sam3_robowm/identity_v1/sam_masked_negative6/crops/Cosmos3_seed101_0039/frame_0024_rank_03.png
Cosmos3_seed101_0039,24,2,3,0.15322931110858917,0.0,0.0,False,0.1290929317474365,0.1454639136791229,0.6855177879333496,0.6652735471725464,0.96875,0.98828125,/shared/ssd_30T/zhuoyingyang/physact/sam3_robowm/identity_v1/sam_masked_negative6/crops/Cosmos3_seed101_0039/frame_0024_rank_02.png,/shared/ssd_30T/zhuoyingyang/physact/sam3_robowm/identity_v1/sam_masked_negative6/crops/Cosmos3_seed101_0039/frame_0024_rank_03.png
Cosmos3_seed101_0039,27,1,2,0.21580253541469574,0.0,0.0,False,0.7480697631835938,0.1231264919042587,0.895391583442688,0.677316427230835,0.9765625,0.96484375,/shared/ssd_30T/zhuoyingyang/physact/sam3_robowm/identity_v1/sam_masked_negative6/crops/Cosmos3_seed101_0039/frame_0027_rank_01.png,/shared/ssd_30T/zhuoyingyang/physact/sam3_robowm/identity_v1/sam_masked_negative6/crops/Cosmos3_seed101_0039/frame_0027_rank_02.png
Cosmos3_seed101_0039,27,1,3,0.1655476838350296,0.02880962219549694,1.0,True,0.7480697631835938,0.1485243290662765,0.895391583442688,0.6521373987197876,0.9765625,0.98828125,/shared/ssd_30T/zhuoyingyang/physact/sam3_robowm/identity_v1/sam_masked_negative6/crops/Cosmos3_seed101_0039/frame_0027_rank_01.png,/shared/ssd_30T/zhuoyingyang/physact/sam3_robowm/identity_v1/sam_masked_negative6/crops/Cosmos3_seed101_0039/frame_0027_rank_03.png
Cosmos3_seed101_0039,27,2,3,0.12060398608446121,0.0,0.0,False,0.1231264919042587,0.1485243290662765,0.677316427230835,0.6521373987197876,0.96484375,0.98828125,/shared/ssd_30T/zhuoyingyang/physact/sam3_robowm/identity_v1/sam_masked_negative6/crops/Cosmos3_seed101_0039/frame_0027_rank_02.png,/shared/ssd_30T/zhuoyingyang/physact/sam3_robowm/identity_v1/sam_masked_negative6/crops/Cosmos3_seed101_0039/frame_0027_rank_03.png
Cosmos3_seed101_0039,30,1,2,0.27852317690849304,0.0,0.0,False,0.7436632513999939,0.107460431754589,0.9271100759506226,0.6877841949462891,0.9765625,0.95703125,/shared/ssd_30T/zhuoyingyang/physact/sam3_robowm/identity_v1/sam_masked_negative6/crops/Cosmos3_seed101_0039/frame_0030_rank_01.png,/shared/ssd_30T/zhuoyingyang/physact/sam3_robowm/identity_v1/sam_masked_negative6/crops/Cosmos3_seed101_0039/frame_0030_rank_02.png
Cosmos3_seed101_0039,30,1,3,0.17360399663448334,0.028816871461191825,1.0,True,0.7436632513999939,0.1532364636659622,0.9271100759506226,0.6738176345825195,0.9765625,0.984375,/shared/ssd_30T/zhuoyingyang/physact/sam3_robowm/identity_v1/sam_masked_negative6/crops/Cosmos3_seed101_0039/frame_0030_rank_01.png,/shared/ssd_30T/zhuoyingyang/physact/sam3_robowm/identity_v1/sam_masked_negative6/crops/Cosmos3_seed101_0039/frame_0030_rank_03.png
Cosmos3_seed101_0039,30,2,3,0.13510878384113312,0.0,0.0,False,0.107460431754589,0.1532364636659622,0.6877841949462891,0.6738176345825195,0.95703125,0.984375,/shared/ssd_30T/zhuoyingyang/physact/sam3_robowm/identity_v1/sam_masked_negative6/crops/Cosmos3_seed101_0039/frame_0030_rank_02.png,/shared/ssd_30T/zhuoyingyang/physact/sam3_robowm/identity_v1/sam_masked_negative6/crops/Cosmos3_seed101_0039/frame_0030_rank_03.png
Cosmos3_seed101_0039,33,1,2,0.2812086343765259,0.0,0.0,False,0.7511029839515686,0.1069526746869087,0.9117189049720764,0.6703853607177734,0.9765625,0.95703125,/shared/ssd_30T/zhuoyingyang/physact/sam3_robowm/identity_v1/sam_masked_negative6/crops/Cosmos3_seed101_0039/frame_0033_rank_01.png,/shared/ssd_30T/zhuoyingyang/physact/sam3_robowm/identity_v1/sam_masked_negative6/crops/Cosmos3_seed101_0039/frame_0033_rank_02.png
Cosmos3_seed101_0039,33,1,3,0.18582722544670105,0.0,0.0,False,0.7511029839515686,0.1476062834262848,0.9117189049720764,0.6560239791870117,0.9765625,0.94921875,/shared/ssd_30T/zhuoyingyang/physact/sam3_robowm/identity_v1/sam_masked_negative6/crops/Cosmos3_seed101_0039/frame_0033_rank_01.png,/shared/ssd_30T/zhuoyingyang/physact/sam3_robowm/identity_v1/sam_masked_negative6/crops/Cosmos3_seed101_0039/frame_0033_rank_03.png
Cosmos3_seed101_0039,33,2,3,0.37969011068344116,0.3222705097732841,1.0,True,0.1069526746869087,0.1476062834262848,0.6703853607177734,0.6560239791870117,0.95703125,0.94921875,/shared/ssd_30T/zhuoyingyang/physact/sam3_robowm/identity_v1/sam_masked_negative6/crops/Cosmos3_seed101_0039/frame_0033_rank_02.png,/shared/ssd_30T/zhuoyingyang/physact/sam3_robowm/identity_v1/sam_masked_negative6/crops/Cosmos3_seed101_0039/frame_0033_rank_03.png
Cosmos3_seed101_0039,36,1,2,0.26855525374412537,0.0,0.0,False,0.7307388186454773,0.1039985790848732,0.9002838730812073,0.6740680932998657,0.9765625,0.92578125,/shared/ssd_30T/zhuoyingyang/physact/sam3_robowm/identity_v1/sam_masked_negative6/crops/Cosmos3_seed101_0039/frame_0036_rank_01.png,/shared/ssd_30T/zhuoyingyang/physact/sam3_robowm/identity_v1/sam_masked_negative6/crops/Cosmos3_seed101_0039/frame_0036_rank_02.png
Cosmos3_seed101_0039,36,1,3,0.26268595457077026,0.0,0.0,False,0.7307388186454773,0.1289178431034088,0.9002838730812073,0.6613174676895142,0.9765625,0.9609375,/shared/ssd_30T/zhuoyingyang/physact/sam3_robowm/identity_v1/sam_masked_negative6/crops/Cosmos3_seed101_0039/frame_0036_rank_01.png,/shared/ssd_30T/zhuoyingyang/physact/sam3_robowm/identity_v1/sam_masked_negative6/crops/Cosmos3_seed101_0039/frame_0036_rank_03.png
Cosmos3_seed101_0039,36,2,3,0.29651838541030884,0.0,0.0,False,0.1039985790848732,0.1289178431034088,0.6740680932998657,0.6613174676895142,0.92578125,0.9609375,/shared/ssd_30T/zhuoyingyang/physact/sam3_robowm/identity_v1/sam_masked_negative6/crops/Cosmos3_seed101_0039/frame_0036_rank_02.png,/shared/ssd_30T/zhuoyingyang/physact/sam3_robowm/identity_v1/sam_masked_negative6/crops/Cosmos3_seed101_0039/frame_0036_rank_03.png
Cosmos3_seed101_0039,39,1,2,0.3078276813030243,0.0,0.0,False,0.7331396341323853,0.1365358531475067,0.9101951122283936,0.6583924293518066,0.9765625,0.9609375,/shared/ssd_30T/zhuoyingyang/physact/sam3_robowm/identity_v1/sam_masked_negative6/crops/Cosmos3_seed101_0039/frame_0039_rank_01.png,/shared/ssd_30T/zhuoyingyang/physact/sam3_robowm/identity_v1/sam_masked_negative6/crops/Cosmos3_seed101_0039/frame_0039_rank_02.png
Cosmos3_seed101_0039,39,1,3,0.21746894717216492,0.028682031976486246,1.0,True,0.7331396341323853,0.14238902926445,0.9101951122283936,0.6467263102531433,0.9765625,0.97265625,/shared/ssd_30T/zhuoyingyang/physact/sam3_robowm/identity_v1/sam_masked_negative6/crops/Cosmos3_seed101_0039/frame_0039_rank_01.png,/shared/ssd_30T/zhuoyingyang/physact/sam3_robowm/identity_v1/sam_masked_negative6/crops/Cosmos3_seed101_0039/frame_0039_rank_03.png
Cosmos3_seed101_0039,39,2,3,0.1475515216588974,0.0,0.0,False,0.1365358531475067,0.14238902926445,0.6583924293518066,0.6467263102531433,0.9609375,0.97265625,/shared/ssd_30T/zhuoyingyang/physact/sam3_robowm/identity_v1/sam_masked_negative6/crops/Cosmos3_seed101_0039/frame_0039_rank_02.png,/shared/ssd_30T/zhuoyingyang/physact/sam3_robowm/identity_v1/sam_masked_negative6/crops/Cosmos3_seed101_0039/frame_0039_rank_03.png
Cosmos3_seed101_0039,42,1,2,0.2859216034412384,0.0,0.0,False,0.7307034134864807,0.1298935562372207,0.901849329471588,0.675024151802063,0.9765625,0.9609375,/shared/ssd_30T/zhuoyingyang/physact/sam3_robowm/identity_v1/sam_masked_negative6/crops/Cosmos3_seed101_0039/frame_0042_rank_01.png,/shared/ssd_30T/zhuoyingyang/physact/sam3_robowm/identity_v1/sam_masked_negative6/crops/Cosmos3_seed101_0039/frame_0042_rank_02.png
Cosmos3_seed101_0039,42,1,3,0.31216639280319214,0.0,0.0,False,0.7307034134864807,0.1510363817214965,0.901849329471588,0.6407605409622192,0.9765625,0.921875,/shared/ssd_30T/zhuoyingyang/physact/sam3_robowm/identity_v1/sam_masked_negative6/crops/Cosmos3_seed101_0039/frame_0042_rank_01.png,/shared/ssd_30T/zhuoyingyang/physact/sam3_robowm/identity_v1/sam_masked_negative6/crops/Cosmos3_seed101_0039/frame_0042_rank_03.png
Cosmos3_seed101_0039,42,2,3,0.3420473635196686,0.019056628095427335,0.08831017664565055,False,0.1298935562372207,0.1510363817214965,0.675024151802063,0.6407605409622192,0.9609375,0.921875,/shared/ssd_30T/zhuoyingyang/physact/sam3_robowm/identity_v1/sam_masked_negative6/crops/Cosmos3_seed101_0039/frame_0042_rank_02.png,/shared/ssd_30T/zhuoyingyang/physact/sam3_robowm/identity_v1/sam_masked_negative6/crops/Cosmos3_seed101_0039/frame_0042_rank_03.png
Cosmos3_seed101_0039,45,1,2,0.2550356686115265,0.0,0.0,False,0.7342122793197632,0.1378004550933838,0.9059842228889464,0.6858611106872559,0.9765625,0.9609375,/shared/ssd_30T/zhuoyingyang/physact/sam3_robowm/identity_v1/sam_masked_negative6/crops/Cosmos3_seed101_0039/frame_0045_rank_01.png,/shared/ssd_30T/zhuoyingyang/physact/sam3_robowm/identity_v1/sam_masked_negative6/crops/Cosmos3_seed101_0039/frame_0045_rank_02.png
Cosmos3_seed101_0039,45,1,3,0.1841600239276886,0.028204257249872123,1.0,True,0.7342122793197632,0.1318820714950561,0.9059842228889464,0.6350984573364258,0.9765625,0.97265625,/shared/ssd_30T/zhuoyingyang/physact/sam3_robowm/identity_v1/sam_masked_negative6/crops/Cosmos3_seed101_0039/frame_0045_rank_01.png,/shared/ssd_30T/zhuoyingyang/physact/sam3_robowm/identity_v1/sam_masked_negative6/crops/Cosmos3_seed101_0039/frame_0045_rank_03.png
Cosmos3_seed101_0039,45,2,3,0.15792714059352875,0.0,0.0,False,0.1378004550933838,0.1318820714950561,0.6858611106872559,0.6350984573364258,0.9609375,0.97265625,/shared/ssd_30T/zhuoyingyang/physact/sam3_robowm/identity_v1/sam_masked_negative6/crops/Cosmos3_seed101_0039/frame_0045_rank_02.png,/shared/ssd_30T/zhuoyingyang/physact/sam3_robowm/identity_v1/sam_masked_negative6/crops/Cosmos3_seed101_0039/frame_0045_rank_03.png
Cosmos3_seed101_0039,48,1,2,0.26976367831230164,0.0,0.0,False,0.7444495558738708,0.1672107428312301,0.9156721234321594,0.6775023937225342,0.9765625,0.9609375,/shared/ssd_30T/zhuoyingyang/physact/sam3_robowm/identity_v1/sam_masked_negative6/crops/Cosmos3_seed101_0039/frame_0048_rank_01.png,/shared/ssd_30T/zhuoyingyang/physact/sam3_robowm/identity_v1/sam_masked_negative6/crops/Cosmos3_seed101_0039/frame_0048_rank_02.png
Cosmos3_seed101_0039,48,1,3,0.2107628434896469,0.0,0.0,False,0.7444495558738708,0.1059335172176361,0.9156721234321594,0.6622801423072815,0.9765625,0.93359375,/shared/ssd_30T/zhuoyingyang/physact/sam3_robowm/identity_v1/sam_masked_negative6/crops/Cosmos3_seed101_0039/frame_0048_rank_01.png,/shared/ssd_30T/zhuoyingyang/physact/sam3_robowm/identity_v1/sam_masked_negative6/crops/Cosmos3_seed101_0039/frame_0048_rank_03.png
Cosmos3_seed101_0039,48,2,3,0.2164766937494278,0.0,0.0,False,0.1672107428312301,0.1059335172176361,0.6775023937225342,0.6622801423072815,0.9609375,0.93359375,/shared/ssd_30T/zhuoyingyang/physact/sam3_robowm/identity_v1/sam_masked_negative6/crops/Cosmos3_seed101_0039/frame_0048_rank_02.png,/shared/ssd_30T/zhuoyingyang/physact/sam3_robowm/identity_v1/sam_masked_negative6/crops/Cosmos3_seed101_0039/frame_0048_rank_03.png
Cosmos3_seed101_0039,51,1,2,0.267951637506485,0.0,0.0,False,0.741654634475708,0.1386772841215133,0.893876314163208,0.6914952993392944,0.97265625,0.96484375,/shared/ssd_30T/zhuoyingyang/physact/sam3_robowm/identity_v1/sam_masked_negative6/crops/Cosmos3_seed101_0039/frame_0051_rank_01.png,/shared/ssd_30T/zhuoyingyang/physact/sam3_robowm/identity_v1/sam_masked_negative6/crops/Cosmos3_seed101_0039/frame_0051_rank_02.png
Cosmos3_seed101_0039,51,1,3,0.3108507990837097,0.0,0.0,False,0.741654634475708,0.1021363586187362,0.893876314163208,0.6596770286560059,0.97265625,0.9296875,/shared/ssd_30T/zhuoyingyang/physact/sam3_robowm/identity_v1/sam_masked_negative6/crops/Cosmos3_seed101_0039/frame_0051_rank_01.png,/shared/ssd_30T/zhuoyingyang/physact/sam3_robowm/identity_v1/sam_masked_negative6/crops/Cosmos3_seed101_0039/frame_0051_rank_03.png
Cosmos3_seed101_0039,51,2,3,0.33211299777030945,0.0,0.0,False,0.1386772841215133,0.1021363586187362,0.6914952993392944,0.6596770286560059,0.96484375,0.9296875,/shared/ssd_30T/zhuoyingyang/physact/sam3_robowm/identity_v1/sam_masked_negative6/crops/Cosmos3_seed101_0039/frame_0051_rank_02.png,/shared/ssd_30T/zhuoyingyang/physact/sam3_robowm/identity_v1/sam_masked_negative6/crops/Cosmos3_seed101_0039/frame_0051_rank_03.png
Cosmos3_seed101_0039,54,1,2,0.2548797130584717,0.0,0.0,False,0.7317063808441162,0.1689972579479217,0.8865703344345093,0.6838365793228149,0.97265625,0.9609375,/shared/ssd_30T/zhuoyingyang/physact/sam3_robowm/identity_v1/sam_masked_negative6/crops/Cosmos3_seed101_0039/frame_0054_rank_01.png,/shared/ssd_30T/zhuoyingyang/physact/sam3_robowm/identity_v1/sam_masked_negative6/crops/Cosmos3_seed101_0039/frame_0054_rank_02.png
Cosmos3_seed101_0039,54,1,3,0.2595265209674835,0.0,0.0,False,0.7317063808441162,0.1177912950515747,0.8865703344345093,0.6617898941040039,0.97265625,0.92578125,/shared/ssd_30T/zhuoyingyang/physact/sam3_robowm/identity_v1/sam_masked_negative6/crops/Cosmos3_seed101_0039/frame_0054_rank_01.png,/shared/ssd_30T/zhuoyingyang/physact/sam3_robowm/identity_v1/sam_masked_negative6/crops/Cosmos3_seed101_0039/frame_0054_rank_03.png
Cosmos3_seed101_0039,54,2,3,0.3404901623725891,0.0,0.0,False,0.1689972579479217,0.1177912950515747,0.6838365793228149,0.6617898941040039,0.9609375,0.92578125,/shared/ssd_30T/zhuoyingyang/physact/sam3_robowm/identity_v1/sam_masked_negative6/crops/Cosmos3_seed101_0039/frame_0054_rank_02.png,/shared/ssd_30T/zhuoyingyang/physact/sam3_robowm/identity_v1/sam_masked_negative6/crops/Cosmos3_seed101_0039/frame_0054_rank_03.png
Cosmos3_seed101_0039,57,1,2,0.24296815693378448,0.0,0.0,False,0.739791989326477,0.142749473452568,0.8897572159767151,0.6756218671798706,0.9765625,0.96484375,/shared/ssd_30T/zhuoyingyang/physact/sam3_robowm/identity_v1/sam_masked_negative6/crops/Cosmos3_seed101_0039/frame_0057_rank_01.png,/shared/ssd_30T/zhuoyingyang/physact/sam3_robowm/identity_v1/sam_masked_negative6/crops/Cosmos3_seed101_0039/frame_0057_rank_02.png
Cosmos3_seed101_0039,57,1,3,0.2297958880662918,0.0,0.0,False,0.739791989326477,0.121930330991745,0.8897572159767151,0.6696100234985352,0.9765625,0.9296875,/shared/ssd_30T/zhuoyingyang/physact/sam3_robowm/identity_v1/sam_masked_negative6/crops/Cosmos3_seed101_0039/frame_0057_rank_01.png,/shared/ssd_30T/zhuoyingyang/physact/sam3_robowm/identity_v1/sam_masked_negative6/crops/Cosmos3_seed101_0039/frame_0057_rank_03.png
Cosmos3_seed101_0039,57,2,3,0.28692588210105896,0.0,0.0,False,0.142749473452568,0.121930330991745,0.6756218671798706,0.6696100234985352,0.96484375,0.9296875,/shared/ssd_30T/zhuoyingyang/physact/sam3_robowm/identity_v1/sam_masked_negative6/crops/Cosmos3_seed101_0039/frame_0057_rank_02.png,/shared/ssd_30T/zhuoyingyang/physact/sam3_robowm/identity_v1/sam_masked_negative6/crops/Cosmos3_seed101_0039/frame_0057_rank_03.png
Cosmos3_seed101_0039,60,1,2,0.24041955173015594,0.0,0.0,False,0.7365817427635193,0.1093344166874885,0.9148848056793212,0.6780034303665161,0.97265625,0.9296875,/shared/ssd_30T/zhuoyingyang/physact/sam3_robowm/identity_v1/sam_masked_negative6/crops/Cosmos3_seed101_0039/frame_0060_rank_01.png,/shared/ssd_30T/zhuoyingyang/physact/sam3_robowm/identity_v1/sam_masked_negative6/crops/Cosmos3_seed101_0039/frame_0060_rank_02.png
Cosmos3_seed101_0039,60,1,3,0.21155548095703125,0.0,0.0,False,0.7365817427635193,0.1524323225021362,0.9148848056793212,0.675285816192627,0.97265625,0.96484375,/shared/ssd_30T/zhuoyingyang/physact/sam3_robowm/identity_v1/sam_masked_negative6/crops/Cosmos3_seed101_0039/frame_0060_rank_01.png,/shared/ssd_30T/zhuoyingyang/physact/sam3_robowm/identity_v1/sam_masked_negative6/crops/Cosmos3_seed101_0039/frame_0060_rank_03.png
Cosmos3_seed101_0039,60,2,3,0.3367559015750885,0.0,0.0,False,0.1093344166874885,0.1524323225021362,0.6780034303665161,0.675285816192627,0.9296875,0.96484375,/shared/ssd_30T/zhuoyingyang/physact/sam3_robowm/identity_v1/sam_masked_negative6/crops/Cosmos3_seed101_0039/frame_0060_rank_02.png,/shared/ssd_30T/zhuoyingyang/physact/sam3_robowm/identity_v1/sam_masked_negative6/crops/Cosmos3_seed101_0039/frame_0060_rank_03.png
Cosmos3_seed101_0039,63,1,2,0.24316199123859406,0.0,0.0,False,0.7538808584213257,0.1305550336837768,0.908444344997406,0.6649284362792969,0.97265625,0.96484375,/shared/ssd_30T/zhuoyingyang/physact/sam3_robowm/identity_v1/sam_masked_negative6/crops/Cosmos3_seed101_0039/frame_0063_rank_01.png,/shared/ssd_30T/zhuoyingyang/physact/sam3_robowm/identity_v1/sam_masked_negative6/crops/Cosmos3_seed101_0039/frame_0063_rank_02.png
Cosmos3_seed101_0039,63,1,3,0.26660454273223877,0.0,0.0,False,0.7538808584213257,0.1075246855616569,0.908444344997406,0.6312826871871948,0.97265625,0.92578125,/shared/ssd_30T/zhuoyingyang/physact/sam3_robowm/identity_v1/sam_masked_negative6/crops/Cosmos3_seed101_0039/frame_0063_rank_01.png,/shared/ssd_30T/zhuoyingyang/physact/sam3_robowm/identity_v1/sam_masked_negative6/crops/Cosmos3_seed101_0039/frame_0063_rank_03.png
Cosmos3_seed101_0039,63,2,3,0.3508031368255615,0.02418783540189096,0.09939801004891213,False,0.1305550336837768,0.1075246855616569,0.6649284362792969,0.6312826871871948,0.96484375,0.92578125,/shared/ssd_30T/zhuoyingyang/physact/sam3_robowm/identity_v1/sam_masked_negative6/crops/Cosmos3_seed101_0039/frame_0063_rank_02.png,/shared/ssd_30T/zhuoyingyang/physact/sam3_robowm/identity_v1/sam_masked_negative6/crops/Cosmos3_seed101_0039/frame_0063_rank_03.png
Cosmos3_seed101_0039,66,1,2,0.21555249392986298,0.0,0.0,False,0.7467746138572693,0.1380659937858581,0.892606258392334,0.6687865257263184,0.97265625,0.9609375,/shared/ssd_30T/zhuoyingyang/physact/sam3_robowm/identity_v1/sam_masked_negative6/crops/Cosmos3_seed101_0039/frame_0066_rank_01.png,/shared/ssd_30T/zhuoyingyang/physact/sam3_robowm/identity_v1/sam_masked_negative6/crops/Cosmos3_seed101_0039/frame_0066_rank_02.png
Cosmos3_seed101_0039,66,1,3,0.18290844559669495,0.029775473068543803,1.0,True,0.7467746138572693,0.1112589016556739,0.892606258392334,0.6271501779556274,0.97265625,0.98046875,/shared/ssd_30T/zhuoyingyang/physact/sam3_robowm/identity_v1/sam_masked_negative6/crops/Cosmos3_seed101_0039/frame_0066_rank_01.png,/shared/ssd_30T/zhuoyingyang/physact/sam3_robowm/identity_v1/sam_masked_negative6/crops/Cosmos3_seed101_0039/frame_0066_rank_03.png
Cosmos3_seed101_0039,66,2,3,0.12429022043943405,0.0,0.0,False,0.1380659937858581,0.1112589016556739,0.6687865257263184,0.6271501779556274,0.9609375,0.98046875,/shared/ssd_30T/zhuoyingyang/physact/sam3_robowm/identity_v1/sam_masked_negative6/crops/Cosmos3_seed101_0039/frame_0066_rank_02.png,/shared/ssd_30T/zhuoyingyang/physact/sam3_robowm/identity_v1/sam_masked_negative6/crops/Cosmos3_seed101_0039/frame_0066_rank_03.png
Cosmos3_seed101_0039,69,1,2,0.19900745153427124,0.0,0.0,False,0.7466097474098206,0.1023070961236953,0.8742777705192566,0.6668908596038818,0.9765625,0.9296875,/shared/ssd_30T/zhuoyingyang/physact/sam3_robowm/identity_v1/sam_masked_negative6/crops/Cosmos3_seed101_0039/frame_0069_rank_01.png,/shared/ssd_30T/zhuoyingyang/physact/sam3_robowm/identity_v1/sam_masked_negative6/crops/Cosmos3_seed101_0039/frame_0069_rank_02.png
Cosmos3_seed101_0039,69,1,3,0.21803948283195496,0.0,0.0,False,0.7466097474098206,0.1451035737991333,0.8742777705192566,0.6536323428153992,0.9765625,0.9609375,/shared/ssd_30T/zhuoyingyang/physact/sam3_robowm/identity_v1/sam_masked_negative6/crops/Cosmos3_seed101_0039/frame_0069_rank_01.png,/shared/ssd_30T/zhuoyingyang/physact/sam3_robowm/identity_v1/sam_masked_negative6/crops/Cosmos3_seed101_0039/frame_0069_rank_03.png
Cosmos3_seed101_0039,69,2,3,0.29061833024024963,0.0,0.0,False,0.1023070961236953,0.1451035737991333,0.6668908596038818,0.6536323428153992,0.9296875,0.9609375,/shared/ssd_30T/zhuoyingyang/physact/sam3_robowm/identity_v1/sam_masked_negative6/crops/Cosmos3_seed101_0039/frame_0069_rank_02.png,/shared/ssd_30T/zhuoyingyang/physact/sam3_robowm/identity_v1/sam_masked_negative6/crops/Cosmos3_seed101_0039/frame_0069_rank_03.png
Cosmos3_seed101_0039,72,1,2,0.22013646364212036,0.0,0.0,False,0.7274662256240845,0.1664145439863205,0.8600293397903442,0.6726686954498291,0.9765625,0.9609375,/shared/ssd_30T/zhuoyingyang/physact/sam3_robowm/identity_v1/sam_masked_negative6/crops/Cosmos3_seed101_0039/frame_0072_rank_01.png,/shared/ssd_30T/zhuoyingyang/physact/sam3_robowm/identity_v1/sam_masked_negative6/crops/Cosmos3_seed101_0039/frame_0072_rank_02.png
Cosmos3_seed101_0039,72,1,3,0.22420206665992737,0.0,0.0,False,0.7274662256240845,0.1111108064651489,0.8600293397903442,0.66683030128479,0.9765625,0.9296875,/shared/ssd_30T/zhuoyingyang/physact/sam3_robowm/identity_v1/sam_masked_negative6/crops/Cosmos3_seed101_0039/frame_0072_rank_01.png,/shared/ssd_30T/zhuoyingyang/physact/sam3_robowm/identity_v1/sam_masked_negative6/crops/Cosmos3_seed101_0039/frame_0072_rank_03.png
Cosmos3_seed101_0039,72,2,3,0.26919519901275635,0.0,0.0,False,0.1664145439863205,0.1111108064651489,0.6726686954498291,0.66683030128479,0.9609375,0.9296875,/shared/ssd_30T/zhuoyingyang/physact/sam3_robowm/identity_v1/sam_masked_negative6/crops/Cosmos3_seed101_0039/frame_0072_rank_02.png,/shared/ssd_30T/zhuoyingyang/physact/sam3_robowm/identity_v1/sam_masked_negative6/crops/Cosmos3_seed101_0039/frame_0072_rank_03.png
Cosmos3_seed101_0039,75,1,2,0.18169161677360535,0.0,0.0,False,0.7298973202705383,0.1704698652029037,0.8592575788497925,0.6639997959136963,0.9765625,0.9609375,/shared/ssd_30T/zhuoyingyang/physact/sam3_robowm/identity_v1/sam_masked_negative6/crops/Cosmos3_seed101_0039/frame_0075_rank_01.png,/shared/ssd_30T/zhuoyingyang/physact/sam3_robowm/identity_v1/sam_masked_negative6/crops/Cosmos3_seed101_0039/frame_0075_rank_02.png
Cosmos3_seed101_0039,75,1,3,0.21987466514110565,0.0,0.0,False,0.7298973202705383,0.1286537796258926,0.8592575788497925,0.6524438858032227,0.9765625,0.9296875,/shared/ssd_30T/zhuoyingyang/physact/sam3_robowm/identity_v1/sam_masked_negative6/crops/Cosmos3_seed101_0039/frame_0075_rank_01.png,/shared/ssd_30T/zhuoyingyang/physact/sam3_robowm/identity_v1/sam_masked_negative6/crops/Cosmos3_seed101_0039/frame_0075_rank_03.png
Cosmos3_seed101_0039,75,2,3,0.3158651888370514,0.0,0.0,False,0.1704698652029037,0.1286537796258926,0.6639997959136963,0.6524438858032227,0.9609375,0.9296875,/shared/ssd_30T/zhuoyingyang/physact/sam3_robowm/identity_v1/sam_masked_negative6/crops/Cosmos3_seed101_0039/frame_0075_rank_02.png,/shared/ssd_30T/zhuoyingyang/physact/sam3_robowm/identity_v1/sam_masked_negative6/crops/Cosmos3_seed101_0039/frame_0075_rank_03.png
Cosmos3_seed101_0039,78,1,2,0.24822713434696198,0.0,0.0,False,0.7367176413536072,0.1493093073368072,0.8514999151229858,0.6658471822738647,0.97265625,0.95703125,/shared/ssd_30T/zhuoyingyang/physact/sam3_robowm/identity_v1/sam_masked_negative6/crops/Cosmos3_seed101_0039/frame_0078_rank_01.png,/shared/ssd_30T/zhuoyingyang/physact/sam3_robowm/identity_v1/sam_masked_negative6/crops/Cosmos3_seed101_0039/frame_0078_rank_02.png
Cosmos3_seed101_0039,78,1,3,0.21861064434051514,0.029103398596750714,1.0,True,0.7367176413536072,0.1278048604726791,0.8514999151229858,0.6325565576553345,0.97265625,0.98046875,/shared/ssd_30T/zhuoyingyang/physact/sam3_robowm/identity_v1/sam_masked_negative6/crops/Cosmos3_seed101_0039/frame_0078_rank_01.png,/shared/ssd_30T/zhuoyingyang/physact/sam3_robowm/identity_v1/sam_masked_negative6/crops/Cosmos3_seed101_0039/frame_0078_rank_03.png
Cosmos3_seed101_0039,78,2,3,0.12089153379201889,0.0,0.0,False,0.1493093073368072,0.1278048604726791,0.6658471822738647,0.6325565576553345,0.95703125,0.98046875,/shared/ssd_30T/zhuoyingyang/physact/sam3_robowm/identity_v1/sam_masked_negative6/crops/Cosmos3_seed101_0039/frame_0078_rank_02.png,/shared/ssd_30T/zhuoyingyang/physact/sam3_robowm/identity_v1/sam_masked_negative6/crops/Cosmos3_seed101_0039/frame_0078_rank_03.png
Cosmos3_seed101_0039,81,1,2,0.283338338136673,0.0,0.0,False,0.7474467754364014,0.152307778596878,0.8556544184684753,0.6679929494857788,0.9765625,0.95703125,/shared/ssd_30T/zhuoyingyang/physact/sam3_robowm/identity_v1/sam_masked_negative6/crops/Cosmos3_seed101_0039/frame_0081_rank_01.png,/shared/ssd_30T/zhuoyingyang/physact/sam3_robowm/identity_v1/sam_masked_negative6/crops/Cosmos3_seed101_0039/frame_0081_rank_02.png
Cosmos3_seed101_0039,81,1,3,0.19214193522930145,0.028507637458256813,1.0,True,0.7474467754364014,0.1251224726438522,0.8556544184684753,0.6231885552406311,0.9765625,0.98046875,/shared/ssd_30T/zhuoyingyang/physact/sam3_robowm/identity_v1/sam_masked_negative6/crops/Cosmos3_seed101_0039/frame_0081_rank_01.png,/shared/ssd_30T/zhuoyingyang/physact/sam3_robowm/identity_v1/sam_masked_negative6/crops/Cosmos3_seed101_0039/frame_0081_rank_03.png
Cosmos3_seed101_0039,81,2,3,0.11617344617843628,0.0,0.0,False,0.152307778596878,0.1251224726438522,0.6679929494857788,0.6231885552406311,0.95703125,0.98046875,/shared/ssd_30T/zhuoyingyang/physact/sam3_robowm/identity_v1/sam_masked_negative6/crops/Cosmos3_seed101_0039/frame_0081_rank_02.png,/shared/ssd_30T/zhuoyingyang/physact/sam3_robowm/identity_v1/sam_masked_negative6/crops/Cosmos3_seed101_0039/frame_0081_rank_03.png
Cosmos3_seed101_0039,84,1,2,0.24327999353408813,0.0,0.0,False,0.7390202283859253,0.1468542516231537,0.8593088388442993,0.6672581434249878,0.9765625,0.9609375,/shared/ssd_30T/zhuoyingyang/physact/sam3_robowm/identity_v1/sam_masked_negative6/crops/Cosmos3_seed101_0039/frame_0084_rank_01.png,/shared/ssd_30T/zhuoyingyang/physact/sam3_robowm/identity_v1/sam_masked_negative6/crops/Cosmos3_seed101_0039/frame_0084_rank_02.png
Cosmos3_seed101_0039,84,1,3,0.19167029857635498,0.02945548733842252,1.0,True,0.7390202283859253,0.1272695660591125,0.8593088388442993,0.6310222148895264,0.9765625,0.98046875,/shared/ssd_30T/zhuoyingyang/physact/sam3_robowm/identity_v1/sam_masked_negative6/crops/Cosmos3_seed101_0039/frame_0084_rank_01.png,/shared/ssd_30T/zhuoyingyang/physact/sam3_robowm/identity_v1/sam_masked_negative6/crops/Cosmos3_seed101_0039/frame_0084_rank_03.png
Cosmos3_seed101_0039,84,2,3,0.10719772428274155,0.0,0.0,False,0.1468542516231537,0.1272695660591125,0.6672581434249878,0.6310222148895264,0.9609375,0.98046875,/shared/ssd_30T/zhuoyingyang/physact/sam3_robowm/identity_v1/sam_masked_negative6/crops/Cosmos3_seed101_0039/frame_0084_rank_02.png,/shared/ssd_30T/zhuoyingyang/physact/sam3_robowm/identity_v1/sam_masked_negative6/crops/Cosmos3_seed101_0039/frame_0084_rank_03.png
Cosmos3_seed101_0039,87,1,2,0.2858947217464447,0.0,0.0,False,0.7360924482345581,0.1388889253139495,0.869088888168335,0.665420413017273,0.97265625,0.95703125,/shared/ssd_30T/zhuoyingyang/physact/sam3_robowm/identity_v1/sam_masked_negative6/crops/Cosmos3_seed101_0039/frame_0087_rank_01.png,/shared/ssd_30T/zhuoyingyang/physact/sam3_robowm/identity_v1/sam_masked_negative6/crops/Cosmos3_seed101_0039/frame_0087_rank_02.png
Cosmos3_seed101_0039,87,1,3,0.2308911234140396,0.029110782725029715,1.0,True,0.7360924482345581,0.1217321008443832,0.869088888168335,0.6291955709457397,0.97265625,0.98046875,/shared/ssd_30T/zhuoyingyang/physact/sam3_robowm/identity_v1/sam_masked_negative6/crops/Cosmos3_seed101_0039/frame_0087_rank_01.png,/shared/ssd_30T/zhuoyingyang/physact/sam3_robowm/identity_v1/sam_masked_negative6/crops/Cosmos3_seed101_0039/frame_0087_rank_03.png
Cosmos3_seed101_0039,87,2,3,0.11428927630186081,0.0,0.0,False,0.1388889253139495,0.1217321008443832,0.665420413017273,0.6291955709457397,0.95703125,0.98046875,/shared/ssd_30T/zhuoyingyang/physact/sam3_robowm/identity_v1/sam_masked_negative6/crops/Cosmos3_seed101_0039/frame_0087_rank_02.png,/shared/ssd_30T/zhuoyingyang/physact/sam3_robowm/identity_v1/sam_masked_negative6/crops/Cosmos3_seed101_0039/frame_0087_rank_03.png
Cosmos3_seed101_0039,90,1,2,0.2772577106952667,0.0,0.0,False,0.7123466730117798,0.1600176244974136,0.8532598614692688,0.6628375053405762,0.9765625,0.9609375,/shared/ssd_30T/zhuoyingyang/physact/sam3_robowm/identity_v1/sam_masked_negative6/crops/Cosmos3_seed101_0039/frame_0090_rank_01.png,/shared/ssd_30T/zhuoyingyang/physact/sam3_robowm/identity_v1/sam_masked_negative6/crops/Cosmos3_seed101_0039/frame_0090_rank_02.png
Cosmos3_seed101_0039,90,1,3,0.26839151978492737,0.0,0.0,False,0.7123466730117798,0.1385456770658493,0.8532598614692688,0.6418452262878418,0.9765625,0.92578125,/shared/ssd_30T/zhuoyingyang/physact/sam3_robowm/identity_v1/sam_masked_negative6/crops/Cosmos3_seed101_0039/frame_0090_rank_01.png,/shared/ssd_30T/zhuoyingyang/physact/sam3_robowm/identity_v1/sam_masked_negative6/crops/Cosmos3_seed101_0039/frame_0090_rank_03.png
Cosmos3_seed101_0039,90,2,3,0.4018934369087219,0.020141989665638113,0.08144481725893538,False,0.1600176244974136,0.1385456770658493,0.6628375053405762,0.6418452262878418,0.9609375,0.92578125,/shared/ssd_30T/zhuoyingyang/physact/sam3_robowm/identity_v1/sam_masked_negative6/crops/Cosmos3_seed101_0039/frame_0090_rank_02.png,/shared/ssd_30T/zhuoyingyang/physact/sam3_robowm/identity_v1/sam_masked_negative6/crops/Cosmos3_seed101_0039/frame_0090_rank_03.png
Cosmos3_seed101_0039,93,1,2,0.3061671853065491,0.0,0.0,False,0.7164164781570435,0.1400310695171356,0.8513748645782471,0.6515661478042603,0.9765625,0.95703125,/shared/ssd_30T/zhuoyingyang/physact/sam3_robowm/identity_v1/sam_masked_negative6/crops/Cosmos3_seed101_0039/frame_0093_rank_01.png,/shared/ssd_30T/zhuoyingyang/physact/sam3_robowm/identity_v1/sam_masked_negative6/crops/Cosmos3_seed101_0039/frame_0093_rank_02.png
Cosmos3_seed101_0039,93,1,3,0.24228616058826447,0.02850082811119494,1.0,True,0.7164164781570435,0.1327669620513916,0.8513748645782471,0.6209216117858887,0.9765625,0.98046875,/shared/ssd_30T/zhuoyingyang/physact/sam3_robowm/identity_v1/sam_masked_negative6/crops/Cosmos3_seed101_0039/frame_0093_rank_01.png,/shared/ssd_30T/zhuoyingyang/physact/sam3_robowm/identity_v1/sam_masked_negative6/crops/Cosmos3_seed101_0039/frame_0093_rank_03.png
Cosmos3_seed101_0039,93,2,3,0.09575391560792923,0.0,0.0,False,0.1400310695171356,0.1327669620513916,0.6515661478042603,0.6209216117858887,0.95703125,0.98046875,/shared/ssd_30T/zhuoyingyang/physact/sam3_robowm/identity_v1/sam_masked_negative6/crops/Cosmos3_seed101_0039/frame_0093_rank_02.png,/shared/ssd_30T/zhuoyingyang/physact/sam3_robowm/identity_v1/sam_masked_negative6/crops/Cosmos3_seed101_0039/frame_0093_rank_03.png
Cosmos3_seed101_0039,96,1,2,0.304523229598999,0.0,0.0,False,0.7098939418792725,0.141552984714508,0.8970981240272522,0.6503843069076538,0.9765625,0.953125,/shared/ssd_30T/zhuoyingyang/physact/sam3_robowm/identity_v1/sam_masked_negative6/crops/Cosmos3_seed101_0039/frame_0096_rank_01.png,/shared/ssd_30T/zhuoyingyang/physact/sam3_robowm/identity_v1/sam_masked_negative6/crops/Cosmos3_seed101_0039/frame_0096_rank_02.png
Cosmos3_seed101_0039,96,1,3,0.2690476179122925,0.02822094449394307,1.0,True,0.7098939418792725,0.1326656937599182,0.8970981240272522,0.6325474977493286,0.9765625,0.984375,/shared/ssd_30T/zhuoyingyang/physact/sam3_robowm/identity_v1/sam_masked_negative6/crops/Cosmos3_seed101_0039/frame_0096_rank_01.png,/shared/ssd_30T/zhuoyingyang/physact/sam3_robowm/identity_v1/sam_masked_negative6/crops/Cosmos3_seed101_0039/frame_0096_rank_03.png
Cosmos3_seed101_0039,96,2,3,0.0975472554564476,0.0,0.0,False,0.141552984714508,0.1326656937599182,0.6503843069076538,0.6325474977493286,0.953125,0.984375,/shared/ssd_30T/zhuoyingyang/physact/sam3_robowm/identity_v1/sam_masked_negative6/crops/Cosmos3_seed101_0039/frame_0096_rank_02.png,/shared/ssd_30T/zhuoyingyang/physact/sam3_robowm/identity_v1/sam_masked_negative6/crops/Cosmos3_seed101_0039/frame_0096_rank_03.png
Cosmos3_seed101_0039,99,1,2,0.3003197908401489,0.0,0.0,False,0.7078664898872375,0.1472036093473434,0.8999273777008057,0.6554476022720337,0.9765625,0.95703125,/shared/ssd_30T/zhuoyingyang/physact/sam3_robowm/identity_v1/sam_masked_negative6/crops/Cosmos3_seed101_0039/frame_0099_rank_01.png,/shared/ssd_30T/zhuoyingyang/physact/sam3_robowm/identity_v1/sam_masked_negative6/crops/Cosmos3_seed101_0039/frame_0099_rank_02.png
Cosmos3_seed101_0039,99,1,3,0.2504672110080719,0.02758038169441921,1.0,True,0.7078664898872375,0.1446803212165832,0.8999273777008057,0.627543568611145,0.9765625,0.98046875,/shared/ssd_30T/zhuoyingyang/physact/sam3_robowm/identity_v1/sam_masked_negative6/crops/Cosmos3_seed101_0039/frame_0099_rank_01.png,/shared/ssd_30T/zhuoyingyang/physact/sam3_robowm/identity_v1/sam_masked_negative6/crops/Cosmos3_seed101_0039/frame_0099_rank_03.png
Cosmos3_seed101_0039,99,2,3,0.11721104383468628,0.0,0.0,False,0.1472036093473434,0.1446803212165832,0.6554476022720337,0.627543568611145,0.95703125,0.98046875,/shared/ssd_30T/zhuoyingyang/physact/sam3_robowm/identity_v1/sam_masked_negative6/crops/Cosmos3_seed101_0039/frame_0099_rank_02.png,/shared/ssd_30T/zhuoyingyang/physact/sam3_robowm/identity_v1/sam_masked_negative6/crops/Cosmos3_seed101_0039/frame_0099_rank_03.png
Cosmos3_seed101_0039,102,1,2,0.27688881754875183,0.0,0.0,False,0.7068066596984863,0.1508682966232299,0.8568160533905029,0.6484085321426392,0.9765625,0.95703125,/shared/ssd_30T/zhuoyingyang/physact/sam3_robowm/identity_v1/sam_masked_negative6/crops/Cosmos3_seed101_0039/frame_0102_rank_01.png,/shared/ssd_30T/zhuoyingyang/physact/sam3_robowm/identity_v1/sam_masked_negative6/crops/Cosmos3_seed101_0039/frame_0102_rank_02.png
Cosmos3_seed101_0039,102,1,3,0.2806253135204315,0.0,0.0,False,0.7068066596984863,0.1030844822525978,0.8568160533905029,0.6429198980331421,0.9765625,0.8984375,/shared/ssd_30T/zhuoyingyang/physact/sam3_robowm/identity_v1/sam_masked_negative6/crops/Cosmos3_seed101_0039/frame_0102_rank_01.png,/shared/ssd_30T/zhuoyingyang/physact/sam3_robowm/identity_v1/sam_masked_negative6/crops/Cosmos3_seed101_0039/frame_0102_rank_03.png
Cosmos3_seed101_0039,102,2,3,0.2816668450832367,0.0,0.0,False,0.1508682966232299,0.1030844822525978,0.6484085321426392,0.6429198980331421,0.95703125,0.8984375,/shared/ssd_30T/zhuoyingyang/physact/sam3_robowm/identity_v1/sam_masked_negative6/crops/Cosmos3_seed101_0039/frame_0102_rank_02.png,/shared/ssd_30T/zhuoyingyang/physact/sam3_robowm/identity_v1/sam_masked_negative6/crops/Cosmos3_seed101_0039/frame_0102_rank_03.png
Cosmos3_seed101_0039,105,1,2,0.2968757450580597,0.0,0.0,False,0.7002592086791992,0.1505154073238372,0.8876394033432007,0.6481189727783203,0.97265625,0.95703125,/shared/ssd_30T/zhuoyingyang/physact/sam3_robowm/identity_v1/sam_masked_negative6/crops/Cosmos3_seed101_0039/frame_0105_rank_01.png,/shared/ssd_30T/zhuoyingyang/physact/sam3_robowm/identity_v1/sam_masked_negative6/crops/Cosmos3_seed101_0039/frame_0105_rank_02.png
Cosmos3_seed101_0039,105,1,3,0.29635173082351685,0.02727126809932985,1.0,True,0.7002592086791992,0.1373672932386398,0.8876394033432007,0.6223658323287964,0.97265625,0.984375,/shared/ssd_30T/zhuoyingyang/physact/sam3_robowm/identity_v1/sam_masked_negative6/crops/Cosmos3_seed101_0039/frame_0105_rank_01.png,/shared/ssd_30T/zhuoyingyang/physact/sam3_robowm/identity_v1/sam_masked_negative6/crops/Cosmos3_seed101_0039/frame_0105_rank_03.png
Cosmos3_seed101_0039,105,2,3,0.09810280799865723,0.0,0.0,False,0.1505154073238372,0.1373672932386398,0.6481189727783203,0.6223658323287964,0.95703125,0.984375,/shared/ssd_30T/zhuoyingyang/physact/sam3_robowm/identity_v1/sam_masked_negative6/crops/Cosmos3_seed101_0039/frame_0105_rank_02.png,/shared/ssd_30T/zhuoyingyang/physact/sam3_robowm/identity_v1/sam_masked_negative6/crops/Cosmos3_seed101_0039/frame_0105_rank_03.png
Cosmos3_seed101_0039,108,1,2,0.30390337109565735,0.0,0.0,False,0.7151968479156494,0.1522949188947677,0.861764669418335,0.6569616198539734,0.9765625,0.95703125,/shared/ssd_30T/zhuoyingyang/physact/sam3_robowm/identity_v1/sam_masked_negative6/crops/Cosmos3_seed101_0039/frame_0108_rank_01.png,/shared/ssd_30T/zhuoyingyang/physact/sam3_robowm/identity_v1/sam_masked_negative6/crops/Cosmos3_seed101_0039/frame_0108_rank_02.png
Cosmos3_seed101_0039,108,1,3,0.28953906893730164,0.02728440712980391,1.0,True,0.7151968479156494,0.1281161457300186,0.861764669418335,0.6151494979858398,0.9765625,0.984375,/shared/ssd_30T/zhuoyingyang/physact/sam3_robowm/identity_v1/sam_masked_negative6/crops/Cosmos3_seed101_0039/frame_0108_rank_01.png,/shared/ssd_30T/zhuoyingyang/physact/sam3_robowm/identity_v1/sam_masked_negative6/crops/Cosmos3_seed101_0039/frame_0108_rank_03.png
Cosmos3_seed101_0039,108,2,3,0.10635995119810104,0.0,0.0,False,0.1522949188947677,0.1281161457300186,0.6569616198539734,0.6151494979858398,0.95703125,0.984375,/shared/ssd_30T/zhuoyingyang/physact/sam3_robowm/identity_v1/sam_masked_negative6/crops/Cosmos3_seed101_0039/frame_0108_rank_02.png,/shared/ssd_30T/zhuoyingyang/physact/sam3_robowm/identity_v1/sam_masked_negative6/crops/Cosmos3_seed101_0039/frame_0108_rank_03.png
Cosmos3_seed101_0039,111,1,2,0.2900809347629547,0.0,0.0,False,0.7093226909637451,0.1363040059804916,0.9036034345626832,0.6586627960205078,0.9765625,0.95703125,/shared/ssd_30T/zhuoyingyang/physact/sam3_robowm/identity_v1/sam_masked_negative6/crops/Cosmos3_seed101_0039/frame_0111_rank_01.png,/shared/ssd_30T/zhuoyingyang/physact/sam3_robowm/identity_v1/sam_masked_negative6/crops/Cosmos3_seed101_0039/frame_0111_rank_02.png
Cosmos3_seed101_0039,111,1,3,0.32579201459884644,0.026769597260624237,1.0,True,0.7093226909637451,0.1365342140197754,0.9036034345626832,0.6254266500473022,0.9765625,0.98046875,/shared/ssd_30T/zhuoyingyang/physact/sam3_robowm/identity_v1/sam_masked_negative6/crops/Cosmos3_seed101_0039/frame_0111_rank_01.png,/shared/ssd_30T/zhuoyingyang/physact/sam3_robowm/identity_v1/sam_masked_negative6/crops/Cosmos3_seed101_0039/frame_0111_rank_03.png
Cosmos3_seed101_0039,111,2,3,0.12235227227210999,0.0,0.0,False,0.1363040059804916,0.1365342140197754,0.6586627960205078,0.6254266500473022,0.95703125,0.98046875,/shared/ssd_30T/zhuoyingyang/physact/sam3_robowm/identity_v1/sam_masked_negative6/crops/Cosmos3_seed101_0039/frame_0111_rank_02.png,/shared/ssd_30T/zhuoyingyang/physact/sam3_robowm/identity_v1/sam_masked_negative6/crops/Cosmos3_seed101_0039/frame_0111_rank_03.png
Cosmos3_seed101_0039,114,1,2,0.28607556223869324,0.0,0.0,False,0.6968864798545837,0.1397768259048462,0.8442453145980835,0.6589005589485168,0.9765625,0.95703125,/shared/ssd_30T/zhuoyingyang/physact/sam3_robowm/identity_v1/sam_masked_negative6/crops/Cosmos3_seed101_0039/frame_0114_rank_01.png,/shared/ssd_30T/zhuoyingyang/physact/sam3_robowm/identity_v1/sam_masked_negative6/crops/Cosmos3_seed101_0039/frame_0114_rank_02.png
Cosmos3_seed101_0039,114,1,3,0.2756650447845459,0.02676633276858974,1.0,True,0.6968864798545837,0.1496301591396331,0.8442453145980835,0.6169968843460083,0.9765625,0.984375,/shared/ssd_30T/zhuoyingyang/physact/sam3_robowm/identity_v1/sam_masked_negative6/crops/Cosmos3_seed101_0039/frame_0114_rank_01.png,/shared/ssd_30T/zhuoyingyang/physact/sam3_robowm/identity_v1/sam_masked_negative6/crops/Cosmos3_seed101_0039/frame_0114_rank_03.png
Cosmos3_seed101_0039,114,2,3,0.1300632804632187,0.0,0.0,False,0.1397768259048462,0.1496301591396331,0.6589005589485168,0.6169968843460083,0.95703125,0.984375,/shared/ssd_30T/zhuoyingyang/physact/sam3_robowm/identity_v1/sam_masked_negative6/crops/Cosmos3_seed101_0039/frame_0114_rank_02.png,/shared/ssd_30T/zhuoyingyang/physact/sam3_robowm/identity_v1/sam_masked_negative6/crops/Cosmos3_seed101_0039/frame_0114_rank_03.png
Cosmos3_seed101_0039,117,1,2,0.28696200251579285,0.0,0.0,False,0.6918120384216309,0.1386209726333618,0.8898508548736572,0.6535289287567139,0.9765625,0.953125,/shared/ssd_30T/zhuoyingyang/physact/sam3_robowm/identity_v1/sam_masked_negative6/crops/Cosmos3_seed101_0039/frame_0117_rank_01.png,/shared/ssd_30T/zhuoyingyang/physact/sam3_robowm/identity_v1/sam_masked_negative6/crops/Cosmos3_seed101_0039/frame_0117_rank_02.png
Cosmos3_seed101_0039,117,1,3,0.27361777424812317,0.02756589102659078,1.0,True,0.6918120384216309,0.1524377912282943,0.8898508548736572,0.6284099221229553,0.9765625,0.984375,/shared/ssd_30T/zhuoyingyang/physact/sam3_robowm/identity_v1/sam_masked_negative6/crops/Cosmos3_seed101_0039/frame_0117_rank_01.png,/shared/ssd_30T/zhuoyingyang/physact/sam3_robowm/identity_v1/sam_masked_negative6/crops/Cosmos3_seed101_0039/frame_0117_rank_03.png
Cosmos3_seed101_0039,117,2,3,0.12706513702869415,0.0,0.0,False,0.1386209726333618,0.1524377912282943,0.6535289287567139,0.6284099221229553,0.953125,0.984375,/shared/ssd_30T/zhuoyingyang/physact/sam3_robowm/identity_v1/sam_masked_negative6/crops/Cosmos3_seed101_0039/frame_0117_rank_02.png,/shared/ssd_30T/zhuoyingyang/physact/sam3_robowm/identity_v1/sam_masked_negative6/crops/Cosmos3_seed101_0039/frame_0117_rank_03.png
Cosmos3_seed101_0039,120,1,2,0.2615549564361572,0.0,0.0,False,0.6811148524284363,0.1493629515171051,0.885911226272583,0.6584839820861816,0.9765625,0.95703125,/shared/ssd_30T/zhuoyingyang/physact/sam3_robowm/identity_v1/sam_masked_negative6/crops/Cosmos3_seed101_0039/frame_0120_rank_01.png,/shared/ssd_30T/zhuoyingyang/physact/sam3_robowm/identity_v1/sam_masked_negative6/crops/Cosmos3_seed101_0039/frame_0120_rank_02.png
Cosmos3_seed101_0039,120,1,3,0.2851957678794861,0.027554108434303604,1.0,True,0.6811148524284363,0.1522893160581588,0.885911226272583,0.6305460929870605,0.9765625,0.984375,/shared/ssd_30T/zhuoyingyang/physact/sam3_robowm/identity_v1/sam_masked_negative6/crops/Cosmos3_seed101_0039/frame_0120_rank_01.png,/shared/ssd_30T/zhuoyingyang/physact/sam3_robowm/identity_v1/sam_masked_negative6/crops/Cosmos3_seed101_0039/frame_0120_rank_03.png
Cosmos3_seed101_0039,120,2,3,0.15990784764289856,0.0,0.0,False,0.1493629515171051,0.1522893160581588,0.6584839820861816,0.6305460929870605,0.95703125,0.984375,/shared/ssd_30T/zhuoyingyang/physact/sam3_robowm/identity_v1/sam_masked_negative6/crops/Cosmos3_seed101_0039/frame_0120_rank_02.png,/shared/ssd_30T/zhuoyingyang/physact/sam3_robowm/identity_v1/sam_masked_negative6/crops/Cosmos3_seed101_0039/frame_0120_rank_03.png
Cosmos3_seed101_0039,123,1,2,0.2819153070449829,0.0,0.0,False,0.6895523071289062,0.1223639100790023,0.8909128904342651,0.6562820672988892,0.97265625,0.95703125,/shared/ssd_30T/zhuoyingyang/physact/sam3_robowm/identity_v1/sam_masked_negative6/crops/Cosmos3_seed101_0039/frame_0123_rank_01.png,/shared/ssd_30T/zhuoyingyang/physact/sam3_robowm/identity_v1/sam_masked_negative6/crops/Cosmos3_seed101_0039/frame_0123_rank_02.png
Cosmos3_seed101_0039,123,1,3,0.2707211375236511,0.026705582482816164,1.0,True,0.6895523071289062,0.1525463163852691,0.8909128904342651,0.6402001976966858,0.97265625,0.98046875,/shared/ssd_30T/zhuoyingyang/physact/sam3_robowm/identity_v1/sam_masked_negative6/crops/Cosmos3_seed101_0039/frame_0123_rank_01.png,/shared/ssd_30T/zhuoyingyang/physact/sam3_robowm/identity_v1/sam_masked_negative6/crops/Cosmos3_seed101_0039/frame_0123_rank_03.png
Cosmos3_seed101_0039,123,2,3,0.12077958881855011,0.0,0.0,False,0.1223639100790023,0.1525463163852691,0.6562820672988892,0.6402001976966858,0.95703125,0.98046875,/shared/ssd_30T/zhuoyingyang/physact/sam3_robowm/identity_v1/sam_masked_negative6/crops/Cosmos3_seed101_0039/frame_0123_rank_02.png,/shared/ssd_30T/zhuoyingyang/physact/sam3_robowm/identity_v1/sam_masked_negative6/crops/Cosmos3_seed101_0039/frame_0123_rank_03.png
Cosmos3_seed101_0039,126,1,2,0.30504313111305237,0.0,0.0,False,0.7020304203033447,0.1252940893173217,0.8656231164932251,0.647416889667511,0.96875,0.95703125,/shared/ssd_30T/zhuoyingyang/physact/sam3_robowm/identity_v1/sam_masked_negative6/crops/Cosmos3_seed101_0039/frame_0126_rank_01.png,/shared/ssd_30T/zhuoyingyang/physact/sam3_robowm/identity_v1/sam_masked_negative6/crops/Cosmos3_seed101_0039/frame_0126_rank_02.png
Cosmos3_seed101_0039,126,1,3,0.2500283122062683,0.0287264714972824,1.0,True,0.7020304203033447,0.1405827850103378,0.8656231164932251,0.6353733539581299,0.96875,0.984375,/shared/ssd_30T/zhuoyingyang/physact/sam3_robowm/identity_v1/sam_masked_negative6/crops/Cosmos3_seed101_0039/frame_0126_rank_01.png,/shared/ssd_30T/zhuoyingyang/physact/sam3_robowm/identity_v1/sam_masked_negative6/crops/Cosmos3_seed101_0039/frame_0126_rank_03.png
Cosmos3_seed101_0039,126,2,3,0.12869858741760254,0.0,0.0,False,0.1252940893173217,0.1405827850103378,0.647416889667511,0.6353733539581299,0.95703125,0.984375,/shared/ssd_30T/zhuoyingyang/physact/sam3_robowm/identity_v1/sam_masked_negative6/crops/Cosmos3_seed101_0039/frame_0126_rank_02.png,/shared/ssd_30T/zhuoyingyang/physact/sam3_robowm/identity_v1/sam_masked_negative6/crops/Cosmos3_seed101_0039/frame_0126_rank_03.png
Cosmos3_seed101_0039,129,1,2,0.33000001311302185,0.0,0.0,False,0.7245257496833801,0.1260050237178802,0.8294784426689148,0.6552543044090271,0.97265625,0.95703125,/shared/ssd_30T/zhuoyingyang/physact/sam3_robowm/identity_v1/sam_masked_negative6/crops/Cosmos3_seed101_0039/frame_0129_rank_01.png,/shared/ssd_30T/zhuoyingyang/physact/sam3_robowm/identity_v1/sam_masked_negative6/crops/Cosmos3_seed101_0039/frame_0129_rank_02.png
Cosmos3_seed101_0039,129,1,3,0.27061477303504944,0.0,0.0,False,0.7245257496833801,0.1135680451989173,0.8294784426689148,0.6310859322547913,0.97265625,0.93359375,/shared/ssd_30T/zhuoyingyang/physact/sam3_robowm/identity_v1/sam_masked_negative6/crops/Cosmos3_seed101_0039/frame_0129_rank_01.png,/shared/ssd_30T/zhuoyingyang/physact/sam3_robowm/identity_v1/sam_masked_negative6/crops/Cosmos3_seed101_0039/frame_0129_rank_03.png
Cosmos3_seed101_0039,129,2,3,0.28666505217552185,0.02271450508855888,0.08865120438878805,False,0.1260050237178802,0.1135680451989173,0.6552543044090271,0.6310859322547913,0.95703125,0.93359375,/shared/ssd_30T/zhuoyingyang/physact/sam3_robowm/identity_v1/sam_masked_negative6/crops/Cosmos3_seed101_0039/frame_0129_rank_02.png,/shared/ssd_30T/zhuoyingyang/physact/sam3_robowm/identity_v1/sam_masked_negative6/crops/Cosmos3_seed101_0039/frame_0129_rank_03.png
Cosmos3_seed101_0039,132,1,2,0.18685251474380493,0.43100265375042296,0.6247726714995501,False,0.1195816919207573,0.46462082862854,0.8105001449584961,0.7891876697540283,0.96484375,0.97265625,/shared/ssd_30T/zhuoyingyang/physact/sam3_robowm/identity_v1/sam_masked_negative6/crops/Cosmos3_seed101_0039/frame_0132_rank_01.png,/shared/ssd_30T/zhuoyingyang/physact/sam3_robowm/identity_v1/sam_masked_negative6/crops/Cosmos3_seed101_0039/frame_0132_rank_02.png
Cosmos3_seed101_0039,132,1,3,0.16147500276565552,0.0,0.0,False,0.1195816919207573,0.1208706647157669,0.8105001449584961,0.6581270694732666,0.96484375,0.9609375,/shared/ssd_30T/zhuoyingyang/physact/sam3_robowm/identity_v1/sam_masked_negative6/crops/Cosmos3_seed101_0039/frame_0132_rank_01.png,/shared/ssd_30T/zhuoyingyang/physact/sam3_robowm/identity_v1/sam_masked_negative6/crops/Cosmos3_seed101_0039/frame_0132_rank_03.png
Cosmos3_seed101_0039,132,2,3,0.3223586678504944,0.0,0.0,False,0.46462082862854,0.1208706647157669,0.7891876697540283,0.6581270694732666,0.97265625,0.9609375,/shared/ssd_30T/zhuoyingyang/physact/sam3_robowm/identity_v1/sam_masked_negative6/crops/Cosmos3_seed101_0039/frame_0132_rank_02.png,/shared/ssd_30T/zhuoyingyang/physact/sam3_robowm/identity_v1/sam_masked_negative6/crops/Cosmos3_seed101_0039/frame_0132_rank_03.png
Cosmos3_seed101_0039,135,1,2,0.4332292377948761,0.34174042482418493,0.5243465800380835,False,0.2311987727880478,0.5114073753356934,0.8386117219924927,0.7487799525260925,0.96484375,0.96875,/shared/ssd_30T/zhuoyingyang/physact/sam3_robowm/identity_v1/sam_masked_negative6/crops/Cosmos3_seed101_0039/frame_0135_rank_01.png,/shared/ssd_30T/zhuoyingyang/physact/sam3_robowm/identity_v1/sam_masked_negative6/crops/Cosmos3_seed101_0039/frame_0135_rank_02.png
Cosmos3_seed101_0039,135,1,3,0.2792615592479706,0.0,0.0,False,0.2311987727880478,0.1578318774700164,0.8386117219924927,0.6738585829734802,0.96484375,0.9609375,/shared/ssd_30T/zhuoyingyang/physact/sam3_robowm/identity_v1/sam_masked_negative6/crops/Cosmos3_seed101_0039/frame_0135_rank_01.png,/shared/ssd_30T/zhuoyingyang/physact/sam3_robowm/identity_v1/sam_masked_negative6/crops/Cosmos3_seed101_0039/frame_0135_rank_03.png
Cosmos3_seed101_0039,135,2,3,0.315506249666214,0.0,0.0,False,0.5114073753356934,0.1578318774700164,0.7487799525260925,0.6738585829734802,0.96875,0.9609375,/shared/ssd_30T/zhuoyingyang/physact/sam3_robowm/identity_v1/sam_masked_negative6/crops/Cosmos3_seed101_0039/frame_0135_rank_02.png,/shared/ssd_30T/zhuoyingyang/physact/sam3_robowm/identity_v1/sam_masked_negative6/crops/Cosmos3_seed101_0039/frame_0135_rank_03.png
Cosmos3_seed101_0039,138,1,2,0.4860439896583557,0.19891994847523478,0.3712188513706086,False,0.3104696571826935,0.5546495914459229,0.7877556085586548,0.7530980110168457,0.97265625,0.97265625,/shared/ssd_30T/zhuoyingyang/physact/sam3_robowm/identity_v1/sam_masked_negative6/crops/Cosmos3_seed101_0039/frame_0138_rank_01.png,/shared/ssd_30T/zhuoyingyang/physact/sam3_robowm/identity_v1/sam_masked_negative6/crops/Cosmos3_seed101_0039/frame_0138_rank_02.png
Cosmos3_seed101_0039,138,1,3,0.22410939633846283,0.0,0.0,False,0.3104696571826935,0.1954184025526046,0.7877556085586548,0.6796380281448364,0.97265625,0.9375,/shared/ssd_30T/zhuoyingyang/physact/sam3_robowm/identity_v1/sam_masked_negative6/crops/Cosmos3_seed101_0039/frame_0138_rank_01.png,/shared/ssd_30T/zhuoyingyang/physact/sam3_robowm/identity_v1/sam_masked_negative6/crops/Cosmos3_seed101_0039/frame_0138_rank_03.png
Cosmos3_seed101_0039,138,2,3,0.2492605596780777,0.0,0.0,False,0.5546495914459229,0.1954184025526046,0.7530980110168457,0.6796380281448364,0.97265625,0.9375,/shared/ssd_30T/zhuoyingyang/physact/sam3_robowm/identity_v1/sam_masked_negative6/crops/Cosmos3_seed101_0039/frame_0138_rank_02.png,/shared/ssd_30T/zhuoyingyang/physact/sam3_robowm/identity_v1/sam_masked_negative6/crops/Cosmos3_seed101_0039/frame_0138_rank_03.png
Cosmos3_seed101_0039,141,1,2,0.5426754355430603,0.11645969580501764,0.23311841013328527,False,0.3755776882171631,0.5429759621620178,0.823451578617096,0.7693438529968262,0.97265625,0.97265625,/shared/ssd_30T/zhuoyingyang/physact/sam3_robowm/identity_v1/sam_masked_negative6/crops/Cosmos3_seed101_0039/frame_0141_rank_01.png,/shared/ssd_30T/zhuoyingyang/physact/sam3_robowm/identity_v1/sam_masked_negative6/crops/Cosmos3_seed101_0039/frame_0141_rank_02.png
Cosmos3_seed101_0039,141,1,3,0.18632882833480835,0.0,0.0,False,0.3755776882171631,0.203595295548439,0.823451578617096,0.6768462061882019,0.97265625,0.94921875,/shared/ssd_30T/zhuoyingyang/physact/sam3_robowm/identity_v1/sam_masked_negative6/crops/Cosmos3_seed101_0039/frame_0141_rank_01.png,/shared/ssd_30T/zhuoyingyang/physact/sam3_robowm/identity_v1/sam_masked_negative6/crops/Cosmos3_seed101_0039/frame_0141_rank_03.png
Cosmos3_seed101_0039,141,2,3,0.21649467945098877,0.0,0.0,False,0.5429759621620178,0.203595295548439,0.7693438529968262,0.6768462061882019,0.97265625,0.94921875,/shared/ssd_30T/zhuoyingyang/physact/sam3_robowm/identity_v1/sam_masked_negative6/crops/Cosmos3_seed101_0039/frame_0141_rank_02.png,/shared/ssd_30T/zhuoyingyang/physact/sam3_robowm/identity_v1/sam_masked_negative6/crops/Cosmos3_seed101_0039/frame_0141_rank_03.png
Cosmos3_seed101_0039,144,1,2,0.6057136654853821,0.45137652840395315,0.997415380916023,True,0.1679422259330749,0.3756871819496155,0.8316018581390381,0.8163853883743286,0.9609375,0.97265625,/shared/ssd_30T/zhuoyingyang/physact/sam3_robowm/identity_v1/sam_masked_negative6/crops/Cosmos3_seed101_0039/frame_0144_rank_01.png,/shared/ssd_30T/zhuoyingyang/physact/sam3_robowm/identity_v1/sam_masked_negative6/crops/Cosmos3_seed101_0039/frame_0144_rank_02.png
Cosmos3_seed101_0039,144,1,3,0.5681808590888977,0.3535921013084387,1.0,True,0.1679422259330749,0.5229281187057495,0.8316018581390381,0.7324017286300659,0.9609375,0.96875,/shared/ssd_30T/zhuoyingyang/physact/sam3_robowm/identity_v1/sam_masked_negative6/crops/Cosmos3_seed101_0039/frame_0144_rank_01.png,/shared/ssd_30T/zhuoyingyang/physact/sam3_robowm/identity_v1/sam_masked_negative6/crops/Cosmos3_seed101_0039/frame_0144_rank_03.png
Cosmos3_seed101_0039,144,2,3,0.503678023815155,0.046038959205562224,0.10040839781750593,False,0.3756871819496155,0.5229281187057495,0.8163853883743286,0.7324017286300659,0.97265625,0.96875,/shared/ssd_30T/zhuoyingyang/physact/sam3_robowm/identity_v1/sam_masked_negative6/crops/Cosmos3_seed101_0039/frame_0144_rank_02.png,/shared/ssd_30T/zhuoyingyang/physact/sam3_robowm/identity_v1/sam_masked_negative6/crops/Cosmos3_seed101_0039/frame_0144_rank_03.png
Cosmos3_seed101_0039,147,1,2,0.7409871220588684,0.4024101326644963,1.0,True,0.3887543380260467,0.1514614522457122,0.8189164400100708,0.7778526544570923,0.9765625,0.96484375,/shared/ssd_30T/zhuoyingyang/physact/sam3_robowm/identity_v1/sam_masked_negative6/crops/Cosmos3_seed101_0039/frame_0147_rank_01.png,/shared/ssd_30T/zhuoyingyang/physact/sam3_robowm/identity_v1/sam_masked_negative6/crops/Cosmos3_seed101_0039/frame_0147_rank_02.png
Cosmos3_seed101_0039,147,1,3,0.4074817895889282,0.036023476888474466,0.08413820234064044,False,0.3887543380260467,0.5434156060218811,0.8189164400100708,0.7633841037750244,0.9765625,0.97265625,/shared/ssd_30T/zhuoyingyang/physact/sam3_robowm/identity_v1/sam_masked_negative6/crops/Cosmos3_seed101_0039/frame_0147_rank_01.png,/shared/ssd_30T/zhuoyingyang/physact/sam3_robowm/identity_v1/sam_masked_negative6/crops/Cosmos3_seed101_0039/frame_0147_rank_03.png
Cosmos3_seed101_0039,147,2,3,0.5827986001968384,0.2834298661434726,1.0,True,0.1514614522457122,0.5434156060218811,0.7778526544570923,0.7633841037750244,0.96484375,0.97265625,/shared/ssd_30T/zhuoyingyang/physact/sam3_robowm/identity_v1/sam_masked_negative6/crops/Cosmos3_seed101_0039/frame_0147_rank_02.png,/shared/ssd_30T/zhuoyingyang/physact/sam3_robowm/identity_v1/sam_masked_negative6/crops/Cosmos3_seed101_0039/frame_0147_rank_03.png
Cosmos3_seed101_0039,150,1,2,0.4636731445789337,0.01861926620715378,0.04562205360103142,False,0.4961910545825958,0.5378803014755249,0.753875732421875,0.7231420278549194,0.9765625,0.96875,/shared/ssd_30T/zhuoyingyang/physact/sam3_robowm/identity_v1/sam_masked_negative6/crops/Cosmos3_seed101_0039/frame_0150_rank_01.png,/shared/ssd_30T/zhuoyingyang/physact/sam3_robowm/identity_v1/sam_masked_negative6/crops/Cosmos3_seed101_0039/frame_0150_rank_02.png
Cosmos3_seed101_0039,150,1,3,0.27734535932540894,0.0,0.0,False,0.4961910545825958,0.1392498016357422,0.753875732421875,0.6743465662002563,0.9765625,0.92578125,/shared/ssd_30T/zhuoyingyang/physact/sam3_robowm/identity_v1/sam_masked_negative6/crops/Cosmos3_seed101_0039/frame_0150_rank_01.png,/shared/ssd_30T/zhuoyingyang/physact/sam3_robowm/identity_v1/sam_masked_negative6/crops/Cosmos3_seed101_0039/frame_0150_rank_03.png
Cosmos3_seed101_0039,150,2,3,0.4146236479282379,0.0,0.0,False,0.5378803014755249,0.1392498016357422,0.7231420278549194,0.6743465662002563,0.96875,0.92578125,/shared/ssd_30T/zhuoyingyang/physact/sam3_robowm/identity_v1/sam_masked_negative6/crops/Cosmos3_seed101_0039/frame_0150_rank_02.png,/shared/ssd_30T/zhuoyingyang/physact/sam3_robowm/identity_v1/sam_masked_negative6/crops/Cosmos3_seed101_0039/frame_0150_rank_03.png
Cosmos3_seed101_0039,153,1,2,0.4372251033782959,0.0,0.0,False,0.4421075582504272,0.5180642008781433,0.79473876953125,0.7154899835586548,0.9765625,0.96875,/shared/ssd_30T/zhuoyingyang/physact/sam3_robowm/identity_v1/sam_masked_negative6/crops/Cosmos3_seed101_0039/frame_0153_rank_01.png,/shared/ssd_30T/zhuoyingyang/physact/sam3_robowm/identity_v1/sam_masked_negative6/crops/Cosmos3_seed101_0039/frame_0153_rank_02.png
Cosmos3_seed101_0039,153,1,3,0.1902187168598175,0.0,0.0,False,0.4421075582504272,0.1969460397958755,0.79473876953125,0.662851095199585,0.9765625,0.9453125,/shared/ssd_30T/zhuoyingyang/physact/sam3_robowm/identity_v1/sam_masked_negative6/crops/Cosmos3_seed101_0039/frame_0153_rank_01.png,/shared/ssd_30T/zhuoyingyang/physact/sam3_robowm/identity_v1/sam_masked_negative6/crops/Cosmos3_seed101_0039/frame_0153_rank_03.png
Cosmos3_seed101_0039,153,2,3,0.19875448942184448,0.0,0.0,False,0.5180642008781433,0.1969460397958755,0.7154899835586548,0.662851095199585,0.96875,0.9453125,/shared/ssd_30T/zhuoyingyang/physact/sam3_robowm/identity_v1/sam_masked_negative6/crops/Cosmos3_seed101_0039/frame_0153_rank_02.png,/shared/ssd_30T/zhuoyingyang/physact/sam3_robowm/identity_v1/sam_masked_negative6/crops/Cosmos3_seed101_0039/frame_0153_rank_03.png
Cosmos3_seed101_0039,156,1,2,0.4062637388706207,0.0,0.0,False,0.511189341545105,0.4940758645534515,0.7828609943389893,0.7181395888328552,0.9765625,0.96484375,/shared/ssd_30T/zhuoyingyang/physact/sam3_robowm/identity_v1/sam_masked_negative6/crops/Cosmos3_seed101_0039/frame_0156_rank_01.png,/shared/ssd_30T/zhuoyingyang/physact/sam3_robowm/identity_v1/sam_masked_negative6/crops/Cosmos3_seed101_0039/frame_0156_rank_02.png
Cosmos3_seed101_0039,156,1,3,0.2551240921020508,0.0,0.0,False,0.511189341545105,0.2049576044082641,0.7828609943389893,0.6787181496620178,0.9765625,0.94140625,/shared/ssd_30T/zhuoyingyang/physact/sam3_robowm/identity_v1/sam_masked_negative6/crops/Cosmos3_seed101_0039/frame_0156_rank_01.png,/shared/ssd_30T/zhuoyingyang/physact/sam3_robowm/identity_v1/sam_masked_negative6/crops/Cosmos3_seed101_0039/frame_0156_rank_03.png
Cosmos3_seed101_0039,156,2,3,0.22996442019939423,0.0,0.0,False,0.4940758645534515,0.2049576044082641,0.7181395888328552,0.6787181496620178,0.96484375,0.94140625,/shared/ssd_30T/zhuoyingyang/physact/sam3_robowm/identity_v1/sam_masked_negative6/crops/Cosmos3_seed101_0039/frame_0156_rank_02.png,/shared/ssd_30T/zhuoyingyang/physact/sam3_robowm/identity_v1/sam_masked_negative6/crops/Cosmos3_seed101_0039/frame_0156_rank_03.png
Cosmos3_seed101_0039,159,1,2,0.3532050549983978,0.0,0.0,False,0.4834617078304291,0.4736775755882263,0.7983414530754089,0.7131645083427429,0.9765625,0.9609375,/shared/ssd_30T/zhuoyingyang/physact/sam3_robowm/identity_v1/sam_masked_negative6/crops/Cosmos3_seed101_0039/frame_0159_rank_01.png,/shared/ssd_30T/zhuoyingyang/physact/sam3_robowm/identity_v1/sam_masked_negative6/crops/Cosmos3_seed101_0039/frame_0159_rank_02.png
Cosmos3_seed101_0039,159,1,3,0.30218085646629333,0.0,0.0,False,0.4834617078304291,0.1242401599884033,0.7983414530754089,0.7098919153213501,0.9765625,0.9453125,/shared/ssd_30T/zhuoyingyang/physact/sam3_robowm/identity_v1/sam_masked_negative6/crops/Cosmos3_seed101_0039/frame_0159_rank_01.png,/shared/ssd_30T/zhuoyingyang/physact/sam3_robowm/identity_v1/sam_masked_negative6/crops/Cosmos3_seed101_0039/frame_0159_rank_03.png
Cosmos3_seed101_0039,159,2,3,0.45985105633735657,0.2509740979064787,1.0,True,0.4736775755882263,0.1242401599884033,0.7131645083427429,0.7098919153213501,0.9609375,0.9453125,/shared/ssd_30T/zhuoyingyang/physact/sam3_robowm/identity_v1/sam_masked_negative6/crops/Cosmos3_seed101_0039/frame_0159_rank_02.png,/shared/ssd_30T/zhuoyingyang/physact/sam3_robowm/identity_v1/sam_masked_negative6/crops/Cosmos3_seed101_0039/frame_0159_rank_03.png
Cosmos3_seed101_0039,162,1,2,0.3494207262992859,0.0,0.0,False,0.5203485488891602,0.4079892039299011,0.7785463333129883,0.6598284840583801,0.9765625,0.9609375,/shared/ssd_30T/zhuoyingyang/physact/sam3_robowm/identity_v1/sam_masked_negative6/crops/Cosmos3_seed101_0039/frame_0162_rank_01.png,/shared/ssd_30T/zhuoyingyang/physact/sam3_robowm/identity_v1/sam_masked_negative6/crops/Cosmos3_seed101_0039/frame_0162_rank_02.png
Cosmos3_seed101_0039,162,1,3,0.22876553237438202,0.0,0.0,False,0.5203485488891602,0.2484710067510604,0.7785463333129883,0.6438697576522827,0.9765625,0.953125,/shared/ssd_30T/zhuoyingyang/physact/sam3_robowm/identity_v1/sam_masked_negative6/crops/Cosmos3_seed101_0039/frame_0162_rank_01.png,/shared/ssd_30T/zhuoyingyang/physact/sam3_robowm/identity_v1/sam_masked_negative6/crops/Cosmos3_seed101_0039/frame_0162_rank_03.png
Cosmos3_seed101_0039,162,2,3,0.13689669966697693,0.0,0.0,False,0.4079892039299011,0.2484710067510604,0.6598284840583801,0.6438697576522827,0.9609375,0.953125,/shared/ssd_30T/zhuoyingyang/physact/sam3_robowm/identity_v1/sam_masked_negative6/crops/Cosmos3_seed101_0039/frame_0162_rank_02.png,/shared/ssd_30T/zhuoyingyang/physact/sam3_robowm/identity_v1/sam_masked_negative6/crops/Cosmos3_seed101_0039/frame_0162_rank_03.png
Cosmos3_seed101_0039,165,1,2,0.3521013557910919,0.0,0.0,False,0.5080167055130005,0.1569520384073257,0.7533656358718872,0.7167487740516663,0.9765625,0.94921875,/shared/ssd_30T/zhuoyingyang/physact/sam3_robowm/identity_v1/sam_masked_negative6/crops/Cosmos3_seed101_0039/frame_0165_rank_01.png,/shared/ssd_30T/zhuoyingyang/physact/sam3_robowm/identity_v1/sam_masked_negative6/crops/Cosmos3_seed101_0039/frame_0165_rank_02.png
Cosmos3_seed101_0039,165,1,3,0.3027263879776001,0.0,0.0,False,0.5080167055130005,0.440089464187622,0.7533656358718872,0.6858752965927124,0.9765625,0.97265625,/shared/ssd_30T/zhuoyingyang/physact/sam3_robowm/identity_v1/sam_masked_negative6/crops/Cosmos3_seed101_0039/frame_0165_rank_01.png,/shared/ssd_30T/zhuoyingyang/physact/sam3_robowm/identity_v1/sam_masked_negative6/crops/Cosmos3_seed101_0039/frame_0165_rank_03.png
Cosmos3_seed101_0039,165,2,3,0.5110816955566406,0.3378385483073395,1.0,True,0.1569520384073257,0.440089464187622,0.7167487740516663,0.6858752965927124,0.94921875,0.97265625,/shared/ssd_30T/zhuoyingyang/physact/sam3_robowm/identity_v1/sam_masked_negative6/crops/Cosmos3_seed101_0039/frame_0165_rank_02.png,/shared/ssd_30T/zhuoyingyang/physact/sam3_robowm/identity_v1/sam_masked_negative6/crops/Cosmos3_seed101_0039/frame_0165_rank_03.png
Cosmos3_seed101_0039,168,1,2,0.31745097041130066,0.0,0.0,False,0.5118289589881897,0.1880868524312973,0.7745896577835083,0.7182115912437439,0.9765625,0.953125,/shared/ssd_30T/zhuoyingyang/physact/sam3_robowm/identity_v1/sam_masked_negative6/crops/Cosmos3_seed101_0039/frame_0168_rank_01.png,/shared/ssd_30T/zhuoyingyang/physact/sam3_robowm/identity_v1/sam_masked_negative6/crops/Cosmos3_seed101_0039/frame_0168_rank_02.png
Cosmos3_seed101_0039,168,1,3,0.3446791470050812,0.0,0.0,False,0.5118289589881897,0.4467374980449676,0.7745896577835083,0.7098060846328735,0.9765625,0.97265625,/shared/ssd_30T/zhuoyingyang/physact/sam3_robowm/identity_v1/sam_masked_negative6/crops/Cosmos3_seed101_0039/frame_0168_rank_01.png,/shared/ssd_30T/zhuoyingyang/physact/sam3_robowm/identity_v1/sam_masked_negative6/crops/Cosmos3_seed101_0039/frame_0168_rank_03.png
Cosmos3_seed101_0039,168,2,3,0.5138618350028992,0.36527160869708797,1.0,True,0.1880868524312973,0.4467374980449676,0.7182115912437439,0.7098060846328735,0.953125,0.97265625,/shared/ssd_30T/zhuoyingyang/physact/sam3_robowm/identity_v1/sam_masked_negative6/crops/Cosmos3_seed101_0039/frame_0168_rank_02.png,/shared/ssd_30T/zhuoyingyang/physact/sam3_robowm/identity_v1/sam_masked_negative6/crops/Cosmos3_seed101_0039/frame_0168_rank_03.png
Cosmos3_seed101_0039,171,1,2,0.21763727068901062,0.0,0.0,False,0.4843127131462097,0.1234521344304084,0.7769699096679688,0.6649483442306519,0.9765625,0.9296875,/shared/ssd_30T/zhuoyingyang/physact/sam3_robowm/identity_v1/sam_masked_negative6/crops/Cosmos3_seed101_0039/frame_0171_rank_01.png,/shared/ssd_30T/zhuoyingyang/physact/sam3_robowm/identity_v1/sam_masked_negative6/crops/Cosmos3_seed101_0039/frame_0171_rank_02.png
Cosmos3_seed101_0039,171,1,3,0.21159499883651733,0.0,0.0,False,0.4843127131462097,0.2035606205463409,0.7769699096679688,0.663213312625885,0.9765625,0.95703125,/shared/ssd_30T/zhuoyingyang/physact/sam3_robowm/identity_v1/sam_masked_negative6/crops/Cosmos3_seed101_0039/frame_0171_rank_01.png,/shared/ssd_30T/zhuoyingyang/physact/sam3_robowm/identity_v1/sam_masked_negative6/crops/Cosmos3_seed101_0039/frame_0171_rank_03.png
Cosmos3_seed101_0039,171,2,3,0.3099748194217682,0.0,0.0,False,0.1234521344304084,0.2035606205463409,0.6649483442306519,0.663213312625885,0.9296875,0.95703125,/shared/ssd_30T/zhuoyingyang/physact/sam3_robowm/identity_v1/sam_masked_negative6/crops/Cosmos3_seed101_0039/frame_0171_rank_02.png,/shared/ssd_30T/zhuoyingyang/physact/sam3_robowm/identity_v1/sam_masked_negative6/crops/Cosmos3_seed101_0039/frame_0171_rank_03.png
Cosmos3_seed101_0039,174,1,2,0.848254919052124,0.0017607549566576492,0.004513333628020687,False,0.626240611076355,0.6054510474205017,0.7748269438743591,0.7734258770942688,0.97265625,0.97265625,/shared/ssd_30T/zhuoyingyang/physact/sam3_robowm/identity_v1/sam_masked_negative6/crops/Cosmos3_seed101_0039/frame_0174_rank_01.png,/shared/ssd_30T/zhuoyingyang/physact/sam3_robowm/identity_v1/sam_masked_negative6/crops/Cosmos3_seed101_0039/frame_0174_rank_02.png
Cosmos3_seed101_0039,174,1,3,0.31226903200149536,0.020372976538846024,0.06562893073703409,False,0.626240611076355,0.3744884133338928,0.7748269438743591,0.745252251625061,0.97265625,0.9765625,/shared/ssd_30T/zhuoyingyang/physact/sam3_robowm/identity_v1/sam_masked_negative6/crops/Cosmos3_seed101_0039/frame_0174_rank_01.png,/shared/ssd_30T/zhuoyingyang/physact/sam3_robowm/identity_v1/sam_masked_negative6/crops/Cosmos3_seed101_0039/frame_0174_rank_03.png
Cosmos3_seed101_0039,174,2,3,0.37983691692352295,0.0,0.0,False,0.6054510474205017,0.3744884133338928,0.7734258770942688,0.745252251625061,0.97265625,0.9765625,/shared/ssd_30T/zhuoyingyang/physact/sam3_robowm/identity_v1/sam_masked_negative6/crops/Cosmos3_seed101_0039/frame_0174_rank_02.png,/shared/ssd_30T/zhuoyingyang/physact/sam3_robowm/identity_v1/sam_masked_negative6/crops/Cosmos3_seed101_0039/frame_0174_rank_03.png
Cosmos3_seed101_0039,177,1,2,0.9259004592895508,0.009363382703018806,0.024233145445486524,False,0.620039701461792,0.6447811722755432,0.7686506509780884,0.7642550468444824,0.97265625,0.97265625,/shared/ssd_30T/zhuoyingyang/physact/sam3_robowm/identity_v1/sam_masked_negative6/crops/Cosmos3_seed101_0039/frame_0177_rank_01.png,/shared/ssd_30T/zhuoyingyang/physact/sam3_robowm/identity_v1/sam_masked_negative6/crops/Cosmos3_seed101_0039/frame_0177_rank_02.png
Cosmos3_seed101_0039,177,1,3,0.38122501969337463,0.0,0.0,False,0.620039701461792,0.3475382030010223,0.7686506509780884,0.7506614327430725,0.97265625,0.9765625,/shared/ssd_30T/zhuoyingyang/physact/sam3_robowm/identity_v1/sam_masked_negative6/crops/Cosmos3_seed101_0039/frame_0177_rank_01.png,/shared/ssd_30T/zhuoyingyang/physact/sam3_robowm/identity_v1/sam_masked_negative6/crops/Cosmos3_seed101_0039/frame_0177_rank_03.png
Cosmos3_seed101_0039,177,2,3,0.34569472074508667,0.0268519390026017,0.08467890455584393,False,0.6447811722755432,0.3475382030010223,0.7642550468444824,0.7506614327430725,0.97265625,0.9765625,/shared/ssd_30T/zhuoyingyang/physact/sam3_robowm/identity_v1/sam_masked_negative6/crops/Cosmos3_seed101_0039/frame_0177_rank_02.png,/shared/ssd_30T/zhuoyingyang/physact/sam3_robowm/identity_v1/sam_masked_negative6/crops/Cosmos3_seed101_0039/frame_0177_rank_03.png
Cosmos3_seed101_0039,180,1,2,0.8896011114120483,0.022206443306153695,0.05640723443477296,False,0.6219459772109985,0.6368038058280945,0.7691018581390381,0.7604398727416992,0.97265625,0.97265625,/shared/ssd_30T/zhuoyingyang/physact/sam3_robowm/identity_v1/sam_masked_negative6/crops/Cosmos3_seed101_0039/frame_0180_rank_01.png,/shared/ssd_30T/zhuoyingyang/physact/sam3_robowm/identity_v1/sam_masked_negative6/crops/Cosmos3_seed101_0039/frame_0180_rank_02.png
Cosmos3_seed101_0039,180,1,3,0.3695142865180969,0.0,0.0,False,0.6219459772109985,0.3227567672729492,0.7691018581390381,0.7314658164978027,0.97265625,0.9765625,/shared/ssd_30T/zhuoyingyang/physact/sam3_robowm/identity_v1/sam_masked_negative6/crops/Cosmos3_seed101_0039/frame_0180_rank_01.png,/shared/ssd_30T/zhuoyingyang/physact/sam3_robowm/identity_v1/sam_masked_negative6/crops/Cosmos3_seed101_0039/frame_0180_rank_03.png
Cosmos3_seed101_0039,180,2,3,0.31856250762939453,0.015386871750379075,0.04943590907054235,False,0.6368038058280945,0.3227567672729492,0.7604398727416992,0.7314658164978027,0.97265625,0.9765625,/shared/ssd_30T/zhuoyingyang/physact/sam3_robowm/identity_v1/sam_masked_negative6/crops/Cosmos3_seed101_0039/frame_0180_rank_02.png,/shared/ssd_30T/zhuoyingyang/physact/sam3_robowm/identity_v1/sam_masked_negative6/crops/Cosmos3_seed101_0039/frame_0180_rank_03.png
Cosmos3_seed101_0039,183,1,2,0.38907960057258606,0.0,0.0,False,0.3507257401943207,0.5837661623954773,0.7481127977371216,0.7433516979217529,0.9765625,0.97265625,/shared/ssd_30T/zhuoyingyang/physact/sam3_robowm/identity_v1/sam_masked_negative6/crops/Cosmos3_seed101_0039/frame_0183_rank_01.png,/shared/ssd_30T/zhuoyingyang/physact/sam3_robowm/identity_v1/sam_masked_negative6/crops/Cosmos3_seed101_0039/frame_0183_rank_02.png
Cosmos3_seed101_0039,183,1,3,0.33519724011421204,0.013185492640444305,0.044163160284878,False,0.3507257401943207,0.6189270615577698,0.7481127977371216,0.7245504260063171,0.9765625,0.97265625,/shared/ssd_30T/zhuoyingyang/physact/sam3_robowm/identity_v1/sam_masked_negative6/crops/Cosmos3_seed101_0039/frame_0183_rank_01.png,/shared/ssd_30T/zhuoyingyang/physact/sam3_robowm/identity_v1/sam_masked_negative6/crops/Cosmos3_seed101_0039/frame_0183_rank_03.png
Cosmos3_seed101_0039,183,2,3,0.8764439225196838,0.014853298859747654,0.03706528297192283,False,0.5837661623954773,0.6189270615577698,0.7433516979217529,0.7245504260063171,0.97265625,0.97265625,/shared/ssd_30T/zhuoyingyang/physact/sam3_robowm/identity_v1/sam_masked_negative6/crops/Cosmos3_seed101_0039/frame_0183_rank_02.png,/shared/ssd_30T/zhuoyingyang/physact/sam3_robowm/identity_v1/sam_masked_negative6/crops/Cosmos3_seed101_0039/frame_0183_rank_03.png
Cosmos3_seed101_0039,186,1,2,0.3686123788356781,0.0,0.0,False,0.5928258299827576,0.2834964692592621,0.7635469436645508,0.7567769289016724,0.97265625,0.9765625,/shared/ssd_30T/zhuoyingyang/physact/sam3_robowm/identity_v1/sam_masked_negative6/crops/Cosmos3_seed101_0039/frame_0186_rank_01.png,/shared/ssd_30T/zhuoyingyang/physact/sam3_robowm/identity_v1/sam_masked_negative6/crops/Cosmos3_seed101_0039/frame_0186_rank_02.png
Cosmos3_seed101_0039,186,1,3,0.8901856541633606,0.012818897948596177,0.03281923636733719,False,0.5928258299827576,0.6305503249168396,0.7635469436645508,0.7353832721710205,0.97265625,0.97265625,/shared/ssd_30T/zhuoyingyang/physact/sam3_robowm/identity_v1/sam_masked_negative6/crops/Cosmos3_seed101_0039/frame_0186_rank_01.png,/shared/ssd_30T/zhuoyingyang/physact/sam3_robowm/identity_v1/sam_masked_negative6/crops/Cosmos3_seed101_0039/frame_0186_rank_03.png
Cosmos3_seed101_0039,186,2,3,0.3473016619682312,0.017405559436740162,0.05733014761436771,False,0.2834964692592621,0.6305503249168396,0.7567769289016724,0.7353832721710205,0.9765625,0.97265625,/shared/ssd_30T/zhuoyingyang/physact/sam3_robowm/identity_v1/sam_masked_negative6/crops/Cosmos3_seed101_0039/frame_0186_rank_02.png,/shared/ssd_30T/zhuoyingyang/physact/sam3_robowm/identity_v1/sam_masked_negative6/crops/Cosmos3_seed101_0039/frame_0186_rank_03.png
Cosmos3_seed101_0039,188,1,2,0.38194143772125244,0.0,0.0,False,0.5910513997077942,0.3250085711479187,0.7660213708877563,0.7652304172515869,0.97265625,0.9765625,/shared/ssd_30T/zhuoyingyang/physact/sam3_robowm/identity_v1/sam_masked_negative6/crops/Cosmos3_seed101_0039/frame_0188_rank_01.png,/shared/ssd_30T/zhuoyingyang/physact/sam3_robowm/identity_v1/sam_masked_negative6/crops/Cosmos3_seed101_0039/frame_0188_rank_02.png
Cosmos3_seed101_0039,188,1,3,0.9160282611846924,0.01182308846694566,0.030483694223608502,False,0.5910513997077942,0.6246359348297119,0.7660213708877563,0.749008059501648,0.97265625,0.97265625,/shared/ssd_30T/zhuoyingyang/physact/sam3_robowm/identity_v1/sam_masked_negative6/crops/Cosmos3_seed101_0039/frame_0188_rank_01.png,/shared/ssd_30T/zhuoyingyang/physact/sam3_robowm/identity_v1/sam_masked_negative6/crops/Cosmos3_seed101_0039/frame_0188_rank_03.png
Cosmos3_seed101_0039,188,2,3,0.3373287618160248,0.017247416191932565,0.056987399070846746,False,0.3250085711479187,0.6246359348297119,0.7652304172515869,0.749008059501648,0.9765625,0.97265625,/shared/ssd_30T/zhuoyingyang/physact/sam3_robowm/identity_v1/sam_masked_negative6/crops/Cosmos3_seed101_0039/frame_0188_rank_02.png,/shared/ssd_30T/zhuoyingyang/physact/sam3_robowm/identity_v1/sam_masked_negative6/crops/Cosmos3_seed101_0039/frame_0188_rank_03.png
Cosmos3_seed101_0049,111,1,2,0.3716127276420593,0.0,0.0,False,0.7252269983291626,0.1076591908931732,0.9143565893173218,0.6826203465461731,0.9765625,0.91796875,/shared/ssd_30T/zhuoyingyang/physact/sam3_robowm/identity_v1/sam_masked_negative6/crops/Cosmos3_seed101_0049/frame_0111_rank_01.png,/shared/ssd_30T/zhuoyingyang/physact/sam3_robowm/identity_v1/sam_masked_negative6/crops/Cosmos3_seed101_0049/frame_0111_rank_02.png
Cosmos3_seed101_0049,114,1,2,0.13959352672100067,0.036473953190529915,0.9829952573002553,True,0.7249414920806885,0.1035143062472343,0.9146944284439088,0.6209700107574463,0.9765625,0.96875,/shared/ssd_30T/zhuoyingyang/physact/sam3_robowm/identity_v1/sam_masked_negative6/crops/Cosmos3_seed101_0049/frame_0114_rank_01.png,/shared/ssd_30T/zhuoyingyang/physact/sam3_robowm/identity_v1/sam_masked_negative6/crops/Cosmos3_seed101_0049/frame_0114_rank_02.png
Cosmos3_seed101_0049,117,1,2,0.5015942454338074,0.0,0.0,False,0.6758908629417419,0.1055041402578353,0.93362957239151,0.660864531993866,0.9765625,0.91796875,/shared/ssd_30T/zhuoyingyang/physact/sam3_robowm/identity_v1/sam_masked_negative6/crops/Cosmos3_seed101_0049/frame_0117_rank_01.png,/shared/ssd_30T/zhuoyingyang/physact/sam3_robowm/identity_v1/sam_masked_negative6/crops/Cosmos3_seed101_0049/frame_0117_rank_02.png
Cosmos3_seed101_0049,117,1,3,0.1451381891965866,0.036476524148417025,0.9780836858149002,True,0.6758908629417419,0.129189908504486,0.93362957239151,0.6229407787322998,0.9765625,0.9765625,/shared/ssd_30T/zhuoyingyang/physact/sam3_robowm/identity_v1/sam_masked_negative6/crops/Cosmos3_seed101_0049/frame_0117_rank_01.png,/shared/ssd_30T/zhuoyingyang/physact/sam3_robowm/identity_v1/sam_masked_negative6/crops/Cosmos3_seed101_0049/frame_0117_rank_03.png
Cosmos3_seed101_0049,117,2,3,0.0365104079246521,0.00661520657696237,1.0,True,0.1055041402578353,0.129189908504486,0.660864531993866,0.6229407787322998,0.91796875,0.9765625,/shared/ssd_30T/zhuoyingyang/physact/sam3_robowm/identity_v1/sam_masked_negative6/crops/Cosmos3_seed101_0049/frame_0117_rank_02.png,/shared/ssd_30T/zhuoyingyang/physact/sam3_robowm/identity_v1/sam_masked_negative6/crops/Cosmos3_seed101_0049/frame_0117_rank_03.png
Cosmos3_seed101_0049,120,1,2,0.15476173162460327,0.03660560435427814,0.9764287040198736,True,0.6599117517471313,0.1377718150615692,0.9322694540023804,0.6082704067230225,0.9765625,0.98046875,/shared/ssd_30T/zhuoyingyang/physact/sam3_robowm/identity_v1/sam_masked_negative6/crops/Cosmos3_seed101_0049/frame_0120_rank_01.png,/shared/ssd_30T/zhuoyingyang/physact/sam3_robowm/identity_v1/sam_masked_negative6/crops/Cosmos3_seed101_0049/frame_0120_rank_02.png
Cosmos3_seed101_0049,120,1,3,0.3647794723510742,0.0,0.0,False,0.6599117517471313,0.1031498983502388,0.9322694540023804,0.5974797010421753,0.9765625,0.9375,/shared/ssd_30T/zhuoyingyang/physact/sam3_robowm/identity_v1/sam_masked_negative6/crops/Cosmos3_seed101_0049/frame_0120_rank_01.png,/shared/ssd_30T/zhuoyingyang/physact/sam3_robowm/identity_v1/sam_masked_negative6/crops/Cosmos3_seed101_0049/frame_0120_rank_03.png
Cosmos3_seed101_0049,120,2,3,0.09804237633943558,0.052884277312650614,1.0,True,0.1377718150615692,0.1031498983502388,0.6082704067230225,0.5974797010421753,0.98046875,0.9375,/shared/ssd_30T/zhuoyingyang/physact/sam3_robowm/identity_v1/sam_masked_negative6/crops/Cosmos3_seed101_0049/frame_0120_rank_02.png,/shared/ssd_30T/zhuoyingyang/physact/sam3_robowm/identity_v1/sam_masked_negative6/crops/Cosmos3_seed101_0049/frame_0120_rank_03.png
Cosmos3_seed101_0049,123,1,2,0.14134463667869568,0.043209026890117685,0.97495119639403,True,0.6956770420074463,0.1153947040438652,0.9287137985229492,0.621855616569519,0.9765625,0.9453125,/shared/ssd_30T/zhuoyingyang/physact/sam3_robowm/identity_v1/sam_masked_negative6/crops/Cosmos3_seed101_0049/frame_0123_rank_01.png,/shared/ssd_30T/zhuoyingyang/physact/sam3_robowm/identity_v1/sam_masked_negative6/crops/Cosmos3_seed101_0049/frame_0123_rank_02.png
Cosmos3_seed101_0049,123,1,3,0.36111393570899963,0.0,0.0,False,0.6956770420074463,0.1336133778095245,0.9287137985229492,0.6199710965156555,0.9765625,0.94140625,/shared/ssd_30T/zhuoyingyang/physact/sam3_robowm/identity_v1/sam_masked_negative6/crops/Cosmos3_seed101_0049/frame_0123_rank_01.png,/shared/ssd_30T/zhuoyingyang/physact/sam3_robowm/identity_v1/sam_masked_negative6/crops/Cosmos3_seed101_0049/frame_0123_rank_03.png
Cosmos3_seed101_0049,123,2,3,0.11737863719463348,0.06543101154507999,1.0,True,0.1153947040438652,0.1336133778095245,0.621855616569519,0.6199710965156555,0.9453125,0.94140625,/shared/ssd_30T/zhuoyingyang/physact/sam3_robowm/identity_v1/sam_masked_negative6/crops/Cosmos3_seed101_0049/frame_0123_rank_02.png,/shared/ssd_30T/zhuoyingyang/physact/sam3_robowm/identity_v1/sam_masked_negative6/crops/Cosmos3_seed101_0049/frame_0123_rank_03.png
Cosmos3_seed101_0049,126,1,2,0.09544886648654938,0.042797044096623035,0.9645015028895013,True,0.7371585965156555,0.1006999686360359,0.8957846164703369,0.6313347816467285,0.97265625,0.953125,/shared/ssd_30T/zhuoyingyang/physact/sam3_robowm/identity_v1/sam_masked_negative6/crops/Cosmos3_seed101_0049/frame_0126_rank_01.png,/shared/ssd_30T/zhuoyingyang/physact/sam3_robowm/identity_v1/sam_masked_negative6/crops/Cosmos3_seed101_0049/frame_0126_rank_02.png
Cosmos3_seed101_0049,129,1,2,0.5057623386383057,0.0,0.0,False,0.6411424875259399,0.1375878304243087,0.7717106342315674,0.6693378686904907,0.97265625,0.9140625,/shared/ssd_30T/zhuoyingyang/physact/sam3_robowm/identity_v1/sam_masked_negative6/crops/Cosmos3_seed101_0049/frame_0129_rank_01.png,/shared/ssd_30T/zhuoyingyang/physact/sam3_robowm/identity_v1/sam_masked_negative6/crops/Cosmos3_seed101_0049/frame_0129_rank_02.png
Cosmos3_seed101_0049,129,1,3,0.40707072615623474,0.0,0.0,False,0.6411424875259399,0.1689613163471222,0.7717106342315674,0.6210812330245972,0.97265625,0.9453125,/shared/ssd_30T/zhuoyingyang/physact/sam3_robowm/identity_v1/sam_masked_negative6/crops/Cosmos3_seed101_0049/frame_0129_rank_01.png,/shared/ssd_30T/zhuoyingyang/physact/sam3_robowm/identity_v1/sam_masked_negative6/crops/Cosmos3_seed101_0049/frame_0129_rank_03.png
Cosmos3_seed101_0049,129,2,3,0.4760366380214691,0.11641185997305241,0.9994838629438467,True,0.1375878304243087,0.1689613163471222,0.6693378686904907,0.6210812330245972,0.9140625,0.9453125,/shared/ssd_30T/zhuoyingyang/physact/sam3_robowm/identity_v1/sam_masked_negative6/crops/Cosmos3_seed101_0049/frame_0129_rank_02.png,/shared/ssd_30T/zhuoyingyang/physact/sam3_robowm/identity_v1/sam_masked_negative6/crops/Cosmos3_seed101_0049/frame_0129_rank_03.png
Cosmos3_seed101_0049,132,1,2,0.15080216526985168,0.03136786341284722,0.9185412908477331,True,0.7495921850204468,0.1020255461335182,0.8735144734382629,0.6395318508148193,0.97265625,0.98046875,/shared/ssd_30T/zhuoyingyang/physact/sam3_robowm/identity_v1/sam_masked_negative6/crops/Cosmos3_seed101_0049/frame_0132_rank_01.png,/shared/ssd_30T/zhuoyingyang/physact/sam3_robowm/identity_v1/sam_masked_negative6/crops/Cosmos3_seed101_0049/frame_0132_rank_02.png
Cosmos3_seed101_0049,135,1,2,0.19283483922481537,0.041198754851388374,1.0,True,0.606795608997345,0.1946253478527069,0.8692666292190552,0.6375147104263306,0.97265625,0.96875,/shared/ssd_30T/zhuoyingyang/physact/sam3_robowm/identity_v1/sam_masked_negative6/crops/Cosmos3_seed101_0049/frame_0135_rank_01.png,/shared/ssd_30T/zhuoyingyang/physact/sam3_robowm/identity_v1/sam_masked_negative6/crops/Cosmos3_seed101_0049/frame_0135_rank_02.png
Cosmos3_seed101_0049,147,1,2,0.5791043639183044,0.0,0.0,False,0.1458035558462143,0.1285769790410995,0.8662733435630798,0.8418653011322021,0.953125,0.95703125,/shared/ssd_30T/zhuoyingyang/physact/sam3_robowm/identity_v1/sam_masked_negative6/crops/Cosmos3_seed101_0049/frame_0147_rank_01.png,/shared/ssd_30T/zhuoyingyang/physact/sam3_robowm/identity_v1/sam_masked_negative6/crops/Cosmos3_seed101_0049/frame_0147_rank_02.png
Cosmos3_seed101_0049,147,1,3,0.6919068694114685,0.2468705298611238,1.0,True,0.1458035558462143,0.7563353180885315,0.8662733435630798,0.8263088464736938,0.953125,0.9765625,/shared/ssd_30T/zhuoyingyang/physact/sam3_robowm/identity_v1/sam_masked_negative6/crops/Cosmos3_seed101_0049/frame_0147_rank_01.png,/shared/ssd_30T/zhuoyingyang/physact/sam3_robowm/identity_v1/sam_masked_negative6/crops/Cosmos3_seed101_0049/frame_0147_rank_03.png
Cosmos3_seed101_0049,147,2,3,0.6893631219863892,0.28947840129005153,1.0,True,0.1285769790410995,0.7563353180885315,0.8418653011322021,0.8263088464736938,0.95703125,0.9765625,/shared/ssd_30T/zhuoyingyang/physact/sam3_robowm/identity_v1/sam_masked_negative6/crops/Cosmos3_seed101_0049/frame_0147_rank_02.png,/shared/ssd_30T/zhuoyingyang/physact/sam3_robowm/identity_v1/sam_masked_negative6/crops/Cosmos3_seed101_0049/frame_0147_rank_03.png
Cosmos3_seed101_0049,156,1,2,0.14350752532482147,0.01786495440873747,0.597947108011921,False,0.7434053421020508,0.1007272377610206,0.8513317108154297,0.5867058038711548,0.9765625,0.984375,/shared/ssd_30T/zhuoyingyang/physact/sam3_robowm/identity_v1/sam_masked_negative6/crops/Cosmos3_seed101_0049/frame_0156_rank_01.png,/shared/ssd_30T/zhuoyingyang/physact/sam3_robowm/identity_v1/sam_masked_negative6/crops/Cosmos3_seed101_0049/frame_0156_rank_02.png
Cosmos3_seed101_0049,159,1,2,0.18701595067977905,0.020031509032630606,0.7394578814418176,False,0.7182645797729492,0.103495568037033,0.8514865636825562,0.6167862415313721,0.97265625,0.98046875,/shared/ssd_30T/zhuoyingyang/physact/sam3_robowm/identity_v1/sam_masked_negative6/crops/Cosmos3_seed101_0049/frame_0159_rank_01.png,/shared/ssd_30T/zhuoyingyang/physact/sam3_robowm/identity_v1/sam_masked_negative6/crops/Cosmos3_seed101_0049/frame_0159_rank_02.png
Cosmos3_seed101_0049,165,1,2,0.4940614104270935,0.0,0.0,False,0.6531251668930054,0.1243727579712867,0.8499335050582886,0.6477257609367371,0.9609375,0.9140625,/shared/ssd_30T/zhuoyingyang/physact/sam3_robowm/identity_v1/sam_masked_negative6/crops/Cosmos3_seed101_0049/frame_0165_rank_01.png,/shared/ssd_30T/zhuoyingyang/physact/sam3_robowm/identity_v1/sam_masked_negative6/crops/Cosmos3_seed101_0049/frame_0165_rank_02.png
Cosmos3_seed101_0049,165,1,3,0.13218359649181366,0.017045610417943655,0.5503778641747376,False,0.6531251668930054,0.131158173084259,0.8499335050582886,0.5897045731544495,0.9609375,0.98046875,/shared/ssd_30T/zhuoyingyang/physact/sam3_robowm/identity_v1/sam_masked_negative6/crops/Cosmos3_seed101_0049/frame_0165_rank_01.png,/shared/ssd_30T/zhuoyingyang/physact/sam3_robowm/identity_v1/sam_masked_negative6/crops/Cosmos3_seed101_0049/frame_0165_rank_03.png
Cosmos3_seed101_0049,165,2,3,0.06788141280412674,0.00510640052133146,1.0,True,0.1243727579712867,0.131158173084259,0.6477257609367371,0.5897045731544495,0.9140625,0.98046875,/shared/ssd_30T/zhuoyingyang/physact/sam3_robowm/identity_v1/sam_masked_negative6/crops/Cosmos3_seed101_0049/frame_0165_rank_02.png,/shared/ssd_30T/zhuoyingyang/physact/sam3_robowm/identity_v1/sam_masked_negative6/crops/Cosmos3_seed101_0049/frame_0165_rank_03.png
Cosmos3_seed101_0049,168,1,2,0.6597546935081482,0.30878569812283124,1.0,True,0.6045081615447998,0.1242469176650047,0.8264739513397217,0.7208046317100525,0.97265625,0.94921875,/shared/ssd_30T/zhuoyingyang/physact/sam3_robowm/identity_v1/sam_masked_negative6/crops/Cosmos3_seed101_0049/frame_0168_rank_01.png,/shared/ssd_30T/zhuoyingyang/physact/sam3_robowm/identity_v1/sam_masked_negative6/crops/Cosmos3_seed101_0049/frame_0168_rank_02.png
Cosmos3_seed101_0049,168,1,3,0.6024574041366577,0.18403574849386334,1.0,True,0.6045081615447998,0.143881008028984,0.8264739513397217,0.6927273273468018,0.97265625,0.92578125,/shared/ssd_30T/zhuoyingyang/physact/sam3_robowm/identity_v1/sam_masked_negative6/crops/Cosmos3_seed101_0049/frame_0168_rank_01.png,/shared/ssd_30T/zhuoyingyang/physact/sam3_robowm/identity_v1/sam_masked_negative6/crops/Cosmos3_seed101_0049/frame_0168_rank_03.png
Cosmos3_seed101_0049,168,2,3,0.4531019330024719,0.0,0.0,False,0.1242469176650047,0.143881008028984,0.7208046317100525,0.6927273273468018,0.94921875,0.92578125,/shared/ssd_30T/zhuoyingyang/physact/sam3_robowm/identity_v1/sam_masked_negative6/crops/Cosmos3_seed101_0049/frame_0168_rank_02.png,/shared/ssd_30T/zhuoyingyang/physact/sam3_robowm/identity_v1/sam_masked_negative6/crops/Cosmos3_seed101_0049/frame_0168_rank_03.png
Cosmos3_seed101_0049,171,1,2,0.6890071034431458,0.4818878814541441,1.0,True,0.5441914796829224,0.1159618869423866,0.7303876876831055,0.7241587042808533,0.953125,0.953125,/shared/ssd_30T/zhuoyingyang/physact/sam3_robowm/identity_v1/sam_masked_negative6/crops/Cosmos3_seed101_0049/frame_0171_rank_01.png,/shared/ssd_30T/zhuoyingyang/physact/sam3_robowm/identity_v1/sam_masked_negative6/crops/Cosmos3_seed101_0049/frame_0171_rank_02.png
Cosmos3_seed101_0049,171,1,3,0.3808247447013855,0.0,0.0,False,0.5441914796829224,0.1007634177803993,0.7303876876831055,0.6619089841842651,0.953125,0.91015625,/shared/ssd_30T/zhuoyingyang/physact/sam3_robowm/identity_v1/sam_masked_negative6/crops/Cosmos3_seed101_0049/frame_0171_rank_01.png,/shared/ssd_30T/zhuoyingyang/physact/sam3_robowm/identity_v1/sam_masked_negative6/crops/Cosmos3_seed101_0049/frame_0171_rank_03.png
Cosmos3_seed101_0049,171,2,3,0.5406678318977356,0.0,0.0,False,0.1159618869423866,0.1007634177803993,0.7241587042808533,0.6619089841842651,0.953125,0.91015625,/shared/ssd_30T/zhuoyingyang/physact/sam3_robowm/identity_v1/sam_masked_negative6/crops/Cosmos3_seed101_0049/frame_0171_rank_02.png,/shared/ssd_30T/zhuoyingyang/physact/sam3_robowm/identity_v1/sam_masked_negative6/crops/Cosmos3_seed101_0049/frame_0171_rank_03.png
Cosmos3_seed101_0049,174,1,2,0.4891090393066406,0.0,0.0,False,0.5182263255119324,0.1745100766420364,0.7467780113220215,0.6588872671127319,0.96875,0.90234375,/shared/ssd_30T/zhuoyingyang/physact/sam3_robowm/identity_v1/sam_masked_negative6/crops/Cosmos3_seed101_0049/frame_0174_rank_01.png,/shared/ssd_30T/zhuoyingyang/physact/sam3_robowm/identity_v1/sam_masked_negative6/crops/Cosmos3_seed101_0049/frame_0174_rank_02.png
Cosmos3_seed101_0049,174,1,3,0.3012300133705139,0.0,0.0,False,0.5182263255119324,0.1310615241527557,0.7467780113220215,0.6032028198242188,0.96875,0.94921875,/shared/ssd_30T/zhuoyingyang/physact/sam3_robowm/identity_v1/sam_masked_negative6/crops/Cosmos3_seed101_0049/frame_0174_rank_01.png,/shared/ssd_30T/zhuoyingyang/physact/sam3_robowm/identity_v1/sam_masked_negative6/crops/Cosmos3_seed101_0049/frame_0174_rank_03.png
Cosmos3_seed101_0049,174,2,3,0.48156148195266724,0.11488413742876338,1.0,True,0.1745100766420364,0.1310615241527557,0.6588872671127319,0.6032028198242188,0.90234375,0.94921875,/shared/ssd_30T/zhuoyingyang/physact/sam3_robowm/identity_v1/sam_masked_negative6/crops/Cosmos3_seed101_0049/frame_0174_rank_02.png,/shared/ssd_30T/zhuoyingyang/physact/sam3_robowm/identity_v1/sam_masked_negative6/crops/Cosmos3_seed101_0049/frame_0174_rank_03.png
Cosmos3_seed101_0049,177,1,2,0.40598681569099426,0.0,0.0,False,0.5566132068634033,0.1591625213623047,0.7775004506111145,0.670112133026123,0.97265625,0.90234375,/shared/ssd_30T/zhuoyingyang/physact/sam3_robowm/identity_v1/sam_masked_negative6/crops/Cosmos3_seed101_0049/frame_0177_rank_01.png,/shared/ssd_30T/zhuoyingyang/physact/sam3_robowm/identity_v1/sam_masked_negative6/crops/Cosmos3_seed101_0049/frame_0177_rank_02.png
Cosmos3_seed101_0049,177,1,3,0.2827826142311096,0.0,0.0,False,0.5566132068634033,0.1253904700279235,0.7775004506111145,0.6140608191490173,0.97265625,0.94140625,/shared/ssd_30T/zhuoyingyang/physact/sam3_robowm/identity_v1/sam_masked_negative6/crops/Cosmos3_seed101_0049/frame_0177_rank_01.png,/shared/ssd_30T/zhuoyingyang/physact/sam3_robowm/identity_v1/sam_masked_negative6/crops/Cosmos3_seed101_0049/frame_0177_rank_03.png
Cosmos3_seed101_0049,177,2,3,0.4168623089790344,0.11370611958898362,1.0,True,0.1591625213623047,0.1253904700279235,0.670112133026123,0.6140608191490173,0.90234375,0.94140625,/shared/ssd_30T/zhuoyingyang/physact/sam3_robowm/identity_v1/sam_masked_negative6/crops/Cosmos3_seed101_0049/frame_0177_rank_02.png,/shared/ssd_30T/zhuoyingyang/physact/sam3_robowm/identity_v1/sam_masked_negative6/crops/Cosmos3_seed101_0049/frame_0177_rank_03.png
Cosmos3_seed101_0049,180,1,2,0.13749635219573975,0.011092189799557381,0.737811271372602,False,0.6361848711967468,0.1337522566318512,0.7801973223686218,0.5846927165985107,0.97265625,0.98828125,/shared/ssd_30T/zhuoyingyang/physact/sam3_robowm/identity_v1/sam_masked_negative6/crops/Cosmos3_seed101_0049/frame_0180_rank_01.png,/shared/ssd_30T/zhuoyingyang/physact/sam3_robowm/identity_v1/sam_masked_negative6/crops/Cosmos3_seed101_0049/frame_0180_rank_02.png
Cosmos3_seed101_0049,183,1,2,0.13606078922748566,0.009410922092163463,0.615031601143715,False,0.6310014128684998,0.1588494032621383,0.7751854658126831,0.5818699598312378,0.97265625,0.984375,/shared/ssd_30T/zhuoyingyang/physact/sam3_robowm/identity_v1/sam_masked_negative6/crops/Cosmos3_seed101_0049/frame_0183_rank_01.png,/shared/ssd_30T/zhuoyingyang/physact/sam3_robowm/identity_v1/sam_masked_negative6/crops/Cosmos3_seed101_0049/frame_0183_rank_02.png
Cosmos3_seed101_0049,186,1,2,0.13691440224647522,0.005291048894924699,0.33811496663708757,False,0.6511856913566589,0.1328050196170807,0.7816718816757202,0.580730676651001,0.97265625,0.98828125,/shared/ssd_30T/zhuoyingyang/physact/sam3_robowm/identity_v1/sam_masked_negative6/crops/Cosmos3_seed101_0049/frame_0186_rank_01.png,/shared/ssd_30T/zhuoyingyang/physact/sam3_robowm/identity_v1/sam_masked_negative6/crops/Cosmos3_seed101_0049/frame_0186_rank_02.png
Cosmos3_seed101_0049,188,1,2,0.14242812991142273,0.0029959065783653946,0.18755017952318365,False,0.6727854013442993,0.1213477700948715,0.7726283073425293,0.5842764377593994,0.97265625,0.984375,/shared/ssd_30T/zhuoyingyang/physact/sam3_robowm/identity_v1/sam_masked_negative6/crops/Cosmos3_seed101_0049/frame_0188_rank_01.png,/shared/ssd_30T/zhuoyingyang/physact/sam3_robowm/identity_v1/sam_masked_negative6/crops/Cosmos3_seed101_0049/frame_0188_rank_02.png
LVP_0062,30,1,2,0.5852394700050354,0.35265996297622093,1.0,True,0.640387773513794,0.2232289612293243,0.8661683201789856,0.7589421272277832,0.9765625,0.96875,/shared/ssd_30T/zhuoyingyang/physact/sam3_robowm/identity_v1/sam_masked_negative6/crops/LVP_0062/frame_0030_rank_01.png,/shared/ssd_30T/zhuoyingyang/physact/sam3_robowm/identity_v1/sam_masked_negative6/crops/LVP_0062/frame_0030_rank_02.png
LVP_0062,42,1,2,0.6040907502174377,0.37689715256374284,1.0,True,0.8267149329185486,0.1160123720765113,0.9083240032196044,0.835589587688446,0.97265625,0.95703125,/shared/ssd_30T/zhuoyingyang/physact/sam3_robowm/identity_v1/sam_masked_negative6/crops/LVP_0062/frame_0042_rank_01.png,/shared/ssd_30T/zhuoyingyang/physact/sam3_robowm/identity_v1/sam_masked_negative6/crops/LVP_0062/frame_0042_rank_02.png
LVP_0062,45,1,2,0.651128351688385,0.38026781149231265,1.0,True,0.8078992962837219,0.123277448117733,0.9045798778533936,0.8911863565444946,0.9765625,0.96484375,/shared/ssd_30T/zhuoyingyang/physact/sam3_robowm/identity_v1/sam_masked_negative6/crops/LVP_0062/frame_0045_rank_01.png,/shared/ssd_30T/zhuoyingyang/physact/sam3_robowm/identity_v1/sam_masked_negative6/crops/LVP_0062/frame_0045_rank_02.png
LVP_0062,48,1,2,0.6409797668457031,0.3795656068396165,1.0,True,0.7975670099258423,0.1244950518012046,0.9079241156578064,0.8995559215545654,0.9765625,0.96484375,/shared/ssd_30T/zhuoyingyang/physact/sam3_robowm/identity_v1/sam_masked_negative6/crops/LVP_0062/frame_0048_rank_01.png,/shared/ssd_30T/zhuoyingyang/physact/sam3_robowm/identity_v1/sam_masked_negative6/crops/LVP_0062/frame_0048_rank_02.png
LVP_0043,0,1,2,0.05204001069068909,0.47773644226355066,1.0,True,0.3885081112384796,0.2346064299345016,0.9220855236053468,0.7351398468017578,0.984375,0.9765625,/shared/ssd_30T/zhuoyingyang/physact/sam3_robowm/identity_v1/sam_masked_negative6/crops/LVP_0043/frame_0000_rank_01.png,/shared/ssd_30T/zhuoyingyang/physact/sam3_robowm/identity_v1/sam_masked_negative6/crops/LVP_0043/frame_0000_rank_02.png
LVP_0043,0,1,3,0.22988583147525787,0.006312038329418982,1.0,True,0.3885081112384796,0.1536426693201065,0.9220855236053468,0.5753049254417419,0.984375,0.8671875,/shared/ssd_30T/zhuoyingyang/physact/sam3_robowm/identity_v1/sam_masked_negative6/crops/LVP_0043/frame_0000_rank_01.png,/shared/ssd_30T/zhuoyingyang/physact/sam3_robowm/identity_v1/sam_masked_negative6/crops/LVP_0043/frame_0000_rank_03.png
LVP_0043,0,2,3,-0.07215404510498047,0.0030154907349277905,1.0,True,0.2346064299345016,0.1536426693201065,0.7351398468017578,0.5753049254417419,0.9765625,0.8671875,/shared/ssd_30T/zhuoyingyang/physact/sam3_robowm/identity_v1/sam_masked_negative6/crops/LVP_0043/frame_0000_rank_02.png,/shared/ssd_30T/zhuoyingyang/physact/sam3_robowm/identity_v1/sam_masked_negative6/crops/LVP_0043/frame_0000_rank_03.png
LVP_0043,3,1,2,0.03592683747410774,0.4804407148854449,1.0,True,0.392743706703186,0.2291856408119201,0.9265923500061036,0.7353644371032715,0.984375,0.9765625,/shared/ssd_30T/zhuoyingyang/physact/sam3_robowm/identity_v1/sam_masked_negative6/crops/LVP_0043/frame_0003_rank_01.png,/shared/ssd_30T/zhuoyingyang/physact/sam3_robowm/identity_v1/sam_masked_negative6/crops/LVP_0043/frame_0003_rank_02.png
LVP_0043,3,1,3,0.20422300696372986,0.0,0.0,False,0.392743706703186,0.1662462949752807,0.9265923500061036,0.5730979442596436,0.984375,0.87109375,/shared/ssd_30T/zhuoyingyang/physact/sam3_robowm/identity_v1/sam_masked_negative6/crops/LVP_0043/frame_0003_rank_01.png,/shared/ssd_30T/zhuoyingyang/physact/sam3_robowm/identity_v1/sam_masked_negative6/crops/LVP_0043/frame_0003_rank_03.png
LVP_0043,3,2,3,0.11654715240001678,0.009615953478872367,1.0,True,0.2291856408119201,0.1662462949752807,0.7353644371032715,0.5730979442596436,0.9765625,0.87109375,/shared/ssd_30T/zhuoyingyang/physact/sam3_robowm/identity_v1/sam_masked_negative6/crops/LVP_0043/frame_0003_rank_02.png,/shared/ssd_30T/zhuoyingyang/physact/sam3_robowm/identity_v1/sam_masked_negative6/crops/LVP_0043/frame_0003_rank_03.png
LVP_0043,6,1,2,0.031003961339592934,0.4783403796889544,1.0,True,0.397092342376709,0.2291952073574066,0.9203481674194336,0.7296169996261597,0.984375,0.98046875,/shared/ssd_30T/zhuoyingyang/physact/sam3_robowm/identity_v1/sam_masked_negative6/crops/LVP_0043/frame_0006_rank_01.png,/shared/ssd_30T/zhuoyingyang/physact/sam3_robowm/identity_v1/sam_masked_negative6/crops/LVP_0043/frame_0006_rank_02.png
LVP_0043,6,1,3,0.21029426157474518,0.0,0.0,False,0.397092342376709,0.1577049493789672,0.9203481674194336,0.5682202577590942,0.984375,0.875,/shared/ssd_30T/zhuoyingyang/physact/sam3_robowm/identity_v1/sam_masked_negative6/crops/LVP_0043/frame_0006_rank_01.png,/shared/ssd_30T/zhuoyingyang/physact/sam3_robowm/identity_v1/sam_masked_negative6/crops/LVP_0043/frame_0006_rank_03.png
LVP_0043,6,2,3,0.15145736932754517,0.009508828572925416,1.0,True,0.2291952073574066,0.1577049493789672,0.7296169996261597,0.5682202577590942,0.98046875,0.875,/shared/ssd_30T/zhuoyingyang/physact/sam3_robowm/identity_v1/sam_masked_negative6/crops/LVP_0043/frame_0006_rank_02.png,/shared/ssd_30T/zhuoyingyang/physact/sam3_robowm/identity_v1/sam_masked_negative6/crops/LVP_0043/frame_0006_rank_03.png
LVP_0043,9,1,2,0.052362456917762756,0.4824799493607559,1.0,True,0.3906866014003753,0.2322875261306762,0.9252994060516356,0.7301454544067383,0.984375,0.9765625,/shared/ssd_30T/zhuoyingyang/physact/sam3_robowm/identity_v1/sam_masked_negative6/crops/LVP_0043/frame_0009_rank_01.png,/shared/ssd_30T/zhuoyingyang/physact/sam3_robowm/identity_v1/sam_masked_negative6/crops/LVP_0043/frame_0009_rank_02.png
LVP_0043,9,1,3,0.20120015740394592,0.0,0.0,False,0.3906866014003753,0.1619714647531509,0.9252994060516356,0.5529958009719849,0.984375,0.8671875,/shared/ssd_30T/zhuoyingyang/physact/sam3_robowm/identity_v1/sam_masked_negative6/crops/LVP_0043/frame_0009_rank_01.png,/shared/ssd_30T/zhuoyingyang/physact/sam3_robowm/identity_v1/sam_masked_negative6/crops/LVP_0043/frame_0009_rank_03.png
LVP_0043,9,2,3,0.15343546867370605,0.00933652663804694,1.0,True,0.2322875261306762,0.1619714647531509,0.7301454544067383,0.5529958009719849,0.9765625,0.8671875,/shared/ssd_30T/zhuoyingyang/physact/sam3_robowm/identity_v1/sam_masked_negative6/crops/LVP_0043/frame_0009_rank_02.png,/shared/ssd_30T/zhuoyingyang/physact/sam3_robowm/identity_v1/sam_masked_negative6/crops/LVP_0043/frame_0009_rank_03.png
LVP_0043,12,1,2,0.05680808424949646,0.47977802256602853,1.0,True,0.3843119740486145,0.2365328222513198,0.8839205503463745,0.7139770984649658,0.984375,0.984375,/shared/ssd_30T/zhuoyingyang/physact/sam3_robowm/identity_v1/sam_masked_negative6/crops/LVP_0043/frame_0012_rank_01.png,/shared/ssd_30T/zhuoyingyang/physact/sam3_robowm/identity_v1/sam_masked_negative6/crops/LVP_0043/frame_0012_rank_02.png
LVP_0043,12,1,3,0.1933794617652893,0.006235783327334114,1.0,True,0.3843119740486145,0.1581864058971405,0.8839205503463745,0.5547839403152466,0.984375,0.80859375,/shared/ssd_30T/zhuoyingyang/physact/sam3_robowm/identity_v1/sam_masked_negative6/crops/LVP_0043/frame_0012_rank_01.png,/shared/ssd_30T/zhuoyingyang/physact/sam3_robowm/identity_v1/sam_masked_negative6/crops/LVP_0043/frame_0012_rank_03.png
LVP_0043,12,2,3,0.07996293157339096,0.002991791793938571,1.0,True,0.2365328222513198,0.1581864058971405,0.7139770984649658,0.5547839403152466,0.984375,0.80859375,/shared/ssd_30T/zhuoyingyang/physact/sam3_robowm/identity_v1/sam_masked_negative6/crops/LVP_0043/frame_0012_rank_02.png,/shared/ssd_30T/zhuoyingyang/physact/sam3_robowm/identity_v1/sam_masked_negative6/crops/LVP_0043/frame_0012_rank_03.png
LVP_0043,15,1,2,0.05375848710536957,0.4772033215206989,1.0,True,0.3833882212638855,0.237573817372322,0.8649885058403015,0.712271511554718,0.984375,0.984375,/shared/ssd_30T/zhuoyingyang/physact/sam3_robowm/identity_v1/sam_masked_negative6/crops/LVP_0043/frame_0015_rank_01.png,/shared/ssd_30T/zhuoyingyang/physact/sam3_robowm/identity_v1/sam_masked_negative6/crops/LVP_0043/frame_0015_rank_02.png
LVP_0043,15,1,3,0.1750997006893158,0.0,0.0,False,0.3833882212638855,0.1620208024978637,0.8649885058403015,0.5795376300811768,0.984375,0.8671875,/shared/ssd_30T/zhuoyingyang/physact/sam3_robowm/identity_v1/sam_masked_negative6/crops/LVP_0043/frame_0015_rank_01.png,/shared/ssd_30T/zhuoyingyang/physact/sam3_robowm/identity_v1/sam_masked_negative6/crops/LVP_0043/frame_0015_rank_03.png
LVP_0043,15,2,3,0.1337597370147705,0.009493396844050903,1.0,True,0.237573817372322,0.1620208024978637,0.712271511554718,0.5795376300811768,0.984375,0.8671875,/shared/ssd_30T/zhuoyingyang/physact/sam3_robowm/identity_v1/sam_masked_negative6/crops/LVP_0043/frame_0015_rank_02.png,/shared/ssd_30T/zhuoyingyang/physact/sam3_robowm/identity_v1/sam_masked_negative6/crops/LVP_0043/frame_0015_rank_03.png
LVP_0043,18,1,2,0.06453259289264679,0.47919923019550964,1.0,True,0.3810298442840576,0.2363761663436889,0.8175632357597351,0.7065456509590149,0.98046875,0.984375,/shared/ssd_30T/zhuoyingyang/physact/sam3_robowm/identity_v1/sam_masked_negative6/crops/LVP_0043/frame_0018_rank_01.png,/shared/ssd_30T/zhuoyingyang/physact/sam3_robowm/identity_v1/sam_masked_negative6/crops/LVP_0043/frame_0018_rank_02.png
LVP_0043,18,1,3,0.24221019446849823,0.006165752855751491,1.0,True,0.3810298442840576,0.1565406769514084,0.8175632357597351,0.554401159286499,0.98046875,0.8359375,/shared/ssd_30T/zhuoyingyang/physact/sam3_robowm/identity_v1/sam_masked_negative6/crops/LVP_0043/frame_0018_rank_01.png,/shared/ssd_30T/zhuoyingyang/physact/sam3_robowm/identity_v1/sam_masked_negative6/crops/LVP_0043/frame_0018_rank_03.png
LVP_0043,18,2,3,-0.05239909514784813,0.00295462402205188,1.0,True,0.2363761663436889,0.1565406769514084,0.7065456509590149,0.554401159286499,0.984375,0.8359375,/shared/ssd_30T/zhuoyingyang/physact/sam3_robowm/identity_v1/sam_masked_negative6/crops/LVP_0043/frame_0018_rank_02.png,/shared/ssd_30T/zhuoyingyang/physact/sam3_robowm/identity_v1/sam_masked_negative6/crops/LVP_0043/frame_0018_rank_03.png
LVP_0043,21,1,2,0.17734995484352112,0.4792021166132239,1.0,True,0.3764949738979339,0.2336517423391342,0.8056337833404541,0.7021983861923218,0.984375,0.984375,/shared/ssd_30T/zhuoyingyang/physact/sam3_robowm/identity_v1/sam_masked_negative6/crops/LVP_0043/frame_0021_rank_01.png,/shared/ssd_30T/zhuoyingyang/physact/sam3_robowm/identity_v1/sam_masked_negative6/crops/LVP_0043/frame_0021_rank_02.png
LVP_0043,21,1,3,0.2077111005783081,0.0061806747693374485,1.0,True,0.3764949738979339,0.1619134396314621,0.8056337833404541,0.5789604783058167,0.984375,0.82421875,/shared/ssd_30T/zhuoyingyang/physact/sam3_robowm/identity_v1/sam_masked_negative6/crops/LVP_0043/frame_0021_rank_01.png,/shared/ssd_30T/zhuoyingyang/physact/sam3_robowm/identity_v1/sam_masked_negative6/crops/LVP_0043/frame_0021_rank_03.png
LVP_0043,21,2,3,0.16964025795459747,0.0029617924315644547,1.0,True,0.2336517423391342,0.1619134396314621,0.7021983861923218,0.5789604783058167,0.984375,0.82421875,/shared/ssd_30T/zhuoyingyang/physact/sam3_robowm/identity_v1/sam_masked_negative6/crops/LVP_0043/frame_0021_rank_02.png,/shared/ssd_30T/zhuoyingyang/physact/sam3_robowm/identity_v1/sam_masked_negative6/crops/LVP_0043/frame_0021_rank_03.png
LVP_0043,24,1,2,0.4204314351081848,0.48067674075373745,1.0,True,0.3727054297924042,0.2108325064182281,0.8052057027816772,0.7071586847305298,0.984375,0.98828125,/shared/ssd_30T/zhuoyingyang/physact/sam3_robowm/identity_v1/sam_masked_negative6/crops/LVP_0043/frame_0024_rank_01.png,/shared/ssd_30T/zhuoyingyang/physact/sam3_robowm/identity_v1/sam_masked_negative6/crops/LVP_0043/frame_0024_rank_02.png
LVP_0043,24,1,3,0.20277933776378632,0.006123028092227103,1.0,True,0.3727054297924042,0.1605734676122665,0.8052057027816772,0.5547992587089539,0.984375,0.86328125,/shared/ssd_30T/zhuoyingyang/physact/sam3_robowm/identity_v1/sam_masked_negative6/crops/LVP_0043/frame_0024_rank_01.png,/shared/ssd_30T/zhuoyingyang/physact/sam3_robowm/identity_v1/sam_masked_negative6/crops/LVP_0043/frame_0024_rank_03.png
LVP_0043,24,2,3,0.14536011219024658,0.002943197186915299,1.0,True,0.2108325064182281,0.1605734676122665,0.7071586847305298,0.5547992587089539,0.98828125,0.86328125,/shared/ssd_30T/zhuoyingyang/physact/sam3_robowm/identity_v1/sam_masked_negative6/crops/LVP_0043/frame_0024_rank_02.png,/shared/ssd_30T/zhuoyingyang/physact/sam3_robowm/identity_v1/sam_masked_negative6/crops/LVP_0043/frame_0024_rank_03.png
LVP_0043,27,1,2,0.2030666470527649,0.48898096624718274,1.0,True,0.3811258971691131,0.2341768443584442,0.8025768995285034,0.7156461477279663,0.98046875,0.984375,/shared/ssd_30T/zhuoyingyang/physact/sam3_robowm/identity_v1/sam_masked_negative6/crops/LVP_0043/frame_0027_rank_01.png,/shared/ssd_30T/zhuoyingyang/physact/sam3_robowm/identity_v1/sam_masked_negative6/crops/LVP_0043/frame_0027_rank_02.png
LVP_0043,27,1,3,0.20608758926391602,0.00585097749956589,1.0,True,0.3811258971691131,0.1581821888685226,0.8025768995285034,0.5044355392456055,0.98046875,0.89453125,/shared/ssd_30T/zhuoyingyang/physact/sam3_robowm/identity_v1/sam_masked_negative6/crops/LVP_0043/frame_0027_rank_01.png,/shared/ssd_30T/zhuoyingyang/physact/sam3_robowm/identity_v1/sam_masked_negative6/crops/LVP_0043/frame_0027_rank_03.png
LVP_0043,27,2,3,0.15265628695487976,0.002861016631228254,1.0,True,0.2341768443584442,0.1581821888685226,0.7156461477279663,0.5044355392456055,0.984375,0.89453125,/shared/ssd_30T/zhuoyingyang/physact/sam3_robowm/identity_v1/sam_masked_negative6/crops/LVP_0043/frame_0027_rank_02.png,/shared/ssd_30T/zhuoyingyang/physact/sam3_robowm/identity_v1/sam_masked_negative6/crops/LVP_0043/frame_0027_rank_03.png
LVP_0043,30,1,2,0.18408629298210144,0.49048071172833607,1.0,True,0.380008339881897,0.2318855971097946,0.7965830564498901,0.7075232267379761,0.98046875,0.984375,/shared/ssd_30T/zhuoyingyang/physact/sam3_robowm/identity_v1/sam_masked_negative6/crops/LVP_0043/frame_0030_rank_01.png,/shared/ssd_30T/zhuoyingyang/physact/sam3_robowm/identity_v1/sam_masked_negative6/crops/LVP_0043/frame_0030_rank_02.png
LVP_0043,30,1,3,0.24992617964744568,0.0011237833377787877,0.05828542864449133,False,0.380008339881897,0.1556499600410461,0.7965830564498901,0.568760097026825,0.98046875,0.87109375,/shared/ssd_30T/zhuoyingyang/physact/sam3_robowm/identity_v1/sam_masked_negative6/crops/LVP_0043/frame_0030_rank_01.png,/shared/ssd_30T/zhuoyingyang/physact/sam3_robowm/identity_v1/sam_masked_negative6/crops/LVP_0043/frame_0030_rank_03.png
LVP_0043,30,2,3,0.12444103509187698,0.009631688712128671,1.0,True,0.2318855971097946,0.1556499600410461,0.7075232267379761,0.568760097026825,0.984375,0.87109375,/shared/ssd_30T/zhuoyingyang/physact/sam3_robowm/identity_v1/sam_masked_negative6/crops/LVP_0043/frame_0030_rank_02.png,/shared/ssd_30T/zhuoyingyang/physact/sam3_robowm/identity_v1/sam_masked_negative6/crops/LVP_0043/frame_0030_rank_03.png
LVP_0043,33,1,2,0.13981321454048157,0.4864385395045141,1.0,True,0.3855119049549103,0.2340025603771209,0.7907117605209351,0.7032239437103271,0.98046875,0.984375,/shared/ssd_30T/zhuoyingyang/physact/sam3_robowm/identity_v1/sam_masked_negative6/crops/LVP_0043/frame_0033_rank_01.png,/shared/ssd_30T/zhuoyingyang/physact/sam3_robowm/identity_v1/sam_masked_negative6/crops/LVP_0043/frame_0033_rank_02.png
LVP_0043,33,1,3,0.22602641582489014,0.00010925020701871693,0.005667320262335989,False,0.3855119049549103,0.1576968878507614,0.7907117605209351,0.5666536092758179,0.98046875,0.859375,/shared/ssd_30T/zhuoyingyang/physact/sam3_robowm/identity_v1/sam_masked_negative6/crops/LVP_0043/frame_0033_rank_01.png,/shared/ssd_30T/zhuoyingyang/physact/sam3_robowm/identity_v1/sam_masked_negative6/crops/LVP_0043/frame_0033_rank_03.png
LVP_0043,33,2,3,0.04171207547187805,0.009560439363185597,1.0,True,0.2340025603771209,0.1576968878507614,0.7032239437103271,0.5666536092758179,0.984375,0.859375,/shared/ssd_30T/zhuoyingyang/physact/sam3_robowm/identity_v1/sam_masked_negative6/crops/LVP_0043/frame_0033_rank_02.png,/shared/ssd_30T/zhuoyingyang/physact/sam3_robowm/identity_v1/sam_masked_negative6/crops/LVP_0043/frame_0033_rank_03.png
LVP_0043,36,1,2,0.1255856156349182,0.4868362303435333,1.0,True,0.3823692500591278,0.2332253456115722,0.7901232838630676,0.7029037475585938,0.98046875,0.984375,/shared/ssd_30T/zhuoyingyang/physact/sam3_robowm/identity_v1/sam_masked_negative6/crops/LVP_0043/frame_0036_rank_01.png,/shared/ssd_30T/zhuoyingyang/physact/sam3_robowm/identity_v1/sam_masked_negative6/crops/LVP_0043/frame_0036_rank_02.png
LVP_0043,36,1,3,0.23268307745456696,0.0,0.0,False,0.3823692500591278,0.1614590138196945,0.7901232838630676,0.569220781326294,0.98046875,0.8671875,/shared/ssd_30T/zhuoyingyang/physact/sam3_robowm/identity_v1/sam_masked_negative6/crops/LVP_0043/frame_0036_rank_01.png,/shared/ssd_30T/zhuoyingyang/physact/sam3_robowm/identity_v1/sam_masked_negative6/crops/LVP_0043/frame_0036_rank_03.png
LVP_0043,36,2,3,0.06339908391237259,0.00955093478373708,1.0,True,0.2332253456115722,0.1614590138196945,0.7029037475585938,0.569220781326294,0.984375,0.8671875,/shared/ssd_30T/zhuoyingyang/physact/sam3_robowm/identity_v1/sam_masked_negative6/crops/LVP_0043/frame_0036_rank_02.png,/shared/ssd_30T/zhuoyingyang/physact/sam3_robowm/identity_v1/sam_masked_negative6/crops/LVP_0043/frame_0036_rank_03.png
LVP_0043,39,1,3,0.22100494801998138,0.0,0.0,False,0.3743833005428314,0.1643803566694259,0.7804391384124756,0.5675047039985657,0.98046875,0.875,/shared/ssd_30T/zhuoyingyang/physact/sam3_robowm/identity_v1/sam_masked_negative6/crops/LVP_0043/frame_0039_rank_01.png,/shared/ssd_30T/zhuoyingyang/physact/sam3_robowm/identity_v1/sam_masked_negative6/crops/LVP_0043/frame_0039_rank_03.png
LVP_0043,42,1,2,0.10099183768033981,0.481994052450609,1.0,True,0.383968710899353,0.2137165665626526,0.8253215551376343,0.696738600730896,0.984375,0.984375,/shared/ssd_30T/zhuoyingyang/physact/sam3_robowm/identity_v1/sam_masked_negative6/crops/LVP_0043/frame_0042_rank_01.png,/shared/ssd_30T/zhuoyingyang/physact/sam3_robowm/identity_v1/sam_masked_negative6/crops/LVP_0043/frame_0042_rank_02.png
LVP_0043,42,1,3,0.28247877955436707,0.0,0.0,False,0.383968710899353,0.1641348153352737,0.8253215551376343,0.558777928352356,0.984375,0.88671875,/shared/ssd_30T/zhuoyingyang/physact/sam3_robowm/identity_v1/sam_masked_negative6/crops/LVP_0043/frame_0042_rank_01.png,/shared/ssd_30T/zhuoyingyang/physact/sam3_robowm/identity_v1/sam_masked_negative6/crops/LVP_0043/frame_0042_rank_03.png
LVP_0043,42,2,3,0.21419335901737213,0.009502938328302043,1.0,True,0.2137165665626526,0.1641348153352737,0.696738600730896,0.558777928352356,0.984375,0.88671875,/shared/ssd_30T/zhuoyingyang/physact/sam3_robowm/identity_v1/sam_masked_negative6/crops/LVP_0043/frame_0042_rank_02.png,/shared/ssd_30T/zhuoyingyang/physact/sam3_robowm/identity_v1/sam_masked_negative6/crops/LVP_0043/frame_0042_rank_03.png
LVP_0043,45,1,2,0.04849495738744736,0.4812171938672557,1.0,True,0.3862142860889435,0.2227587252855301,0.8314089179039001,0.6940196752548218,0.984375,0.98046875,/shared/ssd_30T/zhuoyingyang/physact/sam3_robowm/identity_v1/sam_masked_negative6/crops/LVP_0043/frame_0045_rank_01.png,/shared/ssd_30T/zhuoyingyang/physact/sam3_robowm/identity_v1/sam_masked_negative6/crops/LVP_0043/frame_0045_rank_02.png
LVP_0043,45,1,3,0.2466588020324707,0.0,0.0,False,0.3862142860889435,0.1679113954305648,0.8314089179039001,0.5728639960289001,0.984375,0.8828125,/shared/ssd_30T/zhuoyingyang/physact/sam3_robowm/identity_v1/sam_masked_negative6/crops/LVP_0043/frame_0045_rank_01.png,/shared/ssd_30T/zhuoyingyang/physact/sam3_robowm/identity_v1/sam_masked_negative6/crops/LVP_0043/frame_0045_rank_03.png
LVP_0043,45,2,3,0.14094950258731842,0.009611170177330028,1.0,True,0.2227587252855301,0.1679113954305648,0.6940196752548218,0.5728639960289001,0.98046875,0.8828125,/shared/ssd_30T/zhuoyingyang/physact/sam3_robowm/identity_v1/sam_masked_negative6/crops/LVP_0043/frame_0045_rank_02.png,/shared/ssd_30T/zhuoyingyang/physact/sam3_robowm/identity_v1/sam_masked_negative6/crops/LVP_0043/frame_0045_rank_03.png
LVP_0043,48,1,2,0.06809646636247635,0.47749229446457214,1.0,True,0.381619393825531,0.2304155230522155,0.8721200823783875,0.7073005437850952,0.984375,0.98046875,/shared/ssd_30T/zhuoyingyang/physact/sam3_robowm/identity_v1/sam_masked_negative6/crops/LVP_0043/frame_0048_rank_01.png,/shared/ssd_30T/zhuoyingyang/physact/sam3_robowm/identity_v1/sam_masked_negative6/crops/LVP_0043/frame_0048_rank_02.png
LVP_0043,48,1,3,0.24835337698459625,0.0,0.0,False,0.381619393825531,0.164150595664978,0.8721200823783875,0.562328577041626,0.984375,0.890625,/shared/ssd_30T/zhuoyingyang/physact/sam3_robowm/identity_v1/sam_masked_negative6/crops/LVP_0043/frame_0048_rank_01.png,/shared/ssd_30T/zhuoyingyang/physact/sam3_robowm/identity_v1/sam_masked_negative6/crops/LVP_0043/frame_0048_rank_03.png
LVP_0043,48,2,3,0.14168184995651245,0.00950956742903173,1.0,True,0.2304155230522155,0.164150595664978,0.7073005437850952,0.562328577041626,0.98046875,0.890625,/shared/ssd_30T/zhuoyingyang/physact/sam3_robowm/identity_v1/sam_masked_negative6/crops/LVP_0043/frame_0048_rank_02.png,/shared/ssd_30T/zhuoyingyang/physact/sam3_robowm/identity_v1/sam_masked_negative6/crops/LVP_0043/frame_0048_rank_03.png
