case,frame,rank_a,rank_b,pair_similarity,iou,containment,nested,gdino_a,gdino_b,siglip_source_a,siglip_source_b,sam_a,sam_b,crop_a,crop_b
Cosmos2.5_0058,15,1,2,0.3202137053012848,0.0,0.0,False,0.7501586079597473,0.1008836403489112,0.941791296005249,0.6894094944000244,0.9765625,0.96875,/shared/ssd_30T/zhuoyingyang/physact/sam3_robowm/identity_v1/sam_masked_expansion6/crops/Cosmos2.5_0058/frame_0015_rank_01.png,/shared/ssd_30T/zhuoyingyang/physact/sam3_robowm/identity_v1/sam_masked_expansion6/crops/Cosmos2.5_0058/frame_0015_rank_02.png
Cosmos2.5_0058,18,1,2,0.35818129777908325,0.0,0.0,False,0.677425742149353,0.1662404537200927,0.9598249197006226,0.6821339130401611,0.9765625,0.96875,/shared/ssd_30T/zhuoyingyang/physact/sam3_robowm/identity_v1/sam_masked_expansion6/crops/Cosmos2.5_0058/frame_0018_rank_01.png,/shared/ssd_30T/zhuoyingyang/physact/sam3_robowm/identity_v1/sam_masked_expansion6/crops/Cosmos2.5_0058/frame_0018_rank_02.png
Cosmos2.5_0058,21,1,2,0.293891966342926,0.0,0.0,False,0.6472281217575073,0.2198399752378463,0.9631750583648682,0.7821406126022339,0.9765625,0.97265625,/shared/ssd_30T/zhuoyingyang/physact/sam3_robowm/identity_v1/sam_masked_expansion6/crops/Cosmos2.5_0058/frame_0021_rank_01.png,/shared/ssd_30T/zhuoyingyang/physact/sam3_robowm/identity_v1/sam_masked_expansion6/crops/Cosmos2.5_0058/frame_0021_rank_02.png
Cosmos2.5_0058,24,1,2,0.5355935096740723,0.0,0.0,False,0.6335161924362183,0.2345937192440033,0.961132287979126,0.858683168888092,0.9765625,0.97265625,/shared/ssd_30T/zhuoyingyang/physact/sam3_robowm/identity_v1/sam_masked_expansion6/crops/Cosmos2.5_0058/frame_0024_rank_01.png,/shared/ssd_30T/zhuoyingyang/physact/sam3_robowm/identity_v1/sam_masked_expansion6/crops/Cosmos2.5_0058/frame_0024_rank_02.png
Cosmos2.5_0058,27,1,2,0.6120738387107849,0.0,0.0,False,0.5975310206413269,0.2604678273200989,0.9632647633552552,0.8597110509872437,0.9765625,0.97265625,/shared/ssd_30T/zhuoyingyang/physact/sam3_robowm/identity_v1/sam_masked_expansion6/crops/Cosmos2.5_0058/frame_0027_rank_01.png,/shared/ssd_30T/zhuoyingyang/physact/sam3_robowm/identity_v1/sam_masked_expansion6/crops/Cosmos2.5_0058/frame_0027_rank_02.png
Cosmos2.5_0058,30,1,2,0.5706413984298706,0.0,0.0,False,0.6122204661369324,0.2600313127040863,0.9552976489067078,0.8640377521514893,0.97265625,0.97265625,/shared/ssd_30T/zhuoyingyang/physact/sam3_robowm/identity_v1/sam_masked_expansion6/crops/Cosmos2.5_0058/frame_0030_rank_01.png,/shared/ssd_30T/zhuoyingyang/physact/sam3_robowm/identity_v1/sam_masked_expansion6/crops/Cosmos2.5_0058/frame_0030_rank_02.png
Cosmos2.5_0058,33,1,2,0.5898227095603943,0.0,0.0,False,0.6123799085617065,0.2327474951744079,0.950898051261902,0.7780967354774475,0.9765625,0.96875,/shared/ssd_30T/zhuoyingyang/physact/sam3_robowm/identity_v1/sam_masked_expansion6/crops/Cosmos2.5_0058/frame_0033_rank_01.png,/shared/ssd_30T/zhuoyingyang/physact/sam3_robowm/identity_v1/sam_masked_expansion6/crops/Cosmos2.5_0058/frame_0033_rank_02.png
Cosmos2.5_0058,36,1,2,0.5941936373710632,0.0,0.0,False,0.6704424619674683,0.1570647805929184,0.9489369988441468,0.8099867105484009,0.9765625,0.96875,/shared/ssd_30T/zhuoyingyang/physact/sam3_robowm/identity_v1/sam_masked_expansion6/crops/Cosmos2.5_0058/frame_0036_rank_01.png,/shared/ssd_30T/zhuoyingyang/physact/sam3_robowm/identity_v1/sam_masked_expansion6/crops/Cosmos2.5_0058/frame_0036_rank_02.png
Cosmos2.5_0058,39,1,2,0.4889046251773834,0.0,0.0,False,0.5624645948410034,0.3182624280452728,0.9621942043304444,0.8470611572265625,0.9765625,0.97265625,/shared/ssd_30T/zhuoyingyang/physact/sam3_robowm/identity_v1/sam_masked_expansion6/crops/Cosmos2.5_0058/frame_0039_rank_01.png,/shared/ssd_30T/zhuoyingyang/physact/sam3_robowm/identity_v1/sam_masked_expansion6/crops/Cosmos2.5_0058/frame_0039_rank_02.png
Cosmos2.5_0058,39,1,3,0.13809451460838318,0.012262900916355254,1.0,True,0.5624645948410034,0.1003346890211105,0.9621942043304444,0.5482431650161743,0.9765625,0.98828125,/shared/ssd_30T/zhuoyingyang/physact/sam3_robowm/identity_v1/sam_masked_expansion6/crops/Cosmos2.5_0058/frame_0039_rank_01.png,/shared/ssd_30T/zhuoyingyang/physact/sam3_robowm/identity_v1/sam_masked_expansion6/crops/Cosmos2.5_0058/frame_0039_rank_03.png
Cosmos2.5_0058,39,2,3,0.14788132905960083,0.018946398692150923,1.0,True,0.3182624280452728,0.1003346890211105,0.8470611572265625,0.5482431650161743,0.97265625,0.98828125,/shared/ssd_30T/zhuoyingyang/physact/sam3_robowm/identity_v1/sam_masked_expansion6/crops/Cosmos2.5_0058/frame_0039_rank_02.png,/shared/ssd_30T/zhuoyingyang/physact/sam3_robowm/identity_v1/sam_masked_expansion6/crops/Cosmos2.5_0058/frame_0039_rank_03.png
Cosmos2.5_0058,42,1,2,0.5019891262054443,0.0,0.0,False,0.5382283329963684,0.3562753796577453,0.9665707349777222,0.8377852439880371,0.9765625,0.97265625,/shared/ssd_30T/zhuoyingyang/physact/sam3_robowm/identity_v1/sam_masked_expansion6/crops/Cosmos2.5_0058/frame_0042_rank_01.png,/shared/ssd_30T/zhuoyingyang/physact/sam3_robowm/identity_v1/sam_masked_expansion6/crops/Cosmos2.5_0058/frame_0042_rank_02.png
Cosmos2.5_0058,42,1,3,0.4705824851989746,0.0,0.0,False,0.5382283329963684,0.1125428080558776,0.9665707349777222,0.7015450596809387,0.9765625,0.95703125,/shared/ssd_30T/zhuoyingyang/physact/sam3_robowm/identity_v1/sam_masked_expansion6/crops/Cosmos2.5_0058/frame_0042_rank_01.png,/shared/ssd_30T/zhuoyingyang/physact/sam3_robowm/identity_v1/sam_masked_expansion6/crops/Cosmos2.5_0058/frame_0042_rank_03.png
Cosmos2.5_0058,42,2,3,0.5547996759414673,0.3051280235542213,1.0,True,0.3562753796577453,0.1125428080558776,0.8377852439880371,0.7015450596809387,0.97265625,0.95703125,/shared/ssd_30T/zhuoyingyang/physact/sam3_robowm/identity_v1/sam_masked_expansion6/crops/Cosmos2.5_0058/frame_0042_rank_02.png,/shared/ssd_30T/zhuoyingyang/physact/sam3_robowm/identity_v1/sam_masked_expansion6/crops/Cosmos2.5_0058/frame_0042_rank_03.png
Cosmos2.5_0058,45,1,2,0.5478748083114624,0.0,0.0,False,0.5502910614013672,0.3102113306522369,0.9499635696411132,0.8435566425323486,0.9765625,0.96875,/shared/ssd_30T/zhuoyingyang/physact/sam3_robowm/identity_v1/sam_masked_expansion6/crops/Cosmos2.5_0058/frame_0045_rank_01.png,/shared/ssd_30T/zhuoyingyang/physact/sam3_robowm/identity_v1/sam_masked_expansion6/crops/Cosmos2.5_0058/frame_0045_rank_02.png
Cosmos2.5_0058,45,1,3,0.4420921206474304,0.0,0.0,False,0.5502910614013672,0.1141653880476951,0.9499635696411132,0.7072458863258362,0.9765625,0.97265625,/shared/ssd_30T/zhuoyingyang/physact/sam3_robowm/identity_v1/sam_masked_expansion6/crops/Cosmos2.5_0058/frame_0045_rank_01.png,/shared/ssd_30T/zhuoyingyang/physact/sam3_robowm/identity_v1/sam_masked_expansion6/crops/Cosmos2.5_0058/frame_0045_rank_03.png
Cosmos2.5_0058,45,2,3,0.6968173384666443,0.3249964400056505,1.0,True,0.3102113306522369,0.1141653880476951,0.8435566425323486,0.7072458863258362,0.96875,0.97265625,/shared/ssd_30T/zhuoyingyang/physact/sam3_robowm/identity_v1/sam_masked_expansion6/crops/Cosmos2.5_0058/frame_0045_rank_02.png,/shared/ssd_30T/zhuoyingyang/physact/sam3_robowm/identity_v1/sam_masked_expansion6/crops/Cosmos2.5_0058/frame_0045_rank_03.png
Cosmos2.5_0058,48,1,2,0.591279923915863,0.0,0.0,False,0.538156270980835,0.3376995921134949,0.9477757215499878,0.8169950246810913,0.9765625,0.96484375,/shared/ssd_30T/zhuoyingyang/physact/sam3_robowm/identity_v1/sam_masked_expansion6/crops/Cosmos2.5_0058/frame_0048_rank_01.png,/shared/ssd_30T/zhuoyingyang/physact/sam3_robowm/identity_v1/sam_masked_expansion6/crops/Cosmos2.5_0058/frame_0048_rank_02.png
Cosmos2.5_0058,48,1,3,0.4274470806121826,0.0,0.0,False,0.538156270980835,0.1040560528635978,0.9477757215499878,0.7012025117874146,0.9765625,0.97265625,/shared/ssd_30T/zhuoyingyang/physact/sam3_robowm/identity_v1/sam_masked_expansion6/crops/Cosmos2.5_0058/frame_0048_rank_01.png,/shared/ssd_30T/zhuoyingyang/physact/sam3_robowm/identity_v1/sam_masked_expansion6/crops/Cosmos2.5_0058/frame_0048_rank_03.png
Cosmos2.5_0058,48,2,3,0.6206506490707397,0.33573968340688964,1.0,True,0.3376995921134949,0.1040560528635978,0.8169950246810913,0.7012025117874146,0.96484375,0.97265625,/shared/ssd_30T/zhuoyingyang/physact/sam3_robowm/identity_v1/sam_masked_expansion6/crops/Cosmos2.5_0058/frame_0048_rank_02.png,/shared/ssd_30T/zhuoyingyang/physact/sam3_robowm/identity_v1/sam_masked_expansion6/crops/Cosmos2.5_0058/frame_0048_rank_03.png
Cosmos2.5_0058,51,1,2,0.5646776556968689,0.0,0.0,False,0.5004051327705383,0.3893924653530121,0.9572149515151978,0.8199961185455322,0.9765625,0.96875,/shared/ssd_30T/zhuoyingyang/physact/sam3_robowm/identity_v1/sam_masked_expansion6/crops/Cosmos2.5_0058/frame_0051_rank_01.png,/shared/ssd_30T/zhuoyingyang/physact/sam3_robowm/identity_v1/sam_masked_expansion6/crops/Cosmos2.5_0058/frame_0051_rank_02.png
Cosmos2.5_0058,51,1,3,0.5065587162971497,0.0,0.0,False,0.5004051327705383,0.1397786289453506,0.9572149515151978,0.6713608503341675,0.9765625,0.97265625,/shared/ssd_30T/zhuoyingyang/physact/sam3_robowm/identity_v1/sam_masked_expansion6/crops/Cosmos2.5_0058/frame_0051_rank_01.png,/shared/ssd_30T/zhuoyingyang/physact/sam3_robowm/identity_v1/sam_masked_expansion6/crops/Cosmos2.5_0058/frame_0051_rank_03.png
Cosmos2.5_0058,51,2,3,0.6892430782318115,0.3529794634908737,1.0,True,0.3893924653530121,0.1397786289453506,0.8199961185455322,0.6713608503341675,0.96875,0.97265625,/shared/ssd_30T/zhuoyingyang/physact/sam3_robowm/identity_v1/sam_masked_expansion6/crops/Cosmos2.5_0058/frame_0051_rank_02.png,/shared/ssd_30T/zhuoyingyang/physact/sam3_robowm/identity_v1/sam_masked_expansion6/crops/Cosmos2.5_0058/frame_0051_rank_03.png
Cosmos2.5_0058,54,1,2,0.5948339700698853,0.0,0.0,False,0.4751045703887939,0.4241486191749573,0.9588934183120728,0.7939081788063049,0.9765625,0.96875,/shared/ssd_30T/zhuoyingyang/physact/sam3_robowm/identity_v1/sam_masked_expansion6/crops/Cosmos2.5_0058/frame_0054_rank_01.png,/shared/ssd_30T/zhuoyingyang/physact/sam3_robowm/identity_v1/sam_masked_expansion6/crops/Cosmos2.5_0058/frame_0054_rank_02.png
Cosmos2.5_0058,54,1,3,0.2463821917772293,0.0,0.0,False,0.4751045703887939,0.1747581958770752,0.9588934183120728,0.6321759819984436,0.9765625,0.97265625,/shared/ssd_30T/zhuoyingyang/physact/sam3_robowm/identity_v1/sam_masked_expansion6/crops/Cosmos2.5_0058/frame_0054_rank_01.png,/shared/ssd_30T/zhuoyingyang/physact/sam3_robowm/identity_v1/sam_masked_expansion6/crops/Cosmos2.5_0058/frame_0054_rank_03.png
Cosmos2.5_0058,54,2,3,0.34140968322753906,0.29837499967055703,1.0,True,0.4241486191749573,0.1747581958770752,0.7939081788063049,0.6321759819984436,0.96875,0.97265625,/shared/ssd_30T/zhuoyingyang/physact/sam3_robowm/identity_v1/sam_masked_expansion6/crops/Cosmos2.5_0058/frame_0054_rank_02.png,/shared/ssd_30T/zhuoyingyang/physact/sam3_robowm/identity_v1/sam_masked_expansion6/crops/Cosmos2.5_0058/frame_0054_rank_03.png
Cosmos2.5_0058,57,1,2,0.5532741546630859,0.0,0.0,False,0.4778877198696136,0.4034358561038971,0.9667527675628662,0.7419226765632629,0.9765625,0.96875,/shared/ssd_30T/zhuoyingyang/physact/sam3_robowm/identity_v1/sam_masked_expansion6/crops/Cosmos2.5_0058/frame_0057_rank_01.png,/shared/ssd_30T/zhuoyingyang/physact/sam3_robowm/identity_v1/sam_masked_expansion6/crops/Cosmos2.5_0058/frame_0057_rank_02.png
Cosmos2.5_0058,57,1,3,0.23393219709396362,0.0,0.0,False,0.4778877198696136,0.177697479724884,0.9667527675628662,0.6624120473861694,0.9765625,0.97265625,/shared/ssd_30T/zhuoyingyang/physact/sam3_robowm/identity_v1/sam_masked_expansion6/crops/Cosmos2.5_0058/frame_0057_rank_01.png,/shared/ssd_30T/zhuoyingyang/physact/sam3_robowm/identity_v1/sam_masked_expansion6/crops/Cosmos2.5_0058/frame_0057_rank_03.png
Cosmos2.5_0058,57,2,3,0.33827289938926697,0.30382526753208233,1.0,True,0.4034358561038971,0.177697479724884,0.7419226765632629,0.6624120473861694,0.96875,0.97265625,/shared/ssd_30T/zhuoyingyang/physact/sam3_robowm/identity_v1/sam_masked_expansion6/crops/Cosmos2.5_0058/frame_0057_rank_02.png,/shared/ssd_30T/zhuoyingyang/physact/sam3_robowm/identity_v1/sam_masked_expansion6/crops/Cosmos2.5_0058/frame_0057_rank_03.png
Cosmos2.5_0058,60,1,2,0.552005410194397,0.0,0.0,False,0.4938529431819916,0.3943619132041931,0.960708498954773,0.7349260449409485,0.9765625,0.96875,/shared/ssd_30T/zhuoyingyang/physact/sam3_robowm/identity_v1/sam_masked_expansion6/crops/Cosmos2.5_0058/frame_0060_rank_01.png,/shared/ssd_30T/zhuoyingyang/physact/sam3_robowm/identity_v1/sam_masked_expansion6/crops/Cosmos2.5_0058/frame_0060_rank_02.png
Cosmos2.5_0058,60,1,3,0.1693015992641449,0.0,0.0,False,0.4938529431819916,0.1465800702571869,0.960708498954773,0.6323423981666565,0.9765625,0.96875,/shared/ssd_30T/zhuoyingyang/physact/sam3_robowm/identity_v1/sam_masked_expansion6/crops/Cosmos2.5_0058/frame_0060_rank_01.png,/shared/ssd_30T/zhuoyingyang/physact/sam3_robowm/identity_v1/sam_masked_expansion6/crops/Cosmos2.5_0058/frame_0060_rank_03.png
Cosmos2.5_0058,60,2,3,0.39210623502731323,0.29614646261654737,1.0,True,0.3943619132041931,0.1465800702571869,0.7349260449409485,0.6323423981666565,0.96875,0.96875,/shared/ssd_30T/zhuoyingyang/physact/sam3_robowm/identity_v1/sam_masked_expansion6/crops/Cosmos2.5_0058/frame_0060_rank_02.png,/shared/ssd_30T/zhuoyingyang/physact/sam3_robowm/identity_v1/sam_masked_expansion6/crops/Cosmos2.5_0058/frame_0060_rank_03.png
Cosmos2.5_0058,63,1,2,0.502679705619812,0.0,0.0,False,0.4783101975917816,0.4089924693107605,0.9604950547218324,0.7538061141967773,0.9765625,0.97265625,/shared/ssd_30T/zhuoyingyang/physact/sam3_robowm/identity_v1/sam_masked_expansion6/crops/Cosmos2.5_0058/frame_0063_rank_01.png,/shared/ssd_30T/zhuoyingyang/physact/sam3_robowm/identity_v1/sam_masked_expansion6/crops/Cosmos2.5_0058/frame_0063_rank_02.png
Cosmos2.5_0058,63,1,3,0.20686089992523193,0.0,0.0,False,0.4783101975917816,0.1374418884515762,0.9604950547218324,0.658645510673523,0.9765625,0.97265625,/shared/ssd_30T/zhuoyingyang/physact/sam3_robowm/identity_v1/sam_masked_expansion6/crops/Cosmos2.5_0058/frame_0063_rank_01.png,/shared/ssd_30T/zhuoyingyang/physact/sam3_robowm/identity_v1/sam_masked_expansion6/crops/Cosmos2.5_0058/frame_0063_rank_03.png
Cosmos2.5_0058,63,2,3,0.37687045335769653,0.29791518949721374,1.0,True,0.4089924693107605,0.1374418884515762,0.7538061141967773,0.658645510673523,0.97265625,0.97265625,/shared/ssd_30T/zhuoyingyang/physact/sam3_robowm/identity_v1/sam_masked_expansion6/crops/Cosmos2.5_0058/frame_0063_rank_02.png,/shared/ssd_30T/zhuoyingyang/physact/sam3_robowm/identity_v1/sam_masked_expansion6/crops/Cosmos2.5_0058/frame_0063_rank_03.png
Cosmos2.5_0058,66,1,2,0.5115256905555725,0.0,0.0,False,0.4598560631275177,0.4331423938274383,0.9600965976715088,0.7697048187255859,0.9765625,0.97265625,/shared/ssd_30T/zhuoyingyang/physact/sam3_robowm/identity_v1/sam_masked_expansion6/crops/Cosmos2.5_0058/frame_0066_rank_01.png,/shared/ssd_30T/zhuoyingyang/physact/sam3_robowm/identity_v1/sam_masked_expansion6/crops/Cosmos2.5_0058/frame_0066_rank_02.png
Cosmos2.5_0058,66,1,3,0.18214941024780273,0.0,0.0,False,0.4598560631275177,0.1376673728227615,0.9600965976715088,0.6803935170173645,0.9765625,0.97265625,/shared/ssd_30T/zhuoyingyang/physact/sam3_robowm/identity_v1/sam_masked_expansion6/crops/Cosmos2.5_0058/frame_0066_rank_01.png,/shared/ssd_30T/zhuoyingyang/physact/sam3_robowm/identity_v1/sam_masked_expansion6/crops/Cosmos2.5_0058/frame_0066_rank_03.png
Cosmos2.5_0058,66,2,3,0.4481944143772125,0.28618902029431376,1.0,True,0.4331423938274383,0.1376673728227615,0.7697048187255859,0.6803935170173645,0.97265625,0.97265625,/shared/ssd_30T/zhuoyingyang/physact/sam3_robowm/identity_v1/sam_masked_expansion6/crops/Cosmos2.5_0058/frame_0066_rank_02.png,/shared/ssd_30T/zhuoyingyang/physact/sam3_robowm/identity_v1/sam_masked_expansion6/crops/Cosmos2.5_0058/frame_0066_rank_03.png
Cosmos2.5_0058,69,1,2,0.5634219646453857,0.0,0.0,False,0.4536914527416229,0.4384068846702575,0.9580284953117372,0.7915079593658447,0.9765625,0.97265625,/shared/ssd_30T/zhuoyingyang/physact/sam3_robowm/identity_v1/sam_masked_expansion6/crops/Cosmos2.5_0058/frame_0069_rank_01.png,/shared/ssd_30T/zhuoyingyang/physact/sam3_robowm/identity_v1/sam_masked_expansion6/crops/Cosmos2.5_0058/frame_0069_rank_02.png
Cosmos2.5_0058,69,1,3,0.1689416468143463,0.0,0.0,False,0.4536914527416229,0.1647703647613525,0.9580284953117372,0.6721082925796509,0.9765625,0.97265625,/shared/ssd_30T/zhuoyingyang/physact/sam3_robowm/identity_v1/sam_masked_expansion6/crops/Cosmos2.5_0058/frame_0069_rank_01.png,/shared/ssd_30T/zhuoyingyang/physact/sam3_robowm/identity_v1/sam_masked_expansion6/crops/Cosmos2.5_0058/frame_0069_rank_03.png
Cosmos2.5_0058,69,2,3,0.38501599431037903,0.2867914367146062,1.0,True,0.4384068846702575,0.1647703647613525,0.7915079593658447,0.6721082925796509,0.97265625,0.97265625,/shared/ssd_30T/zhuoyingyang/physact/sam3_robowm/identity_v1/sam_masked_expansion6/crops/Cosmos2.5_0058/frame_0069_rank_02.png,/shared/ssd_30T/zhuoyingyang/physact/sam3_robowm/identity_v1/sam_masked_expansion6/crops/Cosmos2.5_0058/frame_0069_rank_03.png
Cosmos2.5_0058,72,1,2,0.5421697497367859,0.0,0.0,False,0.4602036476135254,0.4414670169353485,0.9518972635269164,0.8025610446929932,0.9765625,0.97265625,/shared/ssd_30T/zhuoyingyang/physact/sam3_robowm/identity_v1/sam_masked_expansion6/crops/Cosmos2.5_0058/frame_0072_rank_01.png,/shared/ssd_30T/zhuoyingyang/physact/sam3_robowm/identity_v1/sam_masked_expansion6/crops/Cosmos2.5_0058/frame_0072_rank_02.png
Cosmos2.5_0058,72,1,3,0.14652329683303833,0.0,0.0,False,0.4602036476135254,0.1308354586362838,0.9518972635269164,0.6838282346725464,0.9765625,0.96875,/shared/ssd_30T/zhuoyingyang/physact/sam3_robowm/identity_v1/sam_masked_expansion6/crops/Cosmos2.5_0058/frame_0072_rank_01.png,/shared/ssd_30T/zhuoyingyang/physact/sam3_robowm/identity_v1/sam_masked_expansion6/crops/Cosmos2.5_0058/frame_0072_rank_03.png
Cosmos2.5_0058,72,2,3,0.4431428909301758,0.28352318794483095,1.0,True,0.4414670169353485,0.1308354586362838,0.8025610446929932,0.6838282346725464,0.97265625,0.96875,/shared/ssd_30T/zhuoyingyang/physact/sam3_robowm/identity_v1/sam_masked_expansion6/crops/Cosmos2.5_0058/frame_0072_rank_02.png,/shared/ssd_30T/zhuoyingyang/physact/sam3_robowm/identity_v1/sam_masked_expansion6/crops/Cosmos2.5_0058/frame_0072_rank_03.png
Cosmos2.5_0058,75,1,2,0.5564413070678711,0.0,0.0,False,0.493634819984436,0.409780889749527,0.9494911432266236,0.7957359552383423,0.9765625,0.9765625,/shared/ssd_30T/zhuoyingyang/physact/sam3_robowm/identity_v1/sam_masked_expansion6/crops/Cosmos2.5_0058/frame_0075_rank_01.png,/shared/ssd_30T/zhuoyingyang/physact/sam3_robowm/identity_v1/sam_masked_expansion6/crops/Cosmos2.5_0058/frame_0075_rank_02.png
Cosmos2.5_0058,75,1,3,0.21034155786037445,0.0,0.0,False,0.493634819984436,0.1590864211320877,0.9494911432266236,0.6856197118759155,0.9765625,0.97265625,/shared/ssd_30T/zhuoyingyang/physact/sam3_robowm/identity_v1/sam_masked_expansion6/crops/Cosmos2.5_0058/frame_0075_rank_01.png,/shared/ssd_30T/zhuoyingyang/physact/sam3_robowm/identity_v1/sam_masked_expansion6/crops/Cosmos2.5_0058/frame_0075_rank_03.png
Cosmos2.5_0058,75,2,3,0.340518981218338,0.2834555035860934,1.0,True,0.409780889749527,0.1590864211320877,0.7957359552383423,0.6856197118759155,0.9765625,0.97265625,/shared/ssd_30T/zhuoyingyang/physact/sam3_robowm/identity_v1/sam_masked_expansion6/crops/Cosmos2.5_0058/frame_0075_rank_02.png,/shared/ssd_30T/zhuoyingyang/physact/sam3_robowm/identity_v1/sam_masked_expansion6/crops/Cosmos2.5_0058/frame_0075_rank_03.png
Cosmos2.5_0058,78,1,2,0.5597051978111267,0.0,0.0,False,0.3923588097095489,0.4856718778610229,0.9539085626602172,0.826244056224823,0.9765625,0.9765625,/shared/ssd_30T/zhuoyingyang/physact/sam3_robowm/identity_v1/sam_masked_expansion6/crops/Cosmos2.5_0058/frame_0078_rank_01.png,/shared/ssd_30T/zhuoyingyang/physact/sam3_robowm/identity_v1/sam_masked_expansion6/crops/Cosmos2.5_0058/frame_0078_rank_02.png
Cosmos2.5_0058,78,1,3,0.44463688135147095,0.0,0.0,False,0.3923588097095489,0.1561357527971267,0.9539085626602172,0.7507103681564331,0.9765625,0.97265625,/shared/ssd_30T/zhuoyingyang/physact/sam3_robowm/identity_v1/sam_masked_expansion6/crops/Cosmos2.5_0058/frame_0078_rank_01.png,/shared/ssd_30T/zhuoyingyang/physact/sam3_robowm/identity_v1/sam_masked_expansion6/crops/Cosmos2.5_0058/frame_0078_rank_03.png
Cosmos2.5_0058,78,2,3,0.6910558938980103,0.383027140202898,1.0,True,0.4856718778610229,0.1561357527971267,0.826244056224823,0.7507103681564331,0.9765625,0.97265625,/shared/ssd_30T/zhuoyingyang/physact/sam3_robowm/identity_v1/sam_masked_expansion6/crops/Cosmos2.5_0058/frame_0078_rank_02.png,/shared/ssd_30T/zhuoyingyang/physact/sam3_robowm/identity_v1/sam_masked_expansion6/crops/Cosmos2.5_0058/frame_0078_rank_03.png
Cosmos2.5_0058,81,1,2,0.46127408742904663,0.0,0.0,False,0.4238159656524658,0.4827053546905517,0.9580506682395936,0.8198581337928772,0.9765625,0.9765625,/shared/ssd_30T/zhuoyingyang/physact/sam3_robowm/identity_v1/sam_masked_expansion6/crops/Cosmos2.5_0058/frame_0081_rank_01.png,/shared/ssd_30T/zhuoyingyang/physact/sam3_robowm/identity_v1/sam_masked_expansion6/crops/Cosmos2.5_0058/frame_0081_rank_02.png
Cosmos2.5_0058,81,1,3,0.3908221423625946,0.0,0.0,False,0.4238159656524658,0.1752897500991821,0.9580506682395936,0.7707918882369995,0.9765625,0.97265625,/shared/ssd_30T/zhuoyingyang/physact/sam3_robowm/identity_v1/sam_masked_expansion6/crops/Cosmos2.5_0058/frame_0081_rank_01.png,/shared/ssd_30T/zhuoyingyang/physact/sam3_robowm/identity_v1/sam_masked_expansion6/crops/Cosmos2.5_0058/frame_0081_rank_03.png
Cosmos2.5_0058,81,2,3,0.5617287158966064,0.39078392623469826,1.0,True,0.4827053546905517,0.1752897500991821,0.8198581337928772,0.7707918882369995,0.9765625,0.97265625,/shared/ssd_30T/zhuoyingyang/physact/sam3_robowm/identity_v1/sam_masked_expansion6/crops/Cosmos2.5_0058/frame_0081_rank_02.png,/shared/ssd_30T/zhuoyingyang/physact/sam3_robowm/identity_v1/sam_masked_expansion6/crops/Cosmos2.5_0058/frame_0081_rank_03.png
Cosmos2.5_0058,84,1,2,0.6044607758522034,0.0,0.0,False,0.3291292488574981,0.5468974113464355,0.9569507241249084,0.8640583157539368,0.9765625,0.9765625,/shared/ssd_30T/zhuoyingyang/physact/sam3_robowm/identity_v1/sam_masked_expansion6/crops/Cosmos2.5_0058/frame_0084_rank_01.png,/shared/ssd_30T/zhuoyingyang/physact/sam3_robowm/identity_v1/sam_masked_expansion6/crops/Cosmos2.5_0058/frame_0084_rank_02.png
Cosmos2.5_0058,84,1,3,0.316500723361969,0.0,0.0,False,0.3291292488574981,0.1763712167739868,0.9569507241249084,0.75373375415802,0.9765625,0.96875,/shared/ssd_30T/zhuoyingyang/physact/sam3_robowm/identity_v1/sam_masked_expansion6/crops/Cosmos2.5_0058/frame_0084_rank_01.png,/shared/ssd_30T/zhuoyingyang/physact/sam3_robowm/identity_v1/sam_masked_expansion6/crops/Cosmos2.5_0058/frame_0084_rank_03.png
Cosmos2.5_0058,84,2,3,0.5316020250320435,0.3841105044445313,1.0,True,0.5468974113464355,0.1763712167739868,0.8640583157539368,0.75373375415802,0.9765625,0.96875,/shared/ssd_30T/zhuoyingyang/physact/sam3_robowm/identity_v1/sam_masked_expansion6/crops/Cosmos2.5_0058/frame_0084_rank_02.png,/shared/ssd_30T/zhuoyingyang/physact/sam3_robowm/identity_v1/sam_masked_expansion6/crops/Cosmos2.5_0058/frame_0084_rank_03.png
Cosmos2.5_0058,87,1,2,0.6373960375785828,0.0,0.0,False,0.3055306673049927,0.5670052766799927,0.9474856853485109,0.8503103256225586,0.9765625,0.9765625,/shared/ssd_30T/zhuoyingyang/physact/sam3_robowm/identity_v1/sam_masked_expansion6/crops/Cosmos2.5_0058/frame_0087_rank_01.png,/shared/ssd_30T/zhuoyingyang/physact/sam3_robowm/identity_v1/sam_masked_expansion6/crops/Cosmos2.5_0058/frame_0087_rank_02.png
Cosmos2.5_0058,87,1,3,0.40670332312583923,0.0,0.0,False,0.3055306673049927,0.1726827621459961,0.9474856853485109,0.7305176258087158,0.9765625,0.96875,/shared/ssd_30T/zhuoyingyang/physact/sam3_robowm/identity_v1/sam_masked_expansion6/crops/Cosmos2.5_0058/frame_0087_rank_01.png,/shared/ssd_30T/zhuoyingyang/physact/sam3_robowm/identity_v1/sam_masked_expansion6/crops/Cosmos2.5_0058/frame_0087_rank_03.png
Cosmos2.5_0058,87,2,3,0.5481151342391968,0.37906481576957124,1.0,True,0.5670052766799927,0.1726827621459961,0.8503103256225586,0.7305176258087158,0.9765625,0.96875,/shared/ssd_30T/zhuoyingyang/physact/sam3_robowm/identity_v1/sam_masked_expansion6/crops/Cosmos2.5_0058/frame_0087_rank_02.png,/shared/ssd_30T/zhuoyingyang/physact/sam3_robowm/identity_v1/sam_masked_expansion6/crops/Cosmos2.5_0058/frame_0087_rank_03.png
Cosmos2.5_0058,90,1,2,0.5525942444801331,0.0,0.0,False,0.3416354358196258,0.5301595330238342,0.9548293948173524,0.800055742263794,0.9765625,0.97265625,/shared/ssd_30T/zhuoyingyang/physact/sam3_robowm/identity_v1/sam_masked_expansion6/crops/Cosmos2.5_0058/frame_0090_rank_01.png,/shared/ssd_30T/zhuoyingyang/physact/sam3_robowm/identity_v1/sam_masked_expansion6/crops/Cosmos2.5_0058/frame_0090_rank_02.png
Cosmos2.5_0058,90,1,3,0.36770617961883545,0.0,0.0,False,0.3416354358196258,0.172006294131279,0.9548293948173524,0.7429452538490295,0.9765625,0.9609375,/shared/ssd_30T/zhuoyingyang/physact/sam3_robowm/identity_v1/sam_masked_expansion6/crops/Cosmos2.5_0058/frame_0090_rank_01.png,/shared/ssd_30T/zhuoyingyang/physact/sam3_robowm/identity_v1/sam_masked_expansion6/crops/Cosmos2.5_0058/frame_0090_rank_03.png
Cosmos2.5_0058,90,2,3,0.5711761713027954,0.3739616422531017,1.0,True,0.5301595330238342,0.172006294131279,0.800055742263794,0.7429452538490295,0.97265625,0.9609375,/shared/ssd_30T/zhuoyingyang/physact/sam3_robowm/identity_v1/sam_masked_expansion6/crops/Cosmos2.5_0058/frame_0090_rank_02.png,/shared/ssd_30T/zhuoyingyang/physact/sam3_robowm/identity_v1/sam_masked_expansion6/crops/Cosmos2.5_0058/frame_0090_rank_03.png
Cosmos2.5_0058,92,1,2,0.5619940161705017,0.0,0.0,False,0.4761974215507507,0.4200466871261596,0.9471067786216736,0.7819436192512512,0.9765625,0.96484375,/shared/ssd_30T/zhuoyingyang/physact/sam3_robowm/identity_v1/sam_masked_expansion6/crops/Cosmos2.5_0058/frame_0092_rank_01.png,/shared/ssd_30T/zhuoyingyang/physact/sam3_robowm/identity_v1/sam_masked_expansion6/crops/Cosmos2.5_0058/frame_0092_rank_02.png
Cosmos2.5_0058,92,1,3,0.38984259963035583,0.0,0.0,False,0.4761974215507507,0.1407248973846435,0.9471067786216736,0.7415696382522583,0.9765625,0.9609375,/shared/ssd_30T/zhuoyingyang/physact/sam3_robowm/identity_v1/sam_masked_expansion6/crops/Cosmos2.5_0058/frame_0092_rank_01.png,/shared/ssd_30T/zhuoyingyang/physact/sam3_robowm/identity_v1/sam_masked_expansion6/crops/Cosmos2.5_0058/frame_0092_rank_03.png
Cosmos2.5_0058,92,2,3,0.6822042465209961,0.3865150409283461,1.0,True,0.4200466871261596,0.1407248973846435,0.7819436192512512,0.7415696382522583,0.96484375,0.9609375,/shared/ssd_30T/zhuoyingyang/physact/sam3_robowm/identity_v1/sam_masked_expansion6/crops/Cosmos2.5_0058/frame_0092_rank_02.png,/shared/ssd_30T/zhuoyingyang/physact/sam3_robowm/identity_v1/sam_masked_expansion6/crops/Cosmos2.5_0058/frame_0092_rank_03.png
Cosmos2.5_0060,6,1,2,0.5453292727470398,0.0,0.0,False,0.5120589733123779,0.2673339247703552,0.9552427530288696,0.8147038221359253,0.97265625,0.97265625,/shared/ssd_30T/zhuoyingyang/physact/sam3_robowm/identity_v1/sam_masked_expansion6/crops/Cosmos2.5_0060/frame_0006_rank_01.png,/shared/ssd_30T/zhuoyingyang/physact/sam3_robowm/identity_v1/sam_masked_expansion6/crops/Cosmos2.5_0060/frame_0006_rank_02.png
Cosmos2.5_0060,9,1,2,0.5677007436752319,0.0,0.0,False,0.5171442627906799,0.2539918422698974,0.8604556322097778,0.7859861850738525,0.97265625,0.97265625,/shared/ssd_30T/zhuoyingyang/physact/sam3_robowm/identity_v1/sam_masked_expansion6/crops/Cosmos2.5_0060/frame_0009_rank_01.png,/shared/ssd_30T/zhuoyingyang/physact/sam3_robowm/identity_v1/sam_masked_expansion6/crops/Cosmos2.5_0060/frame_0009_rank_02.png
Cosmos2.5_0060,12,1,2,0.6749167442321777,0.0,0.0,False,0.5547360777854919,0.2471707314252853,0.8910324573516846,0.8515874743461609,0.97265625,0.97265625,/shared/ssd_30T/zhuoyingyang/physact/sam3_robowm/identity_v1/sam_masked_expansion6/crops/Cosmos2.5_0060/frame_0012_rank_01.png,/shared/ssd_30T/zhuoyingyang/physact/sam3_robowm/identity_v1/sam_masked_expansion6/crops/Cosmos2.5_0060/frame_0012_rank_02.png
Cosmos2.5_0060,15,1,2,0.6480138897895813,0.0,0.0,False,0.4570442140102386,0.3553332984447479,0.9235683679580688,0.8029992580413818,0.97265625,0.96484375,/shared/ssd_30T/zhuoyingyang/physact/sam3_robowm/identity_v1/sam_masked_expansion6/crops/Cosmos2.5_0060/frame_0015_rank_01.png,/shared/ssd_30T/zhuoyingyang/physact/sam3_robowm/identity_v1/sam_masked_expansion6/crops/Cosmos2.5_0060/frame_0015_rank_02.png
Cosmos2.5_0060,18,1,2,0.6983115077018738,0.0,0.0,False,0.2826290428638458,0.5821701884269714,0.9167910218238832,0.7916936278343201,0.97265625,0.96875,/shared/ssd_30T/zhuoyingyang/physact/sam3_robowm/identity_v1/sam_masked_expansion6/crops/Cosmos2.5_0060/frame_0018_rank_01.png,/shared/ssd_30T/zhuoyingyang/physact/sam3_robowm/identity_v1/sam_masked_expansion6/crops/Cosmos2.5_0060/frame_0018_rank_02.png
Cosmos2.5_0060,21,1,2,0.6802295446395874,0.0,0.0,False,0.2780613601207733,0.6073411107063293,0.924846053123474,0.8572152256965637,0.97265625,0.97265625,/shared/ssd_30T/zhuoyingyang/physact/sam3_robowm/identity_v1/sam_masked_expansion6/crops/Cosmos2.5_0060/frame_0021_rank_01.png,/shared/ssd_30T/zhuoyingyang/physact/sam3_robowm/identity_v1/sam_masked_expansion6/crops/Cosmos2.5_0060/frame_0021_rank_02.png
Cosmos2.5_0060,24,1,2,0.655958890914917,0.0,0.0,False,0.2578718364238739,0.6531069874763489,0.9376109838485718,0.8049054145812988,0.97265625,0.97265625,/shared/ssd_30T/zhuoyingyang/physact/sam3_robowm/identity_v1/sam_masked_expansion6/crops/Cosmos2.5_0060/frame_0024_rank_01.png,/shared/ssd_30T/zhuoyingyang/physact/sam3_robowm/identity_v1/sam_masked_expansion6/crops/Cosmos2.5_0060/frame_0024_rank_02.png
Cosmos2.5_0060,27,1,2,0.7254334092140198,0.0,0.0,False,0.2736991047859192,0.6065166592597961,0.9465307593345642,0.8149405717849731,0.97265625,0.97265625,/shared/ssd_30T/zhuoyingyang/physact/sam3_robowm/identity_v1/sam_masked_expansion6/crops/Cosmos2.5_0060/frame_0027_rank_01.png,/shared/ssd_30T/zhuoyingyang/physact/sam3_robowm/identity_v1/sam_masked_expansion6/crops/Cosmos2.5_0060/frame_0027_rank_02.png
Cosmos2.5_0060,30,1,2,0.6630113124847412,0.0,0.0,False,0.2653024196624756,0.6088277101516724,0.9360272884368896,0.8767504096031189,0.97265625,0.97265625,/shared/ssd_30T/zhuoyingyang/physact/sam3_robowm/identity_v1/sam_masked_expansion6/crops/Cosmos2.5_0060/frame_0030_rank_01.png,/shared/ssd_30T/zhuoyingyang/physact/sam3_robowm/identity_v1/sam_masked_expansion6/crops/Cosmos2.5_0060/frame_0030_rank_02.png
Cosmos2.5_0060,33,1,2,0.6596873998641968,0.0,0.0,False,0.2453858107328415,0.5899772047996521,0.9354177713394164,0.7967585325241089,0.97265625,0.97265625,/shared/ssd_30T/zhuoyingyang/physact/sam3_robowm/identity_v1/sam_masked_expansion6/crops/Cosmos2.5_0060/frame_0033_rank_01.png,/shared/ssd_30T/zhuoyingyang/physact/sam3_robowm/identity_v1/sam_masked_expansion6/crops/Cosmos2.5_0060/frame_0033_rank_02.png
Cosmos2.5_0060,33,1,3,0.33425721526145935,0.0,0.0,False,0.2453858107328415,0.1144014000892639,0.9354177713394164,0.7105646133422852,0.97265625,0.97265625,/shared/ssd_30T/zhuoyingyang/physact/sam3_robowm/identity_v1/sam_masked_expansion6/crops/Cosmos2.5_0060/frame_0033_rank_01.png,/shared/ssd_30T/zhuoyingyang/physact/sam3_robowm/identity_v1/sam_masked_expansion6/crops/Cosmos2.5_0060/frame_0033_rank_03.png
Cosmos2.5_0060,33,2,3,0.47367388010025024,0.41359968684658327,1.0,True,0.5899772047996521,0.1144014000892639,0.7967585325241089,0.7105646133422852,0.97265625,0.97265625,/shared/ssd_30T/zhuoyingyang/physact/sam3_robowm/identity_v1/sam_masked_expansion6/crops/Cosmos2.5_0060/frame_0033_rank_02.png,/shared/ssd_30T/zhuoyingyang/physact/sam3_robowm/identity_v1/sam_masked_expansion6/crops/Cosmos2.5_0060/frame_0033_rank_03.png
Cosmos2.5_0060,36,1,2,0.60459965467453,0.0,0.0,False,0.2919733822345733,0.5770455002784729,0.9269253015518188,0.7957805395126343,0.97265625,0.9765625,/shared/ssd_30T/zhuoyingyang/physact/sam3_robowm/identity_v1/sam_masked_expansion6/crops/Cosmos2.5_0060/frame_0036_rank_01.png,/shared/ssd_30T/zhuoyingyang/physact/sam3_robowm/identity_v1/sam_masked_expansion6/crops/Cosmos2.5_0060/frame_0036_rank_02.png
Cosmos2.5_0060,36,1,3,0.39047935605049133,0.0,0.0,False,0.2919733822345733,0.1084478050470352,0.9269253015518188,0.7376053333282471,0.97265625,0.97265625,/shared/ssd_30T/zhuoyingyang/physact/sam3_robowm/identity_v1/sam_masked_expansion6/crops/Cosmos2.5_0060/frame_0036_rank_01.png,/shared/ssd_30T/zhuoyingyang/physact/sam3_robowm/identity_v1/sam_masked_expansion6/crops/Cosmos2.5_0060/frame_0036_rank_03.png
Cosmos2.5_0060,36,2,3,0.6395859122276306,0.35641029922907996,1.0,True,0.5770455002784729,0.1084478050470352,0.7957805395126343,0.7376053333282471,0.9765625,0.97265625,/shared/ssd_30T/zhuoyingyang/physact/sam3_robowm/identity_v1/sam_masked_expansion6/crops/Cosmos2.5_0060/frame_0036_rank_02.png,/shared/ssd_30T/zhuoyingyang/physact/sam3_robowm/identity_v1/sam_masked_expansion6/crops/Cosmos2.5_0060/frame_0036_rank_03.png
Cosmos2.5_0060,39,1,2,0.6117847561836243,0.0,0.0,False,0.3345230221748352,0.5282092094421387,0.9470158815383912,0.8307749629020691,0.97265625,0.9765625,/shared/ssd_30T/zhuoyingyang/physact/sam3_robowm/identity_v1/sam_masked_expansion6/crops/Cosmos2.5_0060/frame_0039_rank_01.png,/shared/ssd_30T/zhuoyingyang/physact/sam3_robowm/identity_v1/sam_masked_expansion6/crops/Cosmos2.5_0060/frame_0039_rank_02.png
Cosmos2.5_0060,39,1,3,0.47995272278785706,0.0,0.0,False,0.3345230221748352,0.1154320538043975,0.9470158815383912,0.7085102796554565,0.97265625,0.97265625,/shared/ssd_30T/zhuoyingyang/physact/sam3_robowm/identity_v1/sam_masked_expansion6/crops/Cosmos2.5_0060/frame_0039_rank_01.png,/shared/ssd_30T/zhuoyingyang/physact/sam3_robowm/identity_v1/sam_masked_expansion6/crops/Cosmos2.5_0060/frame_0039_rank_03.png
Cosmos2.5_0060,39,2,3,0.6696727871894836,0.33207180723478336,1.0,True,0.5282092094421387,0.1154320538043975,0.8307749629020691,0.7085102796554565,0.9765625,0.97265625,/shared/ssd_30T/zhuoyingyang/physact/sam3_robowm/identity_v1/sam_masked_expansion6/crops/Cosmos2.5_0060/frame_0039_rank_02.png,/shared/ssd_30T/zhuoyingyang/physact/sam3_robowm/identity_v1/sam_masked_expansion6/crops/Cosmos2.5_0060/frame_0039_rank_03.png
Cosmos2.5_0060,42,1,2,0.17605969309806824,0.44150134654143636,1.0,True,0.3546502590179443,0.1057857722043991,0.9463303089141846,0.9344627261161804,0.97265625,0.89453125,/shared/ssd_30T/zhuoyingyang/physact/sam3_robowm/identity_v1/sam_masked_expansion6/crops/Cosmos2.5_0060/frame_0042_rank_01.png,/shared/ssd_30T/zhuoyingyang/physact/sam3_robowm/identity_v1/sam_masked_expansion6/crops/Cosmos2.5_0060/frame_0042_rank_02.png
Cosmos2.5_0060,42,1,3,0.5602625608444214,0.0,0.0,False,0.3546502590179443,0.5110301375389099,0.9463303089141846,0.8279194831848145,0.97265625,0.9765625,/shared/ssd_30T/zhuoyingyang/physact/sam3_robowm/identity_v1/sam_masked_expansion6/crops/Cosmos2.5_0060/frame_0042_rank_01.png,/shared/ssd_30T/zhuoyingyang/physact/sam3_robowm/identity_v1/sam_masked_expansion6/crops/Cosmos2.5_0060/frame_0042_rank_03.png
Cosmos2.5_0060,42,2,3,0.26949894428253174,0.0,0.0,False,0.1057857722043991,0.5110301375389099,0.9344627261161804,0.8279194831848145,0.89453125,0.9765625,/shared/ssd_30T/zhuoyingyang/physact/sam3_robowm/identity_v1/sam_masked_expansion6/crops/Cosmos2.5_0060/frame_0042_rank_02.png,/shared/ssd_30T/zhuoyingyang/physact/sam3_robowm/identity_v1/sam_masked_expansion6/crops/Cosmos2.5_0060/frame_0042_rank_03.png
Cosmos2.5_0060,45,1,2,0.3516802489757538,0.4509694938399894,1.0,True,0.3586623072624206,0.1122023165225982,0.9442247152328492,0.9343516230583192,0.97265625,0.8984375,/shared/ssd_30T/zhuoyingyang/physact/sam3_robowm/identity_v1/sam_masked_expansion6/crops/Cosmos2.5_0060/frame_0045_rank_01.png,/shared/ssd_30T/zhuoyingyang/physact/sam3_robowm/identity_v1/sam_masked_expansion6/crops/Cosmos2.5_0060/frame_0045_rank_02.png
Cosmos2.5_0060,45,1,3,0.6055601835250854,0.0,0.0,False,0.3586623072624206,0.4972183108329773,0.9442247152328492,0.8357036113739014,0.97265625,0.9765625,/shared/ssd_30T/zhuoyingyang/physact/sam3_robowm/identity_v1/sam_masked_expansion6/crops/Cosmos2.5_0060/frame_0045_rank_01.png,/shared/ssd_30T/zhuoyingyang/physact/sam3_robowm/identity_v1/sam_masked_expansion6/crops/Cosmos2.5_0060/frame_0045_rank_03.png
Cosmos2.5_0060,45,2,3,0.29816532135009766,0.0,0.0,False,0.1122023165225982,0.4972183108329773,0.9343516230583192,0.8357036113739014,0.8984375,0.9765625,/shared/ssd_30T/zhuoyingyang/physact/sam3_robowm/identity_v1/sam_masked_expansion6/crops/Cosmos2.5_0060/frame_0045_rank_02.png,/shared/ssd_30T/zhuoyingyang/physact/sam3_robowm/identity_v1/sam_masked_expansion6/crops/Cosmos2.5_0060/frame_0045_rank_03.png
Cosmos2.5_0060,48,1,2,0.2185131311416626,0.4426864289294921,1.0,True,0.3804753124713897,0.1123200058937072,0.9500659704208374,0.940805971622467,0.97265625,0.90234375,/shared/ssd_30T/zhuoyingyang/physact/sam3_robowm/identity_v1/sam_masked_expansion6/crops/Cosmos2.5_0060/frame_0048_rank_01.png,/shared/ssd_30T/zhuoyingyang/physact/sam3_robowm/identity_v1/sam_masked_expansion6/crops/Cosmos2.5_0060/frame_0048_rank_02.png
Cosmos2.5_0060,48,1,3,0.5942495465278625,0.0,0.0,False,0.3804753124713897,0.4922529757022857,0.9500659704208374,0.8036918640136719,0.97265625,0.9765625,/shared/ssd_30T/zhuoyingyang/physact/sam3_robowm/identity_v1/sam_masked_expansion6/crops/Cosmos2.5_0060/frame_0048_rank_01.png,/shared/ssd_30T/zhuoyingyang/physact/sam3_robowm/identity_v1/sam_masked_expansion6/crops/Cosmos2.5_0060/frame_0048_rank_03.png
Cosmos2.5_0060,48,2,3,0.2942447364330292,0.0,0.0,False,0.1123200058937072,0.4922529757022857,0.940805971622467,0.8036918640136719,0.90234375,0.9765625,/shared/ssd_30T/zhuoyingyang/physact/sam3_robowm/identity_v1/sam_masked_expansion6/crops/Cosmos2.5_0060/frame_0048_rank_02.png,/shared/ssd_30T/zhuoyingyang/physact/sam3_robowm/identity_v1/sam_masked_expansion6/crops/Cosmos2.5_0060/frame_0048_rank_03.png
Cosmos2.5_0060,51,1,2,0.22532939910888672,0.4533568417796234,1.0,True,0.2997972965240478,0.1051738262176513,0.9434939622879028,0.9299925565719604,0.97265625,0.90625,/shared/ssd_30T/zhuoyingyang/physact/sam3_robowm/identity_v1/sam_masked_expansion6/crops/Cosmos2.5_0060/frame_0051_rank_01.png,/shared/ssd_30T/zhuoyingyang/physact/sam3_robowm/identity_v1/sam_masked_expansion6/crops/Cosmos2.5_0060/frame_0051_rank_02.png
Cosmos2.5_0060,51,1,3,0.5564867854118347,0.0,0.0,False,0.2997972965240478,0.562938392162323,0.9434939622879028,0.783865213394165,0.97265625,0.97265625,/shared/ssd_30T/zhuoyingyang/physact/sam3_robowm/identity_v1/sam_masked_expansion6/crops/Cosmos2.5_0060/frame_0051_rank_01.png,/shared/ssd_30T/zhuoyingyang/physact/sam3_robowm/identity_v1/sam_masked_expansion6/crops/Cosmos2.5_0060/frame_0051_rank_03.png
Cosmos2.5_0060,51,2,3,0.2607368528842926,0.0,0.0,False,0.1051738262176513,0.562938392162323,0.9299925565719604,0.783865213394165,0.90625,0.97265625,/shared/ssd_30T/zhuoyingyang/physact/sam3_robowm/identity_v1/sam_masked_expansion6/crops/Cosmos2.5_0060/frame_0051_rank_02.png,/shared/ssd_30T/zhuoyingyang/physact/sam3_robowm/identity_v1/sam_masked_expansion6/crops/Cosmos2.5_0060/frame_0051_rank_03.png
Cosmos2.5_0060,54,1,2,0.15622609853744507,0.44809503335910456,1.0,True,0.2953166961669922,0.1024485826492309,0.9346295595169068,0.9321017861366272,0.97265625,0.90625,/shared/ssd_30T/zhuoyingyang/physact/sam3_robowm/identity_v1/sam_masked_expansion6/crops/Cosmos2.5_0060/frame_0054_rank_01.png,/shared/ssd_30T/zhuoyingyang/physact/sam3_robowm/identity_v1/sam_masked_expansion6/crops/Cosmos2.5_0060/frame_0054_rank_02.png
Cosmos2.5_0060,54,1,3,0.5108333230018616,0.0,0.0,False,0.2953166961669922,0.5697845220565796,0.9346295595169068,0.8004149198532104,0.97265625,0.97265625,/shared/ssd_30T/zhuoyingyang/physact/sam3_robowm/identity_v1/sam_masked_expansion6/crops/Cosmos2.5_0060/frame_0054_rank_01.png,/shared/ssd_30T/zhuoyingyang/physact/sam3_robowm/identity_v1/sam_masked_expansion6/crops/Cosmos2.5_0060/frame_0054_rank_03.png
Cosmos2.5_0060,54,2,3,0.2673328220844269,0.0,0.0,False,0.1024485826492309,0.5697845220565796,0.9321017861366272,0.8004149198532104,0.90625,0.97265625,/shared/ssd_30T/zhuoyingyang/physact/sam3_robowm/identity_v1/sam_masked_expansion6/crops/Cosmos2.5_0060/frame_0054_rank_02.png,/shared/ssd_30T/zhuoyingyang/physact/sam3_robowm/identity_v1/sam_masked_expansion6/crops/Cosmos2.5_0060/frame_0054_rank_03.png
Cosmos2.5_0060,57,1,2,0.3379276394844055,0.45746041181434344,1.0,True,0.2772189676761627,0.1041328459978103,0.9482946395874025,0.9245681762695312,0.97265625,0.91015625,/shared/ssd_30T/zhuoyingyang/physact/sam3_robowm/identity_v1/sam_masked_expansion6/crops/Cosmos2.5_0060/frame_0057_rank_01.png,/shared/ssd_30T/zhuoyingyang/physact/sam3_robowm/identity_v1/sam_masked_expansion6/crops/Cosmos2.5_0060/frame_0057_rank_02.png
Cosmos2.5_0060,57,1,3,0.4991750717163086,0.0,0.0,False,0.2772189676761627,0.5639785528182983,0.9482946395874025,0.7779741287231445,0.97265625,0.97265625,/shared/ssd_30T/zhuoyingyang/physact/sam3_robowm/identity_v1/sam_masked_expansion6/crops/Cosmos2.5_0060/frame_0057_rank_01.png,/shared/ssd_30T/zhuoyingyang/physact/sam3_robowm/identity_v1/sam_masked_expansion6/crops/Cosmos2.5_0060/frame_0057_rank_03.png
Cosmos2.5_0060,57,2,3,0.3769676983356476,0.0,0.0,False,0.1041328459978103,0.5639785528182983,0.9245681762695312,0.7779741287231445,0.91015625,0.97265625,/shared/ssd_30T/zhuoyingyang/physact/sam3_robowm/identity_v1/sam_masked_expansion6/crops/Cosmos2.5_0060/frame_0057_rank_02.png,/shared/ssd_30T/zhuoyingyang/physact/sam3_robowm/identity_v1/sam_masked_expansion6/crops/Cosmos2.5_0060/frame_0057_rank_03.png
Cosmos2.5_0060,60,1,2,0.333211749792099,0.4598160568696897,1.0,True,0.2764787673950195,0.1036490648984909,0.9456006288528442,0.9173308610916138,0.97265625,0.91015625,/shared/ssd_30T/zhuoyingyang/physact/sam3_robowm/identity_v1/sam_masked_expansion6/crops/Cosmos2.5_0060/frame_0060_rank_01.png,/shared/ssd_30T/zhuoyingyang/physact/sam3_robowm/identity_v1/sam_masked_expansion6/crops/Cosmos2.5_0060/frame_0060_rank_02.png
Cosmos2.5_0060,60,1,3,0.5301798582077026,0.0,0.0,False,0.2764787673950195,0.556982696056366,0.9456006288528442,0.7790820598602295,0.97265625,0.97265625,/shared/ssd_30T/zhuoyingyang/physact/sam3_robowm/identity_v1/sam_masked_expansion6/crops/Cosmos2.5_0060/frame_0060_rank_01.png,/shared/ssd_30T/zhuoyingyang/physact/sam3_robowm/identity_v1/sam_masked_expansion6/crops/Cosmos2.5_0060/frame_0060_rank_03.png
Cosmos2.5_0060,60,2,3,0.34783315658569336,0.0,0.0,False,0.1036490648984909,0.556982696056366,0.9173308610916138,0.7790820598602295,0.91015625,0.97265625,/shared/ssd_30T/zhuoyingyang/physact/sam3_robowm/identity_v1/sam_masked_expansion6/crops/Cosmos2.5_0060/frame_0060_rank_02.png,/shared/ssd_30T/zhuoyingyang/physact/sam3_robowm/identity_v1/sam_masked_expansion6/crops/Cosmos2.5_0060/frame_0060_rank_03.png
Cosmos2.5_0060,63,1,2,0.3785267770290375,0.449379109632995,1.0,True,0.2768930494785309,0.1021706983447074,0.9518551826477052,0.9410717487335204,0.97265625,0.90625,/shared/ssd_30T/zhuoyingyang/physact/sam3_robowm/identity_v1/sam_masked_expansion6/crops/Cosmos2.5_0060/frame_0063_rank_01.png,/shared/ssd_30T/zhuoyingyang/physact/sam3_robowm/identity_v1/sam_masked_expansion6/crops/Cosmos2.5_0060/frame_0063_rank_02.png
Cosmos2.5_0060,63,1,3,0.5695029497146606,0.0,0.0,False,0.2768930494785309,0.5543673634529114,0.9518551826477052,0.831678569316864,0.97265625,0.9765625,/shared/ssd_30T/zhuoyingyang/physact/sam3_robowm/identity_v1/sam_masked_expansion6/crops/Cosmos2.5_0060/frame_0063_rank_01.png,/shared/ssd_30T/zhuoyingyang/physact/sam3_robowm/identity_v1/sam_masked_expansion6/crops/Cosmos2.5_0060/frame_0063_rank_03.png
Cosmos2.5_0060,63,2,3,0.3811517059803009,0.0,0.0,False,0.1021706983447074,0.5543673634529114,0.9410717487335204,0.831678569316864,0.90625,0.9765625,/shared/ssd_30T/zhuoyingyang/physact/sam3_robowm/identity_v1/sam_masked_expansion6/crops/Cosmos2.5_0060/frame_0063_rank_02.png,/shared/ssd_30T/zhuoyingyang/physact/sam3_robowm/identity_v1/sam_masked_expansion6/crops/Cosmos2.5_0060/frame_0063_rank_03.png
Cosmos2.5_0060,66,1,2,0.45125851035118103,0.4546305196036665,1.0,True,0.2843210697174072,0.103087767958641,0.9357081055641174,0.92099130153656,0.97265625,0.89453125,/shared/ssd_30T/zhuoyingyang/physact/sam3_robowm/identity_v1/sam_masked_expansion6/crops/Cosmos2.5_0060/frame_0066_rank_01.png,/shared/ssd_30T/zhuoyingyang/physact/sam3_robowm/identity_v1/sam_masked_expansion6/crops/Cosmos2.5_0060/frame_0066_rank_02.png
Cosmos2.5_0060,66,1,3,0.5031800866127014,0.0,0.0,False,0.2843210697174072,0.5521205067634583,0.9357081055641174,0.8541139364242554,0.97265625,0.97265625,/shared/ssd_30T/zhuoyingyang/physact/sam3_robowm/identity_v1/sam_masked_expansion6/crops/Cosmos2.5_0060/frame_0066_rank_01.png,/shared/ssd_30T/zhuoyingyang/physact/sam3_robowm/identity_v1/sam_masked_expansion6/crops/Cosmos2.5_0060/frame_0066_rank_03.png
Cosmos2.5_0060,66,2,3,0.33540666103363037,0.0,0.0,False,0.103087767958641,0.5521205067634583,0.92099130153656,0.8541139364242554,0.89453125,0.97265625,/shared/ssd_30T/zhuoyingyang/physact/sam3_robowm/identity_v1/sam_masked_expansion6/crops/Cosmos2.5_0060/frame_0066_rank_02.png,/shared/ssd_30T/zhuoyingyang/physact/sam3_robowm/identity_v1/sam_masked_expansion6/crops/Cosmos2.5_0060/frame_0066_rank_03.png
Cosmos2.5_0060,69,1,2,0.24344664812088013,0.45584369302108013,1.0,True,0.2822591364383697,0.1037381440401077,0.9314169883728028,0.9265496730804444,0.97265625,0.90625,/shared/ssd_30T/zhuoyingyang/physact/sam3_robowm/identity_v1/sam_masked_expansion6/crops/Cosmos2.5_0060/frame_0069_rank_01.png,/shared/ssd_30T/zhuoyingyang/physact/sam3_robowm/identity_v1/sam_masked_expansion6/crops/Cosmos2.5_0060/frame_0069_rank_02.png
Cosmos2.5_0060,69,1,3,0.5170426368713379,0.0,0.0,False,0.2822591364383697,0.5483742952346802,0.9314169883728028,0.8277394771575928,0.97265625,0.9765625,/shared/ssd_30T/zhuoyingyang/physact/sam3_robowm/identity_v1/sam_masked_expansion6/crops/Cosmos2.5_0060/frame_0069_rank_01.png,/shared/ssd_30T/zhuoyingyang/physact/sam3_robowm/identity_v1/sam_masked_expansion6/crops/Cosmos2.5_0060/frame_0069_rank_03.png
Cosmos2.5_0060,69,2,3,0.25336527824401855,0.0,0.0,False,0.1037381440401077,0.5483742952346802,0.9265496730804444,0.8277394771575928,0.90625,0.9765625,/shared/ssd_30T/zhuoyingyang/physact/sam3_robowm/identity_v1/sam_masked_expansion6/crops/Cosmos2.5_0060/frame_0069_rank_02.png,/shared/ssd_30T/zhuoyingyang/physact/sam3_robowm/identity_v1/sam_masked_expansion6/crops/Cosmos2.5_0060/frame_0069_rank_03.png
Cosmos2.5_0060,72,1,2,0.4712449312210083,0.0,0.0,False,0.2563700377941131,0.570430338382721,0.931538224220276,0.820489227771759,0.97265625,0.97265625,/shared/ssd_30T/zhuoyingyang/physact/sam3_robowm/identity_v1/sam_masked_expansion6/crops/Cosmos2.5_0060/frame_0072_rank_01.png,/shared/ssd_30T/zhuoyingyang/physact/sam3_robowm/identity_v1/sam_masked_expansion6/crops/Cosmos2.5_0060/frame_0072_rank_02.png
Cosmos2.5_0060,72,1,3,0.31793540716171265,0.0,0.0,False,0.2563700377941131,0.1316898167133331,0.931538224220276,0.753448486328125,0.97265625,0.96484375,/shared/ssd_30T/zhuoyingyang/physact/sam3_robowm/identity_v1/sam_masked_expansion6/crops/Cosmos2.5_0060/frame_0072_rank_01.png,/shared/ssd_30T/zhuoyingyang/physact/sam3_robowm/identity_v1/sam_masked_expansion6/crops/Cosmos2.5_0060/frame_0072_rank_03.png
Cosmos2.5_0060,72,2,3,0.528164803981781,0.3558184427927187,1.0,True,0.570430338382721,0.1316898167133331,0.820489227771759,0.753448486328125,0.97265625,0.96484375,/shared/ssd_30T/zhuoyingyang/physact/sam3_robowm/identity_v1/sam_masked_expansion6/crops/Cosmos2.5_0060/frame_0072_rank_02.png,/shared/ssd_30T/zhuoyingyang/physact/sam3_robowm/identity_v1/sam_masked_expansion6/crops/Cosmos2.5_0060/frame_0072_rank_03.png
Cosmos2.5_0060,75,1,2,0.4752904176712036,0.4583672604712449,1.0,True,0.2954943776130676,0.1050635278224945,0.9304594993591307,0.918374240398407,0.97265625,0.90234375,/shared/ssd_30T/zhuoyingyang/physact/sam3_robowm/identity_v1/sam_masked_expansion6/crops/Cosmos2.5_0060/frame_0075_rank_01.png,/shared/ssd_30T/zhuoyingyang/physact/sam3_robowm/identity_v1/sam_masked_expansion6/crops/Cosmos2.5_0060/frame_0075_rank_02.png
Cosmos2.5_0060,75,1,3,0.47949573397636414,0.0,0.0,False,0.2954943776130676,0.5486880540847778,0.9304594993591307,0.8177090883255005,0.97265625,0.9765625,/shared/ssd_30T/zhuoyingyang/physact/sam3_robowm/identity_v1/sam_masked_expansion6/crops/Cosmos2.5_0060/frame_0075_rank_01.png,/shared/ssd_30T/zhuoyingyang/physact/sam3_robowm/identity_v1/sam_masked_expansion6/crops/Cosmos2.5_0060/frame_0075_rank_03.png
Cosmos2.5_0060,75,2,3,0.327493816614151,0.0,0.0,False,0.1050635278224945,0.5486880540847778,0.918374240398407,0.8177090883255005,0.90234375,0.9765625,/shared/ssd_30T/zhuoyingyang/physact/sam3_robowm/identity_v1/sam_masked_expansion6/crops/Cosmos2.5_0060/frame_0075_rank_02.png,/shared/ssd_30T/zhuoyingyang/physact/sam3_robowm/identity_v1/sam_masked_expansion6/crops/Cosmos2.5_0060/frame_0075_rank_03.png
Cosmos2.5_0060,78,1,2,0.43323367834091187,0.4537288633540631,1.0,True,0.1007337793707847,0.2794407606124878,0.941813826560974,0.9307056665420532,0.90625,0.97265625,/shared/ssd_30T/zhuoyingyang/physact/sam3_robowm/identity_v1/sam_masked_expansion6/crops/Cosmos2.5_0060/frame_0078_rank_01.png,/shared/ssd_30T/zhuoyingyang/physact/sam3_robowm/identity_v1/sam_masked_expansion6/crops/Cosmos2.5_0060/frame_0078_rank_02.png
Cosmos2.5_0060,78,1,3,0.3099271059036255,0.0,0.0,False,0.1007337793707847,0.5602083206176758,0.941813826560974,0.8214676380157471,0.90625,0.9765625,/shared/ssd_30T/zhuoyingyang/physact/sam3_robowm/identity_v1/sam_masked_expansion6/crops/Cosmos2.5_0060/frame_0078_rank_01.png,/shared/ssd_30T/zhuoyingyang/physact/sam3_robowm/identity_v1/sam_masked_expansion6/crops/Cosmos2.5_0060/frame_0078_rank_03.png
Cosmos2.5_0060,78,2,3,0.4579198658466339,0.0,0.0,False,0.2794407606124878,0.5602083206176758,0.9307056665420532,0.8214676380157471,0.97265625,0.9765625,/shared/ssd_30T/zhuoyingyang/physact/sam3_robowm/identity_v1/sam_masked_expansion6/crops/Cosmos2.5_0060/frame_0078_rank_02.png,/shared/ssd_30T/zhuoyingyang/physact/sam3_robowm/identity_v1/sam_masked_expansion6/crops/Cosmos2.5_0060/frame_0078_rank_03.png
Cosmos2.5_0060,81,1,2,0.4540119469165802,0.45505493010722187,1.0,True,0.3085498809814453,0.1086012944579124,0.9343338012695312,0.9271421432495116,0.97265625,0.89453125,/shared/ssd_30T/zhuoyingyang/physact/sam3_robowm/identity_v1/sam_masked_expansion6/crops/Cosmos2.5_0060/frame_0081_rank_01.png,/shared/ssd_30T/zhuoyingyang/physact/sam3_robowm/identity_v1/sam_masked_expansion6/crops/Cosmos2.5_0060/frame_0081_rank_02.png
Cosmos2.5_0060,81,1,3,0.5086994767189026,0.0,0.0,False,0.3085498809814453,0.5474953651428223,0.9343338012695312,0.8006870746612549,0.97265625,0.97265625,/shared/ssd_30T/zhuoyingyang/physact/sam3_robowm/identity_v1/sam_masked_expansion6/crops/Cosmos2.5_0060/frame_0081_rank_01.png,/shared/ssd_30T/zhuoyingyang/physact/sam3_robowm/identity_v1/sam_masked_expansion6/crops/Cosmos2.5_0060/frame_0081_rank_03.png
Cosmos2.5_0060,81,2,3,0.29404929280281067,0.0,0.0,False,0.1086012944579124,0.5474953651428223,0.9271421432495116,0.8006870746612549,0.89453125,0.97265625,/shared/ssd_30T/zhuoyingyang/physact/sam3_robowm/identity_v1/sam_masked_expansion6/crops/Cosmos2.5_0060/frame_0081_rank_02.png,/shared/ssd_30T/zhuoyingyang/physact/sam3_robowm/identity_v1/sam_masked_expansion6/crops/Cosmos2.5_0060/frame_0081_rank_03.png
Cosmos2.5_0060,84,1,2,0.4002577066421509,0.4523384137194991,1.0,True,0.3734349012374878,0.1170967146754264,0.9373276233673096,0.927969455718994,0.97265625,0.8984375,/shared/ssd_30T/zhuoyingyang/physact/sam3_robowm/identity_v1/sam_masked_expansion6/crops/Cosmos2.5_0060/frame_0084_rank_01.png,/shared/ssd_30T/zhuoyingyang/physact/sam3_robowm/identity_v1/sam_masked_expansion6/crops/Cosmos2.5_0060/frame_0084_rank_02.png
Cosmos2.5_0060,84,1,3,0.4825931489467621,0.0,0.0,False,0.3734349012374878,0.5164089798927307,0.9373276233673096,0.8026504516601562,0.97265625,0.9765625,/shared/ssd_30T/zhuoyingyang/physact/sam3_robowm/identity_v1/sam_masked_expansion6/crops/Cosmos2.5_0060/frame_0084_rank_01.png,/shared/ssd_30T/zhuoyingyang/physact/sam3_robowm/identity_v1/sam_masked_expansion6/crops/Cosmos2.5_0060/frame_0084_rank_03.png
Cosmos2.5_0060,84,2,3,0.2828699052333832,0.0,0.0,False,0.1170967146754264,0.5164089798927307,0.927969455718994,0.8026504516601562,0.8984375,0.9765625,/shared/ssd_30T/zhuoyingyang/physact/sam3_robowm/identity_v1/sam_masked_expansion6/crops/Cosmos2.5_0060/frame_0084_rank_02.png,/shared/ssd_30T/zhuoyingyang/physact/sam3_robowm/identity_v1/sam_masked_expansion6/crops/Cosmos2.5_0060/frame_0084_rank_03.png
Cosmos2.5_0060,87,1,2,0.286099910736084,0.44868763948788953,1.0,True,0.34465092420578,0.1088432297110557,0.9456104040145874,0.940025806427002,0.97265625,0.89453125,/shared/ssd_30T/zhuoyingyang/physact/sam3_robowm/identity_v1/sam_masked_expansion6/crops/Cosmos2.5_0060/frame_0087_rank_01.png,/shared/ssd_30T/zhuoyingyang/physact/sam3_robowm/identity_v1/sam_masked_expansion6/crops/Cosmos2.5_0060/frame_0087_rank_02.png
Cosmos2.5_0060,87,1,3,0.4955480992794037,0.0,0.0,False,0.34465092420578,0.5292679667472839,0.9456104040145874,0.8484255075454712,0.97265625,0.97265625,/shared/ssd_30T/zhuoyingyang/physact/sam3_robowm/identity_v1/sam_masked_expansion6/crops/Cosmos2.5_0060/frame_0087_rank_01.png,/shared/ssd_30T/zhuoyingyang/physact/sam3_robowm/identity_v1/sam_masked_expansion6/crops/Cosmos2.5_0060/frame_0087_rank_03.png
Cosmos2.5_0060,87,2,3,0.2655383050441742,0.0,0.0,False,0.1088432297110557,0.5292679667472839,0.940025806427002,0.8484255075454712,0.89453125,0.97265625,/shared/ssd_30T/zhuoyingyang/physact/sam3_robowm/identity_v1/sam_masked_expansion6/crops/Cosmos2.5_0060/frame_0087_rank_02.png,/shared/ssd_30T/zhuoyingyang/physact/sam3_robowm/identity_v1/sam_masked_expansion6/crops/Cosmos2.5_0060/frame_0087_rank_03.png
Cosmos2.5_0060,90,1,2,0.3663480281829834,0.43808629226775175,1.0,True,0.440342903137207,0.1207179054617881,0.9485137462615968,0.9209439754486084,0.97265625,0.89453125,/shared/ssd_30T/zhuoyingyang/physact/sam3_robowm/identity_v1/sam_masked_expansion6/crops/Cosmos2.5_0060/frame_0090_rank_01.png,/shared/ssd_30T/zhuoyingyang/physact/sam3_robowm/identity_v1/sam_masked_expansion6/crops/Cosmos2.5_0060/frame_0090_rank_02.png
Cosmos2.5_0060,90,1,3,0.503384530544281,0.0,0.0,False,0.440342903137207,0.4526944756507873,0.9485137462615968,0.8095228672027588,0.97265625,0.97265625,/shared/ssd_30T/zhuoyingyang/physact/sam3_robowm/identity_v1/sam_masked_expansion6/crops/Cosmos2.5_0060/frame_0090_rank_01.png,/shared/ssd_30T/zhuoyingyang/physact/sam3_robowm/identity_v1/sam_masked_expansion6/crops/Cosmos2.5_0060/frame_0090_rank_03.png
Cosmos2.5_0060,90,2,3,0.3169000744819641,0.0,0.0,False,0.1207179054617881,0.4526944756507873,0.9209439754486084,0.8095228672027588,0.89453125,0.97265625,/shared/ssd_30T/zhuoyingyang/physact/sam3_robowm/identity_v1/sam_masked_expansion6/crops/Cosmos2.5_0060/frame_0090_rank_02.png,/shared/ssd_30T/zhuoyingyang/physact/sam3_robowm/identity_v1/sam_masked_expansion6/crops/Cosmos2.5_0060/frame_0090_rank_03.png
Cosmos2.5_0060,92,1,2,0.1941860020160675,0.4184939409722303,1.0,True,0.5219985246658325,0.1046928986907005,0.9493606090545654,0.9325505495071412,0.97265625,0.88671875,/shared/ssd_30T/zhuoyingyang/physact/sam3_robowm/identity_v1/sam_masked_expansion6/crops/Cosmos2.5_0060/frame_0092_rank_01.png,/shared/ssd_30T/zhuoyingyang/physact/sam3_robowm/identity_v1/sam_masked_expansion6/crops/Cosmos2.5_0060/frame_0092_rank_02.png
Cosmos2.5_0060,92,1,3,0.3562329411506653,0.0,0.0,False,0.5219985246658325,0.3867481648921966,0.9493606090545654,0.8039480447769165,0.97265625,0.96875,/shared/ssd_30T/zhuoyingyang/physact/sam3_robowm/identity_v1/sam_masked_expansion6/crops/Cosmos2.5_0060/frame_0092_rank_01.png,/shared/ssd_30T/zhuoyingyang/physact/sam3_robowm/identity_v1/sam_masked_expansion6/crops/Cosmos2.5_0060/frame_0092_rank_03.png
Cosmos2.5_0060,92,2,3,0.4174918532371521,0.0,0.0,False,0.1046928986907005,0.3867481648921966,0.9325505495071412,0.8039480447769165,0.88671875,0.96875,/shared/ssd_30T/zhuoyingyang/physact/sam3_robowm/identity_v1/sam_masked_expansion6/crops/Cosmos2.5_0060/frame_0092_rank_02.png,/shared/ssd_30T/zhuoyingyang/physact/sam3_robowm/identity_v1/sam_masked_expansion6/crops/Cosmos2.5_0060/frame_0092_rank_03.png
Cosmos3_seed101_0010,0,1,2,0.6769579648971558,0.0,0.0,False,0.5879442095756531,0.4246306419372558,0.987101912498474,0.8445106744766235,0.984375,0.98046875,/shared/ssd_30T/zhuoyingyang/physact/sam3_robowm/identity_v1/sam_masked_expansion6/crops/Cosmos3_seed101_0010/frame_0000_rank_01.png,/shared/ssd_30T/zhuoyingyang/physact/sam3_robowm/identity_v1/sam_masked_expansion6/crops/Cosmos3_seed101_0010/frame_0000_rank_02.png
Cosmos3_seed101_0010,3,1,2,0.6597524881362915,0.0,0.0,False,0.5801275968551636,0.4537060856819153,0.9775992631912231,0.8282756805419922,0.984375,0.98046875,/shared/ssd_30T/zhuoyingyang/physact/sam3_robowm/identity_v1/sam_masked_expansion6/crops/Cosmos3_seed101_0010/frame_0003_rank_01.png,/shared/ssd_30T/zhuoyingyang/physact/sam3_robowm/identity_v1/sam_masked_expansion6/crops/Cosmos3_seed101_0010/frame_0003_rank_02.png
Cosmos3_seed101_0010,6,1,2,0.6620730757713318,0.0,0.0,False,0.5979622006416321,0.4426511824131012,0.9695444107055664,0.8321274518966675,0.984375,0.98046875,/shared/ssd_30T/zhuoyingyang/physact/sam3_robowm/identity_v1/sam_masked_expansion6/crops/Cosmos3_seed101_0010/frame_0006_rank_01.png,/shared/ssd_30T/zhuoyingyang/physact/sam3_robowm/identity_v1/sam_masked_expansion6/crops/Cosmos3_seed101_0010/frame_0006_rank_02.png
Cosmos3_seed101_0010,9,1,2,0.6711921691894531,0.0,0.0,False,0.6225875616073608,0.437945157289505,0.9776642918586732,0.8226122260093689,0.984375,0.98046875,/shared/ssd_30T/zhuoyingyang/physact/sam3_robowm/identity_v1/sam_masked_expansion6/crops/Cosmos3_seed101_0010/frame_0009_rank_01.png,/shared/ssd_30T/zhuoyingyang/physact/sam3_robowm/identity_v1/sam_masked_expansion6/crops/Cosmos3_seed101_0010/frame_0009_rank_02.png
Cosmos3_seed101_0010,12,1,2,0.6313107013702393,0.0,0.0,False,0.5397029519081116,0.523044764995575,0.9775906801223756,0.8353884220123291,0.984375,0.98046875,/shared/ssd_30T/zhuoyingyang/physact/sam3_robowm/identity_v1/sam_masked_expansion6/crops/Cosmos3_seed101_0010/frame_0012_rank_01.png,/shared/ssd_30T/zhuoyingyang/physact/sam3_robowm/identity_v1/sam_masked_expansion6/crops/Cosmos3_seed101_0010/frame_0012_rank_02.png
Cosmos3_seed101_0010,15,1,2,0.6422126293182373,0.0,0.0,False,0.625860869884491,0.4799087345600128,0.9667994379997252,0.8401833772659302,0.984375,0.98046875,/shared/ssd_30T/zhuoyingyang/physact/sam3_robowm/identity_v1/sam_masked_expansion6/crops/Cosmos3_seed101_0010/frame_0015_rank_01.png,/shared/ssd_30T/zhuoyingyang/physact/sam3_robowm/identity_v1/sam_masked_expansion6/crops/Cosmos3_seed101_0010/frame_0015_rank_02.png
Cosmos3_seed101_0010,18,1,2,0.6558204889297485,0.0,0.0,False,0.6577567458152771,0.4400548934936523,0.9595662355422974,0.8305562734603882,0.984375,0.98046875,/shared/ssd_30T/zhuoyingyang/physact/sam3_robowm/identity_v1/sam_masked_expansion6/crops/Cosmos3_seed101_0010/frame_0018_rank_01.png,/shared/ssd_30T/zhuoyingyang/physact/sam3_robowm/identity_v1/sam_masked_expansion6/crops/Cosmos3_seed101_0010/frame_0018_rank_02.png
Cosmos3_seed101_0010,21,1,2,0.6229061484336853,0.0,0.0,False,0.6202250719070435,0.4399388432502746,0.9670383334159852,0.8372616171836853,0.984375,0.98046875,/shared/ssd_30T/zhuoyingyang/physact/sam3_robowm/identity_v1/sam_masked_expansion6/crops/Cosmos3_seed101_0010/frame_0021_rank_01.png,/shared/ssd_30T/zhuoyingyang/physact/sam3_robowm/identity_v1/sam_masked_expansion6/crops/Cosmos3_seed101_0010/frame_0021_rank_02.png
Cosmos3_seed101_0010,24,1,2,0.6265775561332703,0.0,0.0,False,0.6024268865585327,0.4726513028144836,0.9538512229919434,0.8392926454544067,0.984375,0.98046875,/shared/ssd_30T/zhuoyingyang/physact/sam3_robowm/identity_v1/sam_masked_expansion6/crops/Cosmos3_seed101_0010/frame_0024_rank_01.png,/shared/ssd_30T/zhuoyingyang/physact/sam3_robowm/identity_v1/sam_masked_expansion6/crops/Cosmos3_seed101_0010/frame_0024_rank_02.png
Cosmos3_seed101_0010,27,1,2,0.6550332903862,0.0,0.0,False,0.549601137638092,0.4862284660339355,0.974622368812561,0.8320667743682861,0.984375,0.98046875,/shared/ssd_30T/zhuoyingyang/physact/sam3_robowm/identity_v1/sam_masked_expansion6/crops/Cosmos3_seed101_0010/frame_0027_rank_01.png,/shared/ssd_30T/zhuoyingyang/physact/sam3_robowm/identity_v1/sam_masked_expansion6/crops/Cosmos3_seed101_0010/frame_0027_rank_02.png
Cosmos3_seed101_0010,30,1,2,0.6777582764625549,0.0,0.0,False,0.591838538646698,0.4435338377952575,0.9713329076766968,0.8296799063682556,0.984375,0.98046875,/shared/ssd_30T/zhuoyingyang/physact/sam3_robowm/identity_v1/sam_masked_expansion6/crops/Cosmos3_seed101_0010/frame_0030_rank_01.png,/shared/ssd_30T/zhuoyingyang/physact/sam3_robowm/identity_v1/sam_masked_expansion6/crops/Cosmos3_seed101_0010/frame_0030_rank_02.png
Cosmos3_seed101_0010,33,1,2,0.6861192584037781,0.0,0.0,False,0.6513411998748779,0.3760946094989776,0.9630616903305054,0.8246954679489136,0.984375,0.98046875,/shared/ssd_30T/zhuoyingyang/physact/sam3_robowm/identity_v1/sam_masked_expansion6/crops/Cosmos3_seed101_0010/frame_0033_rank_01.png,/shared/ssd_30T/zhuoyingyang/physact/sam3_robowm/identity_v1/sam_masked_expansion6/crops/Cosmos3_seed101_0010/frame_0033_rank_02.png
Cosmos3_seed101_0010,36,1,2,0.6609539985656738,0.0,0.0,False,0.5186107158660889,0.478910356760025,0.9615528583526612,0.8376869559288025,0.984375,0.98046875,/shared/ssd_30T/zhuoyingyang/physact/sam3_robowm/identity_v1/sam_masked_expansion6/crops/Cosmos3_seed101_0010/frame_0036_rank_01.png,/shared/ssd_30T/zhuoyingyang/physact/sam3_robowm/identity_v1/sam_masked_expansion6/crops/Cosmos3_seed101_0010/frame_0036_rank_02.png
Cosmos3_seed101_0010,39,1,2,0.6714869141578674,0.0,0.0,False,0.6157688498497009,0.408569723367691,0.9514452815055848,0.8243383169174194,0.984375,0.98046875,/shared/ssd_30T/zhuoyingyang/physact/sam3_robowm/identity_v1/sam_masked_expansion6/crops/Cosmos3_seed101_0010/frame_0039_rank_01.png,/shared/ssd_30T/zhuoyingyang/physact/sam3_robowm/identity_v1/sam_masked_expansion6/crops/Cosmos3_seed101_0010/frame_0039_rank_02.png
Cosmos3_seed101_0010,42,1,2,0.6784253120422363,0.0,0.0,False,0.5793766379356384,0.4297561049461365,0.9695451259613036,0.8214844465255737,0.984375,0.98046875,/shared/ssd_30T/zhuoyingyang/physact/sam3_robowm/identity_v1/sam_masked_expansion6/crops/Cosmos3_seed101_0010/frame_0042_rank_01.png,/shared/ssd_30T/zhuoyingyang/physact/sam3_robowm/identity_v1/sam_masked_expansion6/crops/Cosmos3_seed101_0010/frame_0042_rank_02.png
Cosmos3_seed101_0010,45,1,2,0.6703090667724609,0.0,0.0,False,0.6100451946258545,0.3887293934822082,0.9432390332221984,0.823037326335907,0.984375,0.98046875,/shared/ssd_30T/zhuoyingyang/physact/sam3_robowm/identity_v1/sam_masked_expansion6/crops/Cosmos3_seed101_0010/frame_0045_rank_01.png,/shared/ssd_30T/zhuoyingyang/physact/sam3_robowm/identity_v1/sam_masked_expansion6/crops/Cosmos3_seed101_0010/frame_0045_rank_02.png
Cosmos3_seed101_0010,48,1,2,0.6667760610580444,0.0,0.0,False,0.6752666234970093,0.3926109373569488,0.9541004300117492,0.8227189779281616,0.984375,0.98046875,/shared/ssd_30T/zhuoyingyang/physact/sam3_robowm/identity_v1/sam_masked_expansion6/crops/Cosmos3_seed101_0010/frame_0048_rank_01.png,/shared/ssd_30T/zhuoyingyang/physact/sam3_robowm/identity_v1/sam_masked_expansion6/crops/Cosmos3_seed101_0010/frame_0048_rank_02.png
Cosmos3_seed101_0010,51,1,2,0.6941468715667725,0.0,0.0,False,0.6426315307617188,0.3845319449901581,0.965637505054474,0.8223937749862671,0.984375,0.98046875,/shared/ssd_30T/zhuoyingyang/physact/sam3_robowm/identity_v1/sam_masked_expansion6/crops/Cosmos3_seed101_0010/frame_0051_rank_01.png,/shared/ssd_30T/zhuoyingyang/physact/sam3_robowm/identity_v1/sam_masked_expansion6/crops/Cosmos3_seed101_0010/frame_0051_rank_02.png
Cosmos3_seed101_0010,54,1,2,0.6568631529808044,0.0,0.0,False,0.6028095483779907,0.4025044739246368,0.9638067483901978,0.8194972276687622,0.984375,0.98046875,/shared/ssd_30T/zhuoyingyang/physact/sam3_robowm/identity_v1/sam_masked_expansion6/crops/Cosmos3_seed101_0010/frame_0054_rank_01.png,/shared/ssd_30T/zhuoyingyang/physact/sam3_robowm/identity_v1/sam_masked_expansion6/crops/Cosmos3_seed101_0010/frame_0054_rank_02.png
Cosmos3_seed101_0010,57,1,2,0.687995970249176,0.0,0.0,False,0.6097625494003296,0.4007951021194458,0.9374205470085144,0.8205537796020508,0.984375,0.98046875,/shared/ssd_30T/zhuoyingyang/physact/sam3_robowm/identity_v1/sam_masked_expansion6/crops/Cosmos3_seed101_0010/frame_0057_rank_01.png,/shared/ssd_30T/zhuoyingyang/physact/sam3_robowm/identity_v1/sam_masked_expansion6/crops/Cosmos3_seed101_0010/frame_0057_rank_02.png
Cosmos3_seed101_0010,60,1,2,0.695614755153656,0.0,0.0,False,0.5696214437484741,0.4192090630531311,0.946205735206604,0.8346697688102722,0.984375,0.98046875,/shared/ssd_30T/zhuoyingyang/physact/sam3_robowm/identity_v1/sam_masked_expansion6/crops/Cosmos3_seed101_0010/frame_0060_rank_01.png,/shared/ssd_30T/zhuoyingyang/physact/sam3_robowm/identity_v1/sam_masked_expansion6/crops/Cosmos3_seed101_0010/frame_0060_rank_02.png
Cosmos3_seed101_0010,60,1,3,0.18701252341270447,0.0,0.0,False,0.5696214437484741,0.1029413044452667,0.946205735206604,0.6370819807052612,0.984375,0.96875,/shared/ssd_30T/zhuoyingyang/physact/sam3_robowm/identity_v1/sam_masked_expansion6/crops/Cosmos3_seed101_0010/frame_0060_rank_01.png,/shared/ssd_30T/zhuoyingyang/physact/sam3_robowm/identity_v1/sam_masked_expansion6/crops/Cosmos3_seed101_0010/frame_0060_rank_03.png
Cosmos3_seed101_0010,60,2,3,0.1615370512008667,0.0,0.0,False,0.4192090630531311,0.1029413044452667,0.8346697688102722,0.6370819807052612,0.98046875,0.96875,/shared/ssd_30T/zhuoyingyang/physact/sam3_robowm/identity_v1/sam_masked_expansion6/crops/Cosmos3_seed101_0010/frame_0060_rank_02.png,/shared/ssd_30T/zhuoyingyang/physact/sam3_robowm/identity_v1/sam_masked_expansion6/crops/Cosmos3_seed101_0010/frame_0060_rank_03.png
Cosmos3_seed101_0010,63,1,2,0.6805768013000488,0.0,0.0,False,0.5274062156677246,0.4023939669132232,0.9434983730316162,0.8396706581115723,0.984375,0.98046875,/shared/ssd_30T/zhuoyingyang/physact/sam3_robowm/identity_v1/sam_masked_expansion6/crops/Cosmos3_seed101_0010/frame_0063_rank_01.png,/shared/ssd_30T/zhuoyingyang/physact/sam3_robowm/identity_v1/sam_masked_expansion6/crops/Cosmos3_seed101_0010/frame_0063_rank_02.png
Cosmos3_seed101_0010,63,1,3,0.3932003676891327,0.0,0.0,False,0.5274062156677246,0.298860102891922,0.9434983730316162,0.760232150554657,0.984375,0.9765625,/shared/ssd_30T/zhuoyingyang/physact/sam3_robowm/identity_v1/sam_masked_expansion6/crops/Cosmos3_seed101_0010/frame_0063_rank_01.png,/shared/ssd_30T/zhuoyingyang/physact/sam3_robowm/identity_v1/sam_masked_expansion6/crops/Cosmos3_seed101_0010/frame_0063_rank_03.png
Cosmos3_seed101_0010,63,2,3,0.488532155752182,0.0,0.0,False,0.4023939669132232,0.298860102891922,0.8396706581115723,0.760232150554657,0.98046875,0.9765625,/shared/ssd_30T/zhuoyingyang/physact/sam3_robowm/identity_v1/sam_masked_expansion6/crops/Cosmos3_seed101_0010/frame_0063_rank_02.png,/shared/ssd_30T/zhuoyingyang/physact/sam3_robowm/identity_v1/sam_masked_expansion6/crops/Cosmos3_seed101_0010/frame_0063_rank_03.png
Cosmos3_seed101_0010,66,1,2,0.6737269163131714,0.0,0.0,False,0.4702900648117065,0.4225146770477295,0.9410616159439088,0.8384933471679688,0.984375,0.98046875,/shared/ssd_30T/zhuoyingyang/physact/sam3_robowm/identity_v1/sam_masked_expansion6/crops/Cosmos3_seed101_0010/frame_0066_rank_01.png,/shared/ssd_30T/zhuoyingyang/physact/sam3_robowm/identity_v1/sam_masked_expansion6/crops/Cosmos3_seed101_0010/frame_0066_rank_02.png
Cosmos3_seed101_0010,66,1,3,0.516160249710083,0.0,0.0,False,0.4702900648117065,0.340469092130661,0.9410616159439088,0.7335184812545776,0.984375,0.9765625,/shared/ssd_30T/zhuoyingyang/physact/sam3_robowm/identity_v1/sam_masked_expansion6/crops/Cosmos3_seed101_0010/frame_0066_rank_01.png,/shared/ssd_30T/zhuoyingyang/physact/sam3_robowm/identity_v1/sam_masked_expansion6/crops/Cosmos3_seed101_0010/frame_0066_rank_03.png
Cosmos3_seed101_0010,66,2,3,0.7018935084342957,0.0,0.0,False,0.4225146770477295,0.340469092130661,0.8384933471679688,0.7335184812545776,0.98046875,0.9765625,/shared/ssd_30T/zhuoyingyang/physact/sam3_robowm/identity_v1/sam_masked_expansion6/crops/Cosmos3_seed101_0010/frame_0066_rank_02.png,/shared/ssd_30T/zhuoyingyang/physact/sam3_robowm/identity_v1/sam_masked_expansion6/crops/Cosmos3_seed101_0010/frame_0066_rank_03.png
Cosmos3_seed101_0010,69,1,2,0.6968802809715271,0.0,0.0,False,0.4797183275222778,0.4268494844436645,0.9497537016868592,0.828208863735199,0.984375,0.98046875,/shared/ssd_30T/zhuoyingyang/physact/sam3_robowm/identity_v1/sam_masked_expansion6/crops/Cosmos3_seed101_0010/frame_0069_rank_01.png,/shared/ssd_30T/zhuoyingyang/physact/sam3_robowm/identity_v1/sam_masked_expansion6/crops/Cosmos3_seed101_0010/frame_0069_rank_02.png
Cosmos3_seed101_0010,69,1,3,0.4970076084136963,0.0,0.0,False,0.4797183275222778,0.3628747761249542,0.9497537016868592,0.7514498829841614,0.984375,0.9765625,/shared/ssd_30T/zhuoyingyang/physact/sam3_robowm/identity_v1/sam_masked_expansion6/crops/Cosmos3_seed101_0010/frame_0069_rank_01.png,/shared/ssd_30T/zhuoyingyang/physact/sam3_robowm/identity_v1/sam_masked_expansion6/crops/Cosmos3_seed101_0010/frame_0069_rank_03.png
Cosmos3_seed101_0010,69,2,3,0.6405288577079773,0.0,0.0,False,0.4268494844436645,0.3628747761249542,0.828208863735199,0.7514498829841614,0.98046875,0.9765625,/shared/ssd_30T/zhuoyingyang/physact/sam3_robowm/identity_v1/sam_masked_expansion6/crops/Cosmos3_seed101_0010/frame_0069_rank_02.png,/shared/ssd_30T/zhuoyingyang/physact/sam3_robowm/identity_v1/sam_masked_expansion6/crops/Cosmos3_seed101_0010/frame_0069_rank_03.png
Cosmos3_seed101_0010,72,1,2,0.7099475264549255,0.0,0.0,False,0.4601269662380218,0.4260716736316681,0.9496420621871948,0.83329176902771,0.984375,0.98046875,/shared/ssd_30T/zhuoyingyang/physact/sam3_robowm/identity_v1/sam_masked_expansion6/crops/Cosmos3_seed101_0010/frame_0072_rank_01.png,/shared/ssd_30T/zhuoyingyang/physact/sam3_robowm/identity_v1/sam_masked_expansion6/crops/Cosmos3_seed101_0010/frame_0072_rank_02.png
Cosmos3_seed101_0010,72,1,3,0.5562642812728882,0.0,0.0,False,0.4601269662380218,0.3541717231273651,0.9496420621871948,0.7112988233566284,0.984375,0.9765625,/shared/ssd_30T/zhuoyingyang/physact/sam3_robowm/identity_v1/sam_masked_expansion6/crops/Cosmos3_seed101_0010/frame_0072_rank_01.png,/shared/ssd_30T/zhuoyingyang/physact/sam3_robowm/identity_v1/sam_masked_expansion6/crops/Cosmos3_seed101_0010/frame_0072_rank_03.png
Cosmos3_seed101_0010,72,2,3,0.6697656512260437,0.0,0.0,False,0.4260716736316681,0.3541717231273651,0.83329176902771,0.7112988233566284,0.98046875,0.9765625,/shared/ssd_30T/zhuoyingyang/physact/sam3_robowm/identity_v1/sam_masked_expansion6/crops/Cosmos3_seed101_0010/frame_0072_rank_02.png,/shared/ssd_30T/zhuoyingyang/physact/sam3_robowm/identity_v1/sam_masked_expansion6/crops/Cosmos3_seed101_0010/frame_0072_rank_03.png
Cosmos3_seed101_0010,75,1,2,0.6278030276298523,0.0,0.0,False,0.4261238574981689,0.4401059746742248,0.9344137907028198,0.8299520611763,0.984375,0.98046875,/shared/ssd_30T/zhuoyingyang/physact/sam3_robowm/identity_v1/sam_masked_expansion6/crops/Cosmos3_seed101_0010/frame_0075_rank_01.png,/shared/ssd_30T/zhuoyingyang/physact/sam3_robowm/identity_v1/sam_masked_expansion6/crops/Cosmos3_seed101_0010/frame_0075_rank_02.png
Cosmos3_seed101_0010,75,1,3,0.4437783360481262,0.0,0.0,False,0.4261238574981689,0.3970471024513244,0.9344137907028198,0.7471938133239746,0.984375,0.9765625,/shared/ssd_30T/zhuoyingyang/physact/sam3_robowm/identity_v1/sam_masked_expansion6/crops/Cosmos3_seed101_0010/frame_0075_rank_01.png,/shared/ssd_30T/zhuoyingyang/physact/sam3_robowm/identity_v1/sam_masked_expansion6/crops/Cosmos3_seed101_0010/frame_0075_rank_03.png
Cosmos3_seed101_0010,75,2,3,0.659089207649231,0.0,0.0,False,0.4401059746742248,0.3970471024513244,0.8299520611763,0.7471938133239746,0.98046875,0.9765625,/shared/ssd_30T/zhuoyingyang/physact/sam3_robowm/identity_v1/sam_masked_expansion6/crops/Cosmos3_seed101_0010/frame_0075_rank_02.png,/shared/ssd_30T/zhuoyingyang/physact/sam3_robowm/identity_v1/sam_masked_expansion6/crops/Cosmos3_seed101_0010/frame_0075_rank_03.png
Cosmos3_seed101_0010,78,1,2,0.6450098156929016,0.0,0.0,False,0.4625051617622375,0.4235300719738006,0.942146897315979,0.8251450061798096,0.984375,0.98046875,/shared/ssd_30T/zhuoyingyang/physact/sam3_robowm/identity_v1/sam_masked_expansion6/crops/Cosmos3_seed101_0010/frame_0078_rank_01.png,/shared/ssd_30T/zhuoyingyang/physact/sam3_robowm/identity_v1/sam_masked_expansion6/crops/Cosmos3_seed101_0010/frame_0078_rank_02.png
Cosmos3_seed101_0010,78,1,3,0.47719645500183105,0.0,0.0,False,0.4625051617622375,0.3776961266994476,0.942146897315979,0.7241101264953613,0.984375,0.9765625,/shared/ssd_30T/zhuoyingyang/physact/sam3_robowm/identity_v1/sam_masked_expansion6/crops/Cosmos3_seed101_0010/frame_0078_rank_01.png,/shared/ssd_30T/zhuoyingyang/physact/sam3_robowm/identity_v1/sam_masked_expansion6/crops/Cosmos3_seed101_0010/frame_0078_rank_03.png
Cosmos3_seed101_0010,78,2,3,0.6847980618476868,0.0,0.0,False,0.4235300719738006,0.3776961266994476,0.8251450061798096,0.7241101264953613,0.98046875,0.9765625,/shared/ssd_30T/zhuoyingyang/physact/sam3_robowm/identity_v1/sam_masked_expansion6/crops/Cosmos3_seed101_0010/frame_0078_rank_02.png,/shared/ssd_30T/zhuoyingyang/physact/sam3_robowm/identity_v1/sam_masked_expansion6/crops/Cosmos3_seed101_0010/frame_0078_rank_03.png
Cosmos3_seed101_0010,81,1,2,0.6701467037200928,0.0,0.0,False,0.4553234577178955,0.4281988739967346,0.9278310537338256,0.819584846496582,0.984375,0.98046875,/shared/ssd_30T/zhuoyingyang/physact/sam3_robowm/identity_v1/sam_masked_expansion6/crops/Cosmos3_seed101_0010/frame_0081_rank_01.png,/shared/ssd_30T/zhuoyingyang/physact/sam3_robowm/identity_v1/sam_masked_expansion6/crops/Cosmos3_seed101_0010/frame_0081_rank_02.png
Cosmos3_seed101_0010,81,1,3,0.4685001075267792,0.0,0.0,False,0.4553234577178955,0.3824778497219085,0.9278310537338256,0.7168681621551514,0.984375,0.9765625,/shared/ssd_30T/zhuoyingyang/physact/sam3_robowm/identity_v1/sam_masked_expansion6/crops/Cosmos3_seed101_0010/frame_0081_rank_01.png,/shared/ssd_30T/zhuoyingyang/physact/sam3_robowm/identity_v1/sam_masked_expansion6/crops/Cosmos3_seed101_0010/frame_0081_rank_03.png
Cosmos3_seed101_0010,81,2,3,0.6628128290176392,0.0,0.0,False,0.4281988739967346,0.3824778497219085,0.819584846496582,0.7168681621551514,0.98046875,0.9765625,/shared/ssd_30T/zhuoyingyang/physact/sam3_robowm/identity_v1/sam_masked_expansion6/crops/Cosmos3_seed101_0010/frame_0081_rank_02.png,/shared/ssd_30T/zhuoyingyang/physact/sam3_robowm/identity_v1/sam_masked_expansion6/crops/Cosmos3_seed101_0010/frame_0081_rank_03.png
Cosmos3_seed101_0010,84,1,2,0.6874382495880127,0.0,0.0,False,0.3655363619327545,0.4510003328323364,0.9371535778045654,0.8212379813194275,0.984375,0.98046875,/shared/ssd_30T/zhuoyingyang/physact/sam3_robowm/identity_v1/sam_masked_expansion6/crops/Cosmos3_seed101_0010/frame_0084_rank_01.png,/shared/ssd_30T/zhuoyingyang/physact/sam3_robowm/identity_v1/sam_masked_expansion6/crops/Cosmos3_seed101_0010/frame_0084_rank_02.png
Cosmos3_seed101_0010,84,1,3,0.43921440839767456,0.0,0.0,False,0.3655363619327545,0.4151354432106018,0.9371535778045654,0.725499153137207,0.984375,0.9765625,/shared/ssd_30T/zhuoyingyang/physact/sam3_robowm/identity_v1/sam_masked_expansion6/crops/Cosmos3_seed101_0010/frame_0084_rank_01.png,/shared/ssd_30T/zhuoyingyang/physact/sam3_robowm/identity_v1/sam_masked_expansion6/crops/Cosmos3_seed101_0010/frame_0084_rank_03.png
Cosmos3_seed101_0010,84,2,3,0.6061328053474426,0.0,0.0,False,0.4510003328323364,0.4151354432106018,0.8212379813194275,0.725499153137207,0.98046875,0.9765625,/shared/ssd_30T/zhuoyingyang/physact/sam3_robowm/identity_v1/sam_masked_expansion6/crops/Cosmos3_seed101_0010/frame_0084_rank_02.png,/shared/ssd_30T/zhuoyingyang/physact/sam3_robowm/identity_v1/sam_masked_expansion6/crops/Cosmos3_seed101_0010/frame_0084_rank_03.png
Cosmos3_seed101_0010,87,1,2,0.6131231188774109,0.0,0.0,False,0.4388304352760315,0.4403197765350342,0.9299432039260864,0.8266738653182983,0.984375,0.98046875,/shared/ssd_30T/zhuoyingyang/physact/sam3_robowm/identity_v1/sam_masked_expansion6/crops/Cosmos3_seed101_0010/frame_0087_rank_01.png,/shared/ssd_30T/zhuoyingyang/physact/sam3_robowm/identity_v1/sam_masked_expansion6/crops/Cosmos3_seed101_0010/frame_0087_rank_02.png
Cosmos3_seed101_0010,87,1,3,0.5277910828590393,0.0,0.0,False,0.4388304352760315,0.4004723727703094,0.9299432039260864,0.7338879108428955,0.984375,0.9765625,/shared/ssd_30T/zhuoyingyang/physact/sam3_robowm/identity_v1/sam_masked_expansion6/crops/Cosmos3_seed101_0010/frame_0087_rank_01.png,/shared/ssd_30T/zhuoyingyang/physact/sam3_robowm/identity_v1/sam_masked_expansion6/crops/Cosmos3_seed101_0010/frame_0087_rank_03.png
Cosmos3_seed101_0010,87,2,3,0.686538815498352,0.0,0.0,False,0.4403197765350342,0.4004723727703094,0.8266738653182983,0.7338879108428955,0.98046875,0.9765625,/shared/ssd_30T/zhuoyingyang/physact/sam3_robowm/identity_v1/sam_masked_expansion6/crops/Cosmos3_seed101_0010/frame_0087_rank_02.png,/shared/ssd_30T/zhuoyingyang/physact/sam3_robowm/identity_v1/sam_masked_expansion6/crops/Cosmos3_seed101_0010/frame_0087_rank_03.png
Cosmos3_seed101_0010,90,1,2,0.6138210296630859,0.0,0.0,False,0.4172531366348266,0.446841686964035,0.9318013787269592,0.8290495276451111,0.984375,0.98046875,/shared/ssd_30T/zhuoyingyang/physact/sam3_robowm/identity_v1/sam_masked_expansion6/crops/Cosmos3_seed101_0010/frame_0090_rank_01.png,/shared/ssd_30T/zhuoyingyang/physact/sam3_robowm/identity_v1/sam_masked_expansion6/crops/Cosmos3_seed101_0010/frame_0090_rank_02.png
Cosmos3_seed101_0010,90,1,3,0.5228303074836731,0.0,0.0,False,0.4172531366348266,0.4124017655849457,0.9318013787269592,0.7326157689094543,0.984375,0.9765625,/shared/ssd_30T/zhuoyingyang/physact/sam3_robowm/identity_v1/sam_masked_expansion6/crops/Cosmos3_seed101_0010/frame_0090_rank_01.png,/shared/ssd_30T/zhuoyingyang/physact/sam3_robowm/identity_v1/sam_masked_expansion6/crops/Cosmos3_seed101_0010/frame_0090_rank_03.png
Cosmos3_seed101_0010,90,2,3,0.717988133430481,0.0,0.0,False,0.446841686964035,0.4124017655849457,0.8290495276451111,0.7326157689094543,0.98046875,0.9765625,/shared/ssd_30T/zhuoyingyang/physact/sam3_robowm/identity_v1/sam_masked_expansion6/crops/Cosmos3_seed101_0010/frame_0090_rank_02.png,/shared/ssd_30T/zhuoyingyang/physact/sam3_robowm/identity_v1/sam_masked_expansion6/crops/Cosmos3_seed101_0010/frame_0090_rank_03.png
Cosmos3_seed101_0010,93,1,2,0.47730326652526855,0.0,0.0,False,0.4914523363113403,0.3238557577133178,0.9494196176528932,0.8159080147743225,0.984375,0.98046875,/shared/ssd_30T/zhuoyingyang/physact/sam3_robowm/identity_v1/sam_masked_expansion6/crops/Cosmos3_seed101_0010/frame_0093_rank_01.png,/shared/ssd_30T/zhuoyingyang/physact/sam3_robowm/identity_v1/sam_masked_expansion6/crops/Cosmos3_seed101_0010/frame_0093_rank_02.png
Cosmos3_seed101_0010,93,1,3,0.5183581113815308,0.0,0.0,False,0.4914523363113403,0.3919401168823242,0.9494196176528932,0.7191407680511475,0.984375,0.9765625,/shared/ssd_30T/zhuoyingyang/physact/sam3_robowm/identity_v1/sam_masked_expansion6/crops/Cosmos3_seed101_0010/frame_0093_rank_01.png,/shared/ssd_30T/zhuoyingyang/physact/sam3_robowm/identity_v1/sam_masked_expansion6/crops/Cosmos3_seed101_0010/frame_0093_rank_03.png
Cosmos3_seed101_0010,93,2,3,0.522868812084198,0.0,0.0,False,0.3238557577133178,0.3919401168823242,0.8159080147743225,0.7191407680511475,0.98046875,0.9765625,/shared/ssd_30T/zhuoyingyang/physact/sam3_robowm/identity_v1/sam_masked_expansion6/crops/Cosmos3_seed101_0010/frame_0093_rank_02.png,/shared/ssd_30T/zhuoyingyang/physact/sam3_robowm/identity_v1/sam_masked_expansion6/crops/Cosmos3_seed101_0010/frame_0093_rank_03.png
Cosmos3_seed101_0010,96,1,2,0.19694408774375916,0.0,0.0,False,0.5073562860488892,0.2337540239095688,0.941329836845398,0.7738977670669556,0.984375,0.9765625,/shared/ssd_30T/zhuoyingyang/physact/sam3_robowm/identity_v1/sam_masked_expansion6/crops/Cosmos3_seed101_0010/frame_0096_rank_01.png,/shared/ssd_30T/zhuoyingyang/physact/sam3_robowm/identity_v1/sam_masked_expansion6/crops/Cosmos3_seed101_0010/frame_0096_rank_02.png
Cosmos3_seed101_0010,96,1,3,0.5484421849250793,0.0,0.0,False,0.5073562860488892,0.4072536826133728,0.941329836845398,0.7323166131973267,0.984375,0.9765625,/shared/ssd_30T/zhuoyingyang/physact/sam3_robowm/identity_v1/sam_masked_expansion6/crops/Cosmos3_seed101_0010/frame_0096_rank_01.png,/shared/ssd_30T/zhuoyingyang/physact/sam3_robowm/identity_v1/sam_masked_expansion6/crops/Cosmos3_seed101_0010/frame_0096_rank_03.png
Cosmos3_seed101_0010,96,2,3,0.24870555102825165,0.0,0.0,False,0.2337540239095688,0.4072536826133728,0.7738977670669556,0.7323166131973267,0.9765625,0.9765625,/shared/ssd_30T/zhuoyingyang/physact/sam3_robowm/identity_v1/sam_masked_expansion6/crops/Cosmos3_seed101_0010/frame_0096_rank_02.png,/shared/ssd_30T/zhuoyingyang/physact/sam3_robowm/identity_v1/sam_masked_expansion6/crops/Cosmos3_seed101_0010/frame_0096_rank_03.png
Cosmos3_seed101_0010,99,1,2,0.5498709082603455,0.0,0.0,False,0.6806739568710327,0.3916248083114624,0.9278834462165833,0.7459772825241089,0.984375,0.9765625,/shared/ssd_30T/zhuoyingyang/physact/sam3_robowm/identity_v1/sam_masked_expansion6/crops/Cosmos3_seed101_0010/frame_0099_rank_01.png,/shared/ssd_30T/zhuoyingyang/physact/sam3_robowm/identity_v1/sam_masked_expansion6/crops/Cosmos3_seed101_0010/frame_0099_rank_02.png
Cosmos3_seed101_0010,102,1,2,0.5544118285179138,0.0,0.0,False,0.6409730911254883,0.4185874164104461,0.9339733123779296,0.7435643076896667,0.984375,0.9765625,/shared/ssd_30T/zhuoyingyang/physact/sam3_robowm/identity_v1/sam_masked_expansion6/crops/Cosmos3_seed101_0010/frame_0102_rank_01.png,/shared/ssd_30T/zhuoyingyang/physact/sam3_robowm/identity_v1/sam_masked_expansion6/crops/Cosmos3_seed101_0010/frame_0102_rank_02.png
Cosmos3_seed101_0010,105,1,2,0.5988463163375854,0.0,0.0,False,0.6205117702484131,0.3974943459033966,0.9346563220024108,0.7491798400878906,0.984375,0.9765625,/shared/ssd_30T/zhuoyingyang/physact/sam3_robowm/identity_v1/sam_masked_expansion6/crops/Cosmos3_seed101_0010/frame_0105_rank_01.png,/shared/ssd_30T/zhuoyingyang/physact/sam3_robowm/identity_v1/sam_masked_expansion6/crops/Cosmos3_seed101_0010/frame_0105_rank_02.png
Cosmos3_seed101_0010,108,1,2,0.5821748375892639,0.0,0.0,False,0.6396287083625793,0.3910005092620849,0.9605496525764464,0.7416015863418579,0.984375,0.9765625,/shared/ssd_30T/zhuoyingyang/physact/sam3_robowm/identity_v1/sam_masked_expansion6/crops/Cosmos3_seed101_0010/frame_0108_rank_01.png,/shared/ssd_30T/zhuoyingyang/physact/sam3_robowm/identity_v1/sam_masked_expansion6/crops/Cosmos3_seed101_0010/frame_0108_rank_02.png
Cosmos3_seed101_0010,111,1,2,0.5764977335929871,0.0,0.0,False,0.7214541435241699,0.3288624286651611,0.93861722946167,0.70270174741745,0.984375,0.97265625,/shared/ssd_30T/zhuoyingyang/physact/sam3_robowm/identity_v1/sam_masked_expansion6/crops/Cosmos3_seed101_0010/frame_0111_rank_01.png,/shared/ssd_30T/zhuoyingyang/physact/sam3_robowm/identity_v1/sam_masked_expansion6/crops/Cosmos3_seed101_0010/frame_0111_rank_02.png
Cosmos3_seed101_0010,114,1,2,0.5132766962051392,0.0,0.0,False,0.6713359355926514,0.353196233510971,0.9434828162193298,0.6988369226455688,0.984375,0.97265625,/shared/ssd_30T/zhuoyingyang/physact/sam3_robowm/identity_v1/sam_masked_expansion6/crops/Cosmos3_seed101_0010/frame_0114_rank_01.png,/shared/ssd_30T/zhuoyingyang/physact/sam3_robowm/identity_v1/sam_masked_expansion6/crops/Cosmos3_seed101_0010/frame_0114_rank_02.png
Cosmos3_seed101_0010,117,1,2,0.46795862913131714,0.0,0.0,False,0.671203076839447,0.395153284072876,0.9596555233001708,0.6802688241004944,0.984375,0.97265625,/shared/ssd_30T/zhuoyingyang/physact/sam3_robowm/identity_v1/sam_masked_expansion6/crops/Cosmos3_seed101_0010/frame_0117_rank_01.png,/shared/ssd_30T/zhuoyingyang/physact/sam3_robowm/identity_v1/sam_masked_expansion6/crops/Cosmos3_seed101_0010/frame_0117_rank_02.png
Cosmos3_seed101_0010,120,1,2,0.43133485317230225,0.0,0.0,False,0.605822741985321,0.3734113276004791,0.9515339732170104,0.7199878692626953,0.984375,0.97265625,/shared/ssd_30T/zhuoyingyang/physact/sam3_robowm/identity_v1/sam_masked_expansion6/crops/Cosmos3_seed101_0010/frame_0120_rank_01.png,/shared/ssd_30T/zhuoyingyang/physact/sam3_robowm/identity_v1/sam_masked_expansion6/crops/Cosmos3_seed101_0010/frame_0120_rank_02.png
Cosmos3_seed101_0010,123,1,2,0.4696267247200012,0.0,0.0,False,0.670113742351532,0.3838505744934082,0.947739839553833,0.7195079326629639,0.984375,0.97265625,/shared/ssd_30T/zhuoyingyang/physact/sam3_robowm/identity_v1/sam_masked_expansion6/crops/Cosmos3_seed101_0010/frame_0123_rank_01.png,/shared/ssd_30T/zhuoyingyang/physact/sam3_robowm/identity_v1/sam_masked_expansion6/crops/Cosmos3_seed101_0010/frame_0123_rank_02.png
Cosmos3_seed101_0010,126,1,2,0.453318327665329,0.0,0.0,False,0.7414374947547913,0.3133491575717926,0.9641953706741332,0.7087529897689819,0.984375,0.97265625,/shared/ssd_30T/zhuoyingyang/physact/sam3_robowm/identity_v1/sam_masked_expansion6/crops/Cosmos3_seed101_0010/frame_0126_rank_01.png,/shared/ssd_30T/zhuoyingyang/physact/sam3_robowm/identity_v1/sam_masked_expansion6/crops/Cosmos3_seed101_0010/frame_0126_rank_02.png
Cosmos3_seed101_0010,129,1,2,0.4685295820236206,0.0,0.0,False,0.6956761479377747,0.3375370800495147,0.949404776096344,0.6955378651618958,0.984375,0.97265625,/shared/ssd_30T/zhuoyingyang/physact/sam3_robowm/identity_v1/sam_masked_expansion6/crops/Cosmos3_seed101_0010/frame_0129_rank_01.png,/shared/ssd_30T/zhuoyingyang/physact/sam3_robowm/identity_v1/sam_masked_expansion6/crops/Cosmos3_seed101_0010/frame_0129_rank_02.png
Cosmos3_seed101_0010,132,1,2,0.39770713448524475,0.0,0.0,False,0.7729888558387756,0.2617040276527405,0.9219661951065063,0.6909371018409729,0.984375,0.96484375,/shared/ssd_30T/zhuoyingyang/physact/sam3_robowm/identity_v1/sam_masked_expansion6/crops/Cosmos3_seed101_0010/frame_0132_rank_01.png,/shared/ssd_30T/zhuoyingyang/physact/sam3_robowm/identity_v1/sam_masked_expansion6/crops/Cosmos3_seed101_0010/frame_0132_rank_02.png
Cosmos3_seed101_0010,132,1,3,0.28972241282463074,0.0,0.0,False,0.7729888558387756,0.1162803024053573,0.9219661951065063,0.6201977133750916,0.984375,0.9609375,/shared/ssd_30T/zhuoyingyang/physact/sam3_robowm/identity_v1/sam_masked_expansion6/crops/Cosmos3_seed101_0010/frame_0132_rank_01.png,/shared/ssd_30T/zhuoyingyang/physact/sam3_robowm/identity_v1/sam_masked_expansion6/crops/Cosmos3_seed101_0010/frame_0132_rank_03.png
Cosmos3_seed101_0010,132,2,3,0.3522295355796814,0.17516796600389853,0.4402671249394148,False,0.2617040276527405,0.1162803024053573,0.6909371018409729,0.6201977133750916,0.96484375,0.9609375,/shared/ssd_30T/zhuoyingyang/physact/sam3_robowm/identity_v1/sam_masked_expansion6/crops/Cosmos3_seed101_0010/frame_0132_rank_02.png,/shared/ssd_30T/zhuoyingyang/physact/sam3_robowm/identity_v1/sam_masked_expansion6/crops/Cosmos3_seed101_0010/frame_0132_rank_03.png
Cosmos3_seed101_0010,135,1,2,0.42175573110580444,0.0,0.0,False,0.716145396232605,0.2982313632965088,0.923986315727234,0.7208395004272461,0.984375,0.96875,/shared/ssd_30T/zhuoyingyang/physact/sam3_robowm/identity_v1/sam_masked_expansion6/crops/Cosmos3_seed101_0010/frame_0135_rank_01.png,/shared/ssd_30T/zhuoyingyang/physact/sam3_robowm/identity_v1/sam_masked_expansion6/crops/Cosmos3_seed101_0010/frame_0135_rank_02.png
Cosmos3_seed101_0010,135,1,3,0.2811366617679596,0.0,0.0,False,0.716145396232605,0.1265284717082977,0.923986315727234,0.6732732057571411,0.984375,0.96484375,/shared/ssd_30T/zhuoyingyang/physact/sam3_robowm/identity_v1/sam_masked_expansion6/crops/Cosmos3_seed101_0010/frame_0135_rank_01.png,/shared/ssd_30T/zhuoyingyang/physact/sam3_robowm/identity_v1/sam_masked_expansion6/crops/Cosmos3_seed101_0010/frame_0135_rank_03.png
Cosmos3_seed101_0010,135,2,3,0.32791414856910706,0.11231890060473698,0.2356579726914061,False,0.2982313632965088,0.1265284717082977,0.7208395004272461,0.6732732057571411,0.96875,0.96484375,/shared/ssd_30T/zhuoyingyang/physact/sam3_robowm/identity_v1/sam_masked_expansion6/crops/Cosmos3_seed101_0010/frame_0135_rank_02.png,/shared/ssd_30T/zhuoyingyang/physact/sam3_robowm/identity_v1/sam_masked_expansion6/crops/Cosmos3_seed101_0010/frame_0135_rank_03.png
Cosmos3_seed101_0010,138,1,2,0.521303117275238,0.0,0.0,False,0.8264628648757935,0.2217983305454254,0.9413182735443116,0.7027636766433716,0.984375,0.97265625,/shared/ssd_30T/zhuoyingyang/physact/sam3_robowm/identity_v1/sam_masked_expansion6/crops/Cosmos3_seed101_0010/frame_0138_rank_01.png,/shared/ssd_30T/zhuoyingyang/physact/sam3_robowm/identity_v1/sam_masked_expansion6/crops/Cosmos3_seed101_0010/frame_0138_rank_02.png
Cosmos3_seed101_0010,141,1,2,0.5571197271347046,0.0,0.0,False,0.6553428769111633,0.372525155544281,0.9210493564605712,0.7225964665412903,0.984375,0.9765625,/shared/ssd_30T/zhuoyingyang/physact/sam3_robowm/identity_v1/sam_masked_expansion6/crops/Cosmos3_seed101_0010/frame_0141_rank_01.png,/shared/ssd_30T/zhuoyingyang/physact/sam3_robowm/identity_v1/sam_masked_expansion6/crops/Cosmos3_seed101_0010/frame_0141_rank_02.png
Cosmos3_seed101_0010,141,1,3,0.25949811935424805,0.0,0.0,False,0.6553428769111633,0.1671596020460128,0.9210493564605712,0.6886811256408691,0.984375,0.96875,/shared/ssd_30T/zhuoyingyang/physact/sam3_robowm/identity_v1/sam_masked_expansion6/crops/Cosmos3_seed101_0010/frame_0141_rank_01.png,/shared/ssd_30T/zhuoyingyang/physact/sam3_robowm/identity_v1/sam_masked_expansion6/crops/Cosmos3_seed101_0010/frame_0141_rank_03.png
Cosmos3_seed101_0010,141,2,3,0.2148180454969406,0.020094077129705522,0.043849224831240985,False,0.372525155544281,0.1671596020460128,0.7225964665412903,0.6886811256408691,0.9765625,0.96875,/shared/ssd_30T/zhuoyingyang/physact/sam3_robowm/identity_v1/sam_masked_expansion6/crops/Cosmos3_seed101_0010/frame_0141_rank_02.png,/shared/ssd_30T/zhuoyingyang/physact/sam3_robowm/identity_v1/sam_masked_expansion6/crops/Cosmos3_seed101_0010/frame_0141_rank_03.png
Cosmos3_seed101_0010,144,1,2,0.5653800368309021,0.0,0.0,False,0.6821056008338928,0.3552517592906952,0.9336209297180176,0.7447279691696167,0.984375,0.97265625,/shared/ssd_30T/zhuoyingyang/physact/sam3_robowm/identity_v1/sam_masked_expansion6/crops/Cosmos3_seed101_0010/frame_0144_rank_01.png,/shared/ssd_30T/zhuoyingyang/physact/sam3_robowm/identity_v1/sam_masked_expansion6/crops/Cosmos3_seed101_0010/frame_0144_rank_02.png
Cosmos3_seed101_0010,144,1,3,0.2527684271335602,0.004463796996132532,0.03333905630107979,False,0.6821056008338928,0.1099247708916664,0.9336209297180176,0.6701371669769287,0.984375,0.96875,/shared/ssd_30T/zhuoyingyang/physact/sam3_robowm/identity_v1/sam_masked_expansion6/crops/Cosmos3_seed101_0010/frame_0144_rank_01.png,/shared/ssd_30T/zhuoyingyang/physact/sam3_robowm/identity_v1/sam_masked_expansion6/crops/Cosmos3_seed101_0010/frame_0144_rank_03.png
Cosmos3_seed101_0010,144,2,3,0.22989946603775024,0.0,0.0,False,0.3552517592906952,0.1099247708916664,0.7447279691696167,0.6701371669769287,0.97265625,0.96875,/shared/ssd_30T/zhuoyingyang/physact/sam3_robowm/identity_v1/sam_masked_expansion6/crops/Cosmos3_seed101_0010/frame_0144_rank_02.png,/shared/ssd_30T/zhuoyingyang/physact/sam3_robowm/identity_v1/sam_masked_expansion6/crops/Cosmos3_seed101_0010/frame_0144_rank_03.png
Cosmos3_seed101_0010,147,1,2,0.5385228991508484,0.0,0.0,False,0.6401799321174622,0.3619202673435211,0.9230797290802002,0.7449783086776733,0.98046875,0.9765625,/shared/ssd_30T/zhuoyingyang/physact/sam3_robowm/identity_v1/sam_masked_expansion6/crops/Cosmos3_seed101_0010/frame_0147_rank_01.png,/shared/ssd_30T/zhuoyingyang/physact/sam3_robowm/identity_v1/sam_masked_expansion6/crops/Cosmos3_seed101_0010/frame_0147_rank_02.png
Cosmos3_seed101_0010,150,1,2,0.5138044953346252,0.0,0.0,False,0.5353527665138245,0.4048245847225189,0.8819707036018372,0.7421905994415283,0.9765625,0.9765625,/shared/ssd_30T/zhuoyingyang/physact/sam3_robowm/identity_v1/sam_masked_expansion6/crops/Cosmos3_seed101_0010/frame_0150_rank_01.png,/shared/ssd_30T/zhuoyingyang/physact/sam3_robowm/identity_v1/sam_masked_expansion6/crops/Cosmos3_seed101_0010/frame_0150_rank_02.png
Cosmos3_seed101_0010,153,1,2,0.5693547129631042,0.0,0.0,False,0.3270627856254577,0.5399974584579468,0.8330999612808228,0.7330038547515869,0.98046875,0.9765625,/shared/ssd_30T/zhuoyingyang/physact/sam3_robowm/identity_v1/sam_masked_expansion6/crops/Cosmos3_seed101_0010/frame_0153_rank_01.png,/shared/ssd_30T/zhuoyingyang/physact/sam3_robowm/identity_v1/sam_masked_expansion6/crops/Cosmos3_seed101_0010/frame_0153_rank_02.png
Cosmos3_seed101_0010,156,1,2,0.6026352643966675,0.0,0.0,False,0.2947389781475067,0.5751307606697083,0.8855463266372681,0.7548502683639526,0.984375,0.9765625,/shared/ssd_30T/zhuoyingyang/physact/sam3_robowm/identity_v1/sam_masked_expansion6/crops/Cosmos3_seed101_0010/frame_0156_rank_01.png,/shared/ssd_30T/zhuoyingyang/physact/sam3_robowm/identity_v1/sam_masked_expansion6/crops/Cosmos3_seed101_0010/frame_0156_rank_02.png
Cosmos3_seed101_0010,159,1,2,0.5116405487060547,0.0,0.0,False,0.3121530711650848,0.5610066056251526,0.8896677494049072,0.7553112506866455,0.984375,0.9765625,/shared/ssd_30T/zhuoyingyang/physact/sam3_robowm/identity_v1/sam_masked_expansion6/crops/Cosmos3_seed101_0010/frame_0159_rank_01.png,/shared/ssd_30T/zhuoyingyang/physact/sam3_robowm/identity_v1/sam_masked_expansion6/crops/Cosmos3_seed101_0010/frame_0159_rank_02.png
Cosmos3_seed101_0010,162,1,2,0.4706766605377197,0.0,0.0,False,0.3254398703575134,0.5589179992675781,0.8630594611167908,0.7462081909179688,0.98046875,0.9765625,/shared/ssd_30T/zhuoyingyang/physact/sam3_robowm/identity_v1/sam_masked_expansion6/crops/Cosmos3_seed101_0010/frame_0162_rank_01.png,/shared/ssd_30T/zhuoyingyang/physact/sam3_robowm/identity_v1/sam_masked_expansion6/crops/Cosmos3_seed101_0010/frame_0162_rank_02.png
Cosmos3_seed101_0010,165,1,2,0.4733288288116455,0.0,0.0,False,0.320399135351181,0.5456503033638,0.927921175956726,0.7513841390609741,0.98046875,0.9765625,/shared/ssd_30T/zhuoyingyang/physact/sam3_robowm/identity_v1/sam_masked_expansion6/crops/Cosmos3_seed101_0010/frame_0165_rank_01.png,/shared/ssd_30T/zhuoyingyang/physact/sam3_robowm/identity_v1/sam_masked_expansion6/crops/Cosmos3_seed101_0010/frame_0165_rank_02.png
Cosmos3_seed101_0010,168,1,2,0.45624732971191406,0.0,0.0,False,0.380962997674942,0.4774691760540008,0.879676342010498,0.7613540887832642,0.984375,0.9765625,/shared/ssd_30T/zhuoyingyang/physact/sam3_robowm/identity_v1/sam_masked_expansion6/crops/Cosmos3_seed101_0010/frame_0168_rank_01.png,/shared/ssd_30T/zhuoyingyang/physact/sam3_robowm/identity_v1/sam_masked_expansion6/crops/Cosmos3_seed101_0010/frame_0168_rank_02.png
Cosmos3_seed101_0010,171,1,2,0.39800143241882324,0.0,0.0,False,0.5064414739608765,0.4103274047374725,0.8104513883590698,0.7591662406921387,0.984375,0.9765625,/shared/ssd_30T/zhuoyingyang/physact/sam3_robowm/identity_v1/sam_masked_expansion6/crops/Cosmos3_seed101_0010/frame_0171_rank_01.png,/shared/ssd_30T/zhuoyingyang/physact/sam3_robowm/identity_v1/sam_masked_expansion6/crops/Cosmos3_seed101_0010/frame_0171_rank_02.png
Cosmos3_seed101_0010,174,1,2,0.4227551817893982,0.0,0.0,False,0.3980282545089721,0.4904942810535431,0.8383698463439941,0.7480175495147705,0.984375,0.9765625,/shared/ssd_30T/zhuoyingyang/physact/sam3_robowm/identity_v1/sam_masked_expansion6/crops/Cosmos3_seed101_0010/frame_0174_rank_01.png,/shared/ssd_30T/zhuoyingyang/physact/sam3_robowm/identity_v1/sam_masked_expansion6/crops/Cosmos3_seed101_0010/frame_0174_rank_02.png
Cosmos3_seed101_0010,177,1,2,0.48689693212509155,0.0,0.0,False,0.3471764624118805,0.5391911864280701,0.8759185075759888,0.754866898059845,0.984375,0.9765625,/shared/ssd_30T/zhuoyingyang/physact/sam3_robowm/identity_v1/sam_masked_expansion6/crops/Cosmos3_seed101_0010/frame_0177_rank_01.png,/shared/ssd_30T/zhuoyingyang/physact/sam3_robowm/identity_v1/sam_masked_expansion6/crops/Cosmos3_seed101_0010/frame_0177_rank_02.png
Cosmos3_seed101_0010,180,1,2,0.5158789753913879,0.0,0.0,False,0.489254891872406,0.434050440788269,0.9430046081542968,0.7742606997489929,0.984375,0.9765625,/shared/ssd_30T/zhuoyingyang/physact/sam3_robowm/identity_v1/sam_masked_expansion6/crops/Cosmos3_seed101_0010/frame_0180_rank_01.png,/shared/ssd_30T/zhuoyingyang/physact/sam3_robowm/identity_v1/sam_masked_expansion6/crops/Cosmos3_seed101_0010/frame_0180_rank_02.png
Cosmos3_seed101_0010,183,1,2,0.543856680393219,0.0,0.0,False,0.4198686182498932,0.4868898689746856,0.9487905502319336,0.7398034334182739,0.984375,0.9765625,/shared/ssd_30T/zhuoyingyang/physact/sam3_robowm/identity_v1/sam_masked_expansion6/crops/Cosmos3_seed101_0010/frame_0183_rank_01.png,/shared/ssd_30T/zhuoyingyang/physact/sam3_robowm/identity_v1/sam_masked_expansion6/crops/Cosmos3_seed101_0010/frame_0183_rank_02.png
Cosmos3_seed101_0010,186,1,2,0.562322199344635,0.0,0.0,False,0.538415789604187,0.4241189062595367,0.9472194910049438,0.7210366725921631,0.984375,0.9765625,/shared/ssd_30T/zhuoyingyang/physact/sam3_robowm/identity_v1/sam_masked_expansion6/crops/Cosmos3_seed101_0010/frame_0186_rank_01.png,/shared/ssd_30T/zhuoyingyang/physact/sam3_robowm/identity_v1/sam_masked_expansion6/crops/Cosmos3_seed101_0010/frame_0186_rank_02.png
Cosmos3_seed101_0010,188,1,2,0.517103374004364,0.0,0.0,False,0.6284610629081726,0.3765152394771576,0.9540446996688844,0.7266108393669128,0.984375,0.9765625,/shared/ssd_30T/zhuoyingyang/physact/sam3_robowm/identity_v1/sam_masked_expansion6/crops/Cosmos3_seed101_0010/frame_0188_rank_01.png,/shared/ssd_30T/zhuoyingyang/physact/sam3_robowm/identity_v1/sam_masked_expansion6/crops/Cosmos3_seed101_0010/frame_0188_rank_02.png
Cosmos3_seed101_0020,45,1,2,0.3161371350288391,0.2267895484567307,1.0,True,0.7332890033721924,0.1188755333423614,0.947214126586914,0.6656653881072998,0.9765625,0.9609375,/shared/ssd_30T/zhuoyingyang/physact/sam3_robowm/identity_v1/sam_masked_expansion6/crops/Cosmos3_seed101_0020/frame_0045_rank_01.png,/shared/ssd_30T/zhuoyingyang/physact/sam3_robowm/identity_v1/sam_masked_expansion6/crops/Cosmos3_seed101_0020/frame_0045_rank_02.png
Cosmos3_seed101_0020,45,1,3,0.14297810196876526,0.026141774176173825,0.9888186229736255,True,0.7332890033721924,0.1022461727261543,0.947214126586914,0.6194734573364258,0.9765625,0.984375,/shared/ssd_30T/zhuoyingyang/physact/sam3_robowm/identity_v1/sam_masked_expansion6/crops/Cosmos3_seed101_0020/frame_0045_rank_01.png,/shared/ssd_30T/zhuoyingyang/physact/sam3_robowm/identity_v1/sam_masked_expansion6/crops/Cosmos3_seed101_0020/frame_0045_rank_03.png
Cosmos3_seed101_0020,45,2,3,0.35484880208969116,0.1152985556220902,0.9899407483423731,True,0.1188755333423614,0.1022461727261543,0.6656653881072998,0.6194734573364258,0.9609375,0.984375,/shared/ssd_30T/zhuoyingyang/physact/sam3_robowm/identity_v1/sam_masked_expansion6/crops/Cosmos3_seed101_0020/frame_0045_rank_02.png,/shared/ssd_30T/zhuoyingyang/physact/sam3_robowm/identity_v1/sam_masked_expansion6/crops/Cosmos3_seed101_0020/frame_0045_rank_03.png
Cosmos3_seed101_0020,54,1,2,0.26658573746681213,0.2402638212228402,1.0,True,0.762395441532135,0.1163641661405563,0.9365105628967284,0.6659348011016846,0.9765625,0.96484375,/shared/ssd_30T/zhuoyingyang/physact/sam3_robowm/identity_v1/sam_masked_expansion6/crops/Cosmos3_seed101_0020/frame_0054_rank_01.png,/shared/ssd_30T/zhuoyingyang/physact/sam3_robowm/identity_v1/sam_masked_expansion6/crops/Cosmos3_seed101_0020/frame_0054_rank_02.png
Cosmos3_seed101_0020,57,1,2,0.3097043037414551,0.24587119320000958,1.0,True,0.7571291327476501,0.1134975776076316,0.9405760765075684,0.6721794605255127,0.9765625,0.9609375,/shared/ssd_30T/zhuoyingyang/physact/sam3_robowm/identity_v1/sam_masked_expansion6/crops/Cosmos3_seed101_0020/frame_0057_rank_01.png,/shared/ssd_30T/zhuoyingyang/physact/sam3_robowm/identity_v1/sam_masked_expansion6/crops/Cosmos3_seed101_0020/frame_0057_rank_02.png
Cosmos3_seed101_0020,57,1,3,0.18075157701969147,0.027019163678371233,0.981756681918444,True,0.7571291327476501,0.1027587801218032,0.9405760765075684,0.6190899610519409,0.9765625,0.98828125,/shared/ssd_30T/zhuoyingyang/physact/sam3_robowm/identity_v1/sam_masked_expansion6/crops/Cosmos3_seed101_0020/frame_0057_rank_01.png,/shared/ssd_30T/zhuoyingyang/physact/sam3_robowm/identity_v1/sam_masked_expansion6/crops/Cosmos3_seed101_0020/frame_0057_rank_03.png
Cosmos3_seed101_0020,57,2,3,0.42679789662361145,0.10976731895769104,0.9821174759780437,True,0.1134975776076316,0.1027587801218032,0.6721794605255127,0.6190899610519409,0.9609375,0.98828125,/shared/ssd_30T/zhuoyingyang/physact/sam3_robowm/identity_v1/sam_masked_expansion6/crops/Cosmos3_seed101_0020/frame_0057_rank_02.png,/shared/ssd_30T/zhuoyingyang/physact/sam3_robowm/identity_v1/sam_masked_expansion6/crops/Cosmos3_seed101_0020/frame_0057_rank_03.png
Cosmos3_seed101_0020,60,1,2,0.3455624282360077,0.24880558993457622,1.0,True,0.7604239583015442,0.1017339378595352,0.9394921064376832,0.6654305458068848,0.9765625,0.9609375,/shared/ssd_30T/zhuoyingyang/physact/sam3_robowm/identity_v1/sam_masked_expansion6/crops/Cosmos3_seed101_0020/frame_0060_rank_01.png,/shared/ssd_30T/zhuoyingyang/physact/sam3_robowm/identity_v1/sam_masked_expansion6/crops/Cosmos3_seed101_0020/frame_0060_rank_02.png
Cosmos3_seed101_0020,60,1,3,0.17831744253635406,0.027104048600731345,0.983756280887492,True,0.7604239583015442,0.1044961661100387,0.9394921064376832,0.6149516701698303,0.9765625,0.98828125,/shared/ssd_30T/zhuoyingyang/physact/sam3_robowm/identity_v1/sam_masked_expansion6/crops/Cosmos3_seed101_0020/frame_0060_rank_01.png,/shared/ssd_30T/zhuoyingyang/physact/sam3_robowm/identity_v1/sam_masked_expansion6/crops/Cosmos3_seed101_0020/frame_0060_rank_03.png
Cosmos3_seed101_0020,60,2,3,0.46149104833602905,0.10867055823071328,0.9827848712752707,True,0.1017339378595352,0.1044961661100387,0.6654305458068848,0.6149516701698303,0.9609375,0.98828125,/shared/ssd_30T/zhuoyingyang/physact/sam3_robowm/identity_v1/sam_masked_expansion6/crops/Cosmos3_seed101_0020/frame_0060_rank_02.png,/shared/ssd_30T/zhuoyingyang/physact/sam3_robowm/identity_v1/sam_masked_expansion6/crops/Cosmos3_seed101_0020/frame_0060_rank_03.png
Cosmos3_seed101_0020,63,1,2,0.3399125635623932,0.25204144698396996,1.0,True,0.757662296295166,0.1185947507619857,0.9377542734146118,0.6750695705413818,0.9765625,0.9609375,/shared/ssd_30T/zhuoyingyang/physact/sam3_robowm/identity_v1/sam_masked_expansion6/crops/Cosmos3_seed101_0020/frame_0063_rank_01.png,/shared/ssd_30T/zhuoyingyang/physact/sam3_robowm/identity_v1/sam_masked_expansion6/crops/Cosmos3_seed101_0020/frame_0063_rank_02.png
Cosmos3_seed101_0020,63,1,3,0.19573324918746948,0.02739772834001463,0.9887273203754773,True,0.757662296295166,0.1024567037820816,0.9377542734146118,0.618881106376648,0.9765625,0.98828125,/shared/ssd_30T/zhuoyingyang/physact/sam3_robowm/identity_v1/sam_masked_expansion6/crops/Cosmos3_seed101_0020/frame_0063_rank_01.png,/shared/ssd_30T/zhuoyingyang/physact/sam3_robowm/identity_v1/sam_masked_expansion6/crops/Cosmos3_seed101_0020/frame_0063_rank_03.png
Cosmos3_seed101_0020,63,2,3,0.43378520011901855,0.10849670903065954,0.9878576949214747,True,0.1185947507619857,0.1024567037820816,0.6750695705413818,0.618881106376648,0.9609375,0.98828125,/shared/ssd_30T/zhuoyingyang/physact/sam3_robowm/identity_v1/sam_masked_expansion6/crops/Cosmos3_seed101_0020/frame_0063_rank_02.png,/shared/ssd_30T/zhuoyingyang/physact/sam3_robowm/identity_v1/sam_masked_expansion6/crops/Cosmos3_seed101_0020/frame_0063_rank_03.png
Cosmos3_seed101_0020,66,1,2,0.32419249415397644,0.25442971175215057,1.0,True,0.7727444767951965,0.1016892194747924,0.9480408430099488,0.6707316637039185,0.9765625,0.9609375,/shared/ssd_30T/zhuoyingyang/physact/sam3_robowm/identity_v1/sam_masked_expansion6/crops/Cosmos3_seed101_0020/frame_0066_rank_01.png,/shared/ssd_30T/zhuoyingyang/physact/sam3_robowm/identity_v1/sam_masked_expansion6/crops/Cosmos3_seed101_0020/frame_0066_rank_02.png
Cosmos3_seed101_0020,84,1,2,0.23546172678470612,0.023293768146045897,0.9522922894761034,True,0.7456871867179871,0.1052027940750122,0.9109330177307128,0.6129205822944641,0.97265625,0.98828125,/shared/ssd_30T/zhuoyingyang/physact/sam3_robowm/identity_v1/sam_masked_expansion6/crops/Cosmos3_seed101_0020/frame_0084_rank_01.png,/shared/ssd_30T/zhuoyingyang/physact/sam3_robowm/identity_v1/sam_masked_expansion6/crops/Cosmos3_seed101_0020/frame_0084_rank_02.png
Cosmos3_seed101_0020,87,1,2,0.2155613899230957,0.021403146928588572,0.9736831262640175,True,0.7488604784011841,0.1063174456357956,0.884483277797699,0.6141825318336487,0.97265625,0.98828125,/shared/ssd_30T/zhuoyingyang/physact/sam3_robowm/identity_v1/sam_masked_expansion6/crops/Cosmos3_seed101_0020/frame_0087_rank_01.png,/shared/ssd_30T/zhuoyingyang/physact/sam3_robowm/identity_v1/sam_masked_expansion6/crops/Cosmos3_seed101_0020/frame_0087_rank_02.png
Cosmos3_seed101_0020,90,1,2,0.17174382507801056,0.020405898937667807,0.9773152194424305,True,0.7514563798904419,0.1052406132221221,0.8875342607498169,0.6220109462738037,0.97265625,0.984375,/shared/ssd_30T/zhuoyingyang/physact/sam3_robowm/identity_v1/sam_masked_expansion6/crops/Cosmos3_seed101_0020/frame_0090_rank_01.png,/shared/ssd_30T/zhuoyingyang/physact/sam3_robowm/identity_v1/sam_masked_expansion6/crops/Cosmos3_seed101_0020/frame_0090_rank_02.png
Cosmos3_seed101_0020,93,1,2,0.16791923344135284,0.020048935440429676,0.9991311067751137,True,0.6986969113349915,0.1516758501529693,0.9061012268066406,0.6295868158340454,0.97265625,0.984375,/shared/ssd_30T/zhuoyingyang/physact/sam3_robowm/identity_v1/sam_masked_expansion6/crops/Cosmos3_seed101_0020/frame_0093_rank_01.png,/shared/ssd_30T/zhuoyingyang/physact/sam3_robowm/identity_v1/sam_masked_expansion6/crops/Cosmos3_seed101_0020/frame_0093_rank_02.png
Cosmos3_seed101_0020,96,1,2,0.17894551157951355,0.018611176873868217,1.0,True,0.6430429220199585,0.1919862329959869,0.8763179779052734,0.6255688667297363,0.97265625,0.98046875,/shared/ssd_30T/zhuoyingyang/physact/sam3_robowm/identity_v1/sam_masked_expansion6/crops/Cosmos3_seed101_0020/frame_0096_rank_01.png,/shared/ssd_30T/zhuoyingyang/physact/sam3_robowm/identity_v1/sam_masked_expansion6/crops/Cosmos3_seed101_0020/frame_0096_rank_02.png
Cosmos3_seed101_0020,96,1,3,0.2549627423286438,0.04877238362550448,1.0,True,0.6430429220199585,0.1071779355406761,0.8763179779052734,0.5748634338378906,0.97265625,0.96875,/shared/ssd_30T/zhuoyingyang/physact/sam3_robowm/identity_v1/sam_masked_expansion6/crops/Cosmos3_seed101_0020/frame_0096_rank_01.png,/shared/ssd_30T/zhuoyingyang/physact/sam3_robowm/identity_v1/sam_masked_expansion6/crops/Cosmos3_seed101_0020/frame_0096_rank_03.png
Cosmos3_seed101_0020,96,2,3,0.712480902671814,0.3815925220463471,1.0,True,0.1919862329959869,0.1071779355406761,0.6255688667297363,0.5748634338378906,0.98046875,0.96875,/shared/ssd_30T/zhuoyingyang/physact/sam3_robowm/identity_v1/sam_masked_expansion6/crops/Cosmos3_seed101_0020/frame_0096_rank_02.png,/shared/ssd_30T/zhuoyingyang/physact/sam3_robowm/identity_v1/sam_masked_expansion6/crops/Cosmos3_seed101_0020/frame_0096_rank_03.png
Cosmos3_seed101_0020,99,1,2,0.3495142459869385,0.19698870425972695,0.9960198243859754,True,0.5900546908378601,0.1106502711772918,0.888922929763794,0.6995514631271362,0.97265625,0.921875,/shared/ssd_30T/zhuoyingyang/physact/sam3_robowm/identity_v1/sam_masked_expansion6/crops/Cosmos3_seed101_0020/frame_0099_rank_01.png,/shared/ssd_30T/zhuoyingyang/physact/sam3_robowm/identity_v1/sam_masked_expansion6/crops/Cosmos3_seed101_0020/frame_0099_rank_02.png
Cosmos3_seed101_0020,99,1,3,0.19758854806423187,0.01907061208289161,1.0,True,0.5900546908378601,0.2074939608573913,0.888922929763794,0.6284558176994324,0.97265625,0.98046875,/shared/ssd_30T/zhuoyingyang/physact/sam3_robowm/identity_v1/sam_masked_expansion6/crops/Cosmos3_seed101_0020/frame_0099_rank_01.png,/shared/ssd_30T/zhuoyingyang/physact/sam3_robowm/identity_v1/sam_masked_expansion6/crops/Cosmos3_seed101_0020/frame_0099_rank_03.png
Cosmos3_seed101_0020,99,2,3,0.4135087728500366,0.09634946055704054,1.0,True,0.1106502711772918,0.2074939608573913,0.6995514631271362,0.6284558176994324,0.921875,0.98046875,/shared/ssd_30T/zhuoyingyang/physact/sam3_robowm/identity_v1/sam_masked_expansion6/crops/Cosmos3_seed101_0020/frame_0099_rank_02.png,/shared/ssd_30T/zhuoyingyang/physact/sam3_robowm/identity_v1/sam_masked_expansion6/crops/Cosmos3_seed101_0020/frame_0099_rank_03.png
Cosmos3_seed101_0020,102,1,2,0.7057849168777466,0.4779583424228352,1.0,True,0.5600612759590149,0.1061053648591041,0.8956257104873657,0.8158514499664307,0.96875,0.95703125,/shared/ssd_30T/zhuoyingyang/physact/sam3_robowm/identity_v1/sam_masked_expansion6/crops/Cosmos3_seed101_0020/frame_0102_rank_01.png,/shared/ssd_30T/zhuoyingyang/physact/sam3_robowm/identity_v1/sam_masked_expansion6/crops/Cosmos3_seed101_0020/frame_0102_rank_02.png
Cosmos3_seed101_0020,102,1,3,0.4756721556186676,0.44331275762622707,0.9988882164441975,True,0.5600612759590149,0.1270118802785873,0.8956257104873657,0.8141868114471436,0.96875,0.96484375,/shared/ssd_30T/zhuoyingyang/physact/sam3_robowm/identity_v1/sam_masked_expansion6/crops/Cosmos3_seed101_0020/frame_0102_rank_01.png,/shared/ssd_30T/zhuoyingyang/physact/sam3_robowm/identity_v1/sam_masked_expansion6/crops/Cosmos3_seed101_0020/frame_0102_rank_03.png
Cosmos3_seed101_0020,102,2,3,0.3710359036922455,0.2122255788800304,1.0,True,0.1061053648591041,0.1270118802785873,0.8158514499664307,0.8141868114471436,0.95703125,0.96484375,/shared/ssd_30T/zhuoyingyang/physact/sam3_robowm/identity_v1/sam_masked_expansion6/crops/Cosmos3_seed101_0020/frame_0102_rank_02.png,/shared/ssd_30T/zhuoyingyang/physact/sam3_robowm/identity_v1/sam_masked_expansion6/crops/Cosmos3_seed101_0020/frame_0102_rank_03.png
Cosmos3_seed101_0020,105,1,2,0.6980891823768616,0.45410641110749983,0.9997253790322284,True,0.4373064339160919,0.2254341542720794,0.8797457814216614,0.7926019430160522,0.96875,0.95703125,/shared/ssd_30T/zhuoyingyang/physact/sam3_robowm/identity_v1/sam_masked_expansion6/crops/Cosmos3_seed101_0020/frame_0105_rank_01.png,/shared/ssd_30T/zhuoyingyang/physact/sam3_robowm/identity_v1/sam_masked_expansion6/crops/Cosmos3_seed101_0020/frame_0105_rank_02.png
Cosmos3_seed101_0020,105,1,3,0.4316609501838684,0.3327566146990404,0.9900596300009624,True,0.4373064339160919,0.1005788668990135,0.8797457814216614,0.7891687750816345,0.96875,0.9140625,/shared/ssd_30T/zhuoyingyang/physact/sam3_robowm/identity_v1/sam_masked_expansion6/crops/Cosmos3_seed101_0020/frame_0105_rank_01.png,/shared/ssd_30T/zhuoyingyang/physact/sam3_robowm/identity_v1/sam_masked_expansion6/crops/Cosmos3_seed101_0020/frame_0105_rank_03.png
Cosmos3_seed101_0020,105,2,3,0.36863845586776733,0.15319684358058125,1.0,True,0.2254341542720794,0.1005788668990135,0.7926019430160522,0.7891687750816345,0.95703125,0.9140625,/shared/ssd_30T/zhuoyingyang/physact/sam3_robowm/identity_v1/sam_masked_expansion6/crops/Cosmos3_seed101_0020/frame_0105_rank_02.png,/shared/ssd_30T/zhuoyingyang/physact/sam3_robowm/identity_v1/sam_masked_expansion6/crops/Cosmos3_seed101_0020/frame_0105_rank_03.png
Cosmos3_seed101_0020,108,1,2,0.4356967508792877,0.3912384600233129,1.0,True,0.5275864601135254,0.1107373088598251,0.8756919503211975,0.8095439076423645,0.96875,0.96484375,/shared/ssd_30T/zhuoyingyang/physact/sam3_robowm/identity_v1/sam_masked_expansion6/crops/Cosmos3_seed101_0020/frame_0108_rank_01.png,/shared/ssd_30T/zhuoyingyang/physact/sam3_robowm/identity_v1/sam_masked_expansion6/crops/Cosmos3_seed101_0020/frame_0108_rank_02.png
Cosmos3_seed101_0020,108,1,3,0.6224339008331299,0.44641182746814134,1.0,True,0.5275864601135254,0.1086196899414062,0.8756919503211975,0.7779936790466309,0.96875,0.953125,/shared/ssd_30T/zhuoyingyang/physact/sam3_robowm/identity_v1/sam_masked_expansion6/crops/Cosmos3_seed101_0020/frame_0108_rank_01.png,/shared/ssd_30T/zhuoyingyang/physact/sam3_robowm/identity_v1/sam_masked_expansion6/crops/Cosmos3_seed101_0020/frame_0108_rank_03.png
Cosmos3_seed101_0020,108,2,3,0.34699374437332153,0.1746534759148285,1.0,True,0.1107373088598251,0.1086196899414062,0.8095439076423645,0.7779936790466309,0.96484375,0.953125,/shared/ssd_30T/zhuoyingyang/physact/sam3_robowm/identity_v1/sam_masked_expansion6/crops/Cosmos3_seed101_0020/frame_0108_rank_02.png,/shared/ssd_30T/zhuoyingyang/physact/sam3_robowm/identity_v1/sam_masked_expansion6/crops/Cosmos3_seed101_0020/frame_0108_rank_03.png
Cosmos3_seed101_0020,111,1,2,0.4294116199016571,0.49024295685563496,1.0,True,0.4346906542778015,0.1014723926782608,0.852875828742981,0.8240947127342224,0.96875,0.9609375,/shared/ssd_30T/zhuoyingyang/physact/sam3_robowm/identity_v1/sam_masked_expansion6/crops/Cosmos3_seed101_0020/frame_0111_rank_01.png,/shared/ssd_30T/zhuoyingyang/physact/sam3_robowm/identity_v1/sam_masked_expansion6/crops/Cosmos3_seed101_0020/frame_0111_rank_02.png
Cosmos3_seed101_0020,111,1,3,0.235215425491333,0.03504179442243686,0.9947089333790805,True,0.4346906542778015,0.1936117708683014,0.852875828742981,0.6303796768188477,0.96875,0.9453125,/shared/ssd_30T/zhuoyingyang/physact/sam3_robowm/identity_v1/sam_masked_expansion6/crops/Cosmos3_seed101_0020/frame_0111_rank_01.png,/shared/ssd_30T/zhuoyingyang/physact/sam3_robowm/identity_v1/sam_masked_expansion6/crops/Cosmos3_seed101_0020/frame_0111_rank_03.png
Cosmos3_seed101_0020,111,2,3,0.252840518951416,0.07165645792973578,0.9972011619913226,True,0.1014723926782608,0.1936117708683014,0.8240947127342224,0.6303796768188477,0.9609375,0.9453125,/shared/ssd_30T/zhuoyingyang/physact/sam3_robowm/identity_v1/sam_masked_expansion6/crops/Cosmos3_seed101_0020/frame_0111_rank_02.png,/shared/ssd_30T/zhuoyingyang/physact/sam3_robowm/identity_v1/sam_masked_expansion6/crops/Cosmos3_seed101_0020/frame_0111_rank_03.png
Cosmos3_seed101_0020,114,1,2,0.22030241787433624,0.016103213996635758,1.0,True,0.6574190855026245,0.1871153563261032,0.8596860766410828,0.6279540061950684,0.96875,0.98046875,/shared/ssd_30T/zhuoyingyang/physact/sam3_robowm/identity_v1/sam_masked_expansion6/crops/Cosmos3_seed101_0020/frame_0114_rank_01.png,/shared/ssd_30T/zhuoyingyang/physact/sam3_robowm/identity_v1/sam_masked_expansion6/crops/Cosmos3_seed101_0020/frame_0114_rank_02.png
Cosmos3_seed101_0020,114,1,3,0.2827896475791931,0.04370863095249336,1.0,True,0.6574190855026245,0.1203014031052589,0.8596860766410828,0.6193341016769409,0.96875,0.9453125,/shared/ssd_30T/zhuoyingyang/physact/sam3_robowm/identity_v1/sam_masked_expansion6/crops/Cosmos3_seed101_0020/frame_0114_rank_01.png,/shared/ssd_30T/zhuoyingyang/physact/sam3_robowm/identity_v1/sam_masked_expansion6/crops/Cosmos3_seed101_0020/frame_0114_rank_03.png
Cosmos3_seed101_0020,114,2,3,0.660650372505188,0.36842183444588417,1.0,True,0.1871153563261032,0.1203014031052589,0.6279540061950684,0.6193341016769409,0.98046875,0.9453125,/shared/ssd_30T/zhuoyingyang/physact/sam3_robowm/identity_v1/sam_masked_expansion6/crops/Cosmos3_seed101_0020/frame_0114_rank_02.png,/shared/ssd_30T/zhuoyingyang/physact/sam3_robowm/identity_v1/sam_masked_expansion6/crops/Cosmos3_seed101_0020/frame_0114_rank_03.png
Cosmos3_seed101_0020,117,1,2,0.4524464011192322,0.4818636448151869,0.9963766448074215,True,0.6011683344841003,0.1111089438199997,0.8465359210968018,0.8309909701347351,0.96875,0.9609375,/shared/ssd_30T/zhuoyingyang/physact/sam3_robowm/identity_v1/sam_masked_expansion6/crops/Cosmos3_seed101_0020/frame_0117_rank_01.png,/shared/ssd_30T/zhuoyingyang/physact/sam3_robowm/identity_v1/sam_masked_expansion6/crops/Cosmos3_seed101_0020/frame_0117_rank_02.png
Cosmos3_seed101_0020,117,1,3,0.40944671630859375,0.19580030947738458,0.9985491754994402,True,0.6011683344841003,0.1217303946614265,0.8465359210968018,0.7266496419906616,0.96875,0.84765625,/shared/ssd_30T/zhuoyingyang/physact/sam3_robowm/identity_v1/sam_masked_expansion6/crops/Cosmos3_seed101_0020/frame_0117_rank_01.png,/shared/ssd_30T/zhuoyingyang/physact/sam3_robowm/identity_v1/sam_masked_expansion6/crops/Cosmos3_seed101_0020/frame_0117_rank_03.png
Cosmos3_seed101_0020,117,2,3,0.7156913876533508,0.40486028340305175,1.0,True,0.1111089438199997,0.1217303946614265,0.8309909701347351,0.7266496419906616,0.9609375,0.84765625,/shared/ssd_30T/zhuoyingyang/physact/sam3_robowm/identity_v1/sam_masked_expansion6/crops/Cosmos3_seed101_0020/frame_0117_rank_02.png,/shared/ssd_30T/zhuoyingyang/physact/sam3_robowm/identity_v1/sam_masked_expansion6/crops/Cosmos3_seed101_0020/frame_0117_rank_03.png
Cosmos3_seed101_0020,120,1,2,0.37616297602653503,0.0,0.0,False,0.5823046565055847,0.1054091453552246,0.8692656755447388,0.6502785682678223,0.96875,0.91796875,/shared/ssd_30T/zhuoyingyang/physact/sam3_robowm/identity_v1/sam_masked_expansion6/crops/Cosmos3_seed101_0020/frame_0120_rank_01.png,/shared/ssd_30T/zhuoyingyang/physact/sam3_robowm/identity_v1/sam_masked_expansion6/crops/Cosmos3_seed101_0020/frame_0120_rank_02.png
Cosmos3_seed101_0020,120,1,3,0.28257304430007935,0.0,0.0,False,0.5823046565055847,0.1056781485676765,0.8692656755447388,0.6291819214820862,0.96875,0.95703125,/shared/ssd_30T/zhuoyingyang/physact/sam3_robowm/identity_v1/sam_masked_expansion6/crops/Cosmos3_seed101_0020/frame_0120_rank_01.png,/shared/ssd_30T/zhuoyingyang/physact/sam3_robowm/identity_v1/sam_masked_expansion6/crops/Cosmos3_seed101_0020/frame_0120_rank_03.png
Cosmos3_seed101_0020,120,2,3,0.29176023602485657,0.0,0.0,False,0.1054091453552246,0.1056781485676765,0.6502785682678223,0.6291819214820862,0.91796875,0.95703125,/shared/ssd_30T/zhuoyingyang/physact/sam3_robowm/identity_v1/sam_masked_expansion6/crops/Cosmos3_seed101_0020/frame_0120_rank_02.png,/shared/ssd_30T/zhuoyingyang/physact/sam3_robowm/identity_v1/sam_masked_expansion6/crops/Cosmos3_seed101_0020/frame_0120_rank_03.png
Cosmos3_seed101_0020,123,1,2,0.18780313432216644,0.016053881054022067,1.0,True,0.7396268248558044,0.1156341210007667,0.8974741697311401,0.6172463893890381,0.97265625,0.984375,/shared/ssd_30T/zhuoyingyang/physact/sam3_robowm/identity_v1/sam_masked_expansion6/crops/Cosmos3_seed101_0020/frame_0123_rank_01.png,/shared/ssd_30T/zhuoyingyang/physact/sam3_robowm/identity_v1/sam_masked_expansion6/crops/Cosmos3_seed101_0020/frame_0123_rank_02.png
Cosmos3_seed101_0020,126,1,2,0.5772961378097534,0.47959478205206546,1.0,True,0.6520406007766724,0.1735933423042297,0.78086256980896,0.7536066770553589,0.96875,0.94921875,/shared/ssd_30T/zhuoyingyang/physact/sam3_robowm/identity_v1/sam_masked_expansion6/crops/Cosmos3_seed101_0020/frame_0126_rank_01.png,/shared/ssd_30T/zhuoyingyang/physact/sam3_robowm/identity_v1/sam_masked_expansion6/crops/Cosmos3_seed101_0020/frame_0126_rank_02.png
Cosmos3_seed101_0020,126,1,3,0.69575035572052,0.2902779263686211,1.0,True,0.6520406007766724,0.1903165429830551,0.78086256980896,0.7386959791183472,0.96875,0.94921875,/shared/ssd_30T/zhuoyingyang/physact/sam3_robowm/identity_v1/sam_masked_expansion6/crops/Cosmos3_seed101_0020/frame_0126_rank_01.png,/shared/ssd_30T/zhuoyingyang/physact/sam3_robowm/identity_v1/sam_masked_expansion6/crops/Cosmos3_seed101_0020/frame_0126_rank_03.png
Cosmos3_seed101_0020,126,2,3,0.5926842093467712,0.031547727709041,0.08111173093573397,False,0.1735933423042297,0.1903165429830551,0.7536066770553589,0.7386959791183472,0.94921875,0.94921875,/shared/ssd_30T/zhuoyingyang/physact/sam3_robowm/identity_v1/sam_masked_expansion6/crops/Cosmos3_seed101_0020/frame_0126_rank_02.png,/shared/ssd_30T/zhuoyingyang/physact/sam3_robowm/identity_v1/sam_masked_expansion6/crops/Cosmos3_seed101_0020/frame_0126_rank_03.png
Cosmos3_seed101_0020,129,1,2,0.7538161277770996,0.3002978063619811,1.0,True,0.374165415763855,0.1792137622833252,0.792253851890564,0.763231098651886,0.96484375,0.953125,/shared/ssd_30T/zhuoyingyang/physact/sam3_robowm/identity_v1/sam_masked_expansion6/crops/Cosmos3_seed101_0020/frame_0129_rank_01.png,/shared/ssd_30T/zhuoyingyang/physact/sam3_robowm/identity_v1/sam_masked_expansion6/crops/Cosmos3_seed101_0020/frame_0129_rank_02.png
Cosmos3_seed101_0020,129,1,3,0.7474905848503113,0.4896263503691226,1.0,True,0.374165415763855,0.1669801026582718,0.792253851890564,0.6850258111953735,0.96484375,0.9609375,/shared/ssd_30T/zhuoyingyang/physact/sam3_robowm/identity_v1/sam_masked_expansion6/crops/Cosmos3_seed101_0020/frame_0129_rank_01.png,/shared/ssd_30T/zhuoyingyang/physact/sam3_robowm/identity_v1/sam_masked_expansion6/crops/Cosmos3_seed101_0020/frame_0129_rank_03.png
Cosmos3_seed101_0020,129,2,3,0.6957749128341675,0.04757298195986076,0.11945637212298665,False,0.1792137622833252,0.1669801026582718,0.763231098651886,0.6850258111953735,0.953125,0.9609375,/shared/ssd_30T/zhuoyingyang/physact/sam3_robowm/identity_v1/sam_masked_expansion6/crops/Cosmos3_seed101_0020/frame_0129_rank_02.png,/shared/ssd_30T/zhuoyingyang/physact/sam3_robowm/identity_v1/sam_masked_expansion6/crops/Cosmos3_seed101_0020/frame_0129_rank_03.png
Cosmos3_seed101_0020,132,1,2,0.755912184715271,0.3417182040717954,1.0,True,0.4865565598011017,0.3580467402935028,0.841513991355896,0.8381047248840332,0.96484375,0.9609375,/shared/ssd_30T/zhuoyingyang/physact/sam3_robowm/identity_v1/sam_masked_expansion6/crops/Cosmos3_seed101_0020/frame_0132_rank_01.png,/shared/ssd_30T/zhuoyingyang/physact/sam3_robowm/identity_v1/sam_masked_expansion6/crops/Cosmos3_seed101_0020/frame_0132_rank_02.png
Cosmos3_seed101_0020,132,1,3,0.7350987195968628,0.36229537184845156,1.0,True,0.4865565598011017,0.3687757551670074,0.841513991355896,0.7367955446243286,0.96484375,0.9609375,/shared/ssd_30T/zhuoyingyang/physact/sam3_robowm/identity_v1/sam_masked_expansion6/crops/Cosmos3_seed101_0020/frame_0132_rank_01.png,/shared/ssd_30T/zhuoyingyang/physact/sam3_robowm/identity_v1/sam_masked_expansion6/crops/Cosmos3_seed101_0020/frame_0132_rank_03.png
Cosmos3_seed101_0020,132,2,3,0.7103069424629211,0.02360976617903586,0.047519316357878386,False,0.3580467402935028,0.3687757551670074,0.8381047248840332,0.7367955446243286,0.9609375,0.9609375,/shared/ssd_30T/zhuoyingyang/physact/sam3_robowm/identity_v1/sam_masked_expansion6/crops/Cosmos3_seed101_0020/frame_0132_rank_02.png,/shared/ssd_30T/zhuoyingyang/physact/sam3_robowm/identity_v1/sam_masked_expansion6/crops/Cosmos3_seed101_0020/frame_0132_rank_03.png
Cosmos3_seed101_0020,135,1,2,0.7727503776550293,0.307992315871705,1.0,True,0.4076553881168365,0.4543643295764923,0.908892035484314,0.8493499755859375,0.96875,0.97265625,/shared/ssd_30T/zhuoyingyang/physact/sam3_robowm/identity_v1/sam_masked_expansion6/crops/Cosmos3_seed101_0020/frame_0135_rank_01.png,/shared/ssd_30T/zhuoyingyang/physact/sam3_robowm/identity_v1/sam_masked_expansion6/crops/Cosmos3_seed101_0020/frame_0135_rank_02.png
Cosmos3_seed101_0020,135,1,3,0.6297507286071777,0.005027550256135397,0.010477586321392902,False,0.4076553881168365,0.3950715661048889,0.908892035484314,0.8422006368637085,0.96875,0.96875,/shared/ssd_30T/zhuoyingyang/physact/sam3_robowm/identity_v1/sam_masked_expansion6/crops/Cosmos3_seed101_0020/frame_0135_rank_01.png,/shared/ssd_30T/zhuoyingyang/physact/sam3_robowm/identity_v1/sam_masked_expansion6/crops/Cosmos3_seed101_0020/frame_0135_rank_03.png
Cosmos3_seed101_0020,135,2,3,0.8468973636627197,0.33628555798199705,0.9981893312557323,True,0.4543643295764923,0.3950715661048889,0.8493499755859375,0.8422006368637085,0.97265625,0.96875,/shared/ssd_30T/zhuoyingyang/physact/sam3_robowm/identity_v1/sam_masked_expansion6/crops/Cosmos3_seed101_0020/frame_0135_rank_02.png,/shared/ssd_30T/zhuoyingyang/physact/sam3_robowm/identity_v1/sam_masked_expansion6/crops/Cosmos3_seed101_0020/frame_0135_rank_03.png
Cosmos3_seed101_0020,138,1,2,0.7906051278114319,0.3039278158722311,0.9998045685751586,True,0.6113098859786987,0.2472881078720092,0.9135206937789916,0.8845466375350952,0.97265625,0.97265625,/shared/ssd_30T/zhuoyingyang/physact/sam3_robowm/identity_v1/sam_masked_expansion6/crops/Cosmos3_seed101_0020/frame_0138_rank_01.png,/shared/ssd_30T/zhuoyingyang/physact/sam3_robowm/identity_v1/sam_masked_expansion6/crops/Cosmos3_seed101_0020/frame_0138_rank_02.png
Cosmos3_seed101_0020,138,1,3,0.58086758852005,0.0,0.0,False,0.6113098859786987,0.5719854831695557,0.9135206937789916,0.88141268491745,0.97265625,0.97265625,/shared/ssd_30T/zhuoyingyang/physact/sam3_robowm/identity_v1/sam_masked_expansion6/crops/Cosmos3_seed101_0020/frame_0138_rank_01.png,/shared/ssd_30T/zhuoyingyang/physact/sam3_robowm/identity_v1/sam_masked_expansion6/crops/Cosmos3_seed101_0020/frame_0138_rank_03.png
Cosmos3_seed101_0020,138,2,3,0.8117466568946838,0.3281411348763941,0.9990916504177586,True,0.2472881078720092,0.5719854831695557,0.8845466375350952,0.88141268491745,0.97265625,0.97265625,/shared/ssd_30T/zhuoyingyang/physact/sam3_robowm/identity_v1/sam_masked_expansion6/crops/Cosmos3_seed101_0020/frame_0138_rank_02.png,/shared/ssd_30T/zhuoyingyang/physact/sam3_robowm/identity_v1/sam_masked_expansion6/crops/Cosmos3_seed101_0020/frame_0138_rank_03.png
Cosmos3_seed101_0020,141,1,2,0.7170673608779907,0.0,0.0,False,0.7018239498138428,0.6769419312477112,0.9225553870201112,0.8763754367828369,0.97265625,0.97265625,/shared/ssd_30T/zhuoyingyang/physact/sam3_robowm/identity_v1/sam_masked_expansion6/crops/Cosmos3_seed101_0020/frame_0141_rank_01.png,/shared/ssd_30T/zhuoyingyang/physact/sam3_robowm/identity_v1/sam_masked_expansion6/crops/Cosmos3_seed101_0020/frame_0141_rank_02.png
Cosmos3_seed101_0020,144,1,2,0.691625714302063,0.0,0.0,False,0.6869329214096069,0.7028675079345703,0.9043131470680236,0.9020869135856628,0.97265625,0.9765625,/shared/ssd_30T/zhuoyingyang/physact/sam3_robowm/identity_v1/sam_masked_expansion6/crops/Cosmos3_seed101_0020/frame_0144_rank_01.png,/shared/ssd_30T/zhuoyingyang/physact/sam3_robowm/identity_v1/sam_masked_expansion6/crops/Cosmos3_seed101_0020/frame_0144_rank_02.png
Cosmos3_seed101_0020,147,1,2,0.6017786264419556,0.0,0.0,False,0.6751928329467773,0.7056401968002319,0.916271448135376,0.9034202694892884,0.97265625,0.9765625,/shared/ssd_30T/zhuoyingyang/physact/sam3_robowm/identity_v1/sam_masked_expansion6/crops/Cosmos3_seed101_0020/frame_0147_rank_01.png,/shared/ssd_30T/zhuoyingyang/physact/sam3_robowm/identity_v1/sam_masked_expansion6/crops/Cosmos3_seed101_0020/frame_0147_rank_02.png
Cosmos3_seed101_0020,150,1,2,0.4355977773666382,0.0,0.0,False,0.6819177269935608,0.7177008986473083,0.922352969646454,0.8875661492347717,0.97265625,0.9765625,/shared/ssd_30T/zhuoyingyang/physact/sam3_robowm/identity_v1/sam_masked_expansion6/crops/Cosmos3_seed101_0020/frame_0150_rank_01.png,/shared/ssd_30T/zhuoyingyang/physact/sam3_robowm/identity_v1/sam_masked_expansion6/crops/Cosmos3_seed101_0020/frame_0150_rank_02.png
Cosmos3_seed101_0020,153,1,2,0.42985570430755615,0.0,0.0,False,0.6695250868797302,0.6811231374740601,0.9233531951904296,0.9106000065803528,0.97265625,0.98046875,/shared/ssd_30T/zhuoyingyang/physact/sam3_robowm/identity_v1/sam_masked_expansion6/crops/Cosmos3_seed101_0020/frame_0153_rank_01.png,/shared/ssd_30T/zhuoyingyang/physact/sam3_robowm/identity_v1/sam_masked_expansion6/crops/Cosmos3_seed101_0020/frame_0153_rank_02.png
Cosmos3_seed101_0020,156,1,2,0.47623521089553833,0.0,0.0,False,0.6559144258499146,0.6781014204025269,0.9177496433258056,0.8940035104751587,0.97265625,0.9765625,/shared/ssd_30T/zhuoyingyang/physact/sam3_robowm/identity_v1/sam_masked_expansion6/crops/Cosmos3_seed101_0020/frame_0156_rank_01.png,/shared/ssd_30T/zhuoyingyang/physact/sam3_robowm/identity_v1/sam_masked_expansion6/crops/Cosmos3_seed101_0020/frame_0156_rank_02.png
Cosmos3_seed101_0020,156,1,3,0.611079216003418,0.19124644796930818,1.0,True,0.6559144258499146,0.1405311822891235,0.9177496433258056,0.8550606966018677,0.97265625,0.97265625,/shared/ssd_30T/zhuoyingyang/physact/sam3_robowm/identity_v1/sam_masked_expansion6/crops/Cosmos3_seed101_0020/frame_0156_rank_01.png,/shared/ssd_30T/zhuoyingyang/physact/sam3_robowm/identity_v1/sam_masked_expansion6/crops/Cosmos3_seed101_0020/frame_0156_rank_03.png
Cosmos3_seed101_0020,156,2,3,0.792239248752594,0.43813853097322025,0.9991617704979828,True,0.6781014204025269,0.1405311822891235,0.8940035104751587,0.8550606966018677,0.9765625,0.97265625,/shared/ssd_30T/zhuoyingyang/physact/sam3_robowm/identity_v1/sam_masked_expansion6/crops/Cosmos3_seed101_0020/frame_0156_rank_02.png,/shared/ssd_30T/zhuoyingyang/physact/sam3_robowm/identity_v1/sam_masked_expansion6/crops/Cosmos3_seed101_0020/frame_0156_rank_03.png
Cosmos3_seed101_0020,159,1,2,0.5203850865364075,0.0,0.0,False,0.6486518383026123,0.6538090109825134,0.9239861965179444,0.8984569311141968,0.96875,0.9765625,/shared/ssd_30T/zhuoyingyang/physact/sam3_robowm/identity_v1/sam_masked_expansion6/crops/Cosmos3_seed101_0020/frame_0159_rank_01.png,/shared/ssd_30T/zhuoyingyang/physact/sam3_robowm/identity_v1/sam_masked_expansion6/crops/Cosmos3_seed101_0020/frame_0159_rank_02.png
Cosmos3_seed101_0020,159,1,3,0.6299752593040466,0.18053967493508838,1.0,True,0.6486518383026123,0.1650804728269577,0.9239861965179444,0.8589173555374146,0.96875,0.9765625,/shared/ssd_30T/zhuoyingyang/physact/sam3_robowm/identity_v1/sam_masked_expansion6/crops/Cosmos3_seed101_0020/frame_0159_rank_01.png,/shared/ssd_30T/zhuoyingyang/physact/sam3_robowm/identity_v1/sam_masked_expansion6/crops/Cosmos3_seed101_0020/frame_0159_rank_03.png
Cosmos3_seed101_0020,159,2,3,0.7896397709846497,0.3977582384247991,0.9989896449659403,True,0.6538090109825134,0.1650804728269577,0.8984569311141968,0.8589173555374146,0.9765625,0.9765625,/shared/ssd_30T/zhuoyingyang/physact/sam3_robowm/identity_v1/sam_masked_expansion6/crops/Cosmos3_seed101_0020/frame_0159_rank_02.png,/shared/ssd_30T/zhuoyingyang/physact/sam3_robowm/identity_v1/sam_masked_expansion6/crops/Cosmos3_seed101_0020/frame_0159_rank_03.png
Cosmos3_seed101_0020,162,1,2,0.49328023195266724,0.0,0.0,False,0.6674121022224426,0.6990194320678711,0.9177637696266174,0.9090591073036194,0.97265625,0.9765625,/shared/ssd_30T/zhuoyingyang/physact/sam3_robowm/identity_v1/sam_masked_expansion6/crops/Cosmos3_seed101_0020/frame_0162_rank_01.png,/shared/ssd_30T/zhuoyingyang/physact/sam3_robowm/identity_v1/sam_masked_expansion6/crops/Cosmos3_seed101_0020/frame_0162_rank_02.png
Cosmos3_seed101_0020,162,1,3,0.7157455086708069,0.1733843575893223,1.0,True,0.6674121022224426,0.1263731867074966,0.9177637696266174,0.8534521460533142,0.97265625,0.9765625,/shared/ssd_30T/zhuoyingyang/physact/sam3_robowm/identity_v1/sam_masked_expansion6/crops/Cosmos3_seed101_0020/frame_0162_rank_01.png,/shared/ssd_30T/zhuoyingyang/physact/sam3_robowm/identity_v1/sam_masked_expansion6/crops/Cosmos3_seed101_0020/frame_0162_rank_03.png
Cosmos3_seed101_0020,162,2,3,0.7965024709701538,0.3668433514241034,1.0,True,0.6990194320678711,0.1263731867074966,0.9090591073036194,0.8534521460533142,0.9765625,0.9765625,/shared/ssd_30T/zhuoyingyang/physact/sam3_robowm/identity_v1/sam_masked_expansion6/crops/Cosmos3_seed101_0020/frame_0162_rank_02.png,/shared/ssd_30T/zhuoyingyang/physact/sam3_robowm/identity_v1/sam_masked_expansion6/crops/Cosmos3_seed101_0020/frame_0162_rank_03.png
Cosmos3_seed101_0020,165,1,2,0.6148156523704529,0.0,0.0,False,0.6546856760978699,0.6524186134338379,0.9230507612228394,0.9142966270446776,0.9765625,0.96875,/shared/ssd_30T/zhuoyingyang/physact/sam3_robowm/identity_v1/sam_masked_expansion6/crops/Cosmos3_seed101_0020/frame_0165_rank_01.png,/shared/ssd_30T/zhuoyingyang/physact/sam3_robowm/identity_v1/sam_masked_expansion6/crops/Cosmos3_seed101_0020/frame_0165_rank_02.png
Cosmos3_seed101_0020,165,1,3,0.8386507630348206,0.36013768003900604,0.996145178563551,True,0.6546856760978699,0.1707768887281417,0.9230507612228394,0.8393378257751465,0.9765625,0.9765625,/shared/ssd_30T/zhuoyingyang/physact/sam3_robowm/identity_v1/sam_masked_expansion6/crops/Cosmos3_seed101_0020/frame_0165_rank_01.png,/shared/ssd_30T/zhuoyingyang/physact/sam3_robowm/identity_v1/sam_masked_expansion6/crops/Cosmos3_seed101_0020/frame_0165_rank_03.png
Cosmos3_seed101_0020,165,2,3,0.7224481701850891,0.16966282226211074,1.0,True,0.6524186134338379,0.1707768887281417,0.9142966270446776,0.8393378257751465,0.96875,0.9765625,/shared/ssd_30T/zhuoyingyang/physact/sam3_robowm/identity_v1/sam_masked_expansion6/crops/Cosmos3_seed101_0020/frame_0165_rank_02.png,/shared/ssd_30T/zhuoyingyang/physact/sam3_robowm/identity_v1/sam_masked_expansion6/crops/Cosmos3_seed101_0020/frame_0165_rank_03.png
Cosmos3_seed101_0020,168,1,2,0.6878525018692017,0.0,0.0,False,0.5826320052146912,0.572360098361969,0.9188732504844666,0.9141172170639038,0.96875,0.9765625,/shared/ssd_30T/zhuoyingyang/physact/sam3_robowm/identity_v1/sam_masked_expansion6/crops/Cosmos3_seed101_0020/frame_0168_rank_01.png,/shared/ssd_30T/zhuoyingyang/physact/sam3_robowm/identity_v1/sam_masked_expansion6/crops/Cosmos3_seed101_0020/frame_0168_rank_02.png
Cosmos3_seed101_0020,168,1,3,0.7246427536010742,0.16256828387831165,1.0,True,0.5826320052146912,0.2604337036609649,0.9188732504844666,0.8459219932556152,0.96875,0.9765625,/shared/ssd_30T/zhuoyingyang/physact/sam3_robowm/identity_v1/sam_masked_expansion6/crops/Cosmos3_seed101_0020/frame_0168_rank_01.png,/shared/ssd_30T/zhuoyingyang/physact/sam3_robowm/identity_v1/sam_masked_expansion6/crops/Cosmos3_seed101_0020/frame_0168_rank_03.png
Cosmos3_seed101_0020,168,2,3,0.8537979125976562,0.3653435044266401,0.9968128472188549,True,0.572360098361969,0.2604337036609649,0.9141172170639038,0.8459219932556152,0.9765625,0.9765625,/shared/ssd_30T/zhuoyingyang/physact/sam3_robowm/identity_v1/sam_masked_expansion6/crops/Cosmos3_seed101_0020/frame_0168_rank_02.png,/shared/ssd_30T/zhuoyingyang/physact/sam3_robowm/identity_v1/sam_masked_expansion6/crops/Cosmos3_seed101_0020/frame_0168_rank_03.png
Cosmos3_seed101_0020,171,1,2,0.6404610872268677,0.0,0.0,False,0.6284170746803284,0.6075112819671631,0.9201611876487732,0.9196059107780457,0.97265625,0.9765625,/shared/ssd_30T/zhuoyingyang/physact/sam3_robowm/identity_v1/sam_masked_expansion6/crops/Cosmos3_seed101_0020/frame_0171_rank_01.png,/shared/ssd_30T/zhuoyingyang/physact/sam3_robowm/identity_v1/sam_masked_expansion6/crops/Cosmos3_seed101_0020/frame_0171_rank_02.png
Cosmos3_seed101_0020,171,1,3,0.7594967484474182,0.1577273316182267,1.0,True,0.6284170746803284,0.2117262035608291,0.9201611876487732,0.8468652963638306,0.97265625,0.98046875,/shared/ssd_30T/zhuoyingyang/physact/sam3_robowm/identity_v1/sam_masked_expansion6/crops/Cosmos3_seed101_0020/frame_0171_rank_01.png,/shared/ssd_30T/zhuoyingyang/physact/sam3_robowm/identity_v1/sam_masked_expansion6/crops/Cosmos3_seed101_0020/frame_0171_rank_03.png
Cosmos3_seed101_0020,171,2,3,0.7905548214912415,0.31320585006527746,0.9968520313139698,True,0.6075112819671631,0.2117262035608291,0.9196059107780457,0.8468652963638306,0.9765625,0.98046875,/shared/ssd_30T/zhuoyingyang/physact/sam3_robowm/identity_v1/sam_masked_expansion6/crops/Cosmos3_seed101_0020/frame_0171_rank_02.png,/shared/ssd_30T/zhuoyingyang/physact/sam3_robowm/identity_v1/sam_masked_expansion6/crops/Cosmos3_seed101_0020/frame_0171_rank_03.png
Cosmos3_seed101_0020,174,1,2,0.7303260564804077,0.0,0.0,False,0.6976128816604614,0.6603609323501587,0.927239179611206,0.9205889701843262,0.9765625,0.97265625,/shared/ssd_30T/zhuoyingyang/physact/sam3_robowm/identity_v1/sam_masked_expansion6/crops/Cosmos3_seed101_0020/frame_0174_rank_01.png,/shared/ssd_30T/zhuoyingyang/physact/sam3_robowm/identity_v1/sam_masked_expansion6/crops/Cosmos3_seed101_0020/frame_0174_rank_02.png
Cosmos3_seed101_0020,174,1,3,0.8240081071853638,0.29528816947484954,1.0,True,0.6976128816604614,0.102765217423439,0.927239179611206,0.8654785752296448,0.9765625,0.97265625,/shared/ssd_30T/zhuoyingyang/physact/sam3_robowm/identity_v1/sam_masked_expansion6/crops/Cosmos3_seed101_0020/frame_0174_rank_01.png,/shared/ssd_30T/zhuoyingyang/physact/sam3_robowm/identity_v1/sam_masked_expansion6/crops/Cosmos3_seed101_0020/frame_0174_rank_03.png
Cosmos3_seed101_0020,174,2,3,0.7502560615539551,0.14723775409616696,1.0,True,0.6603609323501587,0.102765217423439,0.9205889701843262,0.8654785752296448,0.97265625,0.97265625,/shared/ssd_30T/zhuoyingyang/physact/sam3_robowm/identity_v1/sam_masked_expansion6/crops/Cosmos3_seed101_0020/frame_0174_rank_02.png,/shared/ssd_30T/zhuoyingyang/physact/sam3_robowm/identity_v1/sam_masked_expansion6/crops/Cosmos3_seed101_0020/frame_0174_rank_03.png
Cosmos3_seed101_0020,177,1,2,0.7844986319541931,0.0,0.0,False,0.7040438652038574,0.6711118817329407,0.930805802345276,0.9173230528831482,0.9765625,0.97265625,/shared/ssd_30T/zhuoyingyang/physact/sam3_robowm/identity_v1/sam_masked_expansion6/crops/Cosmos3_seed101_0020/frame_0177_rank_01.png,/shared/ssd_30T/zhuoyingyang/physact/sam3_robowm/identity_v1/sam_masked_expansion6/crops/Cosmos3_seed101_0020/frame_0177_rank_02.png
Cosmos3_seed101_0020,180,1,2,0.7683607339859009,0.0,0.0,False,0.697222113609314,0.6692136526107788,0.938278317451477,0.9098246097564696,0.9765625,0.97265625,/shared/ssd_30T/zhuoyingyang/physact/sam3_robowm/identity_v1/sam_masked_expansion6/crops/Cosmos3_seed101_0020/frame_0180_rank_01.png,/shared/ssd_30T/zhuoyingyang/physact/sam3_robowm/identity_v1/sam_masked_expansion6/crops/Cosmos3_seed101_0020/frame_0180_rank_02.png
Cosmos3_seed101_0020,180,1,3,0.8896993398666382,0.3050981799562971,1.0,True,0.697222113609314,0.1055913120508194,0.938278317451477,0.8888688087463379,0.9765625,0.9765625,/shared/ssd_30T/zhuoyingyang/physact/sam3_robowm/identity_v1/sam_masked_expansion6/crops/Cosmos3_seed101_0020/frame_0180_rank_01.png,/shared/ssd_30T/zhuoyingyang/physact/sam3_robowm/identity_v1/sam_masked_expansion6/crops/Cosmos3_seed101_0020/frame_0180_rank_03.png
Cosmos3_seed101_0020,180,2,3,0.799958348274231,0.15846209034607942,1.0,True,0.6692136526107788,0.1055913120508194,0.9098246097564696,0.8888688087463379,0.97265625,0.9765625,/shared/ssd_30T/zhuoyingyang/physact/sam3_robowm/identity_v1/sam_masked_expansion6/crops/Cosmos3_seed101_0020/frame_0180_rank_02.png,/shared/ssd_30T/zhuoyingyang/physact/sam3_robowm/identity_v1/sam_masked_expansion6/crops/Cosmos3_seed101_0020/frame_0180_rank_03.png
Cosmos3_seed101_0020,183,1,2,0.7342267632484436,0.0,0.0,False,0.6879554986953735,0.6530093550682068,0.9372904896736144,0.9142659902572632,0.9765625,0.97265625,/shared/ssd_30T/zhuoyingyang/physact/sam3_robowm/identity_v1/sam_masked_expansion6/crops/Cosmos3_seed101_0020/frame_0183_rank_01.png,/shared/ssd_30T/zhuoyingyang/physact/sam3_robowm/identity_v1/sam_masked_expansion6/crops/Cosmos3_seed101_0020/frame_0183_rank_02.png
Cosmos3_seed101_0020,183,1,3,0.8910065293312073,0.3079719359564499,1.0,True,0.6879554986953735,0.1064413264393806,0.9372904896736144,0.8660758137702942,0.9765625,0.9765625,/shared/ssd_30T/zhuoyingyang/physact/sam3_robowm/identity_v1/sam_masked_expansion6/crops/Cosmos3_seed101_0020/frame_0183_rank_01.png,/shared/ssd_30T/zhuoyingyang/physact/sam3_robowm/identity_v1/sam_masked_expansion6/crops/Cosmos3_seed101_0020/frame_0183_rank_03.png
Cosmos3_seed101_0020,183,2,3,0.7645525336265564,0.1602657695953231,1.0,True,0.6530093550682068,0.1064413264393806,0.9142659902572632,0.8660758137702942,0.97265625,0.9765625,/shared/ssd_30T/zhuoyingyang/physact/sam3_robowm/identity_v1/sam_masked_expansion6/crops/Cosmos3_seed101_0020/frame_0183_rank_02.png,/shared/ssd_30T/zhuoyingyang/physact/sam3_robowm/identity_v1/sam_masked_expansion6/crops/Cosmos3_seed101_0020/frame_0183_rank_03.png
Cosmos3_seed101_0020,186,1,2,0.8188588619232178,0.0,0.0,False,0.690144419670105,0.67230623960495,0.9359915256500244,0.9171329736709596,0.9765625,0.97265625,/shared/ssd_30T/zhuoyingyang/physact/sam3_robowm/identity_v1/sam_masked_expansion6/crops/Cosmos3_seed101_0020/frame_0186_rank_01.png,/shared/ssd_30T/zhuoyingyang/physact/sam3_robowm/identity_v1/sam_masked_expansion6/crops/Cosmos3_seed101_0020/frame_0186_rank_02.png
Cosmos3_seed101_0020,186,1,3,0.8659868836402893,0.29433759759029476,1.0,True,0.690144419670105,0.1001835465431213,0.9359915256500244,0.8939849734306335,0.9765625,0.97265625,/shared/ssd_30T/zhuoyingyang/physact/sam3_robowm/identity_v1/sam_masked_expansion6/crops/Cosmos3_seed101_0020/frame_0186_rank_01.png,/shared/ssd_30T/zhuoyingyang/physact/sam3_robowm/identity_v1/sam_masked_expansion6/crops/Cosmos3_seed101_0020/frame_0186_rank_03.png
Cosmos3_seed101_0020,186,2,3,0.8083431720733643,0.15204739872062126,1.0,True,0.67230623960495,0.1001835465431213,0.9171329736709596,0.8939849734306335,0.97265625,0.97265625,/shared/ssd_30T/zhuoyingyang/physact/sam3_robowm/identity_v1/sam_masked_expansion6/crops/Cosmos3_seed101_0020/frame_0186_rank_02.png,/shared/ssd_30T/zhuoyingyang/physact/sam3_robowm/identity_v1/sam_masked_expansion6/crops/Cosmos3_seed101_0020/frame_0186_rank_03.png
Cosmos3_seed101_0020,188,1,2,0.8085498809814453,0.0,0.0,False,0.6928290724754333,0.6646649241447449,0.9152684211730956,0.9124770164489746,0.9765625,0.97265625,/shared/ssd_30T/zhuoyingyang/physact/sam3_robowm/identity_v1/sam_masked_expansion6/crops/Cosmos3_seed101_0020/frame_0188_rank_01.png,/shared/ssd_30T/zhuoyingyang/physact/sam3_robowm/identity_v1/sam_masked_expansion6/crops/Cosmos3_seed101_0020/frame_0188_rank_02.png
Cosmos3_seed101_0020,188,1,3,0.8793064951896667,0.2931992235371437,1.0,True,0.6928290724754333,0.1071212515234947,0.9152684211730956,0.8878302574157715,0.9765625,0.96484375,/shared/ssd_30T/zhuoyingyang/physact/sam3_robowm/identity_v1/sam_masked_expansion6/crops/Cosmos3_seed101_0020/frame_0188_rank_01.png,/shared/ssd_30T/zhuoyingyang/physact/sam3_robowm/identity_v1/sam_masked_expansion6/crops/Cosmos3_seed101_0020/frame_0188_rank_03.png
Cosmos3_seed101_0020,188,2,3,0.7907434105873108,0.15115750528804134,1.0,True,0.6646649241447449,0.1071212515234947,0.9124770164489746,0.8878302574157715,0.97265625,0.96484375,/shared/ssd_30T/zhuoyingyang/physact/sam3_robowm/identity_v1/sam_masked_expansion6/crops/Cosmos3_seed101_0020/frame_0188_rank_02.png,/shared/ssd_30T/zhuoyingyang/physact/sam3_robowm/identity_v1/sam_masked_expansion6/crops/Cosmos3_seed101_0020/frame_0188_rank_03.png
Cosmos3_seed101_0036,0,1,2,0.1126055121421814,0.0,0.0,False,0.7169114947319031,0.1322802603244781,0.98137229681015,0.622111976146698,0.96875,0.91796875,/shared/ssd_30T/zhuoyingyang/physact/sam3_robowm/identity_v1/sam_masked_expansion6/crops/Cosmos3_seed101_0036/frame_0000_rank_01.png,/shared/ssd_30T/zhuoyingyang/physact/sam3_robowm/identity_v1/sam_masked_expansion6/crops/Cosmos3_seed101_0036/frame_0000_rank_02.png
Cosmos3_seed101_0036,0,1,3,0.08591070026159286,0.0,0.0,False,0.7169114947319031,0.104328766465187,0.98137229681015,0.6084364652633667,0.96875,0.953125,/shared/ssd_30T/zhuoyingyang/physact/sam3_robowm/identity_v1/sam_masked_expansion6/crops/Cosmos3_seed101_0036/frame_0000_rank_01.png,/shared/ssd_30T/zhuoyingyang/physact/sam3_robowm/identity_v1/sam_masked_expansion6/crops/Cosmos3_seed101_0036/frame_0000_rank_03.png
Cosmos3_seed101_0036,0,2,3,0.18239285051822662,0.0,0.0,False,0.1322802603244781,0.104328766465187,0.622111976146698,0.6084364652633667,0.91796875,0.953125,/shared/ssd_30T/zhuoyingyang/physact/sam3_robowm/identity_v1/sam_masked_expansion6/crops/Cosmos3_seed101_0036/frame_0000_rank_02.png,/shared/ssd_30T/zhuoyingyang/physact/sam3_robowm/identity_v1/sam_masked_expansion6/crops/Cosmos3_seed101_0036/frame_0000_rank_03.png
Cosmos3_seed101_0036,3,1,2,0.1201828122138977,0.0,0.0,False,0.7324685454368591,0.13157719373703,0.9767861366271972,0.6091479659080505,0.96875,0.90234375,/shared/ssd_30T/zhuoyingyang/physact/sam3_robowm/identity_v1/sam_masked_expansion6/crops/Cosmos3_seed101_0036/frame_0003_rank_01.png,/shared/ssd_30T/zhuoyingyang/physact/sam3_robowm/identity_v1/sam_masked_expansion6/crops/Cosmos3_seed101_0036/frame_0003_rank_02.png
Cosmos3_seed101_0036,3,1,3,0.0001384299248456955,0.015420553673274221,1.0,True,0.7324685454368591,0.1321384012699127,0.9767861366271972,0.6048508882522583,0.96875,0.984375,/shared/ssd_30T/zhuoyingyang/physact/sam3_robowm/identity_v1/sam_masked_expansion6/crops/Cosmos3_seed101_0036/frame_0003_rank_01.png,/shared/ssd_30T/zhuoyingyang/physact/sam3_robowm/identity_v1/sam_masked_expansion6/crops/Cosmos3_seed101_0036/frame_0003_rank_03.png
Cosmos3_seed101_0036,3,2,3,0.2514168918132782,0.15813404458354216,0.994889082619727,True,0.13157719373703,0.1321384012699127,0.6091479659080505,0.6048508882522583,0.90234375,0.984375,/shared/ssd_30T/zhuoyingyang/physact/sam3_robowm/identity_v1/sam_masked_expansion6/crops/Cosmos3_seed101_0036/frame_0003_rank_02.png,/shared/ssd_30T/zhuoyingyang/physact/sam3_robowm/identity_v1/sam_masked_expansion6/crops/Cosmos3_seed101_0036/frame_0003_rank_03.png
Cosmos3_seed101_0036,6,1,2,0.11924083530902863,0.0,0.0,False,0.7168439030647278,0.1215632855892181,0.9788550138473512,0.6165701150894165,0.96875,0.95703125,/shared/ssd_30T/zhuoyingyang/physact/sam3_robowm/identity_v1/sam_masked_expansion6/crops/Cosmos3_seed101_0036/frame_0006_rank_01.png,/shared/ssd_30T/zhuoyingyang/physact/sam3_robowm/identity_v1/sam_masked_expansion6/crops/Cosmos3_seed101_0036/frame_0006_rank_02.png
Cosmos3_seed101_0036,6,1,3,0.09864826500415802,0.0,0.0,False,0.7168439030647278,0.1351322382688522,0.9788550138473512,0.6091910600662231,0.96875,0.8828125,/shared/ssd_30T/zhuoyingyang/physact/sam3_robowm/identity_v1/sam_masked_expansion6/crops/Cosmos3_seed101_0036/frame_0006_rank_01.png,/shared/ssd_30T/zhuoyingyang/physact/sam3_robowm/identity_v1/sam_masked_expansion6/crops/Cosmos3_seed101_0036/frame_0006_rank_03.png
Cosmos3_seed101_0036,6,2,3,0.22819343209266663,0.0,0.0,False,0.1215632855892181,0.1351322382688522,0.6165701150894165,0.6091910600662231,0.95703125,0.8828125,/shared/ssd_30T/zhuoyingyang/physact/sam3_robowm/identity_v1/sam_masked_expansion6/crops/Cosmos3_seed101_0036/frame_0006_rank_02.png,/shared/ssd_30T/zhuoyingyang/physact/sam3_robowm/identity_v1/sam_masked_expansion6/crops/Cosmos3_seed101_0036/frame_0006_rank_03.png
Cosmos3_seed101_0036,9,1,2,0.13162171840667725,0.0,0.0,False,0.7151896357536316,0.1130496561527252,0.9715131521224976,0.6128575801849365,0.96875,0.953125,/shared/ssd_30T/zhuoyingyang/physact/sam3_robowm/identity_v1/sam_masked_expansion6/crops/Cosmos3_seed101_0036/frame_0009_rank_01.png,/shared/ssd_30T/zhuoyingyang/physact/sam3_robowm/identity_v1/sam_masked_expansion6/crops/Cosmos3_seed101_0036/frame_0009_rank_02.png
Cosmos3_seed101_0036,9,1,3,-0.0033971017692238092,0.015410868917403554,1.0,True,0.7151896357536316,0.1363340467214584,0.9715131521224976,0.6075612306594849,0.96875,0.984375,/shared/ssd_30T/zhuoyingyang/physact/sam3_robowm/identity_v1/sam_masked_expansion6/crops/Cosmos3_seed101_0036/frame_0009_rank_01.png,/shared/ssd_30T/zhuoyingyang/physact/sam3_robowm/identity_v1/sam_masked_expansion6/crops/Cosmos3_seed101_0036/frame_0009_rank_03.png
Cosmos3_seed101_0036,9,2,3,0.048372190445661545,0.015469438034549083,0.9629609403798107,True,0.1130496561527252,0.1363340467214584,0.6128575801849365,0.6075612306594849,0.953125,0.984375,/shared/ssd_30T/zhuoyingyang/physact/sam3_robowm/identity_v1/sam_masked_expansion6/crops/Cosmos3_seed101_0036/frame_0009_rank_02.png,/shared/ssd_30T/zhuoyingyang/physact/sam3_robowm/identity_v1/sam_masked_expansion6/crops/Cosmos3_seed101_0036/frame_0009_rank_03.png
Cosmos3_seed101_0036,12,1,2,0.10817648470401764,0.0,0.0,False,0.7317349910736084,0.1014652773737907,0.975350856781006,0.6482915878295898,0.96875,0.890625,/shared/ssd_30T/zhuoyingyang/physact/sam3_robowm/identity_v1/sam_masked_expansion6/crops/Cosmos3_seed101_0036/frame_0012_rank_01.png,/shared/ssd_30T/zhuoyingyang/physact/sam3_robowm/identity_v1/sam_masked_expansion6/crops/Cosmos3_seed101_0036/frame_0012_rank_02.png
Cosmos3_seed101_0036,12,1,3,0.13648547232151031,0.0,0.0,False,0.7317349910736084,0.1073905006051063,0.975350856781006,0.6255401968955994,0.96875,0.95703125,/shared/ssd_30T/zhuoyingyang/physact/sam3_robowm/identity_v1/sam_masked_expansion6/crops/Cosmos3_seed101_0036/frame_0012_rank_01.png,/shared/ssd_30T/zhuoyingyang/physact/sam3_robowm/identity_v1/sam_masked_expansion6/crops/Cosmos3_seed101_0036/frame_0012_rank_03.png
Cosmos3_seed101_0036,12,2,3,0.3836430609226227,0.0,0.0,False,0.1014652773737907,0.1073905006051063,0.6482915878295898,0.6255401968955994,0.890625,0.95703125,/shared/ssd_30T/zhuoyingyang/physact/sam3_robowm/identity_v1/sam_masked_expansion6/crops/Cosmos3_seed101_0036/frame_0012_rank_02.png,/shared/ssd_30T/zhuoyingyang/physact/sam3_robowm/identity_v1/sam_masked_expansion6/crops/Cosmos3_seed101_0036/frame_0012_rank_03.png
Cosmos3_seed101_0036,15,1,2,0.018675247207283974,0.015411894290690025,1.0,True,0.7369996309280396,0.1223503500223159,0.9819957613945008,0.6079434752464294,0.96875,0.984375,/shared/ssd_30T/zhuoyingyang/physact/sam3_robowm/identity_v1/sam_masked_expansion6/crops/Cosmos3_seed101_0036/frame_0015_rank_01.png,/shared/ssd_30T/zhuoyingyang/physact/sam3_robowm/identity_v1/sam_masked_expansion6/crops/Cosmos3_seed101_0036/frame_0015_rank_02.png
Cosmos3_seed101_0036,15,1,3,0.10462722182273865,0.0,0.0,False,0.7369996309280396,0.1112279817461967,0.9819957613945008,0.6031980514526367,0.96875,0.90625,/shared/ssd_30T/zhuoyingyang/physact/sam3_robowm/identity_v1/sam_masked_expansion6/crops/Cosmos3_seed101_0036/frame_0015_rank_01.png,/shared/ssd_30T/zhuoyingyang/physact/sam3_robowm/identity_v1/sam_masked_expansion6/crops/Cosmos3_seed101_0036/frame_0015_rank_03.png
Cosmos3_seed101_0036,15,2,3,0.31280145049095154,0.16122366532880014,0.9956880737108532,True,0.1223503500223159,0.1112279817461967,0.6079434752464294,0.6031980514526367,0.984375,0.90625,/shared/ssd_30T/zhuoyingyang/physact/sam3_robowm/identity_v1/sam_masked_expansion6/crops/Cosmos3_seed101_0036/frame_0015_rank_02.png,/shared/ssd_30T/zhuoyingyang/physact/sam3_robowm/identity_v1/sam_masked_expansion6/crops/Cosmos3_seed101_0036/frame_0015_rank_03.png
Cosmos3_seed101_0036,18,1,2,0.04382667317986488,0.015285479777737082,1.0,True,0.7414825558662415,0.1343138813972473,0.9781392812728882,0.6126646995544434,0.96875,0.9765625,/shared/ssd_30T/zhuoyingyang/physact/sam3_robowm/identity_v1/sam_masked_expansion6/crops/Cosmos3_seed101_0036/frame_0018_rank_01.png,/shared/ssd_30T/zhuoyingyang/physact/sam3_robowm/identity_v1/sam_masked_expansion6/crops/Cosmos3_seed101_0036/frame_0018_rank_02.png
Cosmos3_seed101_0036,18,1,3,0.12800434231758118,0.0,0.0,False,0.7414825558662415,0.152625173330307,0.9781392812728882,0.5669352412223816,0.96875,0.91015625,/shared/ssd_30T/zhuoyingyang/physact/sam3_robowm/identity_v1/sam_masked_expansion6/crops/Cosmos3_seed101_0036/frame_0018_rank_01.png,/shared/ssd_30T/zhuoyingyang/physact/sam3_robowm/identity_v1/sam_masked_expansion6/crops/Cosmos3_seed101_0036/frame_0018_rank_03.png
Cosmos3_seed101_0036,18,2,3,0.1245812475681305,0.0,0.0,False,0.1343138813972473,0.152625173330307,0.6126646995544434,0.5669352412223816,0.9765625,0.91015625,/shared/ssd_30T/zhuoyingyang/physact/sam3_robowm/identity_v1/sam_masked_expansion6/crops/Cosmos3_seed101_0036/frame_0018_rank_02.png,/shared/ssd_30T/zhuoyingyang/physact/sam3_robowm/identity_v1/sam_masked_expansion6/crops/Cosmos3_seed101_0036/frame_0018_rank_03.png
Cosmos3_seed101_0036,21,1,2,0.09782438725233078,0.0,0.0,False,0.7264426946640015,0.1261840611696243,0.971464991569519,0.6362460851669312,0.96875,0.9296875,/shared/ssd_30T/zhuoyingyang/physact/sam3_robowm/identity_v1/sam_masked_expansion6/crops/Cosmos3_seed101_0036/frame_0021_rank_01.png,/shared/ssd_30T/zhuoyingyang/physact/sam3_robowm/identity_v1/sam_masked_expansion6/crops/Cosmos3_seed101_0036/frame_0021_rank_02.png
Cosmos3_seed101_0036,21,1,3,0.11321103572845459,0.0,0.0,False,0.7264426946640015,0.1047561764717102,0.971464991569519,0.6234792470932007,0.96875,0.95703125,/shared/ssd_30T/zhuoyingyang/physact/sam3_robowm/identity_v1/sam_masked_expansion6/crops/Cosmos3_seed101_0036/frame_0021_rank_01.png,/shared/ssd_30T/zhuoyingyang/physact/sam3_robowm/identity_v1/sam_masked_expansion6/crops/Cosmos3_seed101_0036/frame_0021_rank_03.png
Cosmos3_seed101_0036,21,2,3,0.24275507032871246,0.0,0.0,False,0.1261840611696243,0.1047561764717102,0.6362460851669312,0.6234792470932007,0.9296875,0.95703125,/shared/ssd_30T/zhuoyingyang/physact/sam3_robowm/identity_v1/sam_masked_expansion6/crops/Cosmos3_seed101_0036/frame_0021_rank_02.png,/shared/ssd_30T/zhuoyingyang/physact/sam3_robowm/identity_v1/sam_masked_expansion6/crops/Cosmos3_seed101_0036/frame_0021_rank_03.png
Cosmos3_seed101_0036,24,1,2,0.11899569630622864,0.0,0.0,False,0.6902309060096741,0.121747963130474,0.9618104696273804,0.6755380630493164,0.96875,0.96875,/shared/ssd_30T/zhuoyingyang/physact/sam3_robowm/identity_v1/sam_masked_expansion6/crops/Cosmos3_seed101_0036/frame_0024_rank_01.png,/shared/ssd_30T/zhuoyingyang/physact/sam3_robowm/identity_v1/sam_masked_expansion6/crops/Cosmos3_seed101_0036/frame_0024_rank_02.png
Cosmos3_seed101_0036,24,1,3,0.08002254366874695,0.0,0.0,False,0.6902309060096741,0.1072752848267555,0.9618104696273804,0.6474131941795349,0.96875,0.95703125,/shared/ssd_30T/zhuoyingyang/physact/sam3_robowm/identity_v1/sam_masked_expansion6/crops/Cosmos3_seed101_0036/frame_0024_rank_01.png,/shared/ssd_30T/zhuoyingyang/physact/sam3_robowm/identity_v1/sam_masked_expansion6/crops/Cosmos3_seed101_0036/frame_0024_rank_03.png
Cosmos3_seed101_0036,24,2,3,0.3397158086299896,0.0,0.0,False,0.121747963130474,0.1072752848267555,0.6755380630493164,0.6474131941795349,0.96875,0.95703125,/shared/ssd_30T/zhuoyingyang/physact/sam3_robowm/identity_v1/sam_masked_expansion6/crops/Cosmos3_seed101_0036/frame_0024_rank_02.png,/shared/ssd_30T/zhuoyingyang/physact/sam3_robowm/identity_v1/sam_masked_expansion6/crops/Cosmos3_seed101_0036/frame_0024_rank_03.png
Cosmos3_seed101_0036,27,1,2,0.1579274982213974,0.0,0.0,False,0.708381712436676,0.1023445725440979,0.9444425106048584,0.6852535009384155,0.97265625,0.97265625,/shared/ssd_30T/zhuoyingyang/physact/sam3_robowm/identity_v1/sam_masked_expansion6/crops/Cosmos3_seed101_0036/frame_0027_rank_01.png,/shared/ssd_30T/zhuoyingyang/physact/sam3_robowm/identity_v1/sam_masked_expansion6/crops/Cosmos3_seed101_0036/frame_0027_rank_02.png
Cosmos3_seed101_0036,27,1,3,0.016517309471964836,0.0,0.0,False,0.708381712436676,0.1202659010887146,0.9444425106048584,0.6248560547828674,0.97265625,0.93359375,/shared/ssd_30T/zhuoyingyang/physact/sam3_robowm/identity_v1/sam_masked_expansion6/crops/Cosmos3_seed101_0036/frame_0027_rank_01.png,/shared/ssd_30T/zhuoyingyang/physact/sam3_robowm/identity_v1/sam_masked_expansion6/crops/Cosmos3_seed101_0036/frame_0027_rank_03.png
Cosmos3_seed101_0036,27,2,3,0.12627717852592468,0.0,0.0,False,0.1023445725440979,0.1202659010887146,0.6852535009384155,0.6248560547828674,0.97265625,0.93359375,/shared/ssd_30T/zhuoyingyang/physact/sam3_robowm/identity_v1/sam_masked_expansion6/crops/Cosmos3_seed101_0036/frame_0027_rank_02.png,/shared/ssd_30T/zhuoyingyang/physact/sam3_robowm/identity_v1/sam_masked_expansion6/crops/Cosmos3_seed101_0036/frame_0027_rank_03.png
Cosmos3_seed101_0036,30,1,2,0.19408336281776428,0.0,0.0,False,0.7232589721679688,0.1196740865707397,0.9475991725921632,0.6272964477539062,0.97265625,0.9453125,/shared/ssd_30T/zhuoyingyang/physact/sam3_robowm/identity_v1/sam_masked_expansion6/crops/Cosmos3_seed101_0036/frame_0030_rank_01.png,/shared/ssd_30T/zhuoyingyang/physact/sam3_robowm/identity_v1/sam_masked_expansion6/crops/Cosmos3_seed101_0036/frame_0030_rank_02.png
Cosmos3_seed101_0036,30,1,3,0.11354456841945648,0.0,0.0,False,0.7232589721679688,0.1047171875834465,0.9475991725921632,0.6181781888008118,0.97265625,0.9609375,/shared/ssd_30T/zhuoyingyang/physact/sam3_robowm/identity_v1/sam_masked_expansion6/crops/Cosmos3_seed101_0036/frame_0030_rank_01.png,/shared/ssd_30T/zhuoyingyang/physact/sam3_robowm/identity_v1/sam_masked_expansion6/crops/Cosmos3_seed101_0036/frame_0030_rank_03.png
Cosmos3_seed101_0036,30,2,3,0.37450116872787476,0.0,0.0,False,0.1196740865707397,0.1047171875834465,0.6272964477539062,0.6181781888008118,0.9453125,0.9609375,/shared/ssd_30T/zhuoyingyang/physact/sam3_robowm/identity_v1/sam_masked_expansion6/crops/Cosmos3_seed101_0036/frame_0030_rank_02.png,/shared/ssd_30T/zhuoyingyang/physact/sam3_robowm/identity_v1/sam_masked_expansion6/crops/Cosmos3_seed101_0036/frame_0030_rank_03.png
Cosmos3_seed101_0036,33,1,2,0.14508818089962006,0.0,0.0,False,0.6891391277313232,0.1036392971873283,0.954431176185608,0.6298164129257202,0.97265625,0.94140625,/shared/ssd_30T/zhuoyingyang/physact/sam3_robowm/identity_v1/sam_masked_expansion6/crops/Cosmos3_seed101_0036/frame_0033_rank_01.png,/shared/ssd_30T/zhuoyingyang/physact/sam3_robowm/identity_v1/sam_masked_expansion6/crops/Cosmos3_seed101_0036/frame_0033_rank_02.png
Cosmos3_seed101_0036,33,1,3,0.06329608708620071,0.01687099178949295,1.0,True,0.6891391277313232,0.1991778016090393,0.954431176185608,0.6139092445373535,0.97265625,0.98046875,/shared/ssd_30T/zhuoyingyang/physact/sam3_robowm/identity_v1/sam_masked_expansion6/crops/Cosmos3_seed101_0036/frame_0033_rank_01.png,/shared/ssd_30T/zhuoyingyang/physact/sam3_robowm/identity_v1/sam_masked_expansion6/crops/Cosmos3_seed101_0036/frame_0033_rank_03.png
Cosmos3_seed101_0036,33,2,3,0.3489050567150116,0.13252533708622294,0.9942737471659271,True,0.1036392971873283,0.1991778016090393,0.6298164129257202,0.6139092445373535,0.94140625,0.98046875,/shared/ssd_30T/zhuoyingyang/physact/sam3_robowm/identity_v1/sam_masked_expansion6/crops/Cosmos3_seed101_0036/frame_0033_rank_02.png,/shared/ssd_30T/zhuoyingyang/physact/sam3_robowm/identity_v1/sam_masked_expansion6/crops/Cosmos3_seed101_0036/frame_0033_rank_03.png
Cosmos3_seed101_0036,36,1,2,0.17793013155460358,0.0,0.0,False,0.7030346989631653,0.1133821457624435,0.9454455375671388,0.6356267333030701,0.97265625,0.9453125,/shared/ssd_30T/zhuoyingyang/physact/sam3_robowm/identity_v1/sam_masked_expansion6/crops/Cosmos3_seed101_0036/frame_0036_rank_01.png,/shared/ssd_30T/zhuoyingyang/physact/sam3_robowm/identity_v1/sam_masked_expansion6/crops/Cosmos3_seed101_0036/frame_0036_rank_02.png
Cosmos3_seed101_0036,36,1,3,0.07705871760845184,0.017090059110877756,1.0,True,0.7030346989631653,0.1984517127275467,0.9454455375671388,0.6258600950241089,0.97265625,0.98046875,/shared/ssd_30T/zhuoyingyang/physact/sam3_robowm/identity_v1/sam_masked_expansion6/crops/Cosmos3_seed101_0036/frame_0036_rank_01.png,/shared/ssd_30T/zhuoyingyang/physact/sam3_robowm/identity_v1/sam_masked_expansion6/crops/Cosmos3_seed101_0036/frame_0036_rank_03.png
Cosmos3_seed101_0036,36,2,3,0.35723406076431274,0.1349421459425558,0.9938748931114129,True,0.1133821457624435,0.1984517127275467,0.6356267333030701,0.6258600950241089,0.9453125,0.98046875,/shared/ssd_30T/zhuoyingyang/physact/sam3_robowm/identity_v1/sam_masked_expansion6/crops/Cosmos3_seed101_0036/frame_0036_rank_02.png,/shared/ssd_30T/zhuoyingyang/physact/sam3_robowm/identity_v1/sam_masked_expansion6/crops/Cosmos3_seed101_0036/frame_0036_rank_03.png
Cosmos3_seed101_0036,39,1,2,0.13292282819747925,0.0,0.0,False,0.6964224576950073,0.1120434179902076,0.9285288453102112,0.6258050203323364,0.97265625,0.94140625,/shared/ssd_30T/zhuoyingyang/physact/sam3_robowm/identity_v1/sam_masked_expansion6/crops/Cosmos3_seed101_0036/frame_0039_rank_01.png,/shared/ssd_30T/zhuoyingyang/physact/sam3_robowm/identity_v1/sam_masked_expansion6/crops/Cosmos3_seed101_0036/frame_0039_rank_02.png
Cosmos3_seed101_0036,39,1,3,0.05906423181295395,0.01772121910696385,1.0,True,0.6964224576950073,0.1897756308317184,0.9285288453102112,0.6190755367279053,0.97265625,0.97265625,/shared/ssd_30T/zhuoyingyang/physact/sam3_robowm/identity_v1/sam_masked_expansion6/crops/Cosmos3_seed101_0036/frame_0039_rank_01.png,/shared/ssd_30T/zhuoyingyang/physact/sam3_robowm/identity_v1/sam_masked_expansion6/crops/Cosmos3_seed101_0036/frame_0039_rank_03.png
Cosmos3_seed101_0036,39,2,3,0.19032637774944305,0.13863602485525528,0.9941802130006109,True,0.1120434179902076,0.1897756308317184,0.6258050203323364,0.6190755367279053,0.94140625,0.97265625,/shared/ssd_30T/zhuoyingyang/physact/sam3_robowm/identity_v1/sam_masked_expansion6/crops/Cosmos3_seed101_0036/frame_0039_rank_02.png,/shared/ssd_30T/zhuoyingyang/physact/sam3_robowm/identity_v1/sam_masked_expansion6/crops/Cosmos3_seed101_0036/frame_0039_rank_03.png
Cosmos3_seed101_0036,42,1,2,0.0972464382648468,0.0,0.0,False,0.6812334060668945,0.1062544211745262,0.9142216444015504,0.663739025592804,0.97265625,0.96875,/shared/ssd_30T/zhuoyingyang/physact/sam3_robowm/identity_v1/sam_masked_expansion6/crops/Cosmos3_seed101_0036/frame_0042_rank_01.png,/shared/ssd_30T/zhuoyingyang/physact/sam3_robowm/identity_v1/sam_masked_expansion6/crops/Cosmos3_seed101_0036/frame_0042_rank_02.png
Cosmos3_seed101_0036,42,1,3,0.21230706572532654,0.0,0.0,False,0.6812334060668945,0.1409406810998916,0.9142216444015504,0.6253290176391602,0.97265625,0.94140625,/shared/ssd_30T/zhuoyingyang/physact/sam3_robowm/identity_v1/sam_masked_expansion6/crops/Cosmos3_seed101_0036/frame_0042_rank_01.png,/shared/ssd_30T/zhuoyingyang/physact/sam3_robowm/identity_v1/sam_masked_expansion6/crops/Cosmos3_seed101_0036/frame_0042_rank_03.png
Cosmos3_seed101_0036,42,2,3,0.30815526843070984,0.0,0.0,False,0.1062544211745262,0.1409406810998916,0.663739025592804,0.6253290176391602,0.96875,0.94140625,/shared/ssd_30T/zhuoyingyang/physact/sam3_robowm/identity_v1/sam_masked_expansion6/crops/Cosmos3_seed101_0036/frame_0042_rank_02.png,/shared/ssd_30T/zhuoyingyang/physact/sam3_robowm/identity_v1/sam_masked_expansion6/crops/Cosmos3_seed101_0036/frame_0042_rank_03.png
Cosmos3_seed101_0036,45,1,2,0.08272585272789001,0.0,0.0,False,0.6819252371788025,0.1181697025895118,0.7873217463493347,0.6842829585075378,0.97265625,0.96484375,/shared/ssd_30T/zhuoyingyang/physact/sam3_robowm/identity_v1/sam_masked_expansion6/crops/Cosmos3_seed101_0036/frame_0045_rank_01.png,/shared/ssd_30T/zhuoyingyang/physact/sam3_robowm/identity_v1/sam_masked_expansion6/crops/Cosmos3_seed101_0036/frame_0045_rank_02.png
Cosmos3_seed101_0036,45,1,3,0.18485382199287415,0.0,0.0,False,0.6819252371788025,0.1249049007892608,0.7873217463493347,0.6249394416809082,0.97265625,0.94140625,/shared/ssd_30T/zhuoyingyang/physact/sam3_robowm/identity_v1/sam_masked_expansion6/crops/Cosmos3_seed101_0036/frame_0045_rank_01.png,/shared/ssd_30T/zhuoyingyang/physact/sam3_robowm/identity_v1/sam_masked_expansion6/crops/Cosmos3_seed101_0036/frame_0045_rank_03.png
Cosmos3_seed101_0036,45,2,3,0.25426483154296875,0.0,0.0,False,0.1181697025895118,0.1249049007892608,0.6842829585075378,0.6249394416809082,0.96484375,0.94140625,/shared/ssd_30T/zhuoyingyang/physact/sam3_robowm/identity_v1/sam_masked_expansion6/crops/Cosmos3_seed101_0036/frame_0045_rank_02.png,/shared/ssd_30T/zhuoyingyang/physact/sam3_robowm/identity_v1/sam_masked_expansion6/crops/Cosmos3_seed101_0036/frame_0045_rank_03.png
Cosmos3_seed101_0036,48,1,2,0.07201729714870453,0.0,0.0,False,0.6672379970550537,0.1346076875925064,0.8668376207351685,0.6783286333084106,0.97265625,0.96875,/shared/ssd_30T/zhuoyingyang/physact/sam3_robowm/identity_v1/sam_masked_expansion6/crops/Cosmos3_seed101_0036/frame_0048_rank_01.png,/shared/ssd_30T/zhuoyingyang/physact/sam3_robowm/identity_v1/sam_masked_expansion6/crops/Cosmos3_seed101_0036/frame_0048_rank_02.png
Cosmos3_seed101_0036,48,1,3,0.04592511057853699,0.0,0.0,False,0.6672379970550537,0.1274187266826629,0.8668376207351685,0.6419058442115784,0.97265625,0.94140625,/shared/ssd_30T/zhuoyingyang/physact/sam3_robowm/identity_v1/sam_masked_expansion6/crops/Cosmos3_seed101_0036/frame_0048_rank_01.png,/shared/ssd_30T/zhuoyingyang/physact/sam3_robowm/identity_v1/sam_masked_expansion6/crops/Cosmos3_seed101_0036/frame_0048_rank_03.png
Cosmos3_seed101_0036,48,2,3,0.20182634890079498,0.0,0.0,False,0.1346076875925064,0.1274187266826629,0.6783286333084106,0.6419058442115784,0.96875,0.94140625,/shared/ssd_30T/zhuoyingyang/physact/sam3_robowm/identity_v1/sam_masked_expansion6/crops/Cosmos3_seed101_0036/frame_0048_rank_02.png,/shared/ssd_30T/zhuoyingyang/physact/sam3_robowm/identity_v1/sam_masked_expansion6/crops/Cosmos3_seed101_0036/frame_0048_rank_03.png
Cosmos3_seed101_0036,51,1,2,0.13814567029476166,0.012793916469449836,0.02908620767068163,False,0.6687854528427124,0.1131014302372932,0.7584356069564819,0.6645421981811523,0.97265625,0.96875,/shared/ssd_30T/zhuoyingyang/physact/sam3_robowm/identity_v1/sam_masked_expansion6/crops/Cosmos3_seed101_0036/frame_0051_rank_01.png,/shared/ssd_30T/zhuoyingyang/physact/sam3_robowm/identity_v1/sam_masked_expansion6/crops/Cosmos3_seed101_0036/frame_0051_rank_02.png
Cosmos3_seed101_0036,51,1,3,0.15414927899837494,0.0,0.0,False,0.6687854528427124,0.1378577351570129,0.7584356069564819,0.6314727067947388,0.97265625,0.93359375,/shared/ssd_30T/zhuoyingyang/physact/sam3_robowm/identity_v1/sam_masked_expansion6/crops/Cosmos3_seed101_0036/frame_0051_rank_01.png,/shared/ssd_30T/zhuoyingyang/physact/sam3_robowm/identity_v1/sam_masked_expansion6/crops/Cosmos3_seed101_0036/frame_0051_rank_03.png
Cosmos3_seed101_0036,51,2,3,0.1829407513141632,0.0,0.0,False,0.1131014302372932,0.1378577351570129,0.6645421981811523,0.6314727067947388,0.96875,0.93359375,/shared/ssd_30T/zhuoyingyang/physact/sam3_robowm/identity_v1/sam_masked_expansion6/crops/Cosmos3_seed101_0036/frame_0051_rank_02.png,/shared/ssd_30T/zhuoyingyang/physact/sam3_robowm/identity_v1/sam_masked_expansion6/crops/Cosmos3_seed101_0036/frame_0051_rank_03.png
Cosmos3_seed101_0036,54,1,2,0.22890068590641022,0.047790205770922675,0.10697928266131598,False,0.6119878888130188,0.1362068355083465,0.7750155925750732,0.7036523222923279,0.97265625,0.96484375,/shared/ssd_30T/zhuoyingyang/physact/sam3_robowm/identity_v1/sam_masked_expansion6/crops/Cosmos3_seed101_0036/frame_0054_rank_01.png,/shared/ssd_30T/zhuoyingyang/physact/sam3_robowm/identity_v1/sam_masked_expansion6/crops/Cosmos3_seed101_0036/frame_0054_rank_02.png
Cosmos3_seed101_0036,54,1,3,0.15825706720352173,0.0,0.0,False,0.6119878888130188,0.1605609059333801,0.7750155925750732,0.6350023746490479,0.97265625,0.9375,/shared/ssd_30T/zhuoyingyang/physact/sam3_robowm/identity_v1/sam_masked_expansion6/crops/Cosmos3_seed101_0036/frame_0054_rank_01.png,/shared/ssd_30T/zhuoyingyang/physact/sam3_robowm/identity_v1/sam_masked_expansion6/crops/Cosmos3_seed101_0036/frame_0054_rank_03.png
Cosmos3_seed101_0036,54,2,3,0.2461138367652893,0.0,0.0,False,0.1362068355083465,0.1605609059333801,0.7036523222923279,0.6350023746490479,0.96484375,0.9375,/shared/ssd_30T/zhuoyingyang/physact/sam3_robowm/identity_v1/sam_masked_expansion6/crops/Cosmos3_seed101_0036/frame_0054_rank_02.png,/shared/ssd_30T/zhuoyingyang/physact/sam3_robowm/identity_v1/sam_masked_expansion6/crops/Cosmos3_seed101_0036/frame_0054_rank_03.png
Cosmos3_seed101_0036,57,1,2,0.24448907375335693,0.04066963202216722,0.08884280305875038,False,0.6011360883712769,0.1404992789030075,0.7684042453765869,0.7182357311248779,0.97265625,0.9609375,/shared/ssd_30T/zhuoyingyang/physact/sam3_robowm/identity_v1/sam_masked_expansion6/crops/Cosmos3_seed101_0036/frame_0057_rank_01.png,/shared/ssd_30T/zhuoyingyang/physact/sam3_robowm/identity_v1/sam_masked_expansion6/crops/Cosmos3_seed101_0036/frame_0057_rank_02.png
Cosmos3_seed101_0036,57,1,3,0.18091228604316711,0.0,0.0,False,0.6011360883712769,0.1565444469451904,0.7684042453765869,0.6405933499336243,0.97265625,0.94140625,/shared/ssd_30T/zhuoyingyang/physact/sam3_robowm/identity_v1/sam_masked_expansion6/crops/Cosmos3_seed101_0036/frame_0057_rank_01.png,/shared/ssd_30T/zhuoyingyang/physact/sam3_robowm/identity_v1/sam_masked_expansion6/crops/Cosmos3_seed101_0036/frame_0057_rank_03.png
Cosmos3_seed101_0036,57,2,3,0.1840222328901291,0.0,0.0,False,0.1404992789030075,0.1565444469451904,0.7182357311248779,0.6405933499336243,0.9609375,0.94140625,/shared/ssd_30T/zhuoyingyang/physact/sam3_robowm/identity_v1/sam_masked_expansion6/crops/Cosmos3_seed101_0036/frame_0057_rank_02.png,/shared/ssd_30T/zhuoyingyang/physact/sam3_robowm/identity_v1/sam_masked_expansion6/crops/Cosmos3_seed101_0036/frame_0057_rank_03.png
Cosmos3_seed101_0036,60,1,2,0.23567943274974823,0.03630519413698931,0.07898274804822329,False,0.6366235613822937,0.117273986339569,0.8262524604797363,0.6992502212524414,0.97265625,0.9609375,/shared/ssd_30T/zhuoyingyang/physact/sam3_robowm/identity_v1/sam_masked_expansion6/crops/Cosmos3_seed101_0036/frame_0060_rank_01.png,/shared/ssd_30T/zhuoyingyang/physact/sam3_robowm/identity_v1/sam_masked_expansion6/crops/Cosmos3_seed101_0036/frame_0060_rank_02.png
Cosmos3_seed101_0036,60,1,3,0.2983722686767578,0.0,0.0,False,0.6366235613822937,0.1521485298871994,0.8262524604797363,0.634068489074707,0.97265625,0.9375,/shared/ssd_30T/zhuoyingyang/physact/sam3_robowm/identity_v1/sam_masked_expansion6/crops/Cosmos3_seed101_0036/frame_0060_rank_01.png,/shared/ssd_30T/zhuoyingyang/physact/sam3_robowm/identity_v1/sam_masked_expansion6/crops/Cosmos3_seed101_0036/frame_0060_rank_03.png
Cosmos3_seed101_0036,60,2,3,0.24808353185653687,0.0,0.0,False,0.117273986339569,0.1521485298871994,0.6992502212524414,0.634068489074707,0.9609375,0.9375,/shared/ssd_30T/zhuoyingyang/physact/sam3_robowm/identity_v1/sam_masked_expansion6/crops/Cosmos3_seed101_0036/frame_0060_rank_02.png,/shared/ssd_30T/zhuoyingyang/physact/sam3_robowm/identity_v1/sam_masked_expansion6/crops/Cosmos3_seed101_0036/frame_0060_rank_03.png
Cosmos3_seed101_0036,63,1,2,0.15964673459529877,0.043335010789355595,0.09243877305538567,False,0.6162049174308777,0.1476301401853561,0.7620935440063477,0.7170035243034363,0.97265625,0.9609375,/shared/ssd_30T/zhuoyingyang/physact/sam3_robowm/identity_v1/sam_masked_expansion6/crops/Cosmos3_seed101_0036/frame_0063_rank_01.png,/shared/ssd_30T/zhuoyingyang/physact/sam3_robowm/identity_v1/sam_masked_expansion6/crops/Cosmos3_seed101_0036/frame_0063_rank_02.png
Cosmos3_seed101_0036,63,1,3,0.07827955484390259,0.0,0.0,False,0.6162049174308777,0.1301332861185073,0.7620935440063477,0.6261377930641174,0.97265625,0.9453125,/shared/ssd_30T/zhuoyingyang/physact/sam3_robowm/identity_v1/sam_masked_expansion6/crops/Cosmos3_seed101_0036/frame_0063_rank_01.png,/shared/ssd_30T/zhuoyingyang/physact/sam3_robowm/identity_v1/sam_masked_expansion6/crops/Cosmos3_seed101_0036/frame_0063_rank_03.png
Cosmos3_seed101_0036,63,2,3,0.2056523561477661,0.0,0.0,False,0.1476301401853561,0.1301332861185073,0.7170035243034363,0.6261377930641174,0.9609375,0.9453125,/shared/ssd_30T/zhuoyingyang/physact/sam3_robowm/identity_v1/sam_masked_expansion6/crops/Cosmos3_seed101_0036/frame_0063_rank_02.png,/shared/ssd_30T/zhuoyingyang/physact/sam3_robowm/identity_v1/sam_masked_expansion6/crops/Cosmos3_seed101_0036/frame_0063_rank_03.png
Cosmos3_seed101_0036,66,1,2,0.1546345353126526,0.04427933529808422,0.09408722216533583,False,0.6295642852783203,0.1407654285430908,0.763396680355072,0.6857596635818481,0.96875,0.9609375,/shared/ssd_30T/zhuoyingyang/physact/sam3_robowm/identity_v1/sam_masked_expansion6/crops/Cosmos3_seed101_0036/frame_0066_rank_01.png,/shared/ssd_30T/zhuoyingyang/physact/sam3_robowm/identity_v1/sam_masked_expansion6/crops/Cosmos3_seed101_0036/frame_0066_rank_02.png
Cosmos3_seed101_0036,66,1,3,0.29003003239631653,0.0,0.0,False,0.6295642852783203,0.1497754752635955,0.763396680355072,0.6275861859321594,0.96875,0.9453125,/shared/ssd_30T/zhuoyingyang/physact/sam3_robowm/identity_v1/sam_masked_expansion6/crops/Cosmos3_seed101_0036/frame_0066_rank_01.png,/shared/ssd_30T/zhuoyingyang/physact/sam3_robowm/identity_v1/sam_masked_expansion6/crops/Cosmos3_seed101_0036/frame_0066_rank_03.png
Cosmos3_seed101_0036,66,2,3,0.3172871470451355,0.0,0.0,False,0.1407654285430908,0.1497754752635955,0.6857596635818481,0.6275861859321594,0.9609375,0.9453125,/shared/ssd_30T/zhuoyingyang/physact/sam3_robowm/identity_v1/sam_masked_expansion6/crops/Cosmos3_seed101_0036/frame_0066_rank_02.png,/shared/ssd_30T/zhuoyingyang/physact/sam3_robowm/identity_v1/sam_masked_expansion6/crops/Cosmos3_seed101_0036/frame_0066_rank_03.png
Cosmos3_seed101_0036,69,1,2,0.2937520444393158,0.06098713072185444,0.12692913789933116,False,0.6117658019065857,0.1435516774654388,0.7632696628570557,0.7001171708106995,0.96875,0.96484375,/shared/ssd_30T/zhuoyingyang/physact/sam3_robowm/identity_v1/sam_masked_expansion6/crops/Cosmos3_seed101_0036/frame_0069_rank_01.png,/shared/ssd_30T/zhuoyingyang/physact/sam3_robowm/identity_v1/sam_masked_expansion6/crops/Cosmos3_seed101_0036/frame_0069_rank_02.png
Cosmos3_seed101_0036,69,1,3,0.2961769700050354,0.0,0.0,False,0.6117658019065857,0.1444661915302276,0.7632696628570557,0.6334230303764343,0.96875,0.9453125,/shared/ssd_30T/zhuoyingyang/physact/sam3_robowm/identity_v1/sam_masked_expansion6/crops/Cosmos3_seed101_0036/frame_0069_rank_01.png,/shared/ssd_30T/zhuoyingyang/physact/sam3_robowm/identity_v1/sam_masked_expansion6/crops/Cosmos3_seed101_0036/frame_0069_rank_03.png
Cosmos3_seed101_0036,69,2,3,0.27274584770202637,0.0,0.0,False,0.1435516774654388,0.1444661915302276,0.7001171708106995,0.6334230303764343,0.96484375,0.9453125,/shared/ssd_30T/zhuoyingyang/physact/sam3_robowm/identity_v1/sam_masked_expansion6/crops/Cosmos3_seed101_0036/frame_0069_rank_02.png,/shared/ssd_30T/zhuoyingyang/physact/sam3_robowm/identity_v1/sam_masked_expansion6/crops/Cosmos3_seed101_0036/frame_0069_rank_03.png
Cosmos3_seed101_0036,72,1,2,0.22385503351688385,0.40337264454721294,0.9994107016945837,True,0.4619073569774627,0.1415100246667862,0.7869874835014343,0.7703617811203003,0.97265625,0.97265625,/shared/ssd_30T/zhuoyingyang/physact/sam3_robowm/identity_v1/sam_masked_expansion6/crops/Cosmos3_seed101_0036/frame_0072_rank_01.png,/shared/ssd_30T/zhuoyingyang/physact/sam3_robowm/identity_v1/sam_masked_expansion6/crops/Cosmos3_seed101_0036/frame_0072_rank_02.png
Cosmos3_seed101_0036,72,1,3,0.26727840304374695,0.04349728769805826,0.09078746883642332,False,0.4619073569774627,0.1572314202785492,0.7869874835014343,0.6567376852035522,0.97265625,0.9609375,/shared/ssd_30T/zhuoyingyang/physact/sam3_robowm/identity_v1/sam_masked_expansion6/crops/Cosmos3_seed101_0036/frame_0072_rank_01.png,/shared/ssd_30T/zhuoyingyang/physact/sam3_robowm/identity_v1/sam_masked_expansion6/crops/Cosmos3_seed101_0036/frame_0072_rank_03.png
Cosmos3_seed101_0036,72,2,3,0.3638726770877838,0.47411803870262464,0.9979422872919395,True,0.1415100246667862,0.1572314202785492,0.7703617811203003,0.6567376852035522,0.97265625,0.9609375,/shared/ssd_30T/zhuoyingyang/physact/sam3_robowm/identity_v1/sam_masked_expansion6/crops/Cosmos3_seed101_0036/frame_0072_rank_02.png,/shared/ssd_30T/zhuoyingyang/physact/sam3_robowm/identity_v1/sam_masked_expansion6/crops/Cosmos3_seed101_0036/frame_0072_rank_03.png
Cosmos3_seed101_0036,75,1,2,0.5043860673904419,0.4000267067198129,1.0,True,0.4105283915996551,0.1519294381141662,0.8663917779922485,0.772330105304718,0.97265625,0.97265625,/shared/ssd_30T/zhuoyingyang/physact/sam3_robowm/identity_v1/sam_masked_expansion6/crops/Cosmos3_seed101_0036/frame_0075_rank_01.png,/shared/ssd_30T/zhuoyingyang/physact/sam3_robowm/identity_v1/sam_masked_expansion6/crops/Cosmos3_seed101_0036/frame_0075_rank_02.png
Cosmos3_seed101_0036,75,1,3,0.2649900019168854,0.1873241459578097,1.0,True,0.4105283915996551,0.1160307303071022,0.8663917779922485,0.6584928035736084,0.97265625,0.9453125,/shared/ssd_30T/zhuoyingyang/physact/sam3_robowm/identity_v1/sam_masked_expansion6/crops/Cosmos3_seed101_0036/frame_0075_rank_01.png,/shared/ssd_30T/zhuoyingyang/physact/sam3_robowm/identity_v1/sam_masked_expansion6/crops/Cosmos3_seed101_0036/frame_0075_rank_03.png
Cosmos3_seed101_0036,75,2,3,0.5250296592712402,0.45626630408014784,0.982384356921405,True,0.1519294381141662,0.1160307303071022,0.772330105304718,0.6584928035736084,0.97265625,0.9453125,/shared/ssd_30T/zhuoyingyang/physact/sam3_robowm/identity_v1/sam_masked_expansion6/crops/Cosmos3_seed101_0036/frame_0075_rank_02.png,/shared/ssd_30T/zhuoyingyang/physact/sam3_robowm/identity_v1/sam_masked_expansion6/crops/Cosmos3_seed101_0036/frame_0075_rank_03.png
Cosmos3_seed101_0036,78,1,2,0.24174156785011292,0.18153944357014018,1.0,True,0.4438865482807159,0.1120183020830154,0.8604122996330261,0.6492936611175537,0.96875,0.94140625,/shared/ssd_30T/zhuoyingyang/physact/sam3_robowm/identity_v1/sam_masked_expansion6/crops/Cosmos3_seed101_0036/frame_0078_rank_01.png,/shared/ssd_30T/zhuoyingyang/physact/sam3_robowm/identity_v1/sam_masked_expansion6/crops/Cosmos3_seed101_0036/frame_0078_rank_02.png
Cosmos3_seed101_0036,78,1,3,0.2931177020072937,0.0,0.0,False,0.4438865482807159,0.1647254973649978,0.8604122996330261,0.6305088996887207,0.96875,0.9609375,/shared/ssd_30T/zhuoyingyang/physact/sam3_robowm/identity_v1/sam_masked_expansion6/crops/Cosmos3_seed101_0036/frame_0078_rank_01.png,/shared/ssd_30T/zhuoyingyang/physact/sam3_robowm/identity_v1/sam_masked_expansion6/crops/Cosmos3_seed101_0036/frame_0078_rank_03.png
Cosmos3_seed101_0036,78,2,3,0.24370387196540833,0.0,0.0,False,0.1120183020830154,0.1647254973649978,0.6492936611175537,0.6305088996887207,0.94140625,0.9609375,/shared/ssd_30T/zhuoyingyang/physact/sam3_robowm/identity_v1/sam_masked_expansion6/crops/Cosmos3_seed101_0036/frame_0078_rank_02.png,/shared/ssd_30T/zhuoyingyang/physact/sam3_robowm/identity_v1/sam_masked_expansion6/crops/Cosmos3_seed101_0036/frame_0078_rank_03.png
Cosmos3_seed101_0036,81,1,2,0.27485719323158264,0.1411038423710299,0.3220370326435346,False,0.4398734867572784,0.1457183957099914,0.8515503406524658,0.6928380727767944,0.96875,0.95703125,/shared/ssd_30T/zhuoyingyang/physact/sam3_robowm/identity_v1/sam_masked_expansion6/crops/Cosmos3_seed101_0036/frame_0081_rank_01.png,/shared/ssd_30T/zhuoyingyang/physact/sam3_robowm/identity_v1/sam_masked_expansion6/crops/Cosmos3_seed101_0036/frame_0081_rank_02.png
Cosmos3_seed101_0036,81,1,3,0.2101702094078064,0.17788173883698094,1.0,True,0.4398734867572784,0.1334609389305114,0.8515503406524658,0.6533570885658264,0.96875,0.94921875,/shared/ssd_30T/zhuoyingyang/physact/sam3_robowm/identity_v1/sam_masked_expansion6/crops/Cosmos3_seed101_0036/frame_0081_rank_01.png,/shared/ssd_30T/zhuoyingyang/physact/sam3_robowm/identity_v1/sam_masked_expansion6/crops/Cosmos3_seed101_0036/frame_0081_rank_03.png
Cosmos3_seed101_0036,81,2,3,0.33724942803382874,0.28462902629452885,0.9979600413342444,True,0.1457183957099914,0.1334609389305114,0.6928380727767944,0.6533570885658264,0.95703125,0.94921875,/shared/ssd_30T/zhuoyingyang/physact/sam3_robowm/identity_v1/sam_masked_expansion6/crops/Cosmos3_seed101_0036/frame_0081_rank_02.png,/shared/ssd_30T/zhuoyingyang/physact/sam3_robowm/identity_v1/sam_masked_expansion6/crops/Cosmos3_seed101_0036/frame_0081_rank_03.png
Cosmos3_seed101_0036,84,1,2,0.3096623122692108,0.37649851540386725,1.0,True,0.3753986954689026,0.1494137644767761,0.8356245756149292,0.7962071895599365,0.96875,0.96875,/shared/ssd_30T/zhuoyingyang/physact/sam3_robowm/identity_v1/sam_masked_expansion6/crops/Cosmos3_seed101_0036/frame_0084_rank_01.png,/shared/ssd_30T/zhuoyingyang/physact/sam3_robowm/identity_v1/sam_masked_expansion6/crops/Cosmos3_seed101_0036/frame_0084_rank_02.png
Cosmos3_seed101_0036,84,1,3,0.26289305090904236,0.18098746406944136,1.0,True,0.3753986954689026,0.1111185029149055,0.8356245756149292,0.6565569639205933,0.96875,0.94140625,/shared/ssd_30T/zhuoyingyang/physact/sam3_robowm/identity_v1/sam_masked_expansion6/crops/Cosmos3_seed101_0036/frame_0084_rank_01.png,/shared/ssd_30T/zhuoyingyang/physact/sam3_robowm/identity_v1/sam_masked_expansion6/crops/Cosmos3_seed101_0036/frame_0084_rank_03.png
Cosmos3_seed101_0036,84,2,3,0.5826539397239685,0.48010746697095313,0.9991499374419052,True,0.1494137644767761,0.1111185029149055,0.7962071895599365,0.6565569639205933,0.96875,0.94140625,/shared/ssd_30T/zhuoyingyang/physact/sam3_robowm/identity_v1/sam_masked_expansion6/crops/Cosmos3_seed101_0036/frame_0084_rank_02.png,/shared/ssd_30T/zhuoyingyang/physact/sam3_robowm/identity_v1/sam_masked_expansion6/crops/Cosmos3_seed101_0036/frame_0084_rank_03.png
Cosmos3_seed101_0036,87,1,2,0.40308839082717896,0.41062084768267726,1.0,True,0.3831553161144256,0.1027501598000526,0.8476086854934692,0.7999672889709473,0.96875,0.97265625,/shared/ssd_30T/zhuoyingyang/physact/sam3_robowm/identity_v1/sam_masked_expansion6/crops/Cosmos3_seed101_0036/frame_0087_rank_01.png,/shared/ssd_30T/zhuoyingyang/physact/sam3_robowm/identity_v1/sam_masked_expansion6/crops/Cosmos3_seed101_0036/frame_0087_rank_02.png
Cosmos3_seed101_0036,87,1,3,0.40164661407470703,0.10249971529101527,0.2059118392807738,False,0.3831553161144256,0.1353378593921661,0.8476086854934692,0.6952250003814697,0.96875,0.94921875,/shared/ssd_30T/zhuoyingyang/physact/sam3_robowm/identity_v1/sam_masked_expansion6/crops/Cosmos3_seed101_0036/frame_0087_rank_01.png,/shared/ssd_30T/zhuoyingyang/physact/sam3_robowm/identity_v1/sam_masked_expansion6/crops/Cosmos3_seed101_0036/frame_0087_rank_03.png
Cosmos3_seed101_0036,87,2,3,0.5224712491035461,0.49537795376228205,0.9953752607069654,True,0.1027501598000526,0.1353378593921661,0.7999672889709473,0.6952250003814697,0.97265625,0.94921875,/shared/ssd_30T/zhuoyingyang/physact/sam3_robowm/identity_v1/sam_masked_expansion6/crops/Cosmos3_seed101_0036/frame_0087_rank_02.png,/shared/ssd_30T/zhuoyingyang/physact/sam3_robowm/identity_v1/sam_masked_expansion6/crops/Cosmos3_seed101_0036/frame_0087_rank_03.png
Cosmos3_seed101_0036,90,1,2,0.40921199321746826,0.44261415824880707,1.0,True,0.3960023522377014,0.1276450008153915,0.7793889045715332,0.7616908550262451,0.96484375,0.97265625,/shared/ssd_30T/zhuoyingyang/physact/sam3_robowm/identity_v1/sam_masked_expansion6/crops/Cosmos3_seed101_0036/frame_0090_rank_01.png,/shared/ssd_30T/zhuoyingyang/physact/sam3_robowm/identity_v1/sam_masked_expansion6/crops/Cosmos3_seed101_0036/frame_0090_rank_02.png
Cosmos3_seed101_0036,90,1,3,0.29021361470222473,0.10097415374513131,0.18459125740583873,False,0.3960023522377014,0.1749231815338134,0.7793889045715332,0.6737013459205627,0.96484375,0.9609375,/shared/ssd_30T/zhuoyingyang/physact/sam3_robowm/identity_v1/sam_masked_expansion6/crops/Cosmos3_seed101_0036/frame_0090_rank_01.png,/shared/ssd_30T/zhuoyingyang/physact/sam3_robowm/identity_v1/sam_masked_expansion6/crops/Cosmos3_seed101_0036/frame_0090_rank_03.png
Cosmos3_seed101_0036,90,2,3,0.4517703056335449,0.4440736675210912,0.9935737350602611,True,0.1276450008153915,0.1749231815338134,0.7616908550262451,0.6737013459205627,0.97265625,0.9609375,/shared/ssd_30T/zhuoyingyang/physact/sam3_robowm/identity_v1/sam_masked_expansion6/crops/Cosmos3_seed101_0036/frame_0090_rank_02.png,/shared/ssd_30T/zhuoyingyang/physact/sam3_robowm/identity_v1/sam_masked_expansion6/crops/Cosmos3_seed101_0036/frame_0090_rank_03.png
Cosmos3_seed101_0036,93,1,2,0.38783663511276245,0.4333228846735268,1.0,True,0.5266373753547668,0.1223022267222404,0.8294734358787537,0.7769557237625122,0.96875,0.97265625,/shared/ssd_30T/zhuoyingyang/physact/sam3_robowm/identity_v1/sam_masked_expansion6/crops/Cosmos3_seed101_0036/frame_0093_rank_01.png,/shared/ssd_30T/zhuoyingyang/physact/sam3_robowm/identity_v1/sam_masked_expansion6/crops/Cosmos3_seed101_0036/frame_0093_rank_02.png
Cosmos3_seed101_0036,93,1,3,0.43922245502471924,0.12293521905427397,0.23370084854398698,False,0.5266373753547668,0.1358881592750549,0.8294734358787537,0.6675782203674316,0.96875,0.95703125,/shared/ssd_30T/zhuoyingyang/physact/sam3_robowm/identity_v1/sam_masked_expansion6/crops/Cosmos3_seed101_0036/frame_0093_rank_01.png,/shared/ssd_30T/zhuoyingyang/physact/sam3_robowm/identity_v1/sam_masked_expansion6/crops/Cosmos3_seed101_0036/frame_0093_rank_03.png
Cosmos3_seed101_0036,93,2,3,0.4539756774902344,0.48553801217220977,0.9915702677564429,True,0.1223022267222404,0.1358881592750549,0.7769557237625122,0.6675782203674316,0.97265625,0.95703125,/shared/ssd_30T/zhuoyingyang/physact/sam3_robowm/identity_v1/sam_masked_expansion6/crops/Cosmos3_seed101_0036/frame_0093_rank_02.png,/shared/ssd_30T/zhuoyingyang/physact/sam3_robowm/identity_v1/sam_masked_expansion6/crops/Cosmos3_seed101_0036/frame_0093_rank_03.png
Cosmos3_seed101_0036,96,1,2,0.3118515908718109,0.4315614785173008,1.0,True,0.4313760697841644,0.1289995610713958,0.7921823859214783,0.7878473997116089,0.96875,0.97265625,/shared/ssd_30T/zhuoyingyang/physact/sam3_robowm/identity_v1/sam_masked_expansion6/crops/Cosmos3_seed101_0036/frame_0096_rank_01.png,/shared/ssd_30T/zhuoyingyang/physact/sam3_robowm/identity_v1/sam_masked_expansion6/crops/Cosmos3_seed101_0036/frame_0096_rank_02.png
Cosmos3_seed101_0036,96,1,3,0.3865976631641388,0.10525853852521162,0.1979493309529781,False,0.4313760697841644,0.14007169008255,0.7921823859214783,0.6717976331710815,0.96875,0.953125,/shared/ssd_30T/zhuoyingyang/physact/sam3_robowm/identity_v1/sam_masked_expansion6/crops/Cosmos3_seed101_0036/frame_0096_rank_01.png,/shared/ssd_30T/zhuoyingyang/physact/sam3_robowm/identity_v1/sam_masked_expansion6/crops/Cosmos3_seed101_0036/frame_0096_rank_03.png
Cosmos3_seed101_0036,96,2,3,0.4444575905799866,0.46238637310369934,0.9954832513231101,True,0.1289995610713958,0.14007169008255,0.7878473997116089,0.6717976331710815,0.97265625,0.953125,/shared/ssd_30T/zhuoyingyang/physact/sam3_robowm/identity_v1/sam_masked_expansion6/crops/Cosmos3_seed101_0036/frame_0096_rank_02.png,/shared/ssd_30T/zhuoyingyang/physact/sam3_robowm/identity_v1/sam_masked_expansion6/crops/Cosmos3_seed101_0036/frame_0096_rank_03.png
Cosmos3_seed101_0036,99,1,2,0.3188358247280121,0.4311215524816529,1.0,True,0.3965822756290436,0.1291162222623825,0.8661957383155823,0.7729713320732117,0.96484375,0.96484375,/shared/ssd_30T/zhuoyingyang/physact/sam3_robowm/identity_v1/sam_masked_expansion6/crops/Cosmos3_seed101_0036/frame_0099_rank_01.png,/shared/ssd_30T/zhuoyingyang/physact/sam3_robowm/identity_v1/sam_masked_expansion6/crops/Cosmos3_seed101_0036/frame_0099_rank_02.png
Cosmos3_seed101_0036,99,1,3,0.3771517276763916,0.09828428928105441,0.1856578720287716,False,0.3965822756290436,0.1533486992120742,0.8661957383155823,0.6657558083534241,0.96484375,0.9453125,/shared/ssd_30T/zhuoyingyang/physact/sam3_robowm/identity_v1/sam_masked_expansion6/crops/Cosmos3_seed101_0036/frame_0099_rank_01.png,/shared/ssd_30T/zhuoyingyang/physact/sam3_robowm/identity_v1/sam_masked_expansion6/crops/Cosmos3_seed101_0036/frame_0099_rank_03.png
Cosmos3_seed101_0036,99,2,3,0.38784685730934143,0.4579948583938356,0.9921416491643904,True,0.1291162222623825,0.1533486992120742,0.7729713320732117,0.6657558083534241,0.96484375,0.9453125,/shared/ssd_30T/zhuoyingyang/physact/sam3_robowm/identity_v1/sam_masked_expansion6/crops/Cosmos3_seed101_0036/frame_0099_rank_02.png,/shared/ssd_30T/zhuoyingyang/physact/sam3_robowm/identity_v1/sam_masked_expansion6/crops/Cosmos3_seed101_0036/frame_0099_rank_03.png
Cosmos3_seed101_0036,102,1,2,0.2838573455810547,0.44532097052184605,1.0,True,0.4596761465072632,0.1774390339851379,0.8121835589408875,0.7814850807189941,0.96875,0.96875,/shared/ssd_30T/zhuoyingyang/physact/sam3_robowm/identity_v1/sam_masked_expansion6/crops/Cosmos3_seed101_0036/frame_0102_rank_01.png,/shared/ssd_30T/zhuoyingyang/physact/sam3_robowm/identity_v1/sam_masked_expansion6/crops/Cosmos3_seed101_0036/frame_0102_rank_02.png
Cosmos3_seed101_0036,102,1,3,0.30182984471321106,0.09212073739324976,0.17042328076377958,False,0.4596761465072632,0.1658219546079635,0.8121835589408875,0.6797472238540649,0.96875,0.95703125,/shared/ssd_30T/zhuoyingyang/physact/sam3_robowm/identity_v1/sam_masked_expansion6/crops/Cosmos3_seed101_0036/frame_0102_rank_01.png,/shared/ssd_30T/zhuoyingyang/physact/sam3_robowm/identity_v1/sam_masked_expansion6/crops/Cosmos3_seed101_0036/frame_0102_rank_03.png
Cosmos3_seed101_0036,102,2,3,0.4495454728603363,0.45251192867502793,0.9971160194016445,True,0.1774390339851379,0.1658219546079635,0.7814850807189941,0.6797472238540649,0.96875,0.95703125,/shared/ssd_30T/zhuoyingyang/physact/sam3_robowm/identity_v1/sam_masked_expansion6/crops/Cosmos3_seed101_0036/frame_0102_rank_02.png,/shared/ssd_30T/zhuoyingyang/physact/sam3_robowm/identity_v1/sam_masked_expansion6/crops/Cosmos3_seed101_0036/frame_0102_rank_03.png
Cosmos3_seed101_0036,105,1,2,0.43437424302101135,0.4825201246097894,1.0,True,0.3892978727817535,0.1476151943206787,0.860623836517334,0.7772940397262573,0.96875,0.96484375,/shared/ssd_30T/zhuoyingyang/physact/sam3_robowm/identity_v1/sam_masked_expansion6/crops/Cosmos3_seed101_0036/frame_0105_rank_01.png,/shared/ssd_30T/zhuoyingyang/physact/sam3_robowm/identity_v1/sam_masked_expansion6/crops/Cosmos3_seed101_0036/frame_0105_rank_02.png
Cosmos3_seed101_0036,105,1,3,0.3488604724407196,0.10011032387705822,0.18831730282185166,False,0.3892978727817535,0.1631916761398315,0.860623836517334,0.6886386871337891,0.96875,0.953125,/shared/ssd_30T/zhuoyingyang/physact/sam3_robowm/identity_v1/sam_masked_expansion6/crops/Cosmos3_seed101_0036/frame_0105_rank_01.png,/shared/ssd_30T/zhuoyingyang/physact/sam3_robowm/identity_v1/sam_masked_expansion6/crops/Cosmos3_seed101_0036/frame_0105_rank_03.png
Cosmos3_seed101_0036,105,2,3,0.412002295255661,0.44716436898016276,0.9938193985349798,True,0.1476151943206787,0.1631916761398315,0.7772940397262573,0.6886386871337891,0.96484375,0.953125,/shared/ssd_30T/zhuoyingyang/physact/sam3_robowm/identity_v1/sam_masked_expansion6/crops/Cosmos3_seed101_0036/frame_0105_rank_02.png,/shared/ssd_30T/zhuoyingyang/physact/sam3_robowm/identity_v1/sam_masked_expansion6/crops/Cosmos3_seed101_0036/frame_0105_rank_03.png
Cosmos3_seed101_0036,108,1,2,0.42000147700309753,0.13674501054365507,0.2498546397398992,False,0.4911715090274811,0.1641345471143722,0.8373710513114929,0.6810139417648315,0.96875,0.9453125,/shared/ssd_30T/zhuoyingyang/physact/sam3_robowm/identity_v1/sam_masked_expansion6/crops/Cosmos3_seed101_0036/frame_0108_rank_01.png,/shared/ssd_30T/zhuoyingyang/physact/sam3_robowm/identity_v1/sam_masked_expansion6/crops/Cosmos3_seed101_0036/frame_0108_rank_02.png
Cosmos3_seed101_0036,108,1,3,0.26817846298217773,0.0,0.0,False,0.4911715090274811,0.2720279693603515,0.8373710513114929,0.6259990930557251,0.96875,0.93359375,/shared/ssd_30T/zhuoyingyang/physact/sam3_robowm/identity_v1/sam_masked_expansion6/crops/Cosmos3_seed101_0036/frame_0108_rank_01.png,/shared/ssd_30T/zhuoyingyang/physact/sam3_robowm/identity_v1/sam_masked_expansion6/crops/Cosmos3_seed101_0036/frame_0108_rank_03.png
Cosmos3_seed101_0036,108,2,3,0.20870466530323029,0.0,0.0,False,0.1641345471143722,0.2720279693603515,0.6810139417648315,0.6259990930557251,0.9453125,0.93359375,/shared/ssd_30T/zhuoyingyang/physact/sam3_robowm/identity_v1/sam_masked_expansion6/crops/Cosmos3_seed101_0036/frame_0108_rank_02.png,/shared/ssd_30T/zhuoyingyang/physact/sam3_robowm/identity_v1/sam_masked_expansion6/crops/Cosmos3_seed101_0036/frame_0108_rank_03.png
Cosmos3_seed101_0036,111,1,2,0.4104412794113159,0.4554101952072388,1.0,True,0.4427159428596496,0.1952971220016479,0.7601147890090942,0.7476798892021179,0.96875,0.96875,/shared/ssd_30T/zhuoyingyang/physact/sam3_robowm/identity_v1/sam_masked_expansion6/crops/Cosmos3_seed101_0036/frame_0111_rank_01.png,/shared/ssd_30T/zhuoyingyang/physact/sam3_robowm/identity_v1/sam_masked_expansion6/crops/Cosmos3_seed101_0036/frame_0111_rank_02.png
Cosmos3_seed101_0036,111,1,3,0.37055331468582153,0.0981247709240894,0.1831089704721159,False,0.4427159428596496,0.1467357873916626,0.7601147890090942,0.6743949055671692,0.96875,0.95703125,/shared/ssd_30T/zhuoyingyang/physact/sam3_robowm/identity_v1/sam_masked_expansion6/crops/Cosmos3_seed101_0036/frame_0111_rank_01.png,/shared/ssd_30T/zhuoyingyang/physact/sam3_robowm/identity_v1/sam_masked_expansion6/crops/Cosmos3_seed101_0036/frame_0111_rank_03.png
Cosmos3_seed101_0036,111,2,3,0.39095672965049744,0.4303426833231063,0.9940157573090883,True,0.1952971220016479,0.1467357873916626,0.7476798892021179,0.6743949055671692,0.96875,0.95703125,/shared/ssd_30T/zhuoyingyang/physact/sam3_robowm/identity_v1/sam_masked_expansion6/crops/Cosmos3_seed101_0036/frame_0111_rank_02.png,/shared/ssd_30T/zhuoyingyang/physact/sam3_robowm/identity_v1/sam_masked_expansion6/crops/Cosmos3_seed101_0036/frame_0111_rank_03.png
Cosmos3_seed101_0036,114,1,2,0.36602362990379333,0.13995185253875192,0.25479421578419065,False,0.3945159614086151,0.1297487765550613,0.8202857375144958,0.6841036081314087,0.96875,0.9453125,/shared/ssd_30T/zhuoyingyang/physact/sam3_robowm/identity_v1/sam_masked_expansion6/crops/Cosmos3_seed101_0036/frame_0114_rank_01.png,/shared/ssd_30T/zhuoyingyang/physact/sam3_robowm/identity_v1/sam_masked_expansion6/crops/Cosmos3_seed101_0036/frame_0114_rank_02.png
Cosmos3_seed101_0036,114,1,3,0.3849911689758301,0.25293024088242616,1.0,True,0.3945159614086151,0.1139523908495903,0.8202857375144958,0.6830759048461914,0.96875,0.9609375,/shared/ssd_30T/zhuoyingyang/physact/sam3_robowm/identity_v1/sam_masked_expansion6/crops/Cosmos3_seed101_0036/frame_0114_rank_01.png,/shared/ssd_30T/zhuoyingyang/physact/sam3_robowm/identity_v1/sam_masked_expansion6/crops/Cosmos3_seed101_0036/frame_0114_rank_03.png
Cosmos3_seed101_0036,114,2,3,0.2968154549598694,0.2352010190190447,1.0,True,0.1297487765550613,0.1139523908495903,0.6841036081314087,0.6830759048461914,0.9453125,0.9609375,/shared/ssd_30T/zhuoyingyang/physact/sam3_robowm/identity_v1/sam_masked_expansion6/crops/Cosmos3_seed101_0036/frame_0114_rank_02.png,/shared/ssd_30T/zhuoyingyang/physact/sam3_robowm/identity_v1/sam_masked_expansion6/crops/Cosmos3_seed101_0036/frame_0114_rank_03.png
Cosmos3_seed101_0036,117,1,2,0.3160971403121948,0.060475985552143,0.12866363136385248,False,0.4088540077209472,0.1410805135965347,0.8207365274429321,0.6844674348831177,0.96875,0.95703125,/shared/ssd_30T/zhuoyingyang/physact/sam3_robowm/identity_v1/sam_masked_expansion6/crops/Cosmos3_seed101_0036/frame_0117_rank_01.png,/shared/ssd_30T/zhuoyingyang/physact/sam3_robowm/identity_v1/sam_masked_expansion6/crops/Cosmos3_seed101_0036/frame_0117_rank_02.png
Cosmos3_seed101_0036,117,1,3,0.4429889917373657,0.2538181046881622,1.0,True,0.4088540077209472,0.1047286093235015,0.8207365274429321,0.6735365390777588,0.96875,0.9609375,/shared/ssd_30T/zhuoyingyang/physact/sam3_robowm/identity_v1/sam_masked_expansion6/crops/Cosmos3_seed101_0036/frame_0117_rank_01.png,/shared/ssd_30T/zhuoyingyang/physact/sam3_robowm/identity_v1/sam_masked_expansion6/crops/Cosmos3_seed101_0036/frame_0117_rank_03.png
Cosmos3_seed101_0036,117,2,3,0.30013716220855713,0.20205556861704968,1.0,True,0.1410805135965347,0.1047286093235015,0.6844674348831177,0.6735365390777588,0.95703125,0.9609375,/shared/ssd_30T/zhuoyingyang/physact/sam3_robowm/identity_v1/sam_masked_expansion6/crops/Cosmos3_seed101_0036/frame_0117_rank_02.png,/shared/ssd_30T/zhuoyingyang/physact/sam3_robowm/identity_v1/sam_masked_expansion6/crops/Cosmos3_seed101_0036/frame_0117_rank_03.png
Cosmos3_seed101_0036,120,1,2,0.27737534046173096,0.0,0.0,False,0.5538268685340881,0.1535594165325164,0.892893373966217,0.691215991973877,0.96875,0.9609375,/shared/ssd_30T/zhuoyingyang/physact/sam3_robowm/identity_v1/sam_masked_expansion6/crops/Cosmos3_seed101_0036/frame_0120_rank_01.png,/shared/ssd_30T/zhuoyingyang/physact/sam3_robowm/identity_v1/sam_masked_expansion6/crops/Cosmos3_seed101_0036/frame_0120_rank_02.png
Cosmos3_seed101_0036,120,1,3,0.3264811635017395,0.0,0.0,False,0.5538268685340881,0.1384268701076507,0.892893373966217,0.6662517786026001,0.96875,0.9609375,/shared/ssd_30T/zhuoyingyang/physact/sam3_robowm/identity_v1/sam_masked_expansion6/crops/Cosmos3_seed101_0036/frame_0120_rank_01.png,/shared/ssd_30T/zhuoyingyang/physact/sam3_robowm/identity_v1/sam_masked_expansion6/crops/Cosmos3_seed101_0036/frame_0120_rank_03.png
Cosmos3_seed101_0036,120,2,3,0.36875054240226746,0.0,0.0,False,0.1535594165325164,0.1384268701076507,0.691215991973877,0.6662517786026001,0.9609375,0.9609375,/shared/ssd_30T/zhuoyingyang/physact/sam3_robowm/identity_v1/sam_masked_expansion6/crops/Cosmos3_seed101_0036/frame_0120_rank_02.png,/shared/ssd_30T/zhuoyingyang/physact/sam3_robowm/identity_v1/sam_masked_expansion6/crops/Cosmos3_seed101_0036/frame_0120_rank_03.png
Cosmos3_seed101_0036,123,1,2,0.19336706399917603,0.07659831275125774,0.2139573604559124,False,0.4932985007762909,0.3238058686256408,0.945872128009796,0.715164303779602,0.97265625,0.9609375,/shared/ssd_30T/zhuoyingyang/physact/sam3_robowm/identity_v1/sam_masked_expansion6/crops/Cosmos3_seed101_0036/frame_0123_rank_01.png,/shared/ssd_30T/zhuoyingyang/physact/sam3_robowm/identity_v1/sam_masked_expansion6/crops/Cosmos3_seed101_0036/frame_0123_rank_02.png
Cosmos3_seed101_0036,123,1,3,0.1842995136976242,0.0,0.0,False,0.4932985007762909,0.1502135694026947,0.945872128009796,0.6859009265899658,0.97265625,0.96875,/shared/ssd_30T/zhuoyingyang/physact/sam3_robowm/identity_v1/sam_masked_expansion6/crops/Cosmos3_seed101_0036/frame_0123_rank_01.png,/shared/ssd_30T/zhuoyingyang/physact/sam3_robowm/identity_v1/sam_masked_expansion6/crops/Cosmos3_seed101_0036/frame_0123_rank_03.png
Cosmos3_seed101_0036,123,2,3,0.5538026094436646,0.02938044381229741,0.0937060284145139,False,0.3238058686256408,0.1502135694026947,0.715164303779602,0.6859009265899658,0.9609375,0.96875,/shared/ssd_30T/zhuoyingyang/physact/sam3_robowm/identity_v1/sam_masked_expansion6/crops/Cosmos3_seed101_0036/frame_0123_rank_02.png,/shared/ssd_30T/zhuoyingyang/physact/sam3_robowm/identity_v1/sam_masked_expansion6/crops/Cosmos3_seed101_0036/frame_0123_rank_03.png
Cosmos3_seed101_0036,126,1,2,0.3093932867050171,0.0,0.0,False,0.597317636013031,0.4657213389873504,0.9552452564239502,0.7385052442550659,0.97265625,0.96875,/shared/ssd_30T/zhuoyingyang/physact/sam3_robowm/identity_v1/sam_masked_expansion6/crops/Cosmos3_seed101_0036/frame_0126_rank_01.png,/shared/ssd_30T/zhuoyingyang/physact/sam3_robowm/identity_v1/sam_masked_expansion6/crops/Cosmos3_seed101_0036/frame_0126_rank_02.png
Cosmos3_seed101_0036,126,1,3,0.2241574078798294,0.0,0.0,False,0.597317636013031,0.1457471400499344,0.9552452564239502,0.6944666504859924,0.97265625,0.96875,/shared/ssd_30T/zhuoyingyang/physact/sam3_robowm/identity_v1/sam_masked_expansion6/crops/Cosmos3_seed101_0036/frame_0126_rank_01.png,/shared/ssd_30T/zhuoyingyang/physact/sam3_robowm/identity_v1/sam_masked_expansion6/crops/Cosmos3_seed101_0036/frame_0126_rank_03.png
Cosmos3_seed101_0036,126,2,3,0.45129159092903137,0.0,0.0,False,0.4657213389873504,0.1457471400499344,0.7385052442550659,0.6944666504859924,0.96875,0.96875,/shared/ssd_30T/zhuoyingyang/physact/sam3_robowm/identity_v1/sam_masked_expansion6/crops/Cosmos3_seed101_0036/frame_0126_rank_02.png,/shared/ssd_30T/zhuoyingyang/physact/sam3_robowm/identity_v1/sam_masked_expansion6/crops/Cosmos3_seed101_0036/frame_0126_rank_03.png
Cosmos3_seed101_0036,129,1,2,0.7966694235801697,0.45199978874047286,1.0,True,0.576710045337677,0.1116847097873687,0.962273359298706,0.8863371014595032,0.97265625,0.96875,/shared/ssd_30T/zhuoyingyang/physact/sam3_robowm/identity_v1/sam_masked_expansion6/crops/Cosmos3_seed101_0036/frame_0129_rank_01.png,/shared/ssd_30T/zhuoyingyang/physact/sam3_robowm/identity_v1/sam_masked_expansion6/crops/Cosmos3_seed101_0036/frame_0129_rank_02.png
Cosmos3_seed101_0036,129,1,3,0.1396798938512802,0.0,0.0,False,0.576710045337677,0.1130319461226463,0.962273359298706,0.6478232741355896,0.97265625,0.96875,/shared/ssd_30T/zhuoyingyang/physact/sam3_robowm/identity_v1/sam_masked_expansion6/crops/Cosmos3_seed101_0036/frame_0129_rank_01.png,/shared/ssd_30T/zhuoyingyang/physact/sam3_robowm/identity_v1/sam_masked_expansion6/crops/Cosmos3_seed101_0036/frame_0129_rank_03.png
Cosmos3_seed101_0036,129,2,3,0.2326081246137619,0.0,0.0,False,0.1116847097873687,0.1130319461226463,0.8863371014595032,0.6478232741355896,0.96875,0.96875,/shared/ssd_30T/zhuoyingyang/physact/sam3_robowm/identity_v1/sam_masked_expansion6/crops/Cosmos3_seed101_0036/frame_0129_rank_02.png,/shared/ssd_30T/zhuoyingyang/physact/sam3_robowm/identity_v1/sam_masked_expansion6/crops/Cosmos3_seed101_0036/frame_0129_rank_03.png
Cosmos3_seed101_0036,132,1,2,0.9157558679580688,0.0,0.0,False,0.650569498538971,0.5872340798377991,0.9613475799560548,0.9595984816551208,0.97265625,0.97265625,/shared/ssd_30T/zhuoyingyang/physact/sam3_robowm/identity_v1/sam_masked_expansion6/crops/Cosmos3_seed101_0036/frame_0132_rank_01.png,/shared/ssd_30T/zhuoyingyang/physact/sam3_robowm/identity_v1/sam_masked_expansion6/crops/Cosmos3_seed101_0036/frame_0132_rank_02.png
Cosmos3_seed101_0036,132,1,3,0.8867206573486328,0.39535328303992967,1.0,True,0.650569498538971,0.1055892929434776,0.9613475799560548,0.9203858375549316,0.97265625,0.97265625,/shared/ssd_30T/zhuoyingyang/physact/sam3_robowm/identity_v1/sam_masked_expansion6/crops/Cosmos3_seed101_0036/frame_0132_rank_01.png,/shared/ssd_30T/zhuoyingyang/physact/sam3_robowm/identity_v1/sam_masked_expansion6/crops/Cosmos3_seed101_0036/frame_0132_rank_03.png
Cosmos3_seed101_0036,132,2,3,0.9178223013877869,0.3462669041715825,1.0,True,0.5872340798377991,0.1055892929434776,0.9595984816551208,0.9203858375549316,0.97265625,0.97265625,/shared/ssd_30T/zhuoyingyang/physact/sam3_robowm/identity_v1/sam_masked_expansion6/crops/Cosmos3_seed101_0036/frame_0132_rank_02.png,/shared/ssd_30T/zhuoyingyang/physact/sam3_robowm/identity_v1/sam_masked_expansion6/crops/Cosmos3_seed101_0036/frame_0132_rank_03.png
Cosmos3_seed101_0036,135,1,2,0.6245359778404236,0.0,0.0,False,0.5840079188346863,0.608150839805603,0.9586563110351562,0.8557093143463135,0.97265625,0.96875,/shared/ssd_30T/zhuoyingyang/physact/sam3_robowm/identity_v1/sam_masked_expansion6/crops/Cosmos3_seed101_0036/frame_0135_rank_01.png,/shared/ssd_30T/zhuoyingyang/physact/sam3_robowm/identity_v1/sam_masked_expansion6/crops/Cosmos3_seed101_0036/frame_0135_rank_02.png
Cosmos3_seed101_0036,135,1,3,0.061915263533592224,0.014721757703664564,1.0,True,0.5840079188346863,0.1637714654207229,0.9586563110351562,0.6241747140884399,0.97265625,0.98828125,/shared/ssd_30T/zhuoyingyang/physact/sam3_robowm/identity_v1/sam_masked_expansion6/crops/Cosmos3_seed101_0036/frame_0135_rank_01.png,/shared/ssd_30T/zhuoyingyang/physact/sam3_robowm/identity_v1/sam_masked_expansion6/crops/Cosmos3_seed101_0036/frame_0135_rank_03.png
Cosmos3_seed101_0036,135,2,3,0.06762715429067612,0.015354052678096733,0.8196732138222536,False,0.608150839805603,0.1637714654207229,0.8557093143463135,0.6241747140884399,0.96875,0.98828125,/shared/ssd_30T/zhuoyingyang/physact/sam3_robowm/identity_v1/sam_masked_expansion6/crops/Cosmos3_seed101_0036/frame_0135_rank_02.png,/shared/ssd_30T/zhuoyingyang/physact/sam3_robowm/identity_v1/sam_masked_expansion6/crops/Cosmos3_seed101_0036/frame_0135_rank_03.png
Cosmos3_seed101_0036,138,1,2,0.5694711208343506,0.0,0.0,False,0.6047477126121521,0.553403913974762,0.95537269115448,0.9225280284881592,0.97265625,0.96875,/shared/ssd_30T/zhuoyingyang/physact/sam3_robowm/identity_v1/sam_masked_expansion6/crops/Cosmos3_seed101_0036/frame_0138_rank_01.png,/shared/ssd_30T/zhuoyingyang/physact/sam3_robowm/identity_v1/sam_masked_expansion6/crops/Cosmos3_seed101_0036/frame_0138_rank_02.png
Cosmos3_seed101_0036,138,1,3,0.14000773429870605,0.0,0.0,False,0.6047477126121521,0.1573997884988784,0.95537269115448,0.626450777053833,0.97265625,0.9609375,/shared/ssd_30T/zhuoyingyang/physact/sam3_robowm/identity_v1/sam_masked_expansion6/crops/Cosmos3_seed101_0036/frame_0138_rank_01.png,/shared/ssd_30T/zhuoyingyang/physact/sam3_robowm/identity_v1/sam_masked_expansion6/crops/Cosmos3_seed101_0036/frame_0138_rank_03.png
Cosmos3_seed101_0036,138,2,3,0.18969735503196716,0.0,0.0,False,0.553403913974762,0.1573997884988784,0.9225280284881592,0.626450777053833,0.96875,0.9609375,/shared/ssd_30T/zhuoyingyang/physact/sam3_robowm/identity_v1/sam_masked_expansion6/crops/Cosmos3_seed101_0036/frame_0138_rank_02.png,/shared/ssd_30T/zhuoyingyang/physact/sam3_robowm/identity_v1/sam_masked_expansion6/crops/Cosmos3_seed101_0036/frame_0138_rank_03.png
Cosmos3_seed101_0036,141,1,2,0.37592813372612,0.0,0.0,False,0.621955931186676,0.6294136047363281,0.9510623812675476,0.8394854068756104,0.9765625,0.97265625,/shared/ssd_30T/zhuoyingyang/physact/sam3_robowm/identity_v1/sam_masked_expansion6/crops/Cosmos3_seed101_0036/frame_0141_rank_01.png,/shared/ssd_30T/zhuoyingyang/physact/sam3_robowm/identity_v1/sam_masked_expansion6/crops/Cosmos3_seed101_0036/frame_0141_rank_02.png
Cosmos3_seed101_0036,141,1,3,0.18781650066375732,0.0,0.0,False,0.621955931186676,0.1229654997587204,0.9510623812675476,0.6316520571708679,0.9765625,0.96484375,/shared/ssd_30T/zhuoyingyang/physact/sam3_robowm/identity_v1/sam_masked_expansion6/crops/Cosmos3_seed101_0036/frame_0141_rank_01.png,/shared/ssd_30T/zhuoyingyang/physact/sam3_robowm/identity_v1/sam_masked_expansion6/crops/Cosmos3_seed101_0036/frame_0141_rank_03.png
Cosmos3_seed101_0036,141,2,3,0.15086454153060913,0.0,0.0,False,0.6294136047363281,0.1229654997587204,0.8394854068756104,0.6316520571708679,0.97265625,0.96484375,/shared/ssd_30T/zhuoyingyang/physact/sam3_robowm/identity_v1/sam_masked_expansion6/crops/Cosmos3_seed101_0036/frame_0141_rank_02.png,/shared/ssd_30T/zhuoyingyang/physact/sam3_robowm/identity_v1/sam_masked_expansion6/crops/Cosmos3_seed101_0036/frame_0141_rank_03.png
Cosmos3_seed101_0036,144,1,2,0.37998008728027344,0.0,0.0,False,0.6091848015785217,0.5020067691802979,0.9528805017471312,0.8421505689620972,0.97265625,0.96875,/shared/ssd_30T/zhuoyingyang/physact/sam3_robowm/identity_v1/sam_masked_expansion6/crops/Cosmos3_seed101_0036/frame_0144_rank_01.png,/shared/ssd_30T/zhuoyingyang/physact/sam3_robowm/identity_v1/sam_masked_expansion6/crops/Cosmos3_seed101_0036/frame_0144_rank_02.png
Cosmos3_seed101_0036,144,1,3,0.15389664471149445,0.0,0.0,False,0.6091848015785217,0.1309595108032226,0.9528805017471312,0.6192859411239624,0.97265625,0.96484375,/shared/ssd_30T/zhuoyingyang/physact/sam3_robowm/identity_v1/sam_masked_expansion6/crops/Cosmos3_seed101_0036/frame_0144_rank_01.png,/shared/ssd_30T/zhuoyingyang/physact/sam3_robowm/identity_v1/sam_masked_expansion6/crops/Cosmos3_seed101_0036/frame_0144_rank_03.png
Cosmos3_seed101_0036,144,2,3,0.3430994153022766,0.20622553986907538,1.0,True,0.5020067691802979,0.1309595108032226,0.8421505689620972,0.6192859411239624,0.96875,0.96484375,/shared/ssd_30T/zhuoyingyang/physact/sam3_robowm/identity_v1/sam_masked_expansion6/crops/Cosmos3_seed101_0036/frame_0144_rank_02.png,/shared/ssd_30T/zhuoyingyang/physact/sam3_robowm/identity_v1/sam_masked_expansion6/crops/Cosmos3_seed101_0036/frame_0144_rank_03.png
Cosmos3_seed101_0036,147,1,2,0.40003350377082825,0.0,0.0,False,0.6059589385986328,0.5236493349075317,0.9566948413848876,0.8539080619812012,0.9765625,0.96875,/shared/ssd_30T/zhuoyingyang/physact/sam3_robowm/identity_v1/sam_masked_expansion6/crops/Cosmos3_seed101_0036/frame_0147_rank_01.png,/shared/ssd_30T/zhuoyingyang/physact/sam3_robowm/identity_v1/sam_masked_expansion6/crops/Cosmos3_seed101_0036/frame_0147_rank_02.png
Cosmos3_seed101_0036,147,1,3,0.14265179634094238,0.0,0.0,False,0.6059589385986328,0.1594520360231399,0.9566948413848876,0.6507066488265991,0.9765625,0.96875,/shared/ssd_30T/zhuoyingyang/physact/sam3_robowm/identity_v1/sam_masked_expansion6/crops/Cosmos3_seed101_0036/frame_0147_rank_01.png,/shared/ssd_30T/zhuoyingyang/physact/sam3_robowm/identity_v1/sam_masked_expansion6/crops/Cosmos3_seed101_0036/frame_0147_rank_03.png
Cosmos3_seed101_0036,147,2,3,0.20245908200740814,0.21720136358435327,1.0,True,0.5236493349075317,0.1594520360231399,0.8539080619812012,0.6507066488265991,0.96875,0.96875,/shared/ssd_30T/zhuoyingyang/physact/sam3_robowm/identity_v1/sam_masked_expansion6/crops/Cosmos3_seed101_0036/frame_0147_rank_02.png,/shared/ssd_30T/zhuoyingyang/physact/sam3_robowm/identity_v1/sam_masked_expansion6/crops/Cosmos3_seed101_0036/frame_0147_rank_03.png
Cosmos3_seed101_0036,150,1,2,0.4505046606063843,0.0,0.0,False,0.6035322546958923,0.4941403269767761,0.9656029939651488,0.8341816663742065,0.97265625,0.96875,/shared/ssd_30T/zhuoyingyang/physact/sam3_robowm/identity_v1/sam_masked_expansion6/crops/Cosmos3_seed101_0036/frame_0150_rank_01.png,/shared/ssd_30T/zhuoyingyang/physact/sam3_robowm/identity_v1/sam_masked_expansion6/crops/Cosmos3_seed101_0036/frame_0150_rank_02.png
Cosmos3_seed101_0036,150,1,3,0.1553063690662384,0.0,0.0,False,0.6035322546958923,0.1374044418334961,0.9656029939651488,0.6278829574584961,0.97265625,0.97265625,/shared/ssd_30T/zhuoyingyang/physact/sam3_robowm/identity_v1/sam_masked_expansion6/crops/Cosmos3_seed101_0036/frame_0150_rank_01.png,/shared/ssd_30T/zhuoyingyang/physact/sam3_robowm/identity_v1/sam_masked_expansion6/crops/Cosmos3_seed101_0036/frame_0150_rank_03.png
Cosmos3_seed101_0036,150,2,3,0.26344504952430725,0.23210170354097473,1.0,True,0.4941403269767761,0.1374044418334961,0.8341816663742065,0.6278829574584961,0.96875,0.97265625,/shared/ssd_30T/zhuoyingyang/physact/sam3_robowm/identity_v1/sam_masked_expansion6/crops/Cosmos3_seed101_0036/frame_0150_rank_02.png,/shared/ssd_30T/zhuoyingyang/physact/sam3_robowm/identity_v1/sam_masked_expansion6/crops/Cosmos3_seed101_0036/frame_0150_rank_03.png
Cosmos3_seed101_0036,153,1,2,0.33746251463890076,0.0,0.0,False,0.5798776149749756,0.510986328125,0.957016944885254,0.8363507986068726,0.9765625,0.97265625,/shared/ssd_30T/zhuoyingyang/physact/sam3_robowm/identity_v1/sam_masked_expansion6/crops/Cosmos3_seed101_0036/frame_0153_rank_01.png,/shared/ssd_30T/zhuoyingyang/physact/sam3_robowm/identity_v1/sam_masked_expansion6/crops/Cosmos3_seed101_0036/frame_0153_rank_02.png
Cosmos3_seed101_0036,153,1,3,0.18283437192440033,0.0,0.0,False,0.5798776149749756,0.1500900983810424,0.957016944885254,0.6262835264205933,0.9765625,0.97265625,/shared/ssd_30T/zhuoyingyang/physact/sam3_robowm/identity_v1/sam_masked_expansion6/crops/Cosmos3_seed101_0036/frame_0153_rank_01.png,/shared/ssd_30T/zhuoyingyang/physact/sam3_robowm/identity_v1/sam_masked_expansion6/crops/Cosmos3_seed101_0036/frame_0153_rank_03.png
Cosmos3_seed101_0036,153,2,3,0.22710345685482025,0.2257643566083842,1.0,True,0.510986328125,0.1500900983810424,0.8363507986068726,0.6262835264205933,0.97265625,0.97265625,/shared/ssd_30T/zhuoyingyang/physact/sam3_robowm/identity_v1/sam_masked_expansion6/crops/Cosmos3_seed101_0036/frame_0153_rank_02.png,/shared/ssd_30T/zhuoyingyang/physact/sam3_robowm/identity_v1/sam_masked_expansion6/crops/Cosmos3_seed101_0036/frame_0153_rank_03.png
Cosmos3_seed101_0036,156,1,2,0.41944998502731323,0.0,0.0,False,0.5705991983413696,0.4964621663093567,0.9588186144828796,0.8297092914581299,0.97265625,0.97265625,/shared/ssd_30T/zhuoyingyang/physact/sam3_robowm/identity_v1/sam_masked_expansion6/crops/Cosmos3_seed101_0036/frame_0156_rank_01.png,/shared/ssd_30T/zhuoyingyang/physact/sam3_robowm/identity_v1/sam_masked_expansion6/crops/Cosmos3_seed101_0036/frame_0156_rank_02.png
Cosmos3_seed101_0036,156,1,3,0.22584059834480286,0.0,0.0,False,0.5705991983413696,0.1646220982074737,0.9588186144828796,0.6623371839523315,0.97265625,0.96484375,/shared/ssd_30T/zhuoyingyang/physact/sam3_robowm/identity_v1/sam_masked_expansion6/crops/Cosmos3_seed101_0036/frame_0156_rank_01.png,/shared/ssd_30T/zhuoyingyang/physact/sam3_robowm/identity_v1/sam_masked_expansion6/crops/Cosmos3_seed101_0036/frame_0156_rank_03.png
Cosmos3_seed101_0036,156,2,3,0.2954472601413727,0.0,0.0,False,0.4964621663093567,0.1646220982074737,0.8297092914581299,0.6623371839523315,0.97265625,0.96484375,/shared/ssd_30T/zhuoyingyang/physact/sam3_robowm/identity_v1/sam_masked_expansion6/crops/Cosmos3_seed101_0036/frame_0156_rank_02.png,/shared/ssd_30T/zhuoyingyang/physact/sam3_robowm/identity_v1/sam_masked_expansion6/crops/Cosmos3_seed101_0036/frame_0156_rank_03.png
Cosmos3_seed101_0036,159,1,2,0.27715128660202026,0.0,0.0,False,0.5643768310546875,0.5378209352493286,0.9568530917167664,0.8125752210617065,0.9765625,0.97265625,/shared/ssd_30T/zhuoyingyang/physact/sam3_robowm/identity_v1/sam_masked_expansion6/crops/Cosmos3_seed101_0036/frame_0159_rank_01.png,/shared/ssd_30T/zhuoyingyang/physact/sam3_robowm/identity_v1/sam_masked_expansion6/crops/Cosmos3_seed101_0036/frame_0159_rank_02.png
Cosmos3_seed101_0036,159,1,3,0.21051979064941406,0.0,0.0,False,0.5643768310546875,0.1672637611627578,0.9568530917167664,0.6551070213317871,0.9765625,0.96484375,/shared/ssd_30T/zhuoyingyang/physact/sam3_robowm/identity_v1/sam_masked_expansion6/crops/Cosmos3_seed101_0036/frame_0159_rank_01.png,/shared/ssd_30T/zhuoyingyang/physact/sam3_robowm/identity_v1/sam_masked_expansion6/crops/Cosmos3_seed101_0036/frame_0159_rank_03.png
Cosmos3_seed101_0036,159,2,3,0.05374407768249512,0.0,0.0,False,0.5378209352493286,0.1672637611627578,0.8125752210617065,0.6551070213317871,0.97265625,0.96484375,/shared/ssd_30T/zhuoyingyang/physact/sam3_robowm/identity_v1/sam_masked_expansion6/crops/Cosmos3_seed101_0036/frame_0159_rank_02.png,/shared/ssd_30T/zhuoyingyang/physact/sam3_robowm/identity_v1/sam_masked_expansion6/crops/Cosmos3_seed101_0036/frame_0159_rank_03.png
Cosmos3_seed101_0036,162,1,2,0.4306635558605194,0.0,0.0,False,0.5595616102218628,0.557466447353363,0.9610408544540404,0.8550673723220825,0.97265625,0.97265625,/shared/ssd_30T/zhuoyingyang/physact/sam3_robowm/identity_v1/sam_masked_expansion6/crops/Cosmos3_seed101_0036/frame_0162_rank_01.png,/shared/ssd_30T/zhuoyingyang/physact/sam3_robowm/identity_v1/sam_masked_expansion6/crops/Cosmos3_seed101_0036/frame_0162_rank_02.png
Cosmos3_seed101_0036,162,1,3,0.18678200244903564,0.0,0.0,False,0.5595616102218628,0.1711486279964447,0.9610408544540404,0.6716996431350708,0.97265625,0.96484375,/shared/ssd_30T/zhuoyingyang/physact/sam3_robowm/identity_v1/sam_masked_expansion6/crops/Cosmos3_seed101_0036/frame_0162_rank_01.png,/shared/ssd_30T/zhuoyingyang/physact/sam3_robowm/identity_v1/sam_masked_expansion6/crops/Cosmos3_seed101_0036/frame_0162_rank_03.png
Cosmos3_seed101_0036,162,2,3,0.10188530385494232,0.0,0.0,False,0.557466447353363,0.1711486279964447,0.8550673723220825,0.6716996431350708,0.97265625,0.96484375,/shared/ssd_30T/zhuoyingyang/physact/sam3_robowm/identity_v1/sam_masked_expansion6/crops/Cosmos3_seed101_0036/frame_0162_rank_02.png,/shared/ssd_30T/zhuoyingyang/physact/sam3_robowm/identity_v1/sam_masked_expansion6/crops/Cosmos3_seed101_0036/frame_0162_rank_03.png
Cosmos3_seed101_0036,165,1,2,0.3412923216819763,0.0,0.0,False,0.5422131419181824,0.5165982246398926,0.9560782313346864,0.8524080514907837,0.9765625,0.9765625,/shared/ssd_30T/zhuoyingyang/physact/sam3_robowm/identity_v1/sam_masked_expansion6/crops/Cosmos3_seed101_0036/frame_0165_rank_01.png,/shared/ssd_30T/zhuoyingyang/physact/sam3_robowm/identity_v1/sam_masked_expansion6/crops/Cosmos3_seed101_0036/frame_0165_rank_02.png
Cosmos3_seed101_0036,165,1,3,0.2004484236240387,0.0,0.0,False,0.5422131419181824,0.1548900008201599,0.9560782313346864,0.6643065214157104,0.9765625,0.96484375,/shared/ssd_30T/zhuoyingyang/physact/sam3_robowm/identity_v1/sam_masked_expansion6/crops/Cosmos3_seed101_0036/frame_0165_rank_01.png,/shared/ssd_30T/zhuoyingyang/physact/sam3_robowm/identity_v1/sam_masked_expansion6/crops/Cosmos3_seed101_0036/frame_0165_rank_03.png
Cosmos3_seed101_0036,165,2,3,0.07084599882364273,0.0,0.0,False,0.5165982246398926,0.1548900008201599,0.8524080514907837,0.6643065214157104,0.9765625,0.96484375,/shared/ssd_30T/zhuoyingyang/physact/sam3_robowm/identity_v1/sam_masked_expansion6/crops/Cosmos3_seed101_0036/frame_0165_rank_02.png,/shared/ssd_30T/zhuoyingyang/physact/sam3_robowm/identity_v1/sam_masked_expansion6/crops/Cosmos3_seed101_0036/frame_0165_rank_03.png
Cosmos3_seed101_0036,168,1,2,0.5072337985038757,0.0,0.0,False,0.5324928760528564,0.5052215456962585,0.9586412906646729,0.8531447649002075,0.97265625,0.9765625,/shared/ssd_30T/zhuoyingyang/physact/sam3_robowm/identity_v1/sam_masked_expansion6/crops/Cosmos3_seed101_0036/frame_0168_rank_01.png,/shared/ssd_30T/zhuoyingyang/physact/sam3_robowm/identity_v1/sam_masked_expansion6/crops/Cosmos3_seed101_0036/frame_0168_rank_02.png
Cosmos3_seed101_0036,168,1,3,0.23320189118385315,0.0,0.0,False,0.5324928760528564,0.153871938586235,0.9586412906646729,0.6644490957260132,0.97265625,0.96484375,/shared/ssd_30T/zhuoyingyang/physact/sam3_robowm/identity_v1/sam_masked_expansion6/crops/Cosmos3_seed101_0036/frame_0168_rank_01.png,/shared/ssd_30T/zhuoyingyang/physact/sam3_robowm/identity_v1/sam_masked_expansion6/crops/Cosmos3_seed101_0036/frame_0168_rank_03.png
Cosmos3_seed101_0036,168,2,3,0.1687196046113968,0.0,0.0,False,0.5052215456962585,0.153871938586235,0.8531447649002075,0.6644490957260132,0.9765625,0.96484375,/shared/ssd_30T/zhuoyingyang/physact/sam3_robowm/identity_v1/sam_masked_expansion6/crops/Cosmos3_seed101_0036/frame_0168_rank_02.png,/shared/ssd_30T/zhuoyingyang/physact/sam3_robowm/identity_v1/sam_masked_expansion6/crops/Cosmos3_seed101_0036/frame_0168_rank_03.png
Cosmos3_seed101_0036,171,1,2,0.6421210169792175,0.0,0.0,False,0.524970531463623,0.4801874756813049,0.9585615396499634,0.8394821882247925,0.97265625,0.9765625,/shared/ssd_30T/zhuoyingyang/physact/sam3_robowm/identity_v1/sam_masked_expansion6/crops/Cosmos3_seed101_0036/frame_0171_rank_01.png,/shared/ssd_30T/zhuoyingyang/physact/sam3_robowm/identity_v1/sam_masked_expansion6/crops/Cosmos3_seed101_0036/frame_0171_rank_02.png
Cosmos3_seed101_0036,171,1,3,0.19642823934555054,0.0,0.0,False,0.524970531463623,0.1627928912639618,0.9585615396499634,0.6479290723800659,0.97265625,0.9609375,/shared/ssd_30T/zhuoyingyang/physact/sam3_robowm/identity_v1/sam_masked_expansion6/crops/Cosmos3_seed101_0036/frame_0171_rank_01.png,/shared/ssd_30T/zhuoyingyang/physact/sam3_robowm/identity_v1/sam_masked_expansion6/crops/Cosmos3_seed101_0036/frame_0171_rank_03.png
Cosmos3_seed101_0036,171,2,3,0.1840614527463913,0.0,0.0,False,0.4801874756813049,0.1627928912639618,0.8394821882247925,0.6479290723800659,0.9765625,0.9609375,/shared/ssd_30T/zhuoyingyang/physact/sam3_robowm/identity_v1/sam_masked_expansion6/crops/Cosmos3_seed101_0036/frame_0171_rank_02.png,/shared/ssd_30T/zhuoyingyang/physact/sam3_robowm/identity_v1/sam_masked_expansion6/crops/Cosmos3_seed101_0036/frame_0171_rank_03.png
Cosmos3_seed101_0036,174,1,2,0.7149778604507446,0.0,0.0,False,0.5582616329193115,0.6220126152038574,0.9594402313232422,0.8835309147834778,0.97265625,0.9765625,/shared/ssd_30T/zhuoyingyang/physact/sam3_robowm/identity_v1/sam_masked_expansion6/crops/Cosmos3_seed101_0036/frame_0174_rank_01.png,/shared/ssd_30T/zhuoyingyang/physact/sam3_robowm/identity_v1/sam_masked_expansion6/crops/Cosmos3_seed101_0036/frame_0174_rank_02.png
Cosmos3_seed101_0036,174,1,3,0.17106352746486664,0.0,0.0,False,0.5582616329193115,0.1180104166269302,0.9594402313232422,0.6521949768066406,0.97265625,0.97265625,/shared/ssd_30T/zhuoyingyang/physact/sam3_robowm/identity_v1/sam_masked_expansion6/crops/Cosmos3_seed101_0036/frame_0174_rank_01.png,/shared/ssd_30T/zhuoyingyang/physact/sam3_robowm/identity_v1/sam_masked_expansion6/crops/Cosmos3_seed101_0036/frame_0174_rank_03.png
Cosmos3_seed101_0036,174,2,3,0.21305683255195618,0.21848845827831878,1.0,True,0.6220126152038574,0.1180104166269302,0.8835309147834778,0.6521949768066406,0.9765625,0.97265625,/shared/ssd_30T/zhuoyingyang/physact/sam3_robowm/identity_v1/sam_masked_expansion6/crops/Cosmos3_seed101_0036/frame_0174_rank_02.png,/shared/ssd_30T/zhuoyingyang/physact/sam3_robowm/identity_v1/sam_masked_expansion6/crops/Cosmos3_seed101_0036/frame_0174_rank_03.png
Cosmos3_seed101_0036,177,1,2,0.7709306478500366,0.0,0.0,False,0.4892966747283935,0.7257678508758545,0.960180163383484,0.9181408286094666,0.97265625,0.9765625,/shared/ssd_30T/zhuoyingyang/physact/sam3_robowm/identity_v1/sam_masked_expansion6/crops/Cosmos3_seed101_0036/frame_0177_rank_01.png,/shared/ssd_30T/zhuoyingyang/physact/sam3_robowm/identity_v1/sam_masked_expansion6/crops/Cosmos3_seed101_0036/frame_0177_rank_02.png
Cosmos3_seed101_0036,177,1,3,0.21449843049049377,0.0,0.0,False,0.4892966747283935,0.1334365457296371,0.960180163383484,0.6430519223213196,0.97265625,0.96484375,/shared/ssd_30T/zhuoyingyang/physact/sam3_robowm/identity_v1/sam_masked_expansion6/crops/Cosmos3_seed101_0036/frame_0177_rank_01.png,/shared/ssd_30T/zhuoyingyang/physact/sam3_robowm/identity_v1/sam_masked_expansion6/crops/Cosmos3_seed101_0036/frame_0177_rank_03.png
Cosmos3_seed101_0036,177,2,3,0.1753663718700409,0.0,0.0,False,0.7257678508758545,0.1334365457296371,0.9181408286094666,0.6430519223213196,0.9765625,0.96484375,/shared/ssd_30T/zhuoyingyang/physact/sam3_robowm/identity_v1/sam_masked_expansion6/crops/Cosmos3_seed101_0036/frame_0177_rank_02.png,/shared/ssd_30T/zhuoyingyang/physact/sam3_robowm/identity_v1/sam_masked_expansion6/crops/Cosmos3_seed101_0036/frame_0177_rank_03.png
Cosmos3_seed101_0036,180,1,2,0.7632034420967102,0.0,0.0,False,0.5362970232963562,0.7506311535835266,0.956208348274231,0.9340940117836,0.97265625,0.9765625,/shared/ssd_30T/zhuoyingyang/physact/sam3_robowm/identity_v1/sam_masked_expansion6/crops/Cosmos3_seed101_0036/frame_0180_rank_01.png,/shared/ssd_30T/zhuoyingyang/physact/sam3_robowm/identity_v1/sam_masked_expansion6/crops/Cosmos3_seed101_0036/frame_0180_rank_02.png
Cosmos3_seed101_0036,180,1,3,0.24877841770648956,0.0,0.0,False,0.5362970232963562,0.1139983162283897,0.956208348274231,0.6538861989974976,0.97265625,0.9609375,/shared/ssd_30T/zhuoyingyang/physact/sam3_robowm/identity_v1/sam_masked_expansion6/crops/Cosmos3_seed101_0036/frame_0180_rank_01.png,/shared/ssd_30T/zhuoyingyang/physact/sam3_robowm/identity_v1/sam_masked_expansion6/crops/Cosmos3_seed101_0036/frame_0180_rank_03.png
Cosmos3_seed101_0036,180,2,3,0.2021074891090393,0.0,0.0,False,0.7506311535835266,0.1139983162283897,0.9340940117836,0.6538861989974976,0.9765625,0.9609375,/shared/ssd_30T/zhuoyingyang/physact/sam3_robowm/identity_v1/sam_masked_expansion6/crops/Cosmos3_seed101_0036/frame_0180_rank_02.png,/shared/ssd_30T/zhuoyingyang/physact/sam3_robowm/identity_v1/sam_masked_expansion6/crops/Cosmos3_seed101_0036/frame_0180_rank_03.png
Cosmos3_seed101_0036,183,1,2,0.828493595123291,0.0,0.0,False,0.5008335709571838,0.7317100763320923,0.9586649537086488,0.9383671283721924,0.97265625,0.9765625,/shared/ssd_30T/zhuoyingyang/physact/sam3_robowm/identity_v1/sam_masked_expansion6/crops/Cosmos3_seed101_0036/frame_0183_rank_01.png,/shared/ssd_30T/zhuoyingyang/physact/sam3_robowm/identity_v1/sam_masked_expansion6/crops/Cosmos3_seed101_0036/frame_0183_rank_02.png
Cosmos3_seed101_0036,183,1,3,0.04002644121646881,0.013191103181695219,1.0,True,0.5008335709571838,0.1462054252624511,0.9586649537086488,0.6158734560012817,0.97265625,0.984375,/shared/ssd_30T/zhuoyingyang/physact/sam3_robowm/identity_v1/sam_masked_expansion6/crops/Cosmos3_seed101_0036/frame_0183_rank_01.png,/shared/ssd_30T/zhuoyingyang/physact/sam3_robowm/identity_v1/sam_masked_expansion6/crops/Cosmos3_seed101_0036/frame_0183_rank_03.png
Cosmos3_seed101_0036,183,2,3,0.03640563040971756,0.024660389223409056,1.0,True,0.7317100763320923,0.1462054252624511,0.9383671283721924,0.6158734560012817,0.9765625,0.984375,/shared/ssd_30T/zhuoyingyang/physact/sam3_robowm/identity_v1/sam_masked_expansion6/crops/Cosmos3_seed101_0036/frame_0183_rank_02.png,/shared/ssd_30T/zhuoyingyang/physact/sam3_robowm/identity_v1/sam_masked_expansion6/crops/Cosmos3_seed101_0036/frame_0183_rank_03.png
Cosmos3_seed101_0036,186,1,2,0.8266304135322571,0.0,0.0,False,0.5077886581420898,0.7441721558570862,0.9572665691375732,0.9356038570404052,0.97265625,0.97265625,/shared/ssd_30T/zhuoyingyang/physact/sam3_robowm/identity_v1/sam_masked_expansion6/crops/Cosmos3_seed101_0036/frame_0186_rank_01.png,/shared/ssd_30T/zhuoyingyang/physact/sam3_robowm/identity_v1/sam_masked_expansion6/crops/Cosmos3_seed101_0036/frame_0186_rank_02.png
Cosmos3_seed101_0036,186,1,3,0.035265788435935974,0.013113840871161759,1.0,True,0.5077886581420898,0.1338153183460235,0.9572665691375732,0.6202918291091919,0.97265625,0.98828125,/shared/ssd_30T/zhuoyingyang/physact/sam3_robowm/identity_v1/sam_masked_expansion6/crops/Cosmos3_seed101_0036/frame_0186_rank_01.png,/shared/ssd_30T/zhuoyingyang/physact/sam3_robowm/identity_v1/sam_masked_expansion6/crops/Cosmos3_seed101_0036/frame_0186_rank_03.png
Cosmos3_seed101_0036,186,2,3,0.015452628023922443,0.02258206555129578,0.9186663365992279,True,0.7441721558570862,0.1338153183460235,0.9356038570404052,0.6202918291091919,0.97265625,0.98828125,/shared/ssd_30T/zhuoyingyang/physact/sam3_robowm/identity_v1/sam_masked_expansion6/crops/Cosmos3_seed101_0036/frame_0186_rank_02.png,/shared/ssd_30T/zhuoyingyang/physact/sam3_robowm/identity_v1/sam_masked_expansion6/crops/Cosmos3_seed101_0036/frame_0186_rank_03.png
Cosmos3_seed101_0036,188,1,2,0.8156726956367493,0.0,0.0,False,0.5156622529029846,0.7428863048553467,0.9571280479431152,0.938685417175293,0.97265625,0.97265625,/shared/ssd_30T/zhuoyingyang/physact/sam3_robowm/identity_v1/sam_masked_expansion6/crops/Cosmos3_seed101_0036/frame_0188_rank_01.png,/shared/ssd_30T/zhuoyingyang/physact/sam3_robowm/identity_v1/sam_masked_expansion6/crops/Cosmos3_seed101_0036/frame_0188_rank_02.png
Cosmos3_seed101_0036,188,1,3,0.2075837105512619,0.0,0.0,False,0.5156622529029846,0.1061195507645607,0.9571280479431152,0.6614951491355896,0.97265625,0.95703125,/shared/ssd_30T/zhuoyingyang/physact/sam3_robowm/identity_v1/sam_masked_expansion6/crops/Cosmos3_seed101_0036/frame_0188_rank_01.png,/shared/ssd_30T/zhuoyingyang/physact/sam3_robowm/identity_v1/sam_masked_expansion6/crops/Cosmos3_seed101_0036/frame_0188_rank_03.png
Cosmos3_seed101_0036,188,2,3,0.12468620389699936,0.0,0.0,False,0.7428863048553467,0.1061195507645607,0.938685417175293,0.6614951491355896,0.97265625,0.95703125,/shared/ssd_30T/zhuoyingyang/physact/sam3_robowm/identity_v1/sam_masked_expansion6/crops/Cosmos3_seed101_0036/frame_0188_rank_02.png,/shared/ssd_30T/zhuoyingyang/physact/sam3_robowm/identity_v1/sam_masked_expansion6/crops/Cosmos3_seed101_0036/frame_0188_rank_03.png
LVP_0030,0,1,2,0.17291276156902313,0.02204788601912037,1.0,True,0.771060049533844,0.1380990445613861,0.8798332214355469,0.679524302482605,0.98046875,0.984375,/shared/ssd_30T/zhuoyingyang/physact/sam3_robowm/identity_v1/sam_masked_expansion6/crops/LVP_0030/frame_0000_rank_01.png,/shared/ssd_30T/zhuoyingyang/physact/sam3_robowm/identity_v1/sam_masked_expansion6/crops/LVP_0030/frame_0000_rank_02.png
LVP_0030,3,1,2,0.15612560510635376,0.02197010093255202,1.0,True,0.7451174855232239,0.1461468189954757,0.8816796541213989,0.6744554042816162,0.9765625,0.98828125,/shared/ssd_30T/zhuoyingyang/physact/sam3_robowm/identity_v1/sam_masked_expansion6/crops/LVP_0030/frame_0003_rank_01.png,/shared/ssd_30T/zhuoyingyang/physact/sam3_robowm/identity_v1/sam_masked_expansion6/crops/LVP_0030/frame_0003_rank_02.png
LVP_0030,6,1,2,0.19718173146247864,0.02228516456937727,1.0,True,0.7174291610717773,0.1509806960821151,0.8729073405265808,0.6905593276023865,0.9765625,0.9765625,/shared/ssd_30T/zhuoyingyang/physact/sam3_robowm/identity_v1/sam_masked_expansion6/crops/LVP_0030/frame_0006_rank_01.png,/shared/ssd_30T/zhuoyingyang/physact/sam3_robowm/identity_v1/sam_masked_expansion6/crops/LVP_0030/frame_0006_rank_02.png
LVP_0030,9,1,2,0.2288244515657425,0.02191663192128276,1.0,True,0.7107239961624146,0.1532501131296157,0.8803309202194214,0.6463642120361328,0.9765625,0.984375,/shared/ssd_30T/zhuoyingyang/physact/sam3_robowm/identity_v1/sam_masked_expansion6/crops/LVP_0030/frame_0009_rank_01.png,/shared/ssd_30T/zhuoyingyang/physact/sam3_robowm/identity_v1/sam_masked_expansion6/crops/LVP_0030/frame_0009_rank_02.png
LVP_0030,12,1,2,0.22696295380592346,0.02091485413318554,1.0,True,0.6891060471534729,0.1609174609184265,0.9043607711791992,0.6403477191925049,0.97265625,0.9765625,/shared/ssd_30T/zhuoyingyang/physact/sam3_robowm/identity_v1/sam_masked_expansion6/crops/LVP_0030/frame_0012_rank_01.png,/shared/ssd_30T/zhuoyingyang/physact/sam3_robowm/identity_v1/sam_masked_expansion6/crops/LVP_0030/frame_0012_rank_02.png
LVP_0030,15,1,2,0.20136770606040955,0.01933746604465381,1.0,True,0.5780110359191895,0.1866339445114135,0.8457929491996765,0.611542284488678,0.97265625,0.98046875,/shared/ssd_30T/zhuoyingyang/physact/sam3_robowm/identity_v1/sam_masked_expansion6/crops/LVP_0030/frame_0015_rank_01.png,/shared/ssd_30T/zhuoyingyang/physact/sam3_robowm/identity_v1/sam_masked_expansion6/crops/LVP_0030/frame_0015_rank_02.png
LVP_0030,18,1,2,0.18569421768188477,0.0,0.0,False,0.3139956891536712,0.1076406463980674,0.7541743516921997,0.6381252408027649,0.96875,0.98046875,/shared/ssd_30T/zhuoyingyang/physact/sam3_robowm/identity_v1/sam_masked_expansion6/crops/LVP_0030/frame_0018_rank_01.png,/shared/ssd_30T/zhuoyingyang/physact/sam3_robowm/identity_v1/sam_masked_expansion6/crops/LVP_0030/frame_0018_rank_02.png
LVP_0030,18,1,3,0.1586543172597885,0.030216588059228548,1.0,True,0.3139956891536712,0.3473587334156036,0.7541743516921997,0.6007789373397827,0.96875,0.9765625,/shared/ssd_30T/zhuoyingyang/physact/sam3_robowm/identity_v1/sam_masked_expansion6/crops/LVP_0030/frame_0018_rank_01.png,/shared/ssd_30T/zhuoyingyang/physact/sam3_robowm/identity_v1/sam_masked_expansion6/crops/LVP_0030/frame_0018_rank_03.png
LVP_0030,18,2,3,0.15553805232048035,0.18796191559486525,0.4548757506752734,False,0.1076406463980674,0.3473587334156036,0.6381252408027649,0.6007789373397827,0.98046875,0.9765625,/shared/ssd_30T/zhuoyingyang/physact/sam3_robowm/identity_v1/sam_masked_expansion6/crops/LVP_0030/frame_0018_rank_02.png,/shared/ssd_30T/zhuoyingyang/physact/sam3_robowm/identity_v1/sam_masked_expansion6/crops/LVP_0030/frame_0018_rank_03.png
LVP_0030,21,1,2,0.21401207149028778,0.0,0.0,False,0.3070947825908661,0.106026567518711,0.7228112816810608,0.6386752128601074,0.96875,0.98046875,/shared/ssd_30T/zhuoyingyang/physact/sam3_robowm/identity_v1/sam_masked_expansion6/crops/LVP_0030/frame_0021_rank_01.png,/shared/ssd_30T/zhuoyingyang/physact/sam3_robowm/identity_v1/sam_masked_expansion6/crops/LVP_0030/frame_0021_rank_02.png
LVP_0030,21,1,3,0.46480193734169006,0.2937669584760166,0.9987834506246651,True,0.3070947825908661,0.147084042429924,0.7228112816810608,0.6104346513748169,0.96875,0.96484375,/shared/ssd_30T/zhuoyingyang/physact/sam3_robowm/identity_v1/sam_masked_expansion6/crops/LVP_0030/frame_0021_rank_01.png,/shared/ssd_30T/zhuoyingyang/physact/sam3_robowm/identity_v1/sam_masked_expansion6/crops/LVP_0030/frame_0021_rank_03.png
LVP_0030,21,2,3,0.09160409867763519,0.0,0.0,False,0.106026567518711,0.147084042429924,0.6386752128601074,0.6104346513748169,0.98046875,0.96484375,/shared/ssd_30T/zhuoyingyang/physact/sam3_robowm/identity_v1/sam_masked_expansion6/crops/LVP_0030/frame_0021_rank_02.png,/shared/ssd_30T/zhuoyingyang/physact/sam3_robowm/identity_v1/sam_masked_expansion6/crops/LVP_0030/frame_0021_rank_03.png
LVP_0030,24,1,2,0.3101508617401123,0.0,0.0,False,0.4074635505676269,0.1038088798522949,0.758727490901947,0.6030968427658081,0.96875,0.859375,/shared/ssd_30T/zhuoyingyang/physact/sam3_robowm/identity_v1/sam_masked_expansion6/crops/LVP_0030/frame_0024_rank_01.png,/shared/ssd_30T/zhuoyingyang/physact/sam3_robowm/identity_v1/sam_masked_expansion6/crops/LVP_0030/frame_0024_rank_02.png
LVP_0030,24,1,3,0.28742530941963196,0.15925887369527217,1.0,True,0.4074635505676269,0.1650362461805343,0.758727490901947,0.5938227772712708,0.96875,0.96484375,/shared/ssd_30T/zhuoyingyang/physact/sam3_robowm/identity_v1/sam_masked_expansion6/crops/LVP_0030/frame_0024_rank_01.png,/shared/ssd_30T/zhuoyingyang/physact/sam3_robowm/identity_v1/sam_masked_expansion6/crops/LVP_0030/frame_0024_rank_03.png
LVP_0030,24,2,3,0.2637392580509186,0.0,0.0,False,0.1038088798522949,0.1650362461805343,0.6030968427658081,0.5938227772712708,0.859375,0.96484375,/shared/ssd_30T/zhuoyingyang/physact/sam3_robowm/identity_v1/sam_masked_expansion6/crops/LVP_0030/frame_0024_rank_02.png,/shared/ssd_30T/zhuoyingyang/physact/sam3_robowm/identity_v1/sam_masked_expansion6/crops/LVP_0030/frame_0024_rank_03.png
LVP_0030,27,1,2,0.2092144936323166,0.01942131023612349,1.0,True,0.6444680094718933,0.181780144572258,0.8769384026527405,0.6458797454833984,0.97265625,0.9765625,/shared/ssd_30T/zhuoyingyang/physact/sam3_robowm/identity_v1/sam_masked_expansion6/crops/LVP_0030/frame_0027_rank_01.png,/shared/ssd_30T/zhuoyingyang/physact/sam3_robowm/identity_v1/sam_masked_expansion6/crops/LVP_0030/frame_0027_rank_02.png
LVP_0030,30,1,2,0.18021181225776672,0.01839743986281397,1.0,True,0.6835632920265198,0.1653777658939361,0.9021804332733154,0.651808500289917,0.96875,0.9765625,/shared/ssd_30T/zhuoyingyang/physact/sam3_robowm/identity_v1/sam_masked_expansion6/crops/LVP_0030/frame_0030_rank_01.png,/shared/ssd_30T/zhuoyingyang/physact/sam3_robowm/identity_v1/sam_masked_expansion6/crops/LVP_0030/frame_0030_rank_02.png
LVP_0030,33,1,2,0.18634791672229767,0.018081914946783687,1.0,True,0.6995356678962708,0.1580385565757751,0.8994941711425781,0.6554766893386841,0.96875,0.9765625,/shared/ssd_30T/zhuoyingyang/physact/sam3_robowm/identity_v1/sam_masked_expansion6/crops/LVP_0030/frame_0033_rank_01.png,/shared/ssd_30T/zhuoyingyang/physact/sam3_robowm/identity_v1/sam_masked_expansion6/crops/LVP_0030/frame_0033_rank_02.png
LVP_0030,36,1,2,0.24855569005012512,0.019384298001319557,1.0,True,0.680604100227356,0.1701432317495346,0.8988069295883179,0.643923282623291,0.97265625,0.97265625,/shared/ssd_30T/zhuoyingyang/physact/sam3_robowm/identity_v1/sam_masked_expansion6/crops/LVP_0030/frame_0036_rank_01.png,/shared/ssd_30T/zhuoyingyang/physact/sam3_robowm/identity_v1/sam_masked_expansion6/crops/LVP_0030/frame_0036_rank_02.png
LVP_0030,39,1,2,0.4282833933830261,0.001211846316603343,0.003165419399701379,False,0.6755461692810059,0.1628020405769348,0.896354079246521,0.7303248047828674,0.97265625,0.9609375,/shared/ssd_30T/zhuoyingyang/physact/sam3_robowm/identity_v1/sam_masked_expansion6/crops/LVP_0030/frame_0039_rank_01.png,/shared/ssd_30T/zhuoyingyang/physact/sam3_robowm/identity_v1/sam_masked_expansion6/crops/LVP_0030/frame_0039_rank_02.png
LVP_0030,39,1,3,0.19603565335273743,0.020157880495481634,1.0,True,0.6755461692810059,0.1563490331172943,0.896354079246521,0.6391854286193848,0.97265625,0.9765625,/shared/ssd_30T/zhuoyingyang/physact/sam3_robowm/identity_v1/sam_masked_expansion6/crops/LVP_0030/frame_0039_rank_01.png,/shared/ssd_30T/zhuoyingyang/physact/sam3_robowm/identity_v1/sam_masked_expansion6/crops/LVP_0030/frame_0039_rank_03.png
LVP_0030,39,2,3,0.19827806949615479,0.012479891616397953,1.0,True,0.1628020405769348,0.1563490331172943,0.7303248047828674,0.6391854286193848,0.9609375,0.9765625,/shared/ssd_30T/zhuoyingyang/physact/sam3_robowm/identity_v1/sam_masked_expansion6/crops/LVP_0030/frame_0039_rank_02.png,/shared/ssd_30T/zhuoyingyang/physact/sam3_robowm/identity_v1/sam_masked_expansion6/crops/LVP_0030/frame_0039_rank_03.png
LVP_0030,42,1,2,0.3012571632862091,0.006517320836108925,0.017207408299258962,False,0.6931771636009216,0.1391043066978454,0.8748098611831665,0.7274535298347473,0.97265625,0.9609375,/shared/ssd_30T/zhuoyingyang/physact/sam3_robowm/identity_v1/sam_masked_expansion6/crops/LVP_0030/frame_0042_rank_01.png,/shared/ssd_30T/zhuoyingyang/physact/sam3_robowm/identity_v1/sam_masked_expansion6/crops/LVP_0030/frame_0042_rank_02.png
LVP_0030,42,1,3,0.21966582536697388,0.019131736118223976,1.0,True,0.6931771636009216,0.1567607820034027,0.8748098611831665,0.6416517496109009,0.97265625,0.98046875,/shared/ssd_30T/zhuoyingyang/physact/sam3_robowm/identity_v1/sam_masked_expansion6/crops/LVP_0030/frame_0042_rank_01.png,/shared/ssd_30T/zhuoyingyang/physact/sam3_robowm/identity_v1/sam_masked_expansion6/crops/LVP_0030/frame_0042_rank_03.png
LVP_0030,42,2,3,0.12181366235017776,0.011542766645768233,1.0,True,0.1391043066978454,0.1567607820034027,0.7274535298347473,0.6416517496109009,0.9609375,0.98046875,/shared/ssd_30T/zhuoyingyang/physact/sam3_robowm/identity_v1/sam_masked_expansion6/crops/LVP_0030/frame_0042_rank_02.png,/shared/ssd_30T/zhuoyingyang/physact/sam3_robowm/identity_v1/sam_masked_expansion6/crops/LVP_0030/frame_0042_rank_03.png
LVP_0030,45,1,2,0.7843929529190063,0.0,0.0,False,0.6097277998924255,0.5568522810935974,0.9090020656585692,0.8401012420654297,0.97265625,0.97265625,/shared/ssd_30T/zhuoyingyang/physact/sam3_robowm/identity_v1/sam_masked_expansion6/crops/LVP_0030/frame_0045_rank_01.png,/shared/ssd_30T/zhuoyingyang/physact/sam3_robowm/identity_v1/sam_masked_expansion6/crops/LVP_0030/frame_0045_rank_02.png
LVP_0030,45,1,3,0.8175556659698486,0.4572374118481428,1.0,True,0.6097277998924255,0.1150830760598182,0.9090020656585692,0.8207007050514221,0.97265625,0.97265625,/shared/ssd_30T/zhuoyingyang/physact/sam3_robowm/identity_v1/sam_masked_expansion6/crops/LVP_0030/frame_0045_rank_01.png,/shared/ssd_30T/zhuoyingyang/physact/sam3_robowm/identity_v1/sam_masked_expansion6/crops/LVP_0030/frame_0045_rank_03.png
LVP_0030,45,2,3,0.8308625817298889,0.42895135609326673,1.0,True,0.5568522810935974,0.1150830760598182,0.8401012420654297,0.8207007050514221,0.97265625,0.97265625,/shared/ssd_30T/zhuoyingyang/physact/sam3_robowm/identity_v1/sam_masked_expansion6/crops/LVP_0030/frame_0045_rank_02.png,/shared/ssd_30T/zhuoyingyang/physact/sam3_robowm/identity_v1/sam_masked_expansion6/crops/LVP_0030/frame_0045_rank_03.png
LVP_0030,48,1,2,0.7866881489753723,0.0,0.0,False,0.6502830386161804,0.6082414388656616,0.8975415825843811,0.8630735874176025,0.97265625,0.96875,/shared/ssd_30T/zhuoyingyang/physact/sam3_robowm/identity_v1/sam_masked_expansion6/crops/LVP_0030/frame_0048_rank_01.png,/shared/ssd_30T/zhuoyingyang/physact/sam3_robowm/identity_v1/sam_masked_expansion6/crops/LVP_0030/frame_0048_rank_02.png
LVP_0030,48,1,3,0.21432965993881226,0.0184784625871057,1.0,True,0.6502830386161804,0.1399046778678894,0.8975415825843811,0.6769062280654907,0.97265625,0.98046875,/shared/ssd_30T/zhuoyingyang/physact/sam3_robowm/identity_v1/sam_masked_expansion6/crops/LVP_0030/frame_0048_rank_01.png,/shared/ssd_30T/zhuoyingyang/physact/sam3_robowm/identity_v1/sam_masked_expansion6/crops/LVP_0030/frame_0048_rank_03.png
LVP_0030,48,2,3,0.21424847841262817,0.017273142247282405,1.0,True,0.6082414388656616,0.1399046778678894,0.8630735874176025,0.6769062280654907,0.96875,0.98046875,/shared/ssd_30T/zhuoyingyang/physact/sam3_robowm/identity_v1/sam_masked_expansion6/crops/LVP_0030/frame_0048_rank_02.png,/shared/ssd_30T/zhuoyingyang/physact/sam3_robowm/identity_v1/sam_masked_expansion6/crops/LVP_0030/frame_0048_rank_03.png
