case,frame,prompt,gdino_score,source_similarity,x1,y1,x2,y2,rank
Cosmos2.5_0058,0,white cup,0.8660951852798462,0.9692679643630981,679.26806640625,353.4386291503906,741.68359375,446.3162536621094,1
Cosmos2.5_0058,3,white cup,0.8538597822189331,0.957352876663208,679.1644287109375,354.04345703125,741.4375,446.453125,1
Cosmos2.5_0058,6,white cup,0.8425318598747253,0.9603431224822998,680.6239624023438,353.218505859375,742.9662475585938,446.2255859375,1
Cosmos2.5_0058,9,white cup,0.8292736411094666,0.9645693302154541,680.0580444335938,352.80718994140625,742.4959106445312,445.1708984375,1
Cosmos2.5_0058,12,white cup,0.8279156684875488,0.9696836471557617,680.2588500976562,352.6474914550781,742.5757446289062,445.0315856933594,1
Cosmos2.5_0058,15,white cup,0.7501586079597473,0.941791296005249,681.546875,352.7757568359375,742.48095703125,444.7405395507813,1
Cosmos2.5_0058,15,white cup,0.1008836403489112,0.6894094944000244,575.5178833007812,278.248291015625,661.2055053710938,379.7955322265625,2
Cosmos2.5_0058,18,white cup,0.677425742149353,0.9598249197006226,680.9671020507812,352.6478881835937,742.4157104492188,444.6298828125,1
Cosmos2.5_0058,18,white cup,0.1662404537200927,0.6821339130401611,562.8232421875,301.7691650390625,644.1568603515625,399.33001708984375,2
Cosmos2.5_0058,21,white cup,0.6472281217575073,0.9631750583648682,680.2836303710938,353.01123046875,742.5845336914062,444.88092041015625,1
Cosmos2.5_0058,21,white cup,0.2198399752378463,0.7821406126022339,553.4901123046875,310.9324645996094,635.2933349609375,413.4245910644531,2
Cosmos2.5_0058,24,white cup,0.6335161924362183,0.961132287979126,680.9072265625,352.9319152832031,742.62451171875,444.6297912597656,1
Cosmos2.5_0058,24,white cup,0.2345937192440033,0.858683168888092,544.481689453125,322.6597900390625,625.3460693359375,425.63092041015625,2
Cosmos2.5_0058,27,white cup,0.5975310206413269,0.9632647633552551,681.0498046875,353.0436096191406,742.2686767578125,444.6363830566406,1
Cosmos2.5_0058,27,white cup,0.2604678273200989,0.8597110509872437,536.4375610351562,331.5683288574219,618.3840942382812,437.6033630371094,2
Cosmos2.5_0058,30,white cup,0.6122204661369324,0.9552976489067078,679.8628540039062,352.77899169921875,742.8200073242188,444.2819213867188,1
Cosmos2.5_0058,30,white cup,0.2600313127040863,0.8640377521514893,529.4744262695312,343.4374084472656,610.0513305664062,449.8315124511719,2
Cosmos2.5_0058,33,white cup,0.6123799085617065,0.9508980512619019,680.871826171875,353.12451171875,742.7572021484375,444.3150634765625,1
Cosmos2.5_0058,33,white cup,0.2327474951744079,0.7780967354774475,518.711181640625,358.0445861816406,600.9210205078125,463.8477478027344,2
Cosmos2.5_0058,36,white cup,0.6704424619674683,0.9489369988441467,680.7454223632812,353.09490966796875,742.7411499023438,444.4605102539063,1
Cosmos2.5_0058,36,white cup,0.1570647805929184,0.8099867105484009,511.3998718261719,364.7414855957031,594.9918823242188,472.8073425292969,2
Cosmos2.5_0058,39,white cup,0.5624645948410034,0.9621942043304443,680.7042846679688,353.3754272460937,742.6488647460938,444.2078247070313,1
Cosmos2.5_0058,39,white cup,0.3182624280452728,0.8470611572265625,511.2687683105469,372.1953125,591.9576416015625,479.93206787109375,2
Cosmos2.5_0058,39,white cup,0.1003346890211105,0.5482431650161743,420.0148315429688,100.35403442382812,1189.386474609375,696.7225341796875,3
Cosmos2.5_0058,42,white cup,0.5382283329963684,0.9665707349777222,680.6062622070312,353.2677917480469,742.5975952148438,444.1590881347656,1
Cosmos2.5_0058,42,white cup,0.3562753796577453,0.8377852439880371,510.7582092285156,377.0011596679688,591.7937622070312,484.0889892578125,2
Cosmos2.5_0058,42,white cup,0.1125428080558776,0.7015450596809387,426.318115234375,366.93353271484375,597.31103515625,533.2577514648438,3
Cosmos2.5_0058,45,white cup,0.5502910614013672,0.9499635696411133,678.3494873046875,353.3055114746094,742.962158203125,444.3297424316406,1
Cosmos2.5_0058,45,white cup,0.3102113306522369,0.8435566425323486,511.1474914550781,380.6829223632813,591.500732421875,488.063720703125,2
Cosmos2.5_0058,45,white cup,0.1141653880476951,0.7072458863258362,426.1301879882813,375.8268737792969,595.2257080078125,532.833984375,3
Cosmos2.5_0058,48,white cup,0.538156270980835,0.9477757215499878,678.724609375,353.3514709472656,742.85791015625,444.3639831542969,1
Cosmos2.5_0058,48,white cup,0.3376995921134949,0.8169950246810913,509.5540161132813,385.016845703125,590.1975708007812,492.6192626953125,2
Cosmos2.5_0058,48,white cup,0.1040560528635978,0.7012025117874146,426.6246337890625,379.8245544433594,595.486083984375,532.8834228515625,3
Cosmos2.5_0058,51,white cup,0.5004051327705383,0.9572149515151978,680.5159912109375,353.52069091796875,742.2242431640625,444.223876953125,1
Cosmos2.5_0058,51,white cup,0.3893924653530121,0.8199961185455322,506.7321166992188,388.6074523925781,586.9387817382812,497.7288513183594,2
Cosmos2.5_0058,51,white cup,0.1397786289453506,0.6713608503341675,426.09869384765625,384.38079833984375,593.4110717773438,532.5789794921875,3
Cosmos2.5_0058,54,white cup,0.4751045703887939,0.9588934183120728,680.0399169921875,353.47821044921875,742.3580322265625,444.26220703125,1
Cosmos2.5_0058,54,white cup,0.4241486191749573,0.7939081788063049,503.0570983886719,393.3851623535156,584.144775390625,499.8700256347656,2
Cosmos2.5_0058,54,white cup,0.1747581958770752,0.6321759819984436,425.8198547363281,362.9905395507813,594.6793212890625,534.3684692382812,3
Cosmos2.5_0058,57,white cup,0.4778877198696136,0.9667527675628662,679.9296264648438,353.440673828125,742.4846801757812,444.2279052734375,1
Cosmos2.5_0058,57,white cup,0.4034358561038971,0.7419226765632629,501.0301513671875,397.6463623046875,581.034912109375,504.4580078125,2
Cosmos2.5_0058,57,white cup,0.177697479724884,0.6624120473861694,425.4230041503906,367.0799255371094,593.7674560546875,534.155029296875,3
Cosmos2.5_0058,60,white cup,0.4938529431819916,0.960708498954773,680.9104614257812,353.406005859375,742.1215209960938,444.26220703125,1
Cosmos2.5_0058,60,white cup,0.3943619132041931,0.7349260449409485,499.15240478515625,400.4560241699219,579.9564819335938,507.6549987792969,2
Cosmos2.5_0058,60,white cup,0.1465800702571869,0.6323423981666565,424.974365234375,365.3559265136719,596.0427856445312,536.3367919921875,3
Cosmos2.5_0058,63,white cup,0.4783101975917816,0.9604950547218323,681.2732543945312,353.418701171875,742.1441040039062,444.3369140625,1
Cosmos2.5_0058,63,white cup,0.4089924693107605,0.7538061141967773,498.7957458496094,407.1002197265625,578.2486572265625,512.3473510742188,2
Cosmos2.5_0058,63,white cup,0.1374418884515762,0.658645510673523,425.833251953125,369.1022338867188,594.8775634765625,535.1476440429688,3
Cosmos2.5_0058,66,white cup,0.4598560631275177,0.9600965976715088,680.9459838867188,353.5023803710937,742.2683715820312,444.320556640625,1
Cosmos2.5_0058,66,white cup,0.4331423938274383,0.7697048187255859,498.8662109375,410.38177490234375,575.781494140625,515.1106567382812,2
Cosmos2.5_0058,66,white cup,0.1376673728227615,0.6803935170173645,426.72650146484375,368.84381103515625,594.9740600585938,536.1366577148438,3
Cosmos2.5_0058,69,white cup,0.4536914527416229,0.9580284953117371,681.3001708984375,353.5075378417969,742.4014892578125,444.3423156738281,1
Cosmos2.5_0058,69,white cup,0.4384068846702575,0.7915079593658447,497.1285400390625,412.6323852539063,574.093994140625,516.0894775390625,2
Cosmos2.5_0058,69,white cup,0.1647703647613525,0.6721082925796509,426.2669067382813,370.4571533203125,594.7488403320312,535.2493286132812,3
Cosmos2.5_0058,72,white cup,0.4602036476135254,0.9518972635269165,680.3870239257812,353.4758605957031,742.3983764648438,444.3374328613281,1
Cosmos2.5_0058,72,white cup,0.4414670169353485,0.8025610446929932,495.6589965820313,413.4008483886719,573.6698608398438,515.989501953125,2
Cosmos2.5_0058,72,white cup,0.1308354586362838,0.6838282346725464,426.783447265625,368.7061462402344,595.1703491210938,536.33837890625,3
Cosmos2.5_0058,75,white cup,0.493634819984436,0.9494911432266235,680.5856323242188,353.4080810546875,742.3494262695312,444.3186645507813,1
Cosmos2.5_0058,75,white cup,0.409780889749527,0.7957359552383423,496.2454223632813,413.3518981933594,573.4946899414062,515.4853515625,2
Cosmos2.5_0058,75,white cup,0.1590864211320877,0.6856197118759155,425.6641540527344,369.86566162109375,594.603759765625,534.6234741210938,3
Cosmos2.5_0058,78,white cup,0.3923588097095489,0.9539085626602173,681.061279296875,353.5096130371094,742.2919921875,444.1585998535156,1
Cosmos2.5_0058,78,white cup,0.4856718778610229,0.826244056224823,494.172607421875,411.9179382324219,573.6556396484375,515.4898681640625,2
Cosmos2.5_0058,78,white cup,0.1561357527971267,0.7507103681564331,426.8240051269531,408.0986633300781,595.638671875,535.412841796875,3
Cosmos2.5_0058,81,white cup,0.4238159656524658,0.9580506682395935,680.6304321289062,353.6318664550781,742.3938598632812,443.9828796386719,1
Cosmos2.5_0058,81,white cup,0.4827053546905517,0.8198581337928772,493.7586059570313,410.91448974609375,573.5332641601562,514.668701171875,2
Cosmos2.5_0058,81,white cup,0.1752897500991821,0.7707918882369995,426.3098449707031,409.1421203613281,594.586669921875,535.0084838867188,3
Cosmos2.5_0058,84,white cup,0.3291292488574981,0.9569507241249084,680.2952880859375,353.56915283203125,742.3619384765625,443.91607666015625,1
Cosmos2.5_0058,84,white cup,0.5468974113464355,0.8640583157539368,493.9056396484375,410.5092468261719,573.177001953125,514.6681518554688,2
Cosmos2.5_0058,84,white cup,0.1763712167739868,0.75373375415802,426.057373046875,408.34674072265625,594.9039916992188,535.6572265625,3
Cosmos2.5_0058,87,white cup,0.3055306673049927,0.9474856853485107,680.3811645507812,353.61053466796875,742.2468872070312,444.0665283203125,1
Cosmos2.5_0058,87,white cup,0.5670052766799927,0.8503103256225586,494.5123901367188,410.2599792480469,573.0829467773438,514.8800659179688,2
Cosmos2.5_0058,87,white cup,0.1726827621459961,0.7305176258087158,425.7874755859375,407.879150390625,594.9671630859375,536.0570678710938,3
Cosmos2.5_0058,90,white cup,0.3416354358196258,0.9548293948173523,679.9697265625,353.6210021972656,742.3564453125,444.4375915527344,1
Cosmos2.5_0058,90,white cup,0.5301595330238342,0.800055742263794,495.0330505371094,412.0531005859375,572.65283203125,514.730224609375,2
Cosmos2.5_0058,90,white cup,0.172006294131279,0.7429452538490295,425.69635009765625,409.7033996582031,594.7765502929688,535.7485961914062,3
Cosmos2.5_0058,92,white cup,0.4761974215507507,0.9471067786216736,680.6201782226562,353.7198791503906,742.1624145507812,444.4213562011719,1
Cosmos2.5_0058,92,white cup,0.4200466871261596,0.7819436192512512,491.1019287109375,418.480224609375,572.5758056640625,514.7542724609375,2
Cosmos2.5_0058,92,white cup,0.1407248973846435,0.7415696382522583,426.0846557617188,414.5719909667969,594.5701904296875,535.0197143554688,3
Cosmos2.5_0058,92,white cup,0.1275494396686554,0.6110947728157043,425.5266723632813,179.10494995117188,637.1238403320312,533.239501953125,4
Cosmos2.5_0060,0,white cup,0.7965797781944275,0.9544080495834351,798.7677612304688,345.1925354003906,860.8657836914062,432.2102355957031,1
Cosmos2.5_0060,3,white cup,0.7250688076019287,0.934721827507019,798.8189086914062,346.01153564453125,860.0453491210938,432.532470703125,1
Cosmos2.5_0060,6,white cup,0.5120589733123779,0.9552427530288696,799.9483642578125,345.86358642578125,862.172607421875,431.4744873046875,1
Cosmos2.5_0060,6,white cup,0.2673339247703552,0.8147038221359253,610.9964599609375,267.36376953125,716.02685546875,361.7911376953125,2
Cosmos2.5_0060,9,white cup,0.5171442627906799,0.8604556322097778,799.3892822265625,345.674072265625,861.422607421875,431.3566284179688,1
Cosmos2.5_0060,9,white cup,0.2539918422698974,0.7859861850738525,607.5974731445312,285.322265625,715.2509155273438,394.7994995117188,2
Cosmos2.5_0060,12,white cup,0.5547360777854919,0.8910324573516846,799.7464599609375,345.3026733398437,861.9925537109375,431.2495727539063,1
Cosmos2.5_0060,12,white cup,0.2471707314252853,0.8515874743461609,596.1577758789062,313.3143615722656,700.7748413085938,432.9964904785156,2
Cosmos2.5_0060,15,white cup,0.4570442140102386,0.9235683679580688,799.8908081054688,345.7207946777344,862.1109008789062,431.0669860839844,1
Cosmos2.5_0060,15,white cup,0.3553332984447479,0.8029992580413818,576.2774658203125,344.03179931640625,675.7535400390625,464.2242431640625,2
Cosmos2.5_0060,18,white cup,0.2826290428638458,0.9167910218238831,800.1346435546875,345.3514709472656,861.5421142578125,430.5504455566406,1
Cosmos2.5_0060,18,white cup,0.5821701884269714,0.7916936278343201,563.5824584960938,381.6675720214844,654.3281860351562,504.9140930175781,2
Cosmos2.5_0060,21,white cup,0.2780613601207733,0.9248460531234741,800.0222778320312,345.6922607421875,861.5978393554688,430.9481201171875,1
Cosmos2.5_0060,21,white cup,0.6073411107063293,0.8572152256965637,551.6072998046875,412.801513671875,639.84521484375,534.8841552734375,2
Cosmos2.5_0060,24,white cup,0.2578718364238739,0.9376109838485718,800.0957641601562,345.620849609375,861.9013061523438,430.67291259765625,1
Cosmos2.5_0060,24,white cup,0.6531069874763489,0.8049054145812988,540.3792114257812,429.1668090820313,629.6876831054688,553.2764892578125,2
Cosmos2.5_0060,27,white cup,0.2736991047859192,0.9465307593345642,799.8338623046875,345.6104431152344,861.9029541015625,431.0094909667969,1
Cosmos2.5_0060,27,white cup,0.6065166592597961,0.8149405717849731,530.7686157226562,433.7118835449219,619.6961059570312,556.5320434570312,2
Cosmos2.5_0060,30,white cup,0.2653024196624756,0.9360272884368896,799.8897705078125,345.31610107421875,861.8966064453125,430.9520263671875,1
Cosmos2.5_0060,30,white cup,0.6088277101516724,0.8767504096031189,516.0345458984375,422.3392333984375,602.619140625,542.8760375976562,2
Cosmos2.5_0060,33,white cup,0.2453858107328415,0.9354177713394165,799.8565063476562,345.528076171875,861.6747436523438,430.97271728515625,1
Cosmos2.5_0060,33,white cup,0.5899772047996521,0.7967585325241089,506.7643432617188,402.9700317382813,589.4608764648438,516.6415405273438,2
Cosmos2.5_0060,33,white cup,0.1144014000892639,0.7105646133422852,426.70904541015625,401.26702880859375,597.2100830078125,534.5675048828125,3
Cosmos2.5_0060,36,white cup,0.2919733822345733,0.9269253015518188,799.7902221679688,345.8637390136719,861.5844116210938,430.9886169433594,1
Cosmos2.5_0060,36,white cup,0.5770455002784729,0.7957805395126343,506.3679504394531,396.9525451660156,584.9161987304688,504.1101379394531,2
Cosmos2.5_0060,36,white cup,0.1084478050470352,0.7376053333282471,426.934814453125,394.7886352539063,596.1138916015625,534.3812866210938,3
Cosmos2.5_0060,39,white cup,0.3345230221748352,0.9470158815383911,799.7569580078125,345.6829528808594,861.577880859375,430.9089660644531,1
Cosmos2.5_0060,39,white cup,0.5282092094421387,0.8307749629020691,508.7149963378906,390.936767578125,586.5253295898438,496.4962158203125,2
Cosmos2.5_0060,39,white cup,0.1154320538043975,0.7085102796554565,426.8144836425781,388.45611572265625,596.7405395507812,534.0162353515625,3
Cosmos2.5_0060,42,white cup,0.3546502590179443,0.9463303089141846,799.6256713867188,345.64794921875,861.5225219726562,430.9060668945313,1
Cosmos2.5_0060,42,white cup,0.1057857722043991,0.9344627261161804,780.5162963867188,328.384765625,880.6427612304688,447.7625122070313,2
Cosmos2.5_0060,42,white cup,0.5110301375389099,0.8279194831848145,508.4414978027344,391.26605224609375,585.7271118164062,494.96002197265625,3
Cosmos2.5_0060,42,white cup,0.1195280030369758,0.7163581848144531,426.7355041503906,388.6647033691406,596.32958984375,533.9228515625,4
Cosmos2.5_0060,45,white cup,0.3586623072624206,0.9442247152328491,799.6466064453125,345.6483764648437,861.5303955078125,431.0325317382813,1
Cosmos2.5_0060,45,white cup,0.1122023165225982,0.9343516230583191,780.858642578125,329.1849975585937,879.984619140625,447.3855590820313,2
Cosmos2.5_0060,45,white cup,0.4972183108329773,0.8357036113739014,508.9360961914063,391.6039733886719,585.6909790039062,494.3995666503906,3
Cosmos2.5_0060,45,white cup,0.1244158744812011,0.7154545783996582,426.9204406738281,388.9834289550781,596.7770385742188,533.851318359375,4
Cosmos2.5_0060,45,white cup,0.1001475676894187,0.5806668996810913,423.7842712402344,226.22666931152344,596.12158203125,533.6510620117188,5
Cosmos2.5_0060,48,white cup,0.3804753124713897,0.9500659704208374,799.6132202148438,345.8426818847656,861.4417114257812,431.0131530761719,1
Cosmos2.5_0060,48,white cup,0.1123200058937072,0.940805971622467,780.408203125,328.90142822265625,880.562744140625,447.6725463867188,2
Cosmos2.5_0060,48,white cup,0.4922529757022857,0.8036918640136719,508.0173034667969,395.752685546875,583.5079956054688,496.8679809570313,3
Cosmos2.5_0060,48,white cup,0.126552939414978,0.7034637928009033,426.8518676757813,393.1419677734375,595.9581909179688,533.829833984375,4
Cosmos2.5_0060,48,white cup,0.1062631532549858,0.5886303782463074,424.4911804199219,229.6858062744141,596.4798583984375,533.227783203125,5
Cosmos2.5_0060,48,white cup,0.103773146867752,0.521111786365509,423.13861083984375,120.3714599609375,1190.8134765625,696.2176513671875,6
Cosmos2.5_0060,51,white cup,0.2997972965240478,0.9434939622879028,799.8721313476562,345.70556640625,861.2632446289062,431.1661376953125,1
Cosmos2.5_0060,51,white cup,0.1051738262176513,0.9299925565719604,781.3585205078125,329.87237548828125,879.7442626953125,447.4971923828125,2
Cosmos2.5_0060,51,white cup,0.562938392162323,0.783865213394165,506.5590515136719,398.7519226074219,580.5028686523438,499.8453063964844,3
Cosmos2.5_0060,51,white cup,0.1156362667679786,0.6770837903022766,427.003662109375,396.1226196289063,596.449951171875,534.287353515625,4
Cosmos2.5_0060,54,white cup,0.2953166961669922,0.9346295595169067,799.7698974609375,345.6373596191406,861.3162841796875,431.2044372558594,1
Cosmos2.5_0060,54,white cup,0.1024485826492309,0.9321017861366272,781.2348022460938,329.3409118652344,880.5195922851562,447.7149353027344,2
Cosmos2.5_0060,54,white cup,0.5697845220565796,0.8004149198532104,504.7493896484375,403.04986572265625,578.907470703125,501.7866821289063,3
Cosmos2.5_0060,54,white cup,0.1143702641129493,0.7084307670593262,426.61614990234375,400.476806640625,596.290283203125,534.6306762695312,4
Cosmos2.5_0060,57,white cup,0.2772189676761627,0.9482946395874023,799.7813110351562,345.77703857421875,861.3430786132812,431.38525390625,1
Cosmos2.5_0060,57,white cup,0.1041328459978103,0.9245681762695312,781.7019653320312,330.27752685546875,879.8994750976562,447.59765625,2
Cosmos2.5_0060,57,white cup,0.5639785528182983,0.7779741287231445,501.968994140625,407.0244140625,575.20556640625,506.3267822265625,3
Cosmos2.5_0060,57,white cup,0.1387362480163574,0.6725626587867737,426.4476013183594,404.7083435058594,595.5554809570312,534.9429931640625,4
Cosmos2.5_0060,60,white cup,0.2764787673950195,0.9456006288528442,799.704345703125,345.6733093261719,861.36376953125,431.1915588378906,1
Cosmos2.5_0060,60,white cup,0.1036490648984909,0.9173308610916138,781.8104858398438,330.0918273925781,879.5409545898438,447.4313049316406,2
Cosmos2.5_0060,60,white cup,0.556982696056366,0.7790820598602295,501.6961669921875,408.05810546875,574.6031494140625,511.19189453125,3
Cosmos2.5_0060,60,white cup,0.1430902630090713,0.7051819562911987,426.7117919921875,405.6643981933594,595.62109375,535.3411254882812,4
Cosmos2.5_0060,63,white cup,0.2768930494785309,0.9518551826477051,799.7294311523438,345.6400146484375,861.5036010742188,431.3602294921875,1
Cosmos2.5_0060,63,white cup,0.1021706983447074,0.9410717487335205,781.056396484375,329.6209716796875,880.618408203125,447.9751586914063,2
Cosmos2.5_0060,63,white cup,0.5543673634529114,0.831678569316864,500.8416137695313,411.879150390625,573.4541625976562,512.3388061523438,3
Cosmos2.5_0060,63,white cup,0.1373531520366668,0.6939737796783447,426.7632141113281,409.420166015625,595.9444580078125,535.412109375,4
Cosmos2.5_0060,66,white cup,0.2843210697174072,0.9357081055641174,799.5711059570312,345.6698913574219,861.4902954101562,431.3015441894531,1
Cosmos2.5_0060,66,white cup,0.103087767958641,0.9209913015365601,781.15673828125,329.6908569335937,880.0731201171875,447.5960083007813,2
Cosmos2.5_0060,66,white cup,0.5521205067634583,0.8541139364242554,500.72894287109375,414.6143798828125,572.4132690429688,513.9132080078125,3
Cosmos2.5_0060,66,white cup,0.1310745328664779,0.7440925240516663,426.95166015625,412.2727966308594,595.8456420898438,535.3841552734375,4
Cosmos2.5_0060,69,white cup,0.2822591364383697,0.9314169883728027,799.8248291015625,345.71417236328125,861.58154296875,431.12451171875,1
Cosmos2.5_0060,69,white cup,0.1037381440401077,0.9265496730804443,781.5770263671875,329.85137939453125,879.9298095703125,447.50140380859375,2
Cosmos2.5_0060,69,white cup,0.5483742952346802,0.8277394771575928,498.9344177246094,415.31097412109375,572.1376953125,514.1458740234375,3
Cosmos2.5_0060,69,white cup,0.1397157162427902,0.7709676027297974,427.2009887695313,413.2806396484375,595.5492553710938,535.3355712890625,4
Cosmos2.5_0060,69,white cup,0.1012539640069007,0.58050137758255,426.1036987304688,237.75021362304688,602.1370239257812,533.4464111328125,5
Cosmos2.5_0060,72,white cup,0.2563700377941131,0.9315382242202759,799.6759643554688,345.6603088378906,861.5083618164062,431.2119445800781,1
Cosmos2.5_0060,72,white cup,0.570430338382721,0.820489227771759,498.07080078125,415.55609130859375,572.0849609375,514.32568359375,2
Cosmos2.5_0060,72,white cup,0.1316898167133331,0.753448486328125,427.074462890625,413.2755126953125,595.5543212890625,535.2198486328125,3
Cosmos2.5_0060,75,white cup,0.2954943776130676,0.9304594993591309,799.681884765625,345.7067565917969,861.42041015625,431.2380065917969,1
Cosmos2.5_0060,75,white cup,0.1050635278224945,0.918374240398407,781.6841430664062,329.745849609375,879.6015014648438,447.400146484375,2
Cosmos2.5_0060,75,white cup,0.5486880540847778,0.8177090883255005,500.2656555175781,415.2843627929688,572.130126953125,513.7437133789062,3
Cosmos2.5_0060,75,white cup,0.1241087689995765,0.7701192498207092,427.1554870605469,413.2376403808594,595.5381469726562,535.2326049804688,4
Cosmos2.5_0060,78,white cup,0.1007337793707847,0.9418138265609741,781.3422241210938,329.6977844238281,880.1080932617188,447.6124572753906,1
Cosmos2.5_0060,78,white cup,0.2794407606124878,0.9307056665420532,799.6618041992188,345.78277587890625,861.5115356445312,431.21728515625,2
Cosmos2.5_0060,78,white cup,0.5602083206176758,0.8214676380157471,500.09130859375,415.2565002441406,572.1343994140625,513.4102783203125,3
Cosmos2.5_0060,78,white cup,0.1219262927770614,0.7541059851646423,427.1438293457031,412.8235168457031,595.5145874023438,535.3515625,4
Cosmos2.5_0060,78,white cup,0.100485660135746,0.5741065144538879,425.8467712402344,235.93280029296875,603.3867797851562,533.9534912109375,5
Cosmos2.5_0060,81,white cup,0.3085498809814453,0.9343338012695312,799.6489868164062,345.79888916015625,861.5642700195312,431.07568359375,1
Cosmos2.5_0060,81,white cup,0.1086012944579124,0.9271421432495117,781.5438232421875,329.4806823730469,879.824462890625,447.5390930175781,2
Cosmos2.5_0060,81,white cup,0.5474953651428223,0.8006870746612549,500.08642578125,414.3879699707031,572.0355224609375,513.4961547851562,3
Cosmos2.5_0060,81,white cup,0.1368582844734192,0.7173054218292236,426.6231689453125,411.8681945800781,595.5084228515625,535.4872436523438,4
Cosmos2.5_0060,84,white cup,0.3734349012374878,0.9373276233673096,799.5682373046875,345.7018737792969,861.556640625,431.2349548339844,1
Cosmos2.5_0060,84,white cup,0.1170967146754264,0.9279694557189941,781.0430908203125,329.28619384765625,880.004150390625,447.731201171875,2
Cosmos2.5_0060,84,white cup,0.5164089798927307,0.8026504516601562,498.5045166015625,415.0026245117188,571.7255859375,513.529296875,3
Cosmos2.5_0060,84,white cup,0.1547278314828872,0.7222529649734497,426.4796142578125,412.27581787109375,595.1884765625,535.2649536132812,4
Cosmos2.5_0060,87,white cup,0.34465092420578,0.9456104040145874,799.588623046875,345.5720520019531,861.640380859375,431.0856628417969,1
Cosmos2.5_0060,87,white cup,0.1088432297110557,0.940025806427002,781.0206909179688,328.5478820800781,880.3494262695312,447.6091003417969,2
Cosmos2.5_0060,87,white cup,0.5292679667472839,0.8484255075454712,497.9880676269531,414.7794799804688,571.5640258789062,513.5603637695312,3
Cosmos2.5_0060,87,white cup,0.1497170031070709,0.7182657718658447,426.4542846679688,411.9381103515625,595.1757202148438,535.34521484375,4
Cosmos2.5_0060,90,white cup,0.440342903137207,0.9485137462615967,799.535888671875,345.51641845703125,861.6781005859375,431.1712036132813,1
Cosmos2.5_0060,90,white cup,0.1207179054617881,0.9209439754486084,780.2501831054688,327.6893005371094,881.0908813476562,448.1770324707031,2
Cosmos2.5_0060,90,white cup,0.4526944756507873,0.8095228672027588,499.7170104980469,413.6897888183594,570.9494018554688,513.894287109375,3
Cosmos2.5_0060,90,white cup,0.1519507020711898,0.709942102432251,426.412353515625,410.0037536621094,594.6904907226562,535.2862548828125,4
Cosmos2.5_0060,90,white cup,0.1225849390029907,0.5638632774353027,425.7541809082031,195.2603912353516,612.9251708984375,533.9556274414062,5
Cosmos2.5_0060,92,white cup,0.5219985246658325,0.9493606090545654,799.486083984375,345.3768310546875,861.6834716796875,431.2958984375,1
Cosmos2.5_0060,92,white cup,0.1046928986907005,0.9325505495071411,779.517578125,326.33795166015625,883.53857421875,449.096435546875,2
Cosmos2.5_0060,92,white cup,0.3867481648921966,0.8039480447769165,503.054931640625,414.78656005859375,570.8045654296875,513.9628295898438,3
Cosmos2.5_0060,92,white cup,0.1193288043141365,0.7237938642501831,426.39788818359375,411.123779296875,594.0916137695312,534.8384399414062,4
Cosmos3_seed101_0010,0,white cup,0.5879442095756531,0.9871019124984741,435.6548461914063,175.09405517578125,594.2787475585938,372.3223876953125,1
Cosmos3_seed101_0010,0,white cup,0.4246306419372558,0.8445106744766235,371.0272216796875,379.5838928222656,442.347412109375,484.8014221191406,2
Cosmos3_seed101_0010,3,white cup,0.5801275968551636,0.9775992631912231,435.7898254394531,174.96487426757812,594.7337646484375,372.1663513183594,1
Cosmos3_seed101_0010,3,white cup,0.4537060856819153,0.8282756805419922,371.081298828125,379.5525817871094,442.6048583984375,484.6231384277344,2
Cosmos3_seed101_0010,6,white cup,0.5979622006416321,0.9695444107055664,435.5570373535156,174.94192504882812,594.5106201171875,372.3760681152344,1
Cosmos3_seed101_0010,6,white cup,0.4426511824131012,0.8321274518966675,371.0858459472656,379.5187072753906,442.3147277832031,484.4908752441406,2
Cosmos3_seed101_0010,9,white cup,0.6225875616073608,0.9776642918586731,435.3999633789063,175.13604736328125,594.2903442382812,372.3524169921875,1
Cosmos3_seed101_0010,9,white cup,0.437945157289505,0.8226122260093689,370.9770202636719,379.5126647949219,442.2657165527344,484.3276672363281,2
Cosmos3_seed101_0010,12,white cup,0.5397029519081116,0.9775906801223755,435.1920471191406,174.62469482421875,594.3226318359375,371.806640625,1
Cosmos3_seed101_0010,12,white cup,0.523044764995575,0.8353884220123291,371.0652465820313,378.7078552246094,442.2604370117188,483.9080505371094,2
Cosmos3_seed101_0010,15,white cup,0.625860869884491,0.9667994379997253,435.39349365234375,175.06210327148438,594.4203491210938,372.1931457519531,1
Cosmos3_seed101_0010,15,white cup,0.4799087345600128,0.8401833772659302,371.03076171875,379.3911437988281,442.3276977539063,484.2522888183594,2
Cosmos3_seed101_0010,18,white cup,0.6577567458152771,0.9595662355422974,435.2218322753906,175.4405975341797,594.4005126953125,372.26513671875,1
Cosmos3_seed101_0010,18,white cup,0.4400548934936523,0.8305562734603882,370.9809875488281,379.6028442382813,442.3814392089844,484.7283325195313,2
Cosmos3_seed101_0010,21,white cup,0.6202250719070435,0.9670383334159851,435.4922790527344,175.0804443359375,594.4892578125,372.154541015625,1
Cosmos3_seed101_0010,21,white cup,0.4399388432502746,0.8372616171836853,371.0011291503906,379.2345275878906,442.5225524902344,484.5195007324219,2
Cosmos3_seed101_0010,24,white cup,0.6024268865585327,0.9538512229919434,435.5144653320313,175.18276977539062,594.4091186523438,372.4474182128906,1
Cosmos3_seed101_0010,24,white cup,0.4726513028144836,0.8392926454544067,371.1270751953125,379.7645568847656,442.4810180664063,484.8121643066406,2
Cosmos3_seed101_0010,27,white cup,0.549601137638092,0.974622368812561,435.4971923828125,174.00180053710938,594.6744384765625,371.8325500488281,1
Cosmos3_seed101_0010,27,white cup,0.4862284660339355,0.8320667743682861,371.2620849609375,378.58013916015625,442.6539306640625,483.7990112304688,2
Cosmos3_seed101_0010,30,white cup,0.591838538646698,0.9713329076766968,435.7706298828125,174.1680908203125,594.6656494140625,372.09613037109375,1
Cosmos3_seed101_0010,30,white cup,0.4435338377952575,0.8296799063682556,371.3219604492188,378.858642578125,442.8059692382813,484.2568359375,2
Cosmos3_seed101_0010,33,white cup,0.6513411998748779,0.9630616903305054,435.9116516113281,174.9931640625,594.8033447265625,372.03564453125,1
Cosmos3_seed101_0010,33,white cup,0.3760946094989776,0.8246954679489136,371.3088684082031,378.85400390625,442.7724914550781,484.2811279296875,2
Cosmos3_seed101_0010,36,white cup,0.5186107158660889,0.9615528583526611,435.6714782714844,174.64157104492188,594.883544921875,372.1970520019531,1
Cosmos3_seed101_0010,36,white cup,0.478910356760025,0.8376869559288025,371.1306762695313,378.8458251953125,442.90179443359375,484.2205200195313,2
Cosmos3_seed101_0010,39,white cup,0.6157688498497009,0.9514452815055847,435.9000244140625,174.90538024902344,594.5010986328125,371.9733276367188,1
Cosmos3_seed101_0010,39,white cup,0.408569723367691,0.8243383169174194,371.3310546875,379.1806945800781,442.6404418945313,484.3454895019531,2
Cosmos3_seed101_0010,42,white cup,0.5793766379356384,0.9695451259613037,435.7302856445313,174.7276611328125,594.3690795898438,372.144287109375,1
Cosmos3_seed101_0010,42,white cup,0.4297561049461365,0.8214844465255737,371.14935302734375,378.8186645507813,442.5606689453125,484.3853149414063,2
Cosmos3_seed101_0010,45,white cup,0.6100451946258545,0.9432390332221985,435.7969970703125,174.66986083984375,594.3358154296875,372.18597412109375,1
Cosmos3_seed101_0010,45,white cup,0.3887293934822082,0.823037326335907,371.232666015625,378.8022766113281,442.6326293945313,484.4070129394531,2
Cosmos3_seed101_0010,48,white cup,0.6752666234970093,0.9541004300117493,435.8118896484375,174.3741455078125,594.4677734375,372.0570068359375,1
Cosmos3_seed101_0010,48,white cup,0.3926109373569488,0.8227189779281616,371.0807189941406,379.0184020996094,442.6936340332031,484.2636413574219,2
Cosmos3_seed101_0010,51,white cup,0.6426315307617188,0.9656375050544739,435.788818359375,174.666259765625,594.3841552734375,372.00982666015625,1
Cosmos3_seed101_0010,51,white cup,0.3845319449901581,0.8223937749862671,371.0003662109375,378.9097595214844,442.8668212890625,484.3329772949219,2
Cosmos3_seed101_0010,54,white cup,0.6028095483779907,0.9638067483901978,435.7089538574219,174.64657592773438,594.3494262695312,372.1334533691406,1
Cosmos3_seed101_0010,54,white cup,0.4025044739246368,0.8194972276687622,371.099853515625,378.5965576171875,442.8732299804688,484.3037109375,2
Cosmos3_seed101_0010,57,white cup,0.6097625494003296,0.9374205470085144,435.8412780761719,174.9363555908203,594.157958984375,372.4967651367188,1
Cosmos3_seed101_0010,57,white cup,0.4007951021194458,0.8205537796020508,371.195556640625,379.1119995117188,443.0411987304688,484.8704223632813,2
Cosmos3_seed101_0010,60,white cup,0.5696214437484741,0.946205735206604,435.7003784179688,174.69403076171875,593.9760131835938,372.3546142578125,1
Cosmos3_seed101_0010,60,white cup,0.4192090630531311,0.8346697688102722,371.3341369628906,379.1687622070313,442.9244079589844,484.6968383789063,2
Cosmos3_seed101_0010,60,white cup,0.1029413044452667,0.6370819807052612,634.3736572265625,370.3638610839844,703.2557373046875,472.9374084472656,3
Cosmos3_seed101_0010,63,white cup,0.5274062156677246,0.9434983730316162,435.8325805664063,174.51272583007812,594.3446655273438,372.2017517089844,1
Cosmos3_seed101_0010,63,white cup,0.4023939669132232,0.8396706581115723,371.4808349609375,378.9494323730469,442.8120727539063,484.3219299316406,2
Cosmos3_seed101_0010,63,white cup,0.298860102891922,0.760232150554657,634.7925415039062,381.6463012695313,694.7734985351562,474.0631103515625,3
Cosmos3_seed101_0010,66,white cup,0.4702900648117065,0.9410616159439087,435.9018249511719,174.53897094726562,594.449951171875,372.1374816894531,1
Cosmos3_seed101_0010,66,white cup,0.4225146770477295,0.8384933471679688,371.49212646484375,378.7908325195313,442.596923828125,484.08782958984375,2
Cosmos3_seed101_0010,66,white cup,0.340469092130661,0.7335184812545776,634.2791137695312,380.9620361328125,692.7522583007812,473.9446411132813,3
Cosmos3_seed101_0010,69,white cup,0.4797183275222778,0.9497537016868591,435.822509765625,175.4561767578125,594.4532470703125,372.6061401367188,1
Cosmos3_seed101_0010,69,white cup,0.4268494844436645,0.828208863735199,371.7334899902344,379.5112609863281,442.5718688964844,484.6893615722656,2
Cosmos3_seed101_0010,69,white cup,0.3628747761249542,0.7514498829841614,629.6580810546875,375.1971130371094,689.7095947265625,469.4672546386719,3
Cosmos3_seed101_0010,72,white cup,0.4601269662380218,0.9496420621871948,435.7651062011719,174.91259765625,594.5350952148438,372.22662353515625,1
Cosmos3_seed101_0010,72,white cup,0.4260716736316681,0.83329176902771,371.76904296875,378.9872131347656,442.6489868164063,484.2897033691406,2
Cosmos3_seed101_0010,72,white cup,0.3541717231273651,0.7112988233566284,621.3602294921875,368.0894775390625,680.7095947265625,463.09320068359375,3
Cosmos3_seed101_0010,75,white cup,0.4261238574981689,0.9344137907028198,435.8377990722656,174.4573516845703,594.44189453125,371.6923828125,1
Cosmos3_seed101_0010,75,white cup,0.4401059746742248,0.8299520611763,371.6204223632813,378.48284912109375,442.64111328125,483.6126098632813,2
Cosmos3_seed101_0010,75,white cup,0.3970471024513244,0.7471938133239746,620.0872802734375,369.48046875,681.798095703125,462.63812255859375,3
Cosmos3_seed101_0010,78,white cup,0.4625051617622375,0.942146897315979,435.972900390625,174.9647979736328,594.4434814453125,372.1644287109375,1
Cosmos3_seed101_0010,78,white cup,0.4235300719738006,0.8251450061798096,371.6376953125,378.8806457519531,442.59967041015625,483.9847717285156,2
Cosmos3_seed101_0010,78,white cup,0.3776961266994476,0.7241101264953613,620.1151733398438,369.9049987792969,681.7592163085938,463.0401306152344,3
Cosmos3_seed101_0010,81,white cup,0.4553234577178955,0.9278310537338257,435.6408081054688,175.4150390625,594.3522338867188,372.4342041015625,1
Cosmos3_seed101_0010,81,white cup,0.4281988739967346,0.819584846496582,371.6162109375,379.5887451171875,442.45751953125,484.5220947265625,2
Cosmos3_seed101_0010,81,white cup,0.3824778497219085,0.7168681621551514,620.0015258789062,370.0694885253906,681.5609741210938,463.6804504394531,3
Cosmos3_seed101_0010,84,white cup,0.3655363619327545,0.9371535778045654,435.4708862304688,174.8806915283203,594.4172973632812,372.4065551757813,1
Cosmos3_seed101_0010,84,white cup,0.4510003328323364,0.8212379813194275,371.5150146484375,378.7349548339844,442.462646484375,484.2157897949219,2
Cosmos3_seed101_0010,84,white cup,0.4151354432106018,0.725499153137207,619.9431762695312,369.34381103515625,681.4660034179688,463.35198974609375,3
Cosmos3_seed101_0010,87,white cup,0.4388304352760315,0.9299432039260864,435.6188354492188,175.06484985351562,594.4242553710938,372.3484191894531,1
Cosmos3_seed101_0010,87,white cup,0.4403197765350342,0.8266738653182983,371.4938354492188,379.2363586425781,442.4737548828125,484.2237854003906,2
Cosmos3_seed101_0010,87,white cup,0.4004723727703094,0.7338879108428955,619.7752685546875,369.4775695800781,681.6812744140625,463.5907287597656,3
Cosmos3_seed101_0010,90,white cup,0.4172531366348266,0.9318013787269592,435.5274963378906,175.0320281982422,594.4813232421875,372.15960693359375,1
Cosmos3_seed101_0010,90,white cup,0.446841686964035,0.8290495276451111,371.4177856445313,379.3719177246094,442.4186401367188,484.1348571777344,2
Cosmos3_seed101_0010,90,white cup,0.4124017655849457,0.7326157689094543,619.7322387695312,369.4676513671875,681.4407348632812,463.61865234375,3
Cosmos3_seed101_0010,93,white cup,0.4914523363113403,0.9494196176528931,435.7662048339844,175.26235961914062,594.1881103515625,372.5016174316406,1
Cosmos3_seed101_0010,93,white cup,0.3238557577133178,0.8159080147743225,371.0356140136719,379.3717651367188,442.6705017089844,484.1080322265625,2
Cosmos3_seed101_0010,93,white cup,0.3919401168823242,0.7191407680511475,619.6886596679688,369.6962890625,681.5989379882812,463.6968383789063,3
Cosmos3_seed101_0010,96,white cup,0.5073562860488892,0.941329836845398,435.41796875,175.16839599609375,594.103759765625,372.5640869140625,1
Cosmos3_seed101_0010,96,white cup,0.2337540239095688,0.7738977670669556,368.8621520996094,379.0607604980469,442.8655090332031,483.9812927246094,2
Cosmos3_seed101_0010,96,white cup,0.4072536826133728,0.7323166131973267,619.4210205078125,369.5718078613281,681.664794921875,463.6847839355469,3
Cosmos3_seed101_0010,99,white cup,0.6806739568710327,0.9278834462165833,435.4417724609375,175.07061767578125,594.3428955078125,372.6278076171875,1
Cosmos3_seed101_0010,99,white cup,0.3916248083114624,0.7459772825241089,619.2958374023438,369.5669860839844,681.7343139648438,463.7890930175781,2
Cosmos3_seed101_0010,102,white cup,0.6409730911254883,0.9339733123779297,435.4656982421875,174.89260864257812,594.3221435546875,372.6939392089844,1
Cosmos3_seed101_0010,102,white cup,0.4185874164104461,0.7435643076896667,619.3690185546875,369.47454833984375,681.474609375,463.7513427734375,2
Cosmos3_seed101_0010,105,white cup,0.6205117702484131,0.9346563220024109,435.3346557617188,174.30430603027344,594.3934936523438,372.2313232421875,1
Cosmos3_seed101_0010,105,white cup,0.3974943459033966,0.7491798400878906,619.3973999023438,369.3345336914063,681.6763305664062,463.3433227539063,2
Cosmos3_seed101_0010,108,white cup,0.6396287083625793,0.9605496525764465,435.1711120605469,174.259765625,594.548095703125,372.2265625,1
Cosmos3_seed101_0010,108,white cup,0.3910005092620849,0.7416015863418579,619.3818359375,369.28460693359375,681.94873046875,463.216064453125,2
Cosmos3_seed101_0010,111,white cup,0.7214541435241699,0.9386172294616699,435.2185668945313,173.68002319335938,594.8532104492188,371.8335876464844,1
Cosmos3_seed101_0010,111,white cup,0.3288624286651611,0.70270174741745,619.5286254882812,369.0979309082031,682.8681030273438,462.6722717285156,2
Cosmos3_seed101_0010,114,white cup,0.6713359355926514,0.9434828162193298,435.4514770507813,174.8754425048828,594.5932006835938,372.4207763671875,1
Cosmos3_seed101_0010,114,white cup,0.353196233510971,0.6988369226455688,619.5206909179688,370.0063171386719,683.1157836914062,463.7484436035156,2
Cosmos3_seed101_0010,117,white cup,0.671203076839447,0.9596555233001709,435.50677490234375,174.46791076660156,594.2730102539062,372.4392700195313,1
Cosmos3_seed101_0010,117,white cup,0.395153284072876,0.6802688241004944,619.6367797851562,370.1186828613281,683.1256713867188,463.5517272949219,2
Cosmos3_seed101_0010,120,white cup,0.605822741985321,0.9515339732170105,435.55511474609375,175.68936157226562,594.5036010742188,373.4342956542969,1
Cosmos3_seed101_0010,120,white cup,0.3734113276004791,0.7199878692626953,619.926025390625,370.8341369628906,683.08935546875,464.5012512207031,2
Cosmos3_seed101_0010,123,white cup,0.670113742351532,0.947739839553833,435.7178649902344,175.74392700195312,594.5831298828125,372.8435974121094,1
Cosmos3_seed101_0010,123,white cup,0.3838505744934082,0.7195079326629639,619.7151489257812,370.8182067871094,683.0169067382812,464.0113220214844,2
Cosmos3_seed101_0010,126,white cup,0.7414374947547913,0.9641953706741333,435.4967041015625,175.40933227539062,594.7515869140625,372.7732238769531,1
Cosmos3_seed101_0010,126,white cup,0.3133491575717926,0.7087529897689819,620.0187377929688,369.9344177246094,683.2416381835938,463.7419738769531,2
Cosmos3_seed101_0010,129,white cup,0.6956761479377747,0.949404776096344,435.41156005859375,175.27972412109375,594.7913208007812,372.9012451171875,1
Cosmos3_seed101_0010,129,white cup,0.3375370800495147,0.6955378651618958,619.8424072265625,363.4136352539063,684.1512451171875,463.8887939453125,2
Cosmos3_seed101_0010,132,white cup,0.7729888558387756,0.9219661951065063,435.5553588867188,174.75559997558594,594.7533569335938,372.5645751953125,1
Cosmos3_seed101_0010,132,white cup,0.2617040276527405,0.6909371018409729,618.8322143554688,374.8592529296875,682.5979614257812,463.1915893554688,2
Cosmos3_seed101_0010,132,white cup,0.1162803024053573,0.6201977133750916,627.4260864257812,347.3208312988281,684.4657592773438,397.8659973144531,3
Cosmos3_seed101_0010,135,white cup,0.716145396232605,0.9239863157272339,435.8067932128906,175.2227020263672,594.4205322265625,372.1336059570313,1
Cosmos3_seed101_0010,135,white cup,0.2982313632965088,0.7208395004272461,618.958251953125,379.96575927734375,681.9708251953125,463.0303955078125,2
Cosmos3_seed101_0010,135,white cup,0.1265284717082977,0.6732732057571411,626.0084838867188,334.8847351074219,689.7080688476562,396.4909973144531,3
Cosmos3_seed101_0010,138,white cup,0.8264628648757935,0.9413182735443115,435.6266784667969,174.93093872070312,594.5814819335938,372.4058532714844,1
Cosmos3_seed101_0010,138,white cup,0.2217983305454254,0.7027636766433716,619.1470336914062,379.1749267578125,681.8630981445312,463.3958740234375,2
Cosmos3_seed101_0010,141,white cup,0.6553428769111633,0.9210493564605713,435.5907287597656,174.59423828125,594.3220825195312,372.0567626953125,1
Cosmos3_seed101_0010,141,white cup,0.372525155544281,0.7225964665412903,618.9194946289062,370.0350646972656,681.6586303710938,462.9210510253906,2
Cosmos3_seed101_0010,141,white cup,0.1671596020460128,0.6886811256408691,613.2657470703125,300.7923278808594,678.615478515625,373.5264587402344,3
Cosmos3_seed101_0010,144,white cup,0.6821056008338928,0.9336209297180176,435.676025390625,175.9156036376953,593.95458984375,372.916259765625,1
Cosmos3_seed101_0010,144,white cup,0.3552517592906952,0.7447279691696167,618.96533203125,369.8249206542969,682.2677001953125,463.9345397949219,2
Cosmos3_seed101_0010,144,white cup,0.1099247708916664,0.6701371669769287,591.7501220703125,265.11181640625,657.872802734375,337.63641357421875,3
Cosmos3_seed101_0010,147,white cup,0.6401799321174622,0.9230797290802002,435.1101684570313,174.60623168945312,595.2092895507812,372.5310974121094,1
Cosmos3_seed101_0010,147,white cup,0.3619202673435211,0.7449783086776733,618.9566040039062,369.17041015625,682.1663208007812,463.692138671875,2
Cosmos3_seed101_0010,150,white cup,0.5353527665138245,0.8819707036018372,434.9351806640625,174.46124267578125,592.232666015625,372.777587890625,1
Cosmos3_seed101_0010,150,white cup,0.4048245847225189,0.7421905994415283,618.77587890625,369.2075500488281,682.056884765625,463.7113952636719,2
Cosmos3_seed101_0010,153,white cup,0.3270627856254577,0.8330999612808228,435.18408203125,173.40223693847656,593.6392822265625,372.3247680664063,1
Cosmos3_seed101_0010,153,white cup,0.5399974584579468,0.7330038547515869,618.91796875,368.569580078125,682.0877685546875,463.5408935546875,2
Cosmos3_seed101_0010,156,white cup,0.2947389781475067,0.8855463266372681,435.2168273925781,173.73284912109375,594.0570678710938,372.4904174804688,1
Cosmos3_seed101_0010,156,white cup,0.5751307606697083,0.7548502683639526,618.9293212890625,368.5723876953125,681.9461669921875,463.6326904296875,2
Cosmos3_seed101_0010,159,white cup,0.3121530711650848,0.8896677494049072,435.4970703125,173.29281616210938,594.2093505859375,372.5265197753906,1
Cosmos3_seed101_0010,159,white cup,0.5610066056251526,0.7553112506866455,619.019775390625,368.7373962402344,682.14404296875,463.7444763183594,2
Cosmos3_seed101_0010,162,white cup,0.3254398703575134,0.8630594611167908,435.3671569824219,173.00006103515625,594.7788696289062,372.5374145507813,1
Cosmos3_seed101_0010,162,white cup,0.5589179992675781,0.7462081909179688,618.983154296875,368.6923522949219,682.4891357421875,463.9164123535156,2
Cosmos3_seed101_0010,165,white cup,0.320399135351181,0.9279211759567261,435.7938232421875,172.74050903320312,594.54541015625,372.3623962402344,1
Cosmos3_seed101_0010,165,white cup,0.5456503033638,0.7513841390609741,618.814453125,368.551513671875,682.385498046875,463.5514526367188,2
Cosmos3_seed101_0010,168,white cup,0.380962997674942,0.879676342010498,438.8330078125,171.63482666015625,593.9180908203125,373.0185546875,1
Cosmos3_seed101_0010,168,white cup,0.4774691760540008,0.7613540887832642,618.880859375,368.6780395507813,682.372314453125,463.5306396484375,2
Cosmos3_seed101_0010,171,white cup,0.5064414739608765,0.8104513883590698,438.5647583007813,174.41477966308594,594.0132446289062,372.9410400390625,1
Cosmos3_seed101_0010,171,white cup,0.4103274047374725,0.7591662406921387,618.380126953125,368.6626281738281,682.418701171875,463.1593322753906,2
Cosmos3_seed101_0010,174,white cup,0.3980282545089721,0.8383698463439941,438.2268981933594,174.54885864257812,593.6019287109375,372.9186706542969,1
Cosmos3_seed101_0010,174,white cup,0.4904942810535431,0.7480175495147705,618.435791015625,368.455810546875,682.291748046875,463.11181640625,2
Cosmos3_seed101_0010,177,white cup,0.3471764624118805,0.8759185075759888,438.5017395019531,173.55198669433594,595.366943359375,372.854248046875,1
Cosmos3_seed101_0010,177,white cup,0.5391911864280701,0.754866898059845,618.650390625,368.464599609375,682.387451171875,463.2399291992188,2
Cosmos3_seed101_0010,180,white cup,0.489254891872406,0.9430046081542969,438.5484619140625,173.87152099609375,595.3651123046875,372.90631103515625,1
Cosmos3_seed101_0010,180,white cup,0.434050440788269,0.7742606997489929,618.8939208984375,368.7515258789063,682.207763671875,463.05859375,2
Cosmos3_seed101_0010,183,white cup,0.4198686182498932,0.9487905502319336,438.3587646484375,174.77764892578125,595.3265380859375,373.32958984375,1
Cosmos3_seed101_0010,183,white cup,0.4868898689746856,0.7398034334182739,619.091552734375,369.006591796875,682.4586181640625,463.7540893554688,2
Cosmos3_seed101_0010,186,white cup,0.538415789604187,0.9472194910049438,438.5505065917969,174.75962829589844,595.0426635742188,373.1871337890625,1
Cosmos3_seed101_0010,186,white cup,0.4241189062595367,0.7210366725921631,619.1658935546875,369.06634521484375,682.262451171875,463.4989013671875,2
Cosmos3_seed101_0010,188,white cup,0.6284610629081726,0.9540446996688843,438.60198974609375,174.93524169921875,595.1069946289062,373.22802734375,1
Cosmos3_seed101_0010,188,white cup,0.3765152394771576,0.7266108393669128,619.1218872070312,369.2715148925781,682.2182006835938,463.4332580566406,2
Cosmos3_seed101_0020,0,banana,0.8148337006568909,0.9625452756881714,548.5686645507812,424.8958129882813,691.5175170898438,504.3040161132813,1
Cosmos3_seed101_0020,3,banana,0.8143229484558105,0.9656141996383667,548.6375122070312,424.8145751953125,691.5855102539062,504.3638916015625,1
Cosmos3_seed101_0020,6,banana,0.8263135552406311,0.9644274711608887,548.8428955078125,424.8442993164063,691.0849609375,504.2464599609375,1
Cosmos3_seed101_0020,9,banana,0.8271018862724304,0.9677661657333374,549.0668334960938,424.868408203125,691.3598022460938,504.493896484375,1
Cosmos3_seed101_0020,12,banana,0.8252668380737305,0.9665626883506775,549.5134887695312,424.745849609375,691.4216918945312,504.3863525390625,1
Cosmos3_seed101_0020,15,banana,0.826762855052948,0.9601659178733826,548.6865234375,424.9593811035156,691.369384765625,504.4891052246094,1
Cosmos3_seed101_0020,18,banana,0.8161069750785828,0.9685348272323608,548.7116088867188,425.0532836914063,691.2040405273438,504.60943603515625,1
Cosmos3_seed101_0020,21,banana,0.8154270648956299,0.9641333818435669,548.9960327148438,424.8589782714844,691.3923950195312,504.4707336425781,1
Cosmos3_seed101_0020,24,banana,0.7924802303314209,0.9611778259277344,549.2932739257812,425.0573120117188,691.3655395507812,504.3272705078125,1
Cosmos3_seed101_0020,27,banana,0.7938094735145569,0.9619913101196289,549.3139038085938,425.0002136230469,691.4461059570312,504.1771545410156,1
Cosmos3_seed101_0020,30,banana,0.787860631942749,0.9590946435928345,549.439697265625,424.8999633789063,691.3563232421875,504.2220458984375,1
Cosmos3_seed101_0020,33,banana,0.8085039258003235,0.9525433778762817,549.421875,425.2960205078125,691.600830078125,504.5034790039063,1
Cosmos3_seed101_0020,36,banana,0.8101990222930908,0.950901985168457,549.5010375976562,425.0829162597656,691.5180053710938,504.3019104003906,1
Cosmos3_seed101_0020,39,banana,0.8139018416404724,0.9533170461654663,549.2293701171875,424.9097900390625,691.6143798828125,504.3072509765625,1
Cosmos3_seed101_0020,42,banana,0.8048195838928223,0.9394042491912842,549.406494140625,424.973388671875,691.44677734375,504.2423706054688,1
Cosmos3_seed101_0020,45,banana,0.7332890033721924,0.9472141265869141,549.5357666015625,425.1800231933594,691.3349609375,504.2179260253906,1
Cosmos3_seed101_0020,45,banana,0.1188755333423614,0.6656653881072998,549.46044921875,205.03021240234372,714.56494140625,504.3443603515625,2
Cosmos3_seed101_0020,45,banana,0.1022461727261543,0.6194734573364258,551.1212768554688,60.659759521484375,1199.8154296875,713.974365234375,3
Cosmos3_seed101_0020,48,banana,0.7575954794883728,0.939002275466919,549.7123413085938,425.2907104492188,691.1511840820312,504.2498779296875,1
Cosmos3_seed101_0020,51,banana,0.7756151556968689,0.9446233510971069,549.6229858398438,425.2799987792969,691.3306274414062,504.0741882324219,1
Cosmos3_seed101_0020,54,banana,0.762395441532135,0.9365105628967285,549.4669189453125,425.3629150390625,691.4769287109375,504.35791015625,1
Cosmos3_seed101_0020,54,banana,0.1163641661405563,0.6659348011016846,548.9840087890625,214.3026580810547,709.8548583984375,504.5396728515625,2
Cosmos3_seed101_0020,57,banana,0.7571291327476501,0.9405760765075684,549.4826049804688,425.2791137695313,691.6546020507812,504.53509521484375,1
Cosmos3_seed101_0020,57,banana,0.1134975776076316,0.6721794605255127,549.2181396484375,217.93228149414065,709.047607421875,504.6678771972656,2
Cosmos3_seed101_0020,57,banana,0.1027587801218032,0.6190899610519409,552.0762939453125,70.34078979492188,1187.5418701171875,714.314208984375,3
Cosmos3_seed101_0020,60,banana,0.7604239583015442,0.9394921064376831,549.7274780273438,425.1266784667969,691.4100952148438,504.3206481933594,1
Cosmos3_seed101_0020,60,banana,0.1017339378595352,0.6654305458068848,549.3057250976562,219.31753540039065,707.4924926757812,504.4051818847656,2
Cosmos3_seed101_0020,60,banana,0.1044961661100387,0.6149516701698303,552.0289306640625,71.38357543945312,1185.584716796875,713.8978271484375,3
Cosmos3_seed101_0020,63,banana,0.757662296295166,0.9377542734146118,549.9105224609375,425.1317443847656,691.51416015625,504.3756408691406,1
Cosmos3_seed101_0020,63,banana,0.1185947507619857,0.6750695705413818,549.6005249023438,220.9940490722656,706.5929565429688,504.5831604003906,2
Cosmos3_seed101_0020,63,banana,0.1024567037820816,0.618881106376648,551.5067749023438,72.76223754882812,1183.020751953125,713.7999267578125,3
Cosmos3_seed101_0020,66,banana,0.7727444767951965,0.9480408430099487,549.6111450195312,426.15667724609375,691.3085327148438,504.8389892578125,1
Cosmos3_seed101_0020,66,banana,0.1016892194747924,0.6707316637039185,549.2872924804688,221.9581756591797,704.1257934570312,504.9619140625,2
Cosmos3_seed101_0020,69,banana,0.795490026473999,0.9365394115447998,550.1087646484375,425.5439453125,689.464111328125,505.146728515625,1
Cosmos3_seed101_0020,72,banana,0.7829504013061523,0.9105332493782043,547.2099609375,419.5496215820313,683.80712890625,503.477294921875,1
Cosmos3_seed101_0020,75,banana,0.7749795317649841,0.9211598634719849,546.9619140625,406.7428588867188,676.75244140625,493.40625,1
Cosmos3_seed101_0020,78,banana,0.7638283967971802,0.9109998345375061,546.378173828125,387.2191162109375,672.2454833984375,480.0350341796875,1
Cosmos3_seed101_0020,81,banana,0.750764787197113,0.9179520606994629,560.0276489257812,378.9183349609375,673.0474243164062,468.6339721679688,1
Cosmos3_seed101_0020,84,banana,0.7456871867179871,0.9109330177307129,570.96337890625,374.6768493652344,681.1722412109375,462.8196105957031,1
Cosmos3_seed101_0020,84,banana,0.1052027940750122,0.6129205822944641,576.22119140625,61.92819213867188,1184.189453125,714.3758544921875,2
Cosmos3_seed101_0020,87,banana,0.7488604784011841,0.884483277797699,586.8809814453125,372.5113220214844,690.5765380859375,454.8459777832031,1
Cosmos3_seed101_0020,87,banana,0.1063174456357956,0.6141825318336487,589.6099243164062,62.33560180664063,1184.687255859375,714.6517333984375,2
Cosmos3_seed101_0020,90,banana,0.7514563798904419,0.8875342607498169,596.6692504882812,368.0618286132813,694.9963989257812,449.71484375,1
Cosmos3_seed101_0020,90,banana,0.1052406132221221,0.6220109462738037,598.8997802734375,61.9058837890625,1187.580810546875,714.7940673828125,2
Cosmos3_seed101_0020,93,banana,0.6986969113349915,0.9061012268066406,605.4642333984375,365.8102416992188,697.5550537109375,448.8682861328125,1
Cosmos3_seed101_0020,93,banana,0.1516758501529693,0.6295868158340454,605.5442504882812,62.3157958984375,1189.34716796875,715.2288818359375,2
Cosmos3_seed101_0020,96,banana,0.6430429220199585,0.8763179779052734,620.1522216796875,366.9742126464844,703.868896484375,449.9645690917969,1
Cosmos3_seed101_0020,96,banana,0.1919862329959869,0.6255688667297363,616.0885620117188,64.60955810546875,1189.645263671875,715.4722900390625,2
Cosmos3_seed101_0020,96,banana,0.1071779355406761,0.5748634338378906,616.563720703125,65.30450439453125,986.879150390625,449.9793701171875,3
Cosmos3_seed101_0020,99,banana,0.5900546908378601,0.888922929763794,627.73046875,368.6562805175781,712.1961669921875,451.2417907714844,1
Cosmos3_seed101_0020,99,banana,0.1106502711772918,0.6995514631271362,626.8757934570312,188.15577697753903,761.0021362304688,450.9130859375,2
Cosmos3_seed101_0020,99,banana,0.2074939608573913,0.6284558176994324,626.5059814453125,66.73239135742188,1190.46533203125,715.32470703125,3
Cosmos3_seed101_0020,99,banana,0.1396612226963043,0.6231480240821838,626.1465454101562,67.42320251464844,990.1693725585938,451.4989013671875,4
Cosmos3_seed101_0020,102,banana,0.5600612759590149,0.8956257104873657,648.0718383789062,369.9585571289063,718.5245971679688,451.345458984375,1
Cosmos3_seed101_0020,102,banana,0.1061053648591041,0.8158514499664307,681.885009765625,375.4088439941406,718.281982421875,450.7057800292969,2
Cosmos3_seed101_0020,102,banana,0.1270118802785873,0.8141868114471436,640.402587890625,288.4820251464844,719.7371826171875,451.2549743652344,3
Cosmos3_seed101_0020,102,banana,0.1225423216819763,0.7218545079231262,641.0240478515625,191.7529144287109,762.2979736328125,451.3487548828125,4
Cosmos3_seed101_0020,102,banana,0.1487891674041748,0.6421126127243042,640.9921875,69.91519165039062,994.2960205078124,451.5050964355469,5
Cosmos3_seed101_0020,102,banana,0.2164882719516754,0.6257290840148926,638.9500732421875,69.31167602539062,1189.6942138671875,715.6322021484375,6
Cosmos3_seed101_0020,105,banana,0.4373064339160919,0.8797457814216614,653.9425048828125,370.33447265625,722.0357666015625,453.2764892578125,1
Cosmos3_seed101_0020,105,banana,0.2254341542720794,0.7926019430160522,688.9292602539062,375.4713134765625,722.0448608398438,452.9490966796875,2
Cosmos3_seed101_0020,105,banana,0.1005788668990135,0.7891687750816345,654.5159301757812,294.0639038085937,759.7919311523438,453.1494140625,3
Cosmos3_seed101_0020,105,banana,0.1742414385080337,0.6241218447685242,652.015380859375,71.61106872558594,994.552001953125,453.1126708984375,4
Cosmos3_seed101_0020,105,banana,0.2834832668304443,0.6226539015769958,655.0899658203125,71.4552001953125,1188.370849609375,716.0305786132812,5
Cosmos3_seed101_0020,105,banana,0.114301286637783,0.5768449306488037,894.4680786132812,646.37744140625,1031.771484375,718.38623046875,6
Cosmos3_seed101_0020,108,banana,0.5275864601135254,0.8756919503211975,660.872802734375,374.244384765625,724.70556640625,455.43658447265625,1
Cosmos3_seed101_0020,108,banana,0.1107373088598251,0.8095439076423645,648.9075927734375,290.5177307128906,728.8916015625,456.1379089355469,2
Cosmos3_seed101_0020,108,banana,0.1086196899414062,0.7779936790466309,693.9151611328125,378.9923706054688,724.52490234375,454.57708740234375,3
Cosmos3_seed101_0020,108,banana,0.1044453158974647,0.7098987698554993,655.79052734375,199.57595825195312,764.950927734375,455.6528015136719,4
Cosmos3_seed101_0020,108,banana,0.1867287307977676,0.6293237209320068,654.8041381835938,74.13700866699219,993.5796508789062,455.26995849609375,5
Cosmos3_seed101_0020,108,banana,0.249122604727745,0.6167417764663696,655.2840576171875,74.18063354492188,1185.438720703125,716.2685546875,6
Cosmos3_seed101_0020,108,banana,0.1027354523539543,0.5979613065719604,894.1946411132812,646.1210327148438,1032.085205078125,718.4526977539062,7
Cosmos3_seed101_0020,111,banana,0.4346906542778015,0.852875828742981,671.8225708007812,373.9679565429688,726.6416625976562,452.95159912109375,1
Cosmos3_seed101_0020,111,banana,0.1014723926782608,0.8240947127342224,671.583740234375,303.441162109375,730.6561279296875,452.9521484375,2
Cosmos3_seed101_0020,111,banana,0.1936117708683014,0.6303796768188477,669.2870483398438,75.06288146972656,994.8345336914062,452.53369140625,3
Cosmos3_seed101_0020,111,banana,0.3152137100696563,0.6263229846954346,669.3285522460938,74.95181274414062,1184.7021484375,716.625732421875,4
Cosmos3_seed101_0020,111,banana,0.1186170056462287,0.603317141532898,894.3007202148438,645.8238525390625,1032.1568603515625,718.4571533203125,5
Cosmos3_seed101_0020,111,banana,0.1062004491686821,0.5896745920181274,953.8446044921876,86.32832336425781,1184.6971435546875,521.4152221679688,6
Cosmos3_seed101_0020,114,banana,0.6574190855026245,0.8596860766410828,659.9232177734375,370.0315246582031,730.66455078125,447.5478210449219,1
Cosmos3_seed101_0020,114,banana,0.1871153563261032,0.6279540061950684,656.5247192382812,73.48529052734375,1186.933837890625,715.4966430664062,2
Cosmos3_seed101_0020,114,banana,0.1203014031052589,0.6193341016769409,657.3912353515625,73.75495910644531,993.010498046875,447.5660400390625,3
Cosmos3_seed101_0020,117,banana,0.6011683344841003,0.8465359210968018,659.3960571289062,366.7557678222656,731.6852416992188,444.9836120605469,1
Cosmos3_seed101_0020,117,banana,0.1111089438199997,0.8309909701347351,658.4814453125,294.1070861816406,735.9931640625,444.7001647949219,2
Cosmos3_seed101_0020,117,banana,0.1217303946614265,0.7266496419906616,657.8646850585938,195.290283203125,773.3848266601562,444.8701171875,3
Cosmos3_seed101_0020,117,banana,0.2140380442142486,0.6241470575332642,655.733154296875,71.60699462890625,1189.4927978515625,715.4150390625,4
Cosmos3_seed101_0020,117,banana,0.1475434899330139,0.6223382949829102,656.6473388671875,72.07505798339844,996.5068359375,444.96630859375,5
Cosmos3_seed101_0020,120,banana,0.5823046565055847,0.8692656755447388,659.7720336914062,366.228515625,732.2706909179688,443.55999755859375,1
Cosmos3_seed101_0020,120,banana,0.1054091453552246,0.6502785682678223,1068.2686767578125,542.2939453125,1115.8204345703125,589.8388671875,2
Cosmos3_seed101_0020,120,banana,0.1056781485676765,0.6291819214820862,675.0838012695312,192.64816284179688,781.1234741210938,294.7970275878906,3
Cosmos3_seed101_0020,120,banana,0.2148129194974899,0.6195492744445801,654.462158203125,69.916748046875,1194.22705078125,715.9080200195312,4
Cosmos3_seed101_0020,120,banana,0.1318103373050689,0.6135274171829224,655.8804931640625,70.28996276855469,998.8365478515624,443.5609130859375,5
Cosmos3_seed101_0020,123,banana,0.7396268248558044,0.8974741697311401,663.63623046875,361.6549682617188,733.8839111328125,442.8278198242188,1
Cosmos3_seed101_0020,123,banana,0.1156341210007667,0.6172463893890381,652.5757446289062,64.69232177734375,1199.02587890625,714.6906127929688,2
Cosmos3_seed101_0020,126,banana,0.6520406007766724,0.78086256980896,660.8433837890625,354.1332092285156,731.946044921875,443.3089904785156,1
Cosmos3_seed101_0020,126,banana,0.1735933423042297,0.7536066770553589,664.4798583984375,354.4375,704.7418212890625,429.96624755859375,2
Cosmos3_seed101_0020,126,banana,0.1903165429830551,0.7386959791183472,701.6983032226562,380.91448974609375,731.6707153320312,442.322509765625,3
Cosmos3_seed101_0020,126,banana,0.153359904885292,0.6026006937026978,643.4967041015625,58.23876953125,1204.9542236328125,715.478271484375,4
Cosmos3_seed101_0020,129,banana,0.374165415763855,0.792253851890564,660.6127319335938,348.80450439453125,732.3069458007812,443.9598388671875,1
Cosmos3_seed101_0020,129,banana,0.1792137622833252,0.763231098651886,699.7352905273438,379.9548645019531,732.1663208007812,443.1245422363281,2
Cosmos3_seed101_0020,129,banana,0.1669801026582718,0.6850258111953735,660.9734497070312,349.7549743652344,705.1177368164062,425.4221496582031,3
Cosmos3_seed101_0020,129,banana,0.1084856837987899,0.6577876210212708,636.2564086914062,160.33164978027344,821.3468627929688,443.4829711914063,4
Cosmos3_seed101_0020,129,banana,0.3172357678413391,0.6131554841995239,638.138916015625,51.74459838867188,1209.6859130859375,715.861083984375,5
Cosmos3_seed101_0020,129,banana,0.1033624112606048,0.6024898290634155,657.92236328125,163.3272705078125,766.3690185546875,274.84002685546875,6
Cosmos3_seed101_0020,129,banana,0.1234840601682663,0.590909481048584,894.6768798828125,646.4852294921875,1032.4432373046875,718.3565673828125,7
Cosmos3_seed101_0020,129,banana,0.1207525506615638,0.5726865530014038,1018.4398193359376,148.3605194091797,1209.0653076171875,523.232421875,8
Cosmos3_seed101_0020,132,banana,0.4865565598011017,0.841513991355896,654.3594970703125,339.20782470703125,732.505126953125,443.08294677734375,1
Cosmos3_seed101_0020,132,banana,0.3580467402935028,0.8381047248840332,690.7808227539062,375.5374145507813,732.1344604492188,442.6139526367188,2
Cosmos3_seed101_0020,132,banana,0.3687757551670074,0.7367955446243286,655.2742309570312,339.51806640625,694.0985717773438,415.2667236328125,3
Cosmos3_seed101_0020,132,banana,0.1414918899536132,0.5859426259994507,621.1255493164062,44.256134033203125,1212.72998046875,715.0096435546875,4
Cosmos3_seed101_0020,135,banana,0.4076553881168365,0.908892035484314,672.4376831054688,374.5509338378906,732.3029174804688,442.4040222167969,1
Cosmos3_seed101_0020,135,banana,0.4543643295764923,0.8493499755859375,612.0426025390625,333.4189147949219,732.5489501953125,442.8635559082031,2
Cosmos3_seed101_0020,135,banana,0.3950715661048889,0.8422006368637085,611.9305419921875,333.5119934082031,673.819580078125,405.3494567871094,3
Cosmos3_seed101_0020,135,banana,0.1108557358384132,0.6309399604797363,604.1754150390625,38.084381103515625,1214.20654296875,714.7144775390625,4
Cosmos3_seed101_0020,138,banana,0.6113098859786987,0.9135206937789917,656.858154296875,373.83984375,732.449951171875,442.70416259765625,1
Cosmos3_seed101_0020,138,banana,0.2472881078720092,0.8845466375350952,580.0714111328125,330.4753112792969,732.6646728515625,442.6907043457031,2
Cosmos3_seed101_0020,138,banana,0.5719854831695557,0.88141268491745,580.0039672851562,330.5335388183594,654.2527465820312,406.3011169433594,3
Cosmos3_seed101_0020,141,banana,0.7018239498138428,0.9225553870201111,657.7861328125,373.0040893554688,732.39111328125,443.33306884765625,1
Cosmos3_seed101_0020,141,banana,0.6769419312477112,0.8763754367828369,550.4033203125,327.5129089355469,637.8878173828125,408.4605407714844,2
Cosmos3_seed101_0020,144,banana,0.6869329214096069,0.9043131470680237,658.3358154296875,373.15625,732.4031982421875,443.5016479492188,1
Cosmos3_seed101_0020,144,banana,0.7028675079345703,0.9020869135856628,513.2929077148438,331.4107360839844,627.6372680664062,420.7627868652344,2
Cosmos3_seed101_0020,147,banana,0.6751928329467773,0.916271448135376,658.6671142578125,373.17095947265625,732.8154296875,443.47265625,1
Cosmos3_seed101_0020,147,banana,0.7056401968002319,0.9034202694892883,497.896484375,346.26715087890625,625.353271484375,439.6453857421875,2
Cosmos3_seed101_0020,150,banana,0.6819177269935608,0.9223529696464539,658.845947265625,373.0208740234375,732.6591796875,443.0348510742188,1
Cosmos3_seed101_0020,150,banana,0.7177008986473083,0.8875661492347717,495.3007507324219,365.4217529296875,627.4313354492188,459.2590942382813,2
Cosmos3_seed101_0020,153,banana,0.6695250868797302,0.9233531951904297,658.4183349609375,372.7519226074219,732.55810546875,442.9259338378906,1
Cosmos3_seed101_0020,153,banana,0.6811231374740601,0.9106000065803528,493.42181396484375,380.84423828125,628.9618530273438,471.974609375,2
Cosmos3_seed101_0020,156,banana,0.6559144258499146,0.9177496433258057,658.3145141601562,372.5834045410156,732.4229125976562,442.9648742675781,1
Cosmos3_seed101_0020,156,banana,0.6781014204025269,0.8940035104751587,497.47174072265625,398.0928039550781,630.3507690429688,488.1277770996094,2
Cosmos3_seed101_0020,156,banana,0.1405311822891235,0.8550606966018677,497.11859130859375,372.42327880859375,732.9846801757812,488.0523071289063,3
Cosmos3_seed101_0020,159,banana,0.6486518383026123,0.9239861965179443,658.1082763671875,372.4681701660156,732.6441650390625,443.4028015136719,1
Cosmos3_seed101_0020,159,banana,0.6538090109825134,0.8984569311141968,504.0702209472656,411.31878662109375,635.2496948242188,500.24261474609375,2
Cosmos3_seed101_0020,159,banana,0.1650804728269577,0.8589173555374146,504.2027587890625,372.36859130859375,733.0126953125,500.358642578125,3
Cosmos3_seed101_0020,162,banana,0.6674121022224426,0.9177637696266174,658.3623046875,372.2676696777344,732.6209716796875,443.1902770996094,1
Cosmos3_seed101_0020,162,banana,0.6990194320678711,0.9090591073036194,511.84906005859375,422.9784240722656,641.2431030273438,509.0953063964844,2
Cosmos3_seed101_0020,162,banana,0.1263731867074966,0.8534521460533142,511.7979431152344,371.8849792480469,732.9619140625,509.2283020019531,3
Cosmos3_seed101_0020,165,banana,0.6546856760978699,0.9230507612228394,513.9009399414062,426.80120849609375,643.9569702148438,515.6361694335938,1
Cosmos3_seed101_0020,165,banana,0.6524186134338379,0.9142966270446777,658.5934448242188,369.8513793945313,732.5082397460938,443.1031494140625,2
Cosmos3_seed101_0020,165,banana,0.1707768887281417,0.8393378257751465,514.4022827148438,369.5138549804688,732.7034301757812,515.7001953125,3
Cosmos3_seed101_0020,168,banana,0.5826320052146912,0.9188732504844666,658.8032836914062,371.8258361816406,732.5123901367188,442.4328918457031,1
Cosmos3_seed101_0020,168,banana,0.572360098361969,0.9141172170639038,515.4620971679688,429.8722839355469,646.8638305664062,519.270263671875,2
Cosmos3_seed101_0020,168,banana,0.2604337036609649,0.8459219932556152,515.8707885742188,371.6147766113281,732.6931762695312,519.2633666992188,3
Cosmos3_seed101_0020,168,banana,0.1400344520807266,0.6725029945373535,515.5926513671875,199.1864776611328,732.3731689453125,519.4960327148438,4
Cosmos3_seed101_0020,168,banana,0.1050053015351295,0.6365048885345459,518.35888671875,58.40852355957031,1189.6201171875,526.6843872070312,5
Cosmos3_seed101_0020,171,banana,0.6284170746803284,0.9201611876487732,658.8339233398438,372.6324462890625,732.6762084960938,442.8294067382813,1
Cosmos3_seed101_0020,171,banana,0.6075112819671631,0.9196059107780457,517.2886962890625,443.8849487304688,644.9476318359375,524.849365234375,2
Cosmos3_seed101_0020,171,banana,0.2117262035608291,0.8468652963638306,517.310302734375,372.2795715332031,733.052490234375,524.608154296875,3
Cosmos3_seed101_0020,171,banana,0.1037114337086677,0.6758766174316406,517.9143676757812,195.17642211914065,732.0353393554688,524.70166015625,4
Cosmos3_seed101_0020,171,banana,0.1408158391714096,0.6260760426521301,529.8961791992188,195.5156707763672,678.3532104492188,401.3921508789063,5
Cosmos3_seed101_0020,171,banana,0.100405529141426,0.6223728656768799,529.7810668945312,57.16778564453125,1189.590576171875,528.5717163085938,6
Cosmos3_seed101_0020,171,banana,0.1789532899856567,0.5518172383308411,619.8842163085938,331.1440734863281,673.4270629882812,369.6918029785156,7
Cosmos3_seed101_0020,174,banana,0.6976128816604614,0.927239179611206,515.691162109375,448.3812255859375,638.584716796875,531.8680419921875,1
Cosmos3_seed101_0020,174,banana,0.6603609323501587,0.9205889701843262,658.5250854492188,373.6678161621094,732.3947143554688,442.9233093261719,2
Cosmos3_seed101_0020,174,banana,0.102765217423439,0.8654785752296448,515.35009765625,372.8875427246094,733.185546875,532.391845703125,3
Cosmos3_seed101_0020,177,banana,0.7040438652038574,0.9308058023452759,515.89599609375,447.2122497558594,639.6434326171875,530.9946899414062,1
Cosmos3_seed101_0020,177,banana,0.6711118817329407,0.9173230528831482,658.2472534179688,373.0103149414063,732.5816040039062,442.91595458984375,2
Cosmos3_seed101_0020,180,banana,0.697222113609314,0.938278317451477,520.574462890625,443.7837829589844,643.403076171875,525.1182861328125,1
Cosmos3_seed101_0020,180,banana,0.6692136526107788,0.9098246097564697,658.6054077148438,372.8589782714844,732.5803833007812,443.0005187988281,2
Cosmos3_seed101_0020,180,banana,0.1055913120508194,0.8888688087463379,520.2535400390625,371.9785461425781,733.3651123046875,525.6268310546875,3
Cosmos3_seed101_0020,183,banana,0.6879554986953735,0.9372904896736145,520.9144897460938,442.5370178222656,643.8137817382812,523.5438842773438,1
Cosmos3_seed101_0020,183,banana,0.6530093550682068,0.9142659902572632,658.4457397460938,373.0251159667969,732.5809936523438,442.9088439941406,2
Cosmos3_seed101_0020,183,banana,0.1064413264393806,0.8660758137702942,520.543701171875,372.10491943359375,733.41455078125,523.965087890625,3
Cosmos3_seed101_0020,186,banana,0.690144419670105,0.9359915256500244,518.3402099609375,446.2642822265625,639.6387939453125,528.7374267578125,1
Cosmos3_seed101_0020,186,banana,0.67230623960495,0.9171329736709595,658.55859375,372.6874084472656,732.5015869140625,442.5757141113281,2
Cosmos3_seed101_0020,186,banana,0.1001835465431213,0.8939849734306335,517.8977661132812,371.7649230957031,733.4722290039062,529.42626953125,3
Cosmos3_seed101_0020,188,banana,0.6928290724754333,0.9152684211730957,517.851806640625,446.4332885742188,638.7864990234375,529.2060546875,1
Cosmos3_seed101_0020,188,banana,0.6646649241447449,0.9124770164489746,658.3353881835938,372.8062133789063,732.4000854492188,442.4839477539063,2
Cosmos3_seed101_0020,188,banana,0.1071212515234947,0.8878302574157715,517.3579711914062,371.9482421875,733.3795776367188,529.9923706054688,3
Cosmos3_seed101_0036,0,white tape roll,0.7169114947319031,0.9813722968101501,662.4298095703125,346.1454772949219,759.61474609375,417.8121032714844,1
Cosmos3_seed101_0036,0,white tape roll,0.1322802603244781,0.622111976146698,913.4586181640624,482.7980346679688,1114.013916015625,716.8209838867188,2
Cosmos3_seed101_0036,0,white tape roll,0.104328766465187,0.6084364652633667,1130.254150390625,655.1070556640625,1244.86767578125,717.36181640625,3
Cosmos3_seed101_0036,0,white tape roll,0.1289772093296051,0.601129412651062,653.04736328125,1.222137451171875,1277.4725341796875,715.3741455078125,4
Cosmos3_seed101_0036,0,white tape roll,0.1801332235336303,0.5515162944793701,488.3405151367188,154.6609649658203,503.8074340820313,196.5412750244141,5
Cosmos3_seed101_0036,3,white tape roll,0.7324685454368591,0.9767861366271973,662.6085205078125,346.585205078125,759.549560546875,417.5546875,1
Cosmos3_seed101_0036,3,white tape roll,0.13157719373703,0.6091479659080505,912.5143432617188,361.049560546875,1111.828369140625,717.1275634765625,2
Cosmos3_seed101_0036,3,white tape roll,0.1321384012699127,0.6048508882522583,652.87451171875,1.31195068359375,1277.7359619140625,715.3076782226562,3
Cosmos3_seed101_0036,3,white tape roll,0.1151574924588203,0.5888774991035461,1130.2879638671875,655.0488891601562,1244.9752197265625,717.4254760742188,4
Cosmos3_seed101_0036,3,white tape roll,0.1509176343679428,0.5547432899475098,488.50140380859375,156.33775329589844,503.8054809570313,197.4843597412109,5
Cosmos3_seed101_0036,6,white tape roll,0.7168439030647278,0.9788550138473511,662.8319702148438,346.3305969238281,759.6535034179688,417.5674133300781,1
Cosmos3_seed101_0036,6,white tape roll,0.1215632855892181,0.6165701150894165,1130.0606689453125,654.9259033203125,1244.8658447265625,717.42041015625,2
Cosmos3_seed101_0036,6,white tape roll,0.1351322382688522,0.6091910600662231,912.2083740234376,361.0335693359375,1113.4686279296875,717.04248046875,3
Cosmos3_seed101_0036,6,white tape roll,0.1354667097330093,0.6069632172584534,653.2592163085938,0.911956787109375,1277.4912109375,715.668701171875,4
Cosmos3_seed101_0036,6,white tape roll,0.1453880965709686,0.5649828910827637,488.5747985839844,156.5008544921875,504.0699157714844,197.97384643554688,5
Cosmos3_seed101_0036,9,white tape roll,0.7151896357536316,0.9715131521224976,662.891357421875,346.3568420410156,759.601806640625,417.3836975097656,1
Cosmos3_seed101_0036,9,white tape roll,0.1130496561527252,0.6128575801849365,1130.1328125,654.8130493164062,1244.603759765625,717.4020385742188,2
Cosmos3_seed101_0036,9,white tape roll,0.1363340467214584,0.6075612306594849,653.1905517578125,1.10174560546875,1277.4736328125,715.0838012695312,3
Cosmos3_seed101_0036,9,white tape roll,0.1449756771326065,0.6008943319320679,912.2516479492188,360.9925842285156,1112.7059326171875,716.91650390625,4
Cosmos3_seed101_0036,9,white tape roll,0.1579549014568328,0.5494331121444702,488.6817932128906,154.6628875732422,503.9945373535156,197.9022674560547,5
Cosmos3_seed101_0036,12,white tape roll,0.7317349910736084,0.9753508567810059,662.9700927734375,346.3835144042969,759.559814453125,417.4610290527344,1
Cosmos3_seed101_0036,12,white tape roll,0.1014652773737907,0.6482915878295898,1019.1676025390624,359.8094482421875,1077.8504638671875,435.8828125,2
Cosmos3_seed101_0036,12,white tape roll,0.1073905006051063,0.6255401968955994,1130.120361328125,654.8694458007812,1244.1376953125,717.4496459960938,3
Cosmos3_seed101_0036,12,white tape roll,0.1215999126434326,0.6101468205451965,651.5968627929688,1.26708984375,1277.52197265625,715.20947265625,4
Cosmos3_seed101_0036,12,white tape roll,0.1556541323661804,0.5954498052597046,913.6652221679688,361.2495727539063,1113.240966796875,716.9982299804688,5
Cosmos3_seed101_0036,12,white tape roll,0.1497694253921508,0.5775534510612488,488.7160339355469,153.83827209472656,504.1136779785156,197.6990509033203,6
Cosmos3_seed101_0036,15,white tape roll,0.7369996309280396,0.9819957613945007,662.6959838867188,346.4950256347656,759.6936645507812,417.7580871582031,1
Cosmos3_seed101_0036,15,white tape roll,0.1223503500223159,0.6079434752464294,649.4248657226562,1.31268310546875,1277.585693359375,715.3139038085938,2
Cosmos3_seed101_0036,15,white tape roll,0.1112279817461967,0.6031980514526367,910.2701416015624,362.8388671875,1115.5628662109375,716.84033203125,3
Cosmos3_seed101_0036,15,white tape roll,0.1641753762960434,0.5665971636772156,488.5655517578125,155.2705841064453,504.25189208984375,197.3335418701172,4
Cosmos3_seed101_0036,18,white tape roll,0.7414825558662415,0.9781392812728882,662.4804077148438,346.7361755371094,759.4807739257812,417.8047790527344,1
Cosmos3_seed101_0036,18,white tape roll,0.1343138813972473,0.6126646995544434,646.8678588867188,1.009307861328125,1277.633544921875,716.0059814453125,2
Cosmos3_seed101_0036,18,white tape roll,0.152625173330307,0.5669352412223816,488.7795715332031,155.41921997070312,504.1341247558594,197.49359130859372,3
Cosmos3_seed101_0036,21,white tape roll,0.7264426946640015,0.971464991569519,662.576171875,346.5931396484375,759.65283203125,417.8001098632813,1
Cosmos3_seed101_0036,21,white tape roll,0.1261840611696243,0.6362460851669312,909.943115234375,450.1279296875,1115.9383544921875,716.643798828125,2
Cosmos3_seed101_0036,21,white tape roll,0.1047561764717102,0.6234792470932007,1130.166259765625,652.61376953125,1245.48876953125,717.411376953125,3
Cosmos3_seed101_0036,21,white tape roll,0.1323845088481903,0.6150059700012207,644.084228515625,1.20745849609375,1277.347412109375,716.7030029296875,4
Cosmos3_seed101_0036,21,white tape roll,0.1190808936953544,0.6139469146728516,1009.4912719726562,157.63323974609375,1278.1055908203125,518.496826171875,5
Cosmos3_seed101_0036,21,white tape roll,0.134700521826744,0.5621634721755981,488.6081237792969,155.58120727539062,504.1836242675781,197.11215209960935,6
Cosmos3_seed101_0036,24,white tape roll,0.6902309060096741,0.9618104696273804,662.6250610351562,346.9042053222656,759.5858764648438,417.7535705566406,1
Cosmos3_seed101_0036,24,white tape roll,0.121747963130474,0.6755380630493164,636.474365234375,184.8424530029297,757.0760498046875,273.5362854003906,2
Cosmos3_seed101_0036,24,white tape roll,0.1072752848267555,0.6474131941795349,1129.7645263671875,652.9096069335938,1245.7557373046875,717.4103393554688,3
Cosmos3_seed101_0036,24,white tape roll,0.1347319632768631,0.6263087391853333,909.7762451171876,454.75238037109375,1115.5770263671875,716.5934448242188,4
Cosmos3_seed101_0036,24,white tape roll,0.1011969149112701,0.6197571158409119,1008.5086669921876,150.06248474121094,1277.5904541015625,518.6591796875,5
Cosmos3_seed101_0036,24,white tape roll,0.1629770398139953,0.6120753884315491,643.5616455078125,1.528472900390625,1277.2158203125,715.6949462890625,6
Cosmos3_seed101_0036,24,white tape roll,0.1281000226736068,0.5571873188018799,488.4243774414063,155.38307189941406,503.93743896484375,196.9499969482422,7
Cosmos3_seed101_0036,27,white tape roll,0.708381712436676,0.9444425106048584,662.9862670898438,346.9660949707031,759.3556518554688,417.3957824707031,1
Cosmos3_seed101_0036,27,white tape roll,0.1023445725440979,0.6852535009384155,635.6627197265625,191.50672912597656,751.123779296875,285.5859069824219,2
Cosmos3_seed101_0036,27,white tape roll,0.1202659010887146,0.6248560547828674,911.4976196289062,454.5328369140625,1114.900634765625,716.916748046875,3
Cosmos3_seed101_0036,27,white tape roll,0.1765238791704177,0.6195138096809387,637.7086181640625,7.149627685546875,1260.1436767578125,716.0596923828125,4
Cosmos3_seed101_0036,27,white tape roll,0.1126920133829116,0.5904086828231812,1130.257080078125,652.9434204101562,1244.85546875,717.5342407226562,5
Cosmos3_seed101_0036,27,white tape roll,0.1550693809986114,0.5535422563552856,488.5955200195313,156.09506225585938,503.9129028320313,196.741455078125,6
Cosmos3_seed101_0036,30,white tape roll,0.7232589721679688,0.9475991725921631,662.7982788085938,347.0447692871094,759.2232055664062,417.4419860839844,1
Cosmos3_seed101_0036,30,white tape roll,0.1196740865707397,0.6272964477539062,912.7893676757812,447.0787963867188,1113.222900390625,717.2335815429688,2
Cosmos3_seed101_0036,30,white tape roll,0.1047171875834465,0.6181781888008118,1129.9503173828125,653.8311767578125,1244.9168701171875,717.5780029296875,3
Cosmos3_seed101_0036,30,white tape roll,0.1848795562982559,0.6158571243286133,636.00341796875,19.101470947265625,1239.2071533203125,715.801025390625,4
Cosmos3_seed101_0036,30,white tape roll,0.1142021417617797,0.5972410440444946,1004.6091918945312,65.55274963378906,1237.6070556640625,519.102294921875,5
Cosmos3_seed101_0036,30,white tape roll,0.1396635919809341,0.5496090650558472,488.8416748046875,155.312255859375,503.6761474609375,196.76657104492188,6
Cosmos3_seed101_0036,33,white tape roll,0.6891391277313232,0.9544311761856079,662.6256103515625,346.87371826171875,759.4454345703125,417.488037109375,1
Cosmos3_seed101_0036,33,white tape roll,0.1036392971873283,0.6298164129257202,911.1768798828124,449.0658874511719,1112.7926025390625,717.1781005859375,2
Cosmos3_seed101_0036,33,white tape roll,0.1991778016090393,0.6139092445373535,637.0318603515625,27.752838134765625,1226.143310546875,715.642822265625,3
Cosmos3_seed101_0036,33,white tape roll,0.1075110286474227,0.583027720451355,993.572998046875,68.81047058105469,1224.297119140625,519.625,4
Cosmos3_seed101_0036,33,white tape roll,0.1048061177134513,0.5765489935874939,1129.876708984375,653.9544067382812,1244.84423828125,717.4306030273438,5
Cosmos3_seed101_0036,33,white tape roll,0.117742620408535,0.5597388744354248,488.8832702636719,156.57998657226562,503.6912536621094,196.74172973632807,6
Cosmos3_seed101_0036,36,white tape roll,0.7030346989631653,0.9454455375671387,662.5966796875,346.86199951171875,759.4039306640625,417.33831787109375,1
Cosmos3_seed101_0036,36,white tape roll,0.1133821457624435,0.6356267333030701,910.9041137695312,448.0298461914063,1112.2877197265625,717.4069213867188,2
Cosmos3_seed101_0036,36,white tape roll,0.1984517127275467,0.6258600950241089,636.3131713867188,31.470916748046875,1219.7177734375,715.7569580078125,3
Cosmos3_seed101_0036,36,white tape roll,0.1165806353092193,0.5906381607055664,989.137939453125,70.51016235351562,1217.880615234375,519.4747314453125,4
Cosmos3_seed101_0036,36,white tape roll,0.1127809435129165,0.5447549223899841,488.8869018554688,154.4442138671875,503.61822509765625,196.80288696289065,5
Cosmos3_seed101_0036,39,white tape roll,0.6964224576950073,0.9285288453102112,662.8009643554688,347.0823974609375,759.4555053710938,417.4650268554688,1
Cosmos3_seed101_0036,39,white tape roll,0.1120434179902076,0.6258050203323364,910.1583251953124,452.1665649414063,1112.343017578125,717.1443481445312,2
Cosmos3_seed101_0036,39,white tape roll,0.1897756308317184,0.6190755367279053,648.047119140625,37.16888427734375,1213.87841796875,715.6022338867188,3
Cosmos3_seed101_0036,39,white tape roll,0.1202932149171829,0.5903211832046509,983.2214965820312,70.85243225097656,1212.011962890625,519.468505859375,4
Cosmos3_seed101_0036,39,white tape roll,0.1225319653749466,0.5391605496406555,488.869873046875,154.51036071777344,503.7280883789063,197.57493591308597,5
Cosmos3_seed101_0036,42,white tape roll,0.6812334060668945,0.9142216444015503,662.8228759765625,347.1916198730469,759.2132568359375,417.4023742675781,1
Cosmos3_seed101_0036,42,white tape roll,0.1062544211745262,0.663739025592804,632.357421875,248.30050659179688,738.8809814453125,332.3894348144531,2
Cosmos3_seed101_0036,42,white tape roll,0.1409406810998916,0.6253290176391602,916.3173217773438,448.3824768066406,1111.596435546875,717.40478515625,3
Cosmos3_seed101_0036,42,white tape roll,0.2168256938457489,0.6129257678985596,638.22509765625,42.30709838867188,1208.5333251953125,715.7755126953125,4
Cosmos3_seed101_0036,42,white tape roll,0.1571331173181533,0.5736907720565796,978.714111328125,71.47727966308594,1206.45361328125,519.295654296875,5
Cosmos3_seed101_0036,42,white tape roll,0.1434648483991623,0.5671191215515137,488.9950866699219,155.36273193359375,503.7937316894531,197.53118896484372,6
Cosmos3_seed101_0036,42,white tape roll,0.1112835928797721,0.5658358931541443,1130.2265625,654.2725219726562,1240.9013671875,717.5662231445312,7
Cosmos3_seed101_0036,45,white tape roll,0.6819252371788025,0.7873217463493347,662.8348999023438,347.3871154785156,759.1766967773438,417.2444152832031,1
Cosmos3_seed101_0036,45,white tape roll,0.1181697025895118,0.6842829585075378,630.9793090820312,256.5157470703125,740.1242065429688,339.8887939453125,2
Cosmos3_seed101_0036,45,white tape roll,0.1249049007892608,0.6249394416809082,913.4136352539062,448.41204833984375,1111.8486328125,717.4649047851562,3
Cosmos3_seed101_0036,45,white tape roll,0.1168047934770584,0.6232470273971558,1130.02001953125,654.2889404296875,1238.778076171875,717.558837890625,4
Cosmos3_seed101_0036,45,white tape roll,0.2362256497144699,0.6156257390975952,639.004638671875,47.27609252929688,1202.60400390625,715.9283447265625,5
Cosmos3_seed101_0036,45,white tape roll,0.1248847544193267,0.5912483334541321,971.4818725585938,74.42466735839844,1199.8271484375,519.343505859375,6
Cosmos3_seed101_0036,45,white tape roll,0.1557113081216812,0.5568517446517944,488.7662048339844,155.20643615722656,503.7882385253906,197.2681427001953,7
Cosmos3_seed101_0036,48,white tape roll,0.6672379970550537,0.8668376207351685,662.7304077148438,347.76708984375,759.1940307617188,417.206787109375,1
Cosmos3_seed101_0036,48,white tape roll,0.1346076875925064,0.6783286333084106,629.94580078125,261.365234375,740.149169921875,343.71630859375,2
Cosmos3_seed101_0036,48,white tape roll,0.1274187266826629,0.6419058442115784,915.355712890625,456.3953857421875,1112.0833740234375,717.5390625,3
Cosmos3_seed101_0036,48,white tape roll,0.1264964491128921,0.632266104221344,1129.559326171875,653.9019165039062,1236.79052734375,717.5574340820312,4
Cosmos3_seed101_0036,48,white tape roll,0.2425969839096069,0.618706226348877,640.2127685546875,50.6995849609375,1198.081298828125,716.1266479492188,5
Cosmos3_seed101_0036,48,white tape roll,0.1001363322138786,0.6016320586204529,674.5857543945312,153.94882202148438,776.0935668945312,273.1596984863281,6
Cosmos3_seed101_0036,48,white tape roll,0.1256178617477417,0.5953965187072754,967.8721923828124,75.76901245117188,1195.9366455078125,519.988037109375,7
Cosmos3_seed101_0036,48,white tape roll,0.182040587067604,0.5555440783500671,488.7433471679688,155.52386474609375,503.8094482421875,195.79074096679688,8
Cosmos3_seed101_0036,51,white tape roll,0.6687854528427124,0.7584356069564819,662.9437866210938,346.4569702148437,759.2776489257812,417.2481689453125,1
Cosmos3_seed101_0036,51,white tape roll,0.1131014302372932,0.6645421981811523,629.345458984375,267.3151550292969,737.9542236328125,349.1013488769531,2
Cosmos3_seed101_0036,51,white tape roll,0.1378577351570129,0.6314727067947388,917.5814819335938,454.7721862792969,1110.240234375,717.27490234375,3
Cosmos3_seed101_0036,51,white tape roll,0.2429707497358322,0.6117470264434814,664.8927612304688,52.962890625,1194.127197265625,715.9758911132812,4
Cosmos3_seed101_0036,51,white tape roll,0.1234040409326553,0.5983347296714783,964.9962768554688,77.0064697265625,1192.032958984375,520.0101928710938,5
Cosmos3_seed101_0036,51,white tape roll,0.1095942854881286,0.579150915145874,673.66943359375,160.604248046875,774.30322265625,277.6219177246094,6
Cosmos3_seed101_0036,51,white tape roll,0.1466523706912994,0.5743712782859802,488.846435546875,153.79647827148438,503.6817626953125,198.0936279296875,7
Cosmos3_seed101_0036,51,white tape roll,0.1149171218276023,0.5643407702445984,1129.80908203125,654.10009765625,1240.086669921875,717.596923828125,8
Cosmos3_seed101_0036,54,white tape roll,0.6119878888130188,0.7750155925750732,662.7975463867188,347.0463256835937,759.0584106445312,416.87506103515625,1
Cosmos3_seed101_0036,54,white tape roll,0.1362068355083465,0.7036523222923279,629.1482543945312,272.6658935546875,736.6697387695312,356.78057861328125,2
Cosmos3_seed101_0036,54,white tape roll,0.1605609059333801,0.6350023746490479,917.6640625,452.05609130859375,1112.488525390625,717.7887573242188,3
Cosmos3_seed101_0036,54,white tape roll,0.2870458364486694,0.6116892099380493,661.8172607421875,56.216156005859375,1191.1217041015625,716.118896484375,4
Cosmos3_seed101_0036,54,white tape roll,0.1458057612180709,0.6055557727813721,962.5256958007812,78.58274841308594,1189.24609375,519.4204711914062,5
Cosmos3_seed101_0036,54,white tape roll,0.1458779573440551,0.5823904275894165,1130.1455078125,654.0853881835938,1236.618408203125,717.6592407226562,6
Cosmos3_seed101_0036,54,white tape roll,0.138054072856903,0.5625543594360352,488.7783508300781,154.16217041015625,503.6395568847656,197.51605224609372,7
Cosmos3_seed101_0036,57,white tape roll,0.6011360883712769,0.7684042453765869,662.875732421875,348.17059326171875,759.071533203125,417.1875,1
Cosmos3_seed101_0036,57,white tape roll,0.1404992789030075,0.7182357311248779,629.3609008789062,277.1116027832031,736.2382202148438,356.2106628417969,2
Cosmos3_seed101_0036,57,white tape roll,0.1565444469451904,0.6405933499336243,917.9366455078124,463.878173828125,1111.1439208984375,717.39306640625,3
Cosmos3_seed101_0036,57,white tape roll,0.3061456680297851,0.6108365058898926,667.046142578125,57.9556884765625,1188.579345703125,716.052734375,4
Cosmos3_seed101_0036,57,white tape roll,0.1448250412940979,0.6026384830474854,960.5155029296876,80.15066528320312,1187.1832275390625,519.5694580078125,5
Cosmos3_seed101_0036,57,white tape roll,0.1594656258821487,0.5893345475196838,1130.4920654296875,654.2548217773438,1235.4344482421875,717.7263793945312,6
Cosmos3_seed101_0036,57,white tape roll,0.103358693420887,0.5804896354675293,670.458740234375,57.60359954833984,1003.3017578125,285.30841064453125,7
Cosmos3_seed101_0036,57,white tape roll,0.1591095924377441,0.5619289875030518,488.6136169433594,154.1067657470703,503.5235290527344,197.39634704589844,8
Cosmos3_seed101_0036,60,white tape roll,0.6366235613822937,0.8262524604797363,662.9620361328125,348.2878723144531,759.1317138671875,416.8794250488281,1
Cosmos3_seed101_0036,60,white tape roll,0.117273986339569,0.6992502212524414,629.6239013671875,278.01129150390625,736.6068115234375,355.3624267578125,2
Cosmos3_seed101_0036,60,white tape roll,0.1521485298871994,0.634068489074707,914.2232666015624,449.9127807617188,1111.0411376953125,717.7274780273438,3
Cosmos3_seed101_0036,60,white tape roll,0.2807251811027527,0.6069758534431458,667.3141479492188,58.322540283203125,1188.232421875,716.3341064453125,4
Cosmos3_seed101_0036,60,white tape roll,0.141868308186531,0.6016470193862915,960.3779296875,80.35923767089844,1186.70751953125,519.6171264648438,5
Cosmos3_seed101_0036,60,white tape roll,0.1561352759599685,0.5830762982368469,1130.7762451171875,654.1515502929688,1234.9100341796875,717.7337036132812,6
Cosmos3_seed101_0036,60,white tape roll,0.1582883894443512,0.5432645082473755,488.9125061035156,154.30615234375,503.4282531738281,196.86203002929688,7
Cosmos3_seed101_0036,63,white tape roll,0.6162049174308777,0.7620935440063477,662.9447631835938,348.17822265625,759.2759399414062,417.09368896484375,1
Cosmos3_seed101_0036,63,white tape roll,0.1476301401853561,0.7170035243034363,631.9072265625,280.27020263671875,738.9931640625,356.24774169921875,2
Cosmos3_seed101_0036,63,white tape roll,0.1301332861185073,0.6261377930641174,914.67333984375,469.8268432617188,1112.9925537109375,717.1284790039062,3
Cosmos3_seed101_0036,63,white tape roll,0.1531696170568466,0.613608717918396,1130.5299072265625,654.0595092773438,1235.3494873046875,717.5709838867188,4
Cosmos3_seed101_0036,63,white tape roll,0.2751446664333343,0.6069744825363159,664.624267578125,58.66436767578125,1188.3760986328125,715.9607543945312,5
Cosmos3_seed101_0036,63,white tape roll,0.1273971647024154,0.5934783816337585,959.4970703125,80.35720825195312,1186.662109375,519.6099853515625,6
Cosmos3_seed101_0036,63,white tape roll,0.1526985168457031,0.5797901153564453,488.305419921875,154.29937744140625,503.755126953125,196.89874267578125,7
Cosmos3_seed101_0036,66,white tape roll,0.6295642852783203,0.763396680355072,663.4129028320312,348.6188049316406,759.3861694335938,417.0241394042969,1
Cosmos3_seed101_0036,66,white tape roll,0.1407654285430908,0.6857596635818481,635.5056762695312,281.31903076171875,741.9749145507812,356.48126220703125,2
Cosmos3_seed101_0036,66,white tape roll,0.1497754752635955,0.6275861859321594,913.04736328125,448.7970581054688,1111.5859375,717.4575805664062,3
Cosmos3_seed101_0036,66,white tape roll,0.1187998801469802,0.6031849384307861,958.767578125,80.68367004394531,1185.7236328125,519.4481811523438,4
Cosmos3_seed101_0036,66,white tape roll,0.2677690982818603,0.59983891248703,669.291748046875,59.79193115234375,1187.4588623046875,716.1460571289062,5
Cosmos3_seed101_0036,66,white tape roll,0.1365086436271667,0.5791337490081787,1130.175048828125,653.958251953125,1234.963134765625,717.6507568359375,6
Cosmos3_seed101_0036,66,white tape roll,0.1183961778879165,0.5745823383331299,675.34033203125,173.52549743652344,775.539306640625,294.02081298828125,7
Cosmos3_seed101_0036,66,white tape roll,0.162929818034172,0.5449520945549011,488.4959411621094,154.4768524169922,503.5512390136719,196.6357269287109,8
Cosmos3_seed101_0036,69,white tape roll,0.6117658019065857,0.7632696628570557,663.9474487304688,349.16162109375,760.8883666992188,417.324462890625,1
Cosmos3_seed101_0036,69,white tape roll,0.1435516774654388,0.7001171708106995,638.0307006835938,284.7279663085937,744.7383422851562,359.54296875,2
Cosmos3_seed101_0036,69,white tape roll,0.1444661915302276,0.6334230303764343,916.921630859375,452.1723327636719,1112.4937744140625,717.555419921875,3
Cosmos3_seed101_0036,69,white tape roll,0.1575421541929245,0.6101278066635132,1130.291259765625,654.0117797851562,1235.09228515625,717.6846313476562,4
Cosmos3_seed101_0036,69,white tape roll,0.1316778063774109,0.6033848524093628,677.0265502929688,176.37835693359375,784.2516479492188,299.3838195800781,5
Cosmos3_seed101_0036,69,white tape roll,0.1098036617040634,0.5998847484588623,958.9841918945312,80.87037658691406,1185.636962890625,519.20947265625,6
Cosmos3_seed101_0036,69,white tape roll,0.2867280542850494,0.5861201286315918,672.4295654296875,60.69155883789063,1187.3612060546875,716.10693359375,7
Cosmos3_seed101_0036,69,white tape roll,0.1648405343294143,0.5544438362121582,488.5572814941406,154.32620239257812,503.6645202636719,196.57809448242188,8
Cosmos3_seed101_0036,72,white tape roll,0.4619073569774627,0.7869874835014343,663.64599609375,351.85760498046875,761.87451171875,417.2119140625,1
Cosmos3_seed101_0036,72,white tape roll,0.1415100246667862,0.7703617811203003,640.2747192382812,287.52099609375,762.9241333007812,417.1734008789063,2
Cosmos3_seed101_0036,72,white tape roll,0.1572314202785492,0.6567376852035522,640.056640625,287.5765686035156,746.0377197265625,358.9314270019531,3
Cosmos3_seed101_0036,72,white tape roll,0.1808492094278335,0.6467653512954712,1129.5989990234375,653.98388671875,1235.2593994140625,717.6876220703125,4
Cosmos3_seed101_0036,72,white tape roll,0.1547549664974212,0.64635169506073,640.731689453125,178.19467163085938,786.1507568359375,417.5588684082031,5
Cosmos3_seed101_0036,72,white tape roll,0.1729126572608947,0.6363270282745361,917.5394287109376,448.474365234375,1112.5474853515625,717.5279541015625,6
Cosmos3_seed101_0036,72,white tape roll,0.1772965341806411,0.6049489378929138,677.9340209960938,179.03005981445312,786.2683715820312,302.7268981933594,7
Cosmos3_seed101_0036,72,white tape roll,0.1373529583215713,0.5988470315933228,959.0000610351562,80.5225830078125,1185.85546875,519.4611206054688,8
Cosmos3_seed101_0036,72,white tape roll,0.1018952578306198,0.5854003429412842,676.6927490234375,61.2329330444336,1001.3587646484376,301.2043151855469,9
Cosmos3_seed101_0036,72,white tape roll,0.3924194574356079,0.5840902924537659,663.6197509765625,61.4091796875,1187.8599853515625,716.2305908203125,10
Cosmos3_seed101_0036,72,white tape roll,0.1648441106081009,0.5568962097167969,488.5289001464844,153.79173278808594,503.6244812011719,197.4458770751953,11
Cosmos3_seed101_0036,75,white tape roll,0.4105283915996551,0.8663917779922485,664.1996459960938,353.5171813964844,762.2507934570312,417.0376892089844,1
Cosmos3_seed101_0036,75,white tape roll,0.1519294381141662,0.772330105304718,641.330078125,289.64324951171875,763.544921875,417.0386352539063,2
Cosmos3_seed101_0036,75,white tape roll,0.1160307303071022,0.6584928035736084,643.4829711914062,181.47645568847656,784.2581176757812,417.6585083007813,3
Cosmos3_seed101_0036,75,white tape roll,0.1616729944944381,0.6550881266593933,640.8425903320312,289.831787109375,747.5691528320312,359.98809814453125,4
Cosmos3_seed101_0036,75,white tape roll,0.1702559888362884,0.6248509883880615,1130.1015625,654.0994262695312,1234.994873046875,717.7426147460938,5
Cosmos3_seed101_0036,75,white tape roll,0.1990983933210373,0.620651364326477,914.6177978515624,449.832275390625,1111.692626953125,717.4698486328125,6
Cosmos3_seed101_0036,75,white tape roll,0.143608272075653,0.6039761304855347,959.76904296875,80.17924499511719,1186.536376953125,519.5067749023438,7
Cosmos3_seed101_0036,75,white tape roll,0.1552601009607315,0.5940498113632202,678.1325073242188,181.92274475097656,785.8097534179688,302.6583251953125,8
Cosmos3_seed101_0036,75,white tape roll,0.1265334635972976,0.5846004486083984,677.047119140625,61.973052978515625,1000.638671875,302.0403747558594,9
Cosmos3_seed101_0036,75,white tape roll,0.4442608058452606,0.5789122581481934,671.4155883789062,61.797607421875,1187.97265625,716.0466918945312,10
Cosmos3_seed101_0036,75,white tape roll,0.1842835843563079,0.5645126104354858,488.810302734375,154.01785278320312,503.7659912109375,197.24017333984372,11
Cosmos3_seed101_0036,78,white tape roll,0.4438865482807159,0.8604122996330261,666.66845703125,354.6007995605469,764.8048095703125,417.3256530761719,1
Cosmos3_seed101_0036,78,white tape roll,0.1120183020830154,0.6492936611175537,642.0100708007812,182.3424530029297,785.9234008789062,417.95452880859375,2
Cosmos3_seed101_0036,78,white tape roll,0.1647254973649978,0.6305088996887207,1130.244873046875,654.123779296875,1235.154052734375,717.667236328125,3
Cosmos3_seed101_0036,78,white tape roll,0.2079287022352218,0.6182417869567871,915.8153076171876,448.80078125,1111.692138671875,717.403564453125,4
Cosmos3_seed101_0036,78,white tape roll,0.1675298362970352,0.6138428449630737,641.1104125976562,290.05230712890625,748.8543090820312,363.9715576171875,5
Cosmos3_seed101_0036,78,white tape roll,0.1747960746288299,0.6055936813354492,677.73974609375,182.79150390625,785.44287109375,303.6921081542969,6
Cosmos3_seed101_0036,78,white tape roll,0.1688387542963028,0.6045066118240356,960.1677856445312,80.10684204101562,1186.915771484375,519.259033203125,7
Cosmos3_seed101_0036,78,white tape roll,0.1199208572506904,0.5950137376785278,676.6918334960938,62.11336517333984,1001.0588989257812,303.1380920410156,8
Cosmos3_seed101_0036,78,white tape roll,0.4027504622936249,0.5845629572868347,668.1162719726562,62.04605102539063,1188.498046875,715.879638671875,9
Cosmos3_seed101_0036,78,white tape roll,0.1748523116111755,0.5659855604171753,488.629150390625,154.38388061523438,503.86083984375,196.91830444335935,10
Cosmos3_seed101_0036,81,white tape roll,0.4398734867572784,0.8515503406524658,669.1350708007812,354.4403076171875,766.9609985351562,416.2216796875,1
Cosmos3_seed101_0036,81,white tape roll,0.1457183957099914,0.6928380727767944,641.737548828125,289.6005859375,751.2440185546875,378.14459228515625,2
Cosmos3_seed101_0036,81,white tape roll,0.1334609389305114,0.6533570885658264,641.9609375,181.7723388671875,786.5517578125,416.7569580078125,3
Cosmos3_seed101_0036,81,white tape roll,0.1703998446464538,0.6373926401138306,1130.4183349609375,653.9448852539062,1235.1607666015625,717.7761840820312,4
Cosmos3_seed101_0036,81,white tape roll,0.1896110028028488,0.6229900121688843,914.1925659179688,447.5651245117188,1112.1480712890625,717.4417114257812,5
Cosmos3_seed101_0036,81,white tape roll,0.1678977161645889,0.6178884506225586,678.3994750976562,182.29937744140625,785.7791137695312,302.86328125,6
Cosmos3_seed101_0036,81,white tape roll,0.1670286357402801,0.6007664799690247,961.0792236328124,79.94593811035156,1187.3438720703125,519.5933227539062,7
Cosmos3_seed101_0036,81,white tape roll,0.4235311150550842,0.5930879712104797,654.6558837890625,61.543487548828125,1189.2374267578125,716.20703125,8
Cosmos3_seed101_0036,81,white tape roll,0.1052566096186637,0.5906697511672974,676.8871459960938,61.49998474121094,1002.2742309570312,302.01690673828125,9
Cosmos3_seed101_0036,81,white tape roll,0.1931535750627517,0.563369631767273,488.3551635742188,153.1486053466797,503.8995361328125,196.7588653564453,10
Cosmos3_seed101_0036,84,white tape roll,0.3753986954689026,0.8356245756149292,674.1073608398438,350.72967529296875,771.5127563476562,411.9381103515625,1
Cosmos3_seed101_0036,84,white tape roll,0.1494137644767761,0.7962071895599365,645.062255859375,288.23583984375,772.5804443359375,412.41790771484375,2
Cosmos3_seed101_0036,84,white tape roll,0.1111185029149055,0.6565569639205933,645.170654296875,178.50564575195312,785.9608154296875,412.4828186035156,3
Cosmos3_seed101_0036,84,white tape roll,0.1604660600423813,0.6331748962402344,914.4912109375,448.58441162109375,1111.23681640625,717.5280151367188,4
Cosmos3_seed101_0036,84,white tape roll,0.1830699741840362,0.6320546269416809,1130.56103515625,654.1614990234375,1234.8623046875,717.7451171875,5
Cosmos3_seed101_0036,84,white tape roll,0.1048907041549682,0.6139765381813049,645.1777954101562,288.6968688964844,751.8358764648438,356.6530456542969,6
Cosmos3_seed101_0036,84,white tape roll,0.1170383542776107,0.6091694831848145,679.965087890625,178.78224182128906,786.066650390625,298.87255859375,7
Cosmos3_seed101_0036,84,white tape roll,0.1737845987081527,0.5992556214332581,962.8260498046876,78.63999938964844,1189.6842041015625,519.8222045898438,8
Cosmos3_seed101_0036,84,white tape roll,0.4812921285629272,0.5922632813453674,652.4481201171875,59.30450439453125,1191.8182373046875,716.5973510742188,9
Cosmos3_seed101_0036,84,white tape roll,0.1362752765417099,0.5823305249214172,677.782958984375,59.03914642333984,1004.0250244140624,298.8310241699219,10
Cosmos3_seed101_0036,84,white tape roll,0.2093035280704498,0.5401754379272461,488.4578247070313,153.09695434570312,503.74798583984375,195.94577026367188,11
Cosmos3_seed101_0036,87,white tape roll,0.3831553161144256,0.8476086854934692,685.4511108398438,339.0792236328125,782.2550659179688,403.91796875,1
Cosmos3_seed101_0036,87,white tape roll,0.1027501598000526,0.7999672889709473,654.3573608398438,285.6621398925781,783.4771118164062,404.0464172363281,2
Cosmos3_seed101_0036,87,white tape roll,0.1353378593921661,0.6952250003814697,653.85498046875,285.6642761230469,762.48388671875,355.8569641113281,3
Cosmos3_seed101_0036,87,white tape roll,0.208635926246643,0.6412398219108582,916.04248046875,453.9574279785156,1110.92578125,717.27587890625,4
Cosmos3_seed101_0036,87,white tape roll,0.190416470170021,0.6360809206962585,1130.5693359375,653.7080688476562,1236.807373046875,717.7634887695312,5
Cosmos3_seed101_0036,87,white tape roll,0.1022121459245681,0.6164896488189697,654.8155517578125,56.069122314453125,1020.196044921875,403.5054321289063,6
Cosmos3_seed101_0036,87,white tape roll,0.1662525385618209,0.5960558652877808,968.4174194335938,75.9578857421875,1196.162109375,519.7760009765625,7
Cosmos3_seed101_0036,87,white tape roll,0.1060387417674064,0.5887709856033325,688.3956909179688,172.22128295898438,788.8392944335938,289.64630126953125,8
Cosmos3_seed101_0036,87,white tape roll,0.4706401824951172,0.5737009644508362,661.1076049804688,56.42852783203125,1197.93798828125,716.3829956054688,9
Cosmos3_seed101_0036,87,white tape roll,0.1782053858041763,0.5563283562660217,488.6227416992188,153.02963256835938,503.73193359375,197.5037841796875,10
Cosmos3_seed101_0036,90,white tape roll,0.3960023522377014,0.7793889045715332,700.8994750976562,328.3030700683594,798.6061401367188,396.9809875488281,1
Cosmos3_seed101_0036,90,white tape roll,0.1276450008153915,0.7616908550262451,670.1793823242188,280.2523498535156,799.7258911132812,397.2804870605469,2
Cosmos3_seed101_0036,90,white tape roll,0.1749231815338134,0.6737013459205627,669.7022705078125,280.1309814453125,774.0965576171875,345.225341796875,3
Cosmos3_seed101_0036,90,white tape roll,0.1595610976219177,0.6434835195541382,1130.2130126953125,653.79345703125,1238.6646728515625,717.6845703125,4
Cosmos3_seed101_0036,90,white tape roll,0.1952807009220123,0.6256898641586304,915.1595458984376,455.6982116699219,1114.6915283203125,717.17529296875,5
Cosmos3_seed101_0036,90,white tape roll,0.105219766497612,0.6036040782928467,702.156494140625,163.52392578125,806.60546875,285.3634948730469,6
Cosmos3_seed101_0036,90,white tape roll,0.2065488547086715,0.5924192070960999,981.1099853515624,72.76835632324219,1210.6234130859375,519.4019775390625,7
Cosmos3_seed101_0036,90,white tape roll,0.152619794011116,0.5817779302597046,700.472900390625,49.96139526367188,1028.2696533203125,286.1822204589844,8
Cosmos3_seed101_0036,90,white tape roll,0.100290797650814,0.5784075260162354,819.4071655273438,50.30000305175781,1027.4945068359375,211.0165863037109,9
Cosmos3_seed101_0036,90,white tape roll,0.4269273579120636,0.5724804401397705,684.3643798828125,50.45358276367188,1212.1212158203125,716.409912109375,10
Cosmos3_seed101_0036,90,white tape roll,0.1939513236284256,0.5543224811553955,488.6171875,153.35391235351562,503.41217041015625,197.2427673339844,11
Cosmos3_seed101_0036,93,white tape roll,0.5266373753547668,0.8294734358787537,714.2766723632812,323.5891418457031,812.5025024414062,391.5863342285156,1
Cosmos3_seed101_0036,93,white tape roll,0.1223022267222404,0.7769557237625122,683.8917846679688,273.25262451171875,813.8749389648438,391.83441162109375,2
Cosmos3_seed101_0036,93,white tape roll,0.1358881592750549,0.6675782203674316,683.4337158203125,272.95758056640625,789.680419921875,344.289794921875,3
Cosmos3_seed101_0036,93,white tape roll,0.1744885146617889,0.6443402767181396,1130.23095703125,653.7637939453125,1247.957763671875,717.76123046875,4
Cosmos3_seed101_0036,93,white tape roll,0.177712008357048,0.6168228387832642,913.2379760742188,458.8088989257813,1113.1356201171875,717.3010864257812,5
Cosmos3_seed101_0036,93,white tape roll,0.1151316985487937,0.6042397022247314,683.4586181640625,44.7835693359375,1050.345703125,390.6178283691406,6
Cosmos3_seed101_0036,93,white tape roll,0.2148196995258331,0.5941247940063477,997.7728881835938,67.80909729003906,1228.5347900390625,517.6734008789062,7
Cosmos3_seed101_0036,93,white tape roll,0.3294858336448669,0.589672327041626,687.5350341796875,45.3450927734375,1229.4840087890625,716.3906860351562,8
Cosmos3_seed101_0036,93,white tape roll,0.2093849629163742,0.5498478412628174,488.76995849609375,153.85340881347656,503.34124755859375,197.7664337158203,9
Cosmos3_seed101_0036,96,white tape roll,0.4313760697841644,0.7921823859214783,723.17578125,321.4873046875,822.583740234375,390.188720703125,1
Cosmos3_seed101_0036,96,white tape roll,0.1289995610713958,0.7878473997116089,693.0054931640625,269.8431091308594,824.2236328125,390.4439392089844,2
Cosmos3_seed101_0036,96,white tape roll,0.14007169008255,0.6717976331710815,692.6534423828125,269.76025390625,798.2998046875,339.48272705078125,3
Cosmos3_seed101_0036,96,white tape roll,0.1968429684638977,0.6533346772193909,1130.4603271484375,653.2638549804688,1248.7955322265625,717.6395874023438,4
Cosmos3_seed101_0036,96,white tape roll,0.1987534463405609,0.6321967840194702,914.2728881835938,466.1443481445313,1114.0865478515625,717.2030639648438,5
Cosmos3_seed101_0036,96,white tape roll,0.1035991162061691,0.6030958890914917,728.2633056640625,154.6796875,825.375,270.9852905273437,6
Cosmos3_seed101_0036,96,white tape roll,0.1834296584129333,0.597872257232666,1002.531494140625,65.7198486328125,1243.943115234375,517.6434326171875,7
Cosmos3_seed101_0036,96,white tape roll,0.1260535717010498,0.5925082564353943,725.9522705078125,41.56021881103516,1061.4486083984375,272.2619323730469,8
Cosmos3_seed101_0036,96,white tape roll,0.411010205745697,0.5900661945343018,694.555908203125,42.0367431640625,1244.6072998046875,716.2047729492188,9
Cosmos3_seed101_0036,96,white tape roll,0.1811506599187851,0.5420657396316528,488.3902587890625,155.59994506835938,503.573486328125,197.3265686035156,10
Cosmos3_seed101_0036,99,white tape roll,0.3965822756290436,0.8661957383155823,733.2349853515625,320.5650939941406,834.18212890625,388.9226379394531,1
Cosmos3_seed101_0036,99,white tape roll,0.1291162222623825,0.7729713320732117,704.4739379882812,267.8356628417969,836.1167602539062,389.4216613769531,2
Cosmos3_seed101_0036,99,white tape roll,0.1533486992120742,0.6657558083534241,704.0050048828125,267.5939025878906,810.684814453125,337.1065368652344,3
Cosmos3_seed101_0036,99,white tape roll,0.1815892457962036,0.6256117820739746,1130.52685546875,653.037109375,1248.587890625,717.5455322265625,4
Cosmos3_seed101_0036,99,white tape roll,0.2388689965009689,0.623825192451477,914.56884765625,470.1895446777344,1114.498779296875,716.97900390625,5
Cosmos3_seed101_0036,99,white tape roll,0.3880002200603485,0.5974568128585815,707.9945068359375,38.154388427734375,1261.6851806640625,715.7872314453125,6
Cosmos3_seed101_0036,99,white tape roll,0.2394893020391464,0.5973655581474304,1002.8975830078124,60.70697021484375,1261.4981689453125,516.5064086914062,7
Cosmos3_seed101_0036,99,white tape roll,0.1750065386295318,0.5964800119400024,738.98779296875,37.71821594238281,1080.3238525390625,272.5284423828125,8
Cosmos3_seed101_0036,99,white tape roll,0.1841957718133926,0.5567604899406433,488.5570373535156,155.07862854003906,503.5981140136719,196.14698791503903,9
Cosmos3_seed101_0036,102,white tape roll,0.4596761465072632,0.8121835589408875,738.427734375,319.8013000488281,845.3623046875,387.2665710449219,1
Cosmos3_seed101_0036,102,white tape roll,0.1774390339851379,0.7814850807189941,713.9761962890625,265.7728881835937,846.75146484375,387.7864379882813,2
Cosmos3_seed101_0036,102,white tape roll,0.1658219546079635,0.6797472238540649,713.9802856445312,265.5731811523437,820.2910766601562,334.8201904296875,3
Cosmos3_seed101_0036,102,white tape roll,0.1949124336242675,0.6332347989082336,1130.119873046875,653.7073364257812,1244.51513671875,717.6106567382812,4
Cosmos3_seed101_0036,102,white tape roll,0.2421351671218872,0.6226310729980469,911.272705078125,479.4028930664063,1112.5364990234375,716.8203735351562,5
Cosmos3_seed101_0036,102,white tape roll,0.2115158587694168,0.6011633276939392,1001.4310913085938,59.97587585449219,1274.431396484375,515.9658203125,6
Cosmos3_seed101_0036,102,white tape roll,0.3259173333644867,0.5940642356872559,719.7474365234375,36.110748291015625,1275.4683837890625,715.85546875,7
Cosmos3_seed101_0036,102,white tape roll,0.1594539582729339,0.5860539078712463,750.804443359375,35.46795654296875,1095.5152587890625,272.6737060546875,8
Cosmos3_seed101_0036,102,white tape roll,0.228572130203247,0.5627802610397339,488.2711486816406,152.9415740966797,503.6055603027344,196.53602600097656,9
Cosmos3_seed101_0036,105,white tape roll,0.3892978727817535,0.860623836517334,737.923583984375,319.5351257324219,851.879150390625,387.7842712402344,1
Cosmos3_seed101_0036,105,white tape roll,0.1476151943206787,0.7772940397262573,719.934326171875,266.96685791015625,852.949462890625,388.1427612304688,2
Cosmos3_seed101_0036,105,white tape roll,0.1631916761398315,0.6886386871337891,719.9214477539062,266.5516052246094,826.0534057617188,335.0752258300781,3
Cosmos3_seed101_0036,105,white tape roll,0.1947190016508102,0.6281542778015137,1129.9039306640625,653.3479614257812,1246.2506103515625,717.6104125976562,4
Cosmos3_seed101_0036,105,white tape roll,0.2970775067806244,0.6226097345352173,912.3541259765624,480.4529418945313,1111.9986572265625,716.8698120117188,5
Cosmos3_seed101_0036,105,white tape roll,0.2571251094341278,0.6101329326629639,1000.4699096679688,59.29524230957031,1277.572265625,515.31298828125,6
Cosmos3_seed101_0036,105,white tape roll,0.1017335653305053,0.5993677377700806,756.57177734375,148.20123291015625,868.7408447265625,273.5614624023437,7
Cosmos3_seed101_0036,105,white tape roll,0.1836579740047454,0.5857455730438232,754.6202392578125,34.40528869628906,1103.9063720703125,273.77850341796875,8
Cosmos3_seed101_0036,105,white tape roll,0.3547947704792022,0.5839916467666626,722.9157104492188,34.827789306640625,1277.5966796875,715.605224609375,9
Cosmos3_seed101_0036,105,white tape roll,0.2114233672618866,0.5567650198936462,487.9595947265625,153.3537139892578,503.6256103515625,196.4642791748047,10
Cosmos3_seed101_0036,108,white tape roll,0.4911715090274811,0.8373710513114929,740.1385498046875,318.3202514648437,858.7762451171875,387.8677368164063,1
Cosmos3_seed101_0036,108,white tape roll,0.1641345471143722,0.6810139417648315,726.1585083007812,268.1880798339844,835.1757202148438,338.4610900878906,2
Cosmos3_seed101_0036,108,white tape roll,0.2720279693603515,0.6259990930557251,913.4300537109376,479.8266906738281,1112.0660400390625,716.931884765625,3
Cosmos3_seed101_0036,108,white tape roll,0.2005877792835235,0.6098629832267761,999.5657958984376,58.490264892578125,1277.7471923828125,515.169921875,4
Cosmos3_seed101_0036,108,white tape roll,0.1280270665884018,0.5921913385391235,759.98779296875,34.804168701171875,1107.139404296875,272.46258544921875,5
Cosmos3_seed101_0036,108,white tape roll,0.3154739737510681,0.5859822630882263,727.646484375,35.021148681640625,1278.02734375,715.9346923828125,6
Cosmos3_seed101_0036,108,white tape roll,0.2105081230401992,0.5523809194564819,1130.6251220703125,653.4166259765625,1244.8453369140625,717.5731201171875,7
Cosmos3_seed101_0036,108,white tape roll,0.2297431230545044,0.5519126057624817,488.0697021484375,152.7203369140625,503.7106323242188,196.43353271484372,8
Cosmos3_seed101_0036,111,white tape roll,0.4427159428596496,0.7601147890090942,756.782958984375,316.6198425292969,864.3460693359375,386.0945129394531,1
Cosmos3_seed101_0036,111,white tape roll,0.1952971220016479,0.7476798892021179,729.5811767578125,266.9525146484375,865.7108154296875,387.493408203125,2
Cosmos3_seed101_0036,111,white tape roll,0.1467357873916626,0.6743949055671692,729.6632690429688,266.55572509765625,837.0829467773438,332.8614501953125,3
Cosmos3_seed101_0036,111,white tape roll,0.1069365739822387,0.6636990904808044,729.96875,146.70156860351562,870.28125,387.9029235839844,4
Cosmos3_seed101_0036,111,white tape roll,0.1178989708423614,0.6359332203865051,765.904541015625,146.77967834472656,870.8543701171875,269.5404663085937,5
Cosmos3_seed101_0036,111,white tape roll,0.1783908158540725,0.631098747253418,1130.3114013671875,652.9945678710938,1247.2188720703125,717.5079956054688,6
Cosmos3_seed101_0036,111,white tape roll,0.23813396692276,0.6280944347381592,912.5338134765624,480.0465087890625,1113.4981689453125,716.8624267578125,7
Cosmos3_seed101_0036,111,white tape roll,0.2177893221378326,0.6119627952575684,999.23291015625,58.376312255859375,1277.764404296875,514.9930419921875,8
Cosmos3_seed101_0036,111,white tape roll,0.3183194696903229,0.5902723073959351,731.93798828125,34.64495849609375,1277.664794921875,715.7184448242188,9
Cosmos3_seed101_0036,111,white tape roll,0.1650760918855667,0.585023045539856,763.7207641601562,34.09673309326172,1111.169677734375,270.2185974121094,10
Cosmos3_seed101_0036,111,white tape roll,0.2531433701515198,0.5567480325698853,488.0747680664063,152.01687622070312,503.728271484375,196.6776123046875,11
Cosmos3_seed101_0036,114,white tape roll,0.3945159614086151,0.8202857375144958,742.90380859375,316.5827941894531,865.4603271484375,386.5717468261719,1
Cosmos3_seed101_0036,114,white tape roll,0.1297487765550613,0.6841036081314087,730.1516723632812,265.0069274902344,840.2372436523438,337.4628601074219,2
Cosmos3_seed101_0036,114,white tape roll,0.1139523908495903,0.6830759048461914,729.827880859375,145.3377685546875,869.9163818359375,387.41986083984375,3
Cosmos3_seed101_0036,114,white tape roll,0.1300760358572006,0.6394420862197876,765.4366455078125,145.3809051513672,869.2210693359375,266.2184753417969,4
Cosmos3_seed101_0036,114,white tape roll,0.2666425704956054,0.6142512559890747,910.5382080078124,480.6644287109375,1113.4578857421875,716.8271484375,5
Cosmos3_seed101_0036,114,white tape roll,0.1935148239135742,0.6100590825080872,1130.2696533203125,652.989990234375,1245.0137939453125,717.5572509765625,6
Cosmos3_seed101_0036,114,white tape roll,0.2282620370388031,0.6046201586723328,999.21484375,57.66902160644531,1277.896484375,514.803466796875,7
Cosmos3_seed101_0036,114,white tape roll,0.1717881262302398,0.5944547653198242,763.3302612304688,33.417823791503906,1113.314208984375,266.8418273925781,8
Cosmos3_seed101_0036,114,white tape roll,0.3488604128360748,0.5915115475654602,731.7426147460938,34.012237548828125,1277.94677734375,715.70263671875,9
Cosmos3_seed101_0036,114,white tape roll,0.2344880700111389,0.5568188428878784,488.0370788574219,152.86630249023438,503.7503356933594,197.09576416015625,10
Cosmos3_seed101_0036,117,white tape roll,0.4088540077209472,0.8207365274429321,739.5022583007812,318.3453674316406,865.1631469726562,389.3063049316406,1
Cosmos3_seed101_0036,117,white tape roll,0.1410805135965347,0.6844674348831177,729.6365966796875,263.6626281738281,841.125732421875,327.3326721191406,2
Cosmos3_seed101_0036,117,white tape roll,0.1047286093235015,0.6735365390777588,729.43359375,141.89259338378906,870.892822265625,390.243408203125,3
Cosmos3_seed101_0036,117,white tape roll,0.1758153140544891,0.6246989369392395,764.4271850585938,142.19558715820312,869.8673706054688,254.36187744140625,4
Cosmos3_seed101_0036,117,white tape roll,0.3026406764984131,0.6221048831939697,912.634033203125,480.912353515625,1112.755126953125,716.86474609375,5
Cosmos3_seed101_0036,117,white tape roll,0.1952696591615677,0.6185047626495361,1129.6304931640625,653.0213012695312,1246.5787353515625,717.6249389648438,6
Cosmos3_seed101_0036,117,white tape roll,0.237968698143959,0.6021654605865479,999.2565307617188,58.20341491699219,1277.916748046875,515.0045776367188,7
Cosmos3_seed101_0036,117,white tape roll,0.3297441005706787,0.5970513820648193,733.3723754882812,32.88116455078125,1277.75244140625,715.5928955078125,8
Cosmos3_seed101_0036,117,white tape roll,0.1875621229410171,0.5963979959487915,762.621826171875,32.63825988769531,1115.34130859375,259.5399780273437,9
Cosmos3_seed101_0036,117,white tape roll,0.2424625903367996,0.5727497339248657,487.9390869140625,153.68736267089844,503.634033203125,196.7333831787109,10
Cosmos3_seed101_0036,120,white tape roll,0.5538268685340881,0.892893373966217,761.9617309570312,341.227294921875,856.2384643554688,409.4175415039063,1
Cosmos3_seed101_0036,120,white tape roll,0.1535594165325164,0.691215991973877,725.2185668945312,260.0812072753906,834.1649780273438,323.7845153808594,2
Cosmos3_seed101_0036,120,white tape roll,0.1384268701076507,0.6662517786026001,1130.3016357421875,653.171875,1246.3538818359375,717.474365234375,3
Cosmos3_seed101_0036,120,white tape roll,0.1478055268526077,0.6317019462585449,757.107666015625,137.01434326171875,864.894287109375,262.9136657714844,4
Cosmos3_seed101_0036,120,white tape roll,0.210297092795372,0.6210514307022095,909.952392578125,479.8434448242188,1111.3135986328125,716.7794799804688,5
Cosmos3_seed101_0036,120,white tape roll,0.1684308648109436,0.6096067428588867,1000.5313720703124,59.597442626953125,1277.8746337890625,516.304443359375,6
Cosmos3_seed101_0036,120,white tape roll,0.2374240309000015,0.5943596363067627,749.9204711914062,31.02108764648437,1277.558349609375,715.3770751953125,7
Cosmos3_seed101_0036,120,white tape roll,0.1547039002180099,0.5862544775009155,756.3112182617188,29.654747009277344,1117.3856201171875,262.884765625,8
Cosmos3_seed101_0036,120,white tape roll,0.1906119138002395,0.5457037091255188,488.1172180175781,153.9786834716797,504.1108093261719,197.6508636474609,9
Cosmos3_seed101_0036,123,white tape roll,0.4932985007762909,0.9458721280097961,762.2918701171875,344.5461730957031,858.1119384765625,412.3028869628906,1
Cosmos3_seed101_0036,123,white tape roll,0.3238058686256408,0.715164303779602,731.66259765625,316.0986328125,780.8184814453125,381.90130615234375,2
Cosmos3_seed101_0036,123,white tape roll,0.1502135694026947,0.6859009265899658,717.9557495117188,254.35055541992188,826.6946411132812,322.2647399902344,3
Cosmos3_seed101_0036,123,white tape roll,0.1413766592741012,0.643454372882843,1130.5689697265625,652.8428955078125,1244.6900634765625,717.4052734375,4
Cosmos3_seed101_0036,123,white tape roll,0.1752430349588394,0.6314557194709778,911.6279296875,475.5681457519531,1112.8355712890625,716.5848388671875,5
Cosmos3_seed101_0036,123,white tape roll,0.2500684857368469,0.6200712323188782,720.9248046875,26.9925537109375,1277.5784912109375,714.9271240234375,6
Cosmos3_seed101_0036,123,white tape roll,0.1530747264623642,0.6123828887939453,1003.155517578125,57.54339599609375,1277.843017578125,516.7158203125,7
Cosmos3_seed101_0036,123,white tape roll,0.1249962151050567,0.5843760967254639,744.2740478515625,26.14082336425781,1119.544921875,259.56756591796875,8
Cosmos3_seed101_0036,123,white tape roll,0.1770780533552169,0.5595149993896484,488.3377685546875,155.2227020263672,504.0714111328125,197.4594573974609,9
Cosmos3_seed101_0036,126,white tape roll,0.597317636013031,0.9552452564239502,763.0304565429688,344.752197265625,858.2633666992188,411.80706787109375,1
Cosmos3_seed101_0036,126,white tape roll,0.4657213389873504,0.7385052442550659,693.8749389648438,338.5245666503906,760.3084106445312,391.7165832519531,2
Cosmos3_seed101_0036,126,white tape roll,0.1457471400499344,0.6944666504859924,707.7042236328125,243.38905334472656,811.9739990234375,312.76385498046875,3
Cosmos3_seed101_0036,126,white tape roll,0.1110448613762855,0.6396390199661255,731.1264038085938,117.48765563964844,834.0371704101562,250.0435943603516,4
Cosmos3_seed101_0036,126,white tape roll,0.146825909614563,0.6277652978897095,1130.547119140625,653.569580078125,1244.01123046875,717.56982421875,5
Cosmos3_seed101_0036,126,white tape roll,0.193709447979927,0.6218763589859009,709.9807739257812,22.364654541015625,1277.49169921875,715.2926025390625,6
Cosmos3_seed101_0036,126,white tape roll,0.1622446030378341,0.6068167090415955,910.5425415039062,457.3525085449219,1112.94677734375,716.965576171875,7
Cosmos3_seed101_0036,126,white tape roll,0.1403837949037552,0.6019324660301208,1005.1083374023438,58.123931884765625,1277.8271484375,517.890380859375,8
Cosmos3_seed101_0036,126,white tape roll,0.126669242978096,0.5758309960365295,729.7324829101562,20.644752502441406,1122.7738037109375,251.371337890625,9
Cosmos3_seed101_0036,126,white tape roll,0.1764488965272903,0.5702658295631409,488.0702819824219,154.7488555908203,503.8807678222656,198.3933258056641,10
Cosmos3_seed101_0036,129,white tape roll,0.576710045337677,0.962273359298706,762.756103515625,344.941650390625,858.4854736328125,411.8453979492188,1
Cosmos3_seed101_0036,129,white tape roll,0.1116847097873687,0.8863371014595032,674.1866455078125,336.8450927734375,859.7139892578125,413.21978759765625,2
Cosmos3_seed101_0036,129,white tape roll,0.1130319461226463,0.6478232741355896,697.548583984375,237.0576934814453,801.4173583984375,310.09912109375,3
Cosmos3_seed101_0036,129,white tape roll,0.5026395320892334,0.643756091594696,675.0765380859375,337.93756103515625,755.6151123046875,397.4332275390625,4
Cosmos3_seed101_0036,129,white tape roll,0.1114411652088165,0.6368954181671143,715.5308227539062,109.05543518066406,826.4369506835938,249.7765045166016,5
Cosmos3_seed101_0036,129,white tape roll,0.1589555144309997,0.6236876845359802,909.0681762695312,449.06439208984375,1113.779052734375,717.6077270507812,6
Cosmos3_seed101_0036,129,white tape roll,0.1574591100215912,0.6204788684844971,695.7373657226562,18.60076904296875,1277.2607421875,714.6727905273438,7
Cosmos3_seed101_0036,129,white tape roll,0.1517522186040878,0.6061804294586182,1009.8597412109376,58.3734130859375,1277.7462158203125,518.9541625976562,8
Cosmos3_seed101_0036,129,white tape roll,0.1582855731248855,0.6060783863067627,1130.377197265625,653.5476684570312,1244.2099609375,717.5823364257812,9
Cosmos3_seed101_0036,129,white tape roll,0.1314355731010437,0.5833241939544678,713.4629516601562,16.602333068847656,1120.440185546875,249.0038146972656,10
Cosmos3_seed101_0036,129,white tape roll,0.1797269582748413,0.5581730604171753,488.3258056640625,154.05264282226562,503.9443359375,197.670654296875,11
Cosmos3_seed101_0036,132,white tape roll,0.650569498538971,0.9613475799560547,658.60546875,323.43975830078125,757.16259765625,397.29144287109375,1
Cosmos3_seed101_0036,132,white tape roll,0.5872340798377991,0.9595984816551208,762.8765258789062,345.2706298828125,858.5845336914062,411.8785400390625,2
Cosmos3_seed101_0036,132,white tape roll,0.1055892929434776,0.9203858375549316,657.020751953125,322.3175354003906,859.5302734375,413.2287902832031,3
Cosmos3_seed101_0036,132,white tape roll,0.1349512189626693,0.626625657081604,907.6751708984376,434.8093872070313,1113.5252685546875,716.8659057617188,4
Cosmos3_seed101_0036,132,white tape roll,0.1073189154267311,0.6227703094482422,692.8641967773438,102.42185974121094,815.8543090820312,248.8605194091797,5
Cosmos3_seed101_0036,132,white tape roll,0.1196077913045883,0.6155078411102295,685.7902221679688,14.127838134765623,1277.356201171875,715.17822265625,6
Cosmos3_seed101_0036,132,white tape roll,0.127595841884613,0.6061506271362305,1130.5927734375,653.5225830078125,1246.815185546875,717.5399169921875,7
Cosmos3_seed101_0036,132,white tape roll,0.1415785700082779,0.5922880172729492,1014.651123046875,152.16336059570312,1277.902587890625,519.45361328125,8
Cosmos3_seed101_0036,132,white tape roll,0.1092871353030204,0.5768755674362183,692.4906005859375,12.27678680419922,1118.51220703125,245.72198486328125,9
Cosmos3_seed101_0036,132,white tape roll,0.1592718064785003,0.554071307182312,488.484619140625,154.6513214111328,503.711669921875,197.6076202392578,10
Cosmos3_seed101_0036,135,white tape roll,0.5840079188346863,0.9586563110351562,762.7051391601562,344.9554138183594,858.6920776367188,411.7815246582031,1
Cosmos3_seed101_0036,135,white tape roll,0.608150839805603,0.8557093143463135,639.9222412109375,313.7036437988281,745.2777099609375,391.4344787597656,2
Cosmos3_seed101_0036,135,white tape roll,0.1637714654207229,0.6241747140884399,658.920654296875,10.8675537109375,1277.156005859375,715.6333618164062,3
Cosmos3_seed101_0036,135,white tape roll,0.1275848001241684,0.6194128394126892,1130.670166015625,653.2808227539062,1246.86376953125,717.4620971679688,4
Cosmos3_seed101_0036,135,white tape roll,0.1401133835315704,0.6074302792549133,1017.57177734375,152.40650939941406,1277.779541015625,522.2003784179688,5
Cosmos3_seed101_0036,135,white tape roll,0.1713002026081085,0.5913923978805542,907.678955078125,368.07269287109375,1111.3544921875,717.3064575195312,6
Cosmos3_seed101_0036,135,white tape roll,0.1816502064466476,0.5649368762969971,488.5500793457031,154.88308715820312,503.7566833496094,197.7752685546875,7
Cosmos3_seed101_0036,138,white tape roll,0.6047477126121521,0.95537269115448,762.59814453125,345.1197509765625,858.619384765625,411.8135986328125,1
Cosmos3_seed101_0036,138,white tape roll,0.553403913974762,0.9225280284881592,619.3328857421875,315.95684814453125,727.4110107421875,398.7760620117188,2
Cosmos3_seed101_0036,138,white tape roll,0.1573997884988784,0.626450777053833,1131.064453125,653.4330444335938,1246.548095703125,717.6358032226562,3
Cosmos3_seed101_0036,138,white tape roll,0.1987053900957107,0.6104415655136108,907.5840454101562,364.0200805664063,1111.4423828125,717.1251831054688,4
Cosmos3_seed101_0036,138,white tape roll,0.1733228117227554,0.6101938486099243,1017.8108520507812,151.49244689941406,1272.5478515625,525.4874267578125,5
Cosmos3_seed101_0036,138,white tape roll,0.1907199919223785,0.6077175140380859,621.5023803710938,12.20819091796875,1273.685546875,715.8935546875,6
Cosmos3_seed101_0036,138,white tape roll,0.133879080414772,0.6011308431625366,637.79248046875,109.25458526611328,774.9298095703125,275.7298278808594,7
Cosmos3_seed101_0036,138,white tape roll,0.1526443213224411,0.5654784440994263,488.5048828125,155.34585571289062,503.8096923828125,197.9384765625,8
Cosmos3_seed101_0036,141,white tape roll,0.621955931186676,0.9510623812675476,762.490966796875,344.855712890625,858.78955078125,410.8263549804688,1
Cosmos3_seed101_0036,141,white tape roll,0.6294136047363281,0.8394854068756104,598.3705444335938,323.2886962890625,710.3980102539062,408.60595703125,2
Cosmos3_seed101_0036,141,white tape roll,0.1229654997587204,0.6316520571708679,1130.6185302734375,653.0789794921875,1245.9615478515625,717.5809326171875,3
Cosmos3_seed101_0036,141,white tape roll,0.1841019392013549,0.6212953329086304,599.472412109375,12.393157958984377,1262.1351318359375,715.9376220703125,4
Cosmos3_seed101_0036,141,white tape roll,0.1615169048309326,0.6109460592269897,1022.6173706054688,150.49234008789062,1261.419189453125,526.6395263671875,5
Cosmos3_seed101_0036,141,white tape roll,0.1978984326124191,0.6038374900817871,909.2123413085938,361.1096801757813,1111.945556640625,717.2946166992188,6
Cosmos3_seed101_0036,141,white tape roll,0.1162376329302787,0.5486695766448975,488.6968078613281,155.0602264404297,503.5827331542969,196.8775787353516,7
Cosmos3_seed101_0036,144,white tape roll,0.6091848015785217,0.9528805017471313,762.5498657226562,345.4073181152344,858.7793579101562,411.6417541503906,1
Cosmos3_seed101_0036,144,white tape roll,0.5020067691802979,0.8421505689620972,578.60400390625,337.0791015625,695.1014404296875,429.0166015625,2
Cosmos3_seed101_0036,144,white tape roll,0.1309595108032226,0.6192859411239624,577.4014282226562,112.72085571289062,741.4829711914062,429.2450256347656,3
Cosmos3_seed101_0036,144,white tape roll,0.133983626961708,0.6057572960853577,1130.2296142578125,653.535400390625,1242.6068115234375,717.5711669921875,4
Cosmos3_seed101_0036,144,white tape roll,0.2167425602674484,0.6050460934638977,578.487060546875,12.992919921875,1249.407470703125,716.1576538085938,5
Cosmos3_seed101_0036,144,white tape roll,0.1729754954576492,0.5954428911209106,1027.189208984375,152.71817016601562,1248.850341796875,529.4683837890625,6
Cosmos3_seed101_0036,144,white tape roll,0.2394089996814727,0.5853865146636963,908.5787353515624,360.06573486328125,1112.558837890625,717.4356079101562,7
Cosmos3_seed101_0036,144,white tape roll,0.1164406761527061,0.5556156039237976,488.7127990722656,154.28285217285156,503.7328186035156,196.77626037597656,8
Cosmos3_seed101_0036,147,white tape roll,0.6059589385986328,0.9566948413848877,762.565185546875,345.3439025878906,858.829345703125,411.5215148925781,1
Cosmos3_seed101_0036,147,white tape roll,0.5236493349075317,0.8539080619812012,570.8853149414062,362.4608154296875,691.3272094726562,452.8621215820313,2
Cosmos3_seed101_0036,147,white tape roll,0.1594520360231399,0.6507066488265991,566.4840698242188,130.148681640625,721.7855834960938,452.9342041015625,3
Cosmos3_seed101_0036,147,white tape roll,0.2076187431812286,0.6045265197753906,565.4366455078125,16.834197998046875,1239.6151123046875,715.9910888671875,4
Cosmos3_seed101_0036,147,white tape roll,0.2735883593559265,0.5946847200393677,909.0343017578124,359.9852905273437,1109.5230712890625,717.4507446289062,5
Cosmos3_seed101_0036,147,white tape roll,0.1461965292692184,0.5945155620574951,1130.73681640625,654.1873779296875,1236.489501953125,717.5111083984375,6
Cosmos3_seed101_0036,147,white tape roll,0.155189648270607,0.5776920318603516,1027.9456787109375,151.3226318359375,1238.5682373046875,529.5792846679688,7
Cosmos3_seed101_0036,147,white tape roll,0.1162687093019485,0.5765911340713501,488.8227844238281,153.89279174804688,503.9587097167969,197.18893432617188,8
Cosmos3_seed101_0036,150,white tape roll,0.6035322546958923,0.9656029939651489,762.7481689453125,345.133544921875,858.8853759765625,411.7921752929688,1
Cosmos3_seed101_0036,150,white tape roll,0.4941403269767761,0.8341816663742065,573.8089599609375,381.28656005859375,694.8699951171875,473.9563598632813,2
Cosmos3_seed101_0036,150,white tape roll,0.1374044418334961,0.6278829574584961,558.416748046875,149.2694091796875,707.1309814453125,474.2906494140625,3
Cosmos3_seed101_0036,150,white tape roll,0.2675606906414032,0.5976008176803589,907.8466796875,359.9926147460937,1109.95361328125,717.2843627929688,4
Cosmos3_seed101_0036,150,white tape roll,0.1895788609981537,0.5860007405281067,558.01318359375,24.114288330078125,1230.240478515625,715.538330078125,5
Cosmos3_seed101_0036,150,white tape roll,0.1205628141760826,0.5832016468048096,1027.5194091796875,150.8730010986328,1228.8570556640625,529.901123046875,6
Cosmos3_seed101_0036,150,white tape roll,0.177266389131546,0.5814976692199707,1130.656982421875,654.0077514648438,1237.64990234375,717.4949340820312,7
Cosmos3_seed101_0036,153,white tape roll,0.5798776149749756,0.9570169448852539,762.6915283203125,345.114501953125,858.9278564453125,411.693115234375,1
Cosmos3_seed101_0036,153,white tape roll,0.510986328125,0.8363507986068726,576.4659423828125,393.8794860839844,698.6029052734375,490.5818786621094,2
Cosmos3_seed101_0036,153,white tape roll,0.1500900983810424,0.6262835264205933,553.5922241210938,163.8027801513672,713.5160522460938,490.9293212890625,3
Cosmos3_seed101_0036,153,white tape roll,0.1611663103103637,0.6118324995040894,1130.633544921875,654.2264404296875,1239.73974609375,717.569580078125,4
Cosmos3_seed101_0036,153,white tape roll,0.2592208981513977,0.610026478767395,908.4222412109376,359.88970947265625,1111.7879638671875,717.3147583007812,5
Cosmos3_seed101_0036,153,white tape roll,0.1910562068223953,0.5975013971328735,553.4029541015625,30.074676513671875,1222.6527099609375,715.316162109375,6
Cosmos3_seed101_0036,153,white tape roll,0.1113841533660888,0.5805437564849854,1029.815673828125,148.87295532226562,1220.81298828125,529.8330078125,7
Cosmos3_seed101_0036,156,white tape roll,0.5705991983413696,0.9588186144828796,762.5882568359375,345.2734680175781,859.0296630859375,411.7524108886719,1
Cosmos3_seed101_0036,156,white tape roll,0.4964621663093567,0.8297092914581299,576.431640625,407.7875671386719,698.87890625,503.1090393066406,2
Cosmos3_seed101_0036,156,white tape roll,0.1646220982074737,0.6623371839523315,1129.50390625,654.33056640625,1241.51318359375,717.5889892578125,3
Cosmos3_seed101_0036,156,white tape roll,0.1061842441558837,0.6262079477310181,635.8197631835938,331.3251647949219,682.9207153320312,415.7915954589844,4
Cosmos3_seed101_0036,156,white tape roll,0.1471114754676818,0.6257753372192383,548.6048583984375,180.4039764404297,706.4854736328125,503.2882690429688,5
Cosmos3_seed101_0036,156,white tape roll,0.2454213351011276,0.602383553981781,909.728271484375,360.45648193359375,1111.072021484375,717.3168334960938,6
Cosmos3_seed101_0036,156,white tape roll,0.1867225617170334,0.592154324054718,548.1702880859375,37.362701416015625,1213.3037109375,714.9072265625,7
Cosmos3_seed101_0036,156,white tape roll,0.1286340802907943,0.5574471950531006,1030.138916015625,150.97271728515625,1211.77734375,530.0354614257812,8
Cosmos3_seed101_0036,159,white tape roll,0.5643768310546875,0.9568530917167664,762.8961181640625,345.264404296875,858.833740234375,411.7078247070313,1
Cosmos3_seed101_0036,159,white tape roll,0.5378209352493286,0.8125752210617065,574.8175048828125,415.487060546875,697.2799072265625,510.4288940429688,2
Cosmos3_seed101_0036,159,white tape roll,0.1672637611627578,0.6551070213317871,1130.3160400390625,653.90234375,1241.8336181640625,717.52783203125,3
Cosmos3_seed101_0036,159,white tape roll,0.1584464162588119,0.6295009851455688,543.6326904296875,188.2361297607422,703.4420166015625,510.538330078125,4
Cosmos3_seed101_0036,159,white tape roll,0.273267388343811,0.6025999188423157,909.3673095703124,360.8697204589844,1112.4410400390625,717.248779296875,5
Cosmos3_seed101_0036,159,white tape roll,0.1123933345079422,0.5950888395309448,544.85107421875,189.17462158203125,701.8787841796875,342.46319580078125,6
Cosmos3_seed101_0036,159,white tape roll,0.1927667558193206,0.5916351079940796,543.2567138671875,41.71261596679688,1207.5731201171875,715.1474609375,7
Cosmos3_seed101_0036,159,white tape roll,0.1353964805603027,0.5717286467552185,1031.528076171875,149.7296142578125,1205.443603515625,530.0634765625,8
Cosmos3_seed101_0036,162,white tape roll,0.5595616102218628,0.9610408544540405,762.8598022460938,345.3506164550781,858.9522094726562,411.6753845214844,1
Cosmos3_seed101_0036,162,white tape roll,0.557466447353363,0.8550673723220825,575.7978515625,422.1520385742188,698.678955078125,517.6587524414062,2
Cosmos3_seed101_0036,162,white tape roll,0.1711486279964447,0.6716996431350708,1130.77294921875,654.3404541015625,1242.37255859375,717.6129150390625,3
Cosmos3_seed101_0036,162,white tape roll,0.1560615450143814,0.6401047706604004,541.62744140625,196.3441467285156,701.6982421875,517.8426513671875,4
Cosmos3_seed101_0036,162,white tape roll,0.2519228160381317,0.6111398935317993,909.0516357421876,361.7384338378906,1112.876953125,717.366943359375,5
Cosmos3_seed101_0036,162,white tape roll,0.1900931894779205,0.6050017476081848,540.7770385742188,46.4967041015625,1200.809326171875,715.37939453125,6
Cosmos3_seed101_0036,162,white tape roll,0.1002323403954505,0.5998507142066956,542.3478393554688,197.52264404296875,696.3086547851562,346.3803100585937,7
Cosmos3_seed101_0036,162,white tape roll,0.1159774884581565,0.5758159160614014,1030.182373046875,149.06739807128906,1198.670654296875,529.8236694335938,8
Cosmos3_seed101_0036,165,white tape roll,0.5422131419181824,0.9560782313346863,762.7100830078125,345.2431640625,859.1285400390625,411.609619140625,1
Cosmos3_seed101_0036,165,white tape roll,0.5165982246398926,0.8524080514907837,578.7735595703125,428.47314453125,701.0384521484375,522.5269165039062,2
Cosmos3_seed101_0036,165,white tape roll,0.1548900008201599,0.6643065214157104,1130.67529296875,653.8773193359375,1242.748046875,717.5740966796875,3
Cosmos3_seed101_0036,165,white tape roll,0.206828162074089,0.6279772520065308,541.3325805664062,203.1251678466797,703.5570678710938,522.8626098632812,4
Cosmos3_seed101_0036,165,white tape roll,0.237825259566307,0.6095703840255737,909.6629638671876,361.9825439453125,1111.8809814453125,717.3890380859375,5
Cosmos3_seed101_0036,165,white tape roll,0.204544723033905,0.6008294820785522,541.5133666992188,49.700775146484375,1196.578857421875,715.353271484375,6
Cosmos3_seed101_0036,165,white tape roll,0.137354090809822,0.5879499912261963,542.1489868164062,204.1802978515625,695.3397827148438,352.71630859375,7
Cosmos3_seed101_0036,165,white tape roll,0.116319827735424,0.5737992525100708,1029.4564208984375,147.28404235839844,1194.1529541015625,529.852294921875,8
Cosmos3_seed101_0036,168,white tape roll,0.5324928760528564,0.9586412906646729,762.5858764648438,345.00469970703125,859.0888061523438,411.4219970703125,1
Cosmos3_seed101_0036,168,white tape roll,0.5052215456962585,0.8531447649002075,580.9869384765625,430.5567626953125,702.8031005859375,524.8032836914062,2
Cosmos3_seed101_0036,168,white tape roll,0.153871938586235,0.6644490957260132,1130.558349609375,653.7383422851562,1242.736083984375,717.5062866210938,3
Cosmos3_seed101_0036,168,white tape roll,0.2287185043096542,0.6307323575019836,541.8883056640625,206.46380615234372,704.9014892578125,525.2155151367188,4
Cosmos3_seed101_0036,168,white tape roll,0.2505273520946502,0.6080974340438843,908.5861206054688,362.30804443359375,1112.4407958984375,717.2398071289062,5
Cosmos3_seed101_0036,168,white tape roll,0.2096501439809799,0.59686279296875,542.72509765625,51.8125,1194.1646728515625,715.22607421875,6
Cosmos3_seed101_0036,168,white tape roll,0.147554412484169,0.5852883458137512,542.6580810546875,207.3837432861328,694.3804931640625,351.53302001953125,7
Cosmos3_seed101_0036,168,white tape roll,0.1386015564203262,0.5734279155731201,1029.58740234375,149.16123962402344,1191.553955078125,529.656982421875,8
Cosmos3_seed101_0036,171,white tape roll,0.524970531463623,0.9585615396499634,762.6693725585938,345.1884765625,859.1233520507812,411.5931396484375,1
Cosmos3_seed101_0036,171,white tape roll,0.4801874756813049,0.8394821882247925,580.6676635742188,429.3406677246094,701.3202514648438,527.559814453125,2
Cosmos3_seed101_0036,171,white tape roll,0.1627928912639618,0.6479290723800659,1130.608642578125,653.6671142578125,1242.446044921875,717.5186767578125,3
Cosmos3_seed101_0036,171,white tape roll,0.1997540295124054,0.6339689493179321,542.9190673828125,202.34326171875,703.79638671875,527.9519653320312,4
Cosmos3_seed101_0036,171,white tape roll,0.2491340339183807,0.607455849647522,909.6207275390624,362.126708984375,1110.392578125,717.2503662109375,5
Cosmos3_seed101_0036,171,white tape roll,0.2238201647996902,0.595105767250061,542.95458984375,50.66229248046875,1194.1619873046875,715.422119140625,6
Cosmos3_seed101_0036,171,white tape roll,0.1259353160858154,0.5823493003845215,543.6783447265625,203.0615234375,697.0093994140625,347.3988037109375,7
Cosmos3_seed101_0036,171,white tape roll,0.1318670809268951,0.5598504543304443,1029.787353515625,149.77145385742188,1191.7978515625,529.5997314453125,8
Cosmos3_seed101_0036,174,white tape roll,0.5582616329193115,0.9594402313232422,762.5038452148438,345.3746643066406,858.9561157226562,411.5586242675781,1
Cosmos3_seed101_0036,174,white tape roll,0.6220126152038574,0.8835309147834778,580.408935546875,430.1401062011719,699.511962890625,530.2058715820312,2
Cosmos3_seed101_0036,174,white tape roll,0.1180104166269302,0.6521949768066406,546.2036743164062,185.48580932617188,704.4259643554688,530.2420654296875,3
Cosmos3_seed101_0036,174,white tape roll,0.1697189658880233,0.6363482475280762,1130.44384765625,654.1455688476562,1241.87109375,717.5667114257812,4
Cosmos3_seed101_0036,174,white tape roll,0.2315375208854675,0.6095359325408936,908.1895751953124,361.4163208007813,1110.3353271484375,717.3605346679688,5
Cosmos3_seed101_0036,174,white tape roll,0.1911429315805435,0.6031382083892822,545.7086181640625,45.118743896484375,1199.8675537109375,715.4261474609375,6
Cosmos3_seed101_0036,174,white tape roll,0.1062198504805564,0.5833753347396851,1029.7811279296875,149.96023559570312,1197.8885498046875,529.631591796875,7
Cosmos3_seed101_0036,177,white tape roll,0.4892966747283935,0.9601801633834839,762.3795776367188,345.3970947265625,858.8766479492188,411.69183349609375,1
Cosmos3_seed101_0036,177,white tape roll,0.7257678508758545,0.9181408286094666,580.4855346679688,429.9312133789063,699.7041625976562,530.3613891601562,2
Cosmos3_seed101_0036,177,white tape roll,0.1334365457296371,0.6430519223213196,1130.5155029296875,654.0477294921875,1238.4776611328125,717.34423828125,3
Cosmos3_seed101_0036,177,white tape roll,0.1357575953006744,0.6218428611755371,636.3821411132812,312.336181640625,683.5484008789062,395.91546630859375,4
Cosmos3_seed101_0036,177,white tape roll,0.1294536888599395,0.6075400710105896,552.330078125,34.7332763671875,1212.746337890625,715.074951171875,5
Cosmos3_seed101_0036,177,white tape roll,0.1742951571941375,0.6023215055465698,907.8533325195312,360.5953369140625,1109.32177734375,717.441162109375,6
Cosmos3_seed101_0036,177,white tape roll,0.109931580722332,0.5511012077331543,488.6091613769531,153.2340087890625,503.5256042480469,196.79074096679688,7
Cosmos3_seed101_0036,180,white tape roll,0.5362970232963562,0.956208348274231,762.39453125,345.34063720703125,858.8421630859375,411.5554809570313,1
Cosmos3_seed101_0036,180,white tape roll,0.7506311535835266,0.9340940117835999,580.7042236328125,429.6136169433594,699.7249755859375,529.9634399414062,2
Cosmos3_seed101_0036,180,white tape roll,0.1139983162283897,0.6538861989974976,1130.3651123046875,653.7024536132812,1236.3057861328125,717.3671264648438,3
Cosmos3_seed101_0036,180,white tape roll,0.1417150348424911,0.6212714910507202,565.6998901367188,16.781097412109375,1240.647216796875,716.2059326171875,4
Cosmos3_seed101_0036,180,white tape roll,0.1399393379688263,0.5963492393493652,906.5150146484376,360.2586975097656,1111.7628173828125,717.4730224609375,5
Cosmos3_seed101_0036,183,white tape roll,0.5008335709571838,0.9586649537086487,762.2507934570312,345.16265869140625,858.9620971679688,411.861083984375,1
Cosmos3_seed101_0036,183,white tape roll,0.7317100763320923,0.9383671283721924,580.6454467773438,429.3940734863281,699.7847290039062,530.61181640625,2
Cosmos3_seed101_0036,183,white tape roll,0.1462054252624511,0.6158734560012817,579.759033203125,3.66143798828125,1265.8690185546875,716.3798217773438,3
Cosmos3_seed101_0036,183,white tape roll,0.1145852208137512,0.603084921836853,907.40283203125,360.0982666015625,1114.8504638671875,717.323486328125,4
Cosmos3_seed101_0036,183,white tape roll,0.1306173801422119,0.598893404006958,1130.991943359375,653.6178588867188,1244.295166015625,717.4790649414062,5
Cosmos3_seed101_0036,183,white tape roll,0.1040268242359161,0.5415734052658081,488.49066162109375,154.99468994140625,503.4300537109375,197.32839965820312,6
Cosmos3_seed101_0036,186,white tape roll,0.5077886581420898,0.9572665691375732,762.28662109375,344.9539489746094,858.9578857421875,411.5414123535156,1
Cosmos3_seed101_0036,186,white tape roll,0.7441721558570862,0.9356038570404053,580.5037231445312,429.0145263671875,699.8369750976562,530.3294677734375,2
Cosmos3_seed101_0036,186,white tape roll,0.1338153183460235,0.6202918291091919,590.2095336914062,0.966796875,1276.296875,716.4188842773438,3
Cosmos3_seed101_0036,186,white tape roll,0.138778805732727,0.601646900177002,908.2935791015624,360.8733520507813,1115.260498046875,717.1865844726562,4
Cosmos3_seed101_0036,186,white tape roll,0.1273913979530334,0.5729838013648987,1130.1470947265625,653.4874267578125,1244.3609619140625,717.4793701171875,5
Cosmos3_seed101_0036,188,white tape roll,0.5156622529029846,0.9571280479431152,762.3772583007812,345.0726013183594,858.9066772460938,411.6555480957031,1
Cosmos3_seed101_0036,188,white tape roll,0.7428863048553467,0.938685417175293,580.5806884765625,429.136962890625,699.830810546875,530.4945068359375,2
Cosmos3_seed101_0036,188,white tape roll,0.1061195507645607,0.6614951491355896,660.24169921875,228.3427734375,717.4114990234375,321.11279296875,3
Cosmos3_seed101_0036,188,white tape roll,0.1356425583362579,0.6141057014465332,593.3475952148438,0.948577880859375,1277.356201171875,716.3160400390625,4
Cosmos3_seed101_0036,188,white tape roll,0.1533269733190536,0.6012723445892334,907.834716796875,360.9347839355469,1114.7032470703125,717.1019287109375,5
Cosmos3_seed101_0036,188,white tape roll,0.1320997923612594,0.5956632494926453,1130.457763671875,653.2853393554688,1244.552978515625,717.4939575195312,6
Cosmos3_seed101_0036,188,white tape roll,0.102790929377079,0.5553306341171265,488.6109619140625,153.98703002929688,503.5509643554688,197.06869506835935,7
LVP_0030,0,brown cube,0.771060049533844,0.8798332214355469,403.6384887695313,238.6332092285156,469.2546997070313,305.0805358886719,1
LVP_0030,0,brown cube,0.1380990445613861,0.679524302482605,1.329254150390625,172.304443359375,647.87158203125,478.1658935546875,2
LVP_0030,3,brown cube,0.7451174855232239,0.8816796541213989,403.8197021484375,238.2047119140625,469.663818359375,304.0167236328125,1
LVP_0030,3,brown cube,0.1461468189954757,0.6744554042816162,1.615692138671875,172.31405639648438,646.5355224609375,478.1470642089844,2
LVP_0030,6,brown cube,0.7174291610717773,0.8729073405265808,403.8296813964844,238.1206512451172,469.7209777832031,303.8187866210937,1
LVP_0030,6,brown cube,0.1509806960821151,0.6905593276023865,2.244903564453125,172.42913818359375,638.4124755859375,477.7761840820313,2
LVP_0030,9,brown cube,0.7107239961624146,0.8803309202194214,404.1419677734375,238.09446716308597,469.5818481445313,303.74273681640625,1
LVP_0030,9,brown cube,0.1532501131296157,0.6463642120361328,1.99346923828125,172.85345458984375,644.7633056640625,477.8089599609375,2
LVP_0030,12,brown cube,0.6891060471534729,0.9043607711791992,404.0925903320313,240.53387451171875,469.8703002929688,302.882080078125,1
LVP_0030,12,brown cube,0.1609174609184265,0.6403477191925049,1.772430419921875,173.02194213867188,644.9552001953125,477.8910827636719,2
LVP_0030,15,brown cube,0.5780110359191895,0.8457929491996765,403.4500122070313,246.66799926757807,469.34368896484375,304.4247131347656,1
LVP_0030,15,brown cube,0.1866339445114135,0.611542284488678,1.33819580078125,173.0268096923828,646.6360473632812,478.0173950195313,2
LVP_0030,18,brown cube,0.3139956891536712,0.7541743516921997,401.3622131347656,221.83497619628903,471.2862854003906,306.80047607421875,1
LVP_0030,18,brown cube,0.1076406463980674,0.6381252408027649,1.0287017822265625,0.3420867919921875,331.90985107421875,317.27667236328125,2
LVP_0030,18,brown cube,0.3473587334156036,0.6007789373397827,1.66717529296875,172.83209228515625,645.7139892578125,478.1177978515625,3
LVP_0030,18,brown cube,0.1822149157524109,0.5979027152061462,400.4991455078125,123.7463150024414,514.263671875,306.9971923828125,4
LVP_0030,18,brown cube,0.1065843179821968,0.572047770023346,431.6509399414063,123.906494140625,511.6090087890625,209.82174682617188,5
LVP_0030,18,brown cube,0.1257828623056411,0.5594555139541626,418.9838562011719,271.7459716796875,438.2987365722656,288.19268798828125,6
LVP_0030,18,brown cube,0.2038417011499405,0.5357476472854614,401.6655883789063,12.569625854492188,831.0,477.1126098632813,7
LVP_0030,18,brown cube,0.1106143593788147,0.520617663860321,367.73095703125,0.3214950561523437,522.9239501953125,191.0369873046875,8
LVP_0030,18,brown cube,0.1032370403409004,0.4824363589286804,366.0128173828125,0.240936279296875,830.482177734375,196.7235565185547,9
LVP_0030,21,brown cube,0.3070947825908661,0.7228112816810608,401.3956909179688,222.10498046875,470.5748901367188,307.19451904296875,1
LVP_0030,21,brown cube,0.106026567518711,0.6386752128601074,0.799560546875,0.32537841796875,331.9866027832031,317.2675476074219,2
LVP_0030,21,brown cube,0.147084042429924,0.6104346513748169,400.6458740234375,127.37867736816406,511.9693603515625,307.09100341796875,3
LVP_0030,21,brown cube,0.1049557030200958,0.5973588228225708,431.0318298339844,127.25251007080078,509.7514953613281,210.2381591796875,4
LVP_0030,21,brown cube,0.3448688983917236,0.5942351818084717,1.450653076171875,172.61758422851562,646.269775390625,478.1489562988281,5
LVP_0030,21,brown cube,0.1152288690209388,0.5458645820617676,421.28131103515625,271.7334899902344,438.4801635742188,287.3493957519531,6
LVP_0030,21,brown cube,0.1435068249702453,0.5357794761657715,1.6651611328125,0.7661590576171875,830.5349731445312,478.3921508789063,7
LVP_0030,21,brown cube,0.207976683974266,0.5301855206489563,401.2111511230469,15.85247802734375,831.0,476.1528930664063,8
LVP_0030,21,brown cube,0.1213899403810501,0.5284772515296936,368.0406799316406,0.2532958984375,522.8380737304688,190.99819946289065,9
LVP_0030,24,brown cube,0.4074635505676269,0.758727490901947,406.6278076171875,235.8953399658203,470.5411376953125,297.00811767578125,1
LVP_0030,24,brown cube,0.1038088798522949,0.6030968427658081,631.4389038085938,310.5848999023437,651.4247436523438,353.4105224609375,2
LVP_0030,24,brown cube,0.1650362461805343,0.5938227772712708,404.60260009765625,109.3461456298828,534.5827026367188,298.0335693359375,3
LVP_0030,24,brown cube,0.2687813937664032,0.5702089071273804,1.62408447265625,172.6175079345703,646.6947631835938,478.23724365234375,4
LVP_0030,24,brown cube,0.1178841143846511,0.5528261661529541,417.39013671875,248.67578125,442.1903076171875,269.2777709960937,5
LVP_0030,24,brown cube,0.1518129408359527,0.5422098636627197,407.4454650878906,204.39825439453125,474.4417419433594,251.590576171875,6
LVP_0030,24,brown cube,0.1409110426902771,0.5213348865509033,404.66607666015625,8.489089965820312,831.0,477.108642578125,7
LVP_0030,27,brown cube,0.6444680094718933,0.8769384026527405,407.9588623046875,234.43630981445312,468.91351318359375,296.8779602050781,1
LVP_0030,27,brown cube,0.181780144572258,0.6458797454833984,1.830230712890625,172.80789184570312,644.387451171875,477.8016052246094,2
LVP_0030,30,brown cube,0.6835632920265198,0.9021804332733154,408.626220703125,235.01773071289065,471.9938354492188,291.7572937011719,1
LVP_0030,30,brown cube,0.1653777658939361,0.651808500289917,1.3800048828125,172.8008575439453,641.635009765625,478.04193115234375,2
LVP_0030,33,brown cube,0.6995356678962708,0.8994941711425781,408.3701171875,235.0924835205078,470.7325439453125,291.82598876953125,1
LVP_0030,33,brown cube,0.1580385565757751,0.6554766893386841,1.659637451171875,172.4065704345703,641.9945068359375,477.976806640625,2
LVP_0030,36,brown cube,0.680604100227356,0.8988069295883179,407.8505554199219,234.72433471679688,470.2938537597656,295.5756530761719,1
LVP_0030,36,brown cube,0.1701432317495346,0.643923282623291,1.560516357421875,172.56187438964844,643.5216064453125,477.9112548828125,2
LVP_0030,39,brown cube,0.6755461692810059,0.896354079246521,407.4099731445313,234.6104736328125,470.2263793945313,297.982421875,1
LVP_0030,39,brown cube,0.1628020405769348,0.7303248047828674,470.02532958984375,259.1795654296875,526.2820434570312,302.9884033203125,2
LVP_0030,39,brown cube,0.1563490331172943,0.6391854286193848,1.15008544921875,172.38299560546875,647.5247192382812,477.9039306640625,3
LVP_0030,42,brown cube,0.6931771636009216,0.8748098611831665,407.78265380859375,234.64573669433597,470.6502685546875,294.8335266113281,1
LVP_0030,42,brown cube,0.1391043066978454,0.7274535298347473,469.4153137207031,263.0241394042969,525.8408813476562,303.4831237792969,2
LVP_0030,42,brown cube,0.1567607820034027,0.6416517496109009,1.1561279296875,172.3885955810547,648.0780639648438,478.1123046875,3
LVP_0030,45,brown cube,0.6097277998924255,0.9090020656585693,408.0420837402344,235.71273803710935,470.3216857910156,295.4696960449219,1
LVP_0030,45,brown cube,0.5568522810935974,0.8401012420654297,471.3569030761719,240.42083740234372,528.7477416992188,301.2564697265625,2
LVP_0030,45,brown cube,0.1150830760598182,0.8207007050514221,407.38616943359375,235.5715789794922,529.3137817382812,302.3276062011719,3
LVP_0030,45,brown cube,0.1475991606712341,0.6607168316841125,1.5599365234375,172.31190490722656,646.1666870117188,478.19677734375,4
LVP_0030,48,brown cube,0.6502830386161804,0.8975415825843811,408.240966796875,235.8510589599609,470.08929443359375,294.5180969238281,1
LVP_0030,48,brown cube,0.6082414388656616,0.8630735874176025,471.84771728515625,240.25860595703125,529.27099609375,299.32489013671875,2
LVP_0030,48,brown cube,0.1399046778678894,0.6769062280654907,1.6707763671875,172.660888671875,643.8373413085938,478.4405517578125,3
