case,frame,rank_a,rank_b,edge_gap_norm,base,size,strict_size,base_spatial,size_spatial,strict_size_spatial
Cosmos2.5_0016,27,1,2,1.427052278399394,0.112032669828018,0.0819436396563587,0.0653103685116087,0.112032669828018,0.0819436396563587,0.0653103685116087
Cosmos2.5_0016,30,1,2,1.3767695078089792,0.2106405842731959,0.1675386192752362,0.1500914649506508,0.2106405842731959,0.1675386192752362,0.1500914649506508
Cosmos2.5_0016,33,1,2,1.3351153215859302,0.2611479544333696,0.2233001107101469,0.2232102941649813,0.2611479544333696,0.2233001107101469,0.2232102941649813
Cosmos2.5_0016,36,1,2,1.2946615606226077,0.2549118001132855,0.2255279510961805,0.2209025150824537,0.2549118001132855,0.2255279510961805,0.2209025150824537
Cosmos2.5_0016,39,1,2,1.2950683336459246,0.2412341935890097,0.2125029002249794,0.2079590536155219,0.2412341935890097,0.2125029002249794,0.2079590536155219
Cosmos2.5_0016,42,1,2,1.2882226019666956,0.2923075804193583,0.2596320417762361,0.2518668744978611,0.2923075804193583,0.2596320417762361,0.2518668744978611
Cosmos2.5_0016,45,1,2,1.3157597906220455,0.2615459306479633,0.2323067631147579,0.22363113384459,0.2615459306479633,0.2323067631147579,0.22363113384459
Cosmos2.5_0016,48,1,2,1.3641140767176156,0.2492829864229776,0.2227047129273377,0.2156748613089542,0.2492829864229776,0.2227047129273377,0.2156748613089542
Cosmos2.5_0016,51,1,2,1.4305969715303681,0.2669652529528027,0.2386023525569532,0.2352131408495003,0.2669652529528027,0.2386023525569532,0.2352131408495003
Cosmos2.5_0016,54,1,2,1.436916802518035,0.2945864785124946,0.2643533035507461,0.2601265854719673,0.2945864785124946,0.2643533035507461,0.2601265854719673
Cosmos2.5_0016,57,1,2,1.4254783043668482,0.2781147946729868,0.249566364777224,0.2447703742690813,0.2781147946729868,0.249566364777224,0.2447703742690813
Cosmos2.5_0016,60,1,2,1.4083508872197323,0.2960746730768585,0.2653463984735454,0.2582825943824406,0.2960746730768585,0.2653463984735454,0.2582825943824406
Cosmos2.5_0016,60,1,3,0.8050865102648126,0.10412422982195,0.0706210634250098,0.060368851469602,0.10412422982195,0.0706210634250098,0.060368851469602
Cosmos2.5_0016,63,1,2,1.4105292899480688,0.2968844723190827,0.265556302876731,0.2586687432534705,0.2968844723190827,0.265556302876731,0.2586687432534705
Cosmos2.5_0016,63,1,3,0.8476552322728954,0.1289183903895512,0.0886945934248646,0.0781867560492518,0.1289183903895512,0.0886945934248646,0.0781867560492518
Cosmos2.5_0016,66,1,2,1.4038202689444839,0.2968432449994881,0.2650605082090522,0.2572776231299754,0.2968432449994881,0.2650605082090522,0.2572776231299754
Cosmos2.5_0016,69,1,2,1.399049140013662,0.280076746537453,0.2497783200203597,0.2422130075605724,0.280076746537453,0.2497783200203597,0.2422130075605724
Cosmos2.5_0016,72,1,2,1.398881830724614,0.2953726547245994,0.2628339088105098,0.2550366207632558,0.2953726547245994,0.2628339088105098,0.2550366207632558
Cosmos2.5_0016,75,1,2,1.3985388321778804,0.3051590744463748,0.2739027007467689,0.2646042436184371,0.3051590744463748,0.2739027007467689,0.2646042436184371
Cosmos2.5_0016,78,1,2,1.4388210804830108,0.2942639945408447,0.2618497903090799,0.2521210254796689,0.2942639945408447,0.2618497903090799,0.2521210254796689
Cosmos2.5_0016,81,1,2,1.482327738926943,0.2965391584427262,0.2609698219076083,0.2466337315611627,0.2965391584427262,0.2609698219076083,0.2466337315611627
Cosmos2.5_0016,84,1,2,1.505367092213379,0.2658529978592612,0.2346806554874632,0.2183837941300589,0.2658529978592612,0.2346806554874632,0.2183837941300589
Cosmos2.5_0016,87,1,2,1.5385819076923783,0.2845929871463946,0.2492631680719984,0.2296713644292409,0.2845929871463946,0.2492631680719984,0.2296713644292409
Cosmos2.5_0016,87,1,3,0.9263254716531192,0.1254044790869843,0.081235033624797,0.068620098304845,0.1254044790869843,0.081235033624797,0.068620098304845
Cosmos2.5_0016,90,1,2,1.560282146972602,0.3258202788397912,0.2842255485343343,0.2604917450501761,0.3258202788397912,0.2842255485343343,0.2604917450501761
Cosmos2.5_0016,90,1,3,0.9302568666346507,0.1470843979657,0.0948065131547604,0.0790105958545806,0.1470843979657,0.0948065131547604,0.0790105958545806
Cosmos2.5_0016,92,1,2,1.5837832797069293,0.3308717129227664,0.2882633435319935,0.2646105831116239,0.3308717129227664,0.2882633435319935,0.2646105831116239
Cosmos2.5_0016,92,1,3,0.9423629033606361,0.1176527362494665,0.075694423830335,0.0630864984972413,0.1176527362494665,0.075694423830335,0.0630864984972413
Cosmos2.5_0036,0,1,2,0.810904121893938,0.0464763088190755,0.018286674963308,0.0146827253116506,0.0464763088190755,0.018286674963308,0.0146827253116506
Cosmos2.5_0036,0,1,3,0.8794349292368412,0.037784375563418,0.0106592846146265,0.0081816984211104,0.037784375563418,0.0106592846146265,0.0081816984211104
Cosmos2.5_0036,0,2,3,0.0,0.1427006547015437,0.1023148467307253,0.0978097476456797,0.0,0.0,0.0
Cosmos2.5_0036,3,1,2,0.8842283575216225,0.0646576435318835,0.0626596685356174,0.0610537568579693,0.0646576435318835,0.0626596685356174,0.0610537568579693
Cosmos2.5_0036,3,1,3,0.6433545011186043,0.0477520487775911,0.0164676327948454,0.0118517143121008,0.0477520487775911,0.0164676327948454,0.0118517143121008
Cosmos2.5_0036,3,2,3,1.008066031014599,0.0874766647217114,0.0311288559837487,0.0229926411090311,0.0874766647217114,0.0311288559837487,0.0229926411090311
Cosmos2.5_0036,6,1,2,0.7344953827409513,0.0466146885934102,0.0460145314954897,0.0454864582389619,0.0466146885934102,0.0460145314954897,0.0454864582389619
Cosmos2.5_0036,6,1,3,0.6508316711064617,0.0448285254070242,0.0155926718963563,0.0111914249045255,0.0448285254070242,0.0155926718963563,0.0111914249045255
Cosmos2.5_0036,6,2,3,1.0623026399171611,0.069972955596598,0.0246560832850692,0.0174934734593496,0.069972955596598,0.0246560832850692,0.0174934734593496
Cosmos2.5_0036,9,1,2,0.6454887615970774,0.0511037121538778,0.0176075864729055,0.0127601696178559,0.0511037121538778,0.0176075864729055,0.0127601696178559
Cosmos2.5_0036,12,1,2,0.7856853228473794,0.0395820118221476,0.0154023799772467,0.0125282208749597,0.0395820118221476,0.0154023799772467,0.0125282208749597
Cosmos2.5_0036,15,1,2,0.8788333202147922,0.0293199529254915,0.0211390085143767,0.0190013896626987,0.0293199529254915,0.0211390085143767,0.0190013896626987
Cosmos2.5_0036,15,1,3,0.7895629332602621,0.0358954092962683,0.01382918967433,0.011117973689232,0.0358954092962683,0.01382918967433,0.011117973689232
Cosmos2.5_0036,15,2,3,1.3302495693441205,0.0702899566181743,0.037560360662062,0.0335937056074886,0.0702899566181743,0.037560360662062,0.0335937056074886
Cosmos2.5_0036,18,1,2,0.6903961710672885,0.0164261539099197,0.0116928106369128,0.0096318669113511,0.0164261539099197,0.0116928106369128,0.0096318669113511
Cosmos2.5_0036,21,1,2,0.6165533852809635,0.0094305301037142,0.0064795263029949,0.0053593016156898,0.0094305301037142,0.0064795263029949,0.0053593016156898
Cosmos2.5_0036,24,1,3,5.3897155967715475,0.0499965969930128,0.0404575760697785,0.0383075597813362,0.0499965969930128,0.0404575760697785,0.0383075597813362
Cosmos2.5_0036,24,2,3,0.0,0.0195643677096592,0.0024584665760395,0.0015741160837766,0.0,0.0,0.0
Cosmos2.5_0036,27,1,2,0.5868291624589118,0.0085849276083913,0.0066194156446868,0.0051691725861265,0.0085849276083913,0.0066194156446868,0.0051691725861265
Cosmos2.5_0036,30,1,2,0.5365956760239392,0.0100258220582918,0.0076143143914091,0.0058202600774524,0.0100258220582918,0.0076143143914091,0.0058202600774524
Cosmos2.5_0036,30,1,3,4.607829708376862,0.0291993185160885,0.0145676728654708,0.0077813621395575,0.0291993185160885,0.0145676728654708,0.0077813621395575
Cosmos2.5_0036,30,2,3,3.756415161381918,0.1090619004866148,0.0442434842347068,0.0288772078538754,0.1090619004866148,0.0442434842347068,0.0288772078538754
Cosmos2.5_0036,33,1,3,0.5751836678745668,0.0234838185063797,0.0180130654315542,0.0140863620788404,0.0234838185063797,0.0180130654315542,0.0140863620788404
Cosmos2.5_0036,36,1,3,4.803000084478277,0.0373867534877327,0.0215033551476038,0.0136203275063013,0.0373867534877327,0.0215033551476038,0.0136203275063013
Cosmos2.5_0036,36,2,3,2.380809392872219,0.0686680133043424,0.0219936633168391,0.021686404648604,0.0686680133043424,0.0219936633168391,0.021686404648604
Cosmos2.5_0036,39,1,2,0.47757691578486927,0.0313522508860303,0.0247447309066434,0.0201051528726239,0.0313522508860303,0.0247447309066434,0.0201051528726239
Cosmos2.5_0036,39,1,3,4.649973609518311,0.0348382320904469,0.021418245221798,0.0133370226433611,0.0348382320904469,0.021418245221798,0.0133370226433611
Cosmos2.5_0036,39,2,3,3.737486760145918,0.113292097048861,0.0556786410852881,0.0421300293148936,0.113292097048861,0.0556786410852881,0.0421300293148936
Cosmos2.5_0036,42,1,2,0.4734478407300083,0.0254957069116411,0.0201142739675585,0.0163307871689139,0.0254957069116411,0.0201142739675585,0.0163307871689139
Cosmos2.5_0036,45,1,2,0.47794409737969434,0.0339563431893176,0.0269954607549095,0.0219546909147966,0.0339563431893176,0.0269954607549095,0.0219546909147966
Cosmos2.5_0036,45,1,3,4.647324748537182,0.030362765458696,0.0186581807791755,0.0114909302201232,0.030362765458696,0.0186581807791755,0.0114909302201232
Cosmos2.5_0036,45,2,3,3.7679228063815113,0.1350343953022846,0.0659693501369624,0.0499564436257027,0.1350343953022846,0.0659693501369624,0.0499564436257027
Cosmos2.5_0036,48,1,3,0.45396275067960107,0.033689128953046,0.0280569057237334,0.0234794960025834,0.033689128953046,0.0280569057237334,0.0234794960025834
Cosmos2.5_0036,57,1,3,0.8408895546428504,0.0432784618714332,0.0186111069017139,0.0164831966912956,0.0432784618714332,0.0186111069017139,0.0164831966912956
Cosmos2.5_0036,57,2,3,0.8068246495661885,0.0771221984527971,0.0537237542940599,0.0422628600525202,0.0771221984527971,0.0537237542940599,0.0422628600525202
Cosmos2.5_0036,63,1,3,4.966649718407332,0.0441274415173154,0.0326763605690358,0.0276306903189129,0.0441274415173154,0.0326763605690358,0.0276306903189129
Cosmos2.5_0036,63,2,3,0.0,0.0178683308951365,0.0023646548055279,0.0014897111227147,0.0,0.0,0.0
Cosmos2.5_0036,69,1,3,4.968804486565909,0.043572977373696,0.0322649307105125,0.0272353662138922,0.043572977373696,0.0322649307105125,0.0272353662138922
Cosmos2.5_0036,69,2,3,0.0,0.0202583303105353,0.0026844711050254,0.0016847613126247,0.0,0.0,0.0
Cosmos2.5_0036,72,1,3,0.5136546288170795,0.0301999148962752,0.025784881968473,0.0223812962362986,0.0301999148962752,0.025784881968473,0.0223812962362986
Cosmos2.5_0036,75,1,3,0.5089520421109567,0.0382473154689939,0.0325196480020993,0.0279367143321059,0.0382473154689939,0.0325196480020993,0.0279367143321059
Cosmos2.5_0036,78,1,3,5.047521908505624,0.0475498159577516,0.0352934650164615,0.0301190566858563,0.0475498159577516,0.0352934650164615,0.0301190566858563
Cosmos2.5_0036,78,2,3,0.0,0.0264753853722568,0.0035106947358395,0.0022008659558891,0.0,0.0,0.0
Cosmos2.5_0036,81,1,3,2.0905044915260382,0.0306630775967194,0.0084201176242437,0.0046529723772796,0.0306630775967194,0.0084201176242437,0.0046529723772796
Cosmos2.5_0036,81,2,3,0.22668914380597158,0.037896205204522,0.0016204258046909,0.0010628430112897,0.037896205204522,0.0016204258046909,0.0010628430112897
Cosmos2.5_0036,87,1,2,0.0,0.0276398681272065,0.0043658034643895,0.0036356734151704,0.0,0.0,0.0
Cosmos2.5_0036,87,1,3,0.5485038733913215,0.0411181441104905,0.0351953990255647,0.0304606908055494,0.0411181441104905,0.0351953990255647,0.0304606908055494
Cosmos2.5_0036,90,1,3,4.3146418381821166,0.0652069507298901,0.0362680618495233,0.0230893980861795,0.0652069507298901,0.0362680618495233,0.0230893980861795
Cosmos2.5_0036,90,2,3,2.091693099638724,0.0651567151401029,0.0185822106519084,0.0183915714834503,0.0651567151401029,0.0185822106519084,0.0183915714834503
Cosmos2.5_0036,92,1,3,0.0,0.0201275179464905,0.0031799932012721,0.0026570326483649,0.0,0.0,0.0
Cosmos2.5_0036,92,2,3,0.0,0.0414324220926396,0.012690929420974,0.0097306858365986,0.0,0.0,0.0
Cosmos2.5_0057,0,1,2,2.4636893265138538,0.1083264493174629,0.0544209868730843,0.0389840871332597,0.1083264493174629,0.0544209868730843,0.0389840871332597
Cosmos2.5_0057,0,1,3,5.818928125243426,0.0928126880927246,0.0590430795415257,0.053898125226578,0.0928126880927246,0.0590430795415257,0.053898125226578
Cosmos2.5_0057,0,2,3,1.161429000490662,0.1623734308494294,0.1061794768307897,0.0838514999867737,0.1623734308494294,0.1061794768307897,0.0838514999867737
Cosmos2.5_0057,3,1,2,5.742308196308707,0.1249030653083274,0.0783232373955533,0.0724997279895036,0.1249030653083274,0.0783232373955533,0.0724997279895036
Cosmos2.5_0057,3,1,3,1.1595074069685678,0.0810703906870517,0.0181858788940382,0.0150053623067986,0.0810703906870517,0.0181858788940382,0.0150053623067986
Cosmos2.5_0057,6,1,2,5.785326660355367,0.1153139940914408,0.0714955572457532,0.0646329113708035,0.1153139940914408,0.0714955572457532,0.0646329113708035
Cosmos2.5_0057,6,1,3,2.5244251739263732,0.0638765836274509,0.0213234983787503,0.0137512630980946,0.0638765836274509,0.0213234983787503,0.0137512630980946
Cosmos2.5_0057,6,2,3,0.7149791753509083,0.0597590089145626,0.0321753383717485,0.0229526372567943,0.0597590089145626,0.0321753383717485,0.0229526372567943
Cosmos2.5_0057,9,1,3,5.831803393273836,0.1109665669997787,0.0711844994041445,0.0681107072049873,0.1109665669997787,0.0711844994041445,0.0681107072049873
Cosmos2.5_0057,9,2,3,3.256822067110323,0.0764869712111822,0.0464825037446798,0.046301900647465,0.0764869712111822,0.0464825037446798,0.046301900647465
Cosmos2.5_0057,12,1,2,6.2766824309521185,0.1109955319980885,0.07214855077149,0.0658251791686722,0.1109955319980885,0.07214855077149,0.0658251791686722
Cosmos2.5_0057,12,1,3,2.30657367067831,0.0506229511635885,0.0220680713904638,0.0208740410019204,0.0506229511635885,0.0220680713904638,0.0208740410019204
Cosmos2.5_0057,15,1,2,6.945042119959003,0.1150958981065691,0.0716376965134068,0.0677302471428173,0.1150958981065691,0.0716376965134068,0.0677302471428173
Cosmos2.5_0057,15,2,3,2.7011037048187982,0.0536511684334845,0.0239990362837605,0.0232844437466196,0.0536511684334845,0.0239990362837605,0.0232844437466196
Cosmos2.5_0057,18,1,2,7.797411788486281,0.1271080027795452,0.0832534518255621,0.0808923677561366,0.1271080027795452,0.0832534518255621,0.0808923677561366
Cosmos2.5_0057,18,1,3,6.2255919047721395,0.1146466728003671,0.083823697338934,0.0630559416397164,0.1146466728003671,0.083823697338934,0.0630559416397164
Cosmos2.5_0057,18,2,3,1.3811817235266213,0.1640702477618777,0.1234610291936498,0.1074979159611399,0.1640702477618777,0.1234610291936498,0.1074979159611399
Cosmos2.5_0057,21,1,2,7.944479532144183,0.0697141790247944,0.0414706670359365,0.0396683495721552,0.0697141790247944,0.0414706670359365,0.0396683495721552
Cosmos2.5_0057,21,1,3,7.601770125851098,0.0655599142651127,0.049143179212247,0.037945979241663,0.0655599142651127,0.049143179212247,0.037945979241663
Cosmos2.5_0057,21,2,3,1.302179774735235,0.1354116101719333,0.1043213719182439,0.081751372139625,0.1354116101719333,0.1043213719182439,0.081751372139625
Cosmos2.5_0057,24,1,2,8.031011105136244,0.1266920247646304,0.0785047094423953,0.0726887099455817,0.1266920247646304,0.0785047094423953,0.0726887099455817
Cosmos2.5_0057,24,1,3,7.919071226218068,0.1208632270848415,0.0893452807894698,0.0730965686591546,0.1208632270848415,0.0893452807894698,0.0730965686591546
Cosmos2.5_0057,24,2,3,1.2802108657666509,0.1429798685571414,0.1082918952586,0.0864573930386806,0.1429798685571414,0.1082918952586,0.0864573930386806
Cosmos2.5_0057,27,1,3,8.380501626563593,0.1328057536155466,0.0805740920753,0.0754327657608031,0.1328057536155466,0.0805740920753,0.0754327657608031
Cosmos2.5_0057,27,2,3,5.9195035367164826,0.1209173647585014,0.0860749491832407,0.0627381833250945,0.1209173647585014,0.0860749491832407,0.0627381833250945
Cosmos2.5_0057,30,1,3,8.421144674712293,0.0911837955003915,0.0543010285076866,0.0486786705095957,0.0911837955003915,0.0543010285076866,0.0486786705095957
Cosmos2.5_0057,30,2,3,4.394661843354506,0.1111734863969713,0.0628559044458782,0.0521767001548638,0.1111734863969713,0.0628559044458782,0.0521767001548638
Cosmos2.5_0057,33,1,2,8.350095358903198,0.1014508237827183,0.0558162997309355,0.0519697822865948,0.1014508237827183,0.0558162997309355,0.0519697822865948
Cosmos2.5_0057,33,1,3,8.259102676099335,0.0913698856592999,0.064693493000158,0.0501159805400936,0.0913698856592999,0.064693493000158,0.0501159805400936
Cosmos2.5_0057,33,2,3,1.1930979178694747,0.213055989165797,0.1655547676459515,0.1377423436110528,0.213055989165797,0.1655547676459515,0.1377423436110528
Cosmos2.5_0057,36,1,3,8.390405062791274,0.0590179942234914,0.041361996311517,0.0322603185500161,0.0590179942234914,0.041361996311517,0.0322603185500161
Cosmos2.5_0057,36,2,3,4.370521058738976,0.0806195949442286,0.0452216586380971,0.0285729373555801,0.0806195949442286,0.0452216586380971,0.0285729373555801
Cosmos2.5_0057,39,1,3,8.03360269922194,0.1403865807979134,0.1174126293743343,0.1033866858548981,0.1403865807979134,0.1174126293743343,0.1033866858548981
Cosmos2.5_0057,39,2,3,8.318683013744526,0.0811263212687046,0.0423612146297234,0.0419221001046402,0.0811263212687046,0.0423612146297234,0.0419221001046402
Cosmos2.5_0057,42,1,3,8.310497000563265,0.1413701349936337,0.1090136532767852,0.1056359837463981,0.1413701349936337,0.1090136532767852,0.1056359837463981
Cosmos2.5_0057,42,2,3,8.427875429016261,0.1491272551205273,0.0646625323093841,0.0570719590798,0.1491272551205273,0.0646625323093841,0.0570719590798
Cosmos2.5_0057,45,1,2,8.264891316154149,0.1243330638237353,0.0646010661613055,0.0604867879391206,0.1243330638237353,0.0646010661613055,0.0604867879391206
Cosmos2.5_0057,45,1,3,0.9919658925156916,0.1265662791838541,0.1018545653039861,0.0862370460013055,0.1265662791838541,0.1018545653039861,0.0862370460013055
Cosmos2.5_0057,45,2,3,5.179974919067227,0.080801676797799,0.0355456774093578,0.0267836720694969,0.080801676797799,0.0355456774093578,0.0267836720694969
Cosmos2.5_0057,48,1,2,8.927785225133956,0.1347932265273722,0.0724727047688838,0.0648532969749794,0.1347932265273722,0.0724727047688838,0.0648532969749794
Cosmos2.5_0057,48,1,3,4.150772813136666,0.07114684939012,0.0225324279701099,0.0155424959672031,0.07114684939012,0.0225324279701099,0.0155424959672031
Cosmos2.5_0057,48,2,3,0.7155236521163816,0.0404123076205857,0.0238045276251437,0.0146936580622107,0.0404123076205857,0.0238045276251437,0.0146936580622107
Cosmos2.5_0057,51,1,2,8.76259638607286,0.1610517293309926,0.0814539502022572,0.0729951460873968,0.1610517293309926,0.0814539502022572,0.0729951460873968
Cosmos2.5_0057,51,1,3,5.5177944434883655,0.1377418851364415,0.0585187224768676,0.041950294089289,0.1377418851364415,0.0585187224768676,0.041950294089289
Cosmos2.5_0057,51,2,3,1.0049484313285033,0.1384909006681956,0.1107846478817007,0.0930596977077161,0.1384909006681956,0.1107846478817007,0.0930596977077161
Cosmos2.5_0057,54,1,2,1.0434201786903508,0.1383714129539119,0.1018197859443545,0.0765409684553622,0.1383714129539119,0.1018197859443545,0.0765409684553622
Cosmos2.5_0057,54,1,3,10.460115230515328,0.1473700269928306,0.0724636524747691,0.0696453353484459,0.1473700269928306,0.0724636524747691,0.0696453353484459
Cosmos2.5_0057,54,2,3,5.914267174322113,0.1738604124386333,0.0642648556342316,0.0492025404341484,0.1738604124386333,0.0642648556342316,0.0492025404341484
Cosmos2.5_0057,57,1,2,1.0286772138866553,0.1797757932410054,0.1287207934620632,0.0936982119203681,0.1797757932410054,0.1287207934620632,0.0936982119203681
Cosmos2.5_0057,57,1,3,1.4642871870455523,0.1789103324702109,0.1289610307204965,0.1166554470078514,0.1789103324702109,0.1289610307204965,0.1166554470078514
Cosmos2.5_0057,60,1,2,1.0373182852088705,0.1979615398177478,0.1424331841284235,0.105082527087012,0.1979615398177478,0.1424331841284235,0.105082527087012
Cosmos2.5_0057,60,2,3,1.4468169883205864,0.1978595179347884,0.1400963605555058,0.1212845470103679,0.1978595179347884,0.1400963605555058,0.1212845470103679
Cosmos2.5_0057,63,1,2,1.047483497597492,0.163359790446853,0.1124155120976796,0.0821107690494683,0.163359790446853,0.1124155120976796,0.0821107690494683
Cosmos2.5_0057,63,1,3,1.4670051139191396,0.2065828971568087,0.1433730800438742,0.1324035588663117,0.2065828971568087,0.1433730800438742,0.1324035588663117
Cosmos2.5_0057,66,1,2,1.4519487479223447,0.1863210593121178,0.1314677395224258,0.1173567587021835,0.1863210593121178,0.1314677395224258,0.1173567587021835
Cosmos2.5_0057,66,2,3,1.060080209829924,0.1425883135423253,0.1019870984704226,0.0758265897399585,0.1425883135423253,0.1019870984704226,0.0758265897399585
Cosmos2.5_0057,69,1,2,1.4377946395018137,0.1931556185317662,0.1347198004173032,0.1196101148308005,0.1931556185317662,0.1347198004173032,0.1196101148308005
Cosmos2.5_0057,69,1,3,1.0646131196882798,0.1625727542599481,0.1139632838216441,0.0860085431933535,0.1625727542599481,0.1139632838216441,0.0860085431933535
Cosmos2.5_0057,72,1,2,1.4417948046170794,0.1927115236499237,0.1376981380215066,0.1304179728031217,0.1927115236499237,0.1376981380215066,0.1304179728031217
Cosmos2.5_0057,72,1,3,1.0656762596973466,0.1590164213772913,0.1109281283293147,0.08281198069978,0.1590164213772913,0.1109281283293147,0.08281198069978
Cosmos2.5_0057,75,1,2,1.4519536296231617,0.2294352083235063,0.157036678551773,0.1357335408318815,0.2294352083235063,0.157036678551773,0.1357335408318815
Cosmos2.5_0057,75,2,3,1.0521386257225385,0.1848209123461271,0.1308773681429167,0.0969278484739764,0.1848209123461271,0.1308773681429167,0.0969278484739764
Cosmos2.5_0057,78,1,2,1.4792878255431607,0.2109262635037951,0.1440923725194871,0.1275076038353262,0.2109262635037951,0.1440923725194871,0.1275076038353262
Cosmos2.5_0057,78,2,3,1.062153553311498,0.184185828944215,0.1282149100240243,0.094086328121685,0.184185828944215,0.1282149100240243,0.094086328121685
Cosmos2.5_0057,81,1,3,1.4896498387497947,0.2079284027268235,0.1404933885446776,0.1225468472719797,0.2079284027268235,0.1404933885446776,0.1225468472719797
Cosmos2.5_0057,81,2,3,1.062352209905473,0.1975346080721557,0.1366704787366552,0.0997382028419846,0.1975346080721557,0.1366704787366552,0.0997382028419846
Cosmos2.5_0057,84,1,2,1.5048069359907281,0.1682726992132038,0.1137643308218582,0.0995035436484183,0.1682726992132038,0.1137643308218582,0.0995035436484183
Cosmos2.5_0057,84,2,3,1.0690637978109225,0.1660784667435929,0.116537569560193,0.0848094422453351,0.1660784667435929,0.116537569560193,0.0848094422453351
Cosmos2.5_0057,87,1,2,1.4598278388314385,0.1716626300776853,0.1108502021593431,0.0978594132637894,0.1716626300776853,0.1108502021593431,0.0978594132637894
Cosmos2.5_0057,87,1,3,1.0637779848911455,0.0897452542517276,0.0577950197191249,0.0433855007255396,0.0897452542517276,0.0577950197191249,0.0433855007255396
Cosmos2.5_0057,90,1,2,0.7010947381965353,0.0593858102927783,0.0293329331361506,0.019524288437519,0.0593858102927783,0.0293329331361506,0.019524288437519
Cosmos2.5_0057,90,1,3,2.5469951990216133,0.0453425757833891,0.0304730989959192,0.0254078197557617,0.0453425757833891,0.0304730989959192,0.0254078197557617
Cosmos2.5_0057,92,1,3,3.5040129865090153,0.0380803365337538,0.0174590752750266,0.0156471635747668,0.0380803365337538,0.0174590752750266,0.0156471635747668
Cosmos2.5_0057,92,2,3,1.8183977007849945,0.0533164575423213,0.0244503923968335,0.0145111307671083,0.0533164575423213,0.0244503923968335,0.0145111307671083
Cosmos2.5_0058,15,1,2,0.21806556025026252,0.0844479125211796,0.0677698804680537,0.0600525012201988,0.0844479125211796,0.0677698804680537,0.0600525012201988
Cosmos2.5_0058,18,1,2,0.4132337938937201,0.1206163228243478,0.1017983369631505,0.0911272036704713,0.1206163228243478,0.1017983369631505,0.0911272036704713
Cosmos2.5_0058,21,1,2,0.491347087779578,0.1218662553235426,0.1006899917186866,0.0928126978911932,0.1218662553235426,0.1006899917186866,0.0928126978911932
Cosmos2.5_0058,24,1,2,0.6088844910947636,0.24038644289777,0.1981785496310013,0.1834676611076273,0.24038644289777,0.1981785496310013,0.1834676611076273
Cosmos2.5_0058,27,1,2,0.6722642004414408,0.2896390508517911,0.2326700050898539,0.2163773781217917,0.2896390508517911,0.2326700050898539,0.2163773781217917
Cosmos2.5_0058,30,1,2,0.7539855895193804,0.2704845470976282,0.2217269228610122,0.2113376934867067,0.2704845470976282,0.2217269228610122,0.2113376934867067
Cosmos2.5_0058,33,1,2,0.8572581511199417,0.2510040878260213,0.2021801487732454,0.1889491885741591,0.2510040878260213,0.2021801487732454,0.1889491885741591
Cosmos2.5_0058,36,1,2,0.9022469471495069,0.2119367888145099,0.167823181813861,0.157182191654012,0.2119367888145099,0.167823181813861,0.157182191654012
Cosmos2.5_0058,39,1,2,0.9518382711668387,0.2538482742726173,0.2042243342147479,0.1948784771930238,0.2538482742726173,0.2042243342147479,0.1948784771930238
Cosmos2.5_0058,42,1,2,0.9533804388431304,0.2742543779544252,0.2209898602041014,0.2098016715839614,0.2742543779544252,0.2209898602041014,0.2098016715839614
Cosmos2.5_0058,42,1,3,0.4939162399819775,0.132227692089921,0.058854848206693,0.0479374871014887,0.132227692089921,0.058854848206693,0.0479374871014887
Cosmos2.5_0058,45,1,2,0.9349719527891333,0.2802639798317621,0.2313873581429799,0.225362462990618,0.2802639798317621,0.2313873581429799,0.225362462990618
Cosmos2.5_0058,45,1,3,0.5101519712097001,0.1256218596503959,0.0591257772437265,0.0480010580664894,0.1256218596503959,0.0591257772437265,0.0480010580664894
Cosmos2.5_0058,48,1,2,0.9503423686127604,0.3105761538021296,0.2547209172854374,0.2469915167363418,0.3105761538021296,0.2547209172854374,0.2469915167363418
Cosmos2.5_0058,48,1,3,0.5177616402530896,0.1154616503436268,0.0548700810554946,0.0438521447116702,0.1154616503436268,0.0548700810554946,0.0438521447116702
Cosmos2.5_0058,51,1,2,1.000253081952608,0.3190805068565604,0.2551660992149748,0.2454895774664865,0.3190805068565604,0.2551660992149748,0.2454895774664865
Cosmos2.5_0058,51,1,3,0.5531682062834882,0.155177298483973,0.0737268378639041,0.0572325846464178,0.155177298483973,0.0737268378639041,0.0572325846464178
Cosmos2.5_0058,54,1,2,1.0319894000179466,0.3451754734633067,0.2794025495910669,0.265276867295732,0.3451754734633067,0.2794025495910669,0.265276867295732
Cosmos2.5_0058,54,1,3,0.5017845494192494,0.081893057617478,0.0362091840079497,0.0302228895168724,0.081893057617478,0.0362091840079497,0.0302228895168724
Cosmos2.5_0058,57,1,2,1.0698080515630104,0.3026961889797589,0.2467648638349434,0.2366756201014442,0.3026961889797589,0.2467648638349434,0.2366756201014442
Cosmos2.5_0058,57,1,3,0.5137612637201038,0.0802591849547587,0.0360647609803972,0.0298234813731503,0.0802591849547587,0.0360647609803972,0.0298234813731503
Cosmos2.5_0058,60,1,2,1.0847046204519388,0.2971752494855063,0.2381183798029693,0.225117500762541,0.2971752494855063,0.2381183798029693,0.225117500762541
Cosmos2.5_0058,60,1,3,0.49623070161415966,0.051543591250449,0.022475441517649,0.0184431341970336,0.051543591250449,0.022475441517649,0.0184431341970336
Cosmos2.5_0058,63,1,2,1.126628889974665,0.2791122101382189,0.2270643330608058,0.2138347994179608,0.2791122101382189,0.2270643330608058,0.2138347994179608
Cosmos2.5_0058,63,1,3,0.5156777151995858,0.062239176041894,0.0276363219558709,0.0224115883611515,0.062239176041894,0.0276363219558709,0.0224115883611515
Cosmos2.5_0058,66,1,2,1.1717354352354565,0.2953553889627359,0.2455846740350834,0.2354785280064709,0.2953553889627359,0.2455846740350834,0.2354785280064709
Cosmos2.5_0058,66,1,3,0.512440650848791,0.0557472392955624,0.0247974036003953,0.0203185939195722,0.0557472392955624,0.0247974036003953,0.0203185939195722
Cosmos2.5_0058,69,1,2,1.2014114208628939,0.3318945337562549,0.2770916362513942,0.2634843619842369,0.3318945337562549,0.2770916362513942,0.2634843619842369
Cosmos2.5_0058,69,1,3,0.5194321019734878,0.0562206550924978,0.0251363554522432,0.020388869428946,0.0562206550924978,0.0251363554522432,0.020388869428946
Cosmos2.5_0058,72,1,2,1.1929083047200826,0.3227181946959643,0.2707833566728997,0.2565308298075562,0.3227181946959643,0.2707833566728997,0.2565308298075562
Cosmos2.5_0058,72,1,3,0.5072145063901149,0.0438271193738,0.0195810390963753,0.0161400852460189,0.0438271193738,0.0195810390963753,0.0161400852460189
Cosmos2.5_0058,75,1,2,1.2056508224699032,0.3177457158265753,0.2680542611570025,0.2540500581377133,0.3177457158265753,0.2680542611570025,0.2540500581377133
Cosmos2.5_0058,75,1,3,0.5153688347541241,0.069467759120823,0.0312010168706835,0.0253971964837711,0.069467759120823,0.0312010168706835,0.0253971964837711
Cosmos2.5_0058,78,1,2,1.183774111733834,0.3186803007969248,0.2616755259088524,0.2454992148056656,0.3186803007969248,0.2616755259088524,0.2454992148056656
Cosmos2.5_0058,78,1,3,0.5826789778944813,0.1522274144686397,0.0773598345617525,0.0552143560092612,0.1522274144686397,0.0773598345617525,0.0552143560092612
Cosmos2.5_0058,81,1,2,1.1771793731230864,0.2719049222957451,0.2232615499286906,0.2105152237202096,0.2719049222957451,0.2232615499286906,0.2105152237202096
Cosmos2.5_0058,81,1,3,0.5912244614166164,0.1436567343761194,0.0737379740911068,0.0527270010874659,0.1436567343761194,0.0737379740911068,0.0527270010874659
Cosmos2.5_0058,84,1,2,1.1788464818201294,0.3223464492483968,0.2656454404173822,0.2523857770131513,0.3223464492483968,0.2656454404173822,0.2523857770131513
Cosmos2.5_0058,84,1,3,0.5824187330702776,0.11539780410634,0.0589393188065768,0.0424192987723454,0.11539780410634,0.0589393188065768,0.0424192987723454
Cosmos2.5_0058,87,1,2,1.1834640111228039,0.3248818803304838,0.2680598417402883,0.2558089590289919,0.3248818803304838,0.2680598417402883,0.2558089590289919
Cosmos2.5_0058,87,1,3,0.5800271910131825,0.1444500058862402,0.0733804834242579,0.0528225588657138,0.1444500058862402,0.0733804834242579,0.0528225588657138
Cosmos2.5_0058,90,1,2,1.2021123006714902,0.2889002622794696,0.2435866857819116,0.2322029135187795,0.2889002622794696,0.2435866857819116,0.2322029135187795
Cosmos2.5_0058,90,1,3,0.5835731256793789,0.1314472499412187,0.0677751744358677,0.0485010226098083,0.1314472499412187,0.0677751744358677,0.0485010226098083
Cosmos2.5_0058,92,1,2,1.219939642966103,0.3220832897235012,0.2717053578423416,0.2432893422379771,0.3220832897235012,0.2717053578423416,0.2432893422379771
Cosmos2.5_0058,92,1,3,0.6040462673418696,0.1259362435526202,0.066048649719302,0.0460003766986004,0.1259362435526202,0.066048649719302,0.0460003766986004
Cosmos2.5_0064,0,1,2,3.9389806449951226,0.0944096002338838,0.0714698812151223,0.0581872984235928,0.0944096002338838,0.0714698812151223,0.0581872984235928
Cosmos2.5_0064,0,1,3,0.11444105402223015,0.032710965739793,0.0244402512925862,0.0233128180372217,0.032710965739793,0.0244402512925862,0.0233128180372217
Cosmos2.5_0064,0,2,3,1.683579596391505,0.100250052811786,0.0609820534662401,0.0483971557190572,0.100250052811786,0.0609820534662401,0.0483971557190572
Cosmos2.5_0064,3,1,2,3.8723765632838765,0.1159994823063767,0.0880516784606745,0.070595305977661,0.1159994823063767,0.0880516784606745,0.070595305977661
Cosmos2.5_0064,3,1,3,4.676881531131026,0.065149151342734,0.0550383669509845,0.0535061736339923,0.065149151342734,0.0550383669509845,0.0535061736339923
Cosmos2.5_0064,3,2,3,0.8293396345163364,0.070607828678179,0.0521042080691791,0.049448623736788,0.070607828678179,0.0521042080691791,0.049448623736788
Cosmos2.5_0064,6,1,3,3.405022513121307,0.1174511627647034,0.0823164663992052,0.0609326609919443,0.1174511627647034,0.0823164663992052,0.0609326609919443
Cosmos2.5_0064,6,2,3,2.138018392454019,0.0498349799953529,0.0242298234456938,0.0201291696527959,0.0498349799953529,0.0242298234456938,0.0201291696527959
Cosmos2.5_0064,9,1,2,3.6157986443553023,0.1271906428844834,0.092561163227244,0.0708455970402925,0.1271906428844834,0.092561163227244,0.0708455970402925
Cosmos2.5_0064,9,1,3,4.982370567033927,0.0798084670278487,0.0637366139853502,0.0609004182228839,0.0798084670278487,0.0637366139853502,0.0609004182228839
Cosmos2.5_0064,9,2,3,0.7131199668749071,0.0781305604746343,0.0454082327661566,0.0363736910370454,0.0781305604746343,0.0454082327661566,0.0363736910370454
Cosmos2.5_0064,12,1,2,3.94972790014554,0.1256785143147752,0.0961129690897902,0.0777305025277188,0.1256785143147752,0.0961129690897902,0.0777305025277188
Cosmos2.5_0064,12,1,3,5.331173615928684,0.0583787847991668,0.0445136753587092,0.0439619499876661,0.0583787847991668,0.0445136753587092,0.0439619499876661
Cosmos2.5_0064,12,2,3,0.7157547543176828,0.0746208043723058,0.0435130258952534,0.0347545973050082,0.0746208043723058,0.0435130258952534,0.0347545973050082
Cosmos2.5_0064,15,1,2,4.028463149258294,0.1525451381862816,0.1169780775820329,0.0960962353791264,0.1525451381862816,0.1169780775820329,0.0960962353791264
Cosmos2.5_0064,15,1,3,5.355612896820928,0.0881425194318569,0.0667915079942928,0.0650500950490698,0.0881425194318569,0.0667915079942928,0.0650500950490698
Cosmos2.5_0064,15,2,3,0.7169007176223756,0.0751856950022317,0.043689504245499,0.0349547095394095,0.0751856950022317,0.043689504245499,0.0349547095394095
Cosmos2.5_0064,18,1,2,3.954253260727101,0.1165191706921989,0.0892495653805512,0.0724694509738256,0.1165191706921989,0.0892495653805512,0.0724694509738256
Cosmos2.5_0064,18,1,3,5.702216338989585,0.044183889114285,0.0253532526075534,0.0241364774634673,0.044183889114285,0.0253532526075534,0.0241364774634673
Cosmos2.5_0064,18,2,3,1.0741225168435888,0.088748958257276,0.0627168367911553,0.0504606297378125,0.088748958257276,0.0627168367911553,0.0504606297378125
Cosmos2.5_0064,21,1,2,3.961851766467619,0.1241641378609567,0.0955361531208259,0.0779680495548546,0.1241641378609567,0.0955361531208259,0.0779680495548546
Cosmos2.5_0064,21,1,3,5.773126447355219,0.0666700168103289,0.0411643468108823,0.0408984396005206,0.0666700168103289,0.0411643468108823,0.0408984396005206
Cosmos2.5_0064,21,2,3,1.1641303133995375,0.0845512207819481,0.0639678311661811,0.0489011090658022,0.0845512207819481,0.0639678311661811,0.0489011090658022
Cosmos2.5_0064,24,1,2,3.9756560854449474,0.102673318117658,0.0790330228739712,0.064634147871992,0.102673318117658,0.0790330228739712,0.064634147871992
Cosmos2.5_0064,24,1,3,5.85235305289259,0.0782682075724889,0.0438304289670766,0.0416457500359255,0.0782682075724889,0.0438304289670766,0.0416457500359255
Cosmos2.5_0064,24,2,3,1.2547111594896174,0.1063803996070827,0.0728447934342458,0.0590139310502191,0.1063803996070827,0.0728447934342458,0.0590139310502191
Cosmos2.5_0064,27,1,2,3.9637505124734087,0.1259616643145888,0.0962997125569816,0.078742095683027,0.1259616643145888,0.0962997125569816,0.078742095683027
Cosmos2.5_0064,27,1,3,5.857649670782189,0.1020745734147994,0.0588343168486619,0.05566660526647,0.1020745734147994,0.0588343168486619,0.05566660526647
Cosmos2.5_0064,27,2,3,1.2981166333572038,0.1400848341327111,0.098746630057583,0.0797893379382138,0.1400848341327111,0.098746630057583,0.0797893379382138
Cosmos2.5_0064,30,1,2,3.9540589629847775,0.1127629920095449,0.0855429032583481,0.0699591440709127,0.1127629920095449,0.0855429032583481,0.0699591440709127
Cosmos2.5_0064,30,1,3,5.868293401381308,0.0976038801522426,0.0539652519617138,0.0518553911282605,0.0976038801522426,0.0539652519617138,0.0518553911282605
Cosmos2.5_0064,30,2,3,1.3317350630011149,0.1348731022014705,0.0911825999361197,0.0719862683583607,0.1348731022014705,0.0911825999361197,0.0719862683583607
Cosmos2.5_0064,33,1,2,3.945503281129328,0.1157536497627108,0.0884070232152605,0.0720959403834722,0.1157536497627108,0.0884070232152605,0.0720959403834722
Cosmos2.5_0064,33,1,3,0.2207421691078386,0.1494702106307354,0.1131993852921102,0.0859331733841654,0.1494702106307354,0.1131993852921102,0.0859331733841654
Cosmos2.5_0064,33,2,3,5.681825524259195,0.1013450486400929,0.0586197593989391,0.0545678408159775,0.1013450486400929,0.0586197593989391,0.0545678408159775
Cosmos2.5_0064,36,1,2,3.9401922753265635,0.1103613131403994,0.0841715414409614,0.0685134409595809,0.1103613131403994,0.0841715414409614,0.0685134409595809
Cosmos2.5_0064,36,1,3,5.825896999070787,0.0596876662869986,0.0328290090501624,0.0323342999980827,0.0596876662869986,0.0328290090501624,0.0323342999980827
Cosmos2.5_0064,36,2,3,1.326574820160122,0.1161570259323274,0.0784888849841557,0.0607786278318291,0.1161570259323274,0.0784888849841557,0.0607786278318291
Cosmos2.5_0064,39,1,2,3.9340831707035426,0.1180986614721516,0.0898515825155685,0.0729882374741568,0.1180986614721516,0.0898515825155685,0.0729882374741568
Cosmos2.5_0064,39,1,3,5.816421604810109,0.0656272604988294,0.0356119664240781,0.0346274328179237,0.0656272604988294,0.0356119664240781,0.0346274328179237
Cosmos2.5_0064,39,2,3,1.3280953630121874,0.1425750430718558,0.0952418987859042,0.0745219928512027,0.1425750430718558,0.0952418987859042,0.0745219928512027
Cosmos2.5_0064,42,1,2,3.9384305036984153,0.1229449257497008,0.093351189857338,0.076059405051496,0.1229449257497008,0.093351189857338,0.076059405051496
Cosmos2.5_0064,42,1,3,5.8140307993960745,0.0751644031753872,0.0409019351708481,0.0396435371988402,0.0751644031753872,0.0409019351708481,0.0396435371988402
Cosmos2.5_0064,42,2,3,1.320248937361278,0.1441720588601607,0.0962896652717107,0.0754328270437917,0.1441720588601607,0.0962896652717107,0.0754328270437917
Cosmos2.5_0064,45,1,2,3.9351292480042424,0.1294997895699822,0.0984974869326004,0.0800410025030933,0.1294997895699822,0.0984974869326004,0.0800410025030933
Cosmos2.5_0064,45,1,3,5.801040635565996,0.0835370038875383,0.0452187061455853,0.0429275118856156,0.0835370038875383,0.0452187061455853,0.0429275118856156
Cosmos2.5_0064,45,2,3,1.33164511790211,0.1565247283692432,0.1042641065387503,0.083535933052583,0.1565247283692432,0.1042641065387503,0.083535933052583
Cosmos2.5_0064,48,1,2,3.9254834379881003,0.1157701125348836,0.087929125511832,0.0712834688938176,0.1157701125348836,0.087929125511832,0.0712834688938176
Cosmos2.5_0064,48,1,3,5.799987424051326,0.094903247500241,0.0522200221822744,0.0510548277929952,0.094903247500241,0.0522200221822744,0.0510548277929952
Cosmos2.5_0064,48,2,3,1.3553750584380282,0.1332953739945593,0.0904721651510138,0.0702831986914953,0.1332953739945593,0.0904721651510138,0.0702831986914953
Cosmos2.5_0064,51,1,2,3.9271327560506606,0.1019143713379353,0.0776504801702345,0.0629804079944442,0.1019143713379353,0.0776504801702345,0.0629804079944442
Cosmos2.5_0064,51,1,3,5.816802116815639,0.1017140357975781,0.0596850241910084,0.0576036537200657,0.1017140357975781,0.0596850241910084,0.0576036537200657
Cosmos2.5_0064,51,2,3,1.3944186936513687,0.1473804753831499,0.1066259998459418,0.0841757850867855,0.1473804753831499,0.1066259998459418,0.0841757850867855
Cosmos2.5_0064,54,1,2,5.838187459407118,0.117595453856001,0.0719360140223995,0.0708074715557623,0.117595453856001,0.0719360140223995,0.0708074715557623
Cosmos2.5_0064,54,1,3,3.933518188386855,0.0949719987935632,0.0723315499669276,0.0587570315220253,0.0949719987935632,0.0723315499669276,0.0587570315220253
Cosmos2.5_0064,54,2,3,1.416185974402766,0.1457621312444044,0.1097661601396403,0.084931334569337,0.1457621312444044,0.1097661601396403,0.084931334569337
Cosmos2.5_0064,57,1,2,5.85703767903125,0.0736424882736528,0.042194632484479,0.0390060606301055,0.0736424882736528,0.042194632484479,0.0390060606301055
Cosmos2.5_0064,57,1,3,3.9327035204349934,0.0965887166103367,0.0737407647367105,0.059906967382651,0.0965887166103367,0.0737407647367105,0.059906967382651
Cosmos2.5_0064,57,2,3,1.440810996905399,0.1604783152900606,0.1131814914792549,0.0934720508043931,0.1604783152900606,0.1131814914792549,0.0934720508043931
Cosmos2.5_0064,60,1,2,5.8612988142082845,0.1123010970945532,0.0684817955037637,0.0649288570071776,0.1123010970945532,0.0684817955037637,0.0649288570071776
Cosmos2.5_0064,60,1,3,3.9364831304018084,0.0995905583609602,0.0758575370004654,0.061680762337265,0.0995905583609602,0.0758575370004654,0.061680762337265
Cosmos2.5_0064,60,2,3,1.446980505850862,0.1266778810979772,0.0950037908305713,0.0763236068639954,0.1266778810979772,0.0950037908305713,0.0763236068639954
Cosmos2.5_0064,63,1,2,5.881447449618357,0.0961857297494924,0.0584223130997643,0.0568217937232553,0.0961857297494924,0.0584223130997643,0.0568217937232553
Cosmos2.5_0064,63,1,3,3.9446377161633994,0.1000261947567107,0.0759540813683501,0.0618334364109939,0.1000261947567107,0.0759540813683501,0.0618334364109939
Cosmos2.5_0064,63,2,3,1.45507519882877,0.1043508560439552,0.0778559578378382,0.0607845252107434,0.1043508560439552,0.0778559578378382,0.0607845252107434
Cosmos2.5_0064,66,1,2,5.87706983708539,0.0971179720919663,0.0592750828726492,0.0577245356132613,0.0971179720919663,0.0592750828726492,0.0577245356132613
Cosmos2.5_0064,66,1,3,3.9408057078870513,0.0984147359227867,0.0746868402439848,0.0607554080907815,0.0984147359227867,0.0746868402439848,0.0607554080907815
Cosmos2.5_0064,66,2,3,1.4575034551345563,0.1120751313913656,0.0840893441132991,0.0655294679626354,0.1120751313913656,0.0840893441132991,0.0655294679626354
Cosmos2.5_0064,69,1,2,5.881099912702724,0.0971008345081359,0.0597477128821748,0.057943435883991,0.0971008345081359,0.0597477128821748,0.057943435883991
Cosmos2.5_0064,69,1,3,3.9392316070491478,0.0961618260518883,0.0730924963125682,0.0593666804380851,0.0961618260518883,0.0730924963125682,0.0593666804380851
Cosmos2.5_0064,69,2,3,1.4716583739598943,0.1082272970263497,0.0819908075795059,0.0642617129878629,0.1082272970263497,0.0819908075795059,0.0642617129878629
Cosmos2.5_0064,72,1,2,5.8839997536042565,0.0770036449270589,0.0469616515605331,0.0461886567794682,0.0770036449270589,0.0469616515605331,0.0461886567794682
Cosmos2.5_0064,72,1,3,3.933555519189492,0.0910704323515679,0.0691395400337423,0.0561166057538245,0.0910704323515679,0.0691395400337423,0.0561166057538245
Cosmos2.5_0064,72,2,3,1.478828269683317,0.0803208113672234,0.0603524989837526,0.0465856730395771,0.0803208113672234,0.0603524989837526,0.0465856730395771
Cosmos2.5_0064,75,1,2,3.9478725658794516,0.0899338842845107,0.0684757294870184,0.0556672429151369,0.0899338842845107,0.0684757294870184,0.0556672429151369
Cosmos2.5_0064,75,1,3,5.916549295389601,0.1028130046743614,0.0602527732993721,0.0570622373507441,0.1028130046743614,0.0602527732993721,0.0570622373507441
Cosmos2.5_0064,75,2,3,1.4969786660020707,0.1269788522042166,0.0915371406824031,0.0735934061823827,0.1269788522042166,0.0915371406824031,0.0735934061823827
Cosmos2.5_0064,78,1,2,3.938022389907422,0.0861731283949153,0.0655852586858415,0.053168348758045,0.0861731283949153,0.0655852586858415,0.053168348758045
Cosmos2.5_0064,78,1,3,0.2133054237111441,0.1607753473932183,0.1210820137811921,0.0932759392208228,0.1607753473932183,0.1210820137811921,0.0932759392208228
Cosmos2.5_0064,78,2,3,5.703541193937575,0.1047364054526758,0.0614075876034013,0.0570473241493686,0.1047364054526758,0.0614075876034013,0.0570473241493686
Cosmos2.5_0064,81,1,2,5.914157059258762,0.0892682588278642,0.0519184510873782,0.0483660354586659,0.0892682588278642,0.0519184510873782,0.0483660354586659
Cosmos2.5_0064,81,1,3,3.9399492228033925,0.0846924319653161,0.064386046912196,0.0523070507838774,0.0846924319653161,0.064386046912196,0.0523070507838774
Cosmos2.5_0064,81,2,3,1.5077759990828805,0.1333187527449541,0.0954437365171223,0.0778889462573475,0.1333187527449541,0.0954437365171223,0.0778889462573475
Cosmos2.5_0064,84,1,2,5.906741209309989,0.0805813171768002,0.0467310960750956,0.0434339323544158,0.0805813171768002,0.0467310960750956,0.0434339323544158
Cosmos2.5_0064,84,1,3,3.935211454246762,0.0731371923784083,0.0554888856221859,0.0450334538571864,0.0731371923784083,0.0554888856221859,0.0450334538571864
Cosmos2.5_0064,84,2,3,1.5067359825026887,0.1201124200117681,0.0858282522654266,0.0700607535999226,0.1201124200117681,0.0858282522654266,0.0700607535999226
Cosmos2.5_0064,87,1,2,3.9323048645895518,0.0783127497363921,0.0594064367067949,0.0481164225812587,0.0783127497363921,0.0594064367067949,0.0481164225812587
Cosmos2.5_0064,87,1,3,5.90819236613188,0.0852769500337846,0.0477198236148213,0.0443845807909792,0.0852769500337846,0.0477198236148213,0.0443845807909792
Cosmos2.5_0064,87,2,3,1.5099625864922157,0.1393286738785729,0.0962604410273812,0.0785083020474593,0.1393286738785729,0.0962604410273812,0.0785083020474593
Cosmos2.5_0064,90,1,2,5.929937534978907,0.1000419447317285,0.0560248430104495,0.0525565752494526,0.1000419447317285,0.0560248430104495,0.0525565752494526
Cosmos2.5_0064,90,1,3,3.948653830283807,0.0845177077561434,0.0641637578900681,0.0521529690009912,0.0845177077561434,0.0641637578900681,0.0521529690009912
Cosmos2.5_0064,90,2,3,1.5060068917120188,0.1210770569213464,0.0834201819441943,0.0675097974664434,0.1210770569213464,0.0834201819441943,0.0675097974664434
Cosmos2.5_0064,92,1,2,5.936220989583769,0.0871353044142024,0.0488485626084594,0.045799590793462,0.0871353044142024,0.0488485626084594,0.045799590793462
Cosmos2.5_0064,92,1,3,3.9530192341873134,0.0790131061788238,0.0599788777881066,0.0487871668977279,0.0790131061788238,0.0599788777881066,0.0487871668977279
Cosmos2.5_0064,92,2,3,1.505956631638587,0.1179070783022333,0.0812625134059273,0.0657929928614849,0.1179070783022333,0.0812625134059273,0.0657929928614849
Cosmos3_seed101_0003,0,1,2,10.514407372883449,0.1199365770582521,0.0840227937530829,0.0830203642413581,0.1199365770582521,0.0840227937530829,0.0830203642413581
Cosmos3_seed101_0003,0,2,3,0.13760850357461094,0.0267358393373757,0.0020909953478017,0.0013732558658713,0.0267358393373757,0.0020909953478017,0.0013732558658713
Cosmos3_seed101_0003,3,1,2,10.65481910350415,0.0905069894850713,0.0638848824063894,0.0624670475194924,0.0905069894850713,0.0638848824063894,0.0624670475194924
Cosmos3_seed101_0003,3,2,3,0.13705205777632348,0.0256268792379488,0.0019767996565278,0.0012934402835217,0.0256268792379488,0.0019767996565278,0.0012934402835217
Cosmos3_seed101_0003,6,1,3,0.1715477353457222,0.0382677033335435,0.0079408853317461,0.0072753026187043,0.0382677033335435,0.0079408853317461,0.0072753026187043
Cosmos3_seed101_0003,6,2,3,0.0,0.0927088327888874,0.0243630726770091,0.0149034181554996,0.0,0.0,0.0
Cosmos3_seed101_0003,9,1,3,0.1709825555148741,0.033454318113681,0.0069645247545719,0.006396377907362,0.033454318113681,0.0069645247545719,0.006396377907362
Cosmos3_seed101_0003,9,2,3,0.0,0.0895179416425372,0.023435950990295,0.014345939984263,0.0,0.0,0.0
Cosmos3_seed101_0003,12,1,3,0.1702986993622403,0.031824755692783,0.0066648863142647,0.0061510108268653,0.031824755692783,0.0066648863142647,0.0061510108268653
Cosmos3_seed101_0003,12,2,3,0.0,0.0926144959254823,0.0242282810693564,0.014797360867778,0.0,0.0,0.0
Cosmos3_seed101_0003,15,1,3,0.1721095893332071,0.0441779861577665,0.0092053420022005,0.0084592732400762,0.0441779861577665,0.0092053420022005,0.0084592732400762
Cosmos3_seed101_0003,15,2,3,0.0,0.0843893904561729,0.0221026773944874,0.0134925411741148,0.0,0.0,0.0
Cosmos3_seed101_0003,18,1,2,4.660163597058003,0.0624653914915972,0.0193042227642792,0.0145435514909662,0.0624653914915972,0.0193042227642792,0.0145435514909662
Cosmos3_seed101_0003,18,2,3,0.13062857266628056,0.0265845879586855,0.0047060789542409,0.0041484309417089,0.0265845879586855,0.0047060789542409,0.0041484309417089
Cosmos3_seed101_0003,21,1,2,4.658326050625552,0.0687895336225689,0.0214020152101076,0.016088305598568,0.0687895336225689,0.0214020152101076,0.016088305598568
Cosmos3_seed101_0003,21,1,3,0.17155617778162305,0.0417227332379743,0.0087135692602863,0.0080059530246084,0.0417227332379743,0.0087135692602863,0.0080059530246084
Cosmos3_seed101_0003,21,2,3,2.910807207860711,0.0281384474229874,0.0188882257210801,0.0130455908264418,0.0281384474229874,0.0188882257210801,0.0130455908264418
Cosmos3_seed101_0003,24,1,2,4.688633065620076,0.0600571152876633,0.0187324888062093,0.0139463719124302,0.0600571152876633,0.0187324888062093,0.0139463719124302
Cosmos3_seed101_0003,24,2,3,0.1285469993634625,0.0446749256098913,0.008024181827626,0.0069214710879676,0.0446749256098913,0.008024181827626,0.0069214710879676
Cosmos3_seed101_0003,27,1,2,9.63406300215912,0.0920035698983737,0.0600297375036327,0.0586291785083724,0.0920035698983737,0.0600297375036327,0.0586291785083724
Cosmos3_seed101_0003,27,2,3,0.1393389579960139,0.0361872359502462,0.003193429407072,0.0019786779218204,0.0361872359502462,0.003193429407072,0.0019786779218204
Cosmos3_seed101_0003,30,1,2,11.409770159407515,0.0775706329251667,0.0595831633798585,0.0537595846578237,0.0775706329251667,0.0595831633798585,0.0537595846578237
Cosmos3_seed101_0003,30,1,3,7.8564534361965865,0.0990839077640171,0.0533872040996583,0.0506094645507344,0.0990839077640171,0.0533872040996583,0.0506094645507344
Cosmos3_seed101_0003,33,1,2,11.442440873473794,0.1248010429361351,0.0960241375974969,0.0854548803716357,0.1248010429361351,0.0960241375974969,0.0854548803716357
Cosmos3_seed101_0003,33,1,3,4.542515683790471,0.0493512670309002,0.0152427540145945,0.0114305673511727,0.0493512670309002,0.0152427540145945,0.0114305673511727
Cosmos3_seed101_0003,36,1,2,11.393286135037291,0.1326167110749826,0.1017095712901738,0.0900818410381591,0.1326167110749826,0.1017095712901738,0.0900818410381591
Cosmos3_seed101_0003,36,1,3,4.586109821935313,0.0523943060094639,0.0163220759195921,0.0121867727774482,0.0523943060094639,0.0163220759195921,0.0121867727774482
Cosmos3_seed101_0003,39,1,2,11.423896167525799,0.1086532481096097,0.0840740766828121,0.074817515671492,0.1086532481096097,0.0840740766828121,0.074817515671492
Cosmos3_seed101_0003,39,1,3,4.583260848217424,0.0571681890036132,0.0178986436437177,0.0133811919464811,0.0571681890036132,0.0178986436437177,0.0133811919464811
Cosmos3_seed101_0003,42,1,2,11.308596209655438,0.1181603239486509,0.0904727107630376,0.0804990857344748,0.1181603239486509,0.0904727107630376,0.0804990857344748
Cosmos3_seed101_0003,42,1,3,4.569529465646661,0.0780083049310775,0.024334271077689,0.0182843725319747,0.0780083049310775,0.024334271077689,0.0182843725319747
Cosmos3_seed101_0003,45,1,2,11.275255762822027,0.3898701545286615,0.3008777787454349,0.2695891308802641,0.3898701545286615,0.3008777787454349,0.2695891308802641
Cosmos3_seed101_0003,45,1,3,4.541802287378881,0.0810302618733399,0.0253829707758798,0.0193042470158586,0.0810302618733399,0.0253829707758798,0.0193042470158586
Cosmos3_seed101_0003,48,1,2,11.06445685508962,0.1270932278844826,0.0937620141529361,0.0861846108472987,0.1270932278844826,0.0937620141529361,0.0861846108472987
Cosmos3_seed101_0003,48,1,3,4.529496571775408,0.0918208739323165,0.0279479025808886,0.0216861924542196,0.0918208739323165,0.0279479025808886,0.0216861924542196
Cosmos3_seed101_0003,51,1,2,11.252325672916523,0.1990179501494753,0.1394685781117061,0.1226005926881913,0.1990179501494753,0.1394685781117061,0.1226005926881913
Cosmos3_seed101_0003,51,1,3,4.616400910635447,0.1128566228704111,0.0325669150505851,0.0246008112549458,0.1128566228704111,0.0325669150505851,0.0246008112549458
Cosmos3_seed101_0003,54,1,3,11.328138577901877,0.1512963102641131,0.093083882415752,0.0797906363973803,0.1512963102641131,0.093083882415752,0.0797906363973803
Cosmos3_seed101_0003,54,2,3,10.47987877698794,0.0820375605056659,0.074389296839068,0.0705723981222465,0.0820375605056659,0.074389296839068,0.0705723981222465
Cosmos3_seed101_0003,57,1,2,11.45536071825271,0.140837956514401,0.0844952941631775,0.073831620913724,0.140837956514401,0.0844952941631775,0.073831620913724
Cosmos3_seed101_0003,57,1,3,12.238347239317836,0.0826169176739907,0.0474674165685064,0.0357220377254372,0.0826169176739907,0.0474674165685064,0.0357220377254372
Cosmos3_seed101_0003,57,2,3,0.18918424692643313,0.1115110466453255,0.0960392235686029,0.0919734422340082,0.1115110466453255,0.0960392235686029,0.0919734422340082
Cosmos3_seed101_0003,60,1,2,8.121706758199695,0.169025393918645,0.0793262659766427,0.0731579532905182,0.169025393918645,0.0793262659766427,0.0731579532905182
Cosmos3_seed101_0003,60,1,3,4.536441819115963,0.1114753768146419,0.0290649247923036,0.0225849176511847,0.1114753768146419,0.0290649247923036,0.0225849176511847
Cosmos3_seed101_0003,63,1,2,8.036025370424204,0.1922170500703147,0.0972448562465931,0.0848852692204256,0.1922170500703147,0.0972448562465931,0.0848852692204256
Cosmos3_seed101_0003,63,1,3,4.520901416021965,0.1277039772706714,0.0361656910366282,0.0296027629524967,0.1277039772706714,0.0361656910366282,0.0296027629524967
Cosmos3_seed101_0003,66,1,2,7.992543865809036,0.1904349994710717,0.0965458425032555,0.0825292825014722,0.1904349994710717,0.0965458425032555,0.0825292825014722
Cosmos3_seed101_0003,66,2,3,6.268065117706314,0.1468432430384646,0.1161116673635418,0.1127105309884542,0.1468432430384646,0.1161116673635418,0.1127105309884542
Cosmos3_seed101_0003,69,1,2,8.036936217956908,0.1655099644929885,0.0755928131003133,0.0643208725913158,0.1655099644929885,0.0755928131003133,0.0643208725913158
Cosmos3_seed101_0003,69,1,3,4.521356239078366,0.1345477003232291,0.0343354115810631,0.0287847099787662,0.1345477003232291,0.0343354115810631,0.0287847099787662
Cosmos3_seed101_0003,72,1,2,8.03420336973056,0.1999219230873242,0.0852874900044367,0.0743289826144315,0.1999219230873242,0.0852874900044367,0.0743289826144315
Cosmos3_seed101_0003,72,1,3,4.541322333965991,0.1061321431200109,0.0254493282553428,0.0208436237598373,0.1061321431200109,0.0254493282553428,0.0208436237598373
Cosmos3_seed101_0003,75,1,3,8.049550259710132,0.1812867776794307,0.0808817408869146,0.0749756059840597,0.1812867776794307,0.0808817408869146,0.0749756059840597
Cosmos3_seed101_0003,75,2,3,7.608951196132399,0.0882495809226971,0.0673013460157276,0.052340103452543,0.0882495809226971,0.0673013460157276,0.052340103452543
Cosmos3_seed101_0003,78,1,3,11.086441851022727,0.2312452957382255,0.1385142537456574,0.1229728596479908,0.2312452957382255,0.1385142537456574,0.1229728596479908
Cosmos3_seed101_0003,78,2,3,10.579966832993161,0.0964355685197095,0.0880570439281476,0.0845211048872346,0.0964355685197095,0.0880570439281476,0.0845211048872346
Cosmos3_seed101_0003,81,1,3,8.19267941742686,0.1846513088663332,0.0790405380333186,0.0769437692996935,0.1846513088663332,0.0790405380333186,0.0769437692996935
Cosmos3_seed101_0003,81,2,3,7.770248321933778,0.0930991745761897,0.0664699820695764,0.0518761649940852,0.0930991745761897,0.0664699820695764,0.0518761649940852
Cosmos3_seed101_0003,84,1,2,11.17260709834473,0.1999271930594007,0.1250218571493924,0.1042284630036333,0.1999271930594007,0.1250218571493924,0.1042284630036333
Cosmos3_seed101_0003,84,1,3,0.0,0.087139177454582,0.0439281713205195,0.043698123603164,0.0,0.0,0.0
Cosmos3_seed101_0003,84,2,3,6.067655962946309,0.0764789621902836,0.0241093627599815,0.0199942806385657,0.0764789621902836,0.0241093627599815,0.0199942806385657
Cosmos3_seed101_0003,87,1,2,7.931493158032285,0.1863465235197176,0.0895276443212108,0.0871767358937845,0.1863465235197176,0.0895276443212108,0.0871767358937845
Cosmos3_seed101_0003,87,1,3,7.183617801588728,0.1327108445949756,0.0746577814883504,0.0435320202828434,0.1327108445949756,0.0746577814883504,0.0435320202828434
Cosmos3_seed101_0003,87,2,3,1.2497572931886023,0.1130860859298019,0.0653332696733048,0.0538315039560721,0.1130860859298019,0.0653332696733048,0.0538315039560721
Cosmos3_seed101_0003,90,1,2,10.20699274452622,0.1312755598784464,0.0860428643405566,0.0722878075839711,0.1312755598784464,0.0860428643405566,0.0722878075839711
Cosmos3_seed101_0003,90,1,3,5.676471234646164,0.0564939187328227,0.0189843287798369,0.0162490310360548,0.0564939187328227,0.0189843287798369,0.0162490310360548
Cosmos3_seed101_0003,90,2,3,0.0,0.0577777686717094,0.0296226107047956,0.0290764447622637,0.0,0.0,0.0
Cosmos3_seed101_0003,93,1,2,10.132076685863296,0.1073705045958322,0.0702482579923591,0.0570055882019456,0.1073705045958322,0.0702482579923591,0.0570055882019456
Cosmos3_seed101_0003,93,1,3,7.018081010528537,0.1217452252171032,0.0561563048236532,0.055251330974354,0.1217452252171032,0.0561563048236532,0.055251330974354
Cosmos3_seed101_0003,96,1,2,10.113521338231429,0.0768159021006912,0.0524189265997873,0.0411143532779636,0.0768159021006912,0.0524189265997873,0.0411143532779636
Cosmos3_seed101_0003,96,1,3,9.562865606890634,0.0689110128970088,0.0391869193463797,0.0294048538635102,0.0689110128970088,0.0391869193463797,0.0294048538635102
Cosmos3_seed101_0003,96,2,3,0.16203600585614686,0.041695864822489,0.0347462937756052,0.0332415334497469,0.041695864822489,0.0347462937756052,0.0332415334497469
Cosmos3_seed101_0003,99,1,2,9.476347303813542,0.0942288822848584,0.0626452552229053,0.0510174164666613,0.0942288822848584,0.0626452552229053,0.0510174164666613
Cosmos3_seed101_0003,99,1,3,5.001782907256734,0.0730479307048599,0.0233471824457252,0.0198176205107139,0.0730479307048599,0.0233471824457252,0.0198176205107139
Cosmos3_seed101_0003,99,2,3,0.0,0.061190631865577,0.0294176078195621,0.0282241325008978,0.0,0.0,0.0
Cosmos3_seed101_0003,102,1,2,9.283296428093687,0.0916025740251416,0.0627264215513515,0.0531394085946931,0.0916025740251416,0.0627264215513515,0.0531394085946931
Cosmos3_seed101_0003,102,1,3,3.4577142957452764,0.0950695349784505,0.0247126313646493,0.0175897403511538,0.0950695349784505,0.0247126313646493,0.0175897403511538
Cosmos3_seed101_0003,105,1,2,9.135479088364681,0.079999188383265,0.0570476603149298,0.0481491264735801,0.079999188383265,0.0570476603149298,0.0481491264735801
Cosmos3_seed101_0003,105,1,3,0.0,0.0692939934735417,0.0327354659523847,0.0319720292066615,0.0,0.0,0.0
Cosmos3_seed101_0003,105,2,3,4.750399607987458,0.0543646218867356,0.0183143523146551,0.015097109796968,0.0543646218867356,0.0183143523146551,0.015097109796968
Cosmos3_seed101_0003,108,1,2,9.254285094419428,0.0783976280517669,0.0539342561252648,0.0442709281890546,0.0783976280517669,0.0539342561252648,0.0442709281890546
Cosmos3_seed101_0003,108,1,3,6.097292663617168,0.1064108829629883,0.0494516069296332,0.0482142701083452,0.1064108829629883,0.0494516069296332,0.0482142701083452
Cosmos3_seed101_0003,111,1,2,9.416463259229873,0.0704570361849167,0.0500440118425024,0.0432626522702114,0.0704570361849167,0.0500440118425024,0.0432626522702114
Cosmos3_seed101_0003,111,2,3,4.5738689932487535,0.0617879292749574,0.0318179166749016,0.02950186859863,0.0617879292749574,0.0318179166749016,0.02950186859863
Cosmos3_seed101_0003,114,1,2,9.229423372882765,0.0658434153363288,0.0454917808607097,0.0382752756860376,0.0658434153363288,0.0454917808607097,0.0382752756860376
Cosmos3_seed101_0003,114,2,3,4.54731555459233,0.04987781497745,0.0260771321851704,0.0234281014346675,0.04987781497745,0.0260771321851704,0.0234281014346675
Cosmos3_seed101_0003,117,1,2,9.120062647466895,0.0745830962952177,0.0503635386468934,0.043022898319457,0.0745830962952177,0.0503635386468934,0.043022898319457
Cosmos3_seed101_0003,117,2,3,4.5806078038345115,0.059066941398947,0.0313838907492295,0.0280133894112251,0.059066941398947,0.0313838907492295,0.0280133894112251
Cosmos3_seed101_0003,120,1,2,8.909881670746527,0.094404249075726,0.0663167457437655,0.0590663319648283,0.094404249075726,0.0663167457437655,0.0590663319648283
Cosmos3_seed101_0003,120,2,3,4.548331889002452,0.0513518032193088,0.0275526402906947,0.023901836208514,0.0513518032193088,0.0275526402906947,0.023901836208514
Cosmos3_seed101_0003,126,1,2,8.86322060997289,0.0678167819249953,0.0408604619603949,0.034693196564045,0.0678167819249953,0.0408604619603949,0.034693196564045
Cosmos3_seed101_0003,126,2,3,4.488951116842473,0.083851293472189,0.0453462195851337,0.040278351873499,0.083851293472189,0.0453462195851337,0.040278351873499
Cosmos3_seed101_0003,129,1,2,8.725748082350888,0.0513471573910831,0.0308591984323743,0.0261176065480357,0.0513471573910831,0.0308591984323743,0.0261176065480357
Cosmos3_seed101_0003,129,1,3,6.023010558800269,0.0690071696864241,0.0292380629589541,0.0290028315669662,0.0690071696864241,0.0292380629589541,0.0290028315669662
Cosmos3_seed101_0003,132,1,2,8.883691970789327,0.0681435025632315,0.0419741450262464,0.0354247145138946,0.0681435025632315,0.0419741450262464,0.0354247145138946
Cosmos3_seed101_0003,132,1,3,4.6922222021109015,0.0368938326841937,0.0109075718869498,0.0091817343632964,0.0368938326841937,0.0109075718869498,0.0091817343632964
Cosmos3_seed101_0003,132,2,3,0.0,0.0703344263418514,0.0337586330873321,0.0336710758656978,0.0,0.0,0.0
Cosmos3_seed101_0003,135,1,2,9.135025656674193,0.0978897738003962,0.0616624233864498,0.0514827469947853,0.0978897738003962,0.0616624233864498,0.0514827469947853
Cosmos3_seed101_0003,135,1,3,0.4566707670040892,0.0661942625713898,0.0106140093125684,0.0101236113343206,0.0661942625713898,0.0106140093125684,0.0101236113343206
Cosmos3_seed101_0003,135,2,3,2.9392555838946697,0.0520829395587581,0.0132577962362191,0.0105576792047793,0.0520829395587581,0.0132577962362191,0.0105576792047793
Cosmos3_seed101_0003,138,1,2,9.660541401634488,0.1019788684135019,0.0675751499957379,0.0556719232991536,0.1019788684135019,0.0675751499957379,0.0556719232991536
Cosmos3_seed101_0003,138,1,3,4.619933592116467,0.0329794001826562,0.0095160272283529,0.0080440956535511,0.0329794001826562,0.0095160272283529,0.0080440956535511
Cosmos3_seed101_0003,138,2,3,0.0,0.0355055793198698,0.0154608261513593,0.01506816452061,0.0,0.0,0.0
Cosmos3_seed101_0003,141,1,2,9.142845345428169,0.0917843515214157,0.0581406063137336,0.0486859606500028,0.0917843515214157,0.0581406063137336,0.0486859606500028
Cosmos3_seed101_0003,141,1,3,4.57288138878806,0.0322109515996745,0.009285652595099,0.0079693356742313,0.0322109515996745,0.009285652595099,0.0079693356742313
Cosmos3_seed101_0003,141,2,3,0.0,0.0366338620689317,0.0166717300445491,0.0162665393460453,0.0,0.0,0.0
Cosmos3_seed101_0003,144,1,2,1.6298322656108382,0.2306041412774479,0.1413028851900458,0.1295808805202398,0.2306041412774479,0.1413028851900458,0.1295808805202398
Cosmos3_seed101_0003,144,1,3,2.5893205071336958,0.2922676740853217,0.2603934545817433,0.2469205396359355,0.2922676740853217,0.2603934545817433,0.2469205396359355
Cosmos3_seed101_0003,147,1,2,2.804785215795361,0.2901355190049235,0.2259412952916983,0.1889817739192319,0.2901355190049235,0.2259412952916983,0.1889817739192319
Cosmos3_seed101_0003,147,1,3,0.45723224221512204,0.0678226114249195,0.0109716804884757,0.0105507690937247,0.0678226114249195,0.0109716804884757,0.0105507690937247
Cosmos3_seed101_0003,147,2,3,0.21739835235852822,0.0563516651515505,0.0117060583045922,0.00941555569486,0.0563516651515505,0.0117060583045922,0.00941555569486
Cosmos3_seed101_0003,150,1,2,3.3482981308934754,0.2730637361965937,0.2081907081781567,0.1807040292573505,0.2730637361965937,0.2081907081781567,0.1807040292573505
Cosmos3_seed101_0003,150,2,3,0.02349212690675777,0.0450975511127361,0.0024916973705645,0.0018170627110098,0.0450975511127361,0.0024916973705645,0.0018170627110098
Cosmos3_seed101_0003,153,1,2,3.6512964018009706,0.264899927650116,0.1939702003770368,0.1836212948644557,0.264899927650116,0.1939702003770368,0.1836212948644557
Cosmos3_seed101_0003,153,1,3,3.517721579576796,0.0646279769461442,0.0159288373885161,0.0115530200894043,0.0646279769461442,0.0159288373885161,0.0115530200894043
Cosmos3_seed101_0003,153,2,3,4.742999010662506,0.065841661658192,0.0221621109786623,0.0169798771548329,0.065841661658192,0.0221621109786623,0.0169798771548329
Cosmos3_seed101_0003,156,1,2,3.687738211287123,0.2520075509686718,0.1683502299901394,0.161935964855151,0.2520075509686718,0.1683502299901394,0.161935964855151
Cosmos3_seed101_0003,156,1,3,4.969696202852158,0.0937018500619491,0.0349207140411403,0.0240123886474608,0.0937018500619491,0.0349207140411403,0.0240123886474608
Cosmos3_seed101_0003,156,2,3,3.5629372976906897,0.0739710434231719,0.0184160656564622,0.0131649587893566,0.0739710434231719,0.0184160656564622,0.0131649587893566
Cosmos3_seed101_0003,159,1,2,3.8105840036113854,0.303561950601412,0.2002358653126049,0.1828613730925306,0.303561950601412,0.2002358653126049,0.1828613730925306
Cosmos3_seed101_0003,159,1,3,3.5600626923189314,0.071553935182144,0.0178463432915234,0.0128294204419475,0.071553935182144,0.0178463432915234,0.0128294204419475
Cosmos3_seed101_0003,159,2,3,5.0680375329746825,0.0943267642180824,0.0356661410005194,0.0234149926025017,0.0943267642180824,0.0356661410005194,0.0234149926025017
Cosmos3_seed101_0003,162,1,2,4.154048286162335,0.2971952260495859,0.2048885538797197,0.1841485708179716,0.2971952260495859,0.2048885538797197,0.1841485708179716
Cosmos3_seed101_0003,162,1,3,0.46850767379086433,0.0786414046408716,0.0128349457689492,0.0121787234287004,0.0786414046408716,0.0128349457689492,0.0121787234287004
Cosmos3_seed101_0003,162,2,3,0.0,0.0669429964659995,0.015847912178485,0.0150111851392179,0.0,0.0,0.0
Cosmos3_seed101_0003,165,1,2,4.443188337599421,0.3423979810098522,0.2433791299265437,0.2148168375711606,0.3423979810098522,0.2433791299265437,0.2148168375711606
Cosmos3_seed101_0003,165,1,3,0.0,0.0896135912083443,0.0204559135383726,0.0191208260611653,0.0,0.0,0.0
Cosmos3_seed101_0003,165,2,3,0.4657437018950325,0.0768658838840637,0.0124718466476178,0.011776818322935,0.0768658838840637,0.0124718466476178,0.011776818322935
Cosmos3_seed101_0003,168,1,2,4.757937083166405,0.344125678765675,0.253731785221908,0.2256828388735485,0.344125678765675,0.253731785221908,0.2256828388735485
Cosmos3_seed101_0003,168,1,3,12.492525786968725,0.1119225316849787,0.0852237681440086,0.0681253165939314,0.1119225316849787,0.0852237681440086,0.0681253165939314
Cosmos3_seed101_0003,168,2,3,8.389183832749,0.0873613711009245,0.051490254290199,0.0440803041791233,0.0873613711009245,0.051490254290199,0.0440803041791233
Cosmos3_seed101_0003,171,1,2,4.783780470954335,0.2455461644206046,0.1790146846538567,0.1544132667832222,0.2455461644206046,0.1790146846538567,0.1544132667832222
Cosmos3_seed101_0003,171,1,3,0.44670745750835006,0.0715641692766427,0.0115799571639102,0.0110076695737378,0.0715641692766427,0.0115799571639102,0.0110076695737378
Cosmos3_seed101_0003,171,2,3,0.0,0.1120910622382833,0.0248786494136216,0.022575341139338,0.0,0.0,0.0
Cosmos3_seed101_0003,174,1,2,8.292090066164121,0.0894732828541184,0.0521526395964107,0.0460399477721369,0.0894732828541184,0.0521526395964107,0.0460399477721369
Cosmos3_seed101_0003,174,1,3,5.645268753166706,0.0915940386448525,0.037271495867457,0.0360592127481176,0.0915940386448525,0.037271495867457,0.0360592127481176
Cosmos3_seed101_0003,177,1,2,3.3895674986110653,0.087556671502244,0.0211009952658286,0.0150466534557631,0.087556671502244,0.0211009952658286,0.0150466534557631
Cosmos3_seed101_0003,177,1,3,0.45247074138961046,0.0476150060447777,0.0077168267431946,0.0072969904668302,0.0476150060447777,0.0077168267431946,0.0072969904668302
Cosmos3_seed101_0003,177,2,3,2.8932623261700656,0.0258660492852134,0.0173944743790724,0.011728792898297,0.0258660492852134,0.0173944743790724,0.011728792898297
Cosmos3_seed101_0003,180,1,2,3.436920396777693,0.0741429963737714,0.0179914355295679,0.0128574888381795,0.0741429963737714,0.0179914355295679,0.0128574888381795
Cosmos3_seed101_0003,180,2,3,0.1273972559589235,0.0405705841139529,0.0070749755153627,0.0063839448740471,0.0405705841139529,0.0070749755153627,0.0063839448740471
Cosmos3_seed101_0003,183,1,2,3.476129978289856,0.0677634457960348,0.0164898796784892,0.0119588935913529,0.0677634457960348,0.0164898796784892,0.0119588935913529
Cosmos3_seed101_0003,183,2,3,0.1336264480946201,0.02920284775553,0.0050772369988297,0.0045170025485644,0.02920284775553,0.0050772369988297,0.0045170025485644
Cosmos3_seed101_0003,186,1,2,9.382654100357888,0.0868713725087992,0.05674060844516,0.0497385223262001,0.0868713725087992,0.05674060844516,0.0497385223262001
Cosmos3_seed101_0003,186,2,3,0.13657191509515731,0.0331301829338912,0.0021465248995765,0.0015690270306865,0.0331301829338912,0.0021465248995765,0.0015690270306865
Cosmos3_seed101_0003,188,1,2,4.553338644837473,0.054141855049598,0.0157469191601356,0.0134565923192422,0.054141855049598,0.0157469191601356,0.0134565923192422
Cosmos3_seed101_0003,188,2,3,0.1990957158972554,0.0463918732375531,0.006778697162781,0.0050938559055453,0.0463918732375531,0.006778697162781,0.0050938559055453
Cosmos3_seed101_0010,0,1,2,0.04105420846615905,0.4053871135290343,0.198541487314903,0.1822694176945316,0.4053871135290343,0.198541487314903,0.1822694176945316
Cosmos3_seed101_0010,3,1,2,0.04172014284518556,0.4044415760087242,0.198035843646108,0.1819956224712464,0.4044415760087242,0.198035843646108,0.1819956224712464
Cosmos3_seed101_0010,6,1,2,0.04031924771434683,0.4018201080657945,0.19613293291274,0.1800600936392568,0.4018201080657945,0.19613293291274,0.1800600936392568
Cosmos3_seed101_0010,9,1,2,0.04044899817580614,0.4028601638713853,0.1967234366452996,0.1807496194159611,0.4028601638713853,0.1967234366452996,0.1807496194159611
Cosmos3_seed101_0010,12,1,2,0.03895965739854772,0.4173080927413038,0.2038825255828521,0.1867040781848567,0.4173080927413038,0.2038825255828521,0.1867040781848567
Cosmos3_seed101_0010,15,1,2,0.04065359716534448,0.4077981126791045,0.1991476553206202,0.1828292200662484,0.4077981126791045,0.1991476553206202,0.1828292200662484
Cosmos3_seed101_0010,18,1,2,0.04145513417197561,0.3964815107223046,0.1940641705095782,0.1778439101630513,0.3964815107223046,0.1940641705095782,0.1778439101630513
Cosmos3_seed101_0010,21,1,2,0.03999661390676354,0.378050104982903,0.1853281644713492,0.1700578326271741,0.378050104982903,0.1853281644713492,0.1700578326271741
Cosmos3_seed101_0010,24,1,2,0.04132967711501555,0.3946407909705764,0.1929855404246421,0.1772191566241834,0.3946407909705764,0.1929855404246421,0.1772191566241834
Cosmos3_seed101_0010,27,1,2,0.03802430082385791,0.4166416217769766,0.2034915535581477,0.1868659943889404,0.4166416217769766,0.2034915535581477,0.1868659943889404
Cosmos3_seed101_0010,30,1,2,0.038132849392078456,0.4111435627978641,0.2012360222359426,0.1849660873154605,0.4111435627978641,0.2012360222359426,0.1849660873154605
Cosmos3_seed101_0010,33,1,2,0.03853446719001722,0.3821157756449862,0.1874490023400845,0.1718615820347083,0.3821157756449862,0.1874490023400845,0.1718615820347083
Cosmos3_seed101_0010,36,1,2,0.037489442905602736,0.4186385574478595,0.2052814538936021,0.188717840341841,0.4186385574478595,0.2052814538936021,0.188717840341841
Cosmos3_seed101_0010,39,1,2,0.04076764032365874,0.3896937024088454,0.1908845904569212,0.1752120485570378,0.3896937024088454,0.1908845904569212,0.1752120485570378
Cosmos3_seed101_0010,42,1,2,0.03771500767195667,0.4030999488806991,0.1977712095355738,0.1814556016226398,0.4030999488806991,0.1977712095355738,0.1814556016226398
Cosmos3_seed101_0010,45,1,2,0.03738920909778358,0.3791478084768478,0.1860502118575104,0.1707540141940177,0.3791478084768478,0.1860502118575104,0.1707540141940177
Cosmos3_seed101_0010,48,1,2,0.03930824849119356,0.3789543999232809,0.1857681513509997,0.1710496238605661,0.3789543999232809,0.1857681513509997,0.1710496238605661
Cosmos3_seed101_0010,51,1,2,0.03900211613852292,0.3903529719165856,0.1920578407531272,0.1768859341435557,0.3903529719165856,0.1920578407531272,0.1768859341435557
Cosmos3_seed101_0010,54,1,2,0.03651447344258526,0.3772541283051728,0.1856486346964946,0.1706802946440092,0.3772541283051728,0.1856486346964946,0.1706802946440092
Cosmos3_seed101_0010,57,1,2,0.03740519633108171,0.3945487051429838,0.1944666009978564,0.1790500210975896,0.3945487051429838,0.1944666009978564,0.1790500210975896
Cosmos3_seed101_0010,60,1,2,0.03852516347581133,0.4114731100496356,0.20220198012297,0.1861150106880293,0.4114731100496356,0.20220198012297,0.1861150106880293
Cosmos3_seed101_0010,60,1,3,0.2283962503296437,0.0478920232576203,0.022759720819634,0.0208427670248794,0.0478920232576203,0.022759720819634,0.0208427670248794
Cosmos3_seed101_0010,60,2,3,2.2026355993523903,0.041368011467374,0.0400059369201582,0.039803099484341,0.041368011467374,0.0400059369201582,0.039803099484341
Cosmos3_seed101_0010,63,1,2,0.038118170770355266,0.3956009813628775,0.1937485261282619,0.1780224370885112,0.3956009813628775,0.1937485261282619,0.1780224370885112
Cosmos3_seed101_0010,63,1,3,0.23463946212022502,0.1874221873837597,0.0788280371130486,0.0709205368848597,0.1874221873837597,0.0788280371130486,0.0709205368848597
Cosmos3_seed101_0010,63,2,3,2.214387038087988,0.2328628677956044,0.1999764731221021,0.1958095513211264,0.2328628677956044,0.1999764731221021,0.1958095513211264
Cosmos3_seed101_0010,66,1,2,0.03758962852864681,0.4010094515781972,0.1960377290513216,0.179842527785768,0.4010094515781972,0.1960377290513216,0.179842527785768
Cosmos3_seed101_0010,66,1,3,0.23048089370046565,0.2579460800676098,0.1074572250838409,0.0951314832952797,0.2579460800676098,0.1074572250838409,0.0951314832952797
Cosmos3_seed101_0010,66,2,3,2.215258022461199,0.3507644752326839,0.2989077925709268,0.2884517306465228,0.3507644752326839,0.2989077925709268,0.2884517306465228
Cosmos3_seed101_0010,69,1,2,0.03904624383197218,0.4143482352745354,0.2022415758354076,0.1850319666177724,0.4143482352745354,0.2022415758354076,0.1850319666177724
Cosmos3_seed101_0010,69,1,3,0.1996104572209297,0.2595323135501799,0.1104201862966057,0.0982489808738438,0.2595323135501799,0.1104201862966057,0.0982489808738438
Cosmos3_seed101_0010,69,2,3,2.1674286676385437,0.334477648877828,0.291554126164701,0.2835452958502321,0.334477648877828,0.291554126164701,0.2835452958502321
Cosmos3_seed101_0010,72,1,2,0.038196308005259465,0.4230250909055598,0.2064828302690261,0.1888517778190047,0.4230250909055598,0.2064828302690261,0.1888517778190047
Cosmos3_seed101_0010,72,1,3,0.1515579486142847,0.279199194728996,0.1184484350005433,0.1043666695705804,0.279199194728996,0.1184484350005433,0.1043666695705804
Cosmos3_seed101_0010,72,2,3,2.0685730938260103,0.3361676037360321,0.2921818314934768,0.2814806673235552,0.3361676037360321,0.2921818314934768,0.2814806673235552
Cosmos3_seed101_0010,75,1,2,0.03839285189701599,0.3733514433525094,0.1823996051800925,0.167181543360418,0.3733514433525094,0.1823996051800925,0.167181543360418
Cosmos3_seed101_0010,75,1,3,0.14499733183206864,0.2417150804446298,0.1036202021144082,0.0940482316848373,0.2417150804446298,0.1036202021144082,0.0940482316848373
Cosmos3_seed101_0010,75,2,3,2.0535786384159582,0.358989585354262,0.3150042973785364,0.3119307874456615,0.358989585354262,0.3150042973785364,0.3119307874456615
Cosmos3_seed101_0010,78,1,2,0.037992454190042046,0.3813059547429556,0.1862811642746168,0.1707460368036385,0.3813059547429556,0.1862811642746168,0.1707460368036385
Cosmos3_seed101_0010,78,1,3,0.1452202292343374,0.2495575910571101,0.1069659949221314,0.097076307563947,0.2495575910571101,0.1069659949221314,0.097076307563947
Cosmos3_seed101_0010,78,2,3,2.055481428721969,0.3581262033361729,0.3142068817645563,0.3111010796459565,0.3581262033361729,0.3142068817645563,0.3111010796459565
Cosmos3_seed101_0010,81,1,2,0.04045977320933049,0.3969991767959174,0.1935670040120245,0.1772017424481284,0.3969991767959174,0.1935670040120245,0.1772017424481284
Cosmos3_seed101_0010,81,1,3,0.14504977114777876,0.2453197344045556,0.1053136986056921,0.0951522388418271,0.2453197344045556,0.1053136986056921,0.0951522388418271
Cosmos3_seed101_0010,81,2,3,2.059235231744057,0.3470672995848676,0.3055795973584353,0.3015934048857392,0.3470672995848676,0.3055795973584353,0.3015934048857392
Cosmos3_seed101_0010,84,1,2,0.035715484878375045,0.3766461208470912,0.1838873619044874,0.1681205012673419,0.3766461208470912,0.1838873619044874,0.1681205012673419
Cosmos3_seed101_0010,84,1,3,0.14405998219497257,0.2261831906544972,0.0970786972953385,0.0875479304209723,0.2261831906544972,0.0970786972953385,0.0875479304209723
Cosmos3_seed101_0010,84,2,3,2.0516108403069664,0.3326451161456014,0.2924330015165586,0.2884559703095172,0.3326451161456014,0.2924330015165586,0.2884559703095172
Cosmos3_seed101_0010,87,1,2,0.03891447737909482,0.3692862747608044,0.180103206360789,0.1650567722647559,0.3692862747608044,0.180103206360789,0.1650567722647559
Cosmos3_seed101_0010,87,1,3,0.14322446295931318,0.2861298688455672,0.1233890570702969,0.1115400050326365,0.2861298688455672,0.1233890570702969,0.1115400050326365
Cosmos3_seed101_0010,87,2,3,2.0538846380579026,0.3721913226950045,0.3290950994702813,0.3246112194466733,0.3721913226950045,0.3290950994702813,0.3246112194466733
Cosmos3_seed101_0010,90,1,2,0.04074414840365625,0.3610204527680382,0.1758969236944574,0.1612591601907146,0.3610204527680382,0.1758969236944574,0.1612591601907146
Cosmos3_seed101_0010,90,1,3,0.1426487403809458,0.2873817227884015,0.1237470652048858,0.1115663225194349,0.2873817227884015,0.1237470652048858,0.1115663225194349
Cosmos3_seed101_0010,90,2,3,2.055920980929795,0.3946532245231858,0.3487907686714135,0.3430023080434132,0.3946532245231858,0.3487907686714135,0.3430023080434132
Cosmos3_seed101_0010,93,1,2,0.03886527796186823,0.2453526864125408,0.1202257123699061,0.1109430673711686,0.2453526864125408,0.1202257123699061,0.1109430673711686
Cosmos3_seed101_0010,93,1,3,0.14425977139179708,0.27519891198057,0.1187651414460963,0.1075459935827739,0.27519891198057,0.1187651414460963,0.1075459935827739
Cosmos3_seed101_0010,93,2,3,2.043652163866064,0.2523338442016025,0.2222343771497687,0.2180789141542526,0.2523338442016025,0.2222343771497687,0.2180789141542526
Cosmos3_seed101_0010,96,1,2,0.03670736348452738,0.0837653278197172,0.041704449296462,0.039064086416481,0.0837653278197172,0.041704449296462,0.039064086416481
Cosmos3_seed101_0010,96,1,3,0.1430470348374928,0.2995110196884168,0.1295232295845743,0.1174818250877672,0.2995110196884168,0.1295232295845743,0.1174818250877672
Cosmos3_seed101_0010,96,2,3,2.0036659898899054,0.1028997855862542,0.0893781231329745,0.086548385190601,0.1028997855862542,0.0893781231329745,0.086548385190601
Cosmos3_seed101_0010,99,1,2,0.14083540659198293,0.2972067317093467,0.128662294863302,0.1167841686466684,0.2972067317093467,0.128662294863302,0.1167841686466684
Cosmos3_seed101_0010,102,1,2,0.1412981656809395,0.3093035033300245,0.1335166930379835,0.1209234965525955,0.3093035033300245,0.1335166930379835,0.1209234965525955
Cosmos3_seed101_0010,105,1,2,0.14092122813320654,0.3267938699156786,0.1409279912520954,0.1279549947417212,0.3267938699156786,0.1409279912520954,0.1279549947417212
Cosmos3_seed101_0010,108,1,2,0.1398083641894196,0.3134926891646426,0.1352995237910501,0.1230683601295244,0.3134926891646426,0.1352995237910501,0.1230683601295244
Cosmos3_seed101_0010,111,1,2,0.13873944354148093,0.2771342812377222,0.1199613541618571,0.1099607215005774,0.2771342812377222,0.1199613541618571,0.1099607215005774
Cosmos3_seed101_0010,114,1,2,0.14058958148832737,0.2550042977731968,0.1110455824460175,0.1019030182928598,0.2550042977731968,0.1110455824460175,0.1019030182928598
Cosmos3_seed101_0010,117,1,2,0.14306504716182677,0.2426222031164194,0.1054021351942182,0.0970219815295194,0.2426222031164194,0.1054021351942182,0.0970219815295194
Cosmos3_seed101_0010,120,1,2,0.1433956845874342,0.2236510212840694,0.0970322459467613,0.0888749783405507,0.2236510212840694,0.0970322459467613,0.0888749783405507
Cosmos3_seed101_0010,123,1,2,0.14202668664667611,0.2468037156373919,0.1071257976870413,0.0983418813739263,0.2468037156373919,0.1071257976870413,0.0983418813739263
Cosmos3_seed101_0010,126,1,2,0.1425200760078358,0.2136313552596299,0.0927984849711635,0.0848099201441481,0.2136313552596299,0.0927984849711635,0.0848099201441481
Cosmos3_seed101_0010,129,1,2,0.14115389326926014,0.2270168797211419,0.1028227292589997,0.0916000353397321,0.2270168797211419,0.1028227292589997,0.0916000353397321
Cosmos3_seed101_0010,132,1,2,0.13630358008074012,0.169117224355942,0.0715236434635932,0.0677388301725945,0.169117224355942,0.0715236434635932,0.0677388301725945
Cosmos3_seed101_0010,132,1,3,0.18411688539667226,0.0778036998903311,0.0235416435195484,0.0198808012792054,0.0778036998903311,0.0235416435195484,0.0198808012792054
Cosmos3_seed101_0010,132,2,3,0.0,0.0945897171419057,0.0676735046896761,0.0541257386565991,0.0,0.0,0.0
Cosmos3_seed101_0010,135,1,2,0.1457458842715007,0.1955496028208504,0.0800522135407908,0.0776861055470573,0.1955496028208504,0.0800522135407908,0.0776861055470573
Cosmos3_seed101_0010,135,1,3,0.17873770626992727,0.0820554214604447,0.029085914786477,0.0256721578596816,0.0820554214604447,0.029085914786477,0.0256721578596816
Cosmos3_seed101_0010,135,2,3,0.0,0.0957083771802383,0.0819784315571286,0.0709837019404465,0.0,0.0,0.0
Cosmos3_seed101_0010,138,1,2,0.1438220432075772,0.2058136200491083,0.0844268869208043,0.0812043422332128,0.2058136200491083,0.0844268869208043,0.0812043422332128
Cosmos3_seed101_0010,141,1,2,0.1389362954820983,0.2890508533580229,0.1246364061591643,0.1142483844286398,0.2890508533580229,0.1246364061591643,0.1142483844286398
Cosmos3_seed101_0010,141,1,3,0.10700160504031049,0.088045865983497,0.0342867481369842,0.0324311641263237,0.088045865983497,0.0342867481369842,0.0324311641263237
Cosmos3_seed101_0010,141,2,3,0.0,0.0728862347508599,0.0631956093840235,0.0570733772206387,0.0,0.0,0.0
Cosmos3_seed101_0010,144,1,2,0.14163862167206823,0.290808717263169,0.127112868615342,0.116306845144301,0.290808717263169,0.127112868615342,0.116306845144301
Cosmos3_seed101_0010,144,1,3,0.0,0.0686044778494279,0.0269045333754192,0.0252563225815733,0.0,0.0,0.0
Cosmos3_seed101_0010,144,2,3,0.4170362893312482,0.0623975589207916,0.053595460559383,0.0480860284667915,0.0623975589207916,0.053595460559383,0.0480860284667915
Cosmos3_seed101_0010,147,1,2,0.1334043065532228,0.2796291490239486,0.1214214842660707,0.1104021008810207,0.2796291490239486,0.1214214842660707,0.1104021008810207
Cosmos3_seed101_0010,150,1,2,0.15028420745664303,0.2816365812315495,0.1233134207810624,0.1133028039659694,0.2816365812315495,0.1233134207810624,0.1133028039659694
Cosmos3_seed101_0010,153,1,2,0.14238336998327109,0.2787735816730076,0.1216206585951701,0.1111359634989154,0.2787735816730076,0.1216206585951701,0.1111359634989154
Cosmos3_seed101_0010,156,1,2,0.1399822689393958,0.2842521349961741,0.1238196456746161,0.1127716306514946,0.2842521349961741,0.1238196456746161,0.1127716306514946
Cosmos3_seed101_0010,159,1,2,0.13952355409008396,0.2484344044581247,0.108193515051565,0.0988092401899124,0.2484344044581247,0.108193515051565,0.0988092401899124
Cosmos3_seed101_0010,162,1,2,0.13571255733204,0.2319466201535933,0.1011338392091947,0.0924022301199578,0.2319466201535933,0.1011338392091947,0.0924022301199578
Cosmos3_seed101_0010,165,1,2,0.13632940348107903,0.232241397405503,0.1013836349181197,0.0929995636212216,0.232241397405503,0.1013836349181197,0.0929995636212216
Cosmos3_seed101_0010,168,1,2,0.14125230665002336,0.2457169271663576,0.1078996744268019,0.1005959112284951,0.2457169271663576,0.1078996744268019,0.1005959112284951
Cosmos3_seed101_0010,171,1,2,0.13870679479406253,0.2221356896066753,0.0983660582067354,0.0915110412557072,0.2221356896066753,0.0983660582067354,0.0915110412557072
Cosmos3_seed101_0010,174,1,2,0.14145420571418396,0.2306756665132075,0.1021523063318936,0.0948029770288983,0.2306756665132075,0.1021523063318936,0.0948029770288983
Cosmos3_seed101_0010,177,1,2,0.13168243799304638,0.2492570011156787,0.1095649412756519,0.10127745466281,0.2492570011156787,0.1095649412756519,0.10127745466281
Cosmos3_seed101_0010,180,1,2,0.13318010492980956,0.2990622092628485,0.1308044174756074,0.1207446890976115,0.2990622092628485,0.1308044174756074,0.1207446890976115
Cosmos3_seed101_0010,183,1,2,0.1346157170765606,0.3031093594067646,0.133037079080298,0.1223636558591235,0.3031093594067646,0.133037079080298,0.1223636558591235
Cosmos3_seed101_0010,186,1,2,0.13689520377033185,0.3109622873950383,0.1362147705932596,0.1253778480770596,0.3109622873950383,0.1362147705932596,0.1253778480770596
Cosmos3_seed101_0010,188,1,2,0.1363210982246274,0.2704703027138416,0.1183426397949846,0.1090423850592619,0.2704703027138416,0.1183426397949846,0.1090423850592619
Cosmos3_seed101_0012,0,1,2,0.6031644197811454,0.3568962913745689,0.1930492629024069,0.1767522555084124,0.3568962913745689,0.1930492629024069,0.1767522555084124
Cosmos3_seed101_0012,3,1,2,0.5994034010205714,0.3271782012949423,0.1767042795823886,0.1618283540705259,0.3271782012949423,0.1767042795823886,0.1618283540705259
Cosmos3_seed101_0012,6,1,2,0.6000903585508726,0.3527963148140951,0.1908358143126976,0.1745774002308967,0.3527963148140951,0.1908358143126976,0.1745774002308967
Cosmos3_seed101_0012,9,1,2,0.6023528933330718,0.3670572608276611,0.1986551937173682,0.1815814598561505,0.3670572608276611,0.1986551937173682,0.1815814598561505
Cosmos3_seed101_0012,12,1,2,0.6028210832918184,0.3660581861006198,0.1978023660870274,0.1804593552516556,0.3660581861006198,0.1978023660870274,0.1804593552516556
Cosmos3_seed101_0012,15,1,2,0.6012197913033471,0.3490827045071714,0.188654529748447,0.172219845345994,0.3490827045071714,0.188654529748447,0.172219845345994
Cosmos3_seed101_0012,18,1,2,0.6000944709054064,0.342387512433961,0.1852221197003192,0.1693487888740401,0.342387512433961,0.1852221197003192,0.1693487888740401
Cosmos3_seed101_0012,21,1,2,0.6000769123571362,0.3525639746543672,0.1905320913812769,0.1743805427339977,0.3525639746543672,0.1905320913812769,0.1743805427339977
Cosmos3_seed101_0012,24,1,2,0.6020030992620568,0.3948528426911195,0.2137041429546163,0.1953349912196219,0.3948528426911195,0.2137041429546163,0.1953349912196219
Cosmos3_seed101_0012,27,1,2,0.6012800663382323,0.3752756387592739,0.2034089103216079,0.1861513907648252,0.3752756387592739,0.2034089103216079,0.1861513907648252
Cosmos3_seed101_0012,30,1,2,0.6024379182258546,0.3157102418842864,0.1713584541467243,0.1566200113683118,0.3157102418842864,0.1713584541467243,0.1566200113683118
Cosmos3_seed101_0012,33,1,2,0.6016759024043733,0.3236807917367589,0.1757238679754766,0.1606546765936901,0.3236807917367589,0.1757238679754766,0.1606546765936901
Cosmos3_seed101_0012,36,1,2,0.6002962266425925,0.3121929934934749,0.1692224149395047,0.1546958463212016,0.3121929934934749,0.1692224149395047,0.1546958463212016
Cosmos3_seed101_0012,39,1,2,0.6010948831987616,0.3169804009819364,0.1719307082299951,0.1573136961133129,0.3169804009819364,0.1719307082299951,0.1573136961133129
Cosmos3_seed101_0012,42,1,2,0.6014753219063419,0.3017414480331786,0.1635096116166753,0.1497737698469466,0.3017414480331786,0.1635096116166753,0.1497737698469466
Cosmos3_seed101_0012,45,1,2,0.6012078146561858,0.3878933789363828,0.2099347221947703,0.1923606164046481,0.3878933789363828,0.2099347221947703,0.1923606164046481
Cosmos3_seed101_0012,48,1,2,0.6021559175133112,0.3564581314728308,0.1927288860731613,0.1765008762396618,0.3564581314728308,0.1927288860731613,0.1765008762396618
Cosmos3_seed101_0012,51,1,2,0.6047415521332138,0.3783673652695362,0.2047620939088528,0.1875161872246447,0.3783673652695362,0.2047620939088528,0.1875161872246447
Cosmos3_seed101_0012,54,1,2,0.6043009662219981,0.3586686542017973,0.1939490395594439,0.1776378719867048,0.3586686542017973,0.1939490395594439,0.1776378719867048
Cosmos3_seed101_0012,57,1,2,0.6039671845951384,0.3675179868039545,0.1991547873274449,0.1821228075191989,0.3675179868039545,0.1991547873274449,0.1821228075191989
Cosmos3_seed101_0012,60,1,2,0.6010313211757093,0.3613479787725249,0.1951880604628323,0.1786437599413354,0.3613479787725249,0.1951880604628323,0.1786437599413354
Cosmos3_seed101_0012,63,1,2,0.602033539709463,0.3760981663882465,0.2032776164099227,0.1857853028999973,0.3760981663882465,0.2032776164099227,0.1857853028999973
Cosmos3_seed101_0012,66,1,2,0.6032593555238414,0.3773785394475212,0.2037646530173694,0.1869950032949558,0.3773785394475212,0.2037646530173694,0.1869950032949558
Cosmos3_seed101_0012,69,1,2,0.6036263549925991,0.3780165115027803,0.2042456431400939,0.1873073705664552,0.3780165115027803,0.2042456431400939,0.1873073705664552
Cosmos3_seed101_0012,72,1,2,0.6057288261032852,0.3417274810652367,0.1845855151866511,0.1693318670853811,0.3417274810652367,0.1845855151866511,0.1693318670853811
Cosmos3_seed101_0012,72,1,3,0.21430748034429314,0.0869075726364174,0.0384810194503186,0.0296679602598367,0.0869075726364174,0.0384810194503186,0.0296679602598367
Cosmos3_seed101_0012,72,2,3,0.0,0.097954120598508,0.0802960064851158,0.0674829387272656,0.0,0.0,0.0
Cosmos3_seed101_0012,75,1,2,0.6064140445223916,0.3316180637209289,0.1789083578330893,0.1640688356812615,0.3316180637209289,0.1789083578330893,0.1640688356812615
Cosmos3_seed101_0012,75,1,3,0.19317552532835172,0.1761995076638037,0.0745227038672667,0.0672920288104828,0.1761995076638037,0.0745227038672667,0.0672920288104828
Cosmos3_seed101_0012,75,2,3,0.0,0.163062404186517,0.1278336838011501,0.1258707604303616,0.0,0.0,0.0
Cosmos3_seed101_0012,78,1,2,0.605822545738594,0.3382403893520491,0.1827997981804029,0.1674874800897394,0.3382403893520491,0.1827997981804029,0.1674874800897394
Cosmos3_seed101_0012,78,1,3,0.1507929672195587,0.2351290104010791,0.1045868738306026,0.1000499326082635,0.2351290104010791,0.1045868738306026,0.1000499326082635
Cosmos3_seed101_0012,78,2,3,0.0,0.2472802208115821,0.2035214083792507,0.1949292973475438,0.0,0.0,0.0
Cosmos3_seed101_0012,81,1,2,0.604329204366871,0.336152707182228,0.1815600167958267,0.1665966253281289,0.336152707182228,0.1815600167958267,0.1665966253281289
Cosmos3_seed101_0012,81,1,3,0.14235360597441904,0.2456257960032889,0.1103339667288722,0.1065030084345342,0.2456257960032889,0.1103339667288722,0.1065030084345342
Cosmos3_seed101_0012,81,2,3,0.0,0.2549546909738467,0.2120384705970273,0.2015616965880132,0.0,0.0,0.0
Cosmos3_seed101_0012,84,1,2,0.604317020855214,0.3343718841229116,0.1807604237649199,0.1657552751848554,0.3343718841229116,0.1807604237649199,0.1657552751848554
Cosmos3_seed101_0012,84,1,3,0.12870216394096673,0.2498649951536006,0.1151581366788785,0.1127040916136653,0.2498649951536006,0.1151581366788785,0.1127040916136653
Cosmos3_seed101_0012,84,2,3,0.0,0.2699152988355393,0.2301140382878015,0.215606608470637,0.0,0.0,0.0
Cosmos3_seed101_0012,87,1,2,0.6068191387659119,0.3233293929106798,0.1747580661445206,0.1604058314027446,0.3233293929106798,0.1747580661445206,0.1604058314027446
Cosmos3_seed101_0012,87,1,3,0.12894150009568364,0.2745521932212333,0.1266637418345763,0.1252697352991954,0.2745521932212333,0.1266637418345763,0.1252697352991954
Cosmos3_seed101_0012,87,2,3,0.0,0.2944650285634522,0.2513443210420001,0.2332696046540896,0.0,0.0,0.0
Cosmos3_seed101_0012,90,1,2,0.6071567318746908,0.3021812323017583,0.1633115752823535,0.1497827623086216,0.3021812323017583,0.1633115752823535,0.1497827623086216
Cosmos3_seed101_0012,90,1,3,0.12950164251757718,0.2831281616679351,0.1303816487182722,0.129283203733793,0.2831281616679351,0.1303816487182722,0.129283203733793
Cosmos3_seed101_0012,90,2,3,0.0,0.2899278677343447,0.2470437555992543,0.2285036340799678,0.0,0.0,0.0
Cosmos3_seed101_0012,93,1,2,0.6065413886517741,0.3302971441937499,0.1779573275746843,0.1629343356968977,0.3302971441937499,0.1779573275746843,0.1629343356968977
Cosmos3_seed101_0012,93,1,3,0.13112322378067584,0.2564442873691226,0.1178369245265038,0.1170044527692562,0.2564442873691226,0.1178369245265038,0.1170044527692562
Cosmos3_seed101_0012,93,2,3,0.0,0.2862121349535393,0.2440986383722622,0.2250821761187326,0.0,0.0,0.0
Cosmos3_seed101_0012,96,1,2,0.6060225383066354,0.3134020219104108,0.168810584971066,0.1545658046522909,0.3134020219104108,0.168810584971066,0.1545658046522909
Cosmos3_seed101_0012,96,1,3,0.1298176177817603,0.2754601548254212,0.1260013360875391,0.1258750066802989,0.2754601548254212,0.1260013360875391,0.1258750066802989
Cosmos3_seed101_0012,96,2,3,0.0,0.2674060696357849,0.2270856770932796,0.2081321310444831,0.0,0.0,0.0
Cosmos3_seed101_0012,99,1,2,0.6063627650954188,0.3630654142148035,0.1956654229821006,0.1793393179548907,0.3630654142148035,0.1956654229821006,0.1793393179548907
Cosmos3_seed101_0012,99,1,3,0.1309064007518083,0.2565587349491638,0.1160589541992784,0.1132871640387907,0.2565587349491638,0.1160589541992784,0.1132871640387907
Cosmos3_seed101_0012,99,2,3,0.0,0.2232670548267996,0.1874076369339638,0.1759732520501006,0.0,0.0,0.0
Cosmos3_seed101_0012,102,1,2,0.6087359461875994,0.3162039129463622,0.1706011423531995,0.1566349503128333,0.3162039129463622,0.1706011423531995,0.1566349503128333
Cosmos3_seed101_0012,102,1,3,0.13163209124698808,0.1450446769171305,0.0657713291894223,0.0652521980283774,0.1450446769171305,0.0657713291894223,0.0652521980283774
Cosmos3_seed101_0012,102,2,3,0.0,0.1327496040938584,0.1115715234751442,0.1032527376100515,0.0,0.0,0.0
Cosmos3_seed101_0012,105,1,2,0.6102415028469205,0.344575901803991,0.1860371817018795,0.170601465101855,0.344575901803991,0.1860371817018795,0.170601465101855
Cosmos3_seed101_0012,105,1,3,0.12971427213233266,0.119478129088376,0.05099825705901,0.0472776271777285,0.119478129088376,0.05099825705901,0.0472776271777285
Cosmos3_seed101_0012,105,2,3,0.0,0.1302772752731764,0.1029960897124513,0.1018833939466199,0.0,0.0,0.0
Cosmos3_seed101_0012,108,1,2,0.6092249526498346,0.2879975185554394,0.1552114393949626,0.1421651088086478,0.2879975185554394,0.1552114393949626,0.1421651088086478
Cosmos3_seed101_0012,108,1,3,0.1284861011161842,0.0880006794740205,0.0380678852241888,0.0356325546383761,0.0880006794740205,0.0380678852241888,0.0356325546383761
Cosmos3_seed101_0012,108,2,3,0.0,0.1102361950165839,0.0884834320625744,0.0865850767631628,0.0,0.0,0.0
Cosmos3_seed101_0012,111,1,2,0.6103718061945951,0.3370540951556566,0.1810988833253969,0.1654633589614456,0.3370540951556566,0.1810988833253969,0.1654633589614456
Cosmos3_seed101_0012,111,1,3,0.13056184556215722,0.1000913327488369,0.0427604814551268,0.0396153578648347,0.1000913327488369,0.0427604814551268,0.0396153578648347
Cosmos3_seed101_0012,111,2,3,0.0,0.1089333380677155,0.086614531793957,0.0854192647781457,0.0,0.0,0.0
Cosmos3_seed101_0012,114,1,2,0.6013454980901839,0.3350989754605389,0.1794058338773775,0.1618546747926035,0.3350989754605389,0.1794058338773775,0.1618546747926035
Cosmos3_seed101_0012,114,1,3,0.1323912924309376,0.0865423127817587,0.036417782632736,0.0333026013641616,0.0865423127817587,0.036417782632736,0.0333026013641616
Cosmos3_seed101_0012,114,2,3,0.0,0.1148096347386654,0.0902401640640762,0.089027443629834,0.0,0.0,0.0
Cosmos3_seed101_0012,117,1,2,0.6023696763250556,0.2653521734948783,0.1407897193517113,0.1264975691154372,0.2653521734948783,0.1407897193517113,0.1264975691154372
Cosmos3_seed101_0012,117,1,3,0.13241922225516212,0.0941287565710803,0.0392516012505598,0.0354051935084578,0.0941287565710803,0.0392516012505598,0.0354051935084578
Cosmos3_seed101_0012,117,2,3,0.0,0.2143759564112683,0.1684856188904109,0.1678280235354672,0.0,0.0,0.0
Cosmos3_seed101_0012,120,1,2,0.6007786855169305,0.1984953468750356,0.1067834065891017,0.0941053157700929,0.1984953468750356,0.1067834065891017,0.0941053157700929
Cosmos3_seed101_0012,120,1,3,0.1297140754886496,0.090210269578382,0.0387033979160836,0.0358268049345613,0.090210269578382,0.0387033979160836,0.0358268049345613
Cosmos3_seed101_0012,120,2,3,0.0,0.2297746146941859,0.1832490449391483,0.1744588962585864,0.0,0.0,0.0
Cosmos3_seed101_0012,123,1,2,0.1295730145940944,0.1152217530296039,0.0494993346178989,0.0459834265764489,0.1152217530296039,0.0494993346178989,0.0459834265764489
Cosmos3_seed101_0012,123,1,3,0.532811839555031,0.1656774608958169,0.0896281259959964,0.078946053788051,0.1656774608958169,0.0896281259959964,0.078946053788051
Cosmos3_seed101_0012,123,2,3,0.0,0.2057823540805952,0.1634150788463598,0.1549445369071284,0.0,0.0,0.0
Cosmos3_seed101_0012,126,1,2,0.12907256247714477,0.1344707149002542,0.0576369245971672,0.053320629752687,0.1344707149002542,0.0576369245971672,0.053320629752687
Cosmos3_seed101_0012,126,1,3,0.5210238089402618,0.1319121558962875,0.0671320101672079,0.0588901626368513,0.1319121558962875,0.0671320101672079,0.0588901626368513
Cosmos3_seed101_0012,126,2,3,0.0,0.2148006466459133,0.1809105262088306,0.1715467396300738,0.0,0.0,0.0
Cosmos3_seed101_0012,129,1,2,0.5068304477044894,0.1658215895056254,0.0829339960852658,0.0736768475606116,0.1658215895056254,0.0829339960852658,0.0736768475606116
Cosmos3_seed101_0012,129,1,3,0.1283008847633681,0.1209316788429834,0.0522548555334696,0.0488012318372634,0.1209316788429834,0.0522548555334696,0.0488012318372634
Cosmos3_seed101_0012,129,2,3,0.0,0.2311073460820352,0.1996681534985121,0.1899341737556786,0.0,0.0,0.0
Cosmos3_seed101_0012,132,1,2,0.4377082778844658,0.1647606472360146,0.0815718327711973,0.0763253609381903,0.1647606472360146,0.0815718327711973,0.0763253609381903
Cosmos3_seed101_0012,132,1,3,0.12810220520686108,0.1736146811985921,0.0750229730297846,0.0706087839826379,0.1736146811985921,0.0750229730297846,0.0706087839826379
Cosmos3_seed101_0012,132,2,3,0.0,0.19154809777523,0.1671856260738337,0.1662122852630069,0.0,0.0,0.0
Cosmos3_seed101_0012,135,1,2,0.33890598683410844,0.1343796822366851,0.0690514908908361,0.0661990718492398,0.1343796822366851,0.0690514908908361,0.0661990718492398
Cosmos3_seed101_0012,135,1,3,0.12951368146023884,0.0782323855546691,0.0327160239336312,0.0297360463001956,0.0782323855546691,0.0327160239336312,0.0297360463001956
Cosmos3_seed101_0012,135,2,3,0.0,0.1535385336621138,0.1249544946187146,0.1184665521301734,0.0,0.0,0.0
Cosmos3_seed101_0012,138,1,2,0.12570853246069233,0.1076459050238388,0.0626156896177026,0.062132728524977,0.1076459050238388,0.0626156896177026,0.062132728524977
Cosmos3_seed101_0012,141,1,2,0.08623623663045615,0.1732338730206928,0.0969865289167451,0.0885268339639908,0.1732338730206928,0.0969865289167451,0.0885268339639908
Cosmos3_seed101_0012,144,1,2,0.1314037423388902,0.2150670389690933,0.0996287128596779,0.0996140845933006,0.2150670389690933,0.0996287128596779,0.0996140845933006
Cosmos3_seed101_0012,144,1,3,0.0,0.1526262306956299,0.0768309096399567,0.0693428997148913,0.0,0.0,0.0
Cosmos3_seed101_0012,144,2,3,0.0,0.1632996498440656,0.1474059616079877,0.1356497244257575,0.0,0.0,0.0
Cosmos3_seed101_0012,147,1,2,0.1300713339884982,0.1980321135847676,0.0919255157420552,0.0916178982121715,0.1980321135847676,0.0919255157420552,0.0916178982121715
Cosmos3_seed101_0012,147,1,3,0.0,0.1744742210722369,0.0883389757574498,0.0729557466565948,0.0,0.0,0.0
Cosmos3_seed101_0012,147,2,3,0.39632594955941075,0.1221960196642306,0.1012558112077122,0.0928323444095337,0.1221960196642306,0.1012558112077122,0.0928323444095337
Cosmos3_seed101_0012,150,1,2,0.19484200050560452,0.1822311318265336,0.0872306220471626,0.0846776611784927,0.1822311318265336,0.0872306220471626,0.0846776611784927
Cosmos3_seed101_0012,150,1,3,0.0,0.2272316173929238,0.1145096962261482,0.0977639116841927,0.0,0.0,0.0
Cosmos3_seed101_0012,150,2,3,1.1250591154581273,0.1586731303108461,0.1315041873350673,0.1249143912485076,0.1586731303108461,0.1315041873350673,0.1249143912485076
Cosmos3_seed101_0012,153,1,2,0.15673510012716968,0.1761595926543399,0.0826583935070014,0.0817498738389781,0.1761595926543399,0.0826583935070014,0.0817498738389781
Cosmos3_seed101_0012,153,1,3,0.0,0.1768807851540673,0.077154318177419,0.061450094307004,0.0,0.0,0.0
Cosmos3_seed101_0012,153,2,3,1.7514712639297108,0.0740819800080583,0.058354590812454,0.0542467776474588,0.0740819800080583,0.058354590812454,0.0542467776474588
Cosmos3_seed101_0012,156,1,2,0.12454553099327655,0.203824564869151,0.0943181148163852,0.0936161062959343,0.203824564869151,0.0943181148163852,0.0936161062959343
Cosmos3_seed101_0012,156,1,3,0.0,0.1540870532640699,0.0638228109675219,0.0500687643986142,0.0,0.0,0.0
Cosmos3_seed101_0012,156,2,3,2.0525790954305907,0.0574515938068958,0.0454085427788947,0.0406451523119644,0.0574515938068958,0.0454085427788947,0.0406451523119644
Cosmos3_seed101_0012,159,1,2,0.12710531595967278,0.2727846824002813,0.1261912939458099,0.1252747264111579,0.2727846824002813,0.1261912939458099,0.1252747264111579
Cosmos3_seed101_0012,159,1,3,0.0,0.0848200702703134,0.0333337783680687,0.0255075356093942,0.0,0.0,0.0
Cosmos3_seed101_0012,159,2,3,2.174214149911671,0.0476502632084713,0.0367295149098859,0.0312026654376834,0.0476502632084713,0.0367295149098859,0.0312026654376834
Cosmos3_seed101_0012,162,1,2,0.12939582222723903,0.2306469649041042,0.1067003403287325,0.1061964046971963,0.2306469649041042,0.1067003403287325,0.1061964046971963
Cosmos3_seed101_0012,162,1,3,0.0,0.0998593314451449,0.0405145486850814,0.0325766919933951,0.0,0.0,0.0
Cosmos3_seed101_0012,162,2,3,2.1314579348196707,0.0442390294950286,0.0357402476944751,0.0313445362496033,0.0442390294950286,0.0357402476944751,0.0313445362496033
Cosmos3_seed101_0012,165,1,2,0.13000076309110128,0.1714135492397597,0.0795666371548072,0.079182495759079,0.1714135492397597,0.0795666371548072,0.079182495759079
Cosmos3_seed101_0012,165,1,3,0.0,0.0987717286366819,0.0399030536348701,0.0320524747823754,0.0,0.0,0.0
Cosmos3_seed101_0012,165,2,3,2.0955919519090926,0.0283150140542906,0.0228546215282311,0.0198912307423921,0.0283150140542906,0.0228546215282311,0.0198912307423921
Cosmos3_seed101_0012,168,1,2,0.12888175317365738,0.1934243485935477,0.0898341538848044,0.0894566541468647,0.1934243485935477,0.0898341538848044,0.0894566541468647
Cosmos3_seed101_0012,168,1,3,0.0,0.1014851759148153,0.0398786397532544,0.033221446100371,0.0,0.0,0.0
Cosmos3_seed101_0012,168,2,3,2.049269344171015,0.0228699333504604,0.019132509017604,0.0161874826269145,0.0228699333504604,0.019132509017604,0.0161874826269145
Cosmos3_seed101_0012,171,1,2,0.12697432360890074,0.1891692548983605,0.0869342798220053,0.0865260944000684,0.1891692548983605,0.0869342798220053,0.0865260944000684
Cosmos3_seed101_0012,174,1,2,0.1250787462528513,0.1958973400677481,0.0904845892661814,0.0899492877078015,0.1958973400677481,0.0904845892661814,0.0899492877078015
Cosmos3_seed101_0012,177,1,2,0.12166807086223895,0.2107462486932147,0.0973475313764143,0.0966914386131798,0.2107462486932147,0.0973475313764143,0.0966914386131798
Cosmos3_seed101_0012,180,1,2,0.13625454487103253,0.2053153733196296,0.0955819499411222,0.0952931432704833,0.2053153733196296,0.0955819499411222,0.0952931432704833
Cosmos3_seed101_0012,183,1,2,0.1362206737563176,0.2364332404335409,0.1095686477837646,0.1093874831934508,0.2364332404335409,0.1095686477837646,0.1093874831934508
Cosmos3_seed101_0012,186,1,2,0.12791515911011972,0.2345848257351961,0.1085624804216636,0.1082425199522245,0.2345848257351961,0.1085624804216636,0.1082425199522245
Cosmos3_seed101_0012,188,1,2,0.14431634097350202,0.2476624451478554,0.1156128225476322,0.114857839316999,0.2476624451478554,0.1156128225476322,0.114857839316999
Cosmos3_seed101_0017,0,1,2,0.0,0.1117281446217934,0.054243930449684,0.0345781218094338,0.0,0.0,0.0
Cosmos3_seed101_0017,0,1,3,0.36059620684491955,0.0532804163773751,0.042033813850155,0.0333701818773388,0.0532804163773751,0.042033813850155,0.0333701818773388
Cosmos3_seed101_0017,3,1,2,0.0,0.1073754541605919,0.052737150462009,0.0336354051906065,0.0,0.0,0.0
Cosmos3_seed101_0017,3,1,3,0.3642499904951515,0.0518172297612597,0.0402011896134128,0.0326296854620331,0.0518172297612597,0.0402011896134128,0.0326296854620331
Cosmos3_seed101_0017,6,1,2,0.0,0.1157911495670682,0.0562478556206333,0.0357763916466076,0.0,0.0,0.0
Cosmos3_seed101_0017,6,1,3,0.3254732893557007,0.0530764590585276,0.0401092550217442,0.0316912544568047,0.0530764590585276,0.0401092550217442,0.0316912544568047
Cosmos3_seed101_0017,9,1,2,0.0,0.1411878010151842,0.0687831631657675,0.0436606168811626,0.0,0.0,0.0
Cosmos3_seed101_0017,9,1,3,0.31805684196218065,0.0519006347709571,0.0393445024900498,0.0307818001304943,0.0519006347709571,0.0393445024900498,0.0307818001304943
Cosmos3_seed101_0017,12,1,2,0.0,0.1347393347144944,0.0659851268571507,0.0416110184992875,0.0,0.0,0.0
Cosmos3_seed101_0017,12,2,3,0.0,0.0776291956817995,0.0199422176564025,0.0134855591536177,0.0,0.0,0.0
Cosmos3_seed101_0017,15,1,2,0.0,0.1284197475722956,0.0614531104756871,0.0395799277861795,0.0,0.0,0.0
Cosmos3_seed101_0017,15,1,3,0.25850319295569896,0.0448601072935872,0.0327572698415634,0.0249958629276602,0.0448601072935872,0.0327572698415634,0.0249958629276602
Cosmos3_seed101_0017,18,1,2,0.0,0.1043229274157839,0.0496057818724451,0.031566904497266,0.0,0.0,0.0
Cosmos3_seed101_0017,18,1,3,0.0,0.0304296940913744,0.0068819365916287,0.0039793354179637,0.0,0.0,0.0
Cosmos3_seed101_0017,21,1,2,0.0,0.1112593453743829,0.0524457219292122,0.0331647921222972,0.0,0.0,0.0
Cosmos3_seed101_0017,21,1,3,0.0,0.0504227422900764,0.0113759139419638,0.0065488963557821,0.0,0.0,0.0
Cosmos3_seed101_0017,24,1,2,0.0,0.1101785422244639,0.0512279111030914,0.0323758014537198,0.0,0.0,0.0
Cosmos3_seed101_0017,24,1,3,0.2898695921249577,0.0498734719174541,0.0352435682449271,0.0263737122306876,0.0498734719174541,0.0352435682449271,0.0263737122306876
Cosmos3_seed101_0017,27,1,2,0.0,0.1085263191896994,0.0494557901109732,0.0315851014971637,0.0,0.0,0.0
Cosmos3_seed101_0017,27,1,3,3.862393083963479,0.0888096760179947,0.0613135784617049,0.0549448309220812,0.0888096760179947,0.0613135784617049,0.0549448309220812
Cosmos3_seed101_0017,27,2,3,1.194160395279685,0.1074429931353694,0.0438763353255339,0.0405881354636794,0.1074429931353694,0.0438763353255339,0.0405881354636794
Cosmos3_seed101_0017,30,1,2,0.0,0.0981922876664923,0.0451230043809539,0.0286428224190793,0.0,0.0,0.0
Cosmos3_seed101_0017,30,1,3,0.2642844502848732,0.0453887682282793,0.0322302682991618,0.0239788065703052,0.0453887682282793,0.0322302682991618,0.0239788065703052
Cosmos3_seed101_0017,33,1,2,0.0,0.130727046597255,0.0604088395063864,0.038257310409472,0.0,0.0,0.0
Cosmos3_seed101_0017,33,1,3,0.2663543444444763,0.0463701413322103,0.0330731988630035,0.0249868751969524,0.0463701413322103,0.0330731988630035,0.0249868751969524
Cosmos3_seed101_0017,36,1,2,0.0,0.1224967702921997,0.0563294364255192,0.0361537437299752,0.0,0.0,0.0
Cosmos3_seed101_0017,36,1,3,0.2917938743811629,0.0413493754435976,0.0305569761906022,0.0234060966928735,0.0413493754435976,0.0305569761906022,0.0234060966928735
Cosmos3_seed101_0017,39,1,2,0.0,0.123422058289039,0.0554688069875633,0.0345965916294094,0.0,0.0,0.0
Cosmos3_seed101_0017,42,1,2,0.0,0.114985513859356,0.0506035968617371,0.0309447555418498,0.0,0.0,0.0
Cosmos3_seed101_0017,42,1,3,0.0,0.0449917401084003,0.0113654953567392,0.0058318362890697,0.0,0.0,0.0
Cosmos3_seed101_0017,45,1,2,0.0,0.119370563730835,0.0516017151233837,0.03131893006732,0.0,0.0,0.0
Cosmos3_seed101_0017,45,1,3,3.303339350242293,0.0843001157964362,0.0559994323733168,0.049190059897577,0.0843001157964362,0.0559994323733168,0.049190059897577
Cosmos3_seed101_0017,45,2,3,0.9590477591828711,0.1071637194034993,0.0406919401472991,0.0371788304232314,0.1071637194034993,0.0406919401472991,0.0371788304232314
Cosmos3_seed101_0017,48,1,2,0.0,0.1182566069146701,0.0513718691026698,0.0314412734792796,0.0,0.0,0.0
Cosmos3_seed101_0017,48,1,3,0.26316959214810237,0.0451337947966867,0.0310428881984551,0.0238627260912361,0.0451337947966867,0.0310428881984551,0.0238627260912361
Cosmos3_seed101_0017,51,1,2,0.0,0.1181858524426446,0.0515190495219646,0.0314494995471185,0.0,0.0,0.0
Cosmos3_seed101_0017,51,1,3,0.996495076782333,0.1417781319182255,0.0499124220359769,0.0423579449458069,0.1417781319182255,0.0499124220359769,0.0423579449458069
Cosmos3_seed101_0017,51,2,3,3.3737085847288997,0.118536043776593,0.0852648609976421,0.0688600182329071,0.118536043776593,0.0852648609976421,0.0688600182329071
Cosmos3_seed101_0017,54,1,2,0.0,0.1119491313210675,0.0498421065362508,0.0310684814712227,0.0,0.0,0.0
Cosmos3_seed101_0017,54,1,3,3.362674022694326,0.1140940977553056,0.0820675141287086,0.0656902092753242,0.1140940977553056,0.0820675141287086,0.0656902092753242
Cosmos3_seed101_0017,54,2,3,1.0399976347644029,0.1227258304209365,0.0437361960289064,0.0379015128122366,0.1227258304209365,0.0437361960289064,0.0379015128122366
Cosmos3_seed101_0017,57,1,2,0.0,0.1064290285781605,0.0498313916615401,0.0323634951688662,0.0,0.0,0.0
Cosmos3_seed101_0017,57,2,3,0.268483245922317,0.0472524727231251,0.0328322671941037,0.0251533136556856,0.0472524727231251,0.0328322671941037,0.0251533136556856
Cosmos3_seed101_0017,60,1,2,0.0,0.1158671287925437,0.0541380637279778,0.0346559999187953,0.0,0.0,0.0
Cosmos3_seed101_0017,60,1,3,0.25687328250408514,0.0529855038347771,0.0377406005568056,0.0286598850243963,0.0529855038347771,0.0377406005568056,0.0286598850243963
Cosmos3_seed101_0017,63,1,2,0.0,0.123405926727438,0.0572035562213682,0.0365515088811285,0.0,0.0,0.0
Cosmos3_seed101_0017,63,1,3,0.2501355729380949,0.0476706847659167,0.0330454469616091,0.0257174547215011,0.0476706847659167,0.0330454469616091,0.0257174547215011
Cosmos3_seed101_0017,66,1,2,0.0,0.110502310679908,0.0477802920905443,0.0284665313852466,0.0,0.0,0.0
Cosmos3_seed101_0017,66,1,3,3.462238065378539,0.0858615443703938,0.0647572520277279,0.0595684506147698,0.0858615443703938,0.0647572520277279,0.0595684506147698
Cosmos3_seed101_0017,66,2,3,0.9225656739077169,0.1126387661425683,0.0529465214307373,0.0418247610693092,0.1126387661425683,0.0529465214307373,0.0418247610693092
Cosmos3_seed101_0017,69,1,2,0.0,0.1115709158030119,0.0479232138018321,0.0284729454527714,0.0,0.0,0.0
Cosmos3_seed101_0017,69,1,3,3.0591421044596543,0.0636188368774882,0.0434660720847956,0.036834308282209,0.0636188368774882,0.0434660720847956,0.036834308282209
Cosmos3_seed101_0017,69,2,3,0.8718525841759975,0.1152569169841716,0.0584197659427623,0.0508020927259869,0.1152569169841716,0.0584197659427623,0.0508020927259869
Cosmos3_seed101_0017,72,1,2,0.0,0.0966289126755035,0.0417565356889966,0.0251264310354511,0.0,0.0,0.0
Cosmos3_seed101_0017,72,1,3,3.6358157349992313,0.07321663928995,0.0562866228128451,0.0533608510690581,0.07321663928995,0.0562866228128451,0.0533608510690581
Cosmos3_seed101_0017,72,2,3,0.9451358974509779,0.0950243000969115,0.0433146182860554,0.0339035703219416,0.0950243000969115,0.0433146182860554,0.0339035703219416
Cosmos3_seed101_0017,75,1,2,0.0,0.086820289739064,0.0392614842030935,0.0249559059118022,0.0,0.0,0.0
Cosmos3_seed101_0017,75,1,3,3.5955985790735085,0.0726327232959273,0.0565197535157388,0.0530343050054572,0.0726327232959273,0.0565197535157388,0.0530343050054572
Cosmos3_seed101_0017,75,2,3,1.0655094655673423,0.0973591613388253,0.0469208297734777,0.0383269604811741,0.0973591613388253,0.0469208297734777,0.0383269604811741
Cosmos3_seed101_0017,78,1,2,0.0,0.104888917053645,0.0485531537896906,0.0306088659071942,0.0,0.0,0.0
Cosmos3_seed101_0017,78,1,3,0.9867105759770127,0.0932809221682932,0.0787106616974415,0.0752056442967783,0.0932809221682932,0.0787106616974415,0.0752056442967783
Cosmos3_seed101_0017,78,2,3,0.06737584649168185,0.1358162891700684,0.0530493951176779,0.0350020400442291,0.1358162891700684,0.0530493951176779,0.0350020400442291
Cosmos3_seed101_0017,81,1,2,0.0,0.0861857986385978,0.0395563574178613,0.0249969258371049,0.0,0.0,0.0
Cosmos3_seed101_0017,81,1,3,0.9914389605968352,0.0999435807432664,0.0839619585214863,0.0799322968903942,0.0999435807432664,0.0839619585214863,0.0799322968903942
Cosmos3_seed101_0017,81,2,3,0.0679420388250214,0.1229680131103989,0.0474133228902138,0.0314724802945861,0.1229680131103989,0.0474133228902138,0.0314724802945861
Cosmos3_seed101_0017,84,1,2,0.0,0.0999569069942913,0.0467596412457699,0.0296460603955797,0.0,0.0,0.0
Cosmos3_seed101_0017,84,1,3,0.9819834240806468,0.1078257785603103,0.0907149565612973,0.0868136175182161,0.1078257785603103,0.0907149565612973,0.0868136175182161
Cosmos3_seed101_0017,84,2,3,0.06980545141921554,0.1387559569436866,0.0546092601278158,0.0361787164129072,0.1387559569436866,0.0546092601278158,0.0361787164129072
Cosmos3_seed101_0017,87,1,2,0.0,0.0972518057931442,0.0431360860799843,0.0270795288433081,0.0,0.0,0.0
Cosmos3_seed101_0017,87,1,3,0.9808538071071058,0.1016420522615724,0.0857476252750978,0.0822123923672962,0.1016420522615724,0.0857476252750978,0.0822123923672962
Cosmos3_seed101_0017,87,2,3,0.060511392080557426,0.1163095701754301,0.0435218341710088,0.0284965557229623,0.1163095701754301,0.0435218341710088,0.0284965557229623
Cosmos3_seed101_0017,90,1,2,0.0,0.0875387305074881,0.0398994118956047,0.0254362108149119,0.0,0.0,0.0
Cosmos3_seed101_0017,90,1,3,0.9806269638292254,0.1047208513697822,0.0882841738432679,0.0845153050488893,0.1047208513697822,0.0882841738432679,0.0845153050488893
Cosmos3_seed101_0017,90,2,3,0.06253461917688927,0.1243470417057923,0.0477805781833087,0.0318188746747361,0.1243470417057923,0.0477805781833087,0.0318188746747361
Cosmos3_seed101_0017,93,1,2,0.0,0.0984237112312887,0.0452969697153962,0.0289579426041013,0.0,0.0,0.0
Cosmos3_seed101_0017,93,1,3,0.9860519036744997,0.1066994981661484,0.0900090389377072,0.0858232759297506,0.1066994981661484,0.0900090389377072,0.0858232759297506
Cosmos3_seed101_0017,93,2,3,0.06775155677165587,0.1357854453309162,0.0527164772895622,0.0353448360651485,0.1357854453309162,0.0527164772895622,0.0353448360651485
Cosmos3_seed101_0017,96,1,2,0.0,0.1180251764479624,0.0542789542983153,0.0350120250236985,0.0,0.0,0.0
Cosmos3_seed101_0017,96,1,3,0.0,0.0421050779645108,0.0100954060318377,0.004910688040805,0.0,0.0,0.0
Cosmos3_seed101_0017,99,1,2,0.0,0.0994404560788859,0.0457346808235435,0.0294573806117143,0.0,0.0,0.0
Cosmos3_seed101_0017,99,2,3,0.2836912973328885,0.0369648776428672,0.0260878674212107,0.0205682563825725,0.0369648776428672,0.0260878674212107,0.0205682563825725
Cosmos3_seed101_0017,102,1,2,0.0,0.0910746361794155,0.0414666403882471,0.0266461645597073,0.0,0.0,0.0
Cosmos3_seed101_0017,102,1,3,0.0,0.0441061296752419,0.0105791876328691,0.0051637788379024,0.0,0.0,0.0
Cosmos3_seed101_0017,105,1,2,0.0,0.086360072207491,0.0396611122376526,0.0255861007544227,0.0,0.0,0.0
Cosmos3_seed101_0017,105,1,3,1.11025849143773,0.1257819400268763,0.0307977197045141,0.029624877761907,0.1257819400268763,0.0307977197045141,0.029624877761907
Cosmos3_seed101_0017,105,2,3,3.1022057140811423,0.105281734968009,0.0561308235175283,0.0348320179490927,0.105281734968009,0.0561308235175283,0.0348320179490927
Cosmos3_seed101_0017,108,1,2,0.0,0.0828537814354783,0.0376240223945392,0.0241562398242177,0.0,0.0,0.0
Cosmos3_seed101_0017,108,1,3,4.087609297410205,0.0661450010582994,0.0242794941485341,0.0195751806649066,0.0661450010582994,0.0242794941485341,0.0195751806649066
Cosmos3_seed101_0017,108,2,3,1.345130949323734,0.0661295694780008,0.011022781322482,0.0087778702146442,0.0661295694780008,0.011022781322482,0.0087778702146442
Cosmos3_seed101_0017,111,1,2,0.0,0.0981705022776138,0.0457660546736005,0.029534317066087,0.0,0.0,0.0
Cosmos3_seed101_0017,111,1,3,4.073577994711968,0.0609694491188297,0.022455975270794,0.01821585641006,0.0609694491188297,0.022455975270794,0.01821585641006
Cosmos3_seed101_0017,111,2,3,1.404596562607127,0.0804703999347902,0.0138171436309904,0.0109921857129216,0.0804703999347902,0.0138171436309904,0.0109921857129216
Cosmos3_seed101_0017,114,1,2,0.0,0.0872288252378511,0.0407925982722284,0.0258710908009199,0.0,0.0,0.0
Cosmos3_seed101_0017,114,1,3,0.978909725283141,0.1045437191610547,0.0865602270112062,0.0814734473075265,0.1045437191610547,0.0865602270112062,0.0814734473075265
Cosmos3_seed101_0017,114,2,3,0.07071685096226747,0.1393312729379218,0.0539498684818283,0.0363518113775718,0.1393312729379218,0.0539498684818283,0.0363518113775718
Cosmos3_seed101_0017,117,1,2,0.0,0.1006785895686711,0.0458809140963706,0.0295962983315767,0.0,0.0,0.0
Cosmos3_seed101_0017,120,1,2,0.0,0.1016160922129142,0.0459113797480852,0.0299150671158362,0.0,0.0,0.0
Cosmos3_seed101_0017,120,1,3,0.06144037070595017,0.1464214429633675,0.0546901233370779,0.0378052170360018,0.1464214429633675,0.0546901233370779,0.0378052170360018
Cosmos3_seed101_0017,120,2,3,0.9835911052027089,0.1085333375466533,0.0897241853067601,0.084573894131946,0.1085333375466533,0.0897241853067601,0.084573894131946
Cosmos3_seed101_0017,123,1,2,0.0,0.1031307620015587,0.0473432400076055,0.0304268364777421,0.0,0.0,0.0
Cosmos3_seed101_0017,123,2,3,0.29022910223026455,0.0469895775655986,0.0338036116288516,0.0263921008603434,0.0469895775655986,0.0338036116288516,0.0263921008603434
Cosmos3_seed101_0017,126,1,2,0.0,0.0888140774468883,0.0406833120732458,0.0262974390270383,0.0,0.0,0.0
Cosmos3_seed101_0017,129,1,2,0.0,0.0856789250941493,0.0392425754097177,0.0253185264311527,0.0,0.0,0.0
Cosmos3_seed101_0017,129,1,3,0.2680636467699792,0.0366135361119581,0.0256822740694504,0.0198460211552511,0.0366135361119581,0.0256822740694504,0.0198460211552511
Cosmos3_seed101_0017,132,1,2,0.0,0.0621114584053508,0.0285673677470164,0.0184276060937665,0.0,0.0,0.0
Cosmos3_seed101_0017,132,1,3,0.30202284564912674,0.0400799189348909,0.0292750255613232,0.022550549745487,0.0400799189348909,0.0292750255613232,0.022550549745487
Cosmos3_seed101_0017,135,1,2,0.0,0.0803400796677989,0.0370286025049899,0.0238931435665503,0.0,0.0,0.0
Cosmos3_seed101_0017,135,1,3,0.3022421158253151,0.0286574758209261,0.0214202386429921,0.0160646564186518,0.0286574758209261,0.0214202386429921,0.0160646564186518
Cosmos3_seed101_0017,138,1,2,0.0,0.0710607904573646,0.0296245720918747,0.01757371111363,0.0,0.0,0.0
Cosmos3_seed101_0017,138,1,3,4.039938957624347,0.1065420315619668,0.0571298361117724,0.0329137820518974,0.1065420315619668,0.0571298361117724,0.0329137820518974
Cosmos3_seed101_0017,138,2,3,1.2555411745700449,0.08313873805846,0.0185852105043397,0.0180497378325199,0.08313873805846,0.0185852105043397,0.0180497378325199
Cosmos3_seed101_0017,141,1,2,0.0,0.0835574068181404,0.035351196423184,0.0209541810244848,0.0,0.0,0.0
Cosmos3_seed101_0017,144,1,2,0.0,0.0904701640994769,0.0416366955706238,0.0269469536994789,0.0,0.0,0.0
Cosmos3_seed101_0017,144,1,3,0.326814035637877,0.0445683940932223,0.033128278872631,0.0248642916573487,0.0445683940932223,0.033128278872631,0.0248642916573487
Cosmos3_seed101_0017,147,1,2,0.0,0.1019297766964114,0.0474512214643643,0.0306198326739578,0.0,0.0,0.0
Cosmos3_seed101_0017,147,1,3,0.0,0.025645333437079,0.0061934168434078,0.0033339841420823,0.0,0.0,0.0
Cosmos3_seed101_0017,150,1,2,0.0,0.091739231540149,0.0429317357709331,0.0274725612616363,0.0,0.0,0.0
Cosmos3_seed101_0017,153,1,2,0.0,0.0873541050820595,0.037155299564678,0.0219219702551534,0.0,0.0,0.0
Cosmos3_seed101_0017,156,1,2,0.0,0.0836680935560807,0.0386774034261043,0.0249816759339892,0.0,0.0,0.0
Cosmos3_seed101_0017,156,1,3,0.29429422128408556,0.043346823080379,0.0316943365829371,0.0241625583633698,0.043346823080379,0.0316943365829371,0.0241625583633698
Cosmos3_seed101_0017,159,1,2,0.0,0.0833911954531565,0.0387250057015308,0.0250938286997936,0.0,0.0,0.0
Cosmos3_seed101_0017,162,1,2,0.0,0.0905779675449435,0.041636438200111,0.0267968819748757,0.0,0.0,0.0
Cosmos3_seed101_0017,162,1,3,0.9828855422991727,0.133701701798316,0.1131024366237426,0.1080460080898576,0.133701701798316,0.1131024366237426,0.1080460080898576
Cosmos3_seed101_0017,162,2,3,0.0667275525576566,0.1078331333809872,0.0419312925823703,0.0282495919110162,0.1078331333809872,0.0419312925823703,0.0282495919110162
Cosmos3_seed101_0017,165,1,2,0.0,0.0812408548324734,0.037360381770863,0.024056116625432,0.0,0.0,0.0
Cosmos3_seed101_0017,165,1,3,0.0,0.0408668295460208,0.0104517283868795,0.0053022347546526,0.0,0.0,0.0
Cosmos3_seed101_0017,168,1,2,0.0,0.0789494705208204,0.0359395162453132,0.0230941209897948,0.0,0.0,0.0
Cosmos3_seed101_0017,168,1,3,0.27742288914055047,0.0587386525974579,0.0415775199788451,0.0316110300866555,0.0587386525974579,0.0415775199788451,0.0316110300866555
Cosmos3_seed101_0017,171,1,2,0.0,0.0885911063168712,0.0404759109887888,0.0259856339497693,0.0,0.0,0.0
Cosmos3_seed101_0017,171,1,3,0.9722759470514701,0.1220437026306172,0.1025536639094294,0.097567695890027,0.1220437026306172,0.1025536639094294,0.097567695890027
Cosmos3_seed101_0017,171,2,3,0.06390354982819588,0.140838862059286,0.0540710521356726,0.0364877124298418,0.140838862059286,0.0540710521356726,0.0364877124298418
Cosmos3_seed101_0017,174,1,2,0.0,0.0749439061617762,0.0343842044372435,0.0220653725643644,0.0,0.0,0.0
Cosmos3_seed101_0017,174,1,3,0.3253371819162768,0.0396701067481516,0.0294940408442309,0.0227375782261305,0.0396701067481516,0.0294940408442309,0.0227375782261305
Cosmos3_seed101_0017,177,1,2,0.0,0.0782802566145541,0.0364308145497118,0.0233925344621718,0.0,0.0,0.0
Cosmos3_seed101_0017,177,1,3,0.3177530145534155,0.0416853949590014,0.0310517026461469,0.0238372496699025,0.0416853949590014,0.0310517026461469,0.0238372496699025
Cosmos3_seed101_0017,180,1,2,0.0,0.0904732636219242,0.0429194535866531,0.0275795304650125,0.0,0.0,0.0
Cosmos3_seed101_0017,180,1,3,0.30240244935923466,0.0411028446230568,0.0309003746444188,0.0239270704894043,0.0411028446230568,0.0309003746444188,0.0239270704894043
Cosmos3_seed101_0017,183,1,2,0.0,0.0794787160219003,0.0372973580692181,0.0244108307764831,0.0,0.0,0.0
Cosmos3_seed101_0017,183,1,3,0.3127273832901111,0.0414880391632069,0.0313816072133706,0.024572396073166,0.0414880391632069,0.0313816072133706,0.024572396073166
Cosmos3_seed101_0017,186,1,2,0.0,0.0767007417351368,0.0359022352266661,0.0234156809069919,0.0,0.0,0.0
Cosmos3_seed101_0017,188,1,2,0.0,0.0693805313460449,0.0326751619199627,0.0211855698988458,0.0,0.0,0.0
Cosmos3_seed101_0017,188,1,3,0.29560868588855205,0.0340366719383977,0.0252341265773745,0.0195651055825973,0.0340366719383977,0.0252341265773745,0.0195651055825973
Cosmos3_seed101_0020,120,1,2,4.677117749937243,0.0984838264687356,0.0625398914828275,0.0605498009132681,0.0984838264687356,0.0625398914828275,0.0605498009132681
Cosmos3_seed101_0020,120,1,3,0.6863390915126494,0.0728637378155994,0.0524207985307459,0.0498164791543057,0.0728637378155994,0.0524207985307459,0.0498164791543057
Cosmos3_seed101_0020,120,2,3,3.6424042023993675,0.0751369159918591,0.0343271510128876,0.0336939216799026,0.0751369159918591,0.0343271510128876,0.0336939216799026
Cosmos3_seed101_0020,126,2,3,0.0,0.2122378104903939,0.1651172846320488,0.1579972426702212,0.0,0.0,0.0
Cosmos3_seed101_0020,129,2,3,0.0,0.2353177001805861,0.1842885207180909,0.1728784392762691,0.0,0.0,0.0
Cosmos3_seed101_0020,132,2,3,0.0,0.3648290539884959,0.3326461136251485,0.3230614354195387,0.0,0.0,0.0
Cosmos3_seed101_0020,135,1,3,0.0,0.3632572981247848,0.3472195269285093,0.3431096867095281,0.0,0.0,0.0
Cosmos3_seed101_0020,138,1,3,0.03473676200183909,0.4124385921641501,0.3896924982991044,0.3748609024959577,0.4124385921641501,0.3896924982991044,0.3748609024959577
Cosmos3_seed101_0020,141,1,2,0.23645510100972267,0.5523072717863773,0.4754055045441931,0.470996286247772,0.5523072717863773,0.4754055045441931,0.470996286247772
Cosmos3_seed101_0020,144,1,2,0.3037093682048307,0.5444430877052375,0.3887981557541136,0.3526669306006774,0.5444430877052375,0.3887981557541136,0.3526669306006774
Cosmos3_seed101_0020,147,1,2,0.3053658157823782,0.4699975409750458,0.3110461428549139,0.2734222846013654,0.4699975409750458,0.3110461428549139,0.2734222846013654
Cosmos3_seed101_0020,150,1,2,0.28212538968310097,0.3388847380760086,0.2187872305592343,0.189314063730551,0.3388847380760086,0.2187872305592343,0.189314063730551
Cosmos3_seed101_0020,153,1,2,0.2650424906485258,0.3356370892824851,0.2178303268983384,0.1835919256437511,0.3356370892824851,0.2178303268983384,0.1835919256437511
Cosmos3_seed101_0020,156,1,2,0.25565923994777695,0.3646823171752609,0.2407929369431778,0.2033881704732759,0.3646823171752609,0.2407929369431778,0.2033881704732759
Cosmos3_seed101_0020,159,1,2,0.2116446329167687,0.3972640814103626,0.2674540368728691,0.2257245777118467,0.3972640814103626,0.2674540368728691,0.2257245777118467
Cosmos3_seed101_0020,162,1,2,0.1621743690991694,0.384226054682641,0.264150502994809,0.2205056275372048,0.384226054682641,0.264150502994809,0.2205056275372048
Cosmos3_seed101_0020,165,1,2,0.1361693232059865,0.4748447555515186,0.3250642362258517,0.269868706991334,0.4748447555515186,0.3250642362258517,0.269868706991334
Cosmos3_seed101_0020,168,1,2,0.11015901283163602,0.4975433665930569,0.3311701349987148,0.2790943164970673,0.4975433665930569,0.3311701349987148,0.2790943164970673
Cosmos3_seed101_0020,171,1,2,0.13698235925352895,0.478708125363884,0.3390078948606467,0.276901117405558,0.478708125363884,0.3390078948606467,0.276901117405558
Cosmos3_seed101_0020,174,1,2,0.2041020604890012,0.5694300279739486,0.4020933897841711,0.3422765739136814,0.5694300279739486,0.4020933897841711,0.3422765739136814
Cosmos3_seed101_0020,177,1,2,0.18751675490624112,0.6155322446575117,0.4357697536663599,0.3697465657210167,0.6155322446575117,0.4357697536663599,0.3697465657210167
Cosmos3_seed101_0020,180,1,2,0.15229957366451832,0.5995513688480552,0.4320850903874059,0.3610868566226878,0.5995513688480552,0.4320850903874059,0.3610868566226878
Cosmos3_seed101_0020,183,1,2,0.14664485793046397,0.5673175187934107,0.4092521879768722,0.3422170105250633,0.5673175187934107,0.4092521879768722,0.3422170105250633
Cosmos3_seed101_0020,186,1,2,0.1927227049154327,0.6429967508173098,0.4621419635009008,0.3919675134569025,0.6429967508173098,0.4621419635009008,0.3919675134569025
Cosmos3_seed101_0020,188,1,2,0.1993376710818539,0.6296789351817654,0.4521188506481642,0.3856377255349658,0.6296789351817654,0.4521188506481642,0.3856377255349658
Cosmos3_seed101_0027,0,1,2,0.0,0.0029072465400831,0.0003312779819751,0.000258474340012,0.0,0.0,0.0
Cosmos3_seed101_0027,0,1,3,0.9116837771167662,0.027139003821003,0.0077033472922509,0.0048406487990543,0.027139003821003,0.0077033472922509,0.0048406487990543
Cosmos3_seed101_0027,3,1,2,6.382493909417248,0.0461882259425692,0.0410029103423428,0.036948523611094,0.0461882259425692,0.0410029103423428,0.036948523611094
Cosmos3_seed101_0027,3,1,3,0.9117559980048461,0.0393267841238949,0.0111443509862164,0.006992765815008,0.0393267841238949,0.0111443509862164,0.006992765815008
Cosmos3_seed101_0027,3,2,3,0.06507735710815106,0.090543749317805,0.028473602347236,0.0158606148857588,0.090543749317805,0.028473602347236,0.0158606148857588
Cosmos3_seed101_0027,6,1,2,0.9030694048313228,0.0452265906906134,0.0127874493356875,0.008057179690449,0.0452265906906134,0.0127874493356875,0.008057179690449
Cosmos3_seed101_0027,6,1,3,6.346911622022092,0.0407381610030602,0.0358994358028528,0.0322318244159997,0.0407381610030602,0.0358994358028528,0.0322318244159997
Cosmos3_seed101_0027,6,2,3,0.06338793297779582,0.0741121232778508,0.0233389904274126,0.0129588777292705,0.0741121232778508,0.0233389904274126,0.0129588777292705
Cosmos3_seed101_0027,9,1,2,6.420593490838575,0.0513868016974127,0.0454780527038049,0.0411780957983184,0.0513868016974127,0.0454780527038049,0.0411780957983184
Cosmos3_seed101_0027,9,1,3,0.0,0.002270455649367,0.0002579606300783,0.000201403502325,0.0,0.0,0.0
Cosmos3_seed101_0027,12,1,2,6.461045353576526,0.0428814594728861,0.037992235186874,0.0345218424247616,0.0428814594728861,0.037992235186874,0.0345218424247616
Cosmos3_seed101_0027,12,1,3,0.0,0.0054759080284483,0.0006187453829721,0.0004836034917349,0.0,0.0,0.0
Cosmos3_seed101_0027,15,1,2,0.9145163717442342,0.0608360921504327,0.0171501142270673,0.0107569318236008,0.0608360921504327,0.0171501142270673,0.0107569318236008
Cosmos3_seed101_0027,15,1,3,0.0,0.0045814100430621,0.0005112777505182,0.0004027647950576,0.0,0.0,0.0
Cosmos3_seed101_0027,18,1,2,6.2404021731580475,0.04063822492892,0.035916494008944,0.0324077767264016,0.04063822492892,0.035916494008944,0.0324077767264016
Cosmos3_seed101_0027,18,1,3,0.0,0.0086713692064918,0.0009654446256517,0.0007696141765426,0.0,0.0,0.0
Cosmos3_seed101_0027,21,1,2,6.177325820276394,0.029853679390922,0.0260521973867559,0.0237361163652372,0.029853679390922,0.0260521973867559,0.0237361163652372
Cosmos3_seed101_0027,21,1,3,0.0,0.0109698842689095,0.0012089264099839,0.0009702136633859,0.0,0.0,0.0
Cosmos3_seed101_0027,24,1,2,0.0,0.0175047482618363,0.0019080675343891,0.0015484131319551,0.0,0.0,0.0
Cosmos3_seed101_0027,24,1,3,0.9132067165622456,0.0506975145721688,0.0143511365466353,0.0091750374837156,0.0506975145721688,0.0143511365466353,0.0091750374837156
Cosmos3_seed101_0027,27,1,2,6.194029068617102,0.0427608262183201,0.0371585560347257,0.0337966524914715,0.0427608262183201,0.0371585560347257,0.0337966524914715
Cosmos3_seed101_0027,27,1,3,1.2074427011038755,0.0117720583407809,0.0040622721603915,0.0030961479394458,0.0117720583407809,0.0040622721603915,0.0030961479394458
Cosmos3_seed101_0027,27,2,3,0.08595222045821563,0.0569732744917613,0.022624294767613,0.0156834857938834,0.0569732744917613,0.022624294767613,0.0156834857938834
Cosmos3_seed101_0027,30,1,2,6.271295724974694,0.0393676446227493,0.0344944325905048,0.0312927012260509,0.0393676446227493,0.0344944325905048,0.0312927012260509
Cosmos3_seed101_0027,30,1,3,1.189210119275072,0.0151901792576566,0.0051875194561137,0.0039579612611355,0.0151901792576566,0.0051875194561137,0.0039579612611355
Cosmos3_seed101_0027,30,2,3,0.08682799925281012,0.0818679452061536,0.0319081155380404,0.0220854882462315,0.0818679452061536,0.0319081155380404,0.0220854882462315
Cosmos3_seed101_0027,33,1,2,6.265493699711725,0.0386100189661104,0.033814913298858,0.0308508154315026,0.0386100189661104,0.033814913298858,0.0308508154315026
Cosmos3_seed101_0027,33,1,3,1.2236344216562727,0.0278294805944803,0.0096190210167582,0.007259793443342,0.0278294805944803,0.0096190210167582,0.007259793443342
Cosmos3_seed101_0027,33,2,3,0.08597092614296144,0.0512847654617187,0.020239784461199,0.0139366259246484,0.0512847654617187,0.020239784461199,0.0139366259246484
Cosmos3_seed101_0027,36,1,2,6.267163614999183,0.0485650159154141,0.0424225599658109,0.0385734644618748,0.0485650159154141,0.0424225599658109,0.0385734644618748
Cosmos3_seed101_0027,36,2,3,0.0,0.0241706352136727,0.0031059700593604,0.0022889155720305,0.0,0.0,0.0
Cosmos3_seed101_0027,39,1,2,0.16470167537084307,0.0615050666068695,0.0491238753928917,0.0476295430334486,0.0615050666068695,0.0491238753928917,0.0476295430334486
Cosmos3_seed101_0027,42,1,3,1.2398175388515302,0.0775991105376875,0.0270592310478823,0.0202091916252716,0.0775991105376875,0.0270592310478823,0.0202091916252716
Cosmos3_seed101_0027,42,2,3,0.8885305146968121,0.1137804233092801,0.1051715897573729,0.1024391579933135,0.1137804233092801,0.1051715897573729,0.1024391579933135
Cosmos3_seed101_0027,45,1,2,0.0,0.0504603215901129,0.0413195331262637,0.039537352637385,0.0,0.0,0.0
Cosmos3_seed101_0027,45,1,3,6.275663961103198,0.0762805927494885,0.0663999390331241,0.0612046778371576,0.0762805927494885,0.0663999390331241,0.0612046778371576
Cosmos3_seed101_0027,45,2,3,5.9402763702997206,0.1097741807678197,0.1032647207512946,0.0994756372899197,0.1097741807678197,0.1032647207512946,0.0994756372899197
Cosmos3_seed101_0027,48,1,2,0.0,0.0819177213025274,0.0674595503438913,0.0658680585051591,0.0,0.0,0.0
Cosmos3_seed101_0027,48,1,3,0.0,0.0932163949686305,0.0661987946735544,0.0499803947308292,0.0,0.0,0.0
Cosmos3_seed101_0027,48,2,3,0.3913112734292851,0.0877060173062159,0.0512923678499518,0.0396616636687872,0.0877060173062159,0.0512923678499518,0.0396616636687872
Cosmos3_seed101_0027,51,1,3,0.31039842790525807,0.1247449628705249,0.0688883178941287,0.0512752192154213,0.1247449628705249,0.0688883178941287,0.0512752192154213
Cosmos3_seed101_0027,51,2,3,0.0,0.1435284412804754,0.1300452664492166,0.1183628660123674,0.0,0.0,0.0
Cosmos3_seed101_0027,54,1,3,0.28705666035307503,0.1285579041003881,0.0726321916981406,0.0552347606375179,0.1285579041003881,0.0726321916981406,0.0552347606375179
Cosmos3_seed101_0027,54,2,3,0.0,0.1499115416279414,0.1341180827336652,0.1203446929898775,0.0,0.0,0.0
Cosmos3_seed101_0027,57,1,3,0.26475594519103607,0.1324012673183706,0.0760847640021494,0.0581581505829224,0.1324012673183706,0.0760847640021494,0.0581581505829224
Cosmos3_seed101_0027,57,2,3,0.0,0.1638637003483522,0.144661702859425,0.1280610324168861,0.0,0.0,0.0
Cosmos3_seed101_0027,60,1,3,0.26342490609263547,0.1197123256258827,0.0691962974415563,0.0532085068145707,0.1197123256258827,0.0691962974415563,0.0532085068145707
Cosmos3_seed101_0027,60,2,3,0.0,0.1595269478772193,0.1412559695452447,0.1254038779935171,0.0,0.0,0.0
Cosmos3_seed101_0027,63,1,2,0.0,0.1077649164150442,0.0930428224945061,0.0916001913268441,0.0,0.0,0.0
Cosmos3_seed101_0027,63,1,3,6.439301902758815,0.0585585137513116,0.0515063229300613,0.0494150082982943,0.0585585137513116,0.0515063229300613,0.0494150082982943
Cosmos3_seed101_0027,63,2,3,6.242010931299291,0.099636450045079,0.0970963864561575,0.0953099071886002,0.099636450045079,0.0970963864561575,0.0953099071886002
Cosmos3_seed101_0027,66,1,2,0.0,0.1108686674942605,0.0968938118129264,0.0967500406348928,0.0,0.0,0.0
Cosmos3_seed101_0027,66,1,3,6.447632167863275,0.0652742917653843,0.0573679515866678,0.0545542775663314,0.0652742917653843,0.0573679515866678,0.0545542775663314
Cosmos3_seed101_0027,66,2,3,6.324513785087422,0.1023034020385698,0.0971414667934903,0.0965972350976926,0.1023034020385698,0.0971414667934903,0.0965972350976926
Cosmos3_seed101_0027,69,1,2,0.0,0.0854610223537739,0.0767584983319519,0.0763749176504282,0.0,0.0,0.0
Cosmos3_seed101_0027,69,1,3,6.447311276009843,0.0697655959646518,0.0631282987891448,0.0591959236566426,0.0697655959646518,0.0631282987891448,0.0591959236566426
Cosmos3_seed101_0027,69,2,3,6.311894154622623,0.1366740820779919,0.1288040729280763,0.127851316571648,0.1366740820779919,0.1288040729280763,0.127851316571648
Cosmos3_seed101_0027,72,1,2,0.0,0.1034319256617079,0.0923966896566931,0.0914210197683883,0.0,0.0,0.0
Cosmos3_seed101_0027,72,1,3,6.42079504136929,0.0668986155560538,0.0601382447065601,0.0567728971029876,0.0668986155560538,0.0601382447065601,0.0567728971029876
Cosmos3_seed101_0027,72,2,3,6.265293974620144,0.1717924423520381,0.1604663641202341,0.1594601602696938,0.1717924423520381,0.1604663641202341,0.1594601602696938
Cosmos3_seed101_0027,75,1,2,0.0,0.0979958358569169,0.0882357293508399,0.0863927997721462,0.0,0.0,0.0
Cosmos3_seed101_0027,75,1,3,6.427432995377239,0.0609500519671073,0.0551787320766745,0.0523426034752322,0.0609500519671073,0.0551787320766745,0.0523426034752322
Cosmos3_seed101_0027,75,2,3,6.300424686885087,0.1597243557254437,0.1483500910402211,0.1475458636644752,0.1597243557254437,0.1483500910402211,0.1475458636644752
Cosmos3_seed101_0027,78,1,2,0.0,0.0978500405751805,0.0891140257997669,0.0888998622583944,0.0,0.0,0.0
Cosmos3_seed101_0027,78,1,3,6.330112200597489,0.0778174681494028,0.0684892488939943,0.0644308296362727,0.0778174681494028,0.0684892488939943,0.0644308296362727
Cosmos3_seed101_0027,78,2,3,6.28491235897153,0.088047076607962,0.0826306721109064,0.0798548941733903,0.088047076607962,0.0826306721109064,0.0798548941733903
Cosmos3_seed101_0027,81,1,2,0.0,0.1189743582931858,0.1107909380206956,0.1104369279061366,0.0,0.0,0.0
Cosmos3_seed101_0027,81,1,3,6.274317362221731,0.0821372584075493,0.0719678169042794,0.0667706822198408,0.0821372584075493,0.0719678169042794,0.0667706822198408
Cosmos3_seed101_0027,81,2,3,6.255678629001664,0.0882701443984013,0.0821582621083376,0.0773033832812101,0.0882701443984013,0.0821582621083376,0.0773033832812101
Cosmos3_seed101_0027,84,1,2,0.0,0.1184011746519302,0.1115134156209041,0.1106440217022538,0.0,0.0,0.0
Cosmos3_seed101_0027,84,1,3,6.215966671199632,0.0811018464700623,0.0705360323257518,0.0641648955374666,0.0811018464700623,0.0705360323257518,0.0641648955374666
Cosmos3_seed101_0027,84,2,3,6.208084700264719,0.1229121726967998,0.1126887406771793,0.1040614092565599,0.1229121726967998,0.1126887406771793,0.1040614092565599
Cosmos3_seed101_0027,87,1,2,0.0,0.1016759352326784,0.0964931699879702,0.094842524186456,0.0,0.0,0.0
Cosmos3_seed101_0027,87,1,3,0.3837252034473285,0.0748689102481708,0.0446364001822253,0.0352049120303258,0.0748689102481708,0.0446364001822253,0.0352049120303258
Cosmos3_seed101_0027,87,2,3,0.0,0.1129856676566881,0.0709794465644145,0.0569560915915109,0.0,0.0,0.0
Cosmos3_seed101_0027,90,1,2,0.0,0.0687416063972926,0.0654582846987224,0.0636894517584952,0.0,0.0,0.0
Cosmos3_seed101_0027,90,1,3,1.204692632164234,0.0171891572484669,0.0058722685515585,0.0043879743035368,0.0171891572484669,0.0058722685515585,0.0043879743035368
Cosmos3_seed101_0027,90,2,3,1.1674026217131572,0.0394311741121017,0.0141464050535947,0.0108642904150838,0.0394311741121017,0.0141464050535947,0.0108642904150838
Cosmos3_seed101_0027,93,1,2,6.274562481317432,0.0843422676416441,0.0736021007569496,0.0672807156565753,0.0843422676416441,0.0736021007569496,0.0672807156565753
Cosmos3_seed101_0027,93,1,3,0.0,0.0776540915707494,0.0359791921925943,0.0254932332771035,0.0,0.0,0.0
Cosmos3_seed101_0027,93,2,3,3.0905672722716697,0.0870233346472934,0.046203816351671,0.0299262123218294,0.0870233346472934,0.046203816351671,0.0299262123218294
Cosmos3_seed101_0027,96,1,2,0.0,0.087286720855068,0.0848893733430296,0.0825943995977099,0.0,0.0,0.0
Cosmos3_seed101_0027,96,1,3,6.295364194347994,0.0907160285254396,0.0793628124496661,0.0727686706955394,0.0907160285254396,0.0793628124496661,0.0727686706955394
Cosmos3_seed101_0027,96,2,3,6.2751471995328805,0.1041192247690383,0.0928460573984229,0.0834832244238973,0.1041192247690383,0.0928460573984229,0.0834832244238973
Cosmos3_seed101_0027,99,1,2,6.326382005529407,0.0676441644311294,0.0596719152444386,0.0548589965914684,0.0676441644311294,0.0596719152444386,0.0548589965914684
Cosmos3_seed101_0027,99,1,3,0.0,0.0984644053398172,0.0943537782894039,0.0942867612773374,0.0,0.0,0.0
Cosmos3_seed101_0027,99,2,3,6.341837961944951,0.1001921158853547,0.0882655972161162,0.0778076909466208,0.1001921158853547,0.0882655972161162,0.0778076909466208
Cosmos3_seed101_0027,102,1,2,0.0,0.1072966358340469,0.1025665073375633,0.1016022210398291,0.0,0.0,0.0
Cosmos3_seed101_0027,102,1,3,6.265037086428992,0.067750445333868,0.0593924293674937,0.0540123349244198,0.067750445333868,0.0593924293674937,0.0540123349244198
Cosmos3_seed101_0027,102,2,3,6.286265333066538,0.109056090255342,0.0948050010772469,0.0838981816272561,0.109056090255342,0.0948050010772469,0.0838981816272561
Cosmos3_seed101_0027,105,1,2,0.0,0.1154026357443897,0.1087024551047518,0.1064155419882246,0.0,0.0,0.0
Cosmos3_seed101_0027,105,1,3,6.299853990186044,0.0634838832898626,0.05582061113857,0.0514407765857311,0.0634838832898626,0.05582061113857,0.0514407765857311
Cosmos3_seed101_0027,105,2,3,6.327966915266257,0.0904465373208625,0.0778554027328807,0.0675811083352172,0.0904465373208625,0.0778554027328807,0.0675811083352172
Cosmos3_seed101_0027,108,1,2,6.3928816777978605,0.0595731740932959,0.0530462338717658,0.0495313513422567,0.0595731740932959,0.0530462338717658,0.0495313513422567
Cosmos3_seed101_0027,108,1,3,0.0,0.0862081358735106,0.0780598310569578,0.0754816218190937,0.0,0.0,0.0
Cosmos3_seed101_0027,108,2,3,6.415272460115833,0.1126551622520565,0.0952480452072495,0.0820112634861014,0.1126551622520565,0.0952480452072495,0.0820112634861014
Cosmos3_seed101_0027,111,1,2,0.0,0.0932120813330351,0.0813470664815946,0.0767533396901991,0.0,0.0,0.0
Cosmos3_seed101_0027,111,1,3,6.338169836498612,0.0630275005753233,0.0556794813875368,0.0516494499230785,0.0630275005753233,0.0556794813875368,0.0516494499230785
Cosmos3_seed101_0027,111,2,3,6.381523953328719,0.1064212334205122,0.0861526216770326,0.0718106701612864,0.1064212334205122,0.0861526216770326,0.0718106701612864
Cosmos3_seed101_0027,114,1,2,6.38276937592757,0.0513676004936114,0.0457141706056277,0.0426621517803308,0.0513676004936114,0.0457141706056277,0.0426621517803308
Cosmos3_seed101_0027,114,1,3,1.2322268967194345,0.0696037551263471,0.0240339102240865,0.0179003345939538,0.0696037551263471,0.0240339102240865,0.0179003345939538
Cosmos3_seed101_0027,114,2,3,0.0869332029343883,0.1191264331967031,0.0462208935677587,0.0321267625414855,0.1191264331967031,0.0462208935677587,0.0321267625414855
Cosmos3_seed101_0027,117,1,2,6.32820691415586,0.0514259052398169,0.0454243930902589,0.0420399129289135,0.0514259052398169,0.0454243930902589,0.0420399129289135
Cosmos3_seed101_0027,117,1,3,0.4200605415016639,0.0518917396837996,0.0320603307581159,0.0260442981731831,0.0518917396837996,0.0320603307581159,0.0260442981731831
Cosmos3_seed101_0027,117,2,3,4.456359965018259,0.1248145246159825,0.0873027062751612,0.0656364435492215,0.1248145246159825,0.0873027062751612,0.0656364435492215
Cosmos3_seed101_0027,120,1,2,6.400956473983444,0.0613723771977221,0.055148303259614,0.0513068162325819,0.0613723771977221,0.055148303259614,0.0513068162325819
Cosmos3_seed101_0027,120,1,3,0.0,0.0574809039914711,0.0458521277964947,0.0376284357628695,0.0,0.0,0.0
Cosmos3_seed101_0027,120,2,3,6.483363546008916,0.126344541921269,0.0931691997625743,0.0691434715550077,0.126344541921269,0.0931691997625743,0.0691434715550077
Cosmos3_seed101_0027,123,1,2,6.440467408731917,0.0669705670843968,0.0605572285766911,0.0564564145202848,0.0669705670843968,0.0605572285766911,0.0564564145202848
Cosmos3_seed101_0027,123,1,3,1.0243395408612013,0.0702019993860719,0.0218296384831813,0.0153214443790176,0.0702019993860719,0.0218296384831813,0.0153214443790176
Cosmos3_seed101_0027,123,2,3,0.07099312627238258,0.0946340732884771,0.032543374278177,0.0212942843122165,0.0946340732884771,0.032543374278177,0.0212942843122165
Cosmos3_seed101_0027,126,1,2,6.336744999607952,0.0768237801231556,0.0693548118686502,0.0647037922802227,0.0768237801231556,0.0693548118686502,0.0647037922802227
Cosmos3_seed101_0027,126,1,3,0.0,0.057736040299182,0.0273997341626177,0.0182687408980725,0.0,0.0,0.0
Cosmos3_seed101_0027,126,2,3,3.102015063048489,0.0837271351243998,0.0440133737721725,0.027377895684224,0.0837271351243998,0.0440133737721725,0.027377895684224
Cosmos3_seed101_0027,129,1,2,1.1568720567481499,0.0499604401478309,0.0171671186680789,0.0128749731039208,0.0499604401478309,0.0171671186680789,0.0128749731039208
Cosmos3_seed101_0027,129,1,3,0.0,0.0519946803009717,0.0241317662331007,0.0154203557294204,0.0,0.0,0.0
Cosmos3_seed101_0027,129,2,3,0.9602625147934899,0.0657267464067195,0.0486612309122115,0.0414609693963607,0.0657267464067195,0.0486612309122115,0.0414609693963607
Cosmos3_seed101_0027,132,1,2,6.08451317486178,0.0822772491457313,0.0724206021113694,0.0660626508451018,0.0822772491457313,0.0724206021113694,0.0660626508451018
Cosmos3_seed101_0027,132,1,3,1.1560029327325247,0.0411314760325887,0.0143236876702127,0.0107737132114101,0.0411314760325887,0.0143236876702127,0.0107737132114101
Cosmos3_seed101_0027,132,2,3,0.09189415100556803,0.069119271491449,0.0273462217866674,0.0187629778098744,0.069119271491449,0.0273462217866674,0.0187629778098744
Cosmos3_seed101_0027,135,1,2,1.1578279294683183,0.0443991935005103,0.0155239889050764,0.0115859827848112,0.0443991935005103,0.0155239889050764,0.0115859827848112
Cosmos3_seed101_0027,135,1,3,6.030014743047421,0.0810556887145194,0.0710889998679083,0.0650033180220163,0.0810556887145194,0.0710889998679083,0.0650033180220163
Cosmos3_seed101_0027,135,2,3,0.09273711358039537,0.059699558531388,0.0238001918520719,0.0162421356793118,0.059699558531388,0.0238001918520719,0.0162421356793118
Cosmos3_seed101_0027,138,1,3,1.1200718832874896,0.016277668367902,0.0056573947117382,0.0042960234478441,0.016277668367902,0.0056573947117382,0.0042960234478441
Cosmos3_seed101_0027,138,2,3,0.8230225950069607,0.0592143117776584,0.0494421120638704,0.0483651511113036,0.0592143117776584,0.0494421120638704,0.0483651511113036
Cosmos3_seed101_0027,141,1,2,1.1077945089136756,0.017367843314712,0.006021009334743,0.0045679732261722,0.017367843314712,0.006021009334743,0.0045679732261722
Cosmos3_seed101_0027,141,1,3,0.0,0.0190758198380193,0.0022432163597626,0.0017670676099206,0.0,0.0,0.0
Cosmos3_seed101_0027,144,1,2,0.6247338118983072,0.0221261451012696,0.0131380961935537,0.0079877175853722,0.0221261451012696,0.0131380961935537,0.0079877175853722
Cosmos3_seed101_0027,144,1,3,1.1193926361980102,0.007059057731331,0.0024467572388935,0.0018413227893427,0.007059057731331,0.0024467572388935,0.0018413227893427
Cosmos3_seed101_0027,144,2,3,1.3215030399040102,0.0241990645507994,0.0050995633399517,0.0040236539735815,0.0241990645507994,0.0050995633399517,0.0040236539735815
Cosmos3_seed101_0027,147,1,2,1.1190067083486577,0.0294350565387144,0.0102743462721683,0.0077443153887016,0.0294350565387144,0.0102743462721683,0.0077443153887016
Cosmos3_seed101_0027,147,1,3,6.0415174945966115,0.0392417438045969,0.0349230345924448,0.0317884177183523,0.0392417438045969,0.0349230345924448,0.0317884177183523
Cosmos3_seed101_0027,147,2,3,0.08935694703180883,0.0634760517188921,0.024896342698871,0.0170813158566203,0.0634760517188921,0.024896342698871,0.0170813158566203
Cosmos3_seed101_0027,150,1,2,1.110177508802505,0.0251130309584342,0.0087282236612177,0.0066079249691975,0.0251130309584342,0.0087282236612177,0.0066079249691975
Cosmos3_seed101_0027,150,1,3,6.051521803666262,0.0447989509205917,0.0398975340509824,0.0362359449832571,0.0447989509205917,0.0398975340509824,0.0362359449832571
Cosmos3_seed101_0027,150,2,3,0.08798090402457814,0.0541905430840246,0.0211481327517351,0.0145413524862037,0.0541905430840246,0.0211481327517351,0.0145413524862037
Cosmos3_seed101_0027,153,1,2,6.048756271297514,0.0789865968336439,0.0702304224558417,0.0638866404768776,0.0789865968336439,0.0702304224558417,0.0638866404768776
Cosmos3_seed101_0027,153,1,3,1.126011163670479,0.0179980824209756,0.0062849538095821,0.004737091509323,0.0179980824209756,0.0062849538095821,0.004737091509323
Cosmos3_seed101_0027,153,2,3,0.08816111649857046,0.0516562816109462,0.0202874338435366,0.0139098219507583,0.0516562816109462,0.0202874338435366,0.0139098219507583
Cosmos3_seed101_0027,156,1,2,6.06743825952707,0.0886757832058739,0.0790749714317736,0.0721916752939325,0.0886757832058739,0.0790749714317736,0.0721916752939325
Cosmos3_seed101_0027,156,1,3,1.1218741106949555,0.0309928701041352,0.0107793480215109,0.0080712095502652,0.0309928701041352,0.0107793480215109,0.0080712095502652
Cosmos3_seed101_0027,156,2,3,0.08436124300233963,0.0610972051192963,0.0238296701522308,0.01628966813521,0.0610972051192963,0.0238296701522308,0.01628966813521
Cosmos3_seed101_0027,159,1,2,6.050350090955109,0.0723006596827755,0.06404982402857,0.0587761602237405,0.0723006596827755,0.06404982402857,0.0587761602237405
Cosmos3_seed101_0027,159,1,3,1.1187217936116283,0.0287791203553049,0.0099773101993278,0.0074904216040791,0.0287791203553049,0.0099773101993278,0.0074904216040791
Cosmos3_seed101_0027,159,2,3,0.08475645320324918,0.0495600665191901,0.0193951060684524,0.0133618999938322,0.0495600665191901,0.0193951060684524,0.0133618999938322
Cosmos3_seed101_0027,162,1,2,6.065619471035306,0.0854756284749055,0.075736889895359,0.0691062978220624,0.0854756284749055,0.075736889895359,0.0691062978220624
Cosmos3_seed101_0027,162,1,3,0.9496214482723163,0.0987057424441129,0.0306277938786017,0.0209767693326,0.0987057424441129,0.0306277938786017,0.0209767693326
Cosmos3_seed101_0027,162,2,3,0.06470350914319699,0.1170314033320005,0.0409836415578598,0.025612005823894,0.1170314033320005,0.0409836415578598,0.025612005823894
Cosmos3_seed101_0027,165,1,3,6.189930223933699,0.0722970780136249,0.0654615862924132,0.0610387002106906,0.0722970780136249,0.0654615862924132,0.0610387002106906
Cosmos3_seed101_0027,165,2,3,3.805676358611853,0.0766621002728982,0.0493875906406534,0.0350357125871395,0.0766621002728982,0.0493875906406534,0.0350357125871395
Cosmos3_seed101_0027,168,1,2,0.06150692999432955,0.0895167963814019,0.0704028476836562,0.0610457435692729,0.0895167963814019,0.0704028476836562,0.0610457435692729
Cosmos3_seed101_0027,168,1,3,6.231737321371532,0.0804152851179223,0.0746957660866704,0.070187887719129,0.0804152851179223,0.0746957660866704,0.070187887719129
Cosmos3_seed101_0027,168,2,3,6.410069141932253,0.1047200646901705,0.0773894541404123,0.0623310330981286,0.1047200646901705,0.0773894541404123,0.0623310330981286
Cosmos3_seed101_0027,171,1,3,0.04724745496624315,0.0829161137492062,0.066733983321289,0.0577600158546042,0.0829161137492062,0.066733983321289,0.0577600158546042
Cosmos3_seed101_0027,174,1,2,1.0772102992899482,0.015800112834028,0.006317185654116,0.0048998301025698,0.015800112834028,0.006317185654116,0.0048998301025698
Cosmos3_seed101_0027,174,1,3,5.785263983895291,0.0741467883596371,0.0673712133382889,0.0642264155557107,0.0741467883596371,0.0673712133382889,0.0642264155557107
Cosmos3_seed101_0027,174,2,3,0.07189766856972316,0.0562514734092425,0.0214405869626009,0.0151104040014089,0.0562514734092425,0.0214405869626009,0.0151104040014089
Cosmos3_seed101_0027,177,1,2,0.1817851617185252,0.1041877178749703,0.0845916159513266,0.0749218696350079,0.1041877178749703,0.0845916159513266,0.0749218696350079
Cosmos3_seed101_0027,177,1,3,5.291086690151652,0.0775729713165046,0.068222171043703,0.0621109853694434,0.0775729713165046,0.068222171043703,0.0621109853694434
Cosmos3_seed101_0027,177,2,3,6.202435412828524,0.1089486897703673,0.0848630049754423,0.0756809053231757,0.1089486897703673,0.0848630049754423,0.0756809053231757
Cosmos3_seed101_0027,180,1,3,0.746871587276844,0.1031003339513981,0.0819995071259878,0.0748766074851495,0.1031003339513981,0.0819995071259878,0.0748766074851495
Cosmos3_seed101_0027,180,2,3,0.17295097197101808,0.0475728593091476,0.0367001129256411,0.0362171505044593,0.0475728593091476,0.0367001129256411,0.0362171505044593
Cosmos3_seed101_0027,183,1,2,0.9995940536704018,0.0339219084863785,0.0170801427491697,0.01585079235876,0.0339219084863785,0.0170801427491697,0.01585079235876
Cosmos3_seed101_0027,183,1,3,1.0570212466493525,0.1096171216821227,0.0412585857841475,0.0339193547816882,0.1096171216821227,0.0412585857841475,0.0339193547816882
Cosmos3_seed101_0027,183,2,3,0.0,0.0445097228621521,0.0332720542709631,0.0294749705433112,0.0,0.0,0.0
Cosmos3_seed101_0027,186,1,3,0.8244847035338455,0.1164924971613425,0.1045984918244383,0.0957699049685997,0.1164924971613425,0.1045984918244383,0.0957699049685997
Cosmos3_seed101_0027,186,2,3,0.1595698010752593,0.0883608243597859,0.0668350053195153,0.0585800107917467,0.0883608243597859,0.0668350053195153,0.0585800107917467
Cosmos3_seed101_0027,188,1,3,0.8381055006272506,0.1291902872685825,0.1137064916582593,0.1038468945649777,0.1291902872685825,0.1137064916582593,0.1038468945649777
Cosmos3_seed101_0027,188,2,3,0.14656907451883447,0.0893841910328835,0.0664845816248571,0.058729945874673,0.0893841910328835,0.0664845816248571,0.058729945874673
Cosmos3_seed101_0036,0,1,2,0.770879669641399,0.0323028954338104,0.0124438026563655,0.0098923611241688,0.0323028954338104,0.0124438026563655,0.0098923611241688
Cosmos3_seed101_0036,0,1,3,5.210038460041064,0.0216449662298145,0.0185766012732217,0.0183535465114359,0.0216449662298145,0.0185766012732217,0.0183535465114359
Cosmos3_seed101_0036,0,2,3,0.07496283439112608,0.0459533804055322,0.0179174165585591,0.0122245135017379,0.0459533804055322,0.0179174165585591,0.0122245135017379
Cosmos3_seed101_0036,3,1,2,0.5741824983809036,0.0340246816946124,0.0105935671519976,0.0067814187609688,0.0340246816946124,0.0105935671519976,0.0067814187609688
Cosmos3_seed101_0036,6,1,2,5.193788930006177,0.0326450591547997,0.0280796296289867,0.0275313778962101,0.0326450591547997,0.0280796296289867,0.0275313778962101
Cosmos3_seed101_0036,6,1,3,0.5699235925094488,0.0283038619450671,0.0087816168347831,0.0056635577198133,0.0283038619450671,0.0087816168347831,0.0056635577198133
Cosmos3_seed101_0036,6,2,3,0.06198553730312779,0.0620985008532005,0.0196504875362356,0.0109008933897838,0.0620985008532005,0.0196504875362356,0.0109008933897838
Cosmos3_seed101_0036,9,1,2,5.199121874282665,0.0346451112629616,0.0298929446210421,0.0292698221995123,0.0346451112629616,0.0298929446210421,0.0292698221995123
Cosmos3_seed101_0036,12,1,2,3.1331857511044663,0.0277444922437796,0.0209033922390073,0.016856101898297,0.0277444922437796,0.0209033922390073,0.016856101898297
Cosmos3_seed101_0036,12,1,3,5.209980418185304,0.0353750426120053,0.0305512754187028,0.0299679478628129,0.0353750426120053,0.0305512754187028,0.0299679478628129
Cosmos3_seed101_0036,12,2,3,2.6652970061417407,0.0966526313430347,0.0628906443791336,0.0497455322265207,0.0966526313430347,0.0628906443791336,0.0497455322265207
Cosmos3_seed101_0036,15,1,3,0.5585574169928419,0.0271007735325753,0.0083580562789664,0.0054555822034157,0.0271007735325753,0.0083580562789664,0.0054555822034157
Cosmos3_seed101_0036,18,1,3,2.62071726944718,0.0376534274586416,0.011526736004894,0.0059603028165057,0.0376534274586416,0.011526736004894,0.0059603028165057
Cosmos3_seed101_0036,18,2,3,0.21253995649806967,0.0343779402451293,0.0013011315920121,0.0008368526139985,0.0343779402451293,0.0013011315920121,0.0008368526139985
Cosmos3_seed101_0036,21,1,2,0.6560885726002359,0.0277180036904886,0.009835365114494,0.0074056192960207,0.0277180036904886,0.009835365114494,0.0074056192960207
Cosmos3_seed101_0036,21,1,3,5.074414400041121,0.0289327413147146,0.0253225936552466,0.0243551228784864,0.0289327413147146,0.0253225936552466,0.0243551228784864
Cosmos3_seed101_0036,21,2,3,0.060722666818834356,0.0620396201435925,0.0228884049987155,0.0150836007012611,0.0620396201435925,0.0228884049987155,0.0150836007012611
Cosmos3_seed101_0036,24,1,2,0.7093863196469421,0.0341261282699338,0.0273482620569821,0.027260232876135,0.0341261282699338,0.0273482620569821,0.027260232876135
Cosmos3_seed101_0036,24,1,3,5.070249401479785,0.0210888531807346,0.0183972492777625,0.017628856396566,0.0210888531807346,0.0183972492777625,0.017628856396566
Cosmos3_seed101_0036,24,2,3,5.142002568925818,0.0895274816685239,0.0748734483231396,0.0651069863982007,0.0895274816685239,0.0748734483231396,0.0651069863982007
Cosmos3_seed101_0036,27,1,2,0.5889300140385769,0.0418230590755375,0.0330596836290844,0.0313096377763716,0.0418230590755375,0.0330596836290844,0.0313096377763716
Cosmos3_seed101_0036,27,1,3,0.6779053650058667,0.0045279388379962,0.001614732854771,0.001215399663807,0.0045279388379962,0.001614732854771,0.001215399663807
Cosmos3_seed101_0036,27,2,3,1.0083329085082913,0.0319335550068496,0.0144066996223185,0.0114499497629536,0.0319335550068496,0.0144066996223185,0.0114499497629536
Cosmos3_seed101_0036,30,1,2,0.6721168023060158,0.0531771163775415,0.0188280639166892,0.0138569486677694,0.0531771163775415,0.0188280639166892,0.0138569486677694
Cosmos3_seed101_0036,30,1,3,5.135959658854881,0.0288889786318055,0.0251763420693228,0.0242298093004136,0.0288889786318055,0.0251763420693228,0.0242298093004136
Cosmos3_seed101_0036,30,2,3,0.07188484830861776,0.0952837851388749,0.0350543982591626,0.022483550993676,0.0952837851388749,0.0350543982591626,0.022483550993676
Cosmos3_seed101_0036,33,1,2,0.6665954071744009,0.0370681790621485,0.0131828492892625,0.0097628682587498,0.0370681790621485,0.0131828492892625,0.0097628682587498
Cosmos3_seed101_0036,36,1,2,0.6636736258818133,0.0477664442013938,0.0169397145627205,0.0124969919062041,0.0477664442013938,0.0169397145627205,0.0124969919062041
Cosmos3_seed101_0036,39,1,2,0.6681303470930056,0.0351975365877472,0.0125423026760135,0.0093490674701465,0.0351975365877472,0.0125423026760135,0.0093490674701465
Cosmos3_seed101_0036,42,1,2,0.1563988609587715,0.0258253303438124,0.0224477237760879,0.0215630757134387,0.0258253303438124,0.0224477237760879,0.0215630757134387
Cosmos3_seed101_0036,42,1,3,0.6986332944161333,0.0630284928059731,0.0226221326532731,0.0164494835220385,0.0630284928059731,0.0226221326532731,0.0164494835220385
Cosmos3_seed101_0036,42,2,3,0.9248792186481527,0.0794323466607098,0.0327995278142049,0.0248283532242588,0.0794323466607098,0.0327995278142049,0.0248283532242588
Cosmos3_seed101_0036,45,1,2,0.07860487912130386,0.0235240549905829,0.0202306994998454,0.0197105302456191,0.0235240549905829,0.0202306994998454,0.0197105302456191
Cosmos3_seed101_0036,45,1,3,0.6810066735702688,0.0516460535590509,0.0183367545241872,0.0134094612295517,0.0516460535590509,0.0183367545241872,0.0134094612295517
Cosmos3_seed101_0036,45,2,3,0.8848997760296227,0.0690968635009661,0.0285262675041073,0.021411465820109,0.0690968635009661,0.0285262675041073,0.021411465820109
Cosmos3_seed101_0036,48,1,2,0.04252131831502449,0.0217616501786175,0.0186958600515782,0.0183497594262052,0.0217616501786175,0.0186958600515782,0.0183497594262052
Cosmos3_seed101_0036,48,1,3,0.7103356334303662,0.0131341661507616,0.0047425916076824,0.0034924549300542,0.0131341661507616,0.0047425916076824,0.0034924549300542
Cosmos3_seed101_0036,48,2,3,0.9190558546859083,0.0577205099056091,0.0242599419729268,0.01820203366283,0.0577205099056091,0.0242599419729268,0.01820203366283
Cosmos3_seed101_0036,51,1,2,0.0,0.0378732529333515,0.033184806693007,0.032781730617863,0.0,0.0,0.0
Cosmos3_seed101_0036,51,1,3,0.7234367479721451,0.0454814560275357,0.0167013742012524,0.0122653465856171,0.0454814560275357,0.0167013742012524,0.0122653465856171
Cosmos3_seed101_0036,51,2,3,0.9267125206529914,0.0488901983251751,0.0204895755647976,0.0152323880583824,0.0488901983251751,0.0204895755647976,0.0152323880583824
Cosmos3_seed101_0036,54,1,2,0.0,0.070863991077472,0.0610919570338586,0.0588285253099063,0.0,0.0,0.0
Cosmos3_seed101_0036,54,1,3,0.7140093983420701,0.0505324893138479,0.0182082598816907,0.0132788334827637,0.0505324893138479,0.0182082598816907,0.0132788334827637
Cosmos3_seed101_0036,54,2,3,0.8989442811595247,0.0723807630320306,0.0302525841897092,0.0229113160155551,0.0723807630320306,0.0302525841897092,0.0229113160155551
Cosmos3_seed101_0036,57,1,2,0.0,0.0776658332967163,0.068826767203054,0.0677663624500681,0.0,0.0,0.0
Cosmos3_seed101_0036,57,1,3,0.748179047177567,0.0572899057475944,0.0210921297287858,0.0155966067390228,0.0572899057475944,0.0210921297287858,0.0155966067390228
Cosmos3_seed101_0036,57,2,3,0.9543026644363792,0.0552075604464119,0.0229357801882509,0.0172252844597421,0.0552075604464119,0.0229357801882509,0.0172252844597421
Cosmos3_seed101_0036,60,1,2,0.0,0.0674899077223315,0.0602563307337917,0.059847053949226,0.0,0.0,0.0
Cosmos3_seed101_0036,60,1,3,0.6906735601318253,0.0926745363841652,0.0327842574307287,0.0237354051679378,0.0926745363841652,0.0327842574307287,0.0237354051679378
Cosmos3_seed101_0036,60,2,3,0.8764160845097112,0.0676498542812411,0.0268045145899224,0.0195388568358715,0.0676498542812411,0.0268045145899224,0.0195388568358715
Cosmos3_seed101_0036,63,1,2,0.0,0.0519407481875503,0.0469181793108699,0.0467242806235687,0.0,0.0,0.0
Cosmos3_seed101_0036,63,1,3,0.7409950912535453,0.0223448531435879,0.0082209763047168,0.0062268329498344,0.0223448531435879,0.0082209763047168,0.0062268329498344
Cosmos3_seed101_0036,63,2,3,0.944629070244516,0.0587033447739721,0.0239097915142508,0.0180352048917039,0.0587033447739721,0.0239097915142508,0.0180352048917039
Cosmos3_seed101_0036,66,1,2,0.0,0.0480441445723966,0.0435159714309457,0.0433078471314906,0.0,0.0,0.0
Cosmos3_seed101_0036,66,1,3,0.6794084503774712,0.0889201142568381,0.0311957735450487,0.0226405059491768,0.0889201142568381,0.0311957735450487,0.0226405059491768
Cosmos3_seed101_0036,66,2,3,0.8416906690494371,0.0943055323236165,0.0365278995671538,0.0263835348124571,0.0943055323236165,0.0365278995671538,0.0263835348124571
Cosmos3_seed101_0036,69,1,2,0.0,0.0931258818551536,0.0847238531005015,0.0846022678244232,0.0,0.0,0.0
Cosmos3_seed101_0036,69,1,3,0.7017730849373226,0.0895944943203174,0.0319682315293509,0.0230120743850802,0.0895944943203174,0.0319682315293509,0.0230120743850802
Cosmos3_seed101_0036,69,2,3,0.858215990862519,0.0822449438260455,0.0322560510237618,0.0231859375027574,0.0822449438260455,0.0322560510237618,0.0231859375027574
Cosmos3_seed101_0036,72,1,3,0.0,0.0858874097982315,0.0791333346303223,0.0786647532094551,0.0,0.0,0.0
Cosmos3_seed101_0036,78,1,3,5.333344886399074,0.0944643784749401,0.0907738364312487,0.0883658567916981,0.0944643784749401,0.0907738364312487,0.0883658567916981
Cosmos3_seed101_0036,78,2,3,2.267465854438521,0.064766813819908,0.0287174195705276,0.0174673018644885,0.064766813819908,0.0287174195705276,0.0174673018644885
Cosmos3_seed101_0036,81,1,2,0.0,0.087333360235873,0.0689503474609609,0.0609366465946673,0.0,0.0,0.0
Cosmos3_seed101_0036,87,1,3,0.0,0.1232016295656928,0.1117793714328895,0.1097903442623415,0.0,0.0,0.0
Cosmos3_seed101_0036,90,1,3,0.0,0.0996265689545753,0.0938343879392672,0.0932443725741156,0.0,0.0,0.0
Cosmos3_seed101_0036,93,1,3,0.0,0.1322898191396589,0.1241893004412524,0.1223028742939323,0.0,0.0,0.0
Cosmos3_seed101_0036,96,1,3,0.0,0.1185915222338465,0.1141914008598139,0.1115887089809787,0.0,0.0,0.0
Cosmos3_seed101_0036,99,1,3,0.0,0.1205073764964094,0.1162467673799685,0.1140316568203467,0.0,0.0,0.0
Cosmos3_seed101_0036,102,1,3,0.0,0.1013344037795839,0.0997300762227923,0.0987270509378373,0.0,0.0,0.0
Cosmos3_seed101_0036,105,1,3,0.0,0.1169489898165734,0.1126367858724279,0.1089198682231982,0.0,0.0,0.0
Cosmos3_seed101_0036,108,1,2,0.0,0.1404199518277497,0.1339095163568995,0.1290331172149408,0.0,0.0,0.0
Cosmos3_seed101_0036,108,1,3,0.4929237110977157,0.1106668450875997,0.0463201648323775,0.0324607009016162,0.1106668450875997,0.0463201648323775,0.0324607009016162
Cosmos3_seed101_0036,108,2,3,0.7445383698467299,0.0668989050791136,0.0269812039347274,0.019827433391356,0.0668989050791136,0.0269812039347274,0.019827433391356
Cosmos3_seed101_0036,111,1,3,0.0,0.1165670662642491,0.1138016030465937,0.1112500974171977,0.0,0.0,0.0
Cosmos3_seed101_0036,114,1,2,0.0,0.1090490031410861,0.1015772530869327,0.0979525361103698,0.0,0.0,0.0
Cosmos3_seed101_0036,117,1,2,0.0,0.0982269090372434,0.0876404485551852,0.087149098744515,0.0,0.0,0.0
Cosmos3_seed101_0036,120,1,2,0.2093766441142367,0.0903676448020574,0.0812509832003371,0.0781996053680224,0.0903676448020574,0.0812509832003371,0.0781996053680224
Cosmos3_seed101_0036,120,1,3,4.245841032626042,0.0991488131520683,0.0867792262451661,0.0805449833065526,0.0991488131520683,0.0867792262451661,0.0805449833065526
Cosmos3_seed101_0036,120,2,3,5.127445235371702,0.1119855682827822,0.1079962919230105,0.1051287344600106,0.1119855682827822,0.1079962919230105,0.1051287344600106
Cosmos3_seed101_0036,123,1,2,0.0,0.0930524421381717,0.0656799620617503,0.0477360860866564,0.0,0.0,0.0
Cosmos3_seed101_0036,123,1,3,0.2592808395699333,0.0591574529594046,0.0554678300864957,0.0521291977787201,0.0591574529594046,0.0554678300864957,0.0521291977787201
Cosmos3_seed101_0036,123,2,3,0.0,0.1777625516186125,0.1176459829525971,0.0803583262686685,0.0,0.0,0.0
Cosmos3_seed101_0036,126,1,2,0.03406330251999403,0.1814473987859315,0.1349766845165914,0.1265757878113845,0.1814473987859315,0.1349766845165914,0.1265757878113845
Cosmos3_seed101_0036,126,1,3,0.3761071920861681,0.0713146596870618,0.0670050306569108,0.0651339523208768,0.0713146596870618,0.0670050306569108,0.0651339523208768
Cosmos3_seed101_0036,126,2,3,0.3028849962260048,0.1435763668537346,0.1003505056646883,0.0914769065677646,0.1435763668537346,0.1003505056646883,0.0914769065677646
Cosmos3_seed101_0036,129,1,3,0.40002077209647596,0.0377974735881225,0.0347282952687602,0.0346213472813661,0.0377974735881225,0.0347282952687602,0.0346213472813661
Cosmos3_seed101_0036,129,2,3,0.2246878937356236,0.0625676744544186,0.0457823874084932,0.035028947928429,0.0625676744544186,0.0457823874084932,0.035028947928429
Cosmos3_seed101_0036,132,1,2,0.06697466589174501,0.6874325815720541,0.6433435177251511,0.6200054595672255,0.6874325815720541,0.6433435177251511,0.6200054595672255
Cosmos3_seed101_0036,135,1,2,0.19257864151697682,0.4414992392600675,0.3907364394137135,0.3795620761481156,0.4414992392600675,0.3907364394137135,0.3795620761481156
Cosmos3_seed101_0036,135,2,3,0.0,0.0216218731941518,0.0029642797946894,0.0023847443185686,0.0,0.0,0.0
Cosmos3_seed101_0036,138,1,2,0.3719199198161845,0.4068952340927209,0.3441713318628582,0.327670446113541,0.4068952340927209,0.3441713318628582,0.327670446113541
Cosmos3_seed101_0036,138,1,3,4.229070749543298,0.0439640381417498,0.0393328080813102,0.0365548000897732,0.0439640381417498,0.0393328080813102,0.0365548000897732
Cosmos3_seed101_0036,138,2,3,5.044630119510909,0.0595671502991498,0.050737233236233,0.0461773929482243,0.0595671502991498,0.050737233236233,0.0461773929482243
Cosmos3_seed101_0036,141,1,2,0.5328418150818343,0.2716384296092329,0.2214602621191054,0.2100414554066526,0.2716384296092329,0.2214602621191054,0.2100414554066526
Cosmos3_seed101_0036,141,1,3,4.221361490908008,0.0523436907787647,0.0472922214788568,0.0437011568480673,0.0523436907787647,0.0472922214788568,0.0437011568480673
Cosmos3_seed101_0036,141,2,3,4.972780038387403,0.0420453308599107,0.0360290123192013,0.0317873070075027,0.0420453308599107,0.0360290123192013,0.0317873070075027
Cosmos3_seed101_0036,144,1,2,0.651729358586969,0.2470645857231743,0.190590823642974,0.1779924785820145,0.2470645857231743,0.190590823642974,0.1779924785820145
Cosmos3_seed101_0036,144,1,3,0.09244154941410052,0.0438271554143653,0.0153534506464522,0.0091710750639109,0.0438271554143653,0.0153534506464522,0.0091710750639109
Cosmos3_seed101_0036,147,1,2,0.6827086893824628,0.2674990235948921,0.2046133280612023,0.1958206958372167,0.2674990235948921,0.2046133280612023,0.1958206958372167
Cosmos3_seed101_0036,147,1,3,0.18213697327875536,0.0459499350199949,0.0163805278864924,0.0094206733994607,0.0459499350199949,0.0163805278864924,0.0094206733994607
Cosmos3_seed101_0036,150,1,2,0.640853625696559,0.2892376056538704,0.2186036440503241,0.2080524905129479,0.2892376056538704,0.2186036440503241,0.2080524905129479
Cosmos3_seed101_0036,150,1,3,0.25297457988067584,0.0456172394426473,0.016610044792549,0.009355643035404,0.0456172394426473,0.016610044792549,0.009355643035404
Cosmos3_seed101_0036,153,1,2,0.5897103808905877,0.2206096047525419,0.1624871956860697,0.151887468028081,0.2206096047525419,0.1624871956860697,0.151887468028081
Cosmos3_seed101_0036,153,1,3,0.2149978385041986,0.0560556456948957,0.0196174147914559,0.011408756819216,0.0560556456948957,0.0196174147914559,0.011408756819216
Cosmos3_seed101_0036,156,1,2,0.5897028978930822,0.2692069322134008,0.1995217027029044,0.1877498517393958,0.2692069322134008,0.1995217027029044,0.1877498517393958
Cosmos3_seed101_0036,156,1,3,4.31620013418977,0.0745736930385738,0.0675005867369824,0.0642088940885146,0.0745736930385738,0.0675005867369824,0.0642088940885146
Cosmos3_seed101_0036,156,2,3,4.2245534342693825,0.0975581602614782,0.0760115980744047,0.0647427616682874,0.0975581602614782,0.0760115980744047,0.0647427616682874
Cosmos3_seed101_0036,159,1,2,0.6095370452025763,0.1832177469050486,0.135661873072151,0.128221810512166,0.1832177469050486,0.135661873072151,0.128221810512166
Cosmos3_seed101_0036,159,1,3,4.319092474459558,0.0696867138968554,0.0632502679309843,0.0599508860716528,0.0696867138968554,0.0632502679309843,0.0599508860716528
Cosmos3_seed101_0036,159,2,3,4.230687843340816,0.0177904801898055,0.0138977567022056,0.0119223312543343,0.0177904801898055,0.0138977567022056,0.0119223312543343
Cosmos3_seed101_0036,162,1,2,0.6002833979000528,0.2973361104863086,0.2191142183764134,0.2064854685838696,0.2973361104863086,0.2191142183764134,0.2064854685838696
Cosmos3_seed101_0036,162,1,3,4.3362662392235425,0.0633299721211897,0.0573973695083541,0.0545300248342935,0.0633299721211897,0.0573973695083541,0.0545300248342935
Cosmos3_seed101_0036,162,2,3,4.183377792073131,0.0345450491379811,0.0267956941829698,0.0228858284790999,0.0345450491379811,0.0267956941829698,0.0228858284790999
Cosmos3_seed101_0036,165,1,2,0.5962167248802848,0.2264783769473503,0.1689437574362083,0.159808232190972,0.2264783769473503,0.1689437574362083,0.159808232190972
Cosmos3_seed101_0036,165,1,3,4.307115642293091,0.0642981672750081,0.0584269318173262,0.055317013837096,0.0642981672750081,0.0584269318173262,0.055317013837096
Cosmos3_seed101_0036,165,2,3,4.189531155881576,0.0227253864149686,0.0179052766098765,0.015390492567866,0.0227253864149686,0.0179052766098765,0.015390492567866
Cosmos3_seed101_0036,168,1,2,0.5858272636250371,0.3330124580816136,0.248820529217027,0.2346801475568576,0.3330124580816136,0.248820529217027,0.2346801475568576
Cosmos3_seed101_0036,168,1,3,4.3023986395421066,0.074566307605556,0.0677672970380921,0.0641470179444018,0.074566307605556,0.0677672970380921,0.0641470179444018
Cosmos3_seed101_0036,168,2,3,4.169594732765706,0.0539480956722717,0.0425839104182523,0.0365017098297117,0.0539480956722717,0.0425839104182523,0.0365017098297117
Cosmos3_seed101_0036,171,1,2,0.5866700510966116,0.4076881066115582,0.2997236459215933,0.2756325244660719,0.4076881066115582,0.2997236459215933,0.2756325244660719
Cosmos3_seed101_0036,171,1,3,4.3043473002212576,0.0637948140214326,0.0580949511946814,0.0550197300221454,0.0637948140214326,0.0580949511946814,0.0550197300221454
Cosmos3_seed101_0036,171,2,3,4.1101388884091605,0.0597784014436656,0.0464041901987453,0.0388615098284308,0.0597784014436656,0.0464041901987453,0.0388615098284308
Cosmos3_seed101_0036,174,1,2,0.6015865106561965,0.5021371574478313,0.3674944636633242,0.3321158379885149,0.5021371574478313,0.3674944636633242,0.3321158379885149
Cosmos3_seed101_0036,174,1,3,0.24866854347142467,0.0474576599190267,0.0162348773120309,0.0091105985991957,0.0474576599190267,0.0162348773120309,0.0091105985991957
Cosmos3_seed101_0036,177,1,2,0.596548302906986,0.5167209779006101,0.3777013336443654,0.3410915293155661,0.5167209779006101,0.3777013336443654,0.3410915293155661
Cosmos3_seed101_0036,177,1,3,4.40374019492193,0.0628325281670972,0.0580438440121879,0.0561600007758738,0.0628325281670972,0.0580438440121879,0.0561600007758738
Cosmos3_seed101_0036,177,2,3,4.096210381396696,0.0513696649196429,0.0388086216997097,0.0323759310564149,0.0513696649196429,0.0388086216997097,0.0323759310564149
Cosmos3_seed101_0036,180,1,2,0.5967701823368484,0.5401797600150289,0.3949954753603643,0.3564323018985675,0.5401797600150289,0.3949954753603643,0.3564323018985675
Cosmos3_seed101_0036,180,1,3,4.429936917393362,0.0679223972160477,0.0635475776750549,0.0618360646897125,0.0679223972160477,0.0635475776750549,0.0618360646897125
Cosmos3_seed101_0036,180,2,3,4.099882397545181,0.055180128896061,0.0414661468782358,0.0350077832637846,0.055180128896061,0.0414661468782358,0.0350077832637846
Cosmos3_seed101_0036,183,1,2,0.5908198180169634,0.5679659029523143,0.4153965253362537,0.3742667071423342,0.5679659029523143,0.4153965253362537,0.3742667071423342
Cosmos3_seed101_0036,186,1,2,0.5897654847583638,0.5697690831316018,0.4157443239586829,0.3744707091654902,0.5697690831316018,0.4157443239586829,0.3744707091654902
Cosmos3_seed101_0036,188,1,2,0.5907153068516712,0.5674905462020854,0.4138210017343296,0.3727911249981175,0.5674905462020854,0.4138210017343296,0.3727911249981175
Cosmos3_seed101_0036,188,1,3,0.6355362345803205,0.0549989380502944,0.0358579515137688,0.0325732643183845,0.0549989380502944,0.0358579515137688,0.0325732643183845
Cosmos3_seed101_0036,188,2,3,0.9825699602547832,0.0330353898465649,0.0218831148980217,0.0158375236117942,0.0330353898465649,0.0218831148980217,0.0158375236117942
Cosmos3_seed101_0039,0,1,2,4.771737295322606,0.0423618368929869,0.0186629876208103,0.015685747667365,0.0423618368929869,0.0186629876208103,0.015685747667365
Cosmos3_seed101_0039,0,1,3,4.566176219529101,0.05984328626644,0.0503556875332056,0.0469262676892878,0.05984328626644,0.0503556875332056,0.0469262676892878
Cosmos3_seed101_0039,3,1,2,4.613799117141011,0.0715722574288605,0.0610973763807024,0.057319179712459,0.0715722574288605,0.0610973763807024,0.057319179712459
Cosmos3_seed101_0039,3,1,3,4.822649592743169,0.0540713791696243,0.0239150219176855,0.0202536329909675,0.0540713791696243,0.0239150219176855,0.0202536329909675
Cosmos3_seed101_0039,6,1,2,4.593078272390282,0.0761962339456428,0.0642805303353044,0.0600918420240098,0.0761962339456428,0.0642805303353044,0.0600918420240098
Cosmos3_seed101_0039,6,2,3,0.18824363139071665,0.036829628391339,0.0052970490723045,0.004026270503971,0.036829628391339,0.0052970490723045,0.004026270503971
Cosmos3_seed101_0039,9,1,2,4.628503637303982,0.087962809090126,0.0747418961612103,0.0702055834943152,0.087962809090126,0.0747418961612103,0.0702055834943152
Cosmos3_seed101_0039,9,1,3,4.834336440976777,0.062331563334574,0.0280657110440299,0.0239034022794299,0.062331563334574,0.0280657110440299,0.0239034022794299
Cosmos3_seed101_0039,12,1,3,4.553255627777273,0.0790143969766949,0.0660244401376817,0.0611245179326454,0.0790143969766949,0.0660244401376817,0.0611245179326454
Cosmos3_seed101_0039,12,2,3,0.18873940777553613,0.0351983783843357,0.0050533938165244,0.0038530900175346,0.0351983783843357,0.0050533938165244,0.0038530900175346
Cosmos3_seed101_0039,15,1,2,4.69921791816733,0.0757851655585938,0.0653743025105002,0.0621098474793274,0.0757851655585938,0.0653743025105002,0.0621098474793274
Cosmos3_seed101_0039,15,1,3,4.916177310457111,0.0673148040799942,0.030642447685887,0.0264444817577001,0.0673148040799942,0.030642447685887,0.0264444817577001
Cosmos3_seed101_0039,18,1,2,4.616193678030768,0.077192411154366,0.0654296255486884,0.0614554728153457,0.077192411154366,0.0654296255486884,0.0614554728153457
Cosmos3_seed101_0039,18,2,3,0.18140568120874798,0.0423324185385223,0.006068095389851,0.0046062934699382,0.0423324185385223,0.006068095389851,0.0046062934699382
Cosmos3_seed101_0039,21,1,3,4.6327737602972405,0.0749809405877521,0.0636724823828728,0.0600007741742673,0.0749809405877521,0.0636724823828728,0.0600007741742673
Cosmos3_seed101_0039,21,2,3,0.18229178884665675,0.0388485097147456,0.0055621701280377,0.004212814328471,0.0388485097147456,0.0055621701280377,0.004212814328471
Cosmos3_seed101_0039,24,1,2,4.622067514396347,0.0748545747036465,0.0639140057790103,0.0605486403645609,0.0748545747036465,0.0639140057790103,0.0605486403645609
Cosmos3_seed101_0039,24,2,3,0.18234529851041445,0.0449048457223354,0.0064804777524338,0.0048690910027676,0.0449048457223354,0.0064804777524338,0.0048690910027676
Cosmos3_seed101_0039,27,1,2,4.572293475429353,0.0623200940586973,0.0541491333422208,0.0501470655285859,0.0623200940586973,0.0541491333422208,0.0501470655285859
Cosmos3_seed101_0039,27,2,3,0.18093425729812582,0.0341748776348413,0.0050401000745805,0.0038693404685218,0.0341748776348413,0.0050401000745805,0.0038693404685218
Cosmos3_seed101_0039,30,1,2,4.6018404256953955,0.0757201955039612,0.0651596726560231,0.0606034215192459,0.0757201955039612,0.0651596726560231,0.0606034215192459
Cosmos3_seed101_0039,30,2,3,0.1930447493778483,0.0363562483752275,0.0053109185826368,0.0040946920200555,0.0363562483752275,0.0053109185826368,0.0040946920200555
Cosmos3_seed101_0039,33,1,2,4.788701907818902,0.0752985715179507,0.0600797532391103,0.0581433470973854,0.0752985715179507,0.0600797532391103,0.0581433470973854
Cosmos3_seed101_0039,33,1,3,4.909477252940129,0.0578257963356414,0.0261922802088827,0.0226063877931451,0.0578257963356414,0.0261922802088827,0.0226063877931451
Cosmos3_seed101_0039,36,1,2,3.204031378120032,0.0711048526813139,0.0416023012881157,0.0265010119210696,0.0711048526813139,0.0416023012881157,0.0265010119210696
Cosmos3_seed101_0039,36,1,3,4.741803547362223,0.0767005299717643,0.0614947621253521,0.0590319769194748,0.0767005299717643,0.0614947621253521,0.0590319769194748
Cosmos3_seed101_0039,36,2,3,1.3646705053932688,0.0777625200839276,0.047551544839193,0.0347010793588463,0.0777625200839276,0.047551544839193,0.0347010793588463
Cosmos3_seed101_0039,39,1,2,4.687433568003685,0.092293993798609,0.0757266636185159,0.0729847531598135,0.092293993798609,0.0757266636185159,0.0729847531598135
Cosmos3_seed101_0039,39,2,3,0.20734484314956614,0.0438457306382762,0.0060926699580392,0.0045657546602143,0.0438457306382762,0.0060926699580392,0.0045657546602143
Cosmos3_seed101_0039,42,1,2,4.639872204099531,0.0846643210811568,0.0728598984830715,0.0703764885222558,0.0846643210811568,0.0728598984830715,0.0703764885222558
Cosmos3_seed101_0039,42,1,3,4.257414367464317,0.0971124279302588,0.0433162917334274,0.038835908425532,0.0971124279302588,0.0433162917334274,0.038835908425532
Cosmos3_seed101_0039,42,2,3,0.0,0.0986797249927438,0.0511465396627382,0.0442932438050228,0.0,0.0,0.0
Cosmos3_seed101_0039,45,1,2,4.686275826539935,0.0784051047001423,0.067378965285477,0.0647979424724034,0.0784051047001423,0.067378965285477,0.0647979424724034
Cosmos3_seed101_0039,45,2,3,0.19475039833036936,0.0457056806782034,0.0065964080500473,0.0049577319653447,0.0457056806782034,0.0065964080500473,0.0049577319653447
Cosmos3_seed101_0039,48,1,2,4.686809805363769,0.0907968913857286,0.0772483775474507,0.0740271868177767,0.0907968913857286,0.0772483775474507,0.0740271868177767
Cosmos3_seed101_0039,48,1,3,3.213833511417356,0.0558253702237015,0.0318617499649964,0.0199828111966365,0.0558253702237015,0.0318617499649964,0.0199828111966365
Cosmos3_seed101_0039,48,2,3,1.2331644048305568,0.0573388144384107,0.0344617674830389,0.023118368090871,0.0573388144384107,0.0344617674830389,0.023118368090871
Cosmos3_seed101_0039,51,1,2,4.712251941343301,0.0829762293376514,0.0713975811565294,0.0687216783590492,0.0829762293376514,0.0713975811565294,0.0687216783590492
Cosmos3_seed101_0039,51,1,3,3.2288500258286184,0.0806877962025926,0.0462728401302415,0.0288351521310774,0.0806877962025926,0.0462728401302415,0.0288351521310774
Cosmos3_seed101_0039,51,2,3,1.2268999666132478,0.0862068425087319,0.0517068507985997,0.0344616912424639,0.0862068425087319,0.0517068507985997,0.0344616912424639
Cosmos3_seed101_0039,54,1,2,4.639013903513619,0.0866465475013829,0.0738885394346513,0.0702015328376064,0.0866465475013829,0.0738885394346513,0.0702015328376064
Cosmos3_seed101_0039,54,1,3,3.183461808633444,0.072460013185312,0.0406827970629515,0.0258294261678245,0.072460013185312,0.0406827970629515,0.0258294261678245
Cosmos3_seed101_0039,54,2,3,1.2164208939195944,0.0950651269204122,0.0573448867033491,0.037755591220109,0.0950651269204122,0.0573448867033491,0.037755591220109
Cosmos3_seed101_0039,57,1,2,4.607639277434474,0.0754550768111516,0.0639939323960758,0.0606460265513149,0.0754550768111516,0.0639939323960758,0.0606460265513149
Cosmos3_seed101_0039,57,1,3,3.163479231649999,0.0656612434136295,0.0368817713796767,0.0233674412571198,0.0656612434136295,0.0368817713796767,0.0233674412571198
Cosmos3_seed101_0039,57,2,3,1.2125200390731532,0.08198541037807,0.049226563250258,0.0326025712558109,0.08198541037807,0.049226563250258,0.0326025712558109
Cosmos3_seed101_0039,60,1,2,3.1588881865316623,0.065458217497457,0.0365690564241485,0.0232606913343254,0.065458217497457,0.0365690564241485,0.0232606913343254
Cosmos3_seed101_0039,60,1,3,4.598989972385552,0.0678744977146533,0.05764122447039,0.0545494027733907,0.0678744977146533,0.05764122447039,0.0545494027733907
Cosmos3_seed101_0039,60,2,3,1.2064491136449138,0.0915034513981493,0.055081168056584,0.0362348236446833,0.0915034513981493,0.055081168056584,0.0362348236446833
Cosmos3_seed101_0039,63,1,2,4.594128308115229,0.0716440213922033,0.0604115169765306,0.0567375926502389,0.0716440213922033,0.0604115169765306,0.0567375926502389
Cosmos3_seed101_0039,63,1,3,4.211608671398887,0.0694598074878368,0.032696458826289,0.0282793567096595,0.0694598074878368,0.032696458826289,0.0282793567096595
Cosmos3_seed101_0039,63,2,3,0.0,0.0913964859725035,0.0510219268370034,0.0414454468270361,0.0,0.0,0.0
Cosmos3_seed101_0039,66,1,2,4.552786454113073,0.0654998297157051,0.0553585455013616,0.0522043824987988,0.0654998297157051,0.0553585455013616,0.0522043824987988
Cosmos3_seed101_0039,66,2,3,0.18996684590329554,0.0328314540507499,0.0047881081616358,0.0035693289116625,0.0328314540507499,0.0047881081616358,0.0035693289116625
Cosmos3_seed101_0039,69,1,2,3.163783169125743,0.0519815948116614,0.0292661428253508,0.0186395144585169,0.0519815948116614,0.0292661428253508,0.0186395144585169
Cosmos3_seed101_0039,69,1,3,4.605820687458216,0.0671492188021824,0.0570657607718101,0.0540677947292718,0.0671492188021824,0.0570657607718101,0.0540677947292718
Cosmos3_seed101_0039,69,2,3,1.2090816162370888,0.0751523644508512,0.0453497399808194,0.0300438816482207,0.0751523644508512,0.0453497399808194,0.0300438816482207
Cosmos3_seed101_0039,72,1,2,4.633291313621822,0.0736526256505603,0.0627848251919737,0.0600053541749675,0.0736526256505603,0.0627848251919737,0.0600053541749675
Cosmos3_seed101_0039,72,1,3,3.1805287180275204,0.0610274782462863,0.0345021214916577,0.0217451497279083,0.0610274782462863,0.0345021214916577,0.0217451497279083
Cosmos3_seed101_0039,72,2,3,1.2164586958086552,0.0732745437921158,0.0441372265086334,0.0292724423465246,0.0732745437921158,0.0441372265086334,0.0292724423465246
Cosmos3_seed101_0039,75,1,2,4.655785505659257,0.0611283497171421,0.0522672235730094,0.0500185641238236,0.0611283497171421,0.0522672235730094,0.0500185641238236
Cosmos3_seed101_0039,75,1,3,3.1939227326000887,0.0637027305989164,0.0364001343370325,0.0228812632788395,0.0637027305989164,0.0364001343370325,0.0228812632788395
Cosmos3_seed101_0039,75,2,3,1.215449952567534,0.0915133856697383,0.0550507733260613,0.0367893065801731,0.0915133856697383,0.0550507733260613,0.0367893065801731
Cosmos3_seed101_0039,78,1,2,4.650452208585998,0.0782672324076643,0.067179679991354,0.0641163712079331,0.0782672324076643,0.067179679991354,0.0641163712079331
Cosmos3_seed101_0039,78,2,3,0.2090281171481225,0.0343731437355176,0.0050332564817671,0.0037784888928781,0.0343731437355176,0.0050332564817671,0.0037784888928781
Cosmos3_seed101_0039,81,1,2,4.681336952524945,0.0903758351598173,0.0781304852478064,0.0752574289048714,0.0903758351598173,0.0781304852478064,0.0752574289048714
Cosmos3_seed101_0039,81,2,3,0.19449358345511225,0.0324402555032578,0.0047351427658475,0.0035268580894992,0.0324402555032578,0.0047351427658475,0.0035268580894992
Cosmos3_seed101_0039,84,1,2,4.609829879460191,0.0761546802839566,0.0646642300038539,0.0614091279894167,0.0761546802839566,0.0646642300038539,0.0614091279894167
Cosmos3_seed101_0039,84,2,3,0.20356507212465497,0.0303787690162486,0.0044271148559057,0.0033154108631864,0.0303787690162486,0.0044271148559057,0.0033154108631864
Cosmos3_seed101_0039,87,1,2,4.628979735933042,0.0869136534180008,0.0741436372036731,0.0707122171200306,0.0869136534180008,0.0741436372036731,0.0707122171200306
Cosmos3_seed101_0039,87,2,3,0.19628498213055648,0.0316301221935019,0.0046037707812044,0.0034438618657743,0.0316301221935019,0.0046037707812044,0.0034438618657743
Cosmos3_seed101_0039,90,1,2,4.686457625853247,0.0902965338109519,0.0775174447137638,0.0743137008251203,0.0902965338109519,0.0775174447137638,0.0743137008251203
Cosmos3_seed101_0039,90,1,3,4.282904252559231,0.0800350898795514,0.0388673808945111,0.0330997852106373,0.0800350898795514,0.0388673808945111,0.0330997852106373
Cosmos3_seed101_0039,90,2,3,0.0,0.1198457289960835,0.0677952134081108,0.0553488208225582,0.0,0.0,0.0
Cosmos3_seed101_0039,93,1,2,4.701223834091459,0.0924804854374289,0.0794749277259846,0.0761450511940086,0.0924804854374289,0.0794749277259846,0.0761450511940086
Cosmos3_seed101_0039,93,2,3,0.20355575702822692,0.0274928611926511,0.0039886756302712,0.0030017900484197,0.0274928611926511,0.0039886756302712,0.0030017900484197
Cosmos3_seed101_0039,96,1,2,4.721340581085504,0.0923985103128262,0.0798160882251581,0.0771607040824612,0.0923985103128262,0.0798160882251581,0.0771607040824612
Cosmos3_seed101_0039,96,2,3,0.2096332982628785,0.0282579688509627,0.0041006451031253,0.0030813750545521,0.0282579688509627,0.0041006451031253,0.0030813750545521
Cosmos3_seed101_0039,99,1,2,4.774168850184123,0.0932850764407607,0.0818545254082295,0.0802248759853941,0.0932850764407607,0.0818545254082295,0.0802248759853941
Cosmos3_seed101_0039,99,2,3,0.21218959897659984,0.035317927222335,0.0051466645951806,0.0038753925243578,0.035317927222335,0.0051466645951806,0.0038753925243578
Cosmos3_seed101_0039,102,1,2,4.749485029700218,0.0866021692579871,0.0751567872217334,0.0728662365685714,0.0866021692579871,0.0751567872217334,0.0728662365685714
Cosmos3_seed101_0039,102,1,3,3.379704469597889,0.0722440233178736,0.0284099892092263,0.0177654334929573,0.0722440233178736,0.0284099892092263,0.0177654334929573
Cosmos3_seed101_0039,102,2,3,1.2315623370154976,0.0725121546192365,0.0328579540844346,0.0199206447874643,0.0725121546192365,0.0328579540844346,0.0199206447874643
Cosmos3_seed101_0039,105,1,2,4.7825576625496256,0.0927240865174235,0.0809941286004569,0.0791821190430718,0.0927240865174235,0.0809941286004569,0.0791821190430718
Cosmos3_seed101_0039,105,2,3,0.19208817122278948,0.0286844138512514,0.0041377059127709,0.0031080222138889,0.0286844138512514,0.0041377059127709,0.0031080222138889
Cosmos3_seed101_0039,108,1,2,4.769972709375454,0.0961276275186702,0.0836380645446074,0.0815074542895968,0.0961276275186702,0.0836380645446074,0.0815074542895968
Cosmos3_seed101_0039,108,2,3,0.19227658840750347,0.0298586658598953,0.0042912459830914,0.0032248525118456,0.0298586658598953,0.0042912459830914,0.0032248525118456
Cosmos3_seed101_0039,111,1,2,4.833557538857443,0.0869170670400013,0.0767734483115777,0.0759658608885164,0.0869170670400013,0.0767734483115777,0.0759658608885164
Cosmos3_seed101_0039,111,2,3,0.19879688431503897,0.0357235443026184,0.0051627541461169,0.0038744439174241,0.0357235443026184,0.0051627541461169,0.0038744439174241
Cosmos3_seed101_0039,114,1,2,4.829054514236874,0.0868177018020952,0.0767026461983642,0.0755185843165203,0.0868177018020952,0.0767026461983642,0.0755185843165203
Cosmos3_seed101_0039,114,2,3,0.19635244768420548,0.0381956386617745,0.0055209050052237,0.0041525647532894,0.0381956386617745,0.0055209050052237,0.0041525647532894
Cosmos3_seed101_0039,117,1,2,4.778687910727312,0.0863716613913082,0.0755777274694381,0.0740066258500083,0.0863716613913082,0.0755777274694381,0.0740066258500083
Cosmos3_seed101_0039,117,2,3,0.2061096682643762,0.0375026879984861,0.0054484249104726,0.0040916491520805,0.0375026879984861,0.0054484249104726,0.0040916491520805
Cosmos3_seed101_0039,120,1,2,4.791053498166345,0.0820270334361329,0.0721889664359353,0.0707954634085118,0.0820270334361329,0.0721889664359353,0.0707954634085118
Cosmos3_seed101_0039,120,2,3,0.20973937344836474,0.0490737945900772,0.007168967984458,0.0053972467040218,0.0490737945900772,0.007168967984458,0.0053972467040218
Cosmos3_seed101_0039,123,1,2,4.874765087765351,0.0798896648192173,0.0714235636710502,0.071392925508575,0.0798896648192173,0.0714235636710502,0.071392925508575
Cosmos3_seed101_0039,123,2,3,0.21681144215717507,0.0338047806160058,0.0049388980985226,0.0037252004932135,0.0338047806160058,0.0049388980985226,0.0037252004932135
Cosmos3_seed101_0039,126,1,2,4.690065506352207,0.0868797483961072,0.07483714860485,0.0724084932133463,0.0868797483961072,0.07483714860485,0.0724084932133463
Cosmos3_seed101_0039,126,2,3,0.2086744796633951,0.0363122843767574,0.0053014343841725,0.003976580333395,0.0363122843767574,0.0053014343841725,0.003976580333395
Cosmos3_seed101_0039,129,1,2,4.5549078809937775,0.0948228116304174,0.0791154042054152,0.0742828566753664,0.0948228116304174,0.0791154042054152,0.0742828566753664
Cosmos3_seed101_0039,129,1,3,4.161558668456825,0.0724475705099754,0.034948439060548,0.0299837062320402,0.0724475705099754,0.034948439060548,0.0299837062320402
Cosmos3_seed101_0039,129,2,3,0.0,0.076744467226636,0.0443713671072075,0.0357427436620341,0.0,0.0,0.0
Cosmos3_seed101_0039,132,1,2,0.0,0.0574012618617623,0.0553793786196906,0.0552902415070773,0.0,0.0,0.0
Cosmos3_seed101_0039,132,1,3,5.1018323706162585,0.045299407813848,0.0424407838438316,0.0400989759012804,0.045299407813848,0.0424407838438316,0.0400989759012804
Cosmos3_seed101_0039,132,2,3,5.4018585148068095,0.0909190071884761,0.0857639901012942,0.0832854642494913,0.0909190071884761,0.0857639901012942,0.0832854642494913
Cosmos3_seed101_0039,135,1,2,0.0,0.1802551265076382,0.1751876854985414,0.174321071725977,0.0,0.0,0.0
Cosmos3_seed101_0039,135,1,3,5.045990633227241,0.0910736834954864,0.0838897823501931,0.0806175202370015,0.0910736834954864,0.0838897823501931,0.0806175202370015
Cosmos3_seed101_0039,135,2,3,5.322325440411259,0.1028939192358874,0.0975191541001538,0.094181148202424,0.1028939192358874,0.0975191541001538,0.094181148202424
Cosmos3_seed101_0039,138,1,2,0.0,0.2350232937620565,0.2112795418017447,0.1982077907025344,0.0,0.0,0.0
Cosmos3_seed101_0039,138,1,3,4.814637252110237,0.08167358721037,0.0758279785934526,0.0731204667340091,0.08167358721037,0.0758279785934526,0.0731204667340091
Cosmos3_seed101_0039,138,2,3,5.344992760959872,0.0908395827733492,0.0821765456243533,0.0795694893983988,0.0908395827733492,0.0821765456243533,0.0795694893983988
Cosmos3_seed101_0039,141,1,2,0.0,0.2917093165618313,0.2625108063091811,0.2523478391074499,0.0,0.0,0.0
Cosmos3_seed101_0039,141,1,3,4.853204270918974,0.0691685898661328,0.0642363257626277,0.0597124706900919,0.0691685898661328,0.0642363257626277,0.0597124706900919
Cosmos3_seed101_0039,141,2,3,5.313493295253834,0.0803666927172315,0.0718146172066793,0.0695885786381432,0.0803666927172315,0.0718146172066793,0.0695885786381432
Cosmos3_seed101_0039,144,2,3,0.0,0.2642049022338549,0.2334030659576302,0.2274514680278128,0.0,0.0,0.0
Cosmos3_seed101_0039,147,1,3,0.0,0.2219818083903915,0.1862969466815453,0.1822230430792755,0.0,0.0,0.0
Cosmos3_seed101_0039,150,1,2,0.0,0.2777462534465701,0.2270907541124547,0.2125498180368081,0.0,0.0,0.0
Cosmos3_seed101_0039,150,1,3,3.26402563018392,0.0849884230918188,0.0496859440438711,0.0306877312365697,0.0849884230918188,0.0496859440438711,0.0306877312365697
Cosmos3_seed101_0039,150,2,3,3.2323489125282685,0.127055343921055,0.0838422427702335,0.0599494797670453,0.127055343921055,0.0838422427702335,0.0599494797670453
Cosmos3_seed101_0039,153,1,2,0.01008088215690734,0.2459069697109728,0.1955542404771551,0.1752052652480229,0.2459069697109728,0.1955542404771551,0.1752052652480229
Cosmos3_seed101_0039,153,1,3,4.665146624294556,0.0687281831041461,0.062199131573672,0.0602551676833109,0.0687281831041461,0.062199131573672,0.0602551676833109
Cosmos3_seed101_0039,153,2,3,4.4708786535696055,0.0718122546890189,0.0623287556155155,0.0547690739796098,0.0718122546890189,0.0623287556155155,0.0547690739796098
Cosmos3_seed101_0039,156,1,2,0.1160473814085257,0.2419966282761591,0.1823781498670395,0.1598820544095098,0.2419966282761591,0.1823781498670395,0.1598820544095098
Cosmos3_seed101_0039,156,1,3,4.666365963986086,0.0951542568522257,0.0856557368184053,0.0833962021953911,0.0951542568522257,0.0856557368184053,0.0833962021953911
Cosmos3_seed101_0039,156,2,3,4.418256099650275,0.0857703924636541,0.0718079708326943,0.061289966962156,0.0857703924636541,0.0718079708326943,0.061289966962156
Cosmos3_seed101_0039,159,1,2,0.18882131294685936,0.2052878205274038,0.1461743824688156,0.1208219275015278,0.2052878205274038,0.1461743824688156,0.1208219275015278
Cosmos3_seed101_0039,159,1,3,0.1978758722494105,0.0897416528115597,0.0320122793923363,0.0230039256340497,0.0897416528115597,0.0320122793923363,0.0230039256340497
Cosmos3_seed101_0039,162,1,2,0.21370242181601865,0.1812961274262125,0.1238130116436542,0.1013508723253341,0.1812961274262125,0.1238130116436542,0.1013508723253341
Cosmos3_seed101_0039,162,1,3,4.882799887391635,0.0915013420874995,0.0416549489896426,0.0359821659769231,0.0915013420874995,0.0416549489896426,0.0359821659769231
Cosmos3_seed101_0039,162,2,3,6.112859075428139,0.0547557650703173,0.0364998629914455,0.0258091162187654,0.0547557650703173,0.0364998629914455,0.0258091162187654
Cosmos3_seed101_0039,165,1,2,0.23070652286572452,0.1180958556052573,0.0438538688064845,0.0328364199240316,0.1180958556052573,0.0438538688064845,0.0328364199240316
Cosmos3_seed101_0039,165,1,3,0.22023855182782442,0.166319566889877,0.1062580888150009,0.0898621095536001,0.166319566889877,0.1062580888150009,0.0898621095536001
Cosmos3_seed101_0039,168,1,2,0.25835517223953,0.1166761481753995,0.0439331204872352,0.0342040600278905,0.1166761481753995,0.0439331204872352,0.0342040600278905
Cosmos3_seed101_0039,168,1,3,0.24639726391192887,0.194093536077543,0.120924160698122,0.1004309234871448,0.194093536077543,0.120924160698122,0.1004309234871448
Cosmos3_seed101_0039,171,1,2,3.2310260397244597,0.0623557528373209,0.0357924572924751,0.0223262233868044,0.0623557528373209,0.0357924572924751,0.0223262233868044
Cosmos3_seed101_0039,171,1,3,4.750167475586886,0.0777461513332302,0.0644248551894624,0.062905279033551,0.0777461513332302,0.0644248551894624,0.062905279033551
Cosmos3_seed101_0039,171,2,3,1.3218930699279454,0.0886956528680825,0.0540206402665354,0.0374196881689234,0.0886956528680825,0.0540206402665354,0.0374196881689234
Cosmos3_seed101_0039,174,1,2,0.0,0.5804639508643231,0.4635844159132755,0.4504235461169796,0.0,0.0,0.0
Cosmos3_seed101_0039,174,1,3,0.0,0.1649680185237064,0.1090853960375109,0.1036462794731986,0.0,0.0,0.0
Cosmos3_seed101_0039,174,2,3,0.2888934545433626,0.2006633291344983,0.1059713440212406,0.1036294729953481,0.2006633291344983,0.1059713440212406,0.1036294729953481
Cosmos3_seed101_0039,177,1,2,0.0,0.6373723310922651,0.5019599373810278,0.4799644862395483,0.0,0.0,0.0
Cosmos3_seed101_0039,177,1,3,0.283725784900914,0.1947173824678613,0.1025010756474777,0.1008458162492788,0.1947173824678613,0.1025010756474777,0.1008458162492788
Cosmos3_seed101_0039,177,2,3,0.0,0.1765696574967254,0.1180222594549468,0.1110282347189227,0.0,0.0,0.0
Cosmos3_seed101_0039,180,1,2,0.0,0.6117924154569425,0.4841887288376854,0.475269389511295,0.0,0.0,0.0
Cosmos3_seed101_0039,180,1,3,0.2842701743612577,0.1795419468795628,0.0944716576219062,0.0935624877898803,0.1795419468795628,0.0944716576219062,0.0935624877898803
Cosmos3_seed101_0039,180,2,3,0.0,0.1547851731568054,0.1029092411947188,0.1000414020299243,0.0,0.0,0.0
Cosmos3_seed101_0039,183,1,2,0.2825425960052196,0.1986641257690866,0.1037290738741455,0.1029906470283477,0.1986641257690866,0.1037290738741455,0.1029906470283477
Cosmos3_seed101_0039,183,1,3,0.0,0.1689734854530619,0.1092190459401264,0.1089147276339336,0.0,0.0,0.0
Cosmos3_seed101_0039,183,2,3,0.0,0.570003996712784,0.4604464560910956,0.4558948141615482,0.0,0.0,0.0
Cosmos3_seed101_0039,186,1,2,0.2816158485394888,0.170737015163893,0.0882220656664453,0.0881936745611262,0.170737015163893,0.0882220656664453,0.0881936745611262
Cosmos3_seed101_0039,186,1,3,0.0,0.5877613488042878,0.4656797882951113,0.4534106249996766,0.0,0.0,0.0
Cosmos3_seed101_0039,186,2,3,0.0,0.1585760377404735,0.1034190953018338,0.1006619302119864,0.0,0.0,0.0
Cosmos3_seed101_0039,188,1,2,0.28319433008919265,0.1904760156609831,0.0977308645723737,0.0976106740430858,0.1904760156609831,0.0977308645723737,0.0976106740430858
Cosmos3_seed101_0039,188,1,3,0.0,0.6094874159073462,0.480522075211575,0.4696095640142009,0.0,0.0,0.0
Cosmos3_seed101_0039,188,2,3,0.0,0.1664347564467465,0.1083145667124274,0.1057245942087927,0.0,0.0,0.0
Cosmos3_seed101_0049,111,1,2,1.8769848050697777,0.1007408823408648,0.0414403457009643,0.0307772952610998,0.1007408823408648,0.0414403457009643,0.0307772952610998
Cosmos3_seed101_0049,117,1,2,1.8784217078134111,0.1324474248907149,0.0557595103532775,0.0405097455458756,0.1324474248907149,0.0557595103532775,0.0405097455458756
Cosmos3_seed101_0049,120,1,3,0.7912956525932844,0.090557905759162,0.0762796298238767,0.0653316923926201,0.090557905759162,0.0762796298238767,0.0653316923926201
Cosmos3_seed101_0049,123,1,3,0.7404347922692388,0.1039333537972367,0.0855281742891952,0.0704294646299231,0.1039333537972367,0.0855281742891952,0.0704294646299231
Cosmos3_seed101_0049,129,1,2,1.9847871185303898,0.1534826171758855,0.0634473603794753,0.0480283368587477,0.1534826171758855,0.0634473603794753,0.0480283368587477
Cosmos3_seed101_0049,129,1,3,0.8366999162977166,0.1318674831885936,0.1088697259978647,0.0937923606774119,0.1318674831885936,0.1088697259978647,0.0937923606774119
Cosmos3_seed101_0049,147,1,2,0.12168462351623345,0.1905284135639587,0.151230270019045,0.1396578234836728,0.1905284135639587,0.151230270019045,0.1396578234836728
Cosmos3_seed101_0049,156,1,2,0.0,0.0348865746246503,0.006066694263861,0.0058544618608812,0.0,0.0,0.0
Cosmos3_seed101_0049,159,1,2,0.0,0.0472505495863548,0.0078044989019782,0.0074480225980252,0.0,0.0,0.0
Cosmos3_seed101_0049,165,1,2,3.8198631517831,0.1402294243564096,0.0565425947645584,0.055275211252948,0.1402294243564096,0.0565425947645584,0.055275211252948
Cosmos3_seed101_0049,165,1,3,0.0,0.0367614379965748,0.0065149838862802,0.0064453336801833,0.0,0.0,0.0
Cosmos3_seed101_0049,168,2,3,0.06481791752555952,0.1329290456871078,0.1026224536671142,0.0806816995110994,0.1329290456871078,0.1026224536671142,0.0806816995110994
Cosmos3_seed101_0049,171,1,3,4.580911574442919,0.098350312110488,0.0472533547660572,0.0390385091419947,0.098350312110488,0.0472533547660572,0.0390385091419947
Cosmos3_seed101_0049,171,2,3,6.6192388047652315,0.1396307639014868,0.0966418012562153,0.0764753954754212,0.1396307639014868,0.0966418012562153,0.0764753954754212
Cosmos3_seed101_0049,174,1,2,5.200901966291293,0.1658523010243475,0.0915459429886466,0.0770632641666868,0.1658523010243475,0.0915459429886466,0.0770632641666868
Cosmos3_seed101_0049,174,1,3,2.3116155348237677,0.0846969028757808,0.0520091747031713,0.0492490464594736,0.0846969028757808,0.0520091747031713,0.0492490464594736
Cosmos3_seed101_0049,177,1,2,5.1596299458438235,0.1325885667641984,0.0730110520291685,0.0621713086583243,0.1325885667641984,0.0730110520291685,0.0621713086583243
Cosmos3_seed101_0049,177,1,3,2.2693267277098363,0.0784676532115189,0.0480507369928964,0.0459946958135476,0.0784676532115189,0.0480507369928964,0.0459946958135476
Cosmos3_seed101_0049,180,1,2,0.0,0.0384508174705983,0.0047238838012346,0.0039518762144915,0.0,0.0,0.0
Cosmos3_seed101_0049,183,1,2,0.0,0.041365544736497,0.0051320281765239,0.0042620866871007,0.0,0.0,0.0
Cosmos3_seed101_0049,186,1,2,0.0,0.0380227709880032,0.0047812704600175,0.0038807331172492,0.0,0.0,0.0
Cosmos3_seed101_0049,188,1,2,0.0,0.0379245868639762,0.0048246168614386,0.0038684377812288,0.0,0.0,0.0
Cosmos3_seed101_0054,0,1,2,8.178887740276283,0.060160818192524,0.0422954925709346,0.0301189006534159,0.060160818192524,0.0422954925709346,0.0301189006534159
Cosmos3_seed101_0054,0,1,3,11.957145350578374,0.0659286905185672,0.0463191209628702,0.0431343320257473,0.0659286905185672,0.0463191209628702,0.0431343320257473
Cosmos3_seed101_0054,3,1,2,8.17725236981966,0.0725184851062466,0.0511072272744838,0.0363185067770365,0.0725184851062466,0.0511072272744838,0.0363185067770365
Cosmos3_seed101_0054,3,1,3,3.319003610261732,0.0508895937511992,0.0145446504438119,0.0130214253019464,0.0508895937511992,0.0145446504438119,0.0130214253019464
Cosmos3_seed101_0054,9,1,2,3.3563049717399482,0.0415595106214107,0.0120214030412975,0.0108238379325666,0.0415595106214107,0.0120214030412975,0.0108238379325666
Cosmos3_seed101_0054,12,1,2,3.361288576323754,0.0443517244108035,0.0128435849857523,0.0115622122867519,0.0443517244108035,0.0128435849857523,0.0115622122867519
Cosmos3_seed101_0054,15,1,2,11.839844150508418,0.0735315300987005,0.0529179581140649,0.0507040618117905,0.0735315300987005,0.0529179581140649,0.0507040618117905
Cosmos3_seed101_0054,15,1,3,8.142645652064871,0.0882618770706735,0.0622684416995067,0.0446810628586773,0.0882618770706735,0.0622684416995067,0.0446810628586773
Cosmos3_seed101_0054,18,1,2,10.134084232283955,0.1215079918766582,0.0878636916125304,0.0805751099475048,0.1215079918766582,0.0878636916125304,0.0805751099475048
Cosmos3_seed101_0054,18,1,3,8.020619816996541,0.079737052323439,0.0554830256471836,0.0405783000720168,0.079737052323439,0.0554830256471836,0.0405783000720168
Cosmos3_seed101_0054,18,2,3,1.025886795948709,0.1842504870551063,0.1469436749706771,0.1413989725570567,0.1842504870551063,0.1469436749706771,0.1413989725570567
Cosmos3_seed101_0054,21,1,2,14.221446531174895,0.1207542151419985,0.1090079112370795,0.1082605623447151,0.1207542151419985,0.1090079112370795,0.1082605623447151
Cosmos3_seed101_0054,21,1,3,8.010560127041376,0.1006338463126584,0.0695345640647149,0.0504068255136899,0.1006338463126584,0.0695345640647149,0.0504068255136899
Cosmos3_seed101_0054,21,2,3,1.1151847188607753,0.1544640864159311,0.1010815400043394,0.0693650613493678,0.1544640864159311,0.1010815400043394,0.0693650613493678
Cosmos3_seed101_0054,24,1,2,14.211068652569908,0.1605012274305105,0.1470582930310784,0.1469618069127449,0.1605012274305105,0.1470582930310784,0.1469618069127449
Cosmos3_seed101_0054,24,1,3,7.911275032881325,0.0812927103261597,0.0555097979788327,0.0409312586717111,0.0812927103261597,0.0555097979788327,0.0409312586717111
Cosmos3_seed101_0054,24,2,3,1.0873704743998858,0.1516366740422745,0.1024473822629161,0.0700009520717491,0.1516366740422745,0.1024473822629161,0.0700009520717491
Cosmos3_seed101_0054,27,1,2,14.24172725430037,0.2103271884031191,0.1909229468619586,0.1878467773253329,0.2103271884031191,0.1909229468619586,0.1878467773253329
Cosmos3_seed101_0054,27,1,3,8.009989773618983,0.0901521724567763,0.0622566370919172,0.0459357347236814,0.0901521724567763,0.0622566370919172,0.0459357347236814
Cosmos3_seed101_0054,27,2,3,1.1088209951013193,0.1617076939528533,0.1083074687085315,0.0735890991948147,0.1617076939528533,0.1083074687085315,0.0735890991948147
Cosmos3_seed101_0054,30,1,2,14.211449052876256,0.2098616442637723,0.1910881761833224,0.1877422726079566,0.2098616442637723,0.1910881761833224,0.1877422726079566
Cosmos3_seed101_0054,30,1,3,7.9171352532312795,0.0888914964284585,0.0607800943808173,0.0451847840984687,0.0888914964284585,0.0607800943808173,0.0451847840984687
Cosmos3_seed101_0054,30,2,3,1.0849559535277251,0.1286105068648996,0.0863984314346258,0.0584840504971454,0.1286105068648996,0.0863984314346258,0.0584840504971454
Cosmos3_seed101_0054,33,1,2,14.19480482792605,0.2268227481459903,0.2065176960250604,0.2019326782698745,0.2268227481459903,0.2065176960250604,0.2019326782698745
Cosmos3_seed101_0054,33,1,3,9.111071153645467,0.0902485489548773,0.0586087013934174,0.0477779069769785,0.0902485489548773,0.0586087013934174,0.0477779069769785
Cosmos3_seed101_0054,36,1,2,14.068519444841776,0.2231283167452481,0.2079968092910854,0.2067477957118867,0.2231283167452481,0.2079968092910854,0.2067477957118867
Cosmos3_seed101_0054,36,1,3,8.93339049829178,0.087483470381894,0.0558482570081315,0.0450500383951171,0.087483470381894,0.0558482570081315,0.0450500383951171
Cosmos3_seed101_0054,39,1,2,13.69717076881182,0.2845200880226945,0.2726431419473785,0.2624508682398819,0.2845200880226945,0.2726431419473785,0.2624508682398819
Cosmos3_seed101_0054,39,1,3,9.006634373728394,0.1118351297276272,0.0712826843024766,0.0578712952396121,0.1118351297276272,0.0712826843024766,0.0578712952396121
Cosmos3_seed101_0054,42,1,2,12.824243819574104,0.2378575897177662,0.2135713243249598,0.2115279575355305,0.2378575897177662,0.2135713243249598,0.2115279575355305
Cosmos3_seed101_0054,42,1,3,8.968003476400188,0.1596091869651733,0.1012614457727349,0.0820248685601227,0.1596091869651733,0.1012614457727349,0.0820248685601227
Cosmos3_seed101_0054,45,1,2,11.01573092503836,0.1754535859479955,0.1361747013324095,0.1185843464421533,0.1754535859479955,0.1361747013324095,0.1185843464421533
Cosmos3_seed101_0054,45,1,3,8.062968945370692,0.0844194023182152,0.058523231603585,0.0428847497040652,0.0844194023182152,0.058523231603585,0.0428847497040652
Cosmos3_seed101_0054,45,2,3,1.078737781027648,0.1193990603181638,0.1004718863291439,0.0897421355282973,0.1193990603181638,0.1004718863291439,0.0897421355282973
Cosmos3_seed101_0054,48,1,2,10.99138124420287,0.1595282704876403,0.1235803858112397,0.1062641925156675,0.1595282704876403,0.1235803858112397,0.1062641925156675
Cosmos3_seed101_0054,48,1,3,8.058356789611452,0.0769032414674995,0.0532567224158539,0.0387746949587848,0.0769032414674995,0.0532567224158539,0.0387746949587848
Cosmos3_seed101_0054,48,2,3,1.0743111881531033,0.1200922023135143,0.1016837055374503,0.090901126200032,0.1200922023135143,0.1016837055374503,0.090901126200032
Cosmos3_seed101_0054,51,1,2,11.030441016707652,0.1523869654923089,0.1180563812872682,0.1007092466669119,0.1523869654923089,0.1180563812872682,0.1007092466669119
Cosmos3_seed101_0054,51,1,3,8.214314002509411,0.0960406129135821,0.0674990528294993,0.04899886821655,0.0960406129135821,0.0674990528294993,0.04899886821655
Cosmos3_seed101_0054,51,2,3,1.100813838071362,0.098462468268951,0.0837874953194989,0.0760116776456253,0.098462468268951,0.0837874953194989,0.0760116776456253
Cosmos3_seed101_0054,54,1,2,11.033287528574572,0.1590330101328174,0.1234633455551533,0.1052976957885119,0.1590330101328174,0.1234633455551533,0.1052976957885119
Cosmos3_seed101_0054,54,1,3,10.974204213650998,0.0883412152093178,0.074163502638075,0.0690652290841688,0.0883412152093178,0.074163502638075,0.0690652290841688
Cosmos3_seed101_0054,54,2,3,1.216516687744645,0.1323822068163345,0.1103598634543955,0.1086318539839512,0.1323822068163345,0.1103598634543955,0.1086318539839512
Cosmos3_seed101_0054,57,1,2,10.952564307632542,0.1650326812511568,0.1274750684827685,0.1090101768639715,0.1650326812511568,0.1274750684827685,0.1090101768639715
Cosmos3_seed101_0054,57,1,3,10.880707668199198,0.0929050857100392,0.0782114512036303,0.0724170525782435,0.0929050857100392,0.0782114512036303,0.0724170525782435
Cosmos3_seed101_0054,57,2,3,1.207983930288413,0.1125073861721469,0.0938568194040349,0.09239636769234,0.1125073861721469,0.0938568194040349,0.09239636769234
Cosmos3_seed101_0054,60,1,2,11.061400248459465,0.1387550062838195,0.1077922014559059,0.091836681326918,0.1387550062838195,0.1077922014559059,0.091836681326918
Cosmos3_seed101_0054,60,1,3,3.3344705766850598,0.1669412495391388,0.09837640560284,0.092299636250785,0.1669412495391388,0.09837640560284,0.092299636250785
Cosmos3_seed101_0054,60,2,3,8.649874825968952,0.1236860079601822,0.0566221744744045,0.0514169539435708,0.1236860079601822,0.0566221744744045,0.0514169539435708
Cosmos3_seed101_0054,63,1,2,3.333976368742505,0.2186878627701718,0.1339959458327577,0.1326993696685644,0.2186878627701718,0.1339959458327577,0.1326993696685644
Cosmos3_seed101_0054,63,1,3,11.038033029614102,0.1893206174798893,0.1474256129722487,0.1249458758554307,0.1893206174798893,0.1474256129722487,0.1249458758554307
Cosmos3_seed101_0054,63,2,3,8.444360430328121,0.1359055328781392,0.0648453958848449,0.0554946259170084,0.1359055328781392,0.0648453958848449,0.0554946259170084
Cosmos3_seed101_0054,66,1,2,3.556724616926227,0.1568168880537419,0.0949027165454948,0.0898176456040321,0.1568168880537419,0.0949027165454948,0.0898176456040321
Cosmos3_seed101_0054,66,1,3,10.946427643025437,0.1497540381889655,0.1156308836058036,0.0981492821634058,0.1497540381889655,0.1156308836058036,0.0981492821634058
Cosmos3_seed101_0054,66,2,3,8.109178723045837,0.145425578739315,0.0679550780788164,0.0609469780108749,0.145425578739315,0.0679550780788164,0.0609469780108749
Cosmos3_seed101_0054,69,1,2,3.8718800229809625,0.1245377904409665,0.0737627350396979,0.0671717721345214,0.1245377904409665,0.0737627350396979,0.0671717721345214
Cosmos3_seed101_0054,69,1,3,10.874347873405824,0.1560845831189774,0.1202365240207683,0.1022822665523866,0.1560845831189774,0.1202365240207683,0.1022822665523866
Cosmos3_seed101_0054,69,2,3,7.761884796677718,0.1504803998225017,0.068658165552229,0.0641366588234235,0.1504803998225017,0.068658165552229,0.0641366588234235
Cosmos3_seed101_0054,72,1,2,10.923894747231458,0.1383333201826091,0.1065641938538844,0.0907496109985938,0.1383333201826091,0.1065641938538844,0.0907496109985938
Cosmos3_seed101_0054,72,1,3,4.194600043337051,0.1656957483559878,0.0932022050359102,0.090837627165876,0.1656957483559878,0.0932022050359102,0.090837627165876
Cosmos3_seed101_0054,72,2,3,7.529734725633872,0.1387778808034581,0.0601339285144399,0.0525428288788821,0.1387778808034581,0.0601339285144399,0.0525428288788821
Cosmos3_seed101_0054,75,1,2,4.251072085844745,0.159014651159703,0.097874740484325,0.0898910887672124,0.159014651159703,0.097874740484325,0.0898910887672124
Cosmos3_seed101_0054,75,1,3,10.90281868219168,0.1423212279505199,0.1093367349932118,0.094105765627834,0.1423212279505199,0.1093367349932118,0.094105765627834
Cosmos3_seed101_0054,75,2,3,7.469777210759403,0.1607769417144904,0.0760245161277332,0.0712455558378008,0.1607769417144904,0.0760245161277332,0.0712455558378008
Cosmos3_seed101_0054,78,1,2,10.83938050470054,0.1336862046283816,0.1017871355888832,0.0866676682081513,0.1336862046283816,0.1017871355888832,0.0866676682081513
Cosmos3_seed101_0054,78,1,3,4.108857872221031,0.1277236366928631,0.076037963445028,0.0683629626913912,0.1277236366928631,0.076037963445028,0.0683629626913912
Cosmos3_seed101_0054,78,2,3,7.64203768477331,0.1196513871896645,0.0542354487497612,0.0513637895234521,0.1196513871896645,0.0542354487497612,0.0513637895234521
Cosmos3_seed101_0054,81,1,2,14.003897837408948,0.26367605860187,0.2504532970607283,0.2462226682516115,0.26367605860187,0.2504532970607283,0.2462226682516115
Cosmos3_seed101_0054,81,1,3,10.864546563082394,0.0779480536984267,0.0633363403323599,0.0583319596673619,0.0779480536984267,0.0633363403323599,0.0583319596673619
Cosmos3_seed101_0054,81,2,3,1.4947509746583,0.1357269312122195,0.1047537972307168,0.0981345862817952,0.1357269312122195,0.1047537972307168,0.0981345862817952
Cosmos3_seed101_0054,84,1,2,14.24105695894747,0.2440449506342827,0.2250319202543791,0.2239835465992321,0.2440449506342827,0.2250319202543791,0.2239835465992321
Cosmos3_seed101_0054,84,1,3,4.229361527615537,0.1761735395957015,0.1169195628226802,0.1050608238700534,0.1761735395957015,0.1169195628226802,0.1050608238700534
Cosmos3_seed101_0054,84,2,3,10.897430911356102,0.1863814523931846,0.1231178960731301,0.1020114931559817,0.1863814523931846,0.1231178960731301,0.1020114931559817
Cosmos3_seed101_0054,87,1,2,14.102880400507038,0.234941885908064,0.2155835755619825,0.2120941435051669,0.234941885908064,0.2155835755619825,0.2120941435051669
Cosmos3_seed101_0054,87,1,3,4.894133808918144,0.1316066748199325,0.0803025716943512,0.0719826561620198,0.1316066748199325,0.0803025716943512,0.0719826561620198
Cosmos3_seed101_0054,87,2,3,10.810910396751872,0.1204572732483772,0.072309868443579,0.0594772945859022,0.1204572732483772,0.072309868443579,0.0594772945859022
Cosmos3_seed101_0054,90,1,2,13.913060396770296,0.2037308689482924,0.1863889926645943,0.1819423045912418,0.2037308689482924,0.1863889926645943,0.1819423045912418
Cosmos3_seed101_0054,90,1,3,5.393574737941011,0.1462427799599545,0.0908752471359296,0.0830445893934836,0.1462427799599545,0.0908752471359296,0.0830445893934836
Cosmos3_seed101_0054,90,2,3,10.419935551687878,0.100620788589639,0.0610340680809233,0.0510271695166099,0.100620788589639,0.0610340680809233,0.0510271695166099
Cosmos3_seed101_0054,93,1,2,5.65840336223165,0.1817581428322293,0.1165289817379857,0.1069174897105861,0.1817581428322293,0.1165289817379857,0.1069174897105861
Cosmos3_seed101_0054,93,1,3,13.758766016265847,0.1567139117247909,0.1459310336631941,0.1408630058490037,0.1567139117247909,0.1459310336631941,0.1408630058490037
Cosmos3_seed101_0054,93,2,3,9.876375753302304,0.1198419779003997,0.0741648864051898,0.0633655553454929,0.1198419779003997,0.0741648864051898,0.0633655553454929
Cosmos3_seed101_0054,96,1,2,5.733944143300068,0.106757272592531,0.0743136815099896,0.0670522359885301,0.106757272592531,0.0743136815099896,0.0670522359885301
Cosmos3_seed101_0054,96,1,3,13.514349444721947,0.1496880392909238,0.1405559149750355,0.1332976634711025,0.1496880392909238,0.1405559149750355,0.1332976634711025
Cosmos3_seed101_0054,96,2,3,9.239173771011702,0.130915597403615,0.0864243474296084,0.0732221747883948,0.130915597403615,0.0864243474296084,0.0732221747883948
Cosmos3_seed101_0054,99,1,2,5.808731829936589,0.1367414015177346,0.0941110147341983,0.0847560468500655,0.1367414015177346,0.0941110147341983,0.0847560468500655
Cosmos3_seed101_0054,99,1,3,13.352965735948311,0.1553406541398254,0.1452171561189927,0.1375657207234382,0.1553406541398254,0.1452171561189927,0.1375657207234382
Cosmos3_seed101_0054,99,2,3,8.747117831287861,0.15900971083024,0.1023050035742279,0.0872809393196605,0.15900971083024,0.1023050035742279,0.0872809393196605
Cosmos3_seed101_0054,102,1,2,5.9893755422938675,0.2251436242825938,0.1582518966187102,0.1483027001423559,0.2251436242825938,0.1582518966187102,0.1483027001423559
Cosmos3_seed101_0054,102,1,3,13.484413990946363,0.1310500263201321,0.1222306124756245,0.1151142954408899,0.1310500263201321,0.1222306124756245,0.1151142954408899
Cosmos3_seed101_0054,102,2,3,8.383106282087585,0.1512216589763638,0.1001042556558021,0.0874974811284128,0.1512216589763638,0.1001042556558021,0.0874974811284128
Cosmos3_seed101_0054,105,1,2,6.160212662286963,0.1682184121859509,0.1115905359851501,0.1043190267892778,0.1682184121859509,0.1115905359851501,0.1043190267892778
Cosmos3_seed101_0054,105,1,3,13.375031044324132,0.1328550679844375,0.1249384913603623,0.117600074453465,0.1328550679844375,0.1249384913603623,0.117600074453465
Cosmos3_seed101_0054,105,2,3,7.953997922568743,0.1615582185762624,0.1007861885049161,0.0886846637938013,0.1615582185762624,0.1007861885049161,0.0886846637938013
Cosmos3_seed101_0054,108,1,2,6.18788543915497,0.1991035284606079,0.1334179844405754,0.1221307061480167,0.1991035284606079,0.1334179844405754,0.1221307061480167
Cosmos3_seed101_0054,108,1,3,13.4840986764916,0.1278359916244181,0.1189247619814273,0.1130367516861949,0.1278359916244181,0.1189247619814273,0.1130367516861949
Cosmos3_seed101_0054,108,2,3,7.897980288537983,0.1883551117374168,0.1199665605372518,0.102162108282076,0.1883551117374168,0.1199665605372518,0.102162108282076
Cosmos3_seed101_0054,111,1,2,6.1836970788193595,0.2134028021513008,0.1409990677212842,0.1313283126822015,0.2134028021513008,0.1409990677212842,0.1313283126822015
Cosmos3_seed101_0054,111,1,3,13.633323945033718,0.1309507886623487,0.1224891886098553,0.1179351077070722,0.1309507886623487,0.1224891886098553,0.1179351077070722
Cosmos3_seed101_0054,111,2,3,7.900685399457146,0.1928703489052989,0.1226950211161095,0.1068953226488457,0.1928703489052989,0.1226950211161095,0.1068953226488457
Cosmos3_seed101_0054,114,1,2,6.156899934945466,0.2641328939043257,0.1749118333768397,0.1656174934407239,0.2641328939043257,0.1749118333768397,0.1656174934407239
Cosmos3_seed101_0054,114,1,3,13.450130443387266,0.1639567450235914,0.1536729038784177,0.1458017973989488,0.1639567450235914,0.1536729038784177,0.1458017973989488
Cosmos3_seed101_0054,114,2,3,7.765542191358564,0.1786161819638213,0.1122233125948502,0.0995951315719849,0.1786161819638213,0.1122233125948502,0.0995951315719849
Cosmos3_seed101_0054,117,1,2,6.167446375346904,0.2178299170424584,0.1423408021529823,0.1367212548142785,0.2178299170424584,0.1423408021529823,0.1367212548142785
Cosmos3_seed101_0054,117,1,3,13.518083047971203,0.159009403505884,0.1487365917966513,0.1415869172643236,0.159009403505884,0.1487365917966513,0.1415869172643236
Cosmos3_seed101_0054,117,2,3,7.709654171644803,0.1631394536196413,0.1014790018169198,0.091175432199842,0.1631394536196413,0.1014790018169198,0.091175432199842
Cosmos3_seed101_0054,120,1,2,13.977812106863993,0.1726624407304295,0.1612846913468538,0.1595218931331244,0.1726624407304295,0.1612846913468538,0.1595218931331244
Cosmos3_seed101_0054,120,1,3,6.178031033990312,0.1840651576917607,0.1229402052420815,0.1136632540741941,0.1840651576917607,0.1229402052420815,0.1136632540741941
Cosmos3_seed101_0054,120,2,3,7.858851179221597,0.1684060100601744,0.1112518087825263,0.0960790065577856,0.1684060100601744,0.1112518087825263,0.0960790065577856
Cosmos3_seed101_0054,123,1,2,13.869417098238968,0.1890136443350556,0.1750974462361001,0.1702415073349966,0.1890136443350556,0.1750974462361001,0.1702415073349966
Cosmos3_seed101_0054,123,1,3,6.235327994150289,0.2098013165135716,0.1295527741527884,0.1280818040361349,0.2098013165135716,0.1295527741527884,0.1280818040361349
Cosmos3_seed101_0054,123,2,3,7.806344072407611,0.1886823858479183,0.1132805922917925,0.1037487531963905,0.1886823858479183,0.1132805922917925,0.1037487531963905
Cosmos3_seed101_0054,126,1,2,13.726506785247718,0.1780643817479708,0.1639721665890156,0.1591594419622006,0.1780643817479708,0.1639721665890156,0.1591594419622006
Cosmos3_seed101_0054,126,1,3,5.9825348024050795,0.1475513412445543,0.090676613863465,0.0903744640222642,0.1475513412445543,0.090676613863465,0.0903744640222642
Cosmos3_seed101_0054,126,2,3,7.992024074881961,0.1969716960147449,0.11749468719054,0.1078354981960135,0.1969716960147449,0.11749468719054,0.1078354981960135
Cosmos3_seed101_0054,129,1,2,5.727013433108111,0.2143371653670016,0.1288432065502862,0.1216822422986994,0.2143371653670016,0.1288432065502862,0.1216822422986994
Cosmos3_seed101_0054,129,1,3,13.921148885928252,0.1673461519782134,0.1519560600470307,0.1492408372208176,0.1673461519782134,0.1519560600470307,0.1492408372208176
Cosmos3_seed101_0054,129,2,3,8.697612735983835,0.2002550834808902,0.118227156245633,0.1013876873593653,0.2002550834808902,0.118227156245633,0.1013876873593653
Cosmos3_seed101_0054,132,1,2,14.112858964078265,0.169995852707498,0.1533638219793106,0.1513886031387568,0.169995852707498,0.1533638219793106,0.1513886031387568
Cosmos3_seed101_0054,132,1,3,5.4933109667630555,0.1767408540581619,0.1214689257937994,0.1200313555267008,0.1767408540581619,0.1214689257937994,0.1200313555267008
Cosmos3_seed101_0054,132,2,3,9.533443259152104,0.2004973823456554,0.1360213895649186,0.1212610498116044,0.2004973823456554,0.1360213895649186,0.1212610498116044
Cosmos3_seed101_0054,135,1,2,5.289591024862655,0.1386017486809256,0.0855750616921602,0.0789217413204893,0.1386017486809256,0.0855750616921602,0.0789217413204893
Cosmos3_seed101_0054,135,1,3,13.96576047138727,0.2133401329125924,0.1949374358653212,0.190705217767666,0.2133401329125924,0.1949374358653212,0.190705217767666
Cosmos3_seed101_0054,135,2,3,10.026669779172627,0.1718962669404141,0.1038274727338907,0.0874952363978663,0.1718962669404141,0.1038274727338907,0.0874952363978663
Cosmos3_seed101_0054,138,1,2,4.922083721016735,0.1307924998973722,0.0770195514525274,0.0666320272132649,0.1307924998973722,0.0770195514525274,0.0666320272132649
Cosmos3_seed101_0054,138,1,3,14.197865843907216,0.2030975628766452,0.1854429586629525,0.1845159324839869,0.2030975628766452,0.1854429586629525,0.1845159324839869
Cosmos3_seed101_0054,138,2,3,10.605490400652798,0.2083752770590503,0.1220921830914228,0.0964440714993294,0.2083752770590503,0.1220921830914228,0.0964440714993294
Cosmos3_seed101_0054,141,1,2,4.615373115394859,0.1379556725925027,0.0797914067534254,0.0679059713291861,0.1379556725925027,0.0797914067534254,0.0679059713291861
Cosmos3_seed101_0054,141,1,3,13.687120946140686,0.2323575918891356,0.2220472750400585,0.2140611288020136,0.2323575918891356,0.2220472750400585,0.2140611288020136
Cosmos3_seed101_0054,141,2,3,10.395622852645538,0.1678823145240493,0.0927919044093928,0.0761297309978046,0.1678823145240493,0.0927919044093928,0.0761297309978046
Cosmos3_seed101_0054,144,1,2,11.061753464798036,0.161272001408698,0.1244338968787687,0.1069626443275319,0.161272001408698,0.1244338968787687,0.1069626443275319
Cosmos3_seed101_0054,144,1,3,4.266444519759363,0.1119140411751542,0.0596284837238013,0.0507138572361823,0.1119140411751542,0.0596284837238013,0.0507138572361823
Cosmos3_seed101_0054,144,2,3,8.463046891610123,0.0820528804133886,0.0337320507780455,0.0333750706942842,0.0820528804133886,0.0337320507780455,0.0333750706942842
Cosmos3_seed101_0054,147,1,2,11.185660345363436,0.1661126644306542,0.1306284166763413,0.1132821675363968,0.1661126644306542,0.1306284166763413,0.1132821675363968
Cosmos3_seed101_0054,147,1,3,3.9886970864636133,0.1342463411777234,0.0672346804652717,0.0575847821882103,0.1342463411777234,0.0672346804652717,0.0575847821882103
Cosmos3_seed101_0054,147,2,3,8.723963906306297,0.1320749271056334,0.0520171058890338,0.0513732074369239,0.1320749271056334,0.0520171058890338,0.0513732074369239
Cosmos3_seed101_0054,150,1,2,11.176815850119516,0.1443664983122858,0.1134456306247327,0.0976361907563053,0.1443664983122858,0.1134456306247327,0.0976361907563053
Cosmos3_seed101_0054,150,1,3,3.7278474892065163,0.0868487878256052,0.0465188447361037,0.0366354445477457,0.0868487878256052,0.0465188447361037,0.0366354445477457
Cosmos3_seed101_0054,150,2,3,8.772353835016183,0.1425276901399085,0.0599909524997163,0.0548953108770762,0.1425276901399085,0.0599909524997163,0.0548953108770762
Cosmos3_seed101_0054,153,1,2,11.152938096953992,0.192110876461195,0.1507119772299754,0.1296222163785337,0.192110876461195,0.1507119772299754,0.1296222163785337
Cosmos3_seed101_0054,153,1,3,8.089424063372821,0.0894121078530457,0.0621592237018047,0.0447369625287998,0.0894121078530457,0.0621592237018047,0.0447369625287998
Cosmos3_seed101_0054,153,2,3,1.1095673634208798,0.1056387594171084,0.088400053655513,0.0783368245658968,0.1056387594171084,0.088400053655513,0.0783368245658968
Cosmos3_seed101_0054,156,1,2,11.167852133299263,0.1656600031638536,0.1302737515098387,0.1124369661379468,0.1656600031638536,0.1302737515098387,0.1124369661379468
Cosmos3_seed101_0054,156,1,3,3.5832631619015793,0.1351310673963197,0.0505381440259876,0.0475469028106287,0.1351310673963197,0.0505381440259876,0.0475469028106287
Cosmos3_seed101_0054,156,2,3,8.914579012540413,0.131358304634553,0.0386332167394116,0.0313701079416121,0.131358304634553,0.0386332167394116,0.0313701079416121
Cosmos3_seed101_0054,159,1,2,11.121307035170355,0.1706498197828993,0.1334841117155918,0.1153131084428387,0.1706498197828993,0.1334841117155918,0.1153131084428387
Cosmos3_seed101_0054,159,1,3,3.72585174663812,0.1248987572392917,0.0397081831425487,0.0333144282530959,0.1248987572392917,0.0397081831425487,0.0333144282530959
Cosmos3_seed101_0054,162,1,2,3.098756178168892,0.1828917026012127,0.1237670415827125,0.1000741453164747,0.1828917026012127,0.1237670415827125,0.1000741453164747
Cosmos3_seed101_0054,162,1,3,11.086124931658011,0.1555087778861918,0.1211738849249136,0.1040289899428986,0.1555087778861918,0.1211738849249136,0.1040289899428986
Cosmos3_seed101_0054,162,2,3,8.480685840905167,0.1568748825312716,0.0827215273143014,0.0574223251260597,0.1568748825312716,0.0827215273143014,0.0574223251260597
Cosmos3_seed101_0054,165,1,2,3.085657649419725,0.2241002816457883,0.1610266740426696,0.1341027713134675,0.2241002816457883,0.1610266740426696,0.1341027713134675
Cosmos3_seed101_0054,165,1,3,11.078439187240102,0.1610232518038936,0.1253016879244699,0.1072893806311433,0.1610232518038936,0.1253016879244699,0.1072893806311433
Cosmos3_seed101_0054,165,2,3,8.45929394216887,0.1437475268029661,0.0803755819374548,0.0573144167484387,0.1437475268029661,0.0803755819374548,0.0573144167484387
Cosmos3_seed101_0054,168,1,2,3.0970273788455036,0.4342529037633879,0.3117337001278012,0.2677884320844252,0.4342529037633879,0.3117337001278012,0.2677884320844252
Cosmos3_seed101_0054,168,1,3,10.99382640941771,0.1517840115409288,0.1170883416451118,0.1002375157892466,0.1517840115409288,0.1170883416451118,0.1002375157892466
Cosmos3_seed101_0054,168,2,3,8.416026086969724,0.1750337494846985,0.0969282669342183,0.0712812235101587,0.1750337494846985,0.0969282669342183,0.0712812235101587
Cosmos3_seed101_0054,171,1,2,3.1062521835264145,0.3505966408162226,0.2823855393946053,0.2732328132622762,0.3505966408162226,0.2823855393946053,0.2732328132622762
Cosmos3_seed101_0054,171,1,3,1.4462153473906365,0.124933140308041,0.0700816633933804,0.0539251005763912,0.124933140308041,0.0700816633933804,0.0539251005763912
Cosmos3_seed101_0054,174,1,2,3.080254329578219,0.316178927454865,0.2553523258349425,0.2462200303664601,0.316178927454865,0.2553523258349425,0.2462200303664601
Cosmos3_seed101_0054,174,1,3,1.4151501785529712,0.1524481543503862,0.0840136641448236,0.0654043609242346,0.1524481543503862,0.0840136641448236,0.0654043609242346
Cosmos3_seed101_0054,177,1,2,3.0940457232644025,0.4292198519770195,0.3432124597482518,0.3305742197035565,0.4292198519770195,0.3432124597482518,0.3305742197035565
Cosmos3_seed101_0054,177,1,3,1.411135972016588,0.1724089201543149,0.0941423675126094,0.0739464994649603,0.1724089201543149,0.0941423675126094,0.0739464994649603
Cosmos3_seed101_0054,180,1,2,3.077499643686449,0.3983685522514372,0.3240735011621069,0.3134944050043429,0.3983685522514372,0.3240735011621069,0.3134944050043429
Cosmos3_seed101_0054,180,1,3,1.3884276529641528,0.1476387939008692,0.0799708125464041,0.0630469110336474,0.1476387939008692,0.0799708125464041,0.0630469110336474
Cosmos3_seed101_0054,183,1,2,3.1024681188706715,0.4129394396430056,0.3340177191417756,0.3249010057737802,0.4129394396430056,0.3340177191417756,0.3249010057737802
Cosmos3_seed101_0054,183,1,3,14.310539563955789,0.1891954120208981,0.1701244113593417,0.1690582100139745,0.1891954120208981,0.1701244113593417,0.1690582100139745
Cosmos3_seed101_0054,183,2,3,11.180743841772502,0.2256857823982651,0.1837036188400262,0.1698213140246278,0.2256857823982651,0.1837036188400262,0.1698213140246278
Cosmos3_seed101_0054,186,1,2,3.110901514861661,0.3666794675375128,0.2992920071881269,0.2924392030847053,0.3666794675375128,0.2992920071881269,0.2924392030847053
Cosmos3_seed101_0054,186,1,3,14.326137590195115,0.1844328337455448,0.1659605354188104,0.1659233646661482,0.1844328337455448,0.1659605354188104,0.1659233646661482
Cosmos3_seed101_0054,186,2,3,11.1147612251222,0.1990238194402231,0.1624840982859903,0.1496363064977991,0.1990238194402231,0.1624840982859903,0.1496363064977991
Cosmos3_seed101_0054,188,1,2,3.1289196697191914,0.3611872178326138,0.2997631527972176,0.2928536271446435,0.3611872178326138,0.2997631527972176,0.2928536271446435
Cosmos3_seed101_0054,188,1,3,14.348388289608657,0.1940587886962152,0.1760977965388127,0.1749827026697014,0.1940587886962152,0.1760977965388127,0.1749827026697014
Cosmos3_seed101_0054,188,2,3,11.125916763382262,0.2192535166367148,0.180814660970885,0.1679507267684851,0.2192535166367148,0.180814660970885,0.1679507267684851
Cosmos3_seed101_0055,0,1,2,3.7514048487585825,0.0683694429412369,0.0476374487998709,0.0347485343948979,0.0683694429412369,0.0476374487998709,0.0347485343948979
Cosmos3_seed101_0055,0,2,3,0.0,0.0248709147772257,0.002320656885668,0.0011058192289918,0.0,0.0,0.0
Cosmos3_seed101_0055,3,1,2,3.73819706706801,0.0794661954336717,0.0550559166138038,0.0395084961223015,0.0794661954336717,0.0550559166138038,0.0395084961223015
Cosmos3_seed101_0055,6,1,2,5.373007527614483,0.0993102274017485,0.0671849983816252,0.0604887131685036,0.0993102274017485,0.0671849983816252,0.0604887131685036
Cosmos3_seed101_0055,6,1,3,3.77405288824485,0.0613515875033613,0.0426501013815632,0.0305243279926415,0.0613515875033613,0.0426501013815632,0.0305243279926415
Cosmos3_seed101_0055,6,2,3,1.0443184211685206,0.145408587805975,0.1155883504206764,0.1124859129706559,0.145408587805975,0.1155883504206764,0.1124859129706559
Cosmos3_seed101_0055,9,1,3,1.5122830295070906,0.0472620811360294,0.0132227111678639,0.0119911947031796,0.0472620811360294,0.0132227111678639,0.0119911947031796
Cosmos3_seed101_0055,9,2,3,0.0,0.0413237417164032,0.0095402128202662,0.0069387166675183,0.0,0.0,0.0
Cosmos3_seed101_0055,12,1,2,1.5234007681532578,0.0377937292531203,0.0106209132287395,0.0095125674105109,0.0377937292531203,0.0106209132287395,0.0095125674105109
Cosmos3_seed101_0055,15,1,2,7.2451721158098765,0.1196102013507067,0.1071422125206939,0.1024116539722965,0.1196102013507067,0.1071422125206939,0.1024116539722965
Cosmos3_seed101_0055,15,1,3,3.8281084656705864,0.0594469173313376,0.0418198013074358,0.0299892840762963,0.0594469173313376,0.0418198013074358,0.0299892840762963
Cosmos3_seed101_0055,15,2,3,1.1898683580930476,0.0947793377315824,0.0649660665239088,0.0510207466345559,0.0947793377315824,0.0649660665239088,0.0510207466345559
Cosmos3_seed101_0055,18,1,2,3.7489476435962006,0.0782394778339973,0.0538387208172288,0.0387851690758806,0.0782394778339973,0.0538387208172288,0.0387851690758806
Cosmos3_seed101_0055,18,1,3,5.694564503008167,0.1785643507360233,0.1268886721904729,0.1161843170577358,0.1785643507360233,0.1268886721904729,0.1161843170577358
Cosmos3_seed101_0055,18,2,3,1.0921685698519952,0.1634287749735494,0.1285804155278417,0.1245132360788172,0.1634287749735494,0.1285804155278417,0.1245132360788172
Cosmos3_seed101_0055,21,1,2,5.6816787852505675,0.1778798292536173,0.1258267841950216,0.1140422940388417,0.1778798292536173,0.1258267841950216,0.1140422940388417
Cosmos3_seed101_0055,21,1,3,3.823260510397636,0.0933851105396277,0.0652023408494352,0.0469786427741832,0.0933851105396277,0.0652023408494352,0.0469786427741832
Cosmos3_seed101_0055,21,2,3,1.1090298209496985,0.1776896694681418,0.141255904353541,0.139426641773302,0.1776896694681418,0.141255904353541,0.139426641773302
Cosmos3_seed101_0055,24,1,2,8.058917790207616,0.1869733583335838,0.1718403276598877,0.1688880120478184,0.1869733583335838,0.1718403276598877,0.1688880120478184
Cosmos3_seed101_0055,24,1,3,4.897452430714832,0.1466395461717198,0.0895760544643112,0.0721835248386273,0.1466395461717198,0.0895760544643112,0.0721835248386273
Cosmos3_seed101_0055,27,1,2,6.416432379366745,0.1250330431522908,0.0985448122257155,0.0873746583234086,0.1250330431522908,0.0985448122257155,0.0873746583234086
Cosmos3_seed101_0055,27,1,3,5.7351300596676715,0.1709285210904017,0.1224392054650964,0.1117467874748718,0.1709285210904017,0.1224392054650964,0.1117467874748718
Cosmos3_seed101_0055,27,2,3,0.0,0.1929941492979303,0.1754046677165636,0.170403427658372,0.0,0.0,0.0
Cosmos3_seed101_0055,30,1,2,4.734991011026371,0.132131398784922,0.078437520851999,0.0618226204309452,0.132131398784922,0.078437520851999,0.0618226204309452
Cosmos3_seed101_0055,30,1,3,7.8414712566577105,0.1867357367401267,0.1753948990983516,0.1686216203336166,0.1867357367401267,0.1753948990983516,0.1686216203336166
Cosmos3_seed101_0055,33,1,2,7.802893153459013,0.1902567453677968,0.1805980389314434,0.1721772417851224,0.1902567453677968,0.1805980389314434,0.1721772417851224
Cosmos3_seed101_0055,33,1,3,5.0056927286511,0.1671938270119435,0.1043970985714331,0.085101866011639,0.1671938270119435,0.1043970985714331,0.085101866011639
Cosmos3_seed101_0055,36,1,2,7.714771251556835,0.1954224041715266,0.1831697578495939,0.1732636264383718,0.1954224041715266,0.1831697578495939,0.1732636264383718
Cosmos3_seed101_0055,36,1,3,5.002213743861536,0.1655037176542513,0.1034006764873188,0.0845436261207652,0.1655037176542513,0.1034006764873188,0.0845436261207652
Cosmos3_seed101_0055,39,1,2,6.290727210165404,0.1871935027183923,0.1445232595194825,0.1296748728403798,0.1871935027183923,0.1445232595194825,0.1296748728403798
Cosmos3_seed101_0055,39,1,3,5.699139775430017,0.1304010917581674,0.0968578913079574,0.0960867848987332,0.1304010917581674,0.0968578913079574,0.0960867848987332
Cosmos3_seed101_0055,39,2,3,1.3153396684532395,0.1812795065803964,0.1410805146888897,0.1167892137911911,0.1812795065803964,0.1410805146888897,0.1167892137911911
Cosmos3_seed101_0055,42,1,2,5.058586473487674,0.1760902531555679,0.111431592314107,0.0917299446592184,0.1760902531555679,0.111431592314107,0.0917299446592184
Cosmos3_seed101_0055,42,1,3,7.53920299465253,0.1976291080090685,0.1826303916065207,0.1789197886017923,0.1976291080090685,0.1826303916065207,0.1789197886017923
Cosmos3_seed101_0055,45,1,2,6.99531061305851,0.2130127696653674,0.1820594198902951,0.1762550124501183,0.2130127696653674,0.1820594198902951,0.1762550124501183
Cosmos3_seed101_0055,45,1,3,3.690341109734521,0.1285923568910051,0.0869748066372696,0.0635219786866723,0.1285923568910051,0.0869748066372696,0.0635219786866723
Cosmos3_seed101_0055,45,2,3,1.161442974410205,0.1494108363209673,0.1127156761390042,0.0891980008402612,0.1494108363209673,0.1127156761390042,0.0891980008402612
Cosmos3_seed101_0055,48,1,2,6.560954537153709,0.2120621403089536,0.1699909317019115,0.1583883478902104,0.2120621403089536,0.1699909317019115,0.1583883478902104
Cosmos3_seed101_0055,48,1,3,3.671430009334903,0.0980933802384865,0.0658795622453517,0.0484302253500093,0.0980933802384865,0.0658795622453517,0.0484302253500093
Cosmos3_seed101_0055,48,2,3,1.13971689574173,0.1311232530607444,0.103454175947902,0.0866755121046622,0.1311232530607444,0.103454175947902,0.0866755121046622
Cosmos3_seed101_0055,51,1,2,6.549834114415613,0.2141567767713864,0.1700192393939778,0.1579254388846135,0.2141567767713864,0.1700192393939778,0.1579254388846135
Cosmos3_seed101_0055,51,1,3,3.762523062093279,0.1272909449310334,0.0866434453012706,0.0630638024762999,0.1272909449310334,0.0866434453012706,0.0630638024762999
Cosmos3_seed101_0055,51,2,3,1.176700218168667,0.17873673217,0.1400568098469874,0.1200815224906169,0.17873673217,0.1400568098469874,0.1200815224906169
Cosmos3_seed101_0055,54,1,2,6.450231995720438,0.1894632525073532,0.1470961707108515,0.1350404051669966,0.1894632525073532,0.1470961707108515,0.1350404051669966
Cosmos3_seed101_0055,54,1,3,3.723600240606599,0.1147264032897982,0.0769128929073981,0.0563533628127473,0.1147264032897982,0.0769128929073981,0.0563533628127473
Cosmos3_seed101_0055,54,2,3,1.166771150965342,0.1527626588032324,0.1219201627592253,0.1052773448785855,0.1527626588032324,0.1219201627592253,0.1052773448785855
Cosmos3_seed101_0055,57,1,2,7.435959695442731,0.1930013929667544,0.1705913900525327,0.1688685641380433,0.1930013929667544,0.1705913900525327,0.1688685641380433
Cosmos3_seed101_0055,57,1,3,5.093438417002538,0.1778833903785697,0.1100228554385425,0.0918582402385384,0.1778833903785697,0.1100228554385425,0.0918582402385384
Cosmos3_seed101_0055,60,1,2,7.634875559592255,0.1972748776465523,0.1795341150441724,0.1760440227615769,0.1972748776465523,0.1795341150441724,0.1760440227615769
Cosmos3_seed101_0055,60,1,3,5.054308819360411,0.1489211457743651,0.0917461094000205,0.0756282325762912,0.1489211457743651,0.0917461094000205,0.0756282325762912
Cosmos3_seed101_0055,63,1,2,7.313164513909811,0.2223455172177194,0.195600519827483,0.1948380331923818,0.2223455172177194,0.195600519827483,0.1948380331923818
Cosmos3_seed101_0055,63,2,3,1.9428319778446976,0.1068593996669973,0.0351667927541106,0.0328854013965353,0.1068593996669973,0.0351667927541106,0.0328854013965353
Cosmos3_seed101_0055,66,1,2,7.111875134947658,0.2206996778073754,0.1888711929018327,0.1818740923194011,0.2206996778073754,0.1888711929018327,0.1818740923194011
Cosmos3_seed101_0055,66,2,3,1.9723168022535074,0.0979937101114948,0.0336908713227158,0.0303223202386523,0.0979937101114948,0.0336908713227158,0.0303223202386523
Cosmos3_seed101_0055,69,1,3,7.099840926959052,0.205870505477669,0.1735733955460698,0.1687491336561765,0.205870505477669,0.1735733955460698,0.1687491336561765
Cosmos3_seed101_0055,69,2,3,1.9964023106602893,0.0741186513242156,0.0259191741240385,0.0233561499205515,0.0741186513242156,0.0259191741240385,0.0233561499205515
Cosmos3_seed101_0055,72,1,3,7.316628455246502,0.1984274552639944,0.1617862084560773,0.159458220343567,0.1984274552639944,0.1617862084560773,0.159458220343567
Cosmos3_seed101_0055,72,2,3,2.020910362651839,0.052875234004431,0.0184148732739312,0.0167056411174286,0.052875234004431,0.0184148732739312,0.0167056411174286
Cosmos3_seed101_0055,75,1,2,7.2091613564380115,0.1125852040602983,0.0851149297231923,0.0813280881918463,0.1125852040602983,0.0851149297231923,0.0813280881918463
Cosmos3_seed101_0055,75,1,3,3.7910763350948335,0.0886855936826145,0.0524244955181956,0.0413367416733412,0.0886855936826145,0.0524244955181956,0.0413367416733412
Cosmos3_seed101_0055,75,2,3,1.1638629095897688,0.137020199511304,0.1032336766259786,0.0807194420956058,0.137020199511304,0.1032336766259786,0.0807194420956058
Cosmos3_seed101_0055,78,1,2,7.210227378743394,0.1217992612658475,0.0917400594724435,0.0870770771693906,0.1217992612658475,0.0917400594724435,0.0870770771693906
Cosmos3_seed101_0055,78,2,3,2.0676088442903104,0.0810238435307108,0.0294989349094314,0.0271524891092304,0.0810238435307108,0.0294989349094314,0.0271524891092304
Cosmos3_seed101_0055,81,1,3,7.300265726311865,0.1145647405314669,0.0870009104703829,0.0831053608590537,0.1145647405314669,0.0870009104703829,0.0831053608590537
Cosmos3_seed101_0055,81,2,3,3.8243333719859764,0.0718289279485061,0.0415123368369905,0.033764299112697,0.0718289279485061,0.0415123368369905,0.033764299112697
Cosmos3_seed101_0055,84,1,3,7.5537876548399385,0.1470000777757414,0.1154632952400364,0.1083952248575856,0.1470000777757414,0.1154632952400364,0.1083952248575856
Cosmos3_seed101_0055,84,2,3,3.73876933803761,0.0917697446978024,0.0495831829056897,0.0424106471171116,0.0917697446978024,0.0495831829056897,0.0424106471171116
Cosmos3_seed101_0055,87,1,3,8.332871637026749,0.1800854593025179,0.1479992940744658,0.1332504919437529,0.1800854593025179,0.1479992940744658,0.1332504919437529
Cosmos3_seed101_0055,87,2,3,3.848560753127646,0.1061241655569443,0.0531196558693228,0.0514725131191006,0.1061241655569443,0.0531196558693228,0.0514725131191006
Cosmos3_seed101_0055,90,1,2,8.533914576360369,0.1656219823165049,0.1308614555482823,0.1096505715692955,0.1656219823165049,0.1308614555482823,0.1096505715692955
Cosmos3_seed101_0055,90,1,3,4.1634446727466,0.0894288496324396,0.0512684411979015,0.0401814696796873,0.0894288496324396,0.0512684411979015,0.0401814696796873
Cosmos3_seed101_0055,90,2,3,1.182776827603671,0.1393745604753198,0.0915289264541049,0.0664105487983577,0.1393745604753198,0.0915289264541049,0.0664105487983577
Cosmos3_seed101_0055,93,1,2,8.442597274059152,0.174866953701567,0.12937547063711,0.1200902648099783,0.174866953701567,0.12937547063711,0.1200902648099783
Cosmos3_seed101_0055,93,1,3,4.143667694415471,0.1133714821510351,0.0779425285430887,0.0687906578675023,0.1133714821510351,0.0779425285430887,0.0687906578675023
Cosmos3_seed101_0055,93,2,3,1.1740843694934366,0.1413054013682918,0.0922694503066984,0.0683396483577848,0.1413054013682918,0.0922694503066984,0.0683396483577848
Cosmos3_seed101_0055,96,1,2,7.9228117617710705,0.1569177727535086,0.1046837221255366,0.0931172625152084,0.1569177727535086,0.1046837221255366,0.0931172625152084
Cosmos3_seed101_0055,96,2,3,3.591064644203781,0.0695487594867775,0.0346038566232476,0.0297732988351166,0.0695487594867775,0.0346038566232476,0.0297732988351166
Cosmos3_seed101_0055,99,1,3,3.8090503064745445,0.1204659621381492,0.0606981272656662,0.0443224052220242,0.1204659621381492,0.0606981272656662,0.0443224052220242
Cosmos3_seed101_0055,99,2,3,3.6966066140486964,0.1463606036043971,0.1053040356249547,0.0963771698247918,0.1463606036043971,0.1053040356249547,0.0963771698247918
Cosmos3_seed101_0055,102,1,2,3.5899368194234698,0.1142120295632426,0.0581242746197211,0.0419405622389826,0.1142120295632426,0.0581242746197211,0.0419405622389826
Cosmos3_seed101_0055,102,1,3,7.09022027662194,0.15971720180345,0.1013753229962724,0.0972347609558747,0.15971720180345,0.1013753229962724,0.0972347609558747
Cosmos3_seed101_0055,102,2,3,1.1516044941410402,0.1346623294128595,0.0931991871797702,0.0747269511789156,0.1346623294128595,0.0931991871797702,0.0747269511789156
Cosmos3_seed101_0055,105,1,2,6.764302562633288,0.1356498398217619,0.0854924549264904,0.0774485999444492,0.1356498398217619,0.0854924549264904,0.0774485999444492
Cosmos3_seed101_0055,105,1,3,3.3459805400648803,0.128422746123388,0.0645409260221788,0.0499064498694974,0.128422746123388,0.0645409260221788,0.0499064498694974
Cosmos3_seed101_0055,105,2,3,1.1226410444128285,0.1239623054616532,0.0868354207130613,0.0692439206221022,0.1239623054616532,0.0868354207130613,0.0692439206221022
Cosmos3_seed101_0055,108,1,2,6.625737633277639,0.1429429854022761,0.0919894149781717,0.081933003192073,0.1429429854022761,0.0919894149781717,0.081933003192073
Cosmos3_seed101_0055,108,1,3,3.186961555304881,0.0878215308224761,0.0444426287978245,0.0342331211469771,0.0878215308224761,0.0444426287978245,0.0342331211469771
Cosmos3_seed101_0055,108,2,3,1.1399496817941948,0.1124241744337221,0.0771307370396187,0.0606528495430136,0.1124241744337221,0.0771307370396187,0.0606528495430136
Cosmos3_seed101_0055,111,1,2,6.404522724612348,0.1364806987358093,0.0879262530933391,0.0813934520066445,0.1364806987358093,0.0879262530933391,0.0813934520066445
Cosmos3_seed101_0055,111,1,3,4.962339287202477,0.0709834816528833,0.0530637990417258,0.0406544329406376,0.0709834816528833,0.0530637990417258,0.0406544329406376
Cosmos3_seed101_0055,111,2,3,1.4869616763295614,0.1304086197424494,0.0902439803301756,0.0758850113036023,0.1304086197424494,0.0902439803301756,0.0758850113036023
Cosmos3_seed101_0055,114,1,2,6.407722948161438,0.1639617521695542,0.1099607859388547,0.0990092354771369,0.1639617521695542,0.1099607859388547,0.0990092354771369
Cosmos3_seed101_0055,114,1,3,3.021423238060674,0.1040828938534509,0.053659625200508,0.0413416405635069,0.1040828938534509,0.053659625200508,0.0413416405635069
Cosmos3_seed101_0055,114,2,3,1.1188567798776297,0.1267479886915214,0.0879263449278013,0.0675914886952623,0.1267479886915214,0.0879263449278013,0.0675914886952623
Cosmos3_seed101_0055,117,1,3,6.692829869804204,0.2115855322260545,0.1454752518170046,0.1300891880086202,0.2115855322260545,0.1454752518170046,0.1300891880086202
Cosmos3_seed101_0055,117,2,3,3.934626474809339,0.0787735370553583,0.049878248595724,0.0459247494363167,0.0787735370553583,0.049878248595724,0.0459247494363167
Cosmos3_seed101_0055,120,1,3,6.642248914887102,0.2044652628094883,0.14419161086579,0.1380855647744429,0.2044652628094883,0.14419161086579,0.1380855647744429
Cosmos3_seed101_0055,120,2,3,3.514254985510244,0.0795668866003768,0.0457474334909843,0.0454093219956243,0.0795668866003768,0.0457474334909843,0.0454093219956243
Cosmos3_seed101_0055,123,1,2,6.822068937110923,0.1990292712566752,0.1481870128609447,0.1388791303929183,0.1990292712566752,0.1481870128609447,0.1388791303929183
Cosmos3_seed101_0055,123,1,3,2.07710278706197,0.0452791155908215,0.0161324037777217,0.0107517140941201,0.0452791155908215,0.0161324037777217,0.0107517140941201
Cosmos3_seed101_0055,123,2,3,0.6447872576247297,0.0320442326596108,0.0153340838400392,0.0109045968104611,0.0320442326596108,0.0153340838400392,0.0109045968104611
Cosmos3_seed101_0055,126,1,2,6.9136064405288895,0.2312217466981101,0.1757178635572496,0.1647386231525076,0.2312217466981101,0.1757178635572496,0.1647386231525076
Cosmos3_seed101_0055,126,1,3,1.379405532974389,0.0804593916701392,0.0192729893885242,0.0164305418735483,0.0804593916701392,0.0192729893885242,0.0164305418735483
Cosmos3_seed101_0055,129,1,2,6.474903734646403,0.3606434981728871,0.2592927428103525,0.2495652432184586,0.3606434981728871,0.2592927428103525,0.2495652432184586
Cosmos3_seed101_0055,129,1,3,1.3420686122611871,0.0991506320071253,0.0231614945804407,0.020420555737574,0.0991506320071253,0.0231614945804407,0.020420555737574
Cosmos3_seed101_0055,132,1,2,3.2006129113668544,0.1471163909437487,0.0827900461870672,0.0602526152649477,0.1471163909437487,0.0827900461870672,0.0602526152649477
Cosmos3_seed101_0055,132,1,3,6.295622112646245,0.1438244556214415,0.1012896615768519,0.0990411472187953,0.1438244556214415,0.1012896615768519,0.0990411472187953
Cosmos3_seed101_0055,132,2,3,1.1129592207026233,0.1824739793701286,0.1298521852553578,0.1037609511330832,0.1824739793701286,0.1298521852553578,0.1037609511330832
Cosmos3_seed101_0055,135,1,2,3.191832769080404,0.0922464805740376,0.0522746017000547,0.0379967365649582,0.0922464805740376,0.0522746017000547,0.0379967365649582
Cosmos3_seed101_0055,135,1,3,5.143461576569621,0.091094214098232,0.0658393175425061,0.0563018279116226,0.091094214098232,0.0658393175425061,0.0563018279116226
Cosmos3_seed101_0055,138,1,2,3.191265383818439,0.1193415282030693,0.0677034890088856,0.048776581478603,0.1193415282030693,0.0677034890088856,0.048776581478603
Cosmos3_seed101_0055,138,1,3,3.5710075592292028,0.098257270491687,0.0745981894438665,0.0713833378386779,0.098257270491687,0.0745981894438665,0.0713833378386779
Cosmos3_seed101_0055,138,2,3,4.600175732314215,0.1673334263284256,0.0720718633273862,0.0542622121727592,0.1673334263284256,0.0720718633273862,0.0542622121727592
Cosmos3_seed101_0055,141,1,2,3.913197372848751,0.1269362321843382,0.098507273309178,0.0888814439423194,0.1269362321843382,0.098507273309178,0.0888814439423194
Cosmos3_seed101_0055,141,1,3,3.194228387924892,0.1078954881562098,0.0614106025871547,0.0438206943607758,0.1078954881562098,0.0614106025871547,0.0438206943607758
Cosmos3_seed101_0055,141,2,3,4.867245079836982,0.187971622400252,0.083026180503578,0.0656610996627533,0.187971622400252,0.083026180503578,0.0656610996627533
Cosmos3_seed101_0055,144,1,2,3.2348196136674314,0.0822947026070963,0.0472101677214481,0.033551822016012,0.0822947026070963,0.0472101677214481,0.033551822016012
Cosmos3_seed101_0055,144,1,3,4.389861327516951,0.1563527781479413,0.1279814387192722,0.1200690162694575,0.1563527781479413,0.1279814387192722,0.1200690162694575
Cosmos3_seed101_0055,144,2,3,5.234342295327815,0.1613967394998986,0.0757878882012953,0.057411171291302,0.1613967394998986,0.0757878882012953,0.057411171291302
Cosmos3_seed101_0055,147,1,2,4.571848961222054,0.2011259277383251,0.1739342709560032,0.1641609270491323,0.2011259277383251,0.1739342709560032,0.1641609270491323
Cosmos3_seed101_0055,147,1,3,3.209692626106624,0.0944415799110337,0.0539722910877576,0.0388477926044487,0.0944415799110337,0.0539722910877576,0.0388477926044487
Cosmos3_seed101_0055,147,2,3,5.404848629038797,0.1589192106786044,0.0785418470629535,0.0598979512558865,0.1589192106786044,0.0785418470629535,0.0598979512558865
Cosmos3_seed101_0055,150,1,2,4.303250530317338,0.1549380355961069,0.123011149890336,0.109650570197294,0.1549380355961069,0.123011149890336,0.109650570197294
Cosmos3_seed101_0055,150,1,3,6.537286165867915,0.2720145382484332,0.1991435149437942,0.1909703035427213,0.2720145382484332,0.1991435149437942,0.1909703035427213
Cosmos3_seed101_0055,150,2,3,9.751495377589595,0.1009077131471943,0.0586522732046396,0.0501361447015486,0.1009077131471943,0.0586522732046396,0.0501361447015486
Cosmos3_seed101_0055,153,1,2,6.582668848833492,0.2908637260317764,0.2142551588238844,0.2059188162625755,0.2908637260317764,0.2142551588238844,0.2059188162625755
Cosmos3_seed101_0055,153,1,3,3.9966844161356443,0.1241867300984118,0.089507842829727,0.0813308541631055,0.1241867300984118,0.089507842829727,0.0813308541631055
Cosmos3_seed101_0055,153,2,3,9.721059904460326,0.0823715053579853,0.043732532329479,0.038191227221886,0.0823715053579853,0.043732532329479,0.038191227221886
Cosmos3_seed101_0055,156,1,2,6.931420186981385,0.1934989978188616,0.1488263552364424,0.1413310415526596,0.1934989978188616,0.1488263552364424,0.1413310415526596
Cosmos3_seed101_0055,156,1,3,3.486164457188892,0.2007362041211898,0.1392597880531701,0.1256893138989257,0.2007362041211898,0.1392597880531701,0.1256893138989257
Cosmos3_seed101_0055,156,2,3,10.013529280866932,0.1880129991715737,0.1003203469958157,0.0859843405644621,0.1880129991715737,0.1003203469958157,0.0859843405644621
Cosmos3_seed101_0055,159,1,2,6.8997935309292036,0.2077734940011737,0.1576458094626472,0.1504957764127827,0.2077734940011737,0.1576458094626472,0.1504957764127827
Cosmos3_seed101_0055,159,1,3,3.1414851468389724,0.0978983973276213,0.0540046695938543,0.039596918809048,0.0978983973276213,0.0540046695938543,0.039596918809048
Cosmos3_seed101_0055,159,2,3,1.1454727630747845,0.12172950328338,0.0852055355744434,0.0619485654958852,0.12172950328338,0.0852055355744434,0.0619485654958852
Cosmos3_seed101_0055,162,1,2,7.04850176639732,0.1984843562168589,0.1547983696564351,0.1469246556704708,0.1984843562168589,0.1547983696564351,0.1469246556704708
Cosmos3_seed101_0055,162,1,3,3.129892429326468,0.0819411553047893,0.0453506472678065,0.0330819943551486,0.0819411553047893,0.0453506472678065,0.0330819943551486
Cosmos3_seed101_0055,162,2,3,1.1398721724106355,0.1210772990857305,0.0838299518954171,0.0594895282009778,0.1210772990857305,0.0838299518954171,0.0594895282009778
Cosmos3_seed101_0055,165,1,2,6.977446564336462,0.2216054470556587,0.1706707486144917,0.1624550901529654,0.2216054470556587,0.1706707486144917,0.1624550901529654
Cosmos3_seed101_0055,165,1,3,3.1082374979786596,0.0785656873126895,0.0431753416528318,0.0317824315872852,0.0785656873126895,0.0431753416528318,0.0317824315872852
Cosmos3_seed101_0055,165,2,3,1.1340464437643265,0.1089119858695344,0.0763134776249901,0.0544534563721703,0.1089119858695344,0.0763134776249901,0.0544534563721703
Cosmos3_seed101_0055,168,1,2,6.955759887597649,0.2022126194062984,0.1557701058065155,0.147295313422197,0.2022126194062984,0.1557701058065155,0.147295313422197
Cosmos3_seed101_0055,168,1,3,2.545904236034494,0.1216329951826936,0.081864028837225,0.0749540807619554,0.1216329951826936,0.081864028837225,0.0749540807619554
Cosmos3_seed101_0055,168,2,3,9.70486020697251,0.1581624992785072,0.0820013669083408,0.0709950507628757,0.1581624992785072,0.0820013669083408,0.0709950507628757
Cosmos3_seed101_0055,171,1,2,7.144660136532237,0.2168087808439767,0.1710120522053113,0.1583819499718032,0.2168087808439767,0.1710120522053113,0.1583819499718032
Cosmos3_seed101_0055,171,1,3,3.1119926076328643,0.079361364346384,0.0436427490076912,0.0320582286909743,0.079361364346384,0.0436427490076912,0.0320582286909743
Cosmos3_seed101_0055,171,2,3,1.1331037139793676,0.1013442062149562,0.0689454033167802,0.0480682640494679,0.1013442062149562,0.0689454033167802,0.0480682640494679
Cosmos3_seed101_0055,174,1,2,7.212304332385241,0.2123684249974682,0.1686420888251441,0.1582530050515981,0.2123684249974682,0.1686420888251441,0.1582530050515981
Cosmos3_seed101_0055,174,1,3,3.1142042191110737,0.0914481530845415,0.0502777647281709,0.0370195157770852,0.0914481530845415,0.0502777647281709,0.0370195157770852
Cosmos3_seed101_0055,174,2,3,1.1383904035153452,0.1328212059564214,0.0917715748031494,0.0635379473247427,0.1328212059564214,0.0917715748031494,0.0635379473247427
Cosmos3_seed101_0055,177,1,2,2.5820253907543846,0.3882259340489017,0.3104694922876181,0.2882980081076909,0.3882259340489017,0.3104694922876181,0.2882980081076909
Cosmos3_seed101_0055,177,1,3,6.974079168033237,0.173689787648915,0.1340151581231121,0.1264313954893627,0.173689787648915,0.1340151581231121,0.1264313954893627
Cosmos3_seed101_0055,177,2,3,9.777834241303006,0.2144360683436919,0.1323158474703673,0.1302367543942504,0.2144360683436919,0.1323158474703673,0.1302367543942504
Cosmos3_seed101_0055,180,1,2,2.561410954209426,0.4088103968446298,0.3288634639860398,0.3078395463335867,0.4088103968446298,0.3288634639860398,0.3078395463335867
Cosmos3_seed101_0055,180,1,3,6.920993240948661,0.1673622590867575,0.1284578384893538,0.1216370271722082,0.1673622590867575,0.1284578384893538,0.1216370271722082
Cosmos3_seed101_0055,180,2,3,9.700900038509085,0.2090813546849539,0.1290957903533,0.1276190997541783,0.2090813546849539,0.1290957903533,0.1276190997541783
Cosmos3_seed101_0055,183,1,2,2.606347802169805,0.4590057160194164,0.3666784335845693,0.3425303306692939,0.4590057160194164,0.3666784335845693,0.3425303306692939
Cosmos3_seed101_0055,183,1,3,7.147155164508186,0.3723296501420884,0.2916203085623415,0.2716667133567552,0.3723296501420884,0.2916203085623415,0.2716667133567552
Cosmos3_seed101_0055,183,2,3,10.016784250719512,0.2842294997150127,0.1778388196073042,0.177350151669664,0.2842294997150127,0.1778388196073042,0.177350151669664
Cosmos3_seed101_0055,186,1,2,2.6332459169281837,0.4646017669977897,0.3633512452424187,0.3493647084153684,0.4646017669977897,0.3633512452424187,0.3493647084153684
Cosmos3_seed101_0055,186,1,3,7.185554559463569,0.3674740486674781,0.2904064228143513,0.2694664271134913,0.3674740486674781,0.2904064228143513,0.2694664271134913
Cosmos3_seed101_0055,186,2,3,10.105985688971757,0.281432171640937,0.1739398457481767,0.1678591997390791,0.281432171640937,0.1739398457481767,0.1678591997390791
Cosmos3_seed101_0055,188,1,2,2.6400429685876556,0.4470483298936077,0.3497831818497258,0.3356469601702277,0.4470483298936077,0.3497831818497258,0.3356469601702277
Cosmos3_seed101_0055,188,1,3,7.151916757017035,0.163469551444684,0.128474392749792,0.1194070596881393,0.163469551444684,0.128474392749792,0.1194070596881393
Cosmos3_seed101_0055,188,2,3,10.06417117370928,0.1863456779576463,0.1145891437639537,0.110987255105527,0.1863456779576463,0.1145891437639537,0.110987255105527
Cosmos3_seed101_0065,138,1,2,0.0,0.1312148810639196,0.0651573092665817,0.0533581741241346,0.0,0.0,0.0
Cosmos3_seed101_0065,141,1,2,0.0,0.1429272712332606,0.1152461844568836,0.093560958074621,0.0,0.0,0.0
Cosmos3_seed101_0065,144,1,2,0.0,0.1197179637072384,0.1140570381987621,0.1118496534729309,0.0,0.0,0.0
Cosmos3_seed101_0065,147,1,2,0.07188776062741625,0.1449812380323059,0.1324809947106051,0.1307076962843484,0.1449812380323059,0.1324809947106051,0.1307076962843484
Cosmos3_seed101_0065,150,1,2,0.4590365375378973,0.1586541023221334,0.1481562032148208,0.1415072756187755,0.1586541023221334,0.1481562032148208,0.1415072756187755
Cosmos3_seed101_0065,153,1,2,0.7201677348313353,0.0876557648042354,0.084479261605077,0.0843889235433814,0.0876557648042354,0.084479261605077,0.0843889235433814
Cosmos3_seed101_0065,156,1,2,0.279539998284556,0.1674483476916978,0.0872371557343933,0.0778889014285603,0.1674483476916978,0.0872371557343933,0.0778889014285603
Cosmos3_seed101_0065,156,1,3,0.69652906489734,0.2908634183728094,0.2695436744904728,0.2609991060782809,0.2908634183728094,0.2695436744904728,0.2609991060782809
Cosmos3_seed101_0065,159,1,2,0.7525624670047523,0.2184484217105669,0.2056265685757686,0.1989705645398479,0.2184484217105669,0.2056265685757686,0.1989705645398479
Cosmos3_seed101_0065,159,1,3,0.29469282893216353,0.1524999916290373,0.0818470116226684,0.0714423620496537,0.1524999916290373,0.0818470116226684,0.0714423620496537
Cosmos3_seed101_0065,162,1,2,0.8307441255194118,0.0498325936315064,0.0479055082941418,0.0461528361085491,0.0498325936315064,0.0479055082941418,0.0461528361085491
Cosmos3_seed101_0065,165,1,2,0.725725315279943,0.1601296025708533,0.1505485285998505,0.1503469373543025,0.1601296025708533,0.1505485285998505,0.1503469373543025
Cosmos3_seed101_0065,168,1,2,0.729619959366351,0.3333882033416891,0.3194887211960776,0.3184752301672187,0.3333882033416891,0.3194887211960776,0.3184752301672187
Cosmos3_seed101_0065,171,1,2,0.7396964817888629,0.3049977283464731,0.2956209145405808,0.2928419522102075,0.3049977283464731,0.2956209145405808,0.2928419522102075
Cosmos3_seed101_0065,174,1,2,0.7399336562354064,0.3934947903231842,0.3829398637026308,0.3769531368540447,0.3934947903231842,0.3829398637026308,0.3769531368540447
Cosmos3_seed101_0065,177,1,2,0.7312203537752753,0.5079523440489291,0.4910087985251806,0.4842964822350464,0.5079523440489291,0.4910087985251806,0.4842964822350464
Cosmos3_seed101_0065,180,1,2,0.7311691763947576,0.4795679061128227,0.4607208523685093,0.4531867014986405,0.4795679061128227,0.4607208523685093,0.4531867014986405
Cosmos3_seed101_0065,183,1,2,0.744193065571217,0.4935431032654112,0.4784706471600526,0.4715636471652414,0.4935431032654112,0.4784706471600526,0.4715636471652414
Cosmos3_seed101_0065,186,1,2,0.746132858750291,0.4954526503808792,0.4796513749208759,0.4721783422967195,0.4954526503808792,0.4796513749208759,0.4721783422967195
Cosmos3_seed101_0065,188,1,2,0.7483899995878502,0.4824419985956493,0.4696395766196864,0.4591364246976741,0.4824419985956493,0.4696395766196864,0.4591364246976741
Cosmos3_seed102_0000,0,1,2,0.0,0.1566655801830433,0.0925589300246045,0.0750861693704773,0.0,0.0,0.0
Cosmos3_seed102_0000,3,1,2,0.0,0.1629062031028106,0.0954491445608791,0.0767485844918711,0.0,0.0,0.0
Cosmos3_seed102_0000,3,2,3,0.058328062371360026,0.0407364671422723,0.0353633705990358,0.031125928642542,0.0407364671422723,0.0353633705990358,0.031125928642542
Cosmos3_seed102_0000,6,2,3,0.03130812022771385,0.111573836890363,0.0772624348961823,0.0620092367361684,0.111573836890363,0.0772624348961823,0.0620092367361684
Cosmos3_seed102_0000,9,2,3,0.031475314880569795,0.1276794205212204,0.0898318797162032,0.0713166550377515,0.1276794205212204,0.0898318797162032,0.0713166550377515
Cosmos3_seed102_0000,12,2,3,0.032836804485724444,0.1595619133923446,0.1131365408749685,0.0893131297033687,0.1595619133923446,0.1131365408749685,0.0893131297033687
Cosmos3_seed102_0000,15,2,3,0.028077538388760787,0.1136235700262841,0.0780312230769113,0.0629407464100752,0.1136235700262841,0.0780312230769113,0.0629407464100752
Cosmos3_seed102_0000,18,1,3,0.0,0.1609976453220182,0.0819939732451508,0.0680973451221927,0.0,0.0,0.0
Cosmos3_seed102_0000,18,2,3,0.0,0.1925085139895865,0.1696948732525647,0.156796282097736,0.0,0.0,0.0
Cosmos3_seed102_0000,21,2,3,0.028200323074557,0.1176328422338965,0.0820324623740907,0.0662368219492543,0.1176328422338965,0.0820324623740907,0.0662368219492543
Cosmos3_seed102_0000,24,2,3,0.02658255877109056,0.1165135710623631,0.0813811123256804,0.0654032787999242,0.1165135710623631,0.0813811123256804,0.0654032787999242
Cosmos3_seed102_0000,36,2,3,0.028900532873523996,0.1462614608793144,0.1015252684365285,0.0818017067047836,0.1462614608793144,0.1015252684365285,0.0818017067047836
Cosmos3_seed102_0000,54,1,3,0.0,0.0985946836350662,0.0376121057708421,0.0342107179956157,0.0,0.0,0.0
Cosmos3_seed102_0000,54,2,3,0.0,0.1262315369407005,0.1018756829334306,0.0827930703176033,0.0,0.0,0.0
Cosmos3_seed102_0000,66,2,3,0.02924617766272702,0.1462067482365836,0.1040975831797699,0.0834870651849565,0.1462067482365836,0.1040975831797699,0.0834870651849565
Cosmos3_seed102_0000,69,2,3,0.0289660045331433,0.1587765484208322,0.1135718018150908,0.0911713566710803,0.1587765484208322,0.1135718018150908,0.0911713566710803
Cosmos3_seed102_0000,72,2,3,0.03598074887911421,0.1432496779455287,0.1008286560025509,0.081200366914039,0.1432496779455287,0.1008286560025509,0.081200366914039
Cosmos3_seed102_0000,75,2,3,0.03265898022534734,0.1458259435901337,0.1025916701080021,0.0821557099053729,0.1458259435901337,0.1025916701080021,0.0821557099053729
Cosmos3_seed102_0000,78,2,3,0.03603223754913751,0.1291101933803011,0.0890771413164576,0.0718474511710112,0.1291101933803011,0.0890771413164576,0.0718474511710112
Cosmos3_seed102_0000,81,2,3,0.030359198622616948,0.1228923579402084,0.0851844935077985,0.0688220839981399,0.1228923579402084,0.0851844935077985,0.0688220839981399
Cosmos3_seed102_0000,84,2,3,0.023438530358069466,0.1257121020073786,0.0860929760118934,0.0695120386277644,0.1257121020073786,0.0860929760118934,0.0695120386277644
Cosmos3_seed102_0000,87,2,3,0.025947611723469738,0.1056950841652944,0.0734845926538148,0.0590583124977409,0.1056950841652944,0.0734845926538148,0.0590583124977409
Cosmos3_seed102_0000,90,2,3,0.026013840931848733,0.125461607657092,0.0869621481713143,0.0698299196965426,0.125461607657092,0.0869621481713143,0.0698299196965426
Cosmos3_seed102_0000,93,2,3,0.024637926637142888,0.1283152151165749,0.0876800422405831,0.0705131203007606,0.1283152151165749,0.0876800422405831,0.0705131203007606
Cosmos3_seed102_0000,96,2,3,0.0223271950453064,0.1266461617052394,0.0858158795257256,0.0689366475503664,0.1266461617052394,0.0858158795257256,0.0689366475503664
Cosmos3_seed102_0000,99,2,3,0.026874839878916226,0.1214795510690724,0.0830209698739196,0.0669704539261319,0.1214795510690724,0.0830209698739196,0.0669704539261319
Cosmos3_seed102_0000,102,2,3,0.0282571617848648,0.1564863065199305,0.1078440684068394,0.0870711737960316,0.1564863065199305,0.1078440684068394,0.0870711737960316
Cosmos3_seed102_0000,105,2,3,0.03447424053733402,0.1360057910244229,0.0920710395046846,0.0746005774503884,0.1360057910244229,0.0920710395046846,0.0746005774503884
Cosmos3_seed102_0000,108,2,3,0.03356132303223468,0.1191305944732344,0.0821156518659855,0.0647166579673511,0.1191305944732344,0.0821156518659855,0.0647166579673511
Cosmos3_seed102_0000,111,2,3,0.032504964009782,0.1112564139743687,0.0715843501806512,0.0582015242995129,0.1112564139743687,0.0715843501806512,0.0582015242995129
Cosmos3_seed102_0000,114,2,3,0.03443431766177106,0.1294351653424672,0.0858799346198403,0.0685341635920963,0.1294351653424672,0.0858799346198403,0.0685341635920963
Cosmos3_seed102_0000,117,2,3,0.03897903751027856,0.1490728805463168,0.0961961069833844,0.0775360681325192,0.1490728805463168,0.0961961069833844,0.0775360681325192
Cosmos3_seed102_0000,120,2,3,0.03397485102455378,0.120102633028534,0.0799260418584721,0.0628016598527587,0.120102633028534,0.0799260418584721,0.0628016598527587
Cosmos3_seed102_0000,123,2,3,0.030243594594370964,0.1174257233686289,0.0738365393889412,0.0576014259564376,0.1174257233686289,0.0738365393889412,0.0576014259564376
Cosmos3_seed102_0000,126,2,3,0.036634146727102225,0.118969170304529,0.0730083719834214,0.0566800698797479,0.118969170304529,0.0730083719834214,0.0566800698797479
Cosmos3_seed102_0000,129,2,3,0.03795334035123578,0.1131241842602705,0.0677744992085664,0.0538944088941383,0.1131241842602705,0.0677744992085664,0.0538944088941383
Cosmos3_seed102_0000,132,2,3,0.04256008540199187,0.1016762200500497,0.0604201965495689,0.0479876272492498,0.1016762200500497,0.0604201965495689,0.0479876272492498
Cosmos3_seed102_0000,135,2,3,0.0,0.127726399093446,0.0885267719409084,0.0868055868659329,0.0,0.0,0.0
Cosmos3_seed102_0000,138,2,3,0.03447757532507353,0.0877569592121809,0.0491079385826939,0.0399867054148965,0.0877569592121809,0.0491079385826939,0.0399867054148965
Cosmos3_seed102_0000,141,2,3,0.028176096775471712,0.0976550933912872,0.0534601519167991,0.0441938910543652,0.0976550933912872,0.0534601519167991,0.0441938910543652
Cosmos3_seed102_0000,144,2,3,0.03538633941487155,0.1040033839756298,0.0556906439131098,0.0458364186676781,0.1040033839756298,0.0556906439131098,0.0458364186676781
Cosmos3_seed102_0000,147,2,3,0.0,0.0960099908108494,0.0656300543779487,0.0649463126026373,0.0,0.0,0.0
Cosmos3_seed102_0000,150,2,3,0.0,0.0982453439367273,0.0677611451093729,0.0674428099959257,0.0,0.0,0.0
Cosmos3_seed102_0000,153,2,3,0.0,0.1073185415002135,0.074483197180118,0.0742130760797967,0.0,0.0,0.0
Cosmos3_seed102_0000,156,2,3,0.0,0.1039387931990363,0.0709653181366816,0.0697578594797336,0.0,0.0,0.0
Cosmos3_seed102_0000,159,2,3,0.017246245217078748,0.1476405750421549,0.0827767076571297,0.0682727764211726,0.1476405750421549,0.0827767076571297,0.0682727764211726
Cosmos3_seed102_0000,162,2,3,0.015779862924730312,0.1202721270691666,0.0668095782941417,0.0545027793835583,0.1202721270691666,0.0668095782941417,0.0545027793835583
Cosmos3_seed102_0000,165,2,3,0.02488973512276916,0.1169800478624197,0.0641450196516248,0.0521590875031414,0.1169800478624197,0.0641450196516248,0.0521590875031414
Cosmos3_seed102_0000,168,2,3,0.01782662167938103,0.11693908012911,0.0649158069698471,0.052776514592806,0.11693908012911,0.0649158069698471,0.052776514592806
Cosmos3_seed102_0000,171,2,3,0.015588247288337357,0.0906412781515432,0.0502492670014087,0.040890625027269,0.0906412781515432,0.0502492670014087,0.040890625027269
Cosmos3_seed102_0000,174,1,3,0.01401939135723243,0.110447579413536,0.062347721911654,0.0502327707749411,0.110447579413536,0.062347721911654,0.0502327707749411
Cosmos3_seed102_0000,177,2,3,0.017609712179664765,0.1145944029588407,0.0632527820248817,0.0518795280027105,0.1145944029588407,0.0632527820248817,0.0518795280027105
Cosmos3_seed102_0000,180,2,3,0.013282492667878438,0.1355217524710443,0.0829775501933018,0.0660012345316465,0.1355217524710443,0.0829775501933018,0.0660012345316465
Cosmos3_seed102_0000,183,2,3,0.018877842404024035,0.0778400506780362,0.0470669154615764,0.0387887444617357,0.0778400506780362,0.0470669154615764,0.0387887444617357
Cosmos3_seed102_0000,186,2,3,0.018454018198164758,0.0914540262322831,0.0589279652816088,0.0478956238598822,0.0914540262322831,0.0589279652816088,0.0478956238598822
Cosmos3_seed102_0000,188,2,3,0.02162907603907861,0.0823640766385226,0.0535099704575687,0.0439494049241166,0.0823640766385226,0.0535099704575687,0.0439494049241166
Cosmos3_seed102_0001,0,1,2,0.0,0.1594866341721199,0.1190516289949117,0.1022710326111854,0.0,0.0,0.0
Cosmos3_seed102_0001,0,2,3,0.0,0.1021290856614961,0.065746901447336,0.0598608057530915,0.0,0.0,0.0
Cosmos3_seed102_0001,3,1,2,0.0,0.1891523944941213,0.1418028932124994,0.1214162075325564,0.0,0.0,0.0
Cosmos3_seed102_0001,3,2,3,0.020794630934545335,0.0448856130359134,0.0413061644342351,0.0384822355707702,0.0448856130359134,0.0413061644342351,0.0384822355707702
Cosmos3_seed102_0001,6,1,2,0.0,0.1792959963299263,0.1340974772060013,0.1147267009675182,0.0,0.0,0.0
Cosmos3_seed102_0001,6,2,3,0.0,0.1239493018715745,0.078164045574199,0.0699319051225932,0.0,0.0,0.0
Cosmos3_seed102_0001,9,1,2,0.0,0.1699890602412479,0.127544777598397,0.1092915270322503,0.0,0.0,0.0
Cosmos3_seed102_0001,9,2,3,0.02743699790546499,0.0511997215115609,0.0470413014871272,0.0441820313315829,0.0511997215115609,0.0470413014871272,0.0441820313315829
Cosmos3_seed102_0001,12,1,2,0.0,0.1505564642867435,0.1194081543690543,0.0963040957014562,0.0,0.0,0.0
Cosmos3_seed102_0001,12,2,3,0.019605845644960897,0.0491211730983049,0.042362996794002,0.0373082331005186,0.0491211730983049,0.042362996794002,0.0373082331005186
Cosmos3_seed102_0001,15,1,2,0.0,0.1863867912999962,0.1454348907735833,0.1146018411378634,0.0,0.0,0.0
Cosmos3_seed102_0001,15,2,3,0.022007760022567557,0.0538957720853031,0.0456283666351592,0.0393550473465209,0.0538957720853031,0.0456283666351592,0.0393550473465209
Cosmos3_seed102_0001,18,1,3,0.0,0.1622428432439394,0.1165635483879345,0.0956144693898632,0.0,0.0,0.0
Cosmos3_seed102_0001,21,1,3,0.0,0.200295400561674,0.1550916233205137,0.1203234707523983,0.0,0.0,0.0
Cosmos3_seed102_0001,24,1,3,0.0,0.1509681690119022,0.107814634351452,0.0894533344253658,0.0,0.0,0.0
Cosmos3_seed102_0001,27,1,2,0.0,0.1925219830825176,0.1490513436497008,0.1165597822574477,0.0,0.0,0.0
Cosmos3_seed102_0001,30,1,2,0.0,0.2171535963847025,0.1687925362687905,0.1323432312309467,0.0,0.0,0.0
Cosmos3_seed102_0001,33,1,3,0.0,0.2063937078362938,0.1594462169226117,0.1241062280447213,0.0,0.0,0.0
Cosmos3_seed102_0001,36,1,2,0.0,0.1798136701848382,0.1379139411340467,0.10868136710336,0.0,0.0,0.0
Cosmos3_seed102_0001,36,2,3,0.01567618622049385,0.0853103594535067,0.0734484908883866,0.0656153159539078,0.0853103594535067,0.0734484908883866,0.0656153159539078
Cosmos3_seed102_0001,39,1,2,0.0,0.2074081493511311,0.1604701855963786,0.1243676509207798,0.0,0.0,0.0
Cosmos3_seed102_0001,42,1,2,0.0,0.2211945813738803,0.1711200068233787,0.13349726054847,0.0,0.0,0.0
Cosmos3_seed102_0001,45,1,3,0.0,0.2045055969380442,0.1573561483894431,0.1226816616865263,0.0,0.0,0.0
Cosmos3_seed102_0001,54,2,3,0.06481243616587778,0.1148234076408173,0.0591135184823521,0.0583949738547351,0.1148234076408173,0.0591135184823521,0.0583949738547351
Cosmos3_seed102_0001,57,1,3,0.0,0.1769747259868012,0.130230859145374,0.1017489340731858,0.0,0.0,0.0
Cosmos3_seed102_0001,57,2,3,0.028263194341253076,0.070160557163853,0.0597200271050019,0.0551371204059002,0.070160557163853,0.0597200271050019,0.0551371204059002
Cosmos3_seed102_0001,60,2,3,0.021747646950989907,0.0934242138006448,0.0788407007064267,0.0753107698602711,0.0934242138006448,0.0788407007064267,0.0753107698602711
Cosmos3_seed102_0001,66,1,3,0.0,0.1739001212563963,0.1050319176921851,0.0857490030197789,0.0,0.0,0.0
Cosmos3_seed102_0001,69,1,3,0.0,0.1439400344603796,0.0800208930564055,0.0623557810801238,0.0,0.0,0.0
Cosmos3_seed102_0001,69,2,3,0.04216659743318382,0.093055949775772,0.0799611804635495,0.0689619300964757,0.093055949775772,0.0799611804635495,0.0689619300964757
Cosmos3_seed102_0001,72,2,3,0.040766517303377124,0.1054662775245072,0.0847982759924027,0.0712944931975593,0.1054662775245072,0.0847982759924027,0.0712944931975593
Cosmos3_seed102_0001,75,2,3,0.03421077711976619,0.1247820789405466,0.0928729312311415,0.0763127868770613,0.1247820789405466,0.0928729312311415,0.0763127868770613
Cosmos3_seed102_0001,78,2,3,0.029056703601014314,0.1078050693082275,0.0768398690928408,0.0610961747575643,0.1078050693082275,0.0768398690928408,0.0610961747575643
Cosmos3_seed102_0001,81,2,3,0.02019630850281768,0.102158296226542,0.0706821297260842,0.0559845195631296,0.102158296226542,0.0706821297260842,0.0559845195631296
Cosmos3_seed102_0001,84,2,3,0.0104771940601158,0.1223278243909759,0.0832804537160418,0.065989972802884,0.1223278243909759,0.0832804537160418,0.065989972802884
Cosmos3_seed102_0001,87,2,3,0.010600523742350975,0.1124356691564714,0.0736819281126215,0.0580479808900166,0.1124356691564714,0.0736819281126215,0.0580479808900166
Cosmos3_seed102_0001,90,2,3,0.006882322384123905,0.1463343522007744,0.0939447030223725,0.0746732066116431,0.1463343522007744,0.0939447030223725,0.0746732066116431
Cosmos3_seed102_0001,93,2,3,0.012682820643028926,0.1237526460967847,0.078037925826203,0.0621136968967517,0.1237526460967847,0.078037925826203,0.0621136968967517
Cosmos3_seed102_0001,96,2,3,0.015530671880719835,0.1029595704981064,0.0646768931269504,0.0511172420044922,0.1029595704981064,0.0646768931269504,0.0511172420044922
Cosmos3_seed102_0001,99,2,3,0.015312088259361529,0.1327925930243153,0.0822921621370088,0.0654969162535383,0.1327925930243153,0.0822921621370088,0.0654969162535383
Cosmos3_seed102_0001,102,2,3,0.018489304289837305,0.1078552679932348,0.0665453438727302,0.0535576007964002,0.1078552679932348,0.0665453438727302,0.0535576007964002
Cosmos3_seed102_0001,105,2,3,0.021139622661830806,0.1144224211385081,0.0715218153062994,0.0570898350656975,0.1144224211385081,0.0715218153062994,0.0570898350656975
Cosmos3_seed102_0001,108,2,3,0.014521450434296914,0.0928994114630192,0.0570412398340544,0.0451216428643751,0.0928994114630192,0.0570412398340544,0.0451216428643751
Cosmos3_seed102_0001,111,2,3,0.026470193578492122,0.1076071161390415,0.0669417626872469,0.0537092238776253,0.1076071161390415,0.0669417626872469,0.0537092238776253
Cosmos3_seed102_0001,114,2,3,0.017649909794495575,0.1363512762932433,0.0814634723947624,0.0668600151460798,0.1363512762932433,0.0814634723947624,0.0668600151460798
Cosmos3_seed102_0001,117,2,3,0.02294166783304346,0.1314162631383639,0.0790884919274973,0.0646802643505242,0.1314162631383639,0.0790884919274973,0.0646802643505242
Cosmos3_seed102_0001,120,2,3,0.023566487013125446,0.0791689360387726,0.0479304299206537,0.039008139172232,0.0791689360387726,0.0479304299206537,0.039008139172232
Cosmos3_seed102_0001,126,2,3,0.026783718507071657,0.0972209423359747,0.0586425110588415,0.0480632106607559,0.0972209423359747,0.0586425110588415,0.0480632106607559
Cosmos3_seed102_0001,129,1,3,0.022820079075837645,0.1150083523128173,0.0692302225546098,0.0566529925247315,0.1150083523128173,0.0692302225546098,0.0566529925247315
Cosmos3_seed102_0001,132,1,3,0.023262421375512266,0.1012903421750296,0.060273285545778,0.0499030421167338,0.1012903421750296,0.060273285545778,0.0499030421167338
Cosmos3_seed102_0001,135,2,3,0.025236168664926627,0.0936785100160369,0.0557303278495325,0.0470014058784574,0.0936785100160369,0.0557303278495325,0.0470014058784574
Cosmos3_seed102_0001,138,2,3,0.028842792838577883,0.09857379394716,0.0587973709544572,0.0490604759265294,0.09857379394716,0.0587973709544572,0.0490604759265294
Cosmos3_seed102_0001,141,1,3,0.02063216092346144,0.0929892930443656,0.0567095242040463,0.0477373852740781,0.0929892930443656,0.0567095242040463,0.0477373852740781
Cosmos3_seed102_0001,144,2,3,0.018437173745796995,0.103967943339553,0.0636826862560577,0.0538102720375066,0.103967943339553,0.0636826862560577,0.0538102720375066
Cosmos3_seed102_0001,147,1,3,0.019500872546346453,0.1082141432098089,0.0654496416407481,0.0576460012638367,0.1082141432098089,0.0654496416407481,0.0576460012638367
Cosmos3_seed102_0001,150,1,3,0.01692143385911426,0.0950458611506522,0.0574094018399481,0.0498972984807575,0.0950458611506522,0.0574094018399481,0.0498972984807575
Cosmos3_seed102_0001,153,1,3,0.014329074737423939,0.1050960596381712,0.0638279909250788,0.0547197862702018,0.1050960596381712,0.0638279909250788,0.0547197862702018
Cosmos3_seed102_0001,156,2,3,0.01059936600625069,0.0938017001342073,0.0573166346113862,0.0487451805725299,0.0938017001342073,0.0573166346113862,0.0487451805725299
Cosmos3_seed102_0001,159,2,3,0.008946718541521282,0.1125771665188895,0.0702311294691814,0.0580473507445217,0.1125771665188895,0.0702311294691814,0.0580473507445217
Cosmos3_seed102_0001,162,2,3,0.003970923447659645,0.1058881830139268,0.065151646408359,0.0540356465314636,0.1058881830139268,0.065151646408359,0.0540356465314636
Cosmos3_seed102_0001,165,2,3,0.009695220160742233,0.0891092372734093,0.05374463069973,0.0458689838116999,0.0891092372734093,0.05374463069973,0.0458689838116999
Cosmos3_seed102_0001,168,2,3,0.011148130409846748,0.0873546665498697,0.0538221808850426,0.0448431756442501,0.0873546665498697,0.0538221808850426,0.0448431756442501
Cosmos3_seed102_0001,171,2,3,0.0036123745200951902,0.1075084647749929,0.0660985601007179,0.0551216570274092,0.1075084647749929,0.0660985601007179,0.0551216570274092
Cosmos3_seed102_0001,174,2,3,0.006338325493769207,0.0978877258255246,0.059787875512417,0.0506092482866156,0.0978877258255246,0.059787875512417,0.0506092482866156
Cosmos3_seed102_0001,177,2,3,0.013451250868326717,0.1078234825783821,0.0660345697348229,0.0574292657019322,0.1078234825783821,0.0660345697348229,0.0574292657019322
Cosmos3_seed102_0001,180,2,3,0.015771215189113355,0.1151077145132598,0.0701218138647907,0.0588249578401915,0.1151077145132598,0.0701218138647907,0.0588249578401915
Cosmos3_seed102_0001,183,2,3,0.013953412497638455,0.1305283791401672,0.0808956428725976,0.0655419575506627,0.1305283791401672,0.0808956428725976,0.0655419575506627
Cosmos3_seed102_0001,186,2,3,0.01513748834677414,0.1121171866105621,0.0737525354265718,0.0610220897875844,0.1121171866105621,0.0737525354265718,0.0610220897875844
Cosmos3_seed102_0001,188,2,3,0.012603051896964888,0.088693189223776,0.0585483980137626,0.0482875130626199,0.088693189223776,0.0585483980137626,0.0482875130626199
Cosmos3_seed102_0002,0,1,2,0.0,0.1611761843532072,0.132845301801885,0.1167900994065764,0.0,0.0,0.0
Cosmos3_seed102_0002,0,2,3,0.03454175552589749,0.0482777670485531,0.0404275557217207,0.0389742402215015,0.0482777670485531,0.0404275557217207,0.0389742402215015
Cosmos3_seed102_0002,3,1,3,0.0,0.1611281301827034,0.1319772888889621,0.1162621541629729,0.0,0.0,0.0
Cosmos3_seed102_0002,3,2,3,0.03609502954631395,0.0443859012630335,0.0369807163770555,0.0355438134588699,0.0443859012630335,0.0369807163770555,0.0355438134588699
Cosmos3_seed102_0002,6,1,3,0.0,0.1468117377048085,0.120657376380184,0.1062043076448788,0.0,0.0,0.0
Cosmos3_seed102_0002,6,2,3,0.035029020136802834,0.0323824690820291,0.0270800237293057,0.0261657908168308,0.0323824690820291,0.0270800237293057,0.0261657908168308
Cosmos3_seed102_0002,9,1,3,0.0,0.1313712702894778,0.108389111658632,0.0950673190660604,0.0,0.0,0.0
Cosmos3_seed102_0002,9,2,3,0.03658758410651648,0.038021221626799,0.0314301133744172,0.0301538910564486,0.038021221626799,0.0314301133744172,0.0301538910564486
Cosmos3_seed102_0002,12,1,2,0.0,0.1322356939749889,0.1080958904541661,0.0945940476865076,0.0,0.0,0.0
Cosmos3_seed102_0002,15,1,3,0.0,0.1364732832540334,0.1100655268468375,0.0950789479096314,0.0,0.0,0.0
Cosmos3_seed102_0002,18,1,3,0.0,0.126152176825558,0.103947448254643,0.0862075555512596,0.0,0.0,0.0
Cosmos3_seed102_0002,21,2,3,0.0218868515685573,0.0985206117148667,0.0690716927301955,0.0556298440956416,0.0985206117148667,0.0690716927301955,0.0556298440956416
Cosmos3_seed102_0002,24,2,3,0.023867315992846187,0.0914506875940421,0.063598031903554,0.0513496684020294,0.0914506875940421,0.063598031903554,0.0513496684020294
Cosmos3_seed102_0002,27,1,3,0.0,0.1221539640954442,0.0781672681889384,0.0744624041353986,0.0,0.0,0.0
Cosmos3_seed102_0002,27,2,3,0.0,0.1183597612190675,0.0890649466887538,0.0684738621633899,0.0,0.0,0.0
Cosmos3_seed102_0002,30,1,3,0.0,0.1136760702977914,0.0906897220488764,0.0752972995149051,0.0,0.0,0.0
Cosmos3_seed102_0002,33,1,3,0.0,0.1385520039366258,0.090682525143708,0.0846891164559199,0.0,0.0,0.0
Cosmos3_seed102_0002,33,2,3,0.04254315263597356,0.0756395560613439,0.07235705282367,0.0706943723930219,0.0756395560613439,0.07235705282367,0.0706943723930219
Cosmos3_seed102_0002,36,1,2,0.0,0.1372209761945882,0.0899812774592295,0.084215284413358,0.0,0.0,0.0
Cosmos3_seed102_0002,39,1,2,0.0,0.1337887086269785,0.0859077995518433,0.0780382377241377,0.0,0.0,0.0
Cosmos3_seed102_0002,39,2,3,0.0413188600002684,0.0868859930399677,0.0815146816091164,0.0814411509945252,0.0868859930399677,0.0815146816091164,0.0814411509945252
Cosmos3_seed102_0002,42,1,2,0.0,0.1392193652465877,0.0875939750833329,0.0790014037505908,0.0,0.0,0.0
Cosmos3_seed102_0002,45,1,2,0.0,0.1499131010845893,0.0917709616727037,0.0830742454382808,0.0,0.0,0.0
Cosmos3_seed102_0002,48,1,2,0.0,0.144134548447301,0.0864977701497634,0.077633339390272,0.0,0.0,0.0
Cosmos3_seed102_0002,51,1,3,0.0,0.1482969737864898,0.0881375207442697,0.0788011460068475,0.0,0.0,0.0
Cosmos3_seed102_0002,51,2,3,0.0,0.1150315917557504,0.0933156934728706,0.0757268754854908,0.0,0.0,0.0
Cosmos3_seed102_0002,54,1,2,0.0,0.1551830045998421,0.0913136430967406,0.0815136729389559,0.0,0.0,0.0
Cosmos3_seed102_0002,57,1,2,0.0,0.1571827961234849,0.0893781321568272,0.0800202240254578,0.0,0.0,0.0
Cosmos3_seed102_0002,60,1,3,0.0,0.172816309008648,0.0960516431974635,0.0844005411558326,0.0,0.0,0.0
Cosmos3_seed102_0002,63,1,3,0.0,0.1480374365462147,0.0778320937002117,0.0681637007925376,0.0,0.0,0.0
Cosmos3_seed102_0002,66,1,2,0.0,0.1476236096015455,0.0732673101886241,0.0627106092452222,0.0,0.0,0.0
Cosmos3_seed102_0002,78,2,3,0.03515700348570786,0.1052994692675266,0.0808297741254418,0.0653716446401724,0.1052994692675266,0.0808297741254418,0.0653716446401724
Cosmos3_seed102_0002,81,2,3,0.03309085667467882,0.1352955119427511,0.1032271582324509,0.0810375221344025,0.1352955119427511,0.1032271582324509,0.0810375221344025
Cosmos3_seed102_0002,84,2,3,0.03415115546394954,0.0934305805982688,0.0707067053629997,0.0538728033172489,0.0934305805982688,0.0707067053629997,0.0538728033172489
Cosmos3_seed102_0002,87,2,3,0.0307506021797924,0.1421335483323159,0.1040331586131821,0.0788360579772995,0.1421335483323159,0.1040331586131821,0.0788360579772995
Cosmos3_seed102_0002,90,2,3,0.029752429260218673,0.1647557644586417,0.1185540640963646,0.0892251373432516,0.1647557644586417,0.1185540640963646,0.0892251373432516
Cosmos3_seed102_0002,93,2,3,0.03092287124160597,0.1491924907964053,0.1082049433520762,0.0812043222735396,0.1491924907964053,0.1082049433520762,0.0812043222735396
Cosmos3_seed102_0002,96,2,3,0.031833875022995485,0.0956205965819761,0.0672805451851285,0.0509750695262543,0.0956205965819761,0.0672805451851285,0.0509750695262543
Cosmos3_seed102_0002,99,2,3,0.02938665907911872,0.1128678134264395,0.0804459073129274,0.061183671939644,0.1128678134264395,0.0804459073129274,0.061183671939644
Cosmos3_seed102_0002,102,2,3,0.028637008969998164,0.1222879053178009,0.090036665940241,0.0687229282321115,0.1222879053178009,0.090036665940241,0.0687229282321115
Cosmos3_seed102_0002,105,2,3,0.03196226371991413,0.1333493344943799,0.0998592489857661,0.0772038638292384,0.1333493344943799,0.0998592489857661,0.0772038638292384
Cosmos3_seed102_0002,108,2,3,0.028545644680066064,0.1433851992515562,0.1070610458648025,0.0846240169666589,0.1433851992515562,0.1070610458648025,0.0846240169666589
Cosmos3_seed102_0002,111,2,3,0.031137457553961728,0.1195658243177223,0.0877679169664397,0.068925957678368,0.1195658243177223,0.0877679169664397,0.068925957678368
Cosmos3_seed102_0002,114,2,3,0.024186535407543258,0.1493094811165039,0.107193164693403,0.0829122010596747,0.1493094811165039,0.107193164693403,0.0829122010596747
Cosmos3_seed102_0002,117,1,3,0.023680642961579988,0.149360582319588,0.1089874462843041,0.0841032865131454,0.149360582319588,0.1089874462843041,0.0841032865131454
Cosmos3_seed102_0002,120,2,3,0.024705055665494437,0.0923638104929333,0.0670941459931036,0.0517334368678281,0.0923638104929333,0.0670941459931036,0.0517334368678281
Cosmos3_seed102_0002,123,2,3,0.025309419474294246,0.1244212532798649,0.0900317818345388,0.0695615459826617,0.1244212532798649,0.0900317818345388,0.0695615459826617
Cosmos3_seed102_0002,126,1,3,0.02610233665554612,0.1801596793233327,0.1262948054908297,0.0973945425860492,0.1801596793233327,0.1262948054908297,0.0973945425860492
Cosmos3_seed102_0002,129,1,3,0.027645870951517045,0.1417128971623402,0.0934514194507594,0.0722052261305119,0.1417128971623402,0.0934514194507594,0.0722052261305119
Cosmos3_seed102_0002,132,1,3,0.027365753490467472,0.1542558354330411,0.096226227513608,0.0741501462216481,0.1542558354330411,0.096226227513608,0.0741501462216481
Cosmos3_seed102_0002,135,1,3,0.0287612744681724,0.1152323760263275,0.0689303343261318,0.0514930231024417,0.1152323760263275,0.0689303343261318,0.0514930231024417
Cosmos3_seed102_0002,138,1,2,0.021964738038606987,0.0859332330182486,0.0488573144642165,0.0360725948157453,0.0859332330182486,0.0488573144642165,0.0360725948157453
Cosmos3_seed102_0002,141,1,2,0.021556443984573598,0.1215368165880815,0.065487549229518,0.0479992064189974,0.1215368165880815,0.065487549229518,0.0479992064189974
Cosmos3_seed102_0002,144,1,3,0.025520811009278332,0.1380934764800046,0.0699835989551724,0.0509578258031561,0.1380934764800046,0.0699835989551724,0.0509578258031561
Cosmos3_seed102_0002,159,2,3,0.0218378500719007,0.1256423268163286,0.0606858255600553,0.0448915807036025,0.1256423268163286,0.0606858255600553,0.0448915807036025
Cosmos3_seed102_0002,162,2,3,0.02002518853519116,0.091247121355381,0.045313718357378,0.0340731522200729,0.091247121355381,0.045313718357378,0.0340731522200729
Cosmos3_seed102_0002,165,2,3,0.014761523262894595,0.1091216153016805,0.055132336662778,0.0417362028340363,0.1091216153016805,0.055132336662778,0.0417362028340363
Cosmos3_seed102_0002,168,2,3,0.016124434600497357,0.1147606384116721,0.0565258688113311,0.0430238305704386,0.1147606384116721,0.0565258688113311,0.0430238305704386
Cosmos3_seed102_0002,171,2,3,0.012778376339083788,0.1213629698763378,0.0609111984078348,0.0459929145317687,0.1213629698763378,0.0609111984078348,0.0459929145317687
Cosmos3_seed102_0002,174,1,3,0.01492419945280245,0.1244915437256136,0.059240979146493,0.0426392569960685,0.1244915437256136,0.059240979146493,0.0426392569960685
Cosmos3_seed102_0002,177,1,3,0.010253257516515379,0.1197640240965525,0.0590593380183791,0.0449260744811318,0.1197640240965525,0.0590593380183791,0.0449260744811318
Cosmos3_seed102_0002,180,2,3,0.0141182008377887,0.1297783184417625,0.089475183103456,0.0752758969290319,0.1297783184417625,0.089475183103456,0.0752758969290319
Cosmos3_seed102_0002,183,2,3,0.012116507547512992,0.1089728871077073,0.0774237684888165,0.0652840507541559,0.1089728871077073,0.0774237684888165,0.0652840507541559
Cosmos3_seed102_0002,186,2,3,0.008237600970675229,0.0991378758424629,0.070892801190945,0.0601912998307892,0.0991378758424629,0.070892801190945,0.0601912998307892
Cosmos3_seed102_0002,188,2,3,0.010999449294783076,0.0821207466941115,0.0589011959444943,0.0494534014845807,0.0821207466941115,0.0589011959444943,0.0494534014845807
Cosmos3_seed102_0003,0,1,2,10.514407372883449,0.1199365770582521,0.0840227937530829,0.0830203642413581,0.1199365770582521,0.0840227937530829,0.0830203642413581
Cosmos3_seed102_0003,0,2,3,0.13760850357461094,0.0267358393373757,0.0020909953478017,0.0013732558658713,0.0267358393373757,0.0020909953478017,0.0013732558658713
Cosmos3_seed102_0003,3,1,3,0.17194572725474574,0.0314274627354329,0.0065443716932212,0.0060001721686702,0.0314274627354329,0.0065443716932212,0.0060001721686702
Cosmos3_seed102_0003,3,2,3,0.0,0.0856283302191705,0.022443981879157,0.0137013512323982,0.0,0.0,0.0
Cosmos3_seed102_0003,6,1,3,0.17203106775452198,0.036916834789279,0.0076646354890709,0.0070332893721727,0.036916834789279,0.0076646354890709,0.0070332893721727
Cosmos3_seed102_0003,6,2,3,0.0,0.0893638776232211,0.0234124330335333,0.0142867143232418,0.0,0.0,0.0
Cosmos3_seed102_0003,9,1,2,4.7507892652083505,0.0914767099300073,0.0287874290337961,0.0214924776745764,0.0914767099300073,0.0287874290337961,0.0214924776745764
Cosmos3_seed102_0003,9,2,3,0.1313861545116661,0.0314701856019226,0.0054482954982295,0.0048380214379629,0.0314701856019226,0.0054482954982295,0.0048380214379629
Cosmos3_seed102_0003,12,1,2,11.367162163089514,0.1104703208852813,0.0832376503270627,0.0741004358444139,0.1104703208852813,0.0832376503270627,0.0741004358444139
Cosmos3_seed102_0003,12,1,3,4.743970233826999,0.0830828103785531,0.0261316328859313,0.0194750356140784,0.0830828103785531,0.0261316328859313,0.0194750356140784
Cosmos3_seed102_0003,15,1,3,4.728539219369404,0.0944412518672074,0.02976191098904,0.0221488469561315,0.0944412518672074,0.02976191098904,0.0221488469561315
Cosmos3_seed102_0003,15,2,3,0.1302602878664795,0.0413027999127028,0.0073710147194736,0.0063646332280837,0.0413027999127028,0.0073710147194736,0.0063646332280837
Cosmos3_seed102_0003,18,1,2,10.938933450973796,0.1535161199911442,0.1113742592867852,0.1020778402122297,0.1535161199911442,0.1113742592867852,0.1020778402122297
Cosmos3_seed102_0003,18,1,3,4.71237455486308,0.0844548478713612,0.0264091966737549,0.0196886238283578,0.0844548478713612,0.0264091966737549,0.0196886238283578
Cosmos3_seed102_0003,21,1,2,10.822297876704798,0.1430139779326681,0.1032605460594334,0.0962815801083519,0.1430139779326681,0.1032605460594334,0.0962815801083519
Cosmos3_seed102_0003,21,2,3,0.13556479519957182,0.0539298076395683,0.0042428332771054,0.0028780270855141,0.0539298076395683,0.0042428332771054,0.0028780270855141
Cosmos3_seed102_0003,24,1,2,10.239318221311894,0.1448339423349599,0.0990334243398236,0.0977927078750596,0.1448339423349599,0.0990334243398236,0.0977927078750596
Cosmos3_seed102_0003,24,1,3,6.167280944945957,0.035481628156741,0.0134684420112056,0.011846073732057,0.035481628156741,0.0134684420112056,0.011846073732057
Cosmos3_seed102_0003,24,2,3,0.0,0.0562770795645286,0.0312416475532219,0.0278269958758091,0.0,0.0,0.0
Cosmos3_seed102_0003,27,1,2,9.220240913032175,0.1462257125889278,0.0904549958765325,0.0832198283869048,0.1462257125889278,0.0904549958765325,0.0832198283869048
Cosmos3_seed102_0003,27,2,3,0.13370674039168226,0.0538331905370814,0.0049599994474287,0.002891966074103,0.0538331905370814,0.0049599994474287,0.002891966074103
Cosmos3_seed102_0003,30,1,2,9.643416056397538,0.1549120237765938,0.1003175618726777,0.094444835969836,0.1549120237765938,0.1003175618726777,0.094444835969836
Cosmos3_seed102_0003,30,1,3,6.153617289149968,0.0379648994476443,0.0144552659003935,0.0126127581123438,0.0379648994476443,0.0144552659003935,0.0126127581123438
Cosmos3_seed102_0003,30,2,3,0.0,0.0627890288052346,0.0369177951449686,0.0303264088644591,0.0,0.0,0.0
Cosmos3_seed102_0003,33,1,2,9.811988652368766,0.1460493521593696,0.0966405540194586,0.0927950822583184,0.1460493521593696,0.0966405540194586,0.0927950822583184
Cosmos3_seed102_0003,33,2,3,0.13530860639042233,0.0570776440692046,0.0049355042538287,0.0029896869848278,0.0570776440692046,0.0049355042538287,0.0029896869848278
Cosmos3_seed102_0003,36,1,2,9.829743490947354,0.1448808514566197,0.0954322147429888,0.0911798572358246,0.1448808514566197,0.0954322147429888,0.0911798572358246
Cosmos3_seed102_0003,36,2,3,0.1364323357216954,0.0523128836324329,0.0045162351776417,0.0027385167599883,0.0523128836324329,0.0045162351776417,0.0027385167599883
Cosmos3_seed102_0003,39,1,2,9.313069588136846,0.1294874487791066,0.080801628651158,0.0731752678829397,0.1294874487791066,0.080801628651158,0.0731752678829397
Cosmos3_seed102_0003,39,1,3,6.103462367680278,0.0402102071532484,0.0151653452710808,0.0132476223056875,0.0402102071532484,0.0151653452710808,0.0132476223056875
Cosmos3_seed102_0003,39,2,3,0.0,0.0487931073195805,0.0294904926745048,0.0233298458794404,0.0,0.0,0.0
Cosmos3_seed102_0003,42,1,2,9.054252233810505,0.1478152248003344,0.0896786986190354,0.0793901368649162,0.1478152248003344,0.0896786986190354,0.0793901368649162
Cosmos3_seed102_0003,42,1,3,6.110086553294155,0.0476367633075779,0.0179533175949248,0.015672208969583,0.0476367633075779,0.0179533175949248,0.015672208969583
Cosmos3_seed102_0003,42,2,3,0.0,0.0622336478477753,0.0386596214371065,0.0298758555188035,0.0,0.0,0.0
Cosmos3_seed102_0003,45,1,2,8.993411961803739,0.1329053883440845,0.0791849374499708,0.0689475360737379,0.1329053883440845,0.0791849374499708,0.0689475360737379
Cosmos3_seed102_0003,45,1,3,6.124663554587236,0.0415234447466409,0.0154946457556739,0.0135547902972345,0.0415234447466409,0.0154946457556739,0.0135547902972345
Cosmos3_seed102_0003,45,2,3,0.0,0.059986978068823,0.0375703526666117,0.0286175595945994,0.0,0.0,0.0
Cosmos3_seed102_0003,48,1,2,8.998317848400132,0.1599126197155034,0.0928189496230162,0.0784918338682178,0.1599126197155034,0.0928189496230162,0.0784918338682178
Cosmos3_seed102_0003,48,1,3,6.044134460749543,0.0421895724524575,0.0151613770259617,0.0136385920374459,0.0421895724524575,0.0151613770259617,0.0136385920374459
Cosmos3_seed102_0003,48,2,3,0.0,0.0715727535218041,0.044312610708781,0.0337090144435055,0.0,0.0,0.0
Cosmos3_seed102_0003,51,1,2,8.73079329932682,0.1937361715920347,0.1091274573930174,0.0921550340021593,0.1937361715920347,0.1091274573930174,0.0921550340021593
Cosmos3_seed102_0003,51,1,3,7.64856357973952,0.095621152917893,0.0552072632932607,0.0352161402118624,0.095621152917893,0.0552072632932607,0.0352161402118624
Cosmos3_seed102_0003,51,2,3,1.3894160762466752,0.0798849517434925,0.0546162896787328,0.048228080938521,0.0798849517434925,0.0546162896787328,0.048228080938521
Cosmos3_seed102_0003,54,1,3,8.758938397951978,0.1836646325948937,0.1054401621940758,0.0900037779229659,0.1836646325948937,0.1054401621940758,0.0900037779229659
Cosmos3_seed102_0003,54,2,3,6.231096093941831,0.103963105899794,0.0805110870254527,0.0672323523943663,0.103963105899794,0.0805110870254527,0.0672323523943663
Cosmos3_seed102_0003,57,1,3,8.82406707882293,0.1405559532162384,0.0810747755714047,0.0685972658580953,0.1405559532162384,0.0810747755714047,0.0685972658580953
Cosmos3_seed102_0003,57,2,3,6.6471118172359605,0.1154784124533831,0.0934890112690998,0.0808751211492058,0.1154784124533831,0.0934890112690998,0.0808751211492058
Cosmos3_seed102_0003,60,1,2,8.810099893918938,0.1548660510109274,0.0859935213941394,0.0716492356664517,0.1548660510109274,0.0859935213941394,0.0716492356664517
Cosmos3_seed102_0003,60,2,3,7.102073267846045,0.105325173359283,0.0906170397417472,0.0783818311313967,0.105325173359283,0.0906170397417472,0.0783818311313967
Cosmos3_seed102_0003,63,1,2,8.77393030327536,0.1595797727156095,0.0883735486035574,0.0719729780140331,0.1595797727156095,0.0883735486035574,0.0719729780140331
Cosmos3_seed102_0003,63,1,3,6.049768812953654,0.07014511828301,0.0246764733984784,0.0227912046436832,0.07014511828301,0.0246764733984784,0.0227912046436832
Cosmos3_seed102_0003,63,2,3,0.0,0.0822571762596452,0.0522534519758073,0.0393048689095381,0.0,0.0,0.0
Cosmos3_seed102_0003,66,1,3,8.655178331891898,0.1474969878714871,0.0819476333638525,0.0681833777266902,0.1474969878714871,0.0819476333638525,0.0681833777266902
Cosmos3_seed102_0003,66,2,3,7.268832228075244,0.1177459576054486,0.1002055288325403,0.0895220581742573,0.1177459576054486,0.1002055288325403,0.0895220581742573
Cosmos3_seed102_0003,69,1,2,8.390527047744524,0.1176243515645372,0.0638050692461161,0.0531462902366478,0.1176243515645372,0.0638050692461161,0.0531462902366478
Cosmos3_seed102_0003,69,1,3,6.008345864286316,0.0700901331295948,0.0270834737523935,0.0215754395264291,0.0700901331295948,0.0270834737523935,0.0215754395264291
Cosmos3_seed102_0003,69,2,3,0.0,0.1238074956470477,0.0821523506578535,0.0585207029548371,0.0,0.0,0.0
Cosmos3_seed102_0003,72,1,2,8.740274731266494,0.1651554388908949,0.0922740129873491,0.080850811495414,0.1651554388908949,0.0922740129873491,0.080850811495414
Cosmos3_seed102_0003,72,1,3,4.159846348758681,0.0604964813027499,0.0160841435129604,0.0131835759946372,0.0604964813027499,0.0160841435129604,0.0131835759946372
Cosmos3_seed102_0003,75,1,2,8.777114996275708,0.2063100884268874,0.1186659665059444,0.1055777538348004,0.2063100884268874,0.1186659665059444,0.1055777538348004
Cosmos3_seed102_0003,75,1,3,7.6664070343112405,0.1236018317039756,0.0750363786427131,0.0486974973038643,0.1236018317039756,0.0750363786427131,0.0486974973038643
Cosmos3_seed102_0003,75,2,3,1.3909888937285118,0.1250020825156346,0.0852938995683906,0.0755942756723595,0.1250020825156346,0.0852938995683906,0.0755942756723595
Cosmos3_seed102_0003,78,1,2,8.426426804272973,0.1847210023838164,0.101040080556502,0.0905995511693368,0.1847210023838164,0.101040080556502,0.0905995511693368
Cosmos3_seed102_0003,78,1,3,7.624871819263611,0.0848693892594976,0.0524539148196054,0.0334558931267831,0.0848693892594976,0.0524539148196054,0.0334558931267831
Cosmos3_seed102_0003,78,2,3,1.3234690072445743,0.1222095063817335,0.084236333882831,0.0722407328448825,0.1222095063817335,0.084236333882831,0.0722407328448825
Cosmos3_seed102_0003,81,1,2,8.574614363048017,0.1729896518061455,0.0936729073699106,0.0853259203597351,0.1729896518061455,0.0936729073699106,0.0853259203597351
Cosmos3_seed102_0003,81,1,3,5.961455429536413,0.0841232320717045,0.0314934151260225,0.0235947420680513,0.0841232320717045,0.0314934151260225,0.0235947420680513
Cosmos3_seed102_0003,81,2,3,0.0,0.1152168300081078,0.0786282084054017,0.0543611095440462,0.0,0.0,0.0
Cosmos3_seed102_0003,84,1,2,8.764071712614943,0.1775279311090677,0.0965240333080296,0.0922421144985503,0.1775279311090677,0.0965240333080296,0.0922421144985503
Cosmos3_seed102_0003,84,1,3,5.828342301730035,0.0774931815900801,0.027991004662517,0.0200407913632456,0.0774931815900801,0.027991004662517,0.0200407913632456
Cosmos3_seed102_0003,87,1,2,8.460681057643614,0.1789435160779963,0.0859580475541217,0.0792692627102713,0.1789435160779963,0.0859580475541217,0.0792692627102713
Cosmos3_seed102_0003,87,1,3,7.576338644039198,0.0988959561525465,0.0549431510138683,0.0353474599970582,0.0988959561525465,0.0549431510138683,0.0353474599970582
Cosmos3_seed102_0003,87,2,3,1.3383092341399419,0.1003765788414094,0.0700259101021351,0.0605472341005624,0.1003765788414094,0.0700259101021351,0.0605472341005624
Cosmos3_seed102_0003,90,1,2,8.386930951664736,0.2070627957145659,0.0890988115887117,0.081467469088471,0.2070627957145659,0.0890988115887117,0.081467469088471
Cosmos3_seed102_0003,90,1,3,6.026507579155684,0.0542017334236871,0.0154139262253717,0.012435101541449,0.0542017334236871,0.0154139262253717,0.012435101541449
Cosmos3_seed102_0003,90,2,3,0.0,0.0811788537506844,0.0536504262703669,0.0395750570819798,0.0,0.0,0.0
Cosmos3_seed102_0003,93,1,2,8.382781642548297,0.1684624751494754,0.0669690880512614,0.0661701071403134,0.1684624751494754,0.0669690880512614,0.0661701071403134
Cosmos3_seed102_0003,93,1,3,6.05346376415635,0.0498540184149792,0.0131649032725151,0.0095451604311027,0.0498540184149792,0.0131649032725151,0.0095451604311027
Cosmos3_seed102_0003,93,2,3,0.0,0.0690059780912105,0.0458387758489093,0.033636524654514,0.0,0.0,0.0
Cosmos3_seed102_0003,96,1,2,8.640874284464667,0.179357472601336,0.079528140615651,0.076242579791822,0.179357472601336,0.079528140615651,0.076242579791822
Cosmos3_seed102_0003,96,1,3,6.076171340186013,0.0743469330289287,0.0213371091401964,0.0152608344981222,0.0743469330289287,0.0213371091401964,0.0152608344981222
Cosmos3_seed102_0003,96,2,3,0.0,0.0822024452807232,0.0532054235147094,0.0396937247766091,0.0,0.0,0.0
Cosmos3_seed102_0003,99,1,2,8.518646900823953,0.1501830463635976,0.0626313413094394,0.0623229311474678,0.1501830463635976,0.0626313413094394,0.0623229311474678
Cosmos3_seed102_0003,99,1,3,6.142506698306678,0.08720339555814,0.0241554812212312,0.0174855042182679,0.08720339555814,0.0241554812212312,0.0174855042182679
Cosmos3_seed102_0003,99,2,3,0.0,0.1020134574368305,0.067759307928608,0.0492918672247025,0.0,0.0,0.0
Cosmos3_seed102_0003,102,1,2,8.858812291370787,0.1071324218465837,0.045479702982383,0.044062148034136,0.1071324218465837,0.045479702982383,0.044062148034136
Cosmos3_seed102_0003,102,1,3,7.635865457137699,0.090172652609658,0.0425389055951346,0.0298054533408398,0.090172652609658,0.0425389055951346,0.0298054533408398
Cosmos3_seed102_0003,102,2,3,1.359911106241742,0.132711212629092,0.0900876135064604,0.0810681593027613,0.132711212629092,0.0900876135064604,0.0810681593027613
Cosmos3_seed102_0003,105,1,2,8.86395534496016,0.1567602690973196,0.0610884376996284,0.057443798391369,0.1567602690973196,0.0610884376996284,0.057443798391369
Cosmos3_seed102_0003,105,1,3,4.317999014198082,0.0774913821100393,0.0147061345179964,0.0097485323031343,0.0774913821100393,0.0147061345179964,0.0097485323031343
Cosmos3_seed102_0003,108,1,2,9.289119394322206,0.1394375270338106,0.0567610149175707,0.0522659664430487,0.1394375270338106,0.0567610149175707,0.0522659664430487
Cosmos3_seed102_0003,108,2,3,4.419133855570713,0.0369879505514387,0.0071602738040975,0.0047440051034746,0.0369879505514387,0.0071602738040975,0.0047440051034746
Cosmos3_seed102_0003,111,1,2,9.347659128063524,0.0593797594732391,0.0241036585093472,0.0227424027064116,0.0593797594732391,0.0241036585093472,0.0227424027064116
Cosmos3_seed102_0003,111,1,3,0.0,0.0944856213125714,0.0605135232237579,0.0457594384263665,0.0,0.0,0.0
Cosmos3_seed102_0003,111,2,3,6.4805594850455455,0.0204431529854278,0.0053147045466274,0.0037919338529302,0.0204431529854278,0.0053147045466274,0.0037919338529302
Cosmos3_seed102_0003,114,1,2,0.2165578868333918,0.0671109521065957,0.054132564418218,0.05301056698987,0.0671109521065957,0.054132564418218,0.05301056698987
Cosmos3_seed102_0003,117,1,2,0.1661246641757206,0.0582513614989465,0.0445989083882752,0.0417490845025955,0.0582513614989465,0.0445989083882752,0.0417490845025955
Cosmos3_seed102_0003,120,1,2,0.20059659986963546,0.0654439722728787,0.0524792514221077,0.05246321648103,0.0654439722728787,0.0524792514221077,0.05246321648103
Cosmos3_seed102_0003,120,1,3,11.075259792193272,0.160865914147061,0.110836541087765,0.1083927448388037,0.160865914147061,0.110836541087765,0.1083927448388037
Cosmos3_seed102_0003,120,2,3,12.216646756375958,0.0678814645139741,0.0467845928737851,0.0383622069740274,0.0678814645139741,0.0467845928737851,0.0383622069740274
Cosmos3_seed102_0003,123,1,2,10.304688452165417,0.1251017563669985,0.0805301976677911,0.0734121604340185,0.1251017563669985,0.0805301976677911,0.0734121604340185
Cosmos3_seed102_0003,123,1,3,0.19331625345575354,0.0568875988070231,0.0435012855424613,0.0417442316746297,0.0568875988070231,0.0435012855424613,0.0417442316746297
Cosmos3_seed102_0003,123,2,3,11.831341551336651,0.0635008069697608,0.0425971184685208,0.0357318473782472,0.0635008069697608,0.0425971184685208,0.0357318473782472
Cosmos3_seed102_0003,126,1,2,9.908015791067609,0.1181156930671131,0.0734046775620855,0.0707942230914864,0.1181156930671131,0.0734046775620855,0.0707942230914864
Cosmos3_seed102_0003,126,1,3,9.927469844973606,0.1174834151533286,0.0487420795906902,0.0362761714370098,0.1174834151533286,0.0487420795906902,0.0362761714370098
Cosmos3_seed102_0003,129,1,2,9.840211888238171,0.1216616103552689,0.0782662938966999,0.0755776710787168,0.1216616103552689,0.0782662938966999,0.0755776710787168
Cosmos3_seed102_0003,129,1,3,9.861528940303625,0.1204104250590529,0.0514140220955762,0.0371923136719396,0.1204104250590529,0.0514140220955762,0.0371923136719396
Cosmos3_seed102_0003,132,1,3,9.275554105841124,0.0929853775170057,0.0376234825812468,0.0286268891897505,0.0929853775170057,0.0376234825812468,0.0286268891897505
Cosmos3_seed102_0003,132,2,3,9.24901358239556,0.123697921076867,0.0763798652674059,0.0713928578045742,0.123697921076867,0.0763798652674059,0.0713928578045742
Cosmos3_seed102_0003,135,1,3,9.205843468831,0.100089903408596,0.0605306542403593,0.0552206510960566,0.100089903408596,0.0605306542403593,0.0552206510960566
Cosmos3_seed102_0003,135,2,3,9.237326371431456,0.1200379948484488,0.0463171892370364,0.0352421610416058,0.1200379948484488,0.0463171892370364,0.0352421610416058
Cosmos3_seed102_0003,138,1,2,10.062557423075878,0.1459523994129253,0.1012064921278649,0.0976182987787172,0.1459523994129253,0.1012064921278649,0.0976182987787172
Cosmos3_seed102_0003,138,2,3,10.122000600589642,0.1327511438741684,0.059478924998854,0.0427308809192033,0.1327511438741684,0.059478924998854,0.0427308809192033
Cosmos3_seed102_0003,141,1,2,8.988383187344066,0.1632117442970921,0.0728060894477834,0.0627860256105751,0.1632117442970921,0.0728060894477834,0.0627860256105751
Cosmos3_seed102_0003,141,1,3,5.87934787817661,0.0364920299182107,0.0097910201760677,0.0070971523458799,0.0364920299182107,0.0097910201760677,0.0070971523458799
Cosmos3_seed102_0003,141,2,3,0.0,0.0759812365696181,0.0457003979549581,0.0384132343876895,0.0,0.0,0.0
Cosmos3_seed102_0003,144,1,2,8.950005265022796,0.1731769067765302,0.0769132782545833,0.0703238590000786,0.1731769067765302,0.0769132782545833,0.0703238590000786
Cosmos3_seed102_0003,144,2,3,8.924177112334897,0.1444115026313843,0.1115790886154497,0.1045876090928158,0.1444115026313843,0.1115790886154497,0.1045876090928158
Cosmos3_seed102_0003,147,1,2,9.15202239052933,0.1628582436895316,0.0820966621369542,0.0811846382792542,0.1628582436895316,0.0820966621369542,0.0811846382792542
Cosmos3_seed102_0003,147,1,3,4.280292230335699,0.0988555131831703,0.0232022331379694,0.0169175881908815,0.0988555131831703,0.0232022331379694,0.0169175881908815
Cosmos3_seed102_0003,150,1,3,8.911912678716591,0.1631258449087041,0.0756209939649987,0.0724876473974821,0.1631258449087041,0.0756209939649987,0.0724876473974821
Cosmos3_seed102_0003,150,2,3,8.884465395159953,0.1312589083352578,0.0990927742580563,0.0893496831398937,0.1312589083352578,0.0990927742580563,0.0893496831398937
Cosmos3_seed102_0003,153,1,2,0.023084583990428127,0.0632057870738408,0.0431126041388121,0.0430393455970537,0.0632057870738408,0.0431126041388121,0.0430393455970537
Cosmos3_seed102_0003,153,1,3,8.837152963143529,0.1539588365316891,0.0726691646311571,0.0672330041201952,0.1539588365316891,0.0726691646311571,0.0672330041201952
Cosmos3_seed102_0003,153,2,3,9.886075565640933,0.0721146953606994,0.0340963521328269,0.0215172952652491,0.0721146953606994,0.0340963521328269,0.0215172952652491
Cosmos3_seed102_0003,156,1,2,8.802426684733357,0.1925794332760666,0.0887512198848814,0.0820865337945047,0.1925794332760666,0.0887512198848814,0.0820865337945047
Cosmos3_seed102_0003,156,1,3,0.028803371286943363,0.0628168337531921,0.0431594541628112,0.0429648584008097,0.0628168337531921,0.0431594541628112,0.0429648584008097
Cosmos3_seed102_0003,156,2,3,9.788970170718141,0.0646368714708233,0.0296539257522753,0.0188442858478483,0.0646368714708233,0.0296539257522753,0.0188442858478483
Cosmos3_seed102_0003,159,1,2,8.889700376568555,0.1229256551965218,0.0506060349793628,0.0423804911746685,0.1229256551965218,0.0506060349793628,0.0423804911746685
Cosmos3_seed102_0003,159,1,3,0.01673780589606203,0.0524359896167275,0.0355952884771951,0.0352429820241818,0.0524359896167275,0.0355952884771951,0.0352429820241818
Cosmos3_seed102_0003,159,2,3,10.021749263741686,0.0445079723995247,0.0185062088152382,0.01052068895358,0.0445079723995247,0.0185062088152382,0.01052068895358
Cosmos3_seed102_0003,162,1,2,8.945788513934568,0.2188720221162569,0.1165082043045209,0.112708501636248,0.2188720221162569,0.1165082043045209,0.112708501636248
Cosmos3_seed102_0003,162,1,3,0.0,0.0922364847648197,0.0161938256180859,0.0150180165143176,0.0,0.0,0.0
Cosmos3_seed102_0003,162,2,3,3.0305533600310612,0.101202779843092,0.0333789674971576,0.0319989590292077,0.101202779843092,0.0333789674971576,0.0319989590292077
Cosmos3_seed102_0003,165,1,2,8.956519838333927,0.2031412737817091,0.108654368101737,0.1032229148370936,0.2031412737817091,0.108654368101737,0.1032229148370936
Cosmos3_seed102_0003,165,1,3,0.0,0.072658913386538,0.0126780554557201,0.0117212439842517,0.0,0.0,0.0
Cosmos3_seed102_0003,165,2,3,2.9411783432668077,0.0915814701966464,0.0298759924126714,0.0290746483849458,0.0915814701966464,0.0298759924126714,0.0290746483849458
Cosmos3_seed102_0003,168,1,2,8.993371089553445,0.2426870148866273,0.1239624651328283,0.1229684798545578,0.2426870148866273,0.1239624651328283,0.1229684798545578
Cosmos3_seed102_0003,168,2,3,2.9429933971573923,0.0833274690112449,0.0272950280445363,0.0262283517376177,0.0833274690112449,0.0272950280445363,0.0262283517376177
Cosmos3_seed102_0003,171,1,2,9.183869846878046,0.260892752487129,0.1379295607372356,0.1365365168652929,0.260892752487129,0.1379295607372356,0.1365365168652929
Cosmos3_seed102_0003,171,2,3,2.936283060647073,0.0768096306595346,0.0245860725236994,0.0234055240219391,0.0768096306595346,0.0245860725236994,0.0234055240219391
Cosmos3_seed102_0003,174,1,2,9.35331546397279,0.206589236496749,0.1110890017472373,0.1102164126764016,0.206589236496749,0.1110890017472373,0.1102164126764016
Cosmos3_seed102_0003,174,2,3,2.9705895877468556,0.0868097119730915,0.0275291838626209,0.0255402895742599,0.0868097119730915,0.0275291838626209,0.0255402895742599
Cosmos3_seed102_0003,177,1,2,10.067133820824509,0.160894019528637,0.0940188817880933,0.0877645417979785,0.160894019528637,0.0940188817880933,0.0877645417979785
Cosmos3_seed102_0003,177,2,3,2.9658786206349705,0.0729237927549443,0.021478857051933,0.0187365893541249,0.0729237927549443,0.021478857051933,0.0187365893541249
Cosmos3_seed102_0003,180,1,2,9.556725192460593,0.1566733436179668,0.0876063384335544,0.0840599763749064,0.1566733436179668,0.0876063384335544,0.0840599763749064
Cosmos3_seed102_0003,180,2,3,2.974534793756278,0.0646970372532341,0.0201012915811218,0.0181523365954928,0.0646970372532341,0.0201012915811218,0.0181523365954928
Cosmos3_seed102_0003,183,1,2,10.379777991420088,0.1628554910044379,0.0979658252741027,0.0911370416140153,0.1628554910044379,0.0979658252741027,0.0911370416140153
Cosmos3_seed102_0003,183,2,3,2.965697070034807,0.0533317998643883,0.015237571286152,0.0132595180673153,0.0533317998643883,0.015237571286152,0.0132595180673153
Cosmos3_seed102_0003,186,1,2,8.58053761676409,0.1837990768598978,0.0916907380582846,0.0896006093416854,0.1837990768598978,0.0916907380582846,0.0896006093416854
Cosmos3_seed102_0003,186,2,3,2.9520269989293837,0.0500552022242615,0.0172035618532325,0.0164742662502873,0.0500552022242615,0.0172035618532325,0.0164742662502873
Cosmos3_seed102_0003,188,1,2,8.592920113913841,0.1470782949774122,0.0738175840621768,0.0721197710845031,0.1470782949774122,0.0738175840621768,0.0721197710845031
Cosmos3_seed102_0003,188,1,3,0.0,0.0796609680247383,0.0137532732274414,0.0128649958313652,0.0,0.0,0.0
Cosmos3_seed102_0003,188,2,3,2.961551665373955,0.0689655965439488,0.0237236630919203,0.0227138531927565,0.0689655965439488,0.0237236630919203,0.0227138531927565
Cosmos3_seed102_0004,0,1,3,0.7208209470025325,0.031959388743248,0.0066493172261281,0.0064672661584104,0.031959388743248,0.0066493172261281,0.0064672661584104
Cosmos3_seed102_0004,0,2,3,0.0,0.0881162238140487,0.0231460104086921,0.0141891552966708,0.0,0.0,0.0
Cosmos3_seed102_0004,3,1,3,0.7237188149199911,0.0348600144018587,0.0072388684241216,0.0070355151463444,0.0348600144018587,0.0072388684241216,0.0070355151463444
Cosmos3_seed102_0004,3,2,3,0.0,0.0917397912581245,0.023940911843808,0.0146277067858376,0.0,0.0,0.0
Cosmos3_seed102_0004,6,2,3,0.0,0.0263122238477847,0.0167683177065104,0.0166395095376898,0.0,0.0,0.0
Cosmos3_seed102_0004,9,2,3,0.0,0.0300481547944736,0.0190694719900348,0.0188252346091069,0.0,0.0,0.0
Cosmos3_seed102_0004,12,1,3,0.7219012226813611,0.0316709125270297,0.0065507855150141,0.0063957553906872,0.0316709125270297,0.0065507855150141,0.0063957553906872
Cosmos3_seed102_0004,12,2,3,0.0,0.0931754083086542,0.0243492491813343,0.0148649065098309,0.0,0.0,0.0
Cosmos3_seed102_0004,15,1,3,0.7234393281419202,0.0391133776804898,0.0081106942213487,0.0078544735574619,0.0391133776804898,0.0081106942213487,0.0078544735574619
Cosmos3_seed102_0004,15,2,3,0.0,0.0922000204208211,0.0239775010960221,0.0146598987330604,0.0,0.0,0.0
Cosmos3_seed102_0004,18,1,3,0.7238689772663617,0.0247104626230261,0.0050716556911756,0.0049132048304251,0.0247104626230261,0.0050716556911756,0.0049132048304251
Cosmos3_seed102_0004,18,2,3,0.0,0.0936170833541791,0.024415839152653,0.0149125456286746,0.0,0.0,0.0
Cosmos3_seed102_0004,21,1,3,0.7227546272315137,0.0362052975385495,0.0074317241985809,0.0072092197526245,0.0362052975385495,0.0074317241985809,0.0072092197526245
Cosmos3_seed102_0004,21,2,3,0.0,0.0877687540633411,0.0228890276848786,0.014000716346659,0.0,0.0,0.0
Cosmos3_seed102_0004,24,1,2,0.7239424679736219,0.0407673944923689,0.0083695665744166,0.0081329141505702,0.0407673944923689,0.0083695665744166,0.0081329141505702
Cosmos3_seed102_0004,24,2,3,0.0,0.0966154077271079,0.0251848569700452,0.0153585089890328,0.0,0.0,0.0
Cosmos3_seed102_0004,27,1,2,0.7248540361477223,0.0394766731988695,0.0081237543773303,0.0078575191009547,0.0394766731988695,0.0081237543773303,0.0078575191009547
Cosmos3_seed102_0004,27,2,3,0.0,0.0894557652662822,0.0232709162818582,0.0141944290564254,0.0,0.0,0.0
Cosmos3_seed102_0004,30,1,2,0.7249197650706687,0.0399423624481168,0.0082185915488551,0.0079672523327235,0.0399423624481168,0.0082185915488551,0.0079672523327235
Cosmos3_seed102_0004,30,2,3,0.0,0.0832387104254852,0.0216043742354154,0.0132020712327697,0.0,0.0,0.0
Cosmos3_seed102_0004,33,1,3,0.7238301189120917,0.0414513780554061,0.0085787172989682,0.0083362507579328,0.0414513780554061,0.0085787172989682,0.0083362507579328
Cosmos3_seed102_0004,33,2,3,0.0,0.0893769712060344,0.02326864791634,0.0142357972868601,0.0,0.0,0.0
Cosmos3_seed102_0004,36,1,2,0.7235120089302257,0.0393164004652722,0.0082053261977089,0.008023618068375,0.0393164004652722,0.0082053261977089,0.008023618068375
Cosmos3_seed102_0004,36,2,3,0.0,0.0852627681780844,0.0221285648404824,0.0135241401162743,0.0,0.0,0.0
Cosmos3_seed102_0004,39,1,2,7.191003882131263,0.2680563538623829,0.2016920451563711,0.170596150141763,0.2680563538623829,0.2016920451563711,0.170596150141763
Cosmos3_seed102_0004,39,1,3,3.946610325185672,0.0637537544079694,0.0235742214425687,0.0192283171213006,0.0637537544079694,0.0235742214425687,0.0192283171213006
Cosmos3_seed102_0004,39,2,3,0.0,0.0634189706786427,0.0311665061034515,0.0300546434188259,0.0,0.0,0.0
Cosmos3_seed102_0004,42,1,2,7.151107508610077,0.1497472670139988,0.1090737796459719,0.0951200523624066,0.1497472670139988,0.1090737796459719,0.0951200523624066
Cosmos3_seed102_0004,42,1,3,2.960619413756924,0.1148397965537004,0.0347619829880561,0.0252594435333208,0.1148397965537004,0.0347619829880561,0.0252594435333208
Cosmos3_seed102_0004,45,1,2,7.236149397616317,0.1441916344295096,0.1038091006519453,0.0949874624895132,0.1441916344295096,0.1038091006519453,0.0949874624895132
Cosmos3_seed102_0004,45,1,3,8.14363145916,0.0745782284454625,0.0508904604506397,0.0407116203593497,0.0745782284454625,0.0508904604506397,0.0407116203593497
Cosmos3_seed102_0004,45,2,3,0.24707318153139887,0.0638136444171148,0.055791070973241,0.0528802685347116,0.0638136444171148,0.055791070973241,0.0528802685347116
Cosmos3_seed102_0004,48,1,2,7.2735452127884095,0.1448795744942937,0.1037724302122052,0.0954483476410921,0.1448795744942937,0.1037724302122052,0.0954483476410921
Cosmos3_seed102_0004,48,2,3,3.9971558590002445,0.103642956464599,0.0635345958420508,0.054028916402046,0.103642956464599,0.0635345958420508,0.054028916402046
Cosmos3_seed102_0004,51,1,2,7.425359635594967,0.1649607208030017,0.1209861527646029,0.1091374713943817,0.1649607208030017,0.1209861527646029,0.1091374713943817
Cosmos3_seed102_0004,51,1,3,3.98795568494383,0.1040441851625395,0.0620080288502131,0.0505839429348097,0.1040441851625395,0.0620080288502131,0.0505839429348097
Cosmos3_seed102_0004,54,1,3,7.407898363901632,0.1639482301802057,0.1233616027440682,0.1093832475051379,0.1639482301802057,0.1233616027440682,0.1093832475051379
Cosmos3_seed102_0004,54,2,3,3.9317216002817936,0.0981274532123069,0.0574361013572032,0.0458915890075504,0.0981274532123069,0.0574361013572032,0.0458915890075504
Cosmos3_seed102_0004,57,1,2,7.448417526065517,0.1335289538842866,0.1027576852315234,0.0909423478349348,0.1335289538842866,0.1027576852315234,0.0909423478349348
Cosmos3_seed102_0004,57,1,3,2.9731620384406114,0.1442880448350345,0.0445361212656453,0.0327904549261202,0.1442880448350345,0.0445361212656453,0.0327904549261202
Cosmos3_seed102_0004,60,1,2,7.161805422461134,0.1355000650546026,0.1029811701589525,0.0876580862704737,0.1355000650546026,0.1029811701589525,0.0876580862704737
Cosmos3_seed102_0004,60,1,3,2.981876540009239,0.1123019155708954,0.0356890553078162,0.0252171617894103,0.1123019155708954,0.0356890553078162,0.0252171617894103
Cosmos3_seed102_0004,63,1,2,7.060880873719426,0.1745879671052811,0.1294802569286165,0.1117468924391438,0.1745879671052811,0.1294802569286165,0.1117468924391438
Cosmos3_seed102_0004,63,1,3,2.9702959300800833,0.1038386431762116,0.0325617001494652,0.0230776480280756,0.1038386431762116,0.0325617001494652,0.0230776480280756
Cosmos3_seed102_0004,66,1,2,7.236346318100854,0.1291969224159942,0.0975627787443081,0.0837099985631494,0.1291969224159942,0.0975627787443081,0.0837099985631494
Cosmos3_seed102_0004,66,1,3,2.967835986198487,0.0982485844236257,0.0306086359486869,0.0217926141125525,0.0982485844236257,0.0306086359486869,0.0217926141125525
Cosmos3_seed102_0004,69,1,2,7.183838301090907,0.1447190965554114,0.1078120900811888,0.0941802345291785,0.1447190965554114,0.1078120900811888,0.0941802345291785
Cosmos3_seed102_0004,69,1,3,2.973709797877831,0.1267837927582442,0.0393018886466856,0.02814377544321,0.1267837927582442,0.0393018886466856,0.02814377544321
Cosmos3_seed102_0004,72,1,2,7.06566905672956,0.1603600238082634,0.1173187573610414,0.1023326022915657,0.1603600238082634,0.1173187573610414,0.1023326022915657
Cosmos3_seed102_0004,72,1,3,2.9676609300358616,0.1423562494109035,0.0439395576850253,0.0315657751443321,0.1423562494109035,0.0439395576850253,0.0315657751443321
Cosmos3_seed102_0004,75,1,3,7.001680270226929,0.1711460968507829,0.1233025757850718,0.1123655110369722,0.1711460968507829,0.1233025757850718,0.1123655110369722
Cosmos3_seed102_0004,75,2,3,4.536196958274823,0.1176228504842455,0.0794382851541809,0.0700932712119239,0.1176228504842455,0.0794382851541809,0.0700932712119239
Cosmos3_seed102_0004,78,1,3,6.980309866683205,0.1982696379280135,0.1405196364607037,0.129484261541074,0.1982696379280135,0.1405196364607037,0.129484261541074
Cosmos3_seed102_0004,78,2,3,4.659979025971173,0.1367932461042764,0.0948616900708166,0.0841227576664693,0.1367932461042764,0.0948616900708166,0.0841227576664693
Cosmos3_seed102_0004,81,1,3,6.92002150564809,0.1991858685716623,0.1394548297525873,0.129982807297297,0.1991858685716623,0.1394548297525873,0.129982807297297
Cosmos3_seed102_0004,81,2,3,4.600957682332254,0.1256517179905621,0.0869669356793294,0.077476751748855,0.1256517179905621,0.0869669356793294,0.077476751748855
Cosmos3_seed102_0004,84,1,3,6.863684680232337,0.1737067639187288,0.1163388664757518,0.1076949712432667,0.1737067639187288,0.1163388664757518,0.1076949712432667
Cosmos3_seed102_0004,84,2,3,4.688877206524176,0.1232565376963781,0.0883384126460971,0.0786837764196148,0.1232565376963781,0.0883384126460971,0.0786837764196148
Cosmos3_seed102_0004,87,1,2,6.7782104647557,0.2387465292741249,0.1568170587187072,0.1427051236280149,0.2387465292741249,0.1568170587187072,0.1427051236280149
Cosmos3_seed102_0004,87,2,3,4.585469860865981,0.1552768079832719,0.1111208377421806,0.0969666483300698,0.1552768079832719,0.1111208377421806,0.0969666483300698
Cosmos3_seed102_0004,90,1,2,4.754398759721879,0.152746153623296,0.1126677977607307,0.0948441119488114,0.152746153623296,0.1126677977607307,0.0948441119488114
Cosmos3_seed102_0004,90,2,3,6.809363765461911,0.2367376255841118,0.1591991942929364,0.1442885814322727,0.2367376255841118,0.1591991942929364,0.1442885814322727
Cosmos3_seed102_0004,93,1,2,4.713590279560188,0.143681413432557,0.1043825531191674,0.0879796579199028,0.143681413432557,0.1043825531191674,0.0879796579199028
Cosmos3_seed102_0004,93,1,3,3.7643189483301707,0.0968578221358862,0.0683982689511728,0.0544426458589475,0.0968578221358862,0.0683982689511728,0.0544426458589475
Cosmos3_seed102_0004,93,2,3,0.0,0.1015498994745895,0.052097541863614,0.0491990810726437,0.0,0.0,0.0
Cosmos3_seed102_0004,96,1,3,6.928423619111725,0.208946898113481,0.1472376722665529,0.1330411235444279,0.208946898113481,0.1472376722665529,0.1330411235444279
Cosmos3_seed102_0004,96,2,3,4.541728950894464,0.1339467209212569,0.0930516827491737,0.0784834756695978,0.1339467209212569,0.0930516827491737,0.0784834756695978
Cosmos3_seed102_0004,99,1,3,6.888389619926891,0.2363359538370474,0.1663395130963001,0.1512799596434892,0.2363359538370474,0.1663395130963001,0.1512799596434892
Cosmos3_seed102_0004,99,2,3,4.573472565985071,0.1225531195977846,0.0862025833544434,0.0730892016813284,0.1225531195977846,0.0862025833544434,0.0730892016813284
Cosmos3_seed102_0004,102,1,2,4.4918301608829045,0.1275714651243861,0.0860941593188832,0.0753077209237465,0.1275714651243861,0.0860941593188832,0.0753077209237465
Cosmos3_seed102_0004,102,2,3,7.0298086472208565,0.1959058434401185,0.1382826856251479,0.1247129614945723,0.1959058434401185,0.1382826856251479,0.1247129614945723
Cosmos3_seed102_0004,105,1,3,7.182725296400123,0.2061697148580517,0.135994643026892,0.1229589198134693,0.2061697148580517,0.135994643026892,0.1229589198134693
Cosmos3_seed102_0004,105,2,3,4.357362848598149,0.0912175032807616,0.0586180892240323,0.0509631688813056,0.0912175032807616,0.0586180892240323,0.0509631688813056
Cosmos3_seed102_0004,108,1,2,7.687915468766323,0.1508052252861138,0.1051236622059259,0.0891821193317804,0.1508052252861138,0.1051236622059259,0.0891821193317804
Cosmos3_seed102_0004,108,1,3,4.232474656837333,0.0534604858892518,0.0185040515236241,0.0148106482509954,0.0534604858892518,0.0185040515236241,0.0148106482509954
Cosmos3_seed102_0004,108,2,3,0.0,0.094239529911324,0.046793221585009,0.0441481874791646,0.0,0.0,0.0
Cosmos3_seed102_0004,111,1,2,8.250564419596426,0.1666332118743847,0.1150566909991541,0.0926742473177571,0.1666332118743847,0.1150566909991541,0.0926742473177571
Cosmos3_seed102_0004,111,1,3,3.3609341318631416,0.1243063279549519,0.0351506400566717,0.023207866528628,0.1243063279549519,0.0351506400566717,0.023207866528628
Cosmos3_seed102_0004,114,1,2,8.915567618712158,0.0872170894124026,0.0589879026056598,0.043793431189487,0.0872170894124026,0.0589879026056598,0.043793431189487
Cosmos3_seed102_0004,114,2,3,3.7690001413383265,0.103650886347591,0.0475840253355232,0.0413316700180528,0.103650886347591,0.0475840253355232,0.0413316700180528
Cosmos3_seed102_0004,117,1,2,9.606553715298684,0.112680874116792,0.0843943494639528,0.0638917911913028,0.112680874116792,0.0843943494639528,0.0638917911913028
Cosmos3_seed102_0004,117,1,3,4.987088747410165,0.0509669912291025,0.018483417330976,0.0132786928847817,0.0509669912291025,0.018483417330976,0.0132786928847817
Cosmos3_seed102_0004,117,2,3,0.0,0.0770055266093334,0.0372865332014674,0.0353828954368914,0.0,0.0,0.0
Cosmos3_seed102_0004,120,1,2,4.16704226943319,0.0964869730723247,0.0308244050286927,0.0196217595880562,0.0964869730723247,0.0308244050286927,0.0196217595880562
Cosmos3_seed102_0004,120,1,3,0.0009469171113086943,0.0222643461194102,0.0012272530107315,0.0006953516473357,0.0222643461194102,0.0012272530107315,0.0006953516473357
Cosmos3_seed102_0004,120,2,3,0.12532817790678893,0.0342051815496618,0.005901875458443,0.0052531182219089,0.0342051815496618,0.005901875458443,0.0052531182219089
Cosmos3_seed102_0004,123,1,2,10.78796884548177,0.1391281895690945,0.1094333217299105,0.0875718698075477,0.1391281895690945,0.1094333217299105,0.0875718698075477
Cosmos3_seed102_0004,123,1,3,5.591936221543153,0.1055561053180308,0.0413872123440083,0.0307161672514701,0.1055561053180308,0.0413872123440083,0.0307161672514701
Cosmos3_seed102_0004,123,2,3,0.0,0.0777400314783089,0.038090132980904,0.0359400675605964,0.0,0.0,0.0
Cosmos3_seed102_0004,126,1,2,4.6171684612082835,0.146715457195173,0.048590318480667,0.0307294289402254,0.146715457195173,0.048590318480667,0.0307294289402254
Cosmos3_seed102_0004,126,1,3,10.556640655427024,0.0826943624510621,0.0535852310747193,0.0473530449634693,0.0826943624510621,0.0535852310747193,0.0473530449634693
Cosmos3_seed102_0004,126,2,3,0.7577661788949799,0.043456640581018,0.0127184101849658,0.0052120284304371,0.043456640581018,0.0127184101849658,0.0052120284304371
Cosmos3_seed102_0004,129,1,2,11.69682208833522,0.1325762941661567,0.1072910376722717,0.0908932404180888,0.1325762941661567,0.1072910376722717,0.0908932404180888
Cosmos3_seed102_0004,129,1,3,0.28583447299518966,0.0590054117364334,0.0493212209084469,0.0469512533352152,0.0590054117364334,0.0493212209084469,0.0469512533352152
Cosmos3_seed102_0004,129,2,3,12.285655976934668,0.0794336224224687,0.056248958138029,0.0433336652780397,0.0794336224224687,0.056248958138029,0.0433336652780397
Cosmos3_seed102_0004,132,1,2,12.286703522064602,0.1605496619201123,0.1359281076498308,0.1161422745871079,0.1605496619201123,0.1359281076498308,0.1161422745871079
Cosmos3_seed102_0004,132,1,3,5.0070486496955064,0.1266360418871552,0.0442650069771785,0.0294819630443861,0.1266360418871552,0.0442650069771785,0.0294819630443861
Cosmos3_seed102_0004,135,1,2,12.313385229020431,0.1939892824497502,0.1568174686723428,0.1312523230191926,0.1939892824497502,0.1568174686723428,0.1312523230191926
Cosmos3_seed102_0004,135,2,3,9.944490409528294,0.148192642588711,0.1217575293207753,0.1001916520988181,0.148192642588711,0.1217575293207753,0.1001916520988181
Cosmos3_seed102_0004,138,1,2,12.612466729926176,0.1933531875325236,0.1616204170742176,0.1367110549905845,0.1933531875325236,0.1616204170742176,0.1367110549905845
Cosmos3_seed102_0004,138,1,3,5.144547690151242,0.127023486574263,0.0434940834132723,0.0294063588091756,0.127023486574263,0.0434940834132723,0.0294063588091756
Cosmos3_seed102_0004,141,1,2,12.848277939987948,0.1465274344734864,0.122199499985004,0.1022522219866459,0.1465274344734864,0.122199499985004,0.1022522219866459
Cosmos3_seed102_0004,141,2,3,5.136924177581293,0.1286115417587575,0.0431947567102545,0.0282670892904987,0.1286115417587575,0.0431947567102545,0.0282670892904987
Cosmos3_seed102_0004,144,1,2,12.594149832966474,0.1225985024181586,0.0976838624757943,0.0837499861437568,0.1225985024181586,0.0976838624757943,0.0837499861437568
Cosmos3_seed102_0004,144,1,3,5.142955346740078,0.1049694452089018,0.0344072460654766,0.0228169625870963,0.1049694452089018,0.0344072460654766,0.0228169625870963
Cosmos3_seed102_0004,147,1,2,9.521715570243366,0.1191656409025307,0.0724005444250987,0.0697482801036018,0.1191656409025307,0.0724005444250987,0.0697482801036018
Cosmos3_seed102_0004,147,2,3,2.875791082446981,0.0460150526717308,0.0165344569832545,0.0160610133960322,0.0460150526717308,0.0165344569832545,0.0160610133960322
Cosmos3_seed102_0004,150,1,2,12.48040738878823,0.1410051992168668,0.1054778253899408,0.09108248885858,0.1410051992168668,0.1054778253899408,0.09108248885858
Cosmos3_seed102_0004,150,2,3,2.924885707310195,0.0555462153982948,0.0154885822670613,0.0136354447013222,0.0555462153982948,0.0154885822670613,0.0136354447013222
Cosmos3_seed102_0004,153,1,2,12.15892826856332,0.181356247060461,0.1311905270628845,0.115483586312558,0.181356247060461,0.1311905270628845,0.115483586312558
Cosmos3_seed102_0004,153,1,3,2.9295449592303067,0.046080896998173,0.013158980255813,0.0115897792750808,0.046080896998173,0.013158980255813,0.0115897792750808
Cosmos3_seed102_0004,156,1,2,12.20287614732306,0.1737510444141258,0.1315222424427689,0.1138596208434584,0.1737510444141258,0.1315222424427689,0.1138596208434584
Cosmos3_seed102_0004,156,1,3,2.926567158053397,0.0398568759246042,0.0112989798460181,0.0099588909203312,0.0398568759246042,0.0112989798460181,0.0099588909203312
Cosmos3_seed102_0004,159,1,2,0.051348485865058614,0.1089417782538542,0.0763001379718344,0.0672343450344607,0.1089417782538542,0.0763001379718344,0.0672343450344607
Cosmos3_seed102_0004,162,1,2,1.0996933714444852,0.0855017650328313,0.0597884593632077,0.0586532087737987,0.0855017650328313,0.0597884593632077,0.0586532087737987
Cosmos3_seed102_0004,162,2,3,0.6105235293181234,0.0474198663075276,0.017733650489666,0.0123238964649787,0.0474198663075276,0.017733650489666,0.0123238964649787
Cosmos3_seed102_0004,165,1,3,0.12449431422258436,0.0951444027147876,0.0753994698512539,0.0677184733736338,0.0951444027147876,0.0753994698512539,0.0677184733736338
Cosmos3_seed102_0004,168,1,2,1.098901388052183,0.0887075251356435,0.0639819105998644,0.0621887226827691,0.0887075251356435,0.0639819105998644,0.0621887226827691
Cosmos3_seed102_0004,168,2,3,0.61624700057334,0.0584708454492218,0.022570509300603,0.0155789349391372,0.0584708454492218,0.022570509300603,0.0155789349391372
Cosmos3_seed102_0004,171,1,2,0.15027991361527485,0.0886423055111135,0.063591151372486,0.0531923781021076,0.0886423055111135,0.063591151372486,0.0531923781021076
Cosmos3_seed102_0004,171,1,3,0.0,0.0970372661915856,0.0637302020029064,0.0519991561748195,0.0,0.0,0.0
Cosmos3_seed102_0004,174,1,3,0.09390876086417448,0.0863263187252914,0.0609785702219628,0.0544169576700084,0.0863263187252914,0.0609785702219628,0.0544169576700084
Cosmos3_seed102_0004,177,1,3,1.117490853919859,0.0803481471044363,0.05603186639585,0.0558312298621848,0.0803481471044363,0.05603186639585,0.0558312298621848
Cosmos3_seed102_0004,177,2,3,0.6072570338632388,0.054715252054111,0.0202673223106169,0.0142196726425675,0.054715252054111,0.0202673223106169,0.0142196726425675
Cosmos3_seed102_0004,180,1,3,0.1273351925871481,0.0891161494838154,0.0639913178906338,0.0527979427425996,0.0891161494838154,0.0639913178906338,0.0527979427425996
Cosmos3_seed102_0004,183,1,2,1.700255259302705,0.0705292224175276,0.0632532018945914,0.0579339862876173,0.0705292224175276,0.0632532018945914,0.0579339862876173
Cosmos3_seed102_0004,183,2,3,0.6334766465282249,0.0676675320225677,0.0257943965139607,0.0179252420365448,0.0676675320225677,0.0257943965139607,0.0179252420365448
Cosmos3_seed102_0004,186,1,2,0.15349002627117406,0.0875983950575971,0.0696820877099046,0.0644573126277726,0.0875983950575971,0.0696820877099046,0.0644573126277726
Cosmos3_seed102_0004,188,1,3,1.6457724447884092,0.0692371308755961,0.0608601725472244,0.0552102646040252,0.0692371308755961,0.0608601725472244,0.0552102646040252
Cosmos3_seed102_0004,188,2,3,0.6479137047113802,0.0676930530041856,0.0255043787564245,0.0179828921954647,0.0676930530041856,0.0255043787564245,0.0179828921954647
Cosmos3_seed102_0006,0,1,2,1.0471687206624714,0.4031048059874701,0.1826344021199726,0.1770756265311815,0.4031048059874701,0.1826344021199726,0.1770756265311815
Cosmos3_seed102_0006,3,1,2,1.0512336261657305,0.3983769545171299,0.1802637298567732,0.1752982582819346,0.3983769545171299,0.1802637298567732,0.1752982582819346
Cosmos3_seed102_0006,6,1,2,1.0511875353142492,0.3416120393305623,0.1545675644320625,0.1502869827407907,0.3416120393305623,0.1545675644320625,0.1502869827407907
Cosmos3_seed102_0006,9,1,2,1.0494605402877253,0.3561722921830023,0.1611170045426891,0.156797183947899,0.3561722921830023,0.1611170045426891,0.156797183947899
Cosmos3_seed102_0006,12,1,2,1.04732848764123,0.3394541166114931,0.15388530923447,0.1498178705527796,0.3394541166114931,0.15388530923447,0.1498178705527796
Cosmos3_seed102_0006,15,1,2,1.044827147170433,0.3592030388116078,0.1625071349573943,0.1581942992908057,0.3592030388116078,0.1625071349573943,0.1581942992908057
Cosmos3_seed102_0006,18,1,2,1.0466842685599733,0.3766397146284515,0.1711134690556238,0.1669794378120579,0.3766397146284515,0.1711134690556238,0.1669794378120579
Cosmos3_seed102_0006,21,1,2,1.045580255531306,0.3730792691606223,0.1695360911915501,0.1655760346531383,0.3730792691606223,0.1695360911915501,0.1655760346531383
Cosmos3_seed102_0006,24,1,2,1.048120767078198,0.4077306072038625,0.1850270582362813,0.1804418879105629,0.4077306072038625,0.1850270582362813,0.1804418879105629
Cosmos3_seed102_0006,27,1,2,1.0490958679162037,0.3887577383724333,0.1767512613187118,0.1724848756318814,0.3887577383724333,0.1767512613187118,0.1724848756318814
Cosmos3_seed102_0006,30,1,2,1.0484733758184765,0.3486815697726845,0.1587991669786676,0.1549272808871093,0.3486815697726845,0.1587991669786676,0.1549272808871093
Cosmos3_seed102_0006,33,1,2,1.0494400557682713,0.349127775760467,0.1590249337339815,0.1549403788297157,0.349127775760467,0.1590249337339815,0.1549403788297157
Cosmos3_seed102_0006,36,1,2,1.0493828200553832,0.3217844856108696,0.1467045219010409,0.1429607599786066,0.3217844856108696,0.1467045219010409,0.1429607599786066
Cosmos3_seed102_0006,39,1,2,1.0533167448806593,0.3133292558588281,0.1425904417834738,0.1388758450096598,0.3133292558588281,0.1425904417834738,0.1388758450096598
Cosmos3_seed102_0006,42,1,2,1.0515935235007938,0.3201505073802059,0.1459022094865351,0.1422220801310769,0.3201505073802059,0.1459022094865351,0.1422220801310769
Cosmos3_seed102_0006,45,1,2,1.0518756326991365,0.3421649686568357,0.1556020082072329,0.1512992426025373,0.3421649686568357,0.1556020082072329,0.1512992426025373
Cosmos3_seed102_0006,48,1,2,1.0512862077941258,0.3055551340637725,0.1387548330771373,0.1346646195281078,0.3055551340637725,0.1387548330771373,0.1346646195281078
Cosmos3_seed102_0006,51,1,2,1.0498146428936175,0.3292819465757263,0.149317600322693,0.1451836221221226,0.3292819465757263,0.149317600322693,0.1451836221221226
Cosmos3_seed102_0006,54,1,2,1.049264526582313,0.3691048252404044,0.1678589172574937,0.1633943354047564,0.3691048252404044,0.1678589172574937,0.1633943354047564
Cosmos3_seed102_0006,57,1,2,1.0488587886910505,0.3341474865454712,0.151652036797994,0.1475517096878481,0.3341474865454712,0.151652036797994,0.1475517096878481
Cosmos3_seed102_0006,60,1,2,1.046957224397716,0.3596325651536617,0.1628272610297537,0.1578122238455145,0.3596325651536617,0.1628272610297537,0.1578122238455145
Cosmos3_seed102_0006,63,1,2,1.0497810607627724,0.3264328442714725,0.1475340526515129,0.1430580196096662,0.3264328442714725,0.1475340526515129,0.1430580196096662
Cosmos3_seed102_0006,66,1,2,1.048105578234777,0.3291659067445409,0.1495001574709817,0.1452056440413852,0.3291659067445409,0.1495001574709817,0.1452056440413852
Cosmos3_seed102_0006,69,1,2,1.0493978890324567,0.3523929604351937,0.1599008263628726,0.155250351563652,0.3523929604351937,0.1599008263628726,0.155250351563652
Cosmos3_seed102_0006,72,1,2,1.0487634489015543,0.3151484023295845,0.1428782568839576,0.138896369926883,0.3151484023295845,0.1428782568839576,0.138896369926883
Cosmos3_seed102_0006,75,1,2,1.0480242912591256,0.2859611871757224,0.1296082953211795,0.126448524069542,0.2859611871757224,0.1296082953211795,0.126448524069542
Cosmos3_seed102_0006,78,1,2,1.0490782295392551,0.2813865103933674,0.1275861852292157,0.1238902173549379,0.2813865103933674,0.1275861852292157,0.1238902173549379
Cosmos3_seed102_0006,81,1,2,1.0486528553499206,0.3204536599874817,0.1442409954078558,0.1408297345605615,0.3204536599874817,0.1442409954078558,0.1408297345605615
Cosmos3_seed102_0006,84,1,2,1.048078016769618,0.2791257690594361,0.1262948428452443,0.1233663067178639,0.2791257690594361,0.1262948428452443,0.1233663067178639
Cosmos3_seed102_0006,87,1,2,1.0567518813418382,0.2817477857159223,0.1272509253493554,0.1249195805815528,0.2817477857159223,0.1272509253493554,0.1249195805815528
Cosmos3_seed102_0006,90,1,2,1.0617192341843635,0.2642128541380109,0.1171701257501996,0.1159403840306245,0.2642128541380109,0.1171701257501996,0.1159403840306245
Cosmos3_seed102_0006,93,1,2,1.071959560936939,0.2525370497906016,0.1100832508792948,0.1097862660301742,0.2525370497906016,0.1100832508792948,0.1097862660301742
Cosmos3_seed102_0006,96,1,2,1.087274222408865,0.2126995507665377,0.0917264071407366,0.0916428037667437,0.2126995507665377,0.0917264071407366,0.0916428037667437
Cosmos3_seed102_0006,99,1,2,1.0890604931117658,0.1681252696036639,0.0713927721158695,0.0703276920154382,0.1681252696036639,0.0713927721158695,0.0703276920154382
Cosmos3_seed102_0006,102,1,2,1.0144754311232718,0.1956376634429857,0.0846259733085218,0.0834640591709122,0.1956376634429857,0.0846259733085218,0.0834640591709122
Cosmos3_seed102_0006,105,1,2,0.8458558034187271,0.1286848700380138,0.0600399575587821,0.0569351514869493,0.1286848700380138,0.0600399575587821,0.0569351514869493
Cosmos3_seed102_0006,108,1,2,0.7383556375647264,0.1408308511565754,0.0655350386111255,0.0644854057180321,0.1408308511565754,0.0655350386111255,0.0644854057180321
Cosmos3_seed102_0006,111,1,2,0.5909842019995348,0.1165071608821797,0.0537079589805811,0.0508003450310866,0.1165071608821797,0.0537079589805811,0.0508003450310866
Cosmos3_seed102_0006,111,1,3,0.6242613276028853,0.0367895523948989,0.0191141325167315,0.0129910273876305,0.0367895523948989,0.0191141325167315,0.0129910273876305
Cosmos3_seed102_0006,111,2,3,0.25195111861531944,0.0922936558495005,0.0663182017356156,0.0588421702401513,0.0922936558495005,0.0663182017356156,0.0588421702401513
Cosmos3_seed102_0006,114,1,2,0.3720018667496044,0.1042496282049059,0.0481580884918349,0.0469902932542186,0.1042496282049059,0.0481580884918349,0.0469902932542186
Cosmos3_seed102_0006,117,1,2,0.14867227769104024,0.1036340425856351,0.0501771549214122,0.04820561898532,0.1036340425856351,0.0501771549214122,0.04820561898532
Cosmos3_seed102_0006,120,1,2,0.0,0.1262913611037557,0.0625608616851096,0.0589204610474678,0.0,0.0,0.0
Cosmos3_seed102_0006,123,1,2,0.0,0.2185761449280749,0.1098984584192502,0.104855313395585,0.0,0.0,0.0
Cosmos3_seed102_0006,126,1,2,0.0,0.2600393801752499,0.128699663757201,0.118986918378495,0.0,0.0,0.0
Cosmos3_seed102_0006,129,1,2,0.0,0.2164817486214321,0.1066887283150191,0.097302188989071,0.0,0.0,0.0
Cosmos3_seed102_0006,132,1,2,0.0,0.1700963205990864,0.0835736369816926,0.0751209953317069,0.0,0.0,0.0
Cosmos3_seed102_0006,135,1,2,0.0,0.1625528046182385,0.0798550208195797,0.070504693861388,0.0,0.0,0.0
Cosmos3_seed102_0006,138,1,2,0.0,0.219848980437896,0.1098317604934792,0.095862512377155,0.0,0.0,0.0
Cosmos3_seed102_0006,141,1,2,0.0,0.1763800377004287,0.0858496308175892,0.0746441030868857,0.0,0.0,0.0
Cosmos3_seed102_0006,144,1,2,0.0,0.219088302789791,0.1004425707380698,0.0819339071181886,0.0,0.0,0.0
Cosmos3_seed102_0006,159,1,2,3.049699088180606,0.0317403731314998,0.0178561636375634,0.0147904362892339,0.0317403731314998,0.0178561636375634,0.0147904362892339
Cosmos3_seed102_0007,0,1,2,0.10166772448721079,0.0453354081025713,0.0383699027459051,0.0330226757725928,0.0453354081025713,0.0383699027459051,0.0330226757725928
Cosmos3_seed102_0007,0,1,3,0.08674071488765199,0.0504388944970759,0.0379233827286459,0.0375568812219794,0.0504388944970759,0.0379233827286459,0.0375568812219794
Cosmos3_seed102_0007,0,2,3,0.18769983135332885,0.0529690862270017,0.0460321851588054,0.0408930903747669,0.0529690862270017,0.0460321851588054,0.0408930903747669
Cosmos3_seed102_0007,3,1,2,0.07490955873279817,0.0415485509047854,0.0345850566700424,0.0297336657134475,0.0415485509047854,0.0345850566700424,0.0297336657134475
Cosmos3_seed102_0007,3,1,3,0.23340967877601662,0.1012266400690925,0.0810631882489364,0.0677749861420097,0.1012266400690925,0.0810631882489364,0.0677749861420097
Cosmos3_seed102_0007,3,2,3,0.2525306265855091,0.0908441636250814,0.063223043389389,0.0588903714668094,0.0908441636250814,0.063223043389389,0.0588903714668094
Cosmos3_seed102_0007,6,1,2,0.23310113596191553,0.1041245322207383,0.0835961143283346,0.0698775105636951,0.1041245322207383,0.0835961143283346,0.0698775105636951
Cosmos3_seed102_0007,6,1,3,6.556774066689738,0.052827522414473,0.0400322045941765,0.0345819950130955,0.052827522414473,0.0400322045941765,0.0345819950130955
Cosmos3_seed102_0007,6,2,3,8.195389750463637,0.0284897548361884,0.0173328909449788,0.0167718821290557,0.0284897548361884,0.0173328909449788,0.0167718821290557
Cosmos3_seed102_0007,9,1,2,0.24325846306378823,0.1045994866905953,0.0838725654840169,0.0693930104954941,0.1045994866905953,0.0838725654840169,0.0693930104954941
Cosmos3_seed102_0007,9,1,3,0.07963753452577246,0.0230433074257811,0.0192981757591826,0.0165815136255215,0.0230433074257811,0.0192981757591826,0.0165815136255215
Cosmos3_seed102_0007,9,2,3,0.2673150104138987,0.0825195855491485,0.0571773842374753,0.0533588846070596,0.0825195855491485,0.0571773842374753,0.0533588846070596
Cosmos3_seed102_0007,12,1,2,0.24198658849257004,0.1049752021694845,0.0839712707262498,0.0694996989076195,0.1049752021694845,0.0839712707262498,0.0694996989076195
Cosmos3_seed102_0007,12,1,3,6.569744254701297,0.0619623088333822,0.0471131070448207,0.040799774487512,0.0619623088333822,0.0471131070448207,0.040799774487512
Cosmos3_seed102_0007,12,2,3,8.204291120188431,0.0230835641711127,0.0140398033858506,0.0134182910396792,0.0230835641711127,0.0140398033858506,0.0134182910396792
Cosmos3_seed102_0007,15,1,2,0.24096883532054836,0.1004883771530057,0.0805363298946251,0.0662656012362436,0.1004883771530057,0.0805363298946251,0.0662656012362436
Cosmos3_seed102_0007,15,1,3,0.08436659910937055,0.046022366959782,0.0386023098729291,0.0331014685410945,0.046022366959782,0.0386023098729291,0.0331014685410945
Cosmos3_seed102_0007,15,2,3,0.274341738998584,0.0886902967445289,0.0612092076786993,0.0572082668493327,0.0886902967445289,0.0612092076786993,0.0572082668493327
Cosmos3_seed102_0007,18,1,2,0.09585073639591196,0.0473297706661676,0.0399588247863874,0.0346054997360584,0.0473297706661676,0.0399588247863874,0.0346054997360584
Cosmos3_seed102_0007,18,1,3,0.23092134796091282,0.0889549019115337,0.0718822555844845,0.0592202682940166,0.0889549019115337,0.0718822555844845,0.0592202682940166
Cosmos3_seed102_0007,18,2,3,0.29491204707253593,0.0802852103771011,0.0558422014168679,0.0521053027422712,0.0802852103771011,0.0558422014168679,0.0521053027422712
Cosmos3_seed102_0007,21,1,2,0.2317769807079213,0.0915876497623763,0.0740016801816337,0.0613216020921484,0.0915876497623763,0.0740016801816337,0.0613216020921484
Cosmos3_seed102_0007,21,1,3,6.54176213148688,0.0612236212522163,0.0463329084860984,0.0399682767932593,0.0612236212522163,0.0463329084860984,0.0399682767932593
Cosmos3_seed102_0007,21,2,3,8.206908098349782,0.045297285747714,0.0276979351942401,0.0266068490775196,0.045297285747714,0.0276979351942401,0.0266068490775196
Cosmos3_seed102_0007,24,1,2,0.0560621086320215,0.0401528638108553,0.0331435800267692,0.0282988542968241,0.0401528638108553,0.0331435800267692,0.0282988542968241
Cosmos3_seed102_0007,24,1,3,0.23718548242661464,0.0951063629303568,0.0764381347216081,0.0632539038767927,0.0951063629303568,0.0764381347216081,0.0632539038767927
Cosmos3_seed102_0007,24,2,3,0.24272118570583526,0.0920740029382323,0.0628922554434474,0.059200890691481,0.0920740029382323,0.0628922554434474,0.059200890691481
Cosmos3_seed102_0007,27,1,2,0.24518013267832559,0.1023218997739856,0.0826099833860404,0.0678881777890108,0.1023218997739856,0.0826099833860404,0.0678881777890108
Cosmos3_seed102_0007,27,1,3,0.06033459707099721,0.023514963960539,0.0194668154062886,0.0167191269432015,0.023514963960539,0.0194668154062886,0.0167191269432015
Cosmos3_seed102_0007,27,2,3,0.25925386117315374,0.0853473571027549,0.0580633765022459,0.0545817609042533,0.0853473571027549,0.0580633765022459,0.0545817609042533
Cosmos3_seed102_0007,30,1,2,0.2411930217865455,0.0851923321246888,0.0687746247906178,0.0568881972226926,0.0851923321246888,0.0687746247906178,0.0568881972226926
Cosmos3_seed102_0007,30,1,3,0.08021616043711338,0.0495665441790932,0.0417050038935884,0.0358084597151522,0.0495665441790932,0.0417050038935884,0.0358084597151522
Cosmos3_seed102_0007,30,2,3,0.2759210858683885,0.1148547188132406,0.0799359811519744,0.0751575402623243,0.1148547188132406,0.0799359811519744,0.0751575402623243
Cosmos3_seed102_0007,33,1,2,0.24545600314818972,0.0792751136718779,0.063441730558104,0.052414491089358,0.0792751136718779,0.063441730558104,0.052414491089358
Cosmos3_seed102_0007,33,1,3,6.5909084668728495,0.0604191051847103,0.0458345493486161,0.0397366960340144,0.0604191051847103,0.0458345493486161,0.0397366960340144
Cosmos3_seed102_0007,33,2,3,8.222062279269348,0.0357900143132621,0.0217279471580182,0.0207060024072794,0.0357900143132621,0.0217279471580182,0.0207060024072794
Cosmos3_seed102_0007,36,1,2,0.0672542556443138,0.0291188733982333,0.0241831953853545,0.0205758668788585,0.0291188733982333,0.0241831953853545,0.0205758668788585
Cosmos3_seed102_0007,36,1,3,0.23742886097920338,0.0746437185798154,0.0598663857261341,0.0498309836582148,0.0746437185798154,0.0598663857261341,0.0498309836582148
Cosmos3_seed102_0007,36,2,3,0.25009720947166436,0.0814933755013231,0.056334941025796,0.0531035017163991,0.0814933755013231,0.056334941025796,0.0531035017163991
Cosmos3_seed102_0007,39,1,2,6.591836830340104,0.0726691826217986,0.0549280475775841,0.0476405939263895,0.0726691826217986,0.0549280475775841,0.0476405939263895
Cosmos3_seed102_0007,39,1,3,3.1319301051725006,0.0981027256526817,0.0547749029055798,0.0440672023095462,0.0981027256526817,0.0547749029055798,0.0440672023095462
Cosmos3_seed102_0007,39,2,3,0.0,0.2342311569298854,0.1134300728280752,0.1065708022027673,0.0,0.0,0.0
Cosmos3_seed102_0007,42,1,2,6.54836874500972,0.0625216174631777,0.0473714815420998,0.0408521641506549,0.0625216174631777,0.0473714815420998,0.0408521641506549
Cosmos3_seed102_0007,42,1,3,0.08091582267896406,0.0393177764780605,0.0331326768135262,0.0285217179812466,0.0393177764780605,0.0331326768135262,0.0285217179812466
Cosmos3_seed102_0007,42,2,3,4.416380052544509,0.0049512523831902,0.0032293936285913,0.0023468571733515,0.0049512523831902,0.0032293936285913,0.0023468571733515
Cosmos3_seed102_0007,45,1,2,6.54768497603871,0.0631732007975057,0.0480201441059127,0.0413783771057355,0.0631732007975057,0.0480201441059127,0.0413783771057355
Cosmos3_seed102_0007,45,1,3,0.24719665620096848,0.0888595450103025,0.0705816953057735,0.0578771386240791,0.0888595450103025,0.0705816953057735,0.0578771386240791
Cosmos3_seed102_0007,45,2,3,8.222187605677581,0.0382665085715991,0.0231045447993457,0.0219868183707822,0.0382665085715991,0.0231045447993457,0.0219868183707822
Cosmos3_seed102_0007,48,1,2,0.25662410539744396,0.0773090297356085,0.0611717863235995,0.0497185579846801,0.0773090297356085,0.0611717863235995,0.0497185579846801
Cosmos3_seed102_0007,48,1,3,6.545598529988273,0.0672154895982235,0.0510001057744497,0.0440128630327101,0.0672154895982235,0.0510001057744497,0.0440128630327101
Cosmos3_seed102_0007,48,2,3,8.210480402930097,0.0199091122986581,0.0119529346981364,0.0112572773110045,0.0199091122986581,0.0119529346981364,0.0112572773110045
Cosmos3_seed102_0007,51,1,2,0.842089958284076,0.045583741586628,0.0330287799741418,0.0281878897550249,0.045583741586628,0.0330287799741418,0.0281878897550249
Cosmos3_seed102_0007,51,1,3,6.572192155030125,0.0471816638166718,0.0357622805422799,0.0309029119086583,0.0471816638166718,0.0357622805422799,0.0309029119086583
Cosmos3_seed102_0007,51,2,3,6.348485181353656,0.0267508021528261,0.0255721602568065,0.0252559233968585,0.0267508021528261,0.0255721602568065,0.0252559233968585
Cosmos3_seed102_0007,54,1,2,0.8442304746271132,0.0433190028643853,0.031274302706967,0.0265440621831163,0.0433190028643853,0.031274302706967,0.0265440621831163
Cosmos3_seed102_0007,54,1,3,6.569207809000927,0.0626037160481865,0.0474001592846905,0.0409573778050152,0.0626037160481865,0.0474001592846905,0.0409573778050152
Cosmos3_seed102_0007,54,2,3,6.347377527338132,0.0394351235616863,0.0376021521108942,0.0369351706096506,0.0394351235616863,0.0376021521108942,0.0369351706096506
Cosmos3_seed102_0007,57,1,2,6.574969851140451,0.0694670433957725,0.0527156381423622,0.045638699410425,0.0694670433957725,0.0527156381423622,0.045638699410425
Cosmos3_seed102_0007,57,1,3,0.25652702915746395,0.0789154584327831,0.0625340008653524,0.050905359942796,0.0789154584327831,0.0625340008653524,0.050905359942796
Cosmos3_seed102_0007,57,2,3,8.223509928709545,0.0303461217296928,0.0182481137812491,0.0171581905306086,0.0303461217296928,0.0182481137812491,0.0171581905306086
Cosmos3_seed102_0007,60,1,2,0.2554141852734484,0.0670860244766337,0.0531407536581456,0.0437780715610491,0.0670860244766337,0.0531407536581456,0.0437780715610491
Cosmos3_seed102_0007,60,1,3,5.806937779586658,0.0550183938819367,0.0407107290813755,0.0305702952530313,0.0550183938819367,0.0407107290813755,0.0305702952530313
Cosmos3_seed102_0007,60,2,3,8.26033939164032,0.0801943935621695,0.0470046293735057,0.0428452289930278,0.0801943935621695,0.0470046293735057,0.0428452289930278
Cosmos3_seed102_0007,63,1,2,0.24541974412304052,0.0891950596714359,0.0713526550149791,0.0591006925684825,0.0891950596714359,0.0713526550149791,0.0591006925684825
Cosmos3_seed102_0007,63,1,3,3.1348314385699894,0.0796098050088578,0.0444779847209049,0.0360224850208511,0.0796098050088578,0.0444779847209049,0.0360224850208511
Cosmos3_seed102_0007,63,2,3,3.4991547095885487,0.0420950245870762,0.0194801250782247,0.012620880264578,0.0420950245870762,0.0194801250782247,0.012620880264578
Cosmos3_seed102_0007,66,1,2,0.2468297663061041,0.1114774869961318,0.0890626968266419,0.073129611436858,0.1114774869961318,0.0890626968266419,0.073129611436858
Cosmos3_seed102_0007,66,1,3,3.131388136871323,0.0789831113594756,0.0441847106803168,0.035823065922251,0.0789831113594756,0.0441847106803168,0.035823065922251
Cosmos3_seed102_0007,66,2,3,3.4980260363929787,0.053584448276019,0.0246135335274231,0.0159431221607827,0.053584448276019,0.0246135335274231,0.0159431221607827
Cosmos3_seed102_0007,69,1,2,0.24279741290356205,0.1012270115494727,0.0815534717135947,0.067345920847479,0.1012270115494727,0.0815534717135947,0.067345920847479
Cosmos3_seed102_0007,69,1,3,0.08628709951110598,0.0390271469293495,0.0327216490956123,0.0281008960086382,0.0390271469293495,0.0327216490956123,0.0281008960086382
Cosmos3_seed102_0007,69,2,3,0.2782149213061153,0.089979122594093,0.0622986987434686,0.0584440129882177,0.089979122594093,0.0622986987434686,0.0584440129882177
Cosmos3_seed102_0007,72,1,2,0.23718846239718583,0.0996313815344952,0.0808078933517094,0.0667959288855584,0.0996313815344952,0.0808078933517094,0.0667959288855584
Cosmos3_seed102_0007,72,1,3,3.12479042325988,0.0867121624537531,0.0482314442351252,0.0390150510990308,0.0867121624537531,0.0482314442351252,0.0390150510990308
Cosmos3_seed102_0007,72,2,3,3.4911734369866894,0.0601220701073317,0.0276426951365009,0.0181359341402073,0.0601220701073317,0.0276426951365009,0.0181359341402073
Cosmos3_seed102_0007,75,1,2,0.23487794664114542,0.1023383483804678,0.0828571628303856,0.0684324240808306,0.1023383483804678,0.0828571628303856,0.0684324240808306
Cosmos3_seed102_0007,75,1,3,3.1272699981759353,0.0940723629937381,0.0528756945450158,0.0426623424071464,0.0940723629937381,0.0528756945450158,0.0426623424071464
Cosmos3_seed102_0007,75,2,3,3.496349699630126,0.0416220843264027,0.019321895222215,0.0126220527025963,0.0416220843264027,0.019321895222215,0.0126220527025963
Cosmos3_seed102_0007,78,1,2,0.23775414557698293,0.0887966735862278,0.0712149737764782,0.0590040718950976,0.0887966735862278,0.0712149737764782,0.0590040718950976
Cosmos3_seed102_0007,78,1,3,3.130748358137564,0.0922647302876654,0.0516389053625853,0.0418234564890482,0.0922647302876654,0.0516389053625853,0.0418234564890482
Cosmos3_seed102_0007,78,2,3,3.4945309198558,0.0727062474019503,0.0337150420559866,0.0218998541271324,0.0727062474019503,0.0337150420559866,0.0218998541271324
Cosmos3_seed102_0007,81,1,2,0.23308932491928794,0.1121635703989165,0.0895731543665313,0.0745594517704868,0.1121635703989165,0.0895731543665313,0.0745594517704868
Cosmos3_seed102_0007,81,1,3,3.1362785311338115,0.0913581858576784,0.0510525280515957,0.0415205963306149,0.0913581858576784,0.0510525280515957,0.0415205963306149
Cosmos3_seed102_0007,81,2,3,3.4962267433881378,0.0566134464808406,0.026333841524432,0.0171035629517619,0.0566134464808406,0.026333841524432,0.0171035629517619
Cosmos3_seed102_0007,84,1,2,0.2323701325969522,0.118223492283104,0.0955729558330304,0.0789198559348778,0.118223492283104,0.0955729558330304,0.0789198559348778
Cosmos3_seed102_0007,84,1,3,6.543694416419934,0.0885704329095701,0.0670039348220751,0.0576914963698496,0.0885704329095701,0.0670039348220751,0.0576914963698496
Cosmos3_seed102_0007,84,2,3,8.230197490929209,0.0457959554149123,0.0280072132210809,0.0268602263147885,0.0457959554149123,0.0280072132210809,0.0268602263147885
Cosmos3_seed102_0007,87,1,2,0.21606138582476955,0.0915189662314608,0.0742198869458969,0.0627267678522257,0.0915189662314608,0.0742198869458969,0.0627267678522257
Cosmos3_seed102_0007,87,1,3,6.602473884867844,0.07499417571519,0.057161009551546,0.0496375570525434,0.07499417571519,0.057161009551546,0.0496375570525434
Cosmos3_seed102_0007,87,2,3,8.204356059277236,0.0366771329965168,0.0226713257573227,0.022064750960952,0.0366771329965168,0.0226713257573227,0.022064750960952
Cosmos3_seed102_0007,90,1,2,0.22512939008411287,0.1125994241220854,0.0904637346195255,0.0751251327362905,0.1125994241220854,0.0904637346195255,0.0751251327362905
Cosmos3_seed102_0007,90,1,3,6.570199292130401,0.0768446076196222,0.0586675256851453,0.050753356775603,0.0768446076196222,0.0586675256851453,0.050753356775603
Cosmos3_seed102_0007,90,2,3,8.210902512837322,0.0590280270025673,0.0362060365478298,0.0347555948416553,0.0590280270025673,0.0362060365478298,0.0347555948416553
Cosmos3_seed102_0007,93,1,2,0.2240098212010255,0.1259766562732522,0.1012389639961122,0.0842493463164699,0.1259766562732522,0.1012389639961122,0.0842493463164699
Cosmos3_seed102_0007,93,1,3,3.1278832550446016,0.1130010775062509,0.0633970257476223,0.0513983011633673,0.1130010775062509,0.0633970257476223,0.0513983011633673
Cosmos3_seed102_0007,93,2,3,3.493048742034332,0.0733407582830666,0.0342413234767288,0.02230940763631,0.0733407582830666,0.0342413234767288,0.02230940763631
Cosmos3_seed102_0007,96,1,2,0.22567431417401723,0.1163641895764325,0.0940825685982751,0.0784484293253818,0.1163641895764325,0.0940825685982751,0.0784484293253818
Cosmos3_seed102_0007,96,1,3,6.579125279966755,0.0699061631671761,0.0530906772882582,0.0459858761394762,0.0699061631671761,0.0530906772882582,0.0459858761394762
Cosmos3_seed102_0007,96,2,3,8.216491009660038,0.0502951846737736,0.0308829674119846,0.0297295209058819,0.0502951846737736,0.0308829674119846,0.0297295209058819
Cosmos3_seed102_0007,99,1,2,0.2078131898820187,0.1106061947362254,0.0901679827869754,0.0753050006215289,0.1106061947362254,0.0901679827869754,0.0753050006215289
Cosmos3_seed102_0007,99,1,3,6.715898125263878,0.1092699807203218,0.0910490192854865,0.086023005446057,0.1092699807203218,0.0910490192854865,0.086023005446057
Cosmos3_seed102_0007,99,2,3,9.216695897744792,0.1413585692400307,0.1219707527090205,0.121691052462824,0.1413585692400307,0.1219707527090205,0.121691052462824
Cosmos3_seed102_0007,102,1,2,0.20554160914168648,0.1194583665176641,0.0979300353878122,0.0832929754762804,0.1194583665176641,0.0979300353878122,0.0832929754762804
Cosmos3_seed102_0007,102,1,3,6.711296641818263,0.1075694666226061,0.0923913617284964,0.0873111041778386,0.1075694666226061,0.0923913617284964,0.0873111041778386
Cosmos3_seed102_0007,102,2,3,8.94139028197076,0.1359338434063091,0.1179203673540225,0.1167720584000237,0.1359338434063091,0.1179203673540225,0.1167720584000237
Cosmos3_seed102_0007,105,1,2,0.1993144784212695,0.0947453507302129,0.0780132533303188,0.0661584380087708,0.0947453507302129,0.0780132533303188,0.0661584380087708
Cosmos3_seed102_0007,105,1,3,3.143567723907174,0.088629197485791,0.050030708982586,0.0406334049944841,0.088629197485791,0.050030708982586,0.0406334049944841
Cosmos3_seed102_0007,105,2,3,3.5072179490732047,0.0450432288662678,0.0215628523388117,0.0144199332474457,0.0450432288662678,0.0215628523388117,0.0144199332474457
Cosmos3_seed102_0007,108,1,2,0.20736382713336343,0.0954619341590482,0.0776139571465975,0.0660666177830029,0.0954619341590482,0.0776139571465975,0.0660666177830029
Cosmos3_seed102_0007,108,1,3,3.1473355170972486,0.0849519006768583,0.0478984334929478,0.0390151019057436,0.0849519006768583,0.0478984334929478,0.0390151019057436
Cosmos3_seed102_0007,108,2,3,3.5036566030475513,0.0331035955149295,0.0158878680574242,0.0105217179834465,0.0331035955149295,0.0158878680574242,0.0105217179834465
Cosmos3_seed102_0007,111,1,2,0.18755460023392526,0.1192837854414188,0.0990107946114213,0.0858162847401864,0.1192837854414188,0.0990107946114213,0.0858162847401864
Cosmos3_seed102_0007,111,1,3,3.143828457885062,0.0871475165681356,0.0492885742250099,0.0399980861331595,0.0871475165681356,0.0492885742250099,0.0399980861331595
Cosmos3_seed102_0007,111,2,3,3.499173999874639,0.0564401510863878,0.0276672866833705,0.0186363414588895,0.0564401510863878,0.0276672866833705,0.0186363414588895
Cosmos3_seed102_0007,114,1,2,0.1828811568535767,0.1578268699208773,0.1315933976021653,0.115072093637176,0.1578268699208773,0.1315933976021653,0.115072093637176
Cosmos3_seed102_0007,114,1,3,1.8712574129596318,0.110678805132033,0.0793583187648291,0.0779009982714587,0.110678805132033,0.0793583187648291,0.0779009982714587
Cosmos3_seed102_0007,114,2,3,2.645460745045522,0.1031330376278497,0.0646638741763197,0.052925557543032,0.1031330376278497,0.0646638741763197,0.052925557543032
Cosmos3_seed102_0007,117,1,2,0.1751729995853793,0.1503872977811662,0.1258785323040695,0.1100516893214232,0.1503872977811662,0.1258785323040695,0.1100516893214232
Cosmos3_seed102_0007,117,1,3,6.497268109106933,0.0598487834176825,0.0451386295482398,0.0387555768778343,0.0598487834176825,0.0451386295482398,0.0387555768778343
Cosmos3_seed102_0007,117,2,3,8.012883962560803,0.0352321191070983,0.0222419224871343,0.0218430417770717,0.0352321191070983,0.0222419224871343,0.0218430417770717
Cosmos3_seed102_0007,120,1,2,6.471100046162309,0.0678826796892798,0.0513132660288232,0.0438863284155957,0.0678826796892798,0.0513132660288232,0.0438863284155957
Cosmos3_seed102_0007,120,1,3,0.18359931534924473,0.1494533106782872,0.1246435296015913,0.1068908675279489,0.1494533106782872,0.1246435296015913,0.1068908675279489
Cosmos3_seed102_0007,120,2,3,8.152830861669191,0.0652625242626879,0.0411432643756925,0.0410324523756815,0.0652625242626879,0.0411432643756925,0.0410324523756815
Cosmos3_seed102_0007,123,1,2,0.17553372371408513,0.1270948088349788,0.1068205737382997,0.091998995220476,0.1270948088349788,0.1068205737382997,0.091998995220476
Cosmos3_seed102_0007,123,1,3,6.456545901335265,0.0693598986772697,0.0522515750703679,0.0446175391873817,0.0693598986772697,0.0522515750703679,0.0446175391873817
Cosmos3_seed102_0007,123,2,3,8.10283681096008,0.0513823600630404,0.0325335966842288,0.0322559715933553,0.0513823600630404,0.0325335966842288,0.0322559715933553
Cosmos3_seed102_0007,126,1,2,0.1746394461361848,0.1253676342656482,0.105748530236946,0.0909745948419036,0.1253676342656482,0.105748530236946,0.0909745948419036
Cosmos3_seed102_0007,126,1,3,6.455547292704812,0.0589430163605696,0.0443410601094292,0.0379438911893189,0.0589430163605696,0.0443410601094292,0.0379438911893189
Cosmos3_seed102_0007,126,2,3,8.115505320686095,0.027363650628077,0.0173634756148734,0.0172713651266328,0.027363650628077,0.0173634756148734,0.0172713651266328
Cosmos3_seed102_0007,129,1,2,0.17109460639627402,0.129330065575312,0.1104119331446359,0.0954206619741904,0.129330065575312,0.1104119331446359,0.0954206619741904
Cosmos3_seed102_0007,129,1,3,6.446111218248897,0.065532365614377,0.0490859803766741,0.0419464138050031,0.065532365614377,0.0490859803766741,0.0419464138050031
Cosmos3_seed102_0007,129,2,3,8.071958328794876,0.0473065708895295,0.0302509911362123,0.0299123521125062,0.0473065708895295,0.0302509911362123,0.0299123521125062
Cosmos3_seed102_0007,132,1,2,6.4391024648303,0.0682580992512543,0.0512308812885671,0.0436221348269077,0.0682580992512543,0.0512308812885671,0.0436221348269077
Cosmos3_seed102_0007,132,1,3,0.17714182808800272,0.1441658187922375,0.1221372782931389,0.1046951391924258,0.1441658187922375,0.1221372782931389,0.1046951391924258
Cosmos3_seed102_0007,132,2,3,8.13139020817747,0.0652094168955541,0.0414642570409692,0.0411879992652947,0.0652094168955541,0.0414642570409692,0.0411879992652947
Cosmos3_seed102_0007,135,1,2,6.401349024953833,0.0591126538579822,0.0443871807584468,0.0375764918387602,0.0591126538579822,0.0443871807584468,0.0375764918387602
Cosmos3_seed102_0007,135,1,3,0.17491554541781396,0.121153634691145,0.1022459212511634,0.0871260704591359,0.121153634691145,0.1022459212511634,0.0871260704591359
Cosmos3_seed102_0007,135,2,3,8.138922057981498,0.058615636988981,0.0371449807699874,0.0369025751289434,0.058615636988981,0.0371449807699874,0.0369025751289434
Cosmos3_seed102_0007,138,1,2,0.1809652003083897,0.129553574234763,0.1084472729373353,0.0922432032360734,0.129553574234763,0.1084472729373353,0.0922432032360734
Cosmos3_seed102_0007,138,1,3,6.409158114205666,0.0700334054696671,0.0526758802425039,0.0446772637418481,0.0700334054696671,0.0526758802425039,0.0446772637418481
Cosmos3_seed102_0007,138,2,3,8.159004064355885,0.0523148755229782,0.0329382854772144,0.0328443002941429,0.0523148755229782,0.0329382854772144,0.0328443002941429
Cosmos3_seed102_0007,141,1,2,0.1843519875205661,0.1295043871946863,0.1087999379693401,0.0925216249039712,0.1295043871946863,0.1087999379693401,0.0925216249039712
Cosmos3_seed102_0007,141,1,3,3.1304583034062166,0.1011100881496533,0.0579094200589495,0.046543979009847,0.1011100881496533,0.0579094200589495,0.046543979009847
Cosmos3_seed102_0007,141,2,3,3.5003571424277733,0.0633001694368147,0.0308300481371193,0.0208176959774046,0.0633001694368147,0.0308300481371193,0.0208176959774046
Cosmos3_seed102_0007,144,1,2,0.18889365530497745,0.1233389281350066,0.1036882857389363,0.0874633970867857,0.1233389281350066,0.1036882857389363,0.0874633970867857
Cosmos3_seed102_0007,144,1,3,6.410790753404195,0.0533782157805229,0.040061772012036,0.0339930284643559,0.0533782157805229,0.040061772012036,0.0339930284643559
Cosmos3_seed102_0007,144,2,3,8.197864542444135,0.0288828866836632,0.0182236859682216,0.0181164528121332,0.0288828866836632,0.0182236859682216,0.0181164528121332
Cosmos3_seed102_0007,147,1,2,0.17554749552253104,0.1386965261058435,0.1163952444043264,0.0984744572946519,0.1386965261058435,0.1163952444043264,0.0984744572946519
Cosmos3_seed102_0007,147,1,3,3.1346767228825687,0.0931516003748049,0.053649868121066,0.0434107353794732,0.0931516003748049,0.053649868121066,0.0434107353794732
Cosmos3_seed102_0007,147,2,3,3.511061518810632,0.0701529742956636,0.0341832055294316,0.0232119124262418,0.0701529742956636,0.0341832055294316,0.0232119124262418
Cosmos3_seed102_0007,150,1,2,0.17484072827799585,0.1260818974956694,0.1060417789483348,0.0901514619160358,0.1260818974956694,0.1060417789483348,0.0901514619160358
Cosmos3_seed102_0007,150,1,3,3.130543524471158,0.1031392673587301,0.0593055210991056,0.0477983848485689,0.1031392673587301,0.0593055210991056,0.0477983848485689
Cosmos3_seed102_0007,150,2,3,3.5032294946602853,0.0679684208731183,0.0332256918608007,0.0225224897033908,0.0679684208731183,0.0332256918608007,0.0225224897033908
Cosmos3_seed102_0007,153,1,2,0.18233819153782757,0.1119313925532454,0.0942818905337174,0.079800594815801,0.1119313925532454,0.0942818905337174,0.079800594815801
Cosmos3_seed102_0007,153,1,3,3.1319465504808566,0.0962784418306951,0.0551721780336258,0.0443765898719225,0.0962784418306951,0.0551721780336258,0.0443765898719225
Cosmos3_seed102_0007,153,2,3,3.507444794033748,0.0982499490652905,0.0476542079823149,0.0322857907854952,0.0982499490652905,0.0476542079823149,0.0322857907854952
Cosmos3_seed102_0007,156,1,2,3.129063923921789,0.1130378359322589,0.0646760290247328,0.051966291049173,0.1130378359322589,0.0646760290247328,0.051966291049173
Cosmos3_seed102_0007,156,1,3,0.17944683719632745,0.1249815240067984,0.104814956984743,0.0898577831455172,0.1249815240067984,0.104814956984743,0.0898577831455172
Cosmos3_seed102_0007,156,2,3,3.4950116485544056,0.0800785302741802,0.0392796894958,0.026468166899204,0.0800785302741802,0.0392796894958,0.026468166899204
Cosmos3_seed102_0007,159,1,2,0.18002689092739313,0.1160802236218122,0.0965801249426816,0.082740478706217,0.1160802236218122,0.0965801249426816,0.082740478706217
Cosmos3_seed102_0007,159,1,3,6.141472528176964,0.1032839380073307,0.0814157080071131,0.0696338859548541,0.1032839380073307,0.0814157080071131,0.0696338859548541
Cosmos3_seed102_0007,159,2,3,8.347980605191712,0.0760741717088671,0.0699974762300514,0.0680925315358071,0.0760741717088671,0.0699974762300514,0.0680925315358071
Cosmos3_seed102_0007,162,1,2,0.20047713414739665,0.0873641757084887,0.0710832981301921,0.060599638662316,0.0873641757084887,0.0710832981301921,0.060599638662316
Cosmos3_seed102_0007,162,1,3,3.1370976463322333,0.1129709591066122,0.0634237998890012,0.0515312999928466,0.1129709591066122,0.0634237998890012,0.0515312999928466
Cosmos3_seed102_0007,162,2,3,3.4891428354446443,0.0539302940165649,0.0258119428509707,0.0170637202198845,0.0539302940165649,0.0258119428509707,0.0170637202198845
Cosmos3_seed102_0007,165,1,2,0.2301760611568021,0.1000643913512271,0.0801988057312836,0.0659778365891642,0.1000643913512271,0.0801988057312836,0.0659778365891642
Cosmos3_seed102_0007,165,1,3,3.1270381964227263,0.0961771273983985,0.0544448874538045,0.0438380007901424,0.0961771273983985,0.0544448874538045,0.0438380007901424
Cosmos3_seed102_0007,165,2,3,3.4998501011323118,0.0459541865435045,0.0214013197441967,0.0138109176068146,0.0459541865435045,0.0214013197441967,0.0138109176068146
Cosmos3_seed102_0007,168,1,2,3.116996126447678,0.0914346378058859,0.0517315195340035,0.0414593024404369,0.0914346378058859,0.0517315195340035,0.0414593024404369
Cosmos3_seed102_0007,168,1,3,0.24387585312754778,0.0817282866886276,0.0650008418049711,0.0531012792418086,0.0817282866886276,0.0650008418049711,0.0531012792418086
Cosmos3_seed102_0007,168,2,3,3.4905042558371404,0.025467541125941,0.0117711123569299,0.0075029291760765,0.025467541125941,0.0117711123569299,0.0075029291760765
Cosmos3_seed102_0007,171,1,2,0.2592686929462799,0.081408767696209,0.0635756589641506,0.0512616674342496,0.081408767696209,0.0635756589641506,0.0512616674342496
Cosmos3_seed102_0007,171,1,3,6.511062360864697,0.078436794871868,0.0594545181143601,0.0510755030507744,0.078436794871868,0.0594545181143601,0.0510755030507744
Cosmos3_seed102_0007,171,2,3,8.210820999476743,0.0491981531808986,0.0291228259312097,0.0273342765197155,0.0491981531808986,0.0291228259312097,0.0273342765197155
Cosmos3_seed102_0007,174,1,2,0.26155018201541014,0.0832633844833364,0.0647255233206948,0.052414051340663,0.0832633844833364,0.0647255233206948,0.052414051340663
Cosmos3_seed102_0007,174,1,3,6.533560373095045,0.0616754879241371,0.0468595984651467,0.0403300694812387,0.0616754879241371,0.0468595984651467,0.0403300694812387
Cosmos3_seed102_0007,174,2,3,8.213246788112057,0.0275101467418653,0.0162480178043284,0.0152876995247165,0.0275101467418653,0.0162480178043284,0.0152876995247165
Cosmos3_seed102_0007,177,1,2,0.2721804696578512,0.0818724815930901,0.0638934671913216,0.0514211452305889,0.0818724815930901,0.0638934671913216,0.0514211452305889
Cosmos3_seed102_0007,177,1,3,6.547321404989219,0.0677759927272007,0.0514022898394834,0.0443878868301235,0.0677759927272007,0.0514022898394834,0.0443878868301235
Cosmos3_seed102_0007,177,2,3,8.217367630620641,0.0321374772014469,0.0190211540019181,0.0177272000949375,0.0321374772014469,0.0190211540019181,0.0177272000949375
Cosmos3_seed102_0007,180,1,2,0.2750338573361911,0.0747442122813576,0.0578887981549454,0.0463329597497773,0.0747442122813576,0.0578887981549454,0.0463329597497773
Cosmos3_seed102_0007,180,1,3,3.690024208553522,0.0322212285716052,0.0175324439306315,0.0134197330501103,0.0322212285716052,0.0175324439306315,0.0134197330501103
Cosmos3_seed102_0007,180,2,3,4.59053393307845,0.1182174209000647,0.0724233165613505,0.050881722861168,0.1182174209000647,0.0724233165613505,0.050881722861168
Cosmos3_seed102_0007,183,1,2,0.2745120219895957,0.0945986466924151,0.0729739197045027,0.0583164763978547,0.0945986466924151,0.0729739197045027,0.0583164763978547
Cosmos3_seed102_0007,183,1,3,6.528961125144562,0.0722621995585789,0.0549676593342424,0.0473620778958131,0.0722621995585789,0.0549676593342424,0.0473620778958131
Cosmos3_seed102_0007,183,2,3,8.213459026850542,0.0613733448766398,0.0360129428119891,0.0334009414576936,0.0613733448766398,0.0360129428119891,0.0334009414576936
Cosmos3_seed102_0007,186,1,2,5.92217733062046,0.0612279980166021,0.0295182705043369,0.0276153198621638,0.0612279980166021,0.0295182705043369,0.0276153198621638
Cosmos3_seed102_0007,186,1,3,0.2662214046086924,0.0666834078871614,0.0517636156610922,0.041488364631807,0.0666834078871614,0.0517636156610922,0.041488364631807
Cosmos3_seed102_0007,186,2,3,8.775248175330367,0.0741802056292806,0.0446197537655334,0.0324035920821571,0.0741802056292806,0.0446197537655334,0.0324035920821571
Cosmos3_seed102_0007,188,1,2,5.872104997772939,0.0729923242722791,0.0301347470397694,0.0261476036303672,0.0729923242722791,0.0301347470397694,0.0261476036303672
Cosmos3_seed102_0007,188,1,3,0.27146591312439894,0.082883879497807,0.0641870509232482,0.0520628934384389,0.082883879497807,0.0641870509232482,0.0520628934384389
Cosmos3_seed102_0007,188,2,3,8.591236581787745,0.0949186188146963,0.0483126532700448,0.0324640414017358,0.0949186188146963,0.0483126532700448,0.0324640414017358
Cosmos3_seed102_0008,0,1,2,0.01572317600677654,0.2829446180698563,0.1600601648176738,0.1479793926878982,0.2829446180698563,0.1600601648176738,0.1479793926878982
Cosmos3_seed102_0008,3,1,2,0.015636246820496087,0.3096179873874951,0.1752933830587675,0.1623793476329774,0.3096179873874951,0.1752933830587675,0.1623793476329774
Cosmos3_seed102_0008,6,1,2,0.0172454179381349,0.3265210406984349,0.184922176426766,0.1714144485821686,0.3265210406984349,0.184922176426766,0.1714144485821686
Cosmos3_seed102_0008,9,1,2,0.016838523366528864,0.3631502699759195,0.2078216214143199,0.1945427915206118,0.3631502699759195,0.2078216214143199,0.1945427915206118
Cosmos3_seed102_0008,12,1,2,0.016646754124469972,0.2291992947754638,0.1355495430608134,0.1308545416854971,0.2291992947754638,0.1355495430608134,0.1308545416854971
Cosmos3_seed102_0008,15,1,2,0.014692582842732307,0.164083423969725,0.0970356601647064,0.093081025070617,0.164083423969725,0.0970356601647064,0.093081025070617
Cosmos3_seed102_0008,18,1,2,0.030841176889381088,0.2823403614699027,0.1629943945590228,0.1571296108936897,0.2823403614699027,0.1629943945590228,0.1571296108936897
Cosmos3_seed102_0008,21,1,2,0.024167618699617973,0.2343039898536854,0.1322930548202102,0.1240197323963979,0.2343039898536854,0.1322930548202102,0.1240197323963979
Cosmos3_seed102_0008,24,1,2,0.026784561361288657,0.2419473396716727,0.1335826532055618,0.1231424692755422,0.2419473396716727,0.1335826532055618,0.1231424692755422
Cosmos3_seed102_0008,27,1,2,0.03281730919566547,0.236671781900673,0.1283198477028087,0.1166627120969892,0.236671781900673,0.1283198477028087,0.1166627120969892
Cosmos3_seed102_0008,30,1,2,0.029302806090478858,0.2473128836725398,0.1346810247683743,0.1223800390350666,0.2473128836725398,0.1346810247683743,0.1223800390350666
Cosmos3_seed102_0008,33,1,2,0.02479832226669984,0.2431886395844225,0.1336993337943195,0.1218274464557529,0.2431886395844225,0.1336993337943195,0.1218274464557529
Cosmos3_seed102_0008,36,1,2,0.08698746539140176,0.2111696021631462,0.1095955160317151,0.1041171484171578,0.2111696021631462,0.1095955160317151,0.1041171484171578
Cosmos3_seed102_0008,39,1,2,0.05000895157658198,0.2012960137515119,0.1102660888354822,0.1055392176691764,0.2012960137515119,0.1102660888354822,0.1055392176691764
Cosmos3_seed102_0008,42,1,2,0.020825633548535987,0.1961174579152191,0.1049162210131427,0.0991806064793824,0.1961174579152191,0.1049162210131427,0.0991806064793824
Cosmos3_seed102_0008,45,1,2,0.0,0.275127177227064,0.1508469385467902,0.1452104924935929,0.0,0.0,0.0
Cosmos3_seed102_0008,48,1,2,0.0,0.1666836831553939,0.0904804816984855,0.0863154633546483,0.0,0.0,0.0
Cosmos3_seed102_0008,51,1,2,0.0,0.1885358587264296,0.1063159275855875,0.1019300295469954,0.0,0.0,0.0
Cosmos3_seed102_0008,60,1,2,0.0,0.1588737241652515,0.0829122500720828,0.0775620716530112,0.0,0.0,0.0
Cosmos3_seed102_0008,63,1,2,0.012136773738932276,0.1087686247851147,0.0587693685771174,0.0529247516882403,0.1087686247851147,0.0587693685771174,0.0529247516882403
Cosmos3_seed102_0008,63,2,3,0.0,0.0729796456121936,0.0577253479649839,0.0496714970540605,0.0,0.0,0.0
Cosmos3_seed102_0008,66,1,2,0.08045559145387345,0.129379897889739,0.0749826569669795,0.0724911053086942,0.129379897889739,0.0749826569669795,0.0724911053086942
Cosmos3_seed102_0008,69,1,2,0.05111052720022871,0.1173123231787018,0.0655866969350764,0.0645056780190927,0.1173123231787018,0.0655866969350764,0.0645056780190927
Cosmos3_seed102_0008,72,1,2,0.0,0.1128661353687004,0.0599276398600516,0.0582426736991404,0.0,0.0,0.0
Cosmos3_seed102_0008,75,1,2,0.0,0.1173248399959527,0.0602534302743269,0.0597222211660973,0.0,0.0,0.0
Cosmos3_seed102_0008,78,1,2,0.0,0.1687090236021217,0.0860725382866209,0.0855762208120973,0.0,0.0,0.0
Cosmos3_seed102_0008,81,1,2,0.0,0.1893817573307597,0.0953560049771275,0.0945138926350633,0.0,0.0,0.0
Cosmos3_seed102_0008,84,1,2,0.0,0.1509170189994738,0.0707743121656583,0.0671546116145143,0.0,0.0,0.0
Cosmos3_seed102_0008,87,1,2,0.0,0.1222571530520548,0.0529625160728344,0.0478560565495171,0.0,0.0,0.0
Cosmos3_seed102_0008,168,1,2,0.01293478610252507,0.0514741658423853,0.028157526449048,0.0267619001025393,0.0514741658423853,0.028157526449048,0.0267619001025393
Cosmos3_seed102_0009,0,1,2,0.41988650077890577,0.2797262458058666,0.1134250471459765,0.1064740715532064,0.2797262458058666,0.1134250471459765,0.1064740715532064
Cosmos3_seed102_0009,3,1,2,0.42031759328344287,0.3047980050165683,0.1238499856536564,0.1163067101082293,0.3047980050165683,0.1238499856536564,0.1163067101082293
Cosmos3_seed102_0009,6,1,2,0.41905238737572365,0.2926598330908949,0.1190341475026341,0.1117583108730976,0.2926598330908949,0.1190341475026341,0.1117583108730976
Cosmos3_seed102_0009,9,1,2,0.4193052769906279,0.2727769321870777,0.1107219886431785,0.1041082694449869,0.2727769321870777,0.1107219886431785,0.1041082694449869
Cosmos3_seed102_0009,12,1,2,0.4190272074790733,0.3059119267377772,0.123752275422085,0.1163510412329523,0.3059119267377772,0.123752275422085,0.1163510412329523
Cosmos3_seed102_0009,15,1,2,0.41768604115566754,0.2365613237812515,0.0960902613441272,0.0904285820081826,0.2365613237812515,0.0960902613441272,0.0904285820081826
Cosmos3_seed102_0009,18,1,2,0.4194163970000042,0.2951218361108009,0.1186610926776475,0.1109129058501122,0.2951218361108009,0.1186610926776475,0.1109129058501122
Cosmos3_seed102_0009,21,1,2,0.4198253884368086,0.3052866264787437,0.1231465814753443,0.1157018621316837,0.3052866264787437,0.1231465814753443,0.1157018621316837
Cosmos3_seed102_0009,24,1,2,0.4215437368389403,0.2923476309167571,0.1175976579384955,0.1102738731090674,0.2923476309167571,0.1175976579384955,0.1102738731090674
Cosmos3_seed102_0009,27,1,2,0.420590125339946,0.272145266597015,0.1097140800683709,0.1028842610995463,0.272145266597015,0.1097140800683709,0.1028842610995463
Cosmos3_seed102_0009,30,1,2,0.4213773612699781,0.2910463901693082,0.1169494761874905,0.1100877953689767,0.2910463901693082,0.1169494761874905,0.1100877953689767
Cosmos3_seed102_0009,33,1,2,0.40898577409862813,0.1596001273024395,0.0692561981403304,0.0657795222364222,0.1596001273024395,0.0692561981403304,0.0657795222364222
Cosmos3_seed102_0009,36,1,2,0.389726217063012,0.1974648563981076,0.0879642581588139,0.0845033307708739,0.1974648563981076,0.0879642581588139,0.0845033307708739
Cosmos3_seed102_0009,39,1,2,0.39617208971493234,0.2407199359237925,0.1069198281162681,0.1011408538121415,0.2407199359237925,0.1069198281162681,0.1011408538121415
Cosmos3_seed102_0009,42,1,2,0.39863523635005615,0.2452155230733346,0.1082985319151291,0.1017924679005006,0.2452155230733346,0.1082985319151291,0.1017924679005006
Cosmos3_seed102_0009,45,1,2,0.3962657513583664,0.2286469756596667,0.1012136614414019,0.0947305700310635,0.2286469756596667,0.1012136614414019,0.0947305700310635
Cosmos3_seed102_0009,48,1,2,0.393332943654513,0.306918782878406,0.1348772580083976,0.1263476844792387,0.306918782878406,0.1348772580083976,0.1263476844792387
Cosmos3_seed102_0009,51,1,2,0.37166959341622907,0.2060453620635537,0.0915940088143639,0.0877957741280938,0.2060453620635537,0.0915940088143639,0.0877957741280938
Cosmos3_seed102_0009,54,1,2,0.3720404971494991,0.2781818534670761,0.1254295504301684,0.118004863803533,0.2781818534670761,0.1254295504301684,0.118004863803533
Cosmos3_seed102_0009,57,1,2,0.3727501642918774,0.1869883018326382,0.0870077500268851,0.0819915129642852,0.1869883018326382,0.0870077500268851,0.0819915129642852
Cosmos3_seed102_0009,60,1,2,0.37509883651900633,0.2415552627125986,0.1136312574646369,0.1084384997066836,0.2415552627125986,0.1136312574646369,0.1084384997066836
Cosmos3_seed102_0009,63,1,2,0.3757682135085197,0.2158927709565562,0.1066133793406672,0.0991652433959189,0.2158927709565562,0.1066133793406672,0.0991652433959189
Cosmos3_seed102_0009,66,1,2,0.3586127919084831,0.2007839008851617,0.1018168586719501,0.0940170214739584,0.2007839008851617,0.1018168586719501,0.0940170214739584
Cosmos3_seed102_0009,69,1,2,0.2936147174009169,0.2281611175921278,0.1225393843492178,0.1130297440360475,0.2281611175921278,0.1225393843492178,0.1130297440360475
Cosmos3_seed102_0009,72,1,2,0.17808059305643587,0.3010809747898295,0.1648675403189081,0.1505369535779808,0.3010809747898295,0.1648675403189081,0.1505369535779808
Cosmos3_seed102_0009,75,1,2,0.06935182408503582,0.3560658413441584,0.1997410180414081,0.1819194694522608,0.3560658413441584,0.1997410180414081,0.1819194694522608
Cosmos3_seed102_0009,78,1,2,0.0,0.3019593553334662,0.1709656839532341,0.1573468769421349,0.0,0.0,0.0
Cosmos3_seed102_0009,81,1,2,0.0,0.3455595091561856,0.1984207224824888,0.1832246124080071,0.0,0.0,0.0
Cosmos3_seed102_0009,84,1,2,0.0,0.3331636137982741,0.1889330160551783,0.1777393092263316,0.0,0.0,0.0
Cosmos3_seed102_0009,87,1,2,0.0,0.3578978443911682,0.2048823568959919,0.1929720763735622,0.0,0.0,0.0
Cosmos3_seed102_0009,90,1,2,0.0,0.3184010015933113,0.1759792650800817,0.1691561979699262,0.0,0.0,0.0
Cosmos3_seed102_0009,93,1,2,0.0,0.3500584036729378,0.1902171926856992,0.1843798902239039,0.0,0.0,0.0
Cosmos3_seed102_0009,96,1,2,0.0,0.3435000601980652,0.1843412674959016,0.1792702845766854,0.0,0.0,0.0
Cosmos3_seed102_0009,99,1,2,0.0,0.3808197516296238,0.1985461629591816,0.1926858943211592,0.0,0.0,0.0
Cosmos3_seed102_0009,102,1,2,0.0,0.3938850534076558,0.2004710475338357,0.1983282922796143,0.0,0.0,0.0
Cosmos3_seed102_0009,105,1,2,0.0,0.2715058828289741,0.1329102203086778,0.1306923331991867,0.0,0.0,0.0
Cosmos3_seed102_0009,108,1,2,0.0,0.3663777522417492,0.174100469584252,0.1668353642831933,0.0,0.0,0.0
Cosmos3_seed102_0009,111,1,2,0.0,0.3997162286188232,0.1832702231364541,0.1712639663882728,0.0,0.0,0.0
Cosmos3_seed102_0009,114,1,2,0.0,0.3404885954262594,0.1485484884655324,0.1349558893274472,0.0,0.0,0.0
Cosmos3_seed102_0009,117,1,2,0.0,0.3427226604671203,0.1455035540788297,0.1295455297932553,0.0,0.0,0.0
Cosmos3_seed102_0009,120,1,2,0.0,0.3694248590334598,0.1466479244961131,0.1248593727476193,0.0,0.0,0.0
Cosmos3_seed102_0009,123,1,2,0.0,0.2754010230591026,0.0993709401001519,0.0792941272051674,0.0,0.0,0.0
Cosmos3_seed102_0009,126,1,2,0.0,0.1689359418078481,0.0567170372584643,0.0426307639605582,0.0,0.0,0.0
Cosmos3_seed102_0010,0,1,2,0.04105420846615905,0.4053871135290343,0.198541487314903,0.1822694176945316,0.4053871135290343,0.198541487314903,0.1822694176945316
Cosmos3_seed102_0010,3,1,2,0.04238109161801679,0.3875070419917968,0.1894454468897669,0.1741872768924999,0.3875070419917968,0.1894454468897669,0.1741872768924999
Cosmos3_seed102_0010,6,1,2,0.04152467180653332,0.3708916948595305,0.1814959085039781,0.167100209490951,0.3708916948595305,0.1814959085039781,0.167100209490951
Cosmos3_seed102_0010,9,1,2,0.041270157351524145,0.3708830360055178,0.1814376355910226,0.1665729984887207,0.3708830360055178,0.1814376355910226,0.1665729984887207
Cosmos3_seed102_0010,12,1,2,0.04113530244507186,0.3939776513306459,0.1927077364976305,0.1769773656147633,0.3939776513306459,0.1927077364976305,0.1769773656147633
Cosmos3_seed102_0010,15,1,2,0.039990827034968764,0.3826109471556976,0.1874585837856532,0.172000951091455,0.3826109471556976,0.1874585837856532,0.172000951091455
Cosmos3_seed102_0010,18,1,2,0.04097645297972667,0.3794583182097389,0.1853831567563195,0.169895876677517,0.3794583182097389,0.1853831567563195,0.169895876677517
Cosmos3_seed102_0010,21,1,2,0.04043268156732757,0.3909146574581046,0.1912888572339139,0.1755714433949214,0.3909146574581046,0.1912888572339139,0.1755714433949214
Cosmos3_seed102_0010,24,1,2,0.0402295801770513,0.3858662199872464,0.1890518028176437,0.1735665498155308,0.3858662199872464,0.1890518028176437,0.1735665498155308
Cosmos3_seed102_0010,27,1,2,0.041346936305890473,0.3807606905664814,0.1862564211771043,0.1709332254370745,0.3807606905664814,0.1862564211771043,0.1709332254370745
Cosmos3_seed102_0010,30,1,2,0.040391002332524475,0.3865564084404886,0.189681470605449,0.1742135570227547,0.3865564084404886,0.189681470605449,0.1742135570227547
Cosmos3_seed102_0010,33,1,2,0.04106001239266808,0.4083005737405632,0.2000078610491208,0.1837598838560308,0.4083005737405632,0.2000078610491208,0.1837598838560308
Cosmos3_seed102_0010,36,1,2,0.04160123436385659,0.4131963202882399,0.202060619443088,0.1856495162346872,0.4131963202882399,0.202060619443088,0.1856495162346872
Cosmos3_seed102_0010,39,1,2,0.04195980333350261,0.3807612267757641,0.1863086330893114,0.1706944527639789,0.3807612267757641,0.1863086330893114,0.1706944527639789
Cosmos3_seed102_0010,42,1,2,0.04094580500480157,0.3896944510456927,0.1909622297139102,0.1751218310853224,0.3896944510456927,0.1909622297139102,0.1751218310853224
Cosmos3_seed102_0010,45,1,2,0.04373954210794296,0.383501479239812,0.1874614088517035,0.1718237587239073,0.383501479239812,0.1874614088517035,0.1718237587239073
Cosmos3_seed102_0010,48,1,2,0.04283180332800307,0.3970976843711332,0.1941678057230461,0.1778707853597175,0.3970976843711332,0.1941678057230461,0.1778707853597175
Cosmos3_seed102_0010,51,1,2,0.04257259396866941,0.4050877494402907,0.1977294715582193,0.1808575869385529,0.4050877494402907,0.1977294715582193,0.1808575869385529
Cosmos3_seed102_0010,54,1,2,0.042470046974462106,0.3814821646945276,0.1866266582879567,0.1709233409533344,0.3814821646945276,0.1866266582879567,0.1709233409533344
Cosmos3_seed102_0010,57,1,2,0.04017129434162208,0.384892606048754,0.1885048378028616,0.172664222983784,0.384892606048754,0.1885048378028616,0.172664222983784
Cosmos3_seed102_0010,60,1,2,0.04018898556759167,0.368254686923066,0.1806123468226918,0.1654246021292439,0.368254686923066,0.1806123468226918,0.1654246021292439
Cosmos3_seed102_0010,63,1,2,0.041273735503238804,0.3846230278473798,0.1887131466792695,0.1731086391547685,0.3846230278473798,0.1887131466792695,0.1731086391547685
Cosmos3_seed102_0010,66,1,2,0.04068781009600134,0.345852555957496,0.1691402731819744,0.1549775302781822,0.345852555957496,0.1691402731819744,0.1549775302781822
Cosmos3_seed102_0010,69,1,2,0.04146614382383467,0.3425331896241175,0.167605440326942,0.1534524009792102,0.3425331896241175,0.167605440326942,0.1534524009792102
Cosmos3_seed102_0010,72,1,2,0.04122534570172674,0.3796679150102952,0.1857660154366217,0.1703137164749594,0.3796679150102952,0.1857660154366217,0.1703137164749594
Cosmos3_seed102_0010,75,1,2,0.04155625119377538,0.3952999825140335,0.1931881869723045,0.1770837260387555,0.3952999825140335,0.1931881869723045,0.1770837260387555
Cosmos3_seed102_0010,78,1,2,0.04157870656957647,0.3705797660927761,0.1811354067043764,0.166074611373482,0.3705797660927761,0.1811354067043764,0.166074611373482
Cosmos3_seed102_0010,81,1,2,0.0422519786330482,0.40759803834889,0.1993162879049129,0.1829650884553025,0.40759803834889,0.1993162879049129,0.1829650884553025
Cosmos3_seed102_0010,84,1,2,0.04058098649281759,0.4031201605625255,0.1968984237848072,0.1804961291716347,0.4031201605625255,0.1968984237848072,0.1804961291716347
Cosmos3_seed102_0010,87,1,2,0.04304276237164858,0.3751500874262708,0.1837045495975176,0.1688723949408599,0.3751500874262708,0.1837045495975176,0.1688723949408599
Cosmos3_seed102_0010,90,1,2,0.042284644988586854,0.3831154036352448,0.187047546130547,0.1715055079016243,0.3831154036352448,0.187047546130547,0.1715055079016243
Cosmos3_seed102_0010,93,1,2,0.04266491442975309,0.3715061365385999,0.1814177178347881,0.1663406280389975,0.3715061365385999,0.1814177178347881,0.1663406280389975
Cosmos3_seed102_0010,96,1,2,0.04333001717004228,0.3464632923626953,0.1689836603633047,0.1548363931719585,0.3464632923626953,0.1689836603633047,0.1548363931719585
Cosmos3_seed102_0010,99,1,2,0.043721228677175136,0.3883313418632211,0.1890423658926285,0.1734418437173513,0.3883313418632211,0.1890423658926285,0.1734418437173513
Cosmos3_seed102_0010,102,1,2,0.04289062921987958,0.3621590540095812,0.1765175340705902,0.1618514196015626,0.3621590540095812,0.1765175340705902,0.1618514196015626
Cosmos3_seed102_0010,105,1,2,0.04228198952704675,0.3435210546814372,0.1677260206764214,0.1535195591720029,0.3435210546814372,0.1677260206764214,0.1535195591720029
Cosmos3_seed102_0010,108,1,2,0.04315173595514061,0.3552939122450704,0.1735722501397357,0.159049976418568,0.3552939122450704,0.1735722501397357,0.159049976418568
Cosmos3_seed102_0010,111,1,2,0.04132781465174513,0.3578842577225173,0.1745721640127996,0.1600627802099002,0.3578842577225173,0.1745721640127996,0.1600627802099002
Cosmos3_seed102_0010,114,1,2,0.04311514397964654,0.3636008170276054,0.1771311706893239,0.1626694882436175,0.3636008170276054,0.1771311706893239,0.1626694882436175
Cosmos3_seed102_0010,117,1,2,0.042384623231374985,0.3526923134312185,0.1719391261597047,0.1581319939540427,0.3526923134312185,0.1719391261597047,0.1581319939540427
Cosmos3_seed102_0010,120,1,2,0.043384955657849784,0.3436230479763217,0.1678349520607997,0.1541087287468154,0.3436230479763217,0.1678349520607997,0.1541087287468154
Cosmos3_seed102_0010,123,1,2,0.04206964572136283,0.3590017933251126,0.1757773969710899,0.1615511564560438,0.3590017933251126,0.1757773969710899,0.1615511564560438
Cosmos3_seed102_0010,126,1,2,0.041892463297372916,0.3703105826059445,0.1811464004057629,0.1667402633097019,0.3703105826059445,0.1811464004057629,0.1667402633097019
Cosmos3_seed102_0010,129,1,2,0.04215342597707494,0.3318358293178616,0.1622596078242288,0.149130041489258,0.3318358293178616,0.1622596078242288,0.149130041489258
Cosmos3_seed102_0010,132,1,2,0.04269125395738732,0.357779208216579,0.1747586010962749,0.1603982991178614,0.357779208216579,0.1747586010962749,0.1603982991178614
Cosmos3_seed102_0010,135,1,2,0.04301468758518964,0.330109109416894,0.1613084093820452,0.1484349202933381,0.330109109416894,0.1613084093820452,0.1484349202933381
Cosmos3_seed102_0010,138,1,2,0.04440189388451144,0.3695776914369902,0.1803254016178258,0.1657867721637498,0.3695776914369902,0.1803254016178258,0.1657867721637498
Cosmos3_seed102_0010,141,1,2,0.04372304422790053,0.3679518808556842,0.1795074379858731,0.1645005477076689,0.3679518808556842,0.1795074379858731,0.1645005477076689
Cosmos3_seed102_0010,144,1,2,0.0419067961320961,0.3501609763069387,0.1715204516845583,0.1573195430800153,0.3501609763069387,0.1715204516845583,0.1573195430800153
Cosmos3_seed102_0010,147,1,2,0.044250554227706004,0.2933796394640193,0.1445662005076279,0.1334209947681484,0.2933796394640193,0.1445662005076279,0.1334209947681484
Cosmos3_seed102_0010,150,1,2,0.042749335063044396,0.2875220916887503,0.1425604016697202,0.1325406925175041,0.2875220916887503,0.1425604016697202,0.1325406925175041
Cosmos3_seed102_0010,153,1,2,0.0421792240278665,0.280393178915174,0.1393809693864812,0.1296586258097678,0.280393178915174,0.1393809693864812,0.1296586258097678
Cosmos3_seed102_0010,156,1,2,0.042668688584299654,0.353819123852832,0.1745433004455427,0.1610920495046704,0.353819123852832,0.1745433004455427,0.1610920495046704
Cosmos3_seed102_0010,159,1,2,0.042363316981354614,0.3549439839307345,0.173870150868415,0.159542608553274,0.3549439839307345,0.173870150868415,0.159542608553274
Cosmos3_seed102_0010,162,1,2,0.042325699683893714,0.3325001372218293,0.1628404430005973,0.1492391295668369,0.3325001372218293,0.1628404430005973,0.1492391295668369
Cosmos3_seed102_0010,165,1,2,0.04337192292107712,0.3921133016727277,0.1919293477676248,0.1759290144843585,0.3921133016727277,0.1919293477676248,0.1759290144843585
Cosmos3_seed102_0010,168,1,2,0.042621467104010095,0.4233281811352059,0.2069714772740082,0.1899728918139073,0.4233281811352059,0.2069714772740082,0.1899728918139073
Cosmos3_seed102_0010,171,1,2,0.041898381706696866,0.4044806349088178,0.1973270985766417,0.1813183061331504,0.4044806349088178,0.1973270985766417,0.1813183061331504
Cosmos3_seed102_0010,174,1,2,0.04284188982987517,0.4012502995462025,0.196324745065765,0.1800893986570555,0.4012502995462025,0.196324745065765,0.1800893986570555
Cosmos3_seed102_0010,177,1,2,0.04227996735785842,0.4436212147719413,0.2165653647376557,0.1986489240790986,0.4436212147719413,0.2165653647376557,0.1986489240790986
Cosmos3_seed102_0010,180,1,2,0.042116103981345306,0.437827735600015,0.2142689271737205,0.1965574923443577,0.437827735600015,0.2142689271737205,0.1965574923443577
Cosmos3_seed102_0010,183,1,2,0.04280594979026559,0.4401766657162203,0.2145871012129651,0.197274092794849,0.4401766657162203,0.2145871012129651,0.197274092794849
Cosmos3_seed102_0010,186,1,2,0.04187013075755102,0.3998635677383441,0.1947407277943714,0.1790152101401899,0.3998635677383441,0.1947407277943714,0.1790152101401899
Cosmos3_seed102_0010,188,1,2,0.041789672249703196,0.4125050222396429,0.2010978620153592,0.1847958362689657,0.4125050222396429,0.2010978620153592,0.1847958362689657
Cosmos3_seed102_0011,0,1,2,0.41506503632900926,0.2990071118098367,0.1187974100901921,0.1084173168602555,0.2990071118098367,0.1187974100901921,0.1084173168602555
Cosmos3_seed102_0011,3,1,2,0.41619487534126454,0.2804865785438888,0.1110358797818035,0.1008091593073722,0.2804865785438888,0.1110358797818035,0.1008091593073722
Cosmos3_seed102_0011,6,1,2,0.4174961946727874,0.2979568612987087,0.1177331478620657,0.1071163626798348,0.2979568612987087,0.1177331478620657,0.1071163626798348
Cosmos3_seed102_0011,9,1,2,0.4179281559248842,0.3172612705970296,0.1250225611695924,0.1134818186938589,0.3172612705970296,0.1250225611695924,0.1134818186938589
Cosmos3_seed102_0011,12,1,2,0.4174268248931357,0.3008317716364529,0.1184260842129683,0.1072957350155438,0.3008317716364529,0.1184260842129683,0.1072957350155438
Cosmos3_seed102_0011,15,1,2,0.4172715490336834,0.3013328647624003,0.1188196794324436,0.107327438653348,0.3013328647624003,0.1188196794324436,0.107327438653348
Cosmos3_seed102_0011,18,1,2,0.4163700526627743,0.3301119627913716,0.1297700725861326,0.1163760911497128,0.3301119627913716,0.1297700725861326,0.1163760911497128
Cosmos3_seed102_0011,21,1,2,0.4157430503928931,0.2544158260483953,0.1013517056571033,0.0898760024127792,0.2544158260483953,0.1013517056571033,0.0898760024127792
Cosmos3_seed102_0011,24,1,2,0.4195464656037334,0.2496957602125962,0.0993170651123846,0.0879815847361548,0.2496957602125962,0.0993170651123846,0.0879815847361548
Cosmos3_seed102_0011,27,1,2,0.41710269670084216,0.2544395158568295,0.1002722673954102,0.0898848200986782,0.2544395158568295,0.1002722673954102,0.0898848200986782
Cosmos3_seed102_0011,30,1,2,0.41436406566045164,0.2434862678561827,0.095275531851648,0.0851709259311277,0.2434862678561827,0.095275531851648,0.0851709259311277
Cosmos3_seed102_0011,33,1,2,0.3854977940674678,0.2846824083543613,0.1086683433030845,0.0983501734965758,0.2846824083543613,0.1086683433030845,0.0983501734965758
Cosmos3_seed102_0011,36,1,2,0.370261602387466,0.2655232040520378,0.0994550854977523,0.0897542506650176,0.2655232040520378,0.0994550854977523,0.0897542506650176
Cosmos3_seed102_0011,39,1,2,0.35696173164188877,0.2154937623862337,0.0793497716224957,0.0724490631498034,0.2154937623862337,0.0793497716224957,0.0724490631498034
Cosmos3_seed102_0011,42,1,2,0.32316172890060435,0.1517888316648451,0.0547274995529891,0.0485908331734068,0.1517888316648451,0.0547274995529891,0.0485908331734068
Cosmos3_seed102_0011,45,1,2,0.30863413939165707,0.1895339804845621,0.0681134082394254,0.0618302369618764,0.1895339804845621,0.0681134082394254,0.0618302369618764
Cosmos3_seed102_0011,48,1,2,0.2962599600633029,0.2472911474678203,0.0933254259252758,0.083536557944945,0.2472911474678203,0.0933254259252758,0.083536557944945
Cosmos3_seed102_0011,51,1,2,0.27968818058279155,0.2063930654061591,0.0798372340905288,0.0708307235963771,0.2063930654061591,0.0798372340905288,0.0708307235963771
Cosmos3_seed102_0011,54,1,2,0.25924694910133883,0.1275588780902891,0.0527536777517453,0.0469512791239304,0.1275588780902891,0.0527536777517453,0.0469512791239304
Cosmos3_seed102_0011,57,1,2,0.2554192956824318,0.1173905845005687,0.0514490250980525,0.0446694921013132,0.1173905845005687,0.0514490250980525,0.0446694921013132
Cosmos3_seed102_0011,60,1,2,0.24019449739652596,0.1501658990566102,0.0676259335980084,0.0592990338662881,0.1501658990566102,0.0676259335980084,0.0592990338662881
Cosmos3_seed102_0011,63,1,2,0.20728182220586958,0.182473272283575,0.0853747923631376,0.0735826705715985,0.182473272283575,0.0853747923631376,0.0735826705715985
Cosmos3_seed102_0011,66,1,2,0.15224794757678642,0.1528339535448622,0.0712731401386594,0.0614042655069492,0.1528339535448622,0.0712731401386594,0.0614042655069492
Cosmos3_seed102_0011,69,1,2,0.10085366490866768,0.1766886287845181,0.0819062937770395,0.0699507248797719,0.1766886287845181,0.0819062937770395,0.0699507248797719
Cosmos3_seed102_0011,72,1,2,0.016808416280836062,0.1466120422898245,0.0664314639938463,0.0568313432480451,0.1466120422898245,0.0664314639938463,0.0568313432480451
Cosmos3_seed102_0011,75,1,2,0.013509310955751268,0.132373411499586,0.0606951474948165,0.050423149350108,0.132373411499586,0.0606951474948165,0.050423149350108
Cosmos3_seed102_0011,78,1,2,0.0,0.166826200144274,0.0746316468026215,0.0615772479089246,0.0,0.0,0.0
Cosmos3_seed102_0011,81,1,2,0.0,0.176596865593921,0.0793304604823815,0.0657975365111916,0.0,0.0,0.0
Cosmos3_seed102_0011,84,1,2,0.0,0.2185103553347469,0.0969475217737342,0.0800871969300269,0.0,0.0,0.0
Cosmos3_seed102_0011,87,1,2,0.0,0.250416762004102,0.1105031890973247,0.0930460822361335,0.0,0.0,0.0
Cosmos3_seed102_0011,90,1,2,0.0,0.3392433430290952,0.148075358194815,0.1252045139432319,0.0,0.0,0.0
Cosmos3_seed102_0011,93,1,2,0.0,0.3402425537717259,0.1491402088693208,0.1270611813146377,0.0,0.0,0.0
Cosmos3_seed102_0011,96,1,2,0.0,0.3159361156860825,0.1374348128685054,0.117616535886584,0.0,0.0,0.0
Cosmos3_seed102_0011,99,1,2,0.0,0.3343175079435458,0.143968262372177,0.1220709529914808,0.0,0.0,0.0
Cosmos3_seed102_0011,102,1,2,0.0,0.3406766524144752,0.1466667741556815,0.1244242655054859,0.0,0.0,0.0
Cosmos3_seed102_0011,105,1,2,0.0,0.324612581107127,0.1384871796513703,0.1173848092657248,0.0,0.0,0.0
Cosmos3_seed102_0011,108,1,2,0.0,0.3422165728516944,0.1455907789440067,0.1235032880727022,0.0,0.0,0.0
Cosmos3_seed102_0011,111,1,2,0.0,0.3036588490229095,0.1247373858540903,0.107718507381055,0.0,0.0,0.0
Cosmos3_seed102_0011,114,1,2,0.0,0.3173595641317039,0.1271184379724822,0.1128361434236305,0.0,0.0,0.0
Cosmos3_seed102_0011,117,1,2,0.0,0.2793901222337227,0.110691367177641,0.0995242003509273,0.0,0.0,0.0
Cosmos3_seed102_0011,120,1,2,0.0,0.2615463231629968,0.1016416104525687,0.0930321458989644,0.0,0.0,0.0
Cosmos3_seed102_0011,123,1,2,0.0,0.2524213157803965,0.096143403395656,0.088730622270574,0.0,0.0,0.0
Cosmos3_seed102_0011,126,1,2,0.0,0.2691032396527038,0.1020367190025977,0.0936967894812212,0.0,0.0,0.0
Cosmos3_seed102_0011,129,1,2,0.0,0.2478583026124609,0.0946646859224069,0.0860389659869604,0.0,0.0,0.0
Cosmos3_seed102_0011,132,1,2,0.0,0.2392721990652884,0.0917586638534876,0.0831435937922865,0.0,0.0,0.0
Cosmos3_seed102_0011,135,1,2,0.0,0.2592283006169352,0.0992011208739739,0.0905895194840256,0.0,0.0,0.0
Cosmos3_seed102_0011,138,1,2,0.0,0.2656914385920964,0.1021569210646654,0.0938822219926464,0.0,0.0,0.0
Cosmos3_seed102_0011,141,1,2,0.0,0.2334699037211468,0.0857655277384491,0.0809577275240434,0.0,0.0,0.0
Cosmos3_seed102_0011,144,1,2,0.0,0.1971384126607961,0.0677509453594594,0.0666831388733509,0.0,0.0,0.0
Cosmos3_seed102_0064,0,1,2,4.004723791440539,0.0904954911528714,0.0690934980374545,0.0569213003208686,0.0904954911528714,0.0690934980374545,0.0569213003208686
Cosmos3_seed102_0064,0,1,3,1.1619020556274995,0.0676244773517253,0.0451781905470183,0.0369910638244074,0.0676244773517253,0.0451781905470183,0.0369910638244074
Cosmos3_seed102_0064,0,2,3,3.5151911117368804,0.0353574695923294,0.0286726910802893,0.0267368787251149,0.0353574695923294,0.0286726910802893,0.0267368787251149
Cosmos3_seed102_0064,3,1,2,3.979754116779678,0.0794206572322386,0.0605171510801106,0.0495835253758507,0.0794206572322386,0.0605171510801106,0.0495835253758507
Cosmos3_seed102_0064,3,1,3,0.21781074638604372,0.1433542152485917,0.1167574561381287,0.0975250121265523,0.1433542152485917,0.1167574561381287,0.0975250121265523
Cosmos3_seed102_0064,3,2,3,5.576593880909936,0.0704618078600738,0.0437293414006123,0.0428943878799024,0.0704618078600738,0.0437293414006123,0.0428943878799024
Cosmos3_seed102_0064,6,1,2,3.9632456962995724,0.0849429975795801,0.064567830777191,0.0528120958901206,0.0849429975795801,0.064567830777191,0.0528120958901206
Cosmos3_seed102_0064,6,1,3,0.2172811349198586,0.129958290665222,0.105270916106595,0.0880097229207652,0.129958290665222,0.105270916106595,0.0880097229207652
Cosmos3_seed102_0064,6,2,3,5.542511926020796,0.0931753472530106,0.0573712146921345,0.0561292191853831,0.0931753472530106,0.0573712146921345,0.0561292191853831
Cosmos3_seed102_0064,9,1,2,3.9179575169489813,0.0766598035306155,0.0580019466322603,0.0469758787216537,0.0766598035306155,0.0580019466322603,0.0469758787216537
Cosmos3_seed102_0064,9,1,3,0.21285916003340447,0.1226089644026595,0.1005611914926486,0.0830664219136528,0.1226089644026595,0.1005611914926486,0.0830664219136528
Cosmos3_seed102_0064,9,2,3,5.574413799338937,0.0824328467604678,0.0511544420177858,0.0501557353248841,0.0824328467604678,0.0511544420177858,0.0501557353248841
Cosmos3_seed102_0064,12,1,2,3.9461800539331717,0.0717456832688833,0.0545501397682533,0.0442173051898282,0.0717456832688833,0.0545501397682533,0.0442173051898282
Cosmos3_seed102_0064,12,1,3,4.20349142440741,0.0576301570548542,0.051806831954401,0.051646576127453,0.0576301570548542,0.051806831954401,0.051646576127453
Cosmos3_seed102_0064,12,2,3,0.389244402327109,0.0291589587483522,0.0221017470036488,0.0199290122601329,0.0291589587483522,0.0221017470036488,0.0199290122601329
Cosmos3_seed102_0064,15,1,2,3.983951280885909,0.0928957561021739,0.0704916024084582,0.0574842192079183,0.0928957561021739,0.0704916024084582,0.0574842192079183
Cosmos3_seed102_0064,15,1,3,4.202174463405519,0.0696356254906373,0.0623840620204751,0.0598303032983156,0.0696356254906373,0.0623840620204751,0.0598303032983156
Cosmos3_seed102_0064,15,2,3,0.362978091657329,0.0389471154029339,0.0283442102835649,0.0258008162909899,0.0389471154029339,0.0283442102835649,0.0258008162909899
Cosmos3_seed102_0064,18,1,2,3.994651183311204,0.0931041362877101,0.0710518960403633,0.0579276187402096,0.0931041362877101,0.0710518960403633,0.0579276187402096
Cosmos3_seed102_0064,18,1,3,4.220355913047797,0.0649529192102382,0.0572015204133829,0.0521850421573729,0.0649529192102382,0.0572015204133829,0.0521850421573729
Cosmos3_seed102_0064,18,2,3,0.40728371943852704,0.0502827499387248,0.0350077487417001,0.0324089745519921,0.0502827499387248,0.0350077487417001,0.0324089745519921
Cosmos3_seed102_0064,21,1,2,3.9866896303382986,0.1014069101099776,0.0774921718402573,0.0630892216688997,0.1014069101099776,0.0774921718402573,0.0630892216688997
Cosmos3_seed102_0064,21,1,3,0.21297287852133331,0.1275397200766102,0.1031757844581963,0.0867365035354134,0.1275397200766102,0.1031757844581963,0.0867365035354134
Cosmos3_seed102_0064,21,2,3,5.527653913442219,0.1228175124039756,0.0759246677020435,0.0735285674795055,0.1228175124039756,0.0759246677020435,0.0735285674795055
Cosmos3_seed102_0064,24,1,2,4.008698365459781,0.0877709826439362,0.0671501688322564,0.0546120644002865,0.0877709826439362,0.0671501688322564,0.0546120644002865
Cosmos3_seed102_0064,24,1,3,0.21261164211231776,0.1353619177464829,0.1102014874621896,0.0937228329516438,0.1353619177464829,0.1102014874621896,0.0937228329516438
Cosmos3_seed102_0064,24,2,3,5.484087676258148,0.0924166195982531,0.0575621736338657,0.0550453603259591,0.0924166195982531,0.0575621736338657,0.0550453603259591
Cosmos3_seed102_0064,27,1,2,3.9924007629621743,0.0871664391130643,0.0671605617170781,0.0544014734506194,0.0871664391130643,0.0671605617170781,0.0544014734506194
Cosmos3_seed102_0064,27,1,3,0.20342966890110364,0.1113667293329097,0.0899704478704941,0.0759728902918245,0.1113667293329097,0.0899704478704941,0.0759728902918245
Cosmos3_seed102_0064,27,2,3,5.50241003102306,0.0893262425982341,0.0556017548368626,0.0533366917539095,0.0893262425982341,0.0556017548368626,0.0533366917539095
Cosmos3_seed102_0064,30,1,2,3.978472078491359,0.0781532412427052,0.059719053245364,0.0484600485628287,0.0781532412427052,0.059719053245364,0.0484600485628287
Cosmos3_seed102_0064,30,1,3,4.17789908386134,0.0712897857967592,0.0639133846766086,0.0573601419792521,0.0712897857967592,0.0639133846766086,0.0573601419792521
Cosmos3_seed102_0064,30,2,3,0.40160978853536744,0.0321344275903373,0.0220141030685217,0.0199046032787734,0.0321344275903373,0.0220141030685217,0.0199046032787734
Cosmos3_seed102_0064,33,1,2,4.000222567771598,0.0773341533512625,0.0590594701309908,0.0481138264069868,0.0773341533512625,0.0590594701309908,0.0481138264069868
Cosmos3_seed102_0064,33,1,3,0.20889190586207215,0.1324746339437484,0.1079777571276812,0.091053483338023,0.1324746339437484,0.1079777571276812,0.091053483338023
Cosmos3_seed102_0064,33,2,3,5.525990670759303,0.0640763165929117,0.0398857096615344,0.0385332297321018,0.0640763165929117,0.0398857096615344,0.0385332297321018
Cosmos3_seed102_0064,36,1,2,4.005824755334069,0.0587098775629277,0.0447459565285289,0.0364068242737216,0.0587098775629277,0.0447459565285289,0.0364068242737216
Cosmos3_seed102_0064,36,1,3,0.7521308035867864,0.0783776861978002,0.0402249082929855,0.0267931851712851,0.0783776861978002,0.0402249082929855,0.0267931851712851
Cosmos3_seed102_0064,36,2,3,3.9933026438927195,0.1023989095139664,0.0400535097302582,0.0327899579190316,0.1023989095139664,0.0400535097302582,0.0327899579190316
Cosmos3_seed102_0064,39,1,2,3.997732108500304,0.0849406840681437,0.0651512062688228,0.0529107404994028,0.0849406840681437,0.0651512062688228,0.0529107404994028
Cosmos3_seed102_0064,39,1,3,5.322169341324032,0.0524227052321878,0.0397989798582164,0.0388444845947739,0.0524227052321878,0.0397989798582164,0.0388444845947739
Cosmos3_seed102_0064,39,2,3,0.711742050105957,0.0726203812535287,0.042288058153225,0.0335194238242787,0.0726203812535287,0.042288058153225,0.0335194238242787
Cosmos3_seed102_0064,42,1,2,3.9950914609960093,0.0844756332401532,0.0646076328497674,0.0525594041923813,0.0844756332401532,0.0646076328497674,0.0525594041923813
Cosmos3_seed102_0064,42,1,3,5.313548951144013,0.0493005610902335,0.0374881677413486,0.0365390028175601,0.0493005610902335,0.0374881677413486,0.0365390028175601
Cosmos3_seed102_0064,42,2,3,0.7124256328743684,0.06264562209457,0.0364322045876821,0.0288878042565847,0.06264562209457,0.0364322045876821,0.0288878042565847
Cosmos3_seed102_0064,45,1,2,4.005619789522913,0.0815960895905528,0.0627543855152021,0.0511145418544959,0.0815960895905528,0.0627543855152021,0.0511145418544959
Cosmos3_seed102_0064,45,1,3,5.3164497776257775,0.044565191888099,0.0337363493148922,0.0328308358002378,0.044565191888099,0.0337363493148922,0.0328308358002378
Cosmos3_seed102_0064,45,2,3,0.7105497176637817,0.0530193444111605,0.0308682061913896,0.0244678403397033,0.0530193444111605,0.0308682061913896,0.0244678403397033
Cosmos3_seed102_0064,48,1,2,3.9847846597122367,0.0844727289251105,0.0649211813754859,0.0525492224085358,0.0844727289251105,0.0649211813754859,0.0525492224085358
Cosmos3_seed102_0064,48,1,3,5.313981826309132,0.0481299792050573,0.0363159674526035,0.0355378019763541,0.0481299792050573,0.0363159674526035,0.0355378019763541
Cosmos3_seed102_0064,48,2,3,0.7102116428332761,0.0557093795634785,0.0323057743702869,0.0255889803193918,0.0557093795634785,0.0323057743702869,0.0255889803193918
Cosmos3_seed102_0064,51,1,2,3.994395641445799,0.0947861427332159,0.0721209525678527,0.0587571366338672,0.0947861427332159,0.0721209525678527,0.0587571366338672
Cosmos3_seed102_0064,51,1,3,0.21042156818138122,0.121487216810223,0.0981665708179758,0.0832528970388967,0.121487216810223,0.0981665708179758,0.0832528970388967
Cosmos3_seed102_0064,51,2,3,5.47907481438678,0.1106863819480003,0.0680524606720904,0.0653743325417749,0.1106863819480003,0.0680524606720904,0.0653743325417749
Cosmos3_seed102_0064,54,1,2,3.9787095476773167,0.0938607153104012,0.0717356566588054,0.0580222589691218,0.0938607153104012,0.0717356566588054,0.0580222589691218
Cosmos3_seed102_0064,54,1,3,0.19470890639395064,0.127336062720777,0.1043976326780482,0.0890000596748663,0.127336062720777,0.1043976326780482,0.0890000596748663
Cosmos3_seed102_0064,54,2,3,5.432439162146194,0.0834216801003955,0.0522720321504133,0.0495940176304923,0.0834216801003955,0.0522720321504133,0.0495940176304923
Cosmos3_seed102_0064,57,1,2,3.998459225986779,0.0993330316329206,0.0755542856918253,0.061647712363777,0.0993330316329206,0.0755542856918253,0.061647712363777
Cosmos3_seed102_0064,57,1,3,5.3151243300853706,0.0429511464906912,0.0327807201648271,0.0319332724633316,0.0429511464906912,0.0327807201648271,0.0319332724633316
Cosmos3_seed102_0064,57,2,3,0.7108989543777252,0.0634488612846851,0.0368326507875747,0.029276271962848,0.0634488612846851,0.0368326507875747,0.029276271962848
Cosmos3_seed102_0064,60,1,2,3.986837018612922,0.0891926752249093,0.067974002559398,0.0553942216611358,0.0891926752249093,0.067974002559398,0.0553942216611358
Cosmos3_seed102_0064,60,1,3,0.20933926141121695,0.1238241912521444,0.1008897374811253,0.0851462381245354,0.1238241912521444,0.1008897374811253,0.0851462381245354
Cosmos3_seed102_0064,60,2,3,5.507619309649524,0.0771668659160716,0.0479166014086539,0.0462688979185086,0.0771668659160716,0.0479166014086539,0.0462688979185086
Cosmos3_seed102_0064,63,1,2,3.947800380616439,0.0872049311875934,0.066653454552582,0.0537654499123889,0.0872049311875934,0.066653454552582,0.0537654499123889
Cosmos3_seed102_0064,63,1,3,0.20912621969830306,0.1263461176537537,0.1022460190180663,0.0852006823017554,0.1263461176537537,0.1022460190180663,0.0852006823017554
Cosmos3_seed102_0064,63,2,3,5.536119198868772,0.083093949131098,0.0513967343148666,0.0497530238885172,0.083093949131098,0.0513967343148666,0.0497530238885172
Cosmos3_seed102_0064,66,1,2,3.963801467297184,0.0874180474917498,0.066585005703234,0.0539590751433855,0.0874180474917498,0.066585005703234,0.0539590751433855
Cosmos3_seed102_0064,66,1,3,5.3005389418887185,0.0507553661233865,0.0388886630380634,0.0380832256609261,0.0507553661233865,0.0388886630380634,0.0380832256609261
Cosmos3_seed102_0064,66,2,3,0.7084948330520898,0.0776387934631012,0.0453101150133186,0.0359578680175444,0.0776387934631012,0.0453101150133186,0.0359578680175444
Cosmos3_seed102_0064,69,1,2,3.9550710530251365,0.0893047858994824,0.068091941510474,0.0549825329253705,0.0893047858994824,0.068091941510474,0.0549825329253705
Cosmos3_seed102_0064,69,1,3,0.19979635171870103,0.1222343823290926,0.1001129553679124,0.0846531530529126,0.1222343823290926,0.1001129553679124,0.0846531530529126
Cosmos3_seed102_0064,69,2,3,5.4618429135015125,0.0797228898554549,0.0497852757031758,0.0475419603339409,0.0797228898554549,0.0497852757031758,0.0475419603339409
Cosmos3_seed102_0064,72,1,2,3.9387559968087977,0.1022695430597088,0.0782631420070711,0.0630510527680345,0.1022695430597088,0.0782631420070711,0.0630510527680345
Cosmos3_seed102_0064,72,1,3,0.1833733984442825,0.1174160764347685,0.0965656504227402,0.0822904236313655,0.1174160764347685,0.0965656504227402,0.0822904236313655
Cosmos3_seed102_0064,72,2,3,5.3860126444206164,0.0826501579325101,0.052017533768441,0.0491765653301523,0.0826501579325101,0.052017533768441,0.0491765653301523
Cosmos3_seed102_0064,75,1,2,3.9679074686673443,0.0990425899451054,0.0757045970556637,0.0613873478637656,0.0990425899451054,0.0757045970556637,0.0613873478637656
Cosmos3_seed102_0064,75,1,3,5.305195757104248,0.0545146430716853,0.0417885685743755,0.0409048979086056,0.0545146430716853,0.0417885685743755,0.0409048979086056
Cosmos3_seed102_0064,75,2,3,0.7096419177981045,0.0646798260339147,0.0378977502099188,0.0300806949555855,0.0646798260339147,0.0378977502099188,0.0300806949555855
Cosmos3_seed102_0064,78,1,2,3.9715766415479425,0.0974245828873422,0.0743067141997694,0.0602791994809057,0.0974245828873422,0.0743067141997694,0.0602791994809057
Cosmos3_seed102_0064,78,1,3,0.20595397513142952,0.1207486403678244,0.0991611908009432,0.0841000643924074,0.1207486403678244,0.0991611908009432,0.0841000643924074
Cosmos3_seed102_0064,78,2,3,5.460961995226312,0.0895387422058687,0.0560828371579141,0.053643215147446,0.0895387422058687,0.0560828371579141,0.053643215147446
Cosmos3_seed102_0064,81,1,2,3.9765363896757573,0.093579043812258,0.071290114648672,0.0579043723425123,0.093579043812258,0.071290114648672,0.0579043723425123
Cosmos3_seed102_0064,81,1,3,0.2112475005992915,0.1222482680227934,0.0995740535014885,0.0843643654356328,0.1222482680227934,0.0995740535014885,0.0843643654356328
Cosmos3_seed102_0064,81,2,3,5.471984396085343,0.0913372779531169,0.0566763986631455,0.0543339694769851,0.0913372779531169,0.0566763986631455,0.0543339694769851
Cosmos3_seed102_0064,84,1,2,3.9717848578566564,0.0945812490447613,0.0724329733436522,0.0586158517116016,0.0945812490447613,0.0724329733436522,0.0586158517116016
Cosmos3_seed102_0064,84,1,3,0.210937677726983,0.1184380068746282,0.0962530054701372,0.0810763206122737,0.1184380068746282,0.0962530054701372,0.0810763206122737
Cosmos3_seed102_0064,84,2,3,5.50339263953183,0.0675918758117771,0.0420677201456424,0.0404155050662324,0.0675918758117771,0.0420677201456424,0.0404155050662324
Cosmos3_seed102_0064,87,1,2,3.97576794433079,0.0911541893185087,0.0700021838437685,0.0567208544863087,0.0911541893185087,0.0700021838437685,0.0567208544863087
Cosmos3_seed102_0064,87,1,3,0.2067987822572664,0.1233577623645583,0.0998246613543882,0.084376035131383,0.1233577623645583,0.0998246613543882,0.084376035131383
Cosmos3_seed102_0064,87,2,3,5.480144143052486,0.0877348877584174,0.0545228618261919,0.0522671176511462,0.0877348877584174,0.0545228618261919,0.0522671176511462
Cosmos3_seed102_0064,90,1,2,3.929466238929924,0.0895352071841885,0.0682772081336405,0.0549230637213236,0.0895352071841885,0.0682772081336405,0.0549230637213236
Cosmos3_seed102_0064,90,1,3,0.19706442972501012,0.1413642428881099,0.1158845903377988,0.0977004693161279,0.1413642428881099,0.1158845903377988,0.0977004693161279
Cosmos3_seed102_0064,90,2,3,5.447830605903876,0.0963933797871177,0.0602580728013568,0.0574940997792537,0.0963933797871177,0.0602580728013568,0.0574940997792537
Cosmos3_seed102_0064,93,1,2,3.928935450377356,0.0735308587572381,0.056180373984174,0.0452364115316008,0.0735308587572381,0.056180373984174,0.0452364115316008
Cosmos3_seed102_0064,93,1,3,0.19454258802581398,0.1274825977032616,0.1044961236122875,0.0880763346152916,0.1274825977032616,0.1044961236122875,0.0880763346152916
Cosmos3_seed102_0064,93,2,3,5.446206791485255,0.0613408928944172,0.0384161958605281,0.0366993882340917,0.0613408928944172,0.0384161958605281,0.0366993882340917
Cosmos3_seed102_0064,96,1,2,0.19838873517028696,0.1610638839434632,0.1319145749313666,0.111279978534631,0.1610638839434632,0.1319145749313666,0.111279978534631
Cosmos3_seed102_0064,96,1,3,3.9340915891496806,0.0805308443493686,0.0609986980834608,0.049574186492438,0.0805308443493686,0.0609986980834608,0.049574186492438
Cosmos3_seed102_0064,96,2,3,5.451497478947477,0.0767368691633243,0.0476054861058228,0.0458635622603856,0.0767368691633243,0.0476054861058228,0.0458635622603856
Cosmos3_seed102_0064,99,1,2,3.9276765442763875,0.0828267886157537,0.0631688729374302,0.051243886104735,0.0828267886157537,0.0631688729374302,0.051243886104735
Cosmos3_seed102_0064,99,1,3,0.2004596131600669,0.1552520420428758,0.1260191095468545,0.1056708850485335,0.1552520420428758,0.1260191095468545,0.1056708850485335
Cosmos3_seed102_0064,99,2,3,5.474479534932121,0.0743581867287849,0.0460320356836983,0.0445328173933257,0.0743581867287849,0.0460320356836983,0.0445328173933257
Cosmos3_seed102_0064,102,1,3,3.9009471533669777,0.0600122966049681,0.0462402291225811,0.0372294099554465,0.0600122966049681,0.0462402291225811,0.0372294099554465
Cosmos3_seed102_0064,102,2,3,2.5417782882262387,0.0016005679761092,0.000844058444068,0.0007973974032359,0.0016005679761092,0.000844058444068,0.0007973974032359
Cosmos3_seed102_0064,105,1,2,5.3074238346781435,0.0466537307011939,0.0354161386482698,0.0351472256635346,0.0466537307011939,0.0354161386482698,0.0351472256635346
Cosmos3_seed102_0064,105,1,3,3.912977860386125,0.0591123074703585,0.0452849823836448,0.0365740330487187,0.0591123074703585,0.0452849823836448,0.0365740330487187
Cosmos3_seed102_0064,105,2,3,0.7085694387280375,0.0695890709127461,0.0404699026648429,0.0324369977243918,0.0695890709127461,0.0404699026648429,0.0324369977243918
Cosmos3_seed102_0064,108,1,2,3.9166028500001833,0.0544517222963399,0.0415917406557219,0.0336790641118184,0.0544517222963399,0.0415917406557219,0.0336790641118184
Cosmos3_seed102_0064,108,1,3,0.20366216521133057,0.102180249587122,0.082085528953972,0.0682703775914597,0.102180249587122,0.082085528953972,0.0682703775914597
Cosmos3_seed102_0064,108,2,3,5.508487335006526,0.0393918705324157,0.0241713953206431,0.023533630791946,0.0393918705324157,0.0241713953206431,0.023533630791946
Cosmos3_seed102_0064,111,1,2,3.918993566141041,0.0657327782362298,0.0502316832336036,0.0407619781521286,0.0657327782362298,0.0502316832336036,0.0407619781521286
Cosmos3_seed102_0064,111,1,3,0.7079190155776678,0.0574527339332605,0.0294169431043341,0.0193833765492462,0.0574527339332605,0.0294169431043341,0.0193833765492462
Cosmos3_seed102_0064,111,2,3,3.9367465810243183,0.0697824855419559,0.0273041724350789,0.0221709033926702,0.0697824855419559,0.0273041724350789,0.0221709033926702
Cosmos3_seed102_0064,114,1,2,3.9151365550285955,0.0617418444172656,0.0472576935398294,0.0382210578856304,0.0617418444172656,0.0472576935398294,0.0382210578856304
Cosmos3_seed102_0064,114,1,3,0.054004937376421765,0.0620343312908862,0.0454887960407038,0.0451188081634583,0.0620343312908862,0.0454887960407038,0.0451188081634583
Cosmos3_seed102_0064,114,2,3,1.6284923696328122,0.0607018188950408,0.0360001428236622,0.0277807502242147,0.0607018188950408,0.0360001428236622,0.0277807502242147
Cosmos3_seed102_0064,117,1,2,3.9341705157195848,0.0519130314607263,0.0397673649872938,0.0322171603701793,0.0519130314607263,0.0397673649872938,0.0322171603701793
Cosmos3_seed102_0064,117,1,3,0.2047588093046417,0.1293577671284431,0.1035753035924579,0.0863977914780611,0.1293577671284431,0.1035753035924579,0.0863977914780611
Cosmos3_seed102_0064,117,2,3,5.511574599656026,0.0764375211226787,0.0468835753743144,0.0455338886716665,0.0764375211226787,0.0468835753743144,0.0455338886716665
Cosmos3_seed102_0064,120,1,2,5.154480175515751,0.0848469971614104,0.0330411818210579,0.0288461060203553,0.0848469971614104,0.0330411818210579,0.0288461060203553
Cosmos3_seed102_0064,120,1,3,3.9012827303666207,0.0579536077808295,0.0445492860452859,0.0357704437571046,0.0579536077808295,0.0445492860452859,0.0357704437571046
Cosmos3_seed102_0064,120,2,3,0.33957167404187877,0.0674104819153068,0.0326936153307134,0.0287866811215603,0.0674104819153068,0.0326936153307134,0.0287866811215603
Cosmos3_seed102_0064,123,1,2,3.9171208860811233,0.0650347485632051,0.0496968365965279,0.0401727776106677,0.0650347485632051,0.0496968365965279,0.0401727776106677
Cosmos3_seed102_0064,123,1,3,0.18753970594381783,0.1159681319452042,0.0948124272218824,0.0796586467441825,0.1159681319452042,0.0948124272218824,0.0796586467441825
Cosmos3_seed102_0064,123,2,3,5.452778722996893,0.0797663079697388,0.049834416062853,0.0479473743621907,0.0797663079697388,0.049834416062853,0.0479473743621907
Cosmos3_seed102_0064,126,1,2,3.9340265506297154,0.0736834535149715,0.0560560255898652,0.0454936596211453,0.0736834535149715,0.0560560255898652,0.0454936596211453
Cosmos3_seed102_0064,126,1,3,0.19618423073995753,0.1486076525618391,0.1215439824896698,0.102402430916681,0.1486076525618391,0.1215439824896698,0.102402430916681
Cosmos3_seed102_0064,126,2,3,5.458218978492758,0.044636143187804,0.0277735426839982,0.0267536503722318,0.044636143187804,0.0277735426839982,0.0267536503722318
Cosmos3_seed102_0064,129,1,2,5.535186315667104,0.0774945477123236,0.0311828403044363,0.0269945337623896,0.0774945477123236,0.0311828403044363,0.0269945337623896
Cosmos3_seed102_0064,129,1,3,3.9180936211419284,0.0655174755147126,0.0498808746370279,0.0403807428089278,0.0655174755147126,0.0498808746370279,0.0403807428089278
Cosmos3_seed102_0064,129,2,3,0.8210313575044441,0.0609411104780627,0.0302910719706336,0.0266398262191683,0.0609411104780627,0.0302910719706336,0.0266398262191683
Cosmos3_seed102_0064,132,1,2,5.621707283778001,0.1099480589259094,0.0445308729825935,0.0390275461621122,0.1099480589259094,0.0445308729825935,0.0390275461621122
Cosmos3_seed102_0064,132,1,3,3.898062585196277,0.0576444430063758,0.0439852646123465,0.0354390983753855,0.0576444430063758,0.0439852646123465,0.0354390983753855
Cosmos3_seed102_0064,132,2,3,0.9981561617292806,0.0866463725352556,0.0435560585534091,0.0379217436308825,0.0866463725352556,0.0435560585534091,0.0379217436308825
Cosmos3_seed102_0064,135,1,3,3.871432280090353,0.0684407345891029,0.052383315306856,0.0420333298620347,0.0684407345891029,0.052383315306856,0.0420333298620347
Cosmos3_seed102_0064,135,2,3,2.492031770795235,0.0216535109992339,0.0113069123348744,0.0105482834228406,0.0216535109992339,0.0113069123348744,0.0105482834228406
Cosmos3_seed102_0064,138,1,2,3.8878536882010004,0.0689026565191017,0.0528720516481499,0.0424864993648611,0.0689026565191017,0.0528720516481499,0.0424864993648611
Cosmos3_seed102_0064,138,1,3,0.1747862758792098,0.1260082212522892,0.1022488657920315,0.0858194271723701,0.1260082212522892,0.1022488657920315,0.0858194271723701
Cosmos3_seed102_0064,138,2,3,5.404280712666833,0.0181723145457085,0.0113151433519717,0.0108332242807341,0.0181723145457085,0.0113151433519717,0.0108332242807341
Cosmos3_seed102_0064,141,1,2,3.9210530416289178,0.0676811552705304,0.0515936625241584,0.0418627829707412,0.0676811552705304,0.0515936625241584,0.0418627829707412
Cosmos3_seed102_0064,141,1,3,0.19084322607014556,0.118316759923862,0.0964883632183525,0.0815091325690102,0.118316759923862,0.0964883632183525,0.0815091325690102
Cosmos3_seed102_0064,141,2,3,5.415234976003054,0.0236852145119516,0.0147242976814464,0.0141427868003638,0.0236852145119516,0.0147242976814464,0.0141427868003638
Cosmos3_seed102_0064,144,1,3,3.9362875911179818,0.0744494846759649,0.0567923198892701,0.0461616116976086,0.0744494846759649,0.0567923198892701,0.0461616116976086
Cosmos3_seed102_0064,144,2,3,2.5469101686228903,0.0294578487724645,0.0156031796872471,0.0147357428227815,0.0294578487724645,0.0156031796872471,0.0147357428227815
Cosmos3_seed102_0064,147,1,2,3.9211731504128755,0.0753371438427804,0.0575213924372489,0.0465065686616449,0.0753371438427804,0.0575213924372489,0.0465065686616449
Cosmos3_seed102_0064,147,1,3,0.18780974204930992,0.1042728409983709,0.0849723588638974,0.0713306450001607,0.1042728409983709,0.0849723588638974,0.0713306450001607
Cosmos3_seed102_0064,147,2,3,5.453948218544842,0.0218949015406021,0.0136229042448503,0.0131206736834642,0.0218949015406021,0.0136229042448503,0.0131206736834642
Cosmos3_seed102_0064,150,1,2,3.8915646003695303,0.0789345634382548,0.0611496086083166,0.0492054150264178,0.0789345634382548,0.0611496086083166,0.0492054150264178
Cosmos3_seed102_0064,150,1,3,0.17016696940090614,0.1267406493811974,0.1016473247773806,0.0846380056751177,0.1267406493811974,0.1016473247773806,0.0846380056751177
Cosmos3_seed102_0064,150,2,3,5.450165403959119,0.0436457202441728,0.0271174070376316,0.0262058293818739,0.0436457202441728,0.0271174070376316,0.0262058293818739
Cosmos3_seed102_0064,153,1,3,3.9101839310480706,0.0817759285730459,0.0624698077079763,0.0506793155599446,0.0817759285730459,0.0624698077079763,0.0506793155599446
Cosmos3_seed102_0064,153,2,3,2.504131439902027,0.017133881294103,0.0090024862578257,0.0084206843616724,0.017133881294103,0.0090024862578257,0.0084206843616724
Cosmos3_seed102_0064,156,1,2,3.9098779735943414,0.0813381354125267,0.0619347337708494,0.0501886456375466,0.0813381354125267,0.0619347337708494,0.0501886456375466
Cosmos3_seed102_0064,156,1,3,0.18629004414172318,0.1278964853245942,0.1050837299259838,0.0882629285155281,0.1278964853245942,0.1050837299259838,0.0882629285155281
Cosmos3_seed102_0064,156,2,3,5.444133549239899,0.0512260159948151,0.0320484856434243,0.0309197419503025,0.0512260159948151,0.0320484856434243,0.0309197419503025
Cosmos3_seed102_0064,159,1,3,3.869344420957412,0.0778271762043967,0.059871800464998,0.0480681429409454,0.0778271762043967,0.059871800464998,0.0480681429409454
Cosmos3_seed102_0064,159,2,3,2.539969148287737,0.0205667952584425,0.0109071485347403,0.0103154457794033,0.0205667952584425,0.0109071485347403,0.0103154457794033
Cosmos3_seed102_0064,162,1,2,3.9209783837076073,0.0771981949483948,0.058741020880599,0.0477351283487052,0.0771981949483948,0.058741020880599,0.0477351283487052
Cosmos3_seed102_0064,162,1,3,5.567790974498686,0.0901820826939094,0.0749571986081606,0.0631252299181294,0.0901820826939094,0.0749571986081606,0.0631252299181294
Cosmos3_seed102_0064,162,2,3,0.8267953959329234,0.0475772011497846,0.0304875734740007,0.0298075566622212,0.0475772011497846,0.0304875734740007,0.0298075566622212
Cosmos3_seed102_0064,165,1,2,3.93402371938045,0.0676629752529713,0.0514545169342526,0.0419660223128161,0.0676629752529713,0.0514545169342526,0.0419660223128161
Cosmos3_seed102_0064,165,1,3,5.6022232794750595,0.0901567241133679,0.0749294331311293,0.0630258367769385,0.0901567241133679,0.0749294331311293,0.0630258367769385
Cosmos3_seed102_0064,165,2,3,0.8632924752009938,0.0476713652736004,0.0304927208633859,0.0299237595313877,0.0476713652736004,0.0304927208633859,0.0299237595313877
Cosmos3_seed102_0064,168,1,3,3.914413320778659,0.0754716929534111,0.0576478366121882,0.046612794328835,0.0754716929534111,0.0576478366121882,0.046612794328835
Cosmos3_seed102_0064,168,2,3,2.555032897062683,0.0174214134358029,0.0092446561980997,0.008757327977125,0.0174214134358029,0.0092446561980997,0.008757327977125
Cosmos3_seed102_0064,171,1,2,3.9180659117410395,0.0803061995110195,0.0612319410302599,0.0496569979983172,0.0803061995110195,0.0612319410302599,0.0496569979983172
Cosmos3_seed102_0064,171,1,3,0.19284730633024427,0.1441418293019438,0.117777909906409,0.0984938841969924,0.1441418293019438,0.117777909906409,0.0984938841969924
Cosmos3_seed102_0064,171,2,3,5.478791074960837,0.0493230570501948,0.0307293060800861,0.0297995541192638,0.0493230570501948,0.0307293060800861,0.0297995541192638
Cosmos3_seed102_0064,174,1,2,5.63540012575521,0.0996860866422452,0.0821851780298108,0.0687705655334002,0.0996860866422452,0.0821851780298108,0.0687705655334002
Cosmos3_seed102_0064,174,1,3,3.919885897683855,0.0485206977206519,0.0370429114442713,0.0300724446436757,0.0485206977206519,0.0370429114442713,0.0300724446436757
Cosmos3_seed102_0064,174,2,3,0.9266887771051007,0.0373323306454644,0.0238491154094983,0.0234842634110106,0.0373323306454644,0.0238491154094983,0.0234842634110106
Cosmos3_seed102_0064,177,1,2,3.917066195993839,0.0580962686788193,0.0442419173898173,0.0358494630819145,0.0580962686788193,0.0442419173898173,0.0358494630819145
Cosmos3_seed102_0064,177,1,3,4.789106876473248,0.0501785909428632,0.0418453598007027,0.0358162663597778,0.0501785909428632,0.0418453598007027,0.0358162663597778
Cosmos3_seed102_0064,177,2,3,0.6268916704665609,0.0366117092021847,0.0253922815019134,0.023187748426128,0.0366117092021847,0.0253922815019134,0.023187748426128
Cosmos3_seed102_0064,180,1,3,3.8947158015074637,0.0667566416019243,0.0509255845608492,0.0411491882155055,0.0667566416019243,0.0509255845608492,0.0411491882155055
Cosmos3_seed102_0064,180,2,3,2.5032888365947676,0.0185760275883444,0.0097371794932601,0.0091005424614531,0.0185760275883444,0.0097371794932601,0.0091005424614531
Cosmos3_seed102_0064,183,1,2,3.9012627516157083,0.0729509424164775,0.0557958853562974,0.0450555963605486,0.0729509424164775,0.0557958853562974,0.0450555963605486
Cosmos3_seed102_0064,183,1,3,5.819476930982072,0.1014863221017752,0.0381320903899789,0.0323741311862181,0.1014863221017752,0.0381320903899789,0.0323741311862181
Cosmos3_seed102_0064,183,2,3,1.470677252521834,0.1138966534976277,0.0529965373243522,0.0477431701536824,0.1138966534976277,0.0529965373243522,0.0477431701536824
Cosmos3_seed102_0064,186,1,3,5.327279266630486,0.0681441220004014,0.0522189077339684,0.052034619595555,0.0681441220004014,0.0522189077339684,0.052034619595555
Cosmos3_seed102_0064,186,2,3,3.5499211985629016,0.0564284924375028,0.0344843386912438,0.0230875351629685,0.0564284924375028,0.0344843386912438,0.0230875351629685
Cosmos3_seed102_0064,188,1,2,5.311790766671898,0.0532170791094781,0.0409483898956214,0.0404411029672627,0.0532170791094781,0.0409483898956214,0.0404411029672627
Cosmos3_seed102_0064,188,1,3,3.9319422774811725,0.0791637157047442,0.0602506897062409,0.0490401564971949,0.0791637157047442,0.0602506897062409,0.0490401564971949
Cosmos3_seed102_0064,188,2,3,0.7141167272422058,0.0321084369557694,0.0188035917109173,0.0151153009750639,0.0321084369557694,0.0188035917109173,0.0151153009750639
Cosmos3_seed103_0000,0,1,2,0.0,0.1566655801830433,0.0925589300246045,0.0750861693704773,0.0,0.0,0.0
Cosmos3_seed103_0000,3,2,3,0.03328056103843059,0.1454256944796667,0.0982905842668847,0.0799997452583044,0.1454256944796667,0.0982905842668847,0.0799997452583044
Cosmos3_seed103_0000,6,2,3,0.0,0.0727149778633222,0.0404163597508966,0.0278912235967613,0.0,0.0,0.0
Cosmos3_seed103_0000,12,2,3,0.02981355415723785,0.1534123138726424,0.1059299257162334,0.085829167753673,0.1534123138726424,0.1059299257162334,0.085829167753673
Cosmos3_seed103_0000,15,1,2,0.0,0.151337100209506,0.0893537955380085,0.0728585339017344,0.0,0.0,0.0
Cosmos3_seed103_0000,18,2,3,0.03160530483162817,0.1456344803123201,0.1007494799623877,0.0809830003136415,0.1456344803123201,0.1007494799623877,0.0809830003136415
Cosmos3_seed103_0000,21,1,2,0.0,0.1611159339330968,0.0953126608728858,0.0777181550721885,0.0,0.0,0.0
Cosmos3_seed103_0000,24,2,3,0.042034772199223226,0.1614378666730023,0.1113753841027027,0.0902337054286067,0.1614378666730023,0.1113753841027027,0.0902337054286067
Cosmos3_seed103_0000,27,1,3,0.0,0.1062469819681329,0.0458229632074804,0.0335322513076893,0.0,0.0,0.0
Cosmos3_seed103_0000,27,2,3,0.0,0.1733654022357571,0.1628883151568105,0.1614814722198645,0.0,0.0,0.0
Cosmos3_seed103_0000,30,1,2,0.0,0.2537262699126683,0.1418716606027514,0.1102084227584734,0.0,0.0,0.0
Cosmos3_seed103_0000,36,2,3,0.04114159374090959,0.1428482571639646,0.0986758843590232,0.0799168441524736,0.1428482571639646,0.0986758843590232,0.0799168441524736
Cosmos3_seed103_0000,42,2,3,0.03195519262312583,0.0890655979231264,0.0627853590418428,0.0504511269732202,0.0890655979231264,0.0627853590418428,0.0504511269732202
Cosmos3_seed103_0000,48,2,3,0.040654748226847455,0.0750296738367246,0.0603207913439341,0.0528334655269652,0.0750296738367246,0.0603207913439341,0.0528334655269652
Cosmos3_seed103_0000,51,2,3,0.033862122516038325,0.0779702974107269,0.0625133806409764,0.0547896007625549,0.0779702974107269,0.0625133806409764,0.0547896007625549
Cosmos3_seed103_0000,63,2,3,0.04064208243798194,0.0750784102019766,0.0589084625788806,0.0512979538876283,0.0750784102019766,0.0589084625788806,0.0512979538876283
Cosmos3_seed103_0000,78,2,3,0.03906545625498932,0.1360734036687612,0.0968352065719335,0.078006260538673,0.1360734036687612,0.0968352065719335,0.078006260538673
Cosmos3_seed103_0000,81,2,3,0.03515383887327032,0.1068511727013109,0.0776052126477716,0.0642510379797001,0.1068511727013109,0.0776052126477716,0.0642510379797001
Cosmos3_seed103_0000,84,2,3,0.03676499989120653,0.1271786150564449,0.0921470583117219,0.0741677895637789,0.1271786150564449,0.0921470583117219,0.0741677895637789
Cosmos3_seed103_0000,87,2,3,0.03152136356834952,0.1395606206438173,0.0980896566205374,0.0808736021883208,0.1395606206438173,0.0980896566205374,0.0808736021883208
Cosmos3_seed103_0000,90,2,3,0.038958267923613385,0.1164555378951544,0.0838023681604855,0.0674996877579573,0.1164555378951544,0.0838023681604855,0.0674996877579573
Cosmos3_seed103_0000,93,2,3,0.035118276319832345,0.1076227915546527,0.0786240710619294,0.0633130226553283,0.1076227915546527,0.0786240710619294,0.0633130226553283
Cosmos3_seed103_0000,96,2,3,0.035271421620951364,0.1218852422946965,0.0882201472467141,0.0709610507801648,0.1218852422946965,0.0882201472467141,0.0709610507801648
Cosmos3_seed103_0000,99,2,3,0.03787257774870778,0.1047298859887323,0.0702824589492689,0.0576993909944878,0.1047298859887323,0.0702824589492689,0.0576993909944878
Cosmos3_seed103_0000,102,2,3,0.036920287966391574,0.0976013375793371,0.063151890140142,0.0513661430009421,0.0976013375793371,0.063151890140142,0.0513661430009421
Cosmos3_seed103_0000,105,1,3,0.030582844014367946,0.104030516440842,0.0679132392691416,0.0547591422611608,0.104030516440842,0.0679132392691416,0.0547591422611608
Cosmos3_seed103_0000,108,2,3,0.03236927123905931,0.1246133452727782,0.0800235555015787,0.0651826640015543,0.1246133452727782,0.0800235555015787,0.0651826640015543
Cosmos3_seed103_0000,114,2,3,0.024612791030335993,0.0966448812513775,0.0626059148947969,0.050675009356571,0.0966448812513775,0.0626059148947969,0.050675009356571
Cosmos3_seed103_0000,117,2,3,0.04088845999035952,0.0923352342905686,0.0595573605417296,0.0483197687014173,0.0923352342905686,0.0595573605417296,0.0483197687014173
Cosmos3_seed103_0000,120,2,3,0.030974249699612346,0.1225985375318032,0.0798161021609884,0.0647521475879171,0.1225985375318032,0.0798161021609884,0.0647521475879171
Cosmos3_seed103_0000,123,1,3,0.02546958283146732,0.1094941976661853,0.0706157292367684,0.0578232381841172,0.1094941976661853,0.0706157292367684,0.0578232381841172
Cosmos3_seed103_0000,126,1,3,0.027529386109538555,0.096837625858549,0.0621808993030739,0.0506448807641028,0.096837625858549,0.0621808993030739,0.0506448807641028
Cosmos3_seed103_0000,129,2,3,0.02301034745959631,0.0878529455512079,0.0555316546567978,0.0457673243666076,0.0878529455512079,0.0555316546567978,0.0457673243666076
Cosmos3_seed103_0000,132,2,3,0.025306918141225643,0.1067794227359781,0.0680175705899702,0.0556204437301004,0.1067794227359781,0.0680175705899702,0.0556204437301004
Cosmos3_seed103_0000,135,2,3,0.028331224200386335,0.0892970579885139,0.0547198143576871,0.0442615094300341,0.0892970579885139,0.0547198143576871,0.0442615094300341
Cosmos3_seed103_0000,138,1,3,0.024161030799364724,0.0985758244029576,0.0600863931928268,0.0487032862054751,0.0985758244029576,0.0600863931928268,0.0487032862054751
Cosmos3_seed103_0000,141,1,3,0.02425122960165854,0.0837552197292954,0.0483692512526342,0.0393906580815127,0.0837552197292954,0.0483692512526342,0.0393906580815127
Cosmos3_seed103_0000,144,2,3,0.027043348804154193,0.092270947260177,0.0558372666253198,0.0446401109632611,0.092270947260177,0.0558372666253198,0.0446401109632611
Cosmos3_seed103_0000,147,1,3,0.031630090409560885,0.1148616123978758,0.0720158013752254,0.0611025437970102,0.1148616123978758,0.0720158013752254,0.0611025437970102
Cosmos3_seed103_0000,150,1,3,0.021118883034240622,0.1579137263255192,0.0983338704975466,0.0843710190684046,0.1579137263255192,0.0983338704975466,0.0843710190684046
Cosmos3_seed103_0000,153,1,3,0.02790910502038475,0.1206058217794219,0.0782028713256601,0.0649509560327669,0.1206058217794219,0.0782028713256601,0.0649509560327669
Cosmos3_seed103_0000,156,1,3,0.0250466907345585,0.0950180575886486,0.0626410876069223,0.0512597012056996,0.0950180575886486,0.0626410876069223,0.0512597012056996
Cosmos3_seed103_0000,162,1,3,0.018983741818239065,0.1065972809839707,0.0691806295847788,0.0569070794627051,0.1065972809839707,0.0691806295847788,0.0569070794627051
Cosmos3_seed103_0000,165,1,3,0.013397575180972532,0.0973913118126054,0.0644589893727915,0.0524194580738094,0.0973913118126054,0.0644589893727915,0.0524194580738094
Cosmos3_seed103_0000,168,1,3,0.019146142944346148,0.1137819447185437,0.0720534386320064,0.0606906538218174,0.1137819447185437,0.0720534386320064,0.0606906538218174
Cosmos3_seed103_0000,171,1,3,0.023764510819854937,0.1254732639581805,0.0792558563770191,0.0675766533492232,0.1254732639581805,0.0792558563770191,0.0675766533492232
Cosmos3_seed103_0000,174,2,3,0.02358971927594132,0.1087077596696866,0.0703121447292273,0.0585682779883439,0.1087077596696866,0.0703121447292273,0.0585682779883439
Cosmos3_seed103_0000,177,2,3,0.018410331215276885,0.1218894014027028,0.076579196820775,0.0626757927178001,0.1218894014027028,0.076579196820775,0.0626757927178001
Cosmos3_seed103_0000,180,2,3,0.021133083683359172,0.1271260667181009,0.0823701250672692,0.0684612599440668,0.1271260667181009,0.0823701250672692,0.0684612599440668
Cosmos3_seed103_0000,183,2,3,0.028653504169897502,0.1036688954134731,0.0681673166104239,0.0567737583388378,0.1036688954134731,0.0681673166104239,0.0567737583388378
Cosmos3_seed103_0000,186,2,3,0.028493441996000853,0.0820929167124988,0.0535481910155698,0.0446276068278659,0.0820929167124988,0.0535481910155698,0.0446276068278659
Cosmos3_seed103_0000,188,2,3,0.025837154167442502,0.1006894209836801,0.0665542285398761,0.0548547318730068,0.1006894209836801,0.0665542285398761,0.0548547318730068
Cosmos3_seed103_0001,0,1,2,0.0,0.1594866341721199,0.1190516289949117,0.1022710326111854,0.0,0.0,0.0
Cosmos3_seed103_0001,0,2,3,0.0,0.1021290856614961,0.065746901447336,0.0598608057530915,0.0,0.0,0.0
Cosmos3_seed103_0001,3,1,2,0.0,0.185807205452428,0.1392071364767194,0.1194135043949231,0.0,0.0,0.0
Cosmos3_seed103_0001,3,2,3,0.0,0.1128300216784309,0.0720277887745376,0.0647162597858533,0.0,0.0,0.0
Cosmos3_seed103_0001,6,1,2,0.0,0.1712378664641556,0.127813931359329,0.1100490109221544,0.0,0.0,0.0
Cosmos3_seed103_0001,6,2,3,0.0,0.1127083214088052,0.071795145685967,0.0645061370846155,0.0,0.0,0.0
Cosmos3_seed103_0001,9,1,2,0.0,0.1677182053553674,0.1256332516342517,0.1082102680141294,0.0,0.0,0.0
Cosmos3_seed103_0001,9,2,3,0.0,0.1157240928313385,0.07374937063194,0.0660916593846582,0.0,0.0,0.0
Cosmos3_seed103_0001,12,1,2,0.0,0.1727979687348331,0.1291069072144286,0.1112253979307464,0.0,0.0,0.0
Cosmos3_seed103_0001,12,2,3,0.0,0.113533366420248,0.0717570931864183,0.0639112990591337,0.0,0.0,0.0
Cosmos3_seed103_0001,15,1,2,0.0,0.1754085822350759,0.1310340059869513,0.1129550247665244,0.0,0.0,0.0
Cosmos3_seed103_0001,18,1,2,0.0,0.153177960330017,0.1150618420403802,0.0986408251316374,0.0,0.0,0.0
Cosmos3_seed103_0001,21,1,3,0.0,0.1567094177316024,0.1184312627755603,0.101953704325255,0.0,0.0,0.0
Cosmos3_seed103_0001,21,2,3,0.0,0.1192231559629226,0.0810776962718659,0.064750520275923,0.0,0.0,0.0
Cosmos3_seed103_0001,24,1,2,0.0,0.1698566837835501,0.1270310696401599,0.1088345795923296,0.0,0.0,0.0
Cosmos3_seed103_0001,27,1,2,0.0,0.1439740033096306,0.1074790841423505,0.0911745658223259,0.0,0.0,0.0
Cosmos3_seed103_0001,30,1,2,0.0,0.1346464395614798,0.1009168201638519,0.0856911650590924,0.0,0.0,0.0
Cosmos3_seed103_0001,30,2,3,0.0,0.1206157680888149,0.0836894452707053,0.0673340743003494,0.0,0.0,0.0
Cosmos3_seed103_0001,33,1,2,0.0,0.1734240310329797,0.1286701277519194,0.1089871104252513,0.0,0.0,0.0
Cosmos3_seed103_0001,36,1,2,0.0,0.1562835377490851,0.1151598300585984,0.0966724350320409,0.0,0.0,0.0
Cosmos3_seed103_0001,36,1,3,0.0,0.0741911972391163,0.0313444792151985,0.0270202722821248,0.0,0.0,0.0
Cosmos3_seed103_0001,39,1,2,0.0,0.1615763273831664,0.1182294694557562,0.0992121854397057,0.0,0.0,0.0
Cosmos3_seed103_0001,39,2,3,0.035342133697913496,0.0597403977921561,0.0543247894402064,0.0499878240818451,0.0597403977921561,0.0543247894402064,0.0499878240818451
Cosmos3_seed103_0001,42,1,2,0.0,0.1814692135804247,0.1332794820959776,0.1117261684766149,0.0,0.0,0.0
Cosmos3_seed103_0001,45,1,3,0.0,0.1840956991404058,0.13412280752918,0.1124706325223203,0.0,0.0,0.0
Cosmos3_seed103_0001,48,1,2,0.0,0.1512757335353209,0.1086371312154056,0.0903095452730056,0.0,0.0,0.0
Cosmos3_seed103_0001,48,1,3,0.0,0.0789463525241437,0.0297954545558855,0.0262066825307784,0.0,0.0,0.0
Cosmos3_seed103_0001,51,1,2,0.0,0.1736035372472432,0.1255164633731529,0.1040324057971725,0.0,0.0,0.0
Cosmos3_seed103_0001,51,1,3,0.0,0.0670932536724357,0.027422900566354,0.0234609177439267,0.0,0.0,0.0
Cosmos3_seed103_0001,54,1,2,0.0,0.1624857860170248,0.1175242720755412,0.0976644583316284,0.0,0.0,0.0
Cosmos3_seed103_0001,54,2,3,0.02996214084908344,0.0627071475487589,0.0562741807183802,0.0524537959896406,0.0627071475487589,0.0562741807183802,0.0524537959896406
Cosmos3_seed103_0001,57,1,2,0.0,0.1352556357975019,0.0978962592603518,0.0814330598791843,0.0,0.0,0.0
Cosmos3_seed103_0001,57,2,3,0.029101334290885083,0.0490727112143719,0.0444069678021588,0.0417160750292554,0.0490727112143719,0.0444069678021588,0.0417160750292554
Cosmos3_seed103_0001,60,1,2,0.0,0.1335333074401689,0.096676735587147,0.0798864179474158,0.0,0.0,0.0
Cosmos3_seed103_0001,63,1,2,0.0,0.1480528469450082,0.1056065374317454,0.0878458568127702,0.0,0.0,0.0
Cosmos3_seed103_0001,63,2,3,0.02732486164604681,0.0478959639350065,0.0434434618578731,0.0416900187375584,0.0478959639350065,0.0434434618578731,0.0416900187375584
Cosmos3_seed103_0001,66,1,2,0.0,0.1538541463233292,0.1105670144182743,0.0920109359194736,0.0,0.0,0.0
Cosmos3_seed103_0001,69,1,2,0.0,0.1599428091687653,0.1140659331505756,0.0944883514115418,0.0,0.0,0.0
Cosmos3_seed103_0001,72,1,2,0.0,0.1585980193798394,0.1158308363099342,0.0929201836255544,0.0,0.0,0.0
Cosmos3_seed103_0001,75,1,2,0.0,0.148248432553376,0.1037785189692547,0.0856740260417924,0.0,0.0,0.0
Cosmos3_seed103_0001,75,2,3,0.00784216709905361,0.067919852106258,0.0604550130171578,0.059629932423585,0.067919852106258,0.0604550130171578,0.059629932423585
Cosmos3_seed103_0001,78,1,2,0.0,0.1493294504448435,0.1123424515161557,0.0858426139844064,0.0,0.0,0.0
Cosmos3_seed103_0001,78,2,3,0.02583556566230465,0.0905326437341105,0.0749323725129409,0.0673836175723957,0.0905326437341105,0.0749323725129409,0.0673836175723957
Cosmos3_seed103_0001,81,1,2,0.0,0.1533896359564375,0.1042292328164018,0.0826006100126525,0.0,0.0,0.0
Cosmos3_seed103_0001,84,1,2,0.0,0.1345177272763857,0.0880222893906477,0.0698713336287692,0.0,0.0,0.0
Cosmos3_seed103_0001,84,2,3,0.02733712610378392,0.0793750302462347,0.0679189940703232,0.0658492500178655,0.0793750302462347,0.0679189940703232,0.0658492500178655
Cosmos3_seed103_0001,87,1,2,0.0,0.1710096018371888,0.111486897614562,0.0887375114499933,0.0,0.0,0.0
Cosmos3_seed103_0001,87,2,3,0.02536484733914048,0.0690730274683994,0.0591481554763158,0.0574929243395191,0.0690730274683994,0.0591481554763158,0.0574929243395191
Cosmos3_seed103_0001,90,1,2,0.0,0.1274410207247861,0.0790108642205534,0.0609375301759852,0.0,0.0,0.0
Cosmos3_seed103_0001,93,1,2,0.0,0.1278084070071098,0.0773821625250928,0.0596628220276258,0.0,0.0,0.0
Cosmos3_seed103_0001,96,1,2,0.0,0.1700881189831474,0.10162650189663,0.079178263907859,0.0,0.0,0.0
Cosmos3_seed103_0001,96,2,3,0.032639505059047724,0.1020840634886036,0.0856004647982209,0.076313926640184,0.1020840634886036,0.0856004647982209,0.076313926640184
Cosmos3_seed103_0001,99,1,2,0.0,0.1375637370660441,0.0678533365260821,0.057377246559085,0.0,0.0,0.0
Cosmos3_seed103_0001,99,2,3,0.0497969111019827,0.079181476163141,0.0602757530546097,0.0546966455085937,0.079181476163141,0.0602757530546097,0.0546966455085937
Cosmos3_seed103_0001,102,2,3,0.039988620700645655,0.0729736052551811,0.0602309165282507,0.049993588142674,0.0729736052551811,0.0602309165282507,0.049993588142674
Cosmos3_seed103_0001,105,2,3,0.04219969349013076,0.1035705772984273,0.0824387287560216,0.0683497031883832,0.1035705772984273,0.0824387287560216,0.0683497031883832
Cosmos3_seed103_0001,108,2,3,0.04296894129492027,0.0980216676903117,0.0732626020740575,0.0600293596052916,0.0980216676903117,0.0732626020740575,0.0600293596052916
Cosmos3_seed103_0001,111,2,3,0.03464980502186461,0.1461525840382708,0.1038082721272129,0.0875381838682586,0.1461525840382708,0.1038082721272129,0.0875381838682586
Cosmos3_seed103_0001,114,2,3,0.03696670652870936,0.140102665651177,0.0998008182789978,0.0842396177861248,0.140102665651177,0.0998008182789978,0.0842396177861248
Cosmos3_seed103_0001,117,1,3,0.04431115301698001,0.1039515606715747,0.0747467023647532,0.0625552369792474,0.1039515606715747,0.0747467023647532,0.0625552369792474
Cosmos3_seed103_0001,120,1,3,0.04405237972166486,0.0982807305980531,0.0734175620505145,0.0592242964512088,0.0982807305980531,0.0734175620505145,0.0592242964512088
Cosmos3_seed103_0001,123,2,3,0.04560859780033116,0.1113110889964487,0.081833846396827,0.066585309514349,0.1113110889964487,0.081833846396827,0.066585309514349
Cosmos3_seed103_0001,126,2,3,0.04628621495386491,0.1171423336454835,0.0862215160046832,0.0697237684423231,0.1171423336454835,0.0862215160046832,0.0697237684423231
Cosmos3_seed103_0001,129,1,3,0.03814323313254472,0.1062488654044766,0.0771019881840435,0.0607829429667927,0.1062488654044766,0.0771019881840435,0.0607829429667927
Cosmos3_seed103_0001,132,2,3,0.052991431310931904,0.0917961455558111,0.0660763877248319,0.0519270931837821,0.0917961455558111,0.0660763877248319,0.0519270931837821
Cosmos3_seed103_0001,135,2,3,0.03914045850567584,0.1171725743595635,0.0767411635259144,0.0609283848944279,0.1171725743595635,0.0767411635259144,0.0609283848944279
Cosmos3_seed103_0001,138,2,3,0.025498719840665495,0.1017331109740487,0.064095042246639,0.0502038031144215,0.1017331109740487,0.064095042246639,0.0502038031144215
Cosmos3_seed103_0001,141,2,3,0.03227601863990218,0.0875928269031352,0.0548103683263312,0.042450887898047,0.0875928269031352,0.0548103683263312,0.042450887898047
Cosmos3_seed103_0001,144,1,3,0.027084003483537285,0.1017586500146591,0.0649316101033005,0.0545788190351769,0.1017586500146591,0.0649316101033005,0.0545788190351769
Cosmos3_seed103_0001,147,1,3,0.027320869211026593,0.1078486427101159,0.0671485111451432,0.0568398415503522,0.1078486427101159,0.0671485111451432,0.0568398415503522
Cosmos3_seed103_0001,150,1,3,0.020852378123113465,0.1105829496808088,0.0661943186384059,0.0581050838374602,0.1105829496808088,0.0661943186384059,0.0581050838374602
Cosmos3_seed103_0001,153,1,3,0.015475629044276512,0.1096083299309052,0.0647426256698251,0.0571218007660551,0.1096083299309052,0.0647426256698251,0.0571218007660551
Cosmos3_seed103_0001,156,1,3,0.025703386889962477,0.0989235326936165,0.0598821842402343,0.0520720703866597,0.0989235326936165,0.0598821842402343,0.0520720703866597
Cosmos3_seed103_0001,159,1,3,0.023633627756961595,0.0862384161998265,0.0524290947132925,0.0457709727452306,0.0862384161998265,0.0524290947132925,0.0457709727452306
Cosmos3_seed103_0001,162,1,3,0.023828182186649425,0.0916357746851631,0.0568681935590238,0.0494245984560259,0.0916357746851631,0.0568681935590238,0.0494245984560259
Cosmos3_seed103_0001,165,1,3,0.0,0.0838115133135785,0.0603030665347904,0.0481457508631686,0.0,0.0,0.0
Cosmos3_seed103_0001,168,1,3,0.026867786919195766,0.0897876347002215,0.0453392209892663,0.0354368132361862,0.0897876347002215,0.0453392209892663,0.0354368132361862
Cosmos3_seed103_0001,171,1,3,0.024468039196940444,0.0930381855948004,0.0488464548206605,0.0379922976120069,0.0930381855948004,0.0488464548206605,0.0379922976120069
Cosmos3_seed103_0001,174,2,3,0.017461478580762392,0.0730694165287196,0.0439466617005793,0.0363245838733049,0.0730694165287196,0.0439466617005793,0.0363245838733049
Cosmos3_seed103_0001,177,2,3,0.02302207900667798,0.0610729979774807,0.0394854291292609,0.032481826113044,0.0610729979774807,0.0394854291292609,0.032481826113044
Cosmos3_seed103_0001,180,2,3,0.0194364486072358,0.0697484855539109,0.044596450266537,0.0369513710142623,0.0697484855539109,0.044596450266537,0.0369513710142623
Cosmos3_seed103_0001,183,2,3,0.02713804306333812,0.0390126882188439,0.0251060690113255,0.0207937735280837,0.0390126882188439,0.0251060690113255,0.0207937735280837
Cosmos3_seed103_0001,186,2,3,0.021280493883629313,0.0655576605521127,0.0417501794837511,0.0343630145920597,0.0655576605521127,0.0417501794837511,0.0343630145920597
Cosmos3_seed103_0001,188,2,3,0.01199264217398174,0.0627818862421919,0.0403804982978036,0.0331890159185071,0.0627818862421919,0.0403804982978036,0.0331890159185071
Cosmos3_seed103_0002,0,1,2,0.0,0.1611761843532072,0.132845301801885,0.1167900994065764,0.0,0.0,0.0
Cosmos3_seed103_0002,0,2,3,0.03454175552589749,0.0482777670485531,0.0404275557217207,0.0389742402215015,0.0482777670485531,0.0404275557217207,0.0389742402215015
Cosmos3_seed103_0002,3,1,3,0.0,0.1428313033397938,0.1175795914362016,0.103659390664573,0.0,0.0,0.0
Cosmos3_seed103_0002,3,2,3,0.0,0.1125739120673482,0.0721580971300834,0.0552269745603298,0.0,0.0,0.0
Cosmos3_seed103_0002,6,1,2,0.0,0.1364815011612742,0.112459834705363,0.0987517271158507,0.0,0.0,0.0
Cosmos3_seed103_0002,6,2,3,0.04024769112971045,0.0371847554433492,0.0310380506415166,0.0300255237780483,0.0371847554433492,0.0310380506415166,0.0300255237780483
Cosmos3_seed103_0002,9,1,2,0.0,0.1497471156909077,0.1232303928454287,0.107661240607309,0.0,0.0,0.0
Cosmos3_seed103_0002,9,2,3,0.04853017841217088,0.0499141099473623,0.0414236519474029,0.0397151620746029,0.0499141099473623,0.0414236519474029,0.0397151620746029
Cosmos3_seed103_0002,12,1,3,0.0,0.1447241432885236,0.1186830991143003,0.1041926492199644,0.0,0.0,0.0
Cosmos3_seed103_0002,15,1,3,0.0,0.1490344714077169,0.1228209527026048,0.1076603398502427,0.0,0.0,0.0
Cosmos3_seed103_0002,18,1,3,0.0,0.1356681719468146,0.1118515966258325,0.0981318449815315,0.0,0.0,0.0
Cosmos3_seed103_0002,18,2,3,0.0,0.1329314862389147,0.0790011990928918,0.0644443965308397,0.0,0.0,0.0
Cosmos3_seed103_0002,21,1,3,0.0,0.1650463520890137,0.1361689773861681,0.1194524868068677,0.0,0.0,0.0
Cosmos3_seed103_0002,24,1,2,0.0,0.1780728982396858,0.1468844313055384,0.1289843952789045,0.0,0.0,0.0
Cosmos3_seed103_0002,27,1,3,0.0,0.178541011104253,0.1509153145227138,0.1308093743391632,0.0,0.0,0.0
Cosmos3_seed103_0002,33,1,3,0.0,0.1405533686781354,0.1017987576532245,0.099575952201619,0.0,0.0,0.0
Cosmos3_seed103_0002,33,2,3,0.0,0.0961883422196919,0.0664504794906532,0.0482119060051539,0.0,0.0,0.0
Cosmos3_seed103_0002,36,1,3,0.0,0.1594434263259153,0.1339658375484867,0.1172555201019855,0.0,0.0,0.0
Cosmos3_seed103_0002,39,1,3,0.0,0.1431414225966598,0.1181531706811521,0.1056048525387028,0.0,0.0,0.0
Cosmos3_seed103_0002,42,1,3,0.0,0.1332893877769021,0.0964075720312539,0.0942484152738149,0.0,0.0,0.0
Cosmos3_seed103_0002,42,2,3,0.0,0.1126164952688518,0.0707183499335825,0.0540471198125996,0.0,0.0,0.0
Cosmos3_seed103_0002,45,1,3,0.0,0.1368389710864205,0.1129844335373049,0.1005338610257707,0.0,0.0,0.0
Cosmos3_seed103_0002,48,1,3,0.0,0.1277001417110513,0.0932720521005146,0.0908442143612281,0.0,0.0,0.0
Cosmos3_seed103_0002,48,2,3,0.0,0.1016064184654338,0.0650898754356092,0.0490452415746335,0.0,0.0,0.0
Cosmos3_seed103_0002,51,2,3,0.033676272832560035,0.0643612040333859,0.0435428145695085,0.0352738714731772,0.0643612040333859,0.0435428145695085,0.0352738714731772
Cosmos3_seed103_0002,54,1,2,0.0,0.1384551840252225,0.1157832302685796,0.1027126109201302,0.0,0.0,0.0
Cosmos3_seed103_0002,54,2,3,0.0,0.1038305155551504,0.0637301951974527,0.0473376543709251,0.0,0.0,0.0
Cosmos3_seed103_0002,57,1,2,0.0,0.1548322562400083,0.1295811242821676,0.1147625915895259,0.0,0.0,0.0
Cosmos3_seed103_0002,60,2,3,0.0342288280920712,0.0718137778576205,0.0500434564586183,0.040061194095969,0.0718137778576205,0.0500434564586183,0.040061194095969
Cosmos3_seed103_0002,63,1,3,0.0,0.1573442678265791,0.1322002133554666,0.1153244674016574,0.0,0.0,0.0
Cosmos3_seed103_0002,63,2,3,0.025503324572259303,0.0717220174454607,0.0565871979331997,0.0523824777151752,0.0717220174454607,0.0565871979331997,0.0523824777151752
Cosmos3_seed103_0002,66,2,3,0.0,0.2175951939749742,0.1893238929707227,0.1868825715592171,0.0,0.0,0.0
Cosmos3_seed103_0002,69,2,3,0.08189120038599562,0.106225033947604,0.0532066059088646,0.0522611089510036,0.106225033947604,0.0532066059088646,0.0522611089510036
Cosmos3_seed103_0002,72,1,2,0.0,0.1546518487480468,0.1240596348702921,0.1053177684078245,0.0,0.0,0.0
Cosmos3_seed103_0002,72,1,3,0.0,0.0606352517379707,0.0269810586970448,0.0241761698165893,0.0,0.0,0.0
Cosmos3_seed103_0002,75,1,2,0.0,0.1548496708985081,0.1239221308322832,0.1026714648324236,0.0,0.0,0.0
Cosmos3_seed103_0002,78,1,2,0.0,0.1088902102698761,0.070503217932192,0.0697744028763352,0.0,0.0,0.0
Cosmos3_seed103_0002,78,2,3,0.049007747887341066,0.0733221813887224,0.0676905460123487,0.0642403448982195,0.0733221813887224,0.0676905460123487,0.0642403448982195
Cosmos3_seed103_0002,81,1,3,0.0,0.1343597671374197,0.0865866177138885,0.0856985233619062,0.0,0.0,0.0
Cosmos3_seed103_0002,81,2,3,0.0,0.1171456943875061,0.0863926101545876,0.0642254125582861,0.0,0.0,0.0
Cosmos3_seed103_0002,84,2,3,0.02783571261627629,0.1093600336054981,0.0563166723249482,0.0507039169349083,0.1093600336054981,0.0563166723249482,0.0507039169349083
Cosmos3_seed103_0002,87,1,3,0.0,0.1429249341013982,0.0833082219500036,0.0824005642315515,0.0,0.0,0.0
Cosmos3_seed103_0002,87,2,3,0.0,0.1185290700096299,0.0874883386035275,0.0710479712567093,0.0,0.0,0.0
Cosmos3_seed103_0002,90,1,3,0.0,0.113676474978796,0.0842291093206335,0.0729583665901611,0.0,0.0,0.0
Cosmos3_seed103_0002,90,2,3,0.0,0.1417584676601654,0.0780580471043275,0.0760857197038941,0.0,0.0,0.0
Cosmos3_seed103_0002,93,1,3,0.0,0.1435202154925057,0.0781173080591239,0.0744623823955574,0.0,0.0,0.0
Cosmos3_seed103_0002,96,1,3,0.0,0.1592879668175051,0.0837970256294486,0.0803803715073169,0.0,0.0,0.0
Cosmos3_seed103_0002,96,2,3,0.0,0.1204155396828736,0.0903049120716187,0.0833253714068004,0.0,0.0,0.0
Cosmos3_seed103_0002,99,1,3,0.0,0.1675918915423307,0.1027789261457583,0.0831503013385177,0.0,0.0,0.0
Cosmos3_seed103_0002,102,2,3,0.0,0.1765319707291645,0.1040210023186335,0.0833712311865926,0.0,0.0,0.0
Cosmos3_seed103_0002,105,1,2,0.0,0.1695549089775575,0.0949653223742943,0.0752332376025163,0.0,0.0,0.0
Cosmos3_seed103_0002,108,1,2,0.0,0.1973468537706854,0.1078405910678715,0.0843040733147183,0.0,0.0,0.0
Cosmos3_seed103_0002,111,1,2,0.0,0.1576236390560058,0.0876013219325187,0.0680206695303907,0.0,0.0,0.0
Cosmos3_seed103_0002,111,2,3,0.037379655916692664,0.0682277161005561,0.0571379470760854,0.0493455530177143,0.0682277161005561,0.0571379470760854,0.0493455530177143
Cosmos3_seed103_0002,114,1,2,0.0,0.1423283535220812,0.074894816682074,0.0613548591934679,0.0,0.0,0.0
Cosmos3_seed103_0002,114,2,3,0.05729597208804806,0.0660900895784911,0.0526964493868365,0.0472271970676108,0.0660900895784911,0.0526964493868365,0.0472271970676108
Cosmos3_seed103_0002,117,2,3,0.050019113627996596,0.1005734120578381,0.0705478967458315,0.0576798345915368,0.1005734120578381,0.0705478967458315,0.0576798345915368
Cosmos3_seed103_0002,120,2,3,0.04934284449916862,0.0892993254951901,0.0690059853845461,0.0578582269587237,0.0892993254951901,0.0690059853845461,0.0578582269587237
Cosmos3_seed103_0002,126,2,3,0.03951318976770198,0.0949202260937568,0.0693620623260469,0.0571283448632633,0.0949202260937568,0.0693620623260469,0.0571283448632633
Cosmos3_seed103_0002,129,2,3,0.04156786484355776,0.1303179507149874,0.0962290665753124,0.0769571696457628,0.1303179507149874,0.0962290665753124,0.0769571696457628
Cosmos3_seed103_0002,132,2,3,0.035144095100352955,0.1371557846465445,0.0989432389666862,0.0792692522896045,0.1371557846465445,0.0989432389666862,0.0792692522896045
Cosmos3_seed103_0002,135,1,3,0.04069474766098326,0.1214910313138833,0.0799314870778583,0.0635342395163318,0.1214910313138833,0.0799314870778583,0.0635342395163318
Cosmos3_seed103_0002,138,1,3,0.03274029990764132,0.1430177563181789,0.0905101603099832,0.0699857651713237,0.1430177563181789,0.0905101603099832,0.0699857651713237
Cosmos3_seed103_0002,141,1,3,0.03279318831372227,0.1347526034885338,0.0827608409011889,0.0638847835648971,0.1347526034885338,0.0827608409011889,0.0638847835648971
Cosmos3_seed103_0002,150,1,3,0.022893988174424958,0.1432857361763771,0.0882213873684241,0.0728254851231803,0.1432857361763771,0.0882213873684241,0.0728254851231803
Cosmos3_seed103_0002,159,1,3,0.019341348590675225,0.0949654485628297,0.0597323021939605,0.0499375961429247,0.0949654485628297,0.0597323021939605,0.0499375961429247
Cosmos3_seed103_0002,162,1,3,0.006865169296350601,0.0959484969316733,0.0619910161559725,0.0512188586084786,0.0959484969316733,0.0619910161559725,0.0512188586084786
Cosmos3_seed103_0002,165,1,3,0.007437635269382325,0.0906702875854417,0.0579287035025217,0.0479956834568166,0.0906702875854417,0.0579287035025217,0.0479956834568166
Cosmos3_seed103_0002,168,1,3,0.01338244463772191,0.0987251613900352,0.0633316229448993,0.0527731839651594,0.0987251613900352,0.0633316229448993,0.0527731839651594
Cosmos3_seed103_0002,174,2,3,0.020312322816442834,0.1239026451644593,0.072697513535702,0.0557055333129293,0.1239026451644593,0.072697513535702,0.0557055333129293
Cosmos3_seed103_0002,177,1,3,0.023013875796490807,0.0999439729243546,0.0648141854588906,0.0511455732925035,0.0999439729243546,0.0648141854588906,0.0511455732925035
Cosmos3_seed103_0002,180,2,3,0.01144409006449664,0.101176426486878,0.0695503569274965,0.0559177448878584,0.101176426486878,0.0695503569274965,0.0559177448878584
Cosmos3_seed103_0002,183,2,3,0.01622208243531999,0.0876062626256262,0.0614842032077258,0.0495537131442715,0.0876062626256262,0.0614842032077258,0.0495537131442715
Cosmos3_seed103_0002,186,2,3,0.014104344488819876,0.098328427273742,0.0704020531025718,0.0557645742705993,0.098328427273742,0.0704020531025718,0.0557645742705993
Cosmos3_seed103_0002,188,2,3,0.011589978508105192,0.0868831634594555,0.0592554236068576,0.0480192337043548,0.0868831634594555,0.0592554236068576,0.0480192337043548
Cosmos3_seed103_0003,0,1,2,10.514407372883449,0.1199365770582521,0.0840227937530829,0.0830203642413581,0.1199365770582521,0.0840227937530829,0.0830203642413581
Cosmos3_seed103_0003,0,2,3,0.13760850357461094,0.0267358393373757,0.0020909953478017,0.0013732558658713,0.0267358393373757,0.0020909953478017,0.0013732558658713
Cosmos3_seed103_0003,3,1,2,10.567028660085462,0.1071492134343956,0.0751833587977111,0.0726495451594289,0.1071492134343956,0.0751833587977111,0.0726495451594289
Cosmos3_seed103_0003,3,2,3,0.13086523168155154,0.0209554977437755,0.0016263272727349,0.0010534086179948,0.0209554977437755,0.0016263272727349,0.0010534086179948
Cosmos3_seed103_0003,6,1,2,10.542014946374433,0.1048151908930085,0.0740708075709811,0.0727390941568462,0.1048151908930085,0.0740708075709811,0.0727390941568462
Cosmos3_seed103_0003,6,2,3,0.1324064836877501,0.0267330688535018,0.0020829568314844,0.0013693166024535,0.0267330688535018,0.0020829568314844,0.0013693166024535
Cosmos3_seed103_0003,9,1,2,10.563882121850938,0.1049894240883732,0.0750354725876316,0.0736067414778747,0.1049894240883732,0.0750354725876316,0.0736067414778747
Cosmos3_seed103_0003,9,2,3,0.1321559711899238,0.0242126811920266,0.0018807095394319,0.0012327571433835,0.0242126811920266,0.0018807095394319,0.0012327571433835
Cosmos3_seed103_0003,12,1,3,0.16921650815743586,0.0297472221502919,0.0063046258549885,0.005756123644024,0.0297472221502919,0.0063046258549885,0.005756123644024
Cosmos3_seed103_0003,12,2,3,0.0,0.0886690160017781,0.0232626487913985,0.0141674421573583,0.0,0.0,0.0
Cosmos3_seed103_0003,15,1,2,10.96079820906471,0.1370658197011817,0.1016020452782385,0.0996939680441781,0.1370658197011817,0.1016020452782385,0.0996939680441781
Cosmos3_seed103_0003,15,2,3,0.12798558885372688,0.0257769955195673,0.0019274248245815,0.0012557013760999,0.0257769955195673,0.0019274248245815,0.0012557013760999
Cosmos3_seed103_0003,18,1,2,11.360084041223015,0.0954669778151451,0.072681199391827,0.0711902579723109,0.0954669778151451,0.072681199391827,0.0711902579723109
Cosmos3_seed103_0003,18,1,3,4.69451281250058,0.0909008635588559,0.0286099679225775,0.0217225942356506,0.0909008635588559,0.0286099679225775,0.0217225942356506
Cosmos3_seed103_0003,21,1,2,11.132673279523246,0.1052889504435696,0.0785810912432703,0.0777553011184173,0.1052889504435696,0.0785810912432703,0.0777553011184173
Cosmos3_seed103_0003,21,2,3,0.1336150964413959,0.0287325127417345,0.0021803090750763,0.0014362435961342,0.0287325127417345,0.0021803090750763,0.0014362435961342
Cosmos3_seed103_0003,24,1,2,11.148161944844741,0.1126516849589404,0.0845422986909065,0.0830438852167137,0.1126516849589404,0.0845422986909065,0.0830438852167137
Cosmos3_seed103_0003,24,1,3,0.1680838599774174,0.0792072240640083,0.0165676737016082,0.0151762915659491,0.0792072240640083,0.0165676737016082,0.0151762915659491
Cosmos3_seed103_0003,24,2,3,2.8823635482989944,0.056868546721847,0.0158501183522146,0.0142616654934166,0.056868546721847,0.0158501183522146,0.0142616654934166
Cosmos3_seed103_0003,27,1,2,4.71271142911177,0.1146403558090116,0.0365044057176913,0.0276147255031993,0.1146403558090116,0.0365044057176913,0.0276147255031993
Cosmos3_seed103_0003,27,2,3,0.13018289181022744,0.0394790397199452,0.0070628328867164,0.0060402786776118,0.0394790397199452,0.0070628328867164,0.0060402786776118
Cosmos3_seed103_0003,30,1,2,10.978690115646538,0.1148153013724855,0.0859049776597004,0.08373235253571,0.1148153013724855,0.0859049776597004,0.08373235253571
Cosmos3_seed103_0003,30,2,3,0.13486598025679053,0.0256360765314532,0.0019769271468682,0.0013009099784688,0.0256360765314532,0.0019769271468682,0.0013009099784688
Cosmos3_seed103_0003,33,1,2,10.605954225293798,0.1114879196042427,0.0808238534320634,0.0797574955211937,0.1114879196042427,0.0808238534320634,0.0797574955211937
Cosmos3_seed103_0003,33,2,3,0.13421066055715566,0.0181543663685397,0.0014475531106797,0.0009379099635236,0.0181543663685397,0.0014475531106797,0.0009379099635236
Cosmos3_seed103_0003,36,1,3,4.64149048138342,0.10328485494393,0.03269576473797,0.0249487611380835,0.10328485494393,0.03269576473797,0.0249487611380835
Cosmos3_seed103_0003,36,2,3,0.13446130838539655,0.0460479087725996,0.008420042636709,0.0070614201346109,0.0460479087725996,0.008420042636709,0.0070614201346109
Cosmos3_seed103_0003,39,1,2,10.307309967545315,0.1027826096511583,0.0716316068292719,0.0705602420197684,0.1027826096511583,0.0716316068292719,0.0705602420197684
Cosmos3_seed103_0003,39,1,3,4.598747950017918,0.106499997459299,0.0330657133903615,0.0256611172736386,0.106499997459299,0.0330657133903615,0.0256611172736386
Cosmos3_seed103_0003,42,1,2,4.561686152551408,0.1016902807789536,0.0315450518633989,0.0247410330492693,0.1016902807789536,0.0315450518633989,0.0247410330492693
Cosmos3_seed103_0003,42,2,3,0.13877818840955655,0.0298305692151215,0.005575624725855,0.0045560727331998,0.0298305692151215,0.005575624725855,0.0045560727331998
Cosmos3_seed103_0003,45,1,2,9.97199849653394,0.1081857670359929,0.0743575325451952,0.0734725000638443,0.1081857670359929,0.0743575325451952,0.0734725000638443
Cosmos3_seed103_0003,45,1,3,4.533451114788824,0.0962808354705968,0.0300475525550815,0.0234951313463007,0.0962808354705968,0.0300475525550815,0.0234951313463007
Cosmos3_seed103_0003,48,1,2,9.9042304600932,0.1265936670620585,0.0871440806761112,0.0860505954564534,0.1265936670620585,0.0871440806761112,0.0860505954564534
Cosmos3_seed103_0003,48,1,3,4.5015305705140225,0.1035244670349243,0.0323492411765453,0.0253924183458899,0.1035244670349243,0.0323492411765453,0.0253924183458899
Cosmos3_seed103_0003,51,1,2,9.914784529521299,0.1103388579283921,0.0764758371377105,0.0763891150822911,0.1103388579283921,0.0764758371377105,0.0763891150822911
Cosmos3_seed103_0003,51,1,3,4.555251632955402,0.1095404520767902,0.0348337334548638,0.0269261901096769,0.1095404520767902,0.0348337334548638,0.0269261901096769
Cosmos3_seed103_0003,54,1,2,9.838342653802604,0.114262450428129,0.0780315457501478,0.077537183824689,0.114262450428129,0.0780315457501478,0.077537183824689
Cosmos3_seed103_0003,54,1,3,4.518084204704426,0.0969946499196376,0.0304223529727894,0.0236411644601535,0.0969946499196376,0.0304223529727894,0.0236411644601535
Cosmos3_seed103_0003,57,1,2,9.889811256170164,0.1195583015055812,0.0824610128553619,0.0814239064479441,0.1195583015055812,0.0824610128553619,0.0814239064479441
Cosmos3_seed103_0003,57,1,3,4.507071184161179,0.105682518312083,0.033166556862512,0.0260387068507948,0.105682518312083,0.033166556862512,0.0260387068507948
Cosmos3_seed103_0003,60,1,2,10.019323467868041,0.1120744162783968,0.0780202591619226,0.0776777381057715,0.1120744162783968,0.0780202591619226,0.0776777381057715
Cosmos3_seed103_0003,60,1,3,4.525681166634154,0.1132067233430661,0.0355632544737153,0.0277437037572881,0.1132067233430661,0.0355632544737153,0.0277437037572881
Cosmos3_seed103_0003,63,1,2,10.19405631371791,0.1061572369650089,0.074803747192051,0.0735524235281639,0.1061572369650089,0.074803747192051,0.0735524235281639
Cosmos3_seed103_0003,63,1,3,4.560625578531149,0.1232484912581081,0.0387786776303551,0.030218638249697,0.1232484912581081,0.0387786776303551,0.030218638249697
Cosmos3_seed103_0003,66,1,2,10.135431118494774,0.1052384761813517,0.0737172134864533,0.0719096443192097,0.1052384761813517,0.0737172134864533,0.0719096443192097
Cosmos3_seed103_0003,66,1,3,4.570685070591768,0.0991639656464705,0.0312527977318806,0.0245709649522191,0.0991639656464705,0.0312527977318806,0.0245709649522191
Cosmos3_seed103_0003,69,1,2,10.140634331006801,0.0900761829514645,0.0633601414029434,0.0618423229659598,0.0900761829514645,0.0633601414029434,0.0618423229659598
Cosmos3_seed103_0003,69,1,3,4.569083609091273,0.0841925899730617,0.0266049375153312,0.0209692555728071,0.0841925899730617,0.0266049375153312,0.0209692555728071
Cosmos3_seed103_0003,72,1,2,10.207395932892151,0.0981676101823054,0.0694110214706826,0.0671802676421867,0.0981676101823054,0.0694110214706826,0.0671802676421867
Cosmos3_seed103_0003,72,1,3,7.547745869546956,0.0518881949899108,0.0232072671183174,0.0166399879718095,0.0518881949899108,0.0232072671183174,0.0166399879718095
Cosmos3_seed103_0003,72,2,3,0.7547007487160823,0.0877814094316678,0.0555261766320016,0.0385336431615301,0.0877814094316678,0.0555261766320016,0.0385336431615301
Cosmos3_seed103_0003,75,1,2,10.244246758236223,0.1197500208476491,0.0829677284159902,0.0788697744714461,0.1197500208476491,0.0829677284159902,0.0788697744714461
Cosmos3_seed103_0003,75,1,3,7.44720353953597,0.0644428083572528,0.0277893021247229,0.0205140027866172,0.0644428083572528,0.0277893021247229,0.0205140027866172
Cosmos3_seed103_0003,75,2,3,0.7215602587753825,0.0843640928147976,0.0525082109076958,0.0368469368497018,0.0843640928147976,0.0525082109076958,0.0368469368497018
Cosmos3_seed103_0003,78,1,2,10.341270471984263,0.1423154260423041,0.0913928297939045,0.0897379075395714,0.1423154260423041,0.0913928297939045,0.0897379075395714
Cosmos3_seed103_0003,78,1,3,7.713651983506386,0.06490465844145,0.0265655624316675,0.019101589477515,0.06490465844145,0.0265655624316675,0.019101589477515
Cosmos3_seed103_0003,78,2,3,0.769294544114683,0.0704099818059997,0.0448763194597663,0.0316833822668273,0.0704099818059997,0.0448763194597663,0.0316833822668273
Cosmos3_seed103_0003,81,1,2,10.40478209310546,0.1508091984903165,0.0967986700699772,0.0948683854801601,0.1508091984903165,0.0967986700699772,0.0948683854801601
Cosmos3_seed103_0003,81,1,3,11.801494225107387,0.0878138235322135,0.0570926088336455,0.0457277475157171,0.0878138235322135,0.0570926088336455,0.0457277475157171
Cosmos3_seed103_0003,81,2,3,0.22827815001986052,0.0553594839098461,0.0434554320851122,0.0429011199895566,0.0553594839098461,0.0434554320851122,0.0429011199895566
Cosmos3_seed103_0003,84,1,2,10.331653053536256,0.175085910875896,0.1148042675692957,0.1104916821283229,0.175085910875896,0.1148042675692957,0.1104916821283229
Cosmos3_seed103_0003,84,1,3,11.824114991820982,0.0766360459985724,0.0514600489417675,0.0411422134835053,0.0766360459985724,0.0514600489417675,0.0411422134835053
Cosmos3_seed103_0003,84,2,3,0.20354232161368443,0.0467410415295419,0.0359656072268113,0.0351202116043954,0.0467410415295419,0.0359656072268113,0.0351202116043954
Cosmos3_seed103_0003,87,1,2,10.533968365213159,0.1430591946867868,0.0962892274041295,0.0920958692414515,0.1430591946867868,0.0962892274041295,0.0920958692414515
Cosmos3_seed103_0003,87,1,3,7.886520722000333,0.0620756411185903,0.0268477442264428,0.0190882860437105,0.0620756411185903,0.0268477442264428,0.0190882860437105
Cosmos3_seed103_0003,87,2,3,0.7815893796928729,0.1028727923002564,0.0661036119224274,0.0449517674184053,0.1028727923002564,0.0661036119224274,0.0449517674184053
Cosmos3_seed103_0003,90,1,2,10.614445108366569,0.1080920486825331,0.07349071953327,0.0680870693078669,0.1080920486825331,0.07349071953327,0.0680870693078669
Cosmos3_seed103_0003,90,1,3,0.6700488796610534,0.0504512747441151,0.0218975618789448,0.0132196476628338,0.0504512747441151,0.0218975618789448,0.0132196476628338
Cosmos3_seed103_0003,90,2,3,7.351558003233434,0.0723553373867381,0.0461907953042751,0.0300986776836847,0.0723553373867381,0.0461907953042751,0.0300986776836847
Cosmos3_seed103_0003,93,1,2,11.630992894672845,0.0723249944793726,0.0434957417651434,0.0417706331491345,0.0723249944793726,0.0434957417651434,0.0417706331491345
Cosmos3_seed103_0003,93,1,3,0.18348288793046158,0.0666540204780063,0.0514209859455653,0.0505523782500059,0.0666540204780063,0.0514209859455653,0.0505523782500059
Cosmos3_seed103_0003,93,2,3,12.798869389234643,0.0568565856176375,0.0263786859254204,0.0249045481176401,0.0568565856176375,0.0263786859254204,0.0249045481176401
Cosmos3_seed103_0003,96,1,2,11.344018373230691,0.1178430379946683,0.0777722225991355,0.0761405097387354,0.1178430379946683,0.0777722225991355,0.0761405097387354
Cosmos3_seed103_0003,96,1,3,0.21220745065511815,0.0622272531696042,0.0496334720514416,0.0489994259418718,0.0622272531696042,0.0496334720514416,0.0489994259418718
Cosmos3_seed103_0003,96,2,3,12.437005950775113,0.0549506888458487,0.035802228220508,0.029168413847634,0.0549506888458487,0.035802228220508,0.029168413847634
Cosmos3_seed103_0003,99,1,2,11.88416630431051,0.1251803464456238,0.0882414487620188,0.0849617960888604,0.1251803464456238,0.0882414487620188,0.0849617960888604
Cosmos3_seed103_0003,99,1,3,2.909592056996796,0.0718784241889397,0.0207631862453095,0.0188328863548594,0.0718784241889397,0.0207631862453095,0.0188328863548594
Cosmos3_seed103_0003,102,1,2,12.117332086839756,0.1150985248455266,0.0761255339351094,0.0722414471254688,0.1150985248455266,0.0761255339351094,0.0722414471254688
Cosmos3_seed103_0003,102,1,3,0.2044707416165374,0.0441623005362435,0.0359836346465657,0.0339150874069452,0.0441623005362435,0.0359836346465657,0.0339150874069452
Cosmos3_seed103_0003,102,2,3,12.575610827815137,0.0601277249315762,0.0374820450167329,0.0289822903478617,0.0601277249315762,0.0374820450167329,0.0289822903478617
Cosmos3_seed103_0003,105,1,3,5.197186034284675,0.1201268925200307,0.0319569072808742,0.0242239094960941,0.1201268925200307,0.0319569072808742,0.0242239094960941
Cosmos3_seed103_0003,105,2,3,2.9127806923163093,0.0577836418886632,0.0385554661056993,0.0271238469477897,0.0577836418886632,0.0385554661056993,0.0271238469477897
Cosmos3_seed103_0003,108,1,2,12.189798590691654,0.1203962392821942,0.0715242145805323,0.071194213829078,0.1203962392821942,0.0715242145805323,0.071194213829078
Cosmos3_seed103_0003,108,1,3,0.6428292129781394,0.0803835357619265,0.0614781139399097,0.0478173406694976,0.0803835357619265,0.0614781139399097,0.0478173406694976
Cosmos3_seed103_0003,108,2,3,12.627312608872701,0.0838096615623767,0.0650999766244275,0.0508691071940008,0.0838096615623767,0.0650999766244275,0.0508691071940008
Cosmos3_seed103_0003,111,1,2,12.57076853933017,0.1542979800474301,0.0904396849992826,0.0862883381112939,0.1542979800474301,0.0904396849992826,0.0862883381112939
Cosmos3_seed103_0003,111,1,3,0.23437736076575705,0.0664781626255319,0.0554566842773414,0.0518267988634261,0.0664781626255319,0.0554566842773414,0.0518267988634261
Cosmos3_seed103_0003,111,2,3,12.883786008880213,0.0952581707055865,0.0521796933921612,0.0456229487303671,0.0952581707055865,0.0521796933921612,0.0456229487303671
Cosmos3_seed103_0003,114,1,2,12.980723615442848,0.1405754605067562,0.0817941194146975,0.0772543926161068,0.1405754605067562,0.0817941194146975,0.0772543926161068
Cosmos3_seed103_0003,114,1,3,13.168241440629599,0.0784143050838813,0.0423418803303614,0.0372498150860938,0.0784143050838813,0.0423418803303614,0.0372498150860938
Cosmos3_seed103_0003,114,2,3,0.23825778925817798,0.0482483049837739,0.0400901002901763,0.0372048380735664,0.0482483049837739,0.0400901002901763,0.0372048380735664
Cosmos3_seed103_0003,117,1,2,13.220358066963508,0.1767809394972538,0.1051930900584432,0.0994329533851319,0.1767809394972538,0.1051930900584432,0.0994329533851319
Cosmos3_seed103_0003,117,1,3,0.2352838453982296,0.0474755316408937,0.0388494018456547,0.0356807924888829,0.0474755316408937,0.0388494018456547,0.0356807924888829
Cosmos3_seed103_0003,117,2,3,13.234799353359758,0.0764341157366393,0.0417723757576764,0.0361626750817787,0.0764341157366393,0.0417723757576764,0.0361626750817787
Cosmos3_seed103_0003,120,1,2,12.91238157729344,0.1980076353869481,0.1186423277134147,0.1100776747867623,0.1980076353869481,0.1186423277134147,0.1100776747867623
Cosmos3_seed103_0003,120,2,3,5.516610144954052,0.1455440432078975,0.0371970598464734,0.0313936451111422,0.1455440432078975,0.0371970598464734,0.0313936451111422
Cosmos3_seed103_0003,123,1,2,12.799034771657377,0.1785707763820868,0.1107901672722896,0.1074547001457193,0.1785707763820868,0.1107901672722896,0.1074547001457193
Cosmos3_seed103_0003,123,1,3,0.22793003686601995,0.0439636960323804,0.0356343659082972,0.0338952783708364,0.0439636960323804,0.0356343659082972,0.0338952783708364
Cosmos3_seed103_0003,123,2,3,13.313798420220957,0.0714663622514112,0.0421757367101229,0.0352462824875304,0.0714663622514112,0.0421757367101229,0.0352462824875304
Cosmos3_seed103_0003,126,1,2,12.602448323954393,0.1616080506168513,0.1014409590690028,0.0997527964908517,0.1616080506168513,0.1014409590690028,0.0997527964908517
Cosmos3_seed103_0003,126,2,3,5.37906411686066,0.1337625986527741,0.0358262984248441,0.0269449078018682,0.1337625986527741,0.0358262984248441,0.0269449078018682
Cosmos3_seed103_0003,129,1,2,12.491667548173913,0.1337770381543912,0.0889976949676809,0.0853016947796782,0.1337770381543912,0.0889976949676809,0.0853016947796782
Cosmos3_seed103_0003,129,1,3,0.20428655777430602,0.0511877582556452,0.0403051023589683,0.0382411255860694,0.0511877582556452,0.0403051023589683,0.0382411255860694
Cosmos3_seed103_0003,129,2,3,12.988169434436077,0.0775518778800329,0.0489508389131029,0.0369430679308441,0.0775518778800329,0.0489508389131029,0.0369430679308441
Cosmos3_seed103_0003,132,1,2,12.086698609436779,0.1251292227756586,0.0788523147635484,0.0768096009171229,0.1251292227756586,0.0788523147635484,0.0768096009171229
Cosmos3_seed103_0003,132,1,3,13.393023541403476,0.0778914157446453,0.0493905804367356,0.0389112388146619,0.0778914157446453,0.0493905804367356,0.0389112388146619
Cosmos3_seed103_0003,132,2,3,0.22842702707131293,0.0489695549517009,0.0396055476483162,0.0393601903758032,0.0489695549517009,0.0396055476483162,0.0393601903758032
Cosmos3_seed103_0003,135,1,2,0.22154746995865712,0.0490963981117139,0.0392132321468167,0.0375506282768894,0.0490963981117139,0.0392132321468167,0.0375506282768894
Cosmos3_seed103_0003,135,1,3,2.901346278258731,0.0448026658918364,0.0128263668013649,0.0117012380897784,0.0448026658918364,0.0128263668013649,0.0117012380897784
Cosmos3_seed103_0003,135,2,3,3.263596068821103,0.0275459759801223,0.0082351856855726,0.0060004602803778,0.0275459759801223,0.0082351856855726,0.0060004602803778
Cosmos3_seed103_0003,138,1,2,0.25215403858897356,0.0511372587593602,0.0411423248197158,0.0402917937844665,0.0511372587593602,0.0411423248197158,0.0402917937844665
Cosmos3_seed103_0003,138,1,3,2.902977103692282,0.044543374946906,0.0128832378357878,0.0117062303993558,0.044543374946906,0.0128832378357878,0.0117062303993558
Cosmos3_seed103_0003,138,2,3,3.278201974711205,0.0289905676570917,0.0085619137828036,0.0062591344184548,0.0289905676570917,0.0085619137828036,0.0062591344184548
Cosmos3_seed103_0003,141,1,2,0.2609505460283624,0.0494584245147935,0.0397944999616935,0.0394160750016648,0.0494584245147935,0.0397944999616935,0.0394160750016648
Cosmos3_seed103_0003,141,1,3,2.9012193164102067,0.0492601300954625,0.014289579858449,0.0129096816159565,0.0492601300954625,0.014289579858449,0.0129096816159565
Cosmos3_seed103_0003,141,2,3,3.2803680186406408,0.0282340579998369,0.008268883709508,0.0060107093777894,0.0282340579998369,0.008268883709508,0.0060107093777894
Cosmos3_seed103_0003,144,1,2,0.22898777391490935,0.0431936095437396,0.0336724008704608,0.0321703854021277,0.0431936095437396,0.0336724008704608,0.0321703854021277
Cosmos3_seed103_0003,144,1,3,2.894567874896737,0.0419032939101314,0.0119978197170158,0.0109224422882123,0.0419032939101314,0.0119978197170158,0.0109224422882123
Cosmos3_seed103_0003,144,2,3,3.2613698060969756,0.0253640229045614,0.0076013394080229,0.0053946358793121,0.0253640229045614,0.0076013394080229,0.0053946358793121
Cosmos3_seed103_0003,147,1,2,0.2568497579342092,0.0579823016272222,0.0461428799222157,0.043994065132312,0.0579823016272222,0.0461428799222157,0.043994065132312
Cosmos3_seed103_0003,150,1,2,0.22222327744511625,0.0541281570784903,0.0424457948613357,0.0423824653262373,0.0541281570784903,0.0424457948613357,0.0423824653262373
Cosmos3_seed103_0003,150,1,3,12.684631864341737,0.0559538359571035,0.0289426953468971,0.0216079856661297,0.0559538359571035,0.0289426953468971,0.0216079856661297
Cosmos3_seed103_0003,150,2,3,13.903397575733225,0.0716971755690203,0.0472933115830332,0.0353609147019556,0.0716971755690203,0.0472933115830332,0.0353609147019556
Cosmos3_seed103_0003,153,1,2,0.21352325893689147,0.0558623689561198,0.0436760997103746,0.0428223628451691,0.0558623689561198,0.0436760997103746,0.0428223628451691
Cosmos3_seed103_0003,156,1,2,0.2466402113416688,0.0658253342663733,0.0527846821749803,0.0516193488082554,0.0658253342663733,0.0527846821749803,0.0516193488082554
Cosmos3_seed103_0003,159,1,2,0.24580327239759217,0.0537991339218239,0.0426967692517115,0.0423334070833141,0.0537991339218239,0.0426967692517115,0.0423334070833141
Cosmos3_seed103_0003,162,1,2,0.21365942797283924,0.0535825270994273,0.0416619535929234,0.0409974146104999,0.0535825270994273,0.0416619535929234,0.0409974146104999
Cosmos3_seed103_0003,162,1,3,2.8914221559575033,0.0367551903248787,0.0108638614829352,0.01009673708024,0.0367551903248787,0.0108638614829352,0.01009673708024
Cosmos3_seed103_0003,162,2,3,3.2608474352894308,0.0283477423156743,0.0085146574519159,0.0061529083634548,0.0283477423156743,0.0085146574519159,0.0061529083634548
Cosmos3_seed103_0003,165,1,2,0.22161956810476027,0.0471239710873021,0.0367473639820046,0.0358463962077859,0.0471239710873021,0.0367473639820046,0.0358463962077859
Cosmos3_seed103_0003,165,1,3,2.8960037011518334,0.0581716997223851,0.017111209037683,0.0159457494646942,0.0581716997223851,0.017111209037683,0.0159457494646942
Cosmos3_seed103_0003,165,2,3,3.2648633276932397,0.0318765183943526,0.0096121494476416,0.0069850426810674,0.0318765183943526,0.0096121494476416,0.0069850426810674
Cosmos3_seed103_0003,168,1,2,0.20358305402717108,0.0437443644470406,0.0342679131392958,0.0315039363822172,0.0437443644470406,0.0342679131392958,0.0315039363822172
Cosmos3_seed103_0003,171,1,2,0.22286911998640138,0.0491074698435967,0.039043886854671,0.0367964502211092,0.0491074698435967,0.039043886854671,0.0367964502211092
Cosmos3_seed103_0003,174,1,2,0.22118422188562534,0.0495899637526716,0.0395880500119128,0.0369138958408927,0.0495899637526716,0.0395880500119128,0.0369138958408927
Cosmos3_seed103_0003,177,1,2,0.22137256671280767,0.054431020638735,0.0435099019033434,0.0399237022272274,0.054431020638735,0.0435099019033434,0.0399237022272274
Cosmos3_seed103_0003,180,1,2,0.22018956181521673,0.057183484058195,0.0456612016046891,0.0421717795537709,0.057183484058195,0.0456612016046891,0.0421717795537709
Cosmos3_seed103_0003,183,1,2,0.2243788126342269,0.0456099331937792,0.0360073957797617,0.0343239580354446,0.0456099331937792,0.0360073957797617,0.0343239580354446
Cosmos3_seed103_0003,186,1,2,0.23943488665584103,0.0492527024148595,0.0406849001634347,0.0369873139207194,0.0492527024148595,0.0406849001634347,0.0369873139207194
Cosmos3_seed103_0003,188,1,2,0.24824372510421813,0.0548860915836826,0.045530938515553,0.0415413156299091,0.0548860915836826,0.045530938515553,0.0415413156299091
Cosmos3_seed103_0004,0,1,3,0.7208209470025325,0.031959388743248,0.0066493172261281,0.0064672661584104,0.031959388743248,0.0066493172261281,0.0064672661584104
Cosmos3_seed103_0004,0,2,3,0.0,0.0881162238140487,0.0231460104086921,0.0141891552966708,0.0,0.0,0.0
Cosmos3_seed103_0004,3,1,2,6.528831977885306,0.2728578802700648,0.1895878238543818,0.179790096171247,0.2728578802700648,0.1895878238543818,0.179790096171247
Cosmos3_seed103_0004,3,2,3,0.12933298412092806,0.0372741081529829,0.002934450594285,0.0019460311346351,0.0372741081529829,0.002934450594285,0.0019460311346351
Cosmos3_seed103_0004,6,1,2,6.790026483015771,0.1094071972237852,0.0787399363528091,0.0740398089438343,0.1094071972237852,0.0787399363528091,0.0740398089438343
Cosmos3_seed103_0004,6,2,3,0.12850375303687078,0.025971776427439,0.0019700109573192,0.0013164396805085,0.025971776427439,0.0019700109573192,0.0013164396805085
Cosmos3_seed103_0004,9,1,3,0.7176909251343303,0.0539921291404907,0.0112245197927252,0.0109649022773251,0.0539921291404907,0.0112245197927252,0.0109649022773251
Cosmos3_seed103_0004,9,2,3,0.0,0.095260361434529,0.0249315638914547,0.0152477132183645,0.0,0.0,0.0
Cosmos3_seed103_0004,12,1,2,6.59441197460396,0.1213117336483963,0.0843228843755915,0.0804396957591585,0.1213117336483963,0.0843228843755915,0.0804396957591585
Cosmos3_seed103_0004,12,2,3,0.12701771862695246,0.0230616908773273,0.0018028094525965,0.001177919198875,0.0230616908773273,0.0018028094525965,0.001177919198875
Cosmos3_seed103_0004,15,1,2,6.640092453999634,0.1165483932524534,0.0820092269154566,0.0782972955030331,0.1165483932524534,0.0820092269154566,0.0782972955030331
Cosmos3_seed103_0004,15,2,3,0.1253939874604943,0.0312347970251604,0.0024208758719565,0.0015795158276796,0.0312347970251604,0.0024208758719565,0.0015795158276796
Cosmos3_seed103_0004,18,1,2,6.865660688996515,0.1045502187974353,0.075637973461463,0.0698500034086901,0.1045502187974353,0.075637973461463,0.0698500034086901
Cosmos3_seed103_0004,18,1,3,2.9425416015189643,0.1072802124582044,0.0333074283330523,0.0236302301063708,0.1072802124582044,0.0333074283330523,0.0236302301063708
Cosmos3_seed103_0004,21,1,2,7.026110650420273,0.1107384952045386,0.0816820356678977,0.0744791244522694,0.1107384952045386,0.0816820356678977,0.0744791244522694
Cosmos3_seed103_0004,21,1,3,2.9463805040950657,0.1144264874405252,0.0355087076283704,0.0252407133800041,0.1144264874405252,0.0355087076283704,0.0252407133800041
Cosmos3_seed103_0004,24,1,2,7.13963696551586,0.102586485424249,0.0766841052632724,0.0698895095099299,0.102586485424249,0.0766841052632724,0.0698895095099299
Cosmos3_seed103_0004,24,1,3,3.2206799519273193,0.0863370763352054,0.0561706481313146,0.0481920201181112,0.0863370763352054,0.0561706481313146,0.0481920201181112
Cosmos3_seed103_0004,24,2,3,8.661175409026455,0.0955776156105944,0.0612966996400917,0.0437564974458295,0.0955776156105944,0.0612966996400917,0.0437564974458295
Cosmos3_seed103_0004,27,1,2,2.9387937224867287,0.0978002809287448,0.061133783786436,0.0496916292018532,0.0978002809287448,0.061133783786436,0.0496916292018532
Cosmos3_seed103_0004,27,1,3,2.9395038939146096,0.1205973258205387,0.0370043460268794,0.0263275007570215,0.1205973258205387,0.0370043460268794,0.0263275007570215
Cosmos3_seed103_0004,27,2,3,3.5137522120233964,0.0705590828355263,0.0175982685962538,0.015461592241191,0.0705590828355263,0.0175982685962538,0.015461592241191
Cosmos3_seed103_0004,30,1,2,2.9357149837334027,0.1143656876363701,0.0355648496063353,0.0250440673958158,0.1143656876363701,0.0355648496063353,0.0250440673958158
Cosmos3_seed103_0004,30,1,3,0.7190828878528871,0.054285851873901,0.0113078400522204,0.0110972795556706,0.054285851873901,0.0113078400522204,0.0110972795556706
Cosmos3_seed103_0004,30,2,3,2.91121261891271,0.0263394104445779,0.0176430562376491,0.0121925508513737,0.0263394104445779,0.0176430562376491,0.0121925508513737
Cosmos3_seed103_0004,33,1,2,6.905405128617297,0.1177348256323005,0.086660152245626,0.0794301484073765,0.1177348256323005,0.086660152245626,0.0794301484073765
Cosmos3_seed103_0004,33,1,3,2.938511040466422,0.1073142718678316,0.0336283216829768,0.023938472897963,0.1073142718678316,0.0336283216829768,0.023938472897963
Cosmos3_seed103_0004,36,1,2,6.935402937338322,0.1089822922189618,0.0800627936422435,0.0739342499851097,0.1089822922189618,0.0800627936422435,0.0739342499851097
Cosmos3_seed103_0004,36,1,3,4.249266828638684,0.0941495993645493,0.058421911651009,0.0412732992638011,0.0941495993645493,0.058421911651009,0.0412732992638011
Cosmos3_seed103_0004,36,2,3,1.7117848526499724,0.1326842256462609,0.0760311419117037,0.073115614482574,0.1326842256462609,0.0760311419117037,0.073115614482574
Cosmos3_seed103_0004,39,1,2,6.93138158241332,0.1217363585106563,0.087421115220095,0.0811919143420108,0.1217363585106563,0.087421115220095,0.0811919143420108
Cosmos3_seed103_0004,39,1,3,2.928955854542412,0.1186707860094159,0.0360870159257384,0.0259054268310158,0.1186707860094159,0.0360870159257384,0.0259054268310158
Cosmos3_seed103_0004,42,1,2,6.604036905153952,0.1280850213638146,0.0876741003349675,0.083041987398378,0.1280850213638146,0.0876741003349675,0.083041987398378
Cosmos3_seed103_0004,42,1,3,2.924089450678694,0.1329394731271284,0.0402163410106489,0.0292184125164714,0.1329394731271284,0.0402163410106489,0.0292184125164714
Cosmos3_seed103_0004,45,1,2,6.895929965884574,0.1031639391929411,0.0751122017452814,0.0707627687521669,0.1031639391929411,0.0751122017452814,0.0707627687521669
Cosmos3_seed103_0004,45,1,3,6.340841939221551,0.1272489653479701,0.0817404097831865,0.0766003307316099,0.1272489653479701,0.0817404097831865,0.0766003307316099
Cosmos3_seed103_0004,45,2,3,2.0095491678692805,0.1561385186288299,0.0730256079412732,0.064470841690891,0.1561385186288299,0.0730256079412732,0.064470841690891
Cosmos3_seed103_0004,48,1,2,6.770666430412954,0.1237231006548562,0.0890993008322432,0.0870103902467274,0.1237231006548562,0.0890993008322432,0.0870103902467274
Cosmos3_seed103_0004,48,1,3,7.985099052348633,0.0419800640780806,0.029994729817537,0.0232436854081903,0.0419800640780806,0.029994729817537,0.0232436854081903
Cosmos3_seed103_0004,48,2,3,0.25745906258500195,0.0514596389775929,0.0408347545228191,0.0405142968303169,0.0514596389775929,0.0408347545228191,0.0405142968303169
Cosmos3_seed103_0004,51,1,2,6.682925722499381,0.1795234674172445,0.1279496315268093,0.1238258804894662,0.1795234674172445,0.1279496315268093,0.1238258804894662
Cosmos3_seed103_0004,51,1,3,7.939306696468134,0.0516092014906869,0.0367216073498162,0.02827737103578,0.0516092014906869,0.0367216073498162,0.02827737103578
Cosmos3_seed103_0004,51,2,3,0.2518217713050433,0.0461528984803078,0.0367234896398275,0.0366623816861199,0.0461528984803078,0.0367234896398275,0.0366623816861199
Cosmos3_seed103_0004,54,1,2,6.69863007878464,0.1543875970369313,0.1060772049553744,0.1046472247987785,0.1543875970369313,0.1060772049553744,0.1046472247987785
Cosmos3_seed103_0004,54,1,3,7.857025620182047,0.0567060100355949,0.0384748895041129,0.0303141296146559,0.0567060100355949,0.0384748895041129,0.0303141296146559
Cosmos3_seed103_0004,54,2,3,0.23824042880410767,0.0498757111293184,0.0398337483396509,0.0393359647308104,0.0498757111293184,0.0398337483396509,0.0393359647308104
Cosmos3_seed103_0004,57,1,2,6.5200361573456735,0.1603496918039544,0.1026757907400021,0.0991994567759203,0.1603496918039544,0.1026757907400021,0.0991994567759203
Cosmos3_seed103_0004,57,1,3,2.896542622592944,0.1368263199457603,0.0388551784834514,0.0286305548466555,0.1368263199457603,0.0388551784834514,0.0286305548466555
Cosmos3_seed103_0004,60,1,2,6.5112275673558715,0.142636819231025,0.0926932566712075,0.0896038120290051,0.142636819231025,0.0926932566712075,0.0896038120290051
Cosmos3_seed103_0004,60,2,3,4.056730181551419,0.0720434768082571,0.0451990281599923,0.0330979099069991,0.0720434768082571,0.0451990281599923,0.0330979099069991
Cosmos3_seed103_0004,63,1,2,6.670485020855931,0.1070305605235744,0.0672410093496532,0.0636756366602498,0.1070305605235744,0.0672410093496532,0.0636756366602498
Cosmos3_seed103_0004,63,2,3,4.264642435226365,0.0936981116254536,0.0605009314759634,0.0421105789816049,0.0936981116254536,0.0605009314759634,0.0421105789816049
Cosmos3_seed103_0004,66,1,2,6.73099651095998,0.0900455947358878,0.0562106982263335,0.0523538087953205,0.0900455947358878,0.0562106982263335,0.0523538087953205
Cosmos3_seed103_0004,66,2,3,4.194710588130955,0.0786306825467418,0.0499381300936244,0.0344042194528309,0.0786306825467418,0.0499381300936244,0.0344042194528309
Cosmos3_seed103_0004,69,1,3,6.834739235361099,0.123422712813827,0.0798251688211498,0.0716401953803528,0.123422712813827,0.0798251688211498,0.0716401953803528
Cosmos3_seed103_0004,69,2,3,6.556692021721215,0.1190376325095115,0.1174880951439462,0.1159827454413367,0.1190376325095115,0.1174880951439462,0.1159827454413367
Cosmos3_seed103_0004,72,1,3,7.061454621733152,0.0892212611697119,0.0573642356276915,0.0535388940351744,0.0892212611697119,0.0573642356276915,0.0535388940351744
Cosmos3_seed103_0004,72,2,3,7.045972755018625,0.0712749068194156,0.0525213561917177,0.049750536540721,0.0712749068194156,0.0525213561917177,0.049750536540721
Cosmos3_seed103_0004,75,1,3,6.9883307325751325,0.1215533376274141,0.0941740848309382,0.083265166831003,0.1215533376274141,0.0941740848309382,0.083265166831003
Cosmos3_seed103_0004,75,2,3,7.0441447425988875,0.0970758031009535,0.0576676802282745,0.0495157967354006,0.0970758031009535,0.0576676802282745,0.0495157967354006
Cosmos3_seed103_0004,78,1,2,7.363179303897609,0.1081109499417594,0.0634282114672706,0.0542991764604139,0.1081109499417594,0.0634282114672706,0.0542991764604139
Cosmos3_seed103_0004,78,1,3,3.1254107294609264,0.1190249204695296,0.0296108050586114,0.0196858246371624,0.1190249204695296,0.0296108050586114,0.0196858246371624
Cosmos3_seed103_0004,81,1,2,7.634974948409767,0.1112996909220475,0.0650361392966041,0.0530757796262129,0.1112996909220475,0.0650361392966041,0.0530757796262129
Cosmos3_seed103_0004,81,1,3,4.541557097581325,0.1384973970310612,0.0903470574799013,0.0811376233178349,0.1384973970310612,0.0903470574799013,0.0811376233178349
Cosmos3_seed103_0004,81,2,3,0.0,0.0936187064700529,0.0356858324285707,0.032428674070993,0.0,0.0,0.0
Cosmos3_seed103_0004,84,1,2,8.19486405604249,0.1125715574837462,0.064890975357235,0.0523125227534758,0.1125715574837462,0.064890975357235,0.0523125227534758
Cosmos3_seed103_0004,84,1,3,3.5143330615845105,0.0866164480824114,0.0214280576196286,0.0135754969844795,0.0866164480824114,0.0214280576196286,0.0135754969844795
Cosmos3_seed103_0004,87,1,2,9.375243730480072,0.1251384844506284,0.0740845759517944,0.0584061867513848,0.1251384844506284,0.0740845759517944,0.0584061867513848
Cosmos3_seed103_0004,87,2,3,3.8219522000000103,0.0883617678717996,0.021387016958857,0.0132865645549938,0.0883617678717996,0.021387016958857,0.0132865645549938
Cosmos3_seed103_0004,90,1,3,9.901901734463356,0.1358603442274608,0.0746353526876264,0.0591162569505705,0.1358603442274608,0.0746353526876264,0.0591162569505705
Cosmos3_seed103_0004,90,2,3,4.1125954515268095,0.1066590680298925,0.0244225538965686,0.0151938509833115,0.1066590680298925,0.0244225538965686,0.0151938509833115
Cosmos3_seed103_0004,93,1,3,11.71279649998204,0.1133216725914245,0.0841025211241998,0.067953079899496,0.1133216725914245,0.0841025211241998,0.067953079899496
Cosmos3_seed103_0004,93,2,3,4.915627157408163,0.0891583937117593,0.027833029121137,0.0271047017735119,0.0891583937117593,0.027833029121137,0.0271047017735119
Cosmos3_seed103_0004,96,1,2,11.696227530076754,0.1119220629115754,0.0642716771436533,0.0553699016318996,0.1119220629115754,0.0642716771436533,0.0553699016318996
Cosmos3_seed103_0004,96,1,3,0.0,0.0681127619469287,0.0336816670542113,0.0303823701041805,0.0,0.0,0.0
Cosmos3_seed103_0004,96,2,3,6.130394021709041,0.0819765666696447,0.0232787008414583,0.0180900984182982,0.0819765666696447,0.0232787008414583,0.0180900984182982
Cosmos3_seed103_0004,99,1,3,0.2738669076302782,0.0751399291961139,0.0624868455774699,0.0590556993602742,0.0751399291961139,0.0624868455774699,0.0590556993602742
Cosmos3_seed103_0004,102,1,3,0.272669816017694,0.0663408806365209,0.0552170658301181,0.0505706785128767,0.0663408806365209,0.0552170658301181,0.0505706785128767
Cosmos3_seed103_0004,105,1,2,13.355445219553287,0.1420830496973381,0.0754057322746416,0.066954822217105,0.1420830496973381,0.0754057322746416,0.066954822217105
Cosmos3_seed103_0004,105,2,3,5.440516712582243,0.1630805147178773,0.0353207425522537,0.0246928945852404,0.1630805147178773,0.0353207425522537,0.0246928945852404
Cosmos3_seed103_0004,108,1,2,13.60317312611387,0.1075127139779651,0.065677904714534,0.0654776851585351,0.1075127139779651,0.065677904714534,0.0654776851585351
Cosmos3_seed103_0004,108,1,3,0.2630298369837874,0.0635752939325253,0.0529706549823467,0.048285063909843,0.0635752939325253,0.0529706549823467,0.048285063909843
Cosmos3_seed103_0004,108,2,3,13.521023854605577,0.0746399006513157,0.0415631050104721,0.0347360893056081,0.0746399006513157,0.0415631050104721,0.0347360893056081
Cosmos3_seed103_0004,111,1,2,0.2636405364541363,0.0692326667940313,0.0578862902715965,0.0541452565831187,0.0692326667940313,0.0578862902715965,0.0541452565831187
Cosmos3_seed103_0004,114,1,3,0.7159102589097328,0.1251019367115036,0.0713035903203567,0.0534744711746353,0.1251019367115036,0.0713035903203567,0.0534744711746353
Cosmos3_seed103_0004,114,2,3,0.14484563339928877,0.0882571899540973,0.0644333085809222,0.0625803953784832,0.0882571899540973,0.0644333085809222,0.0625803953784832
Cosmos3_seed103_0004,117,1,2,1.1731538920346092,0.1663583205806829,0.1088099308775053,0.0834639850128139,0.1663583205806829,0.1088099308775053,0.0834639850128139
Cosmos3_seed103_0004,117,2,3,0.6527239765571131,0.0860237448482932,0.0431152334633822,0.0238903318661106,0.0860237448482932,0.0431152334633822,0.0238903318661106
Cosmos3_seed103_0004,120,1,2,0.26289413799689143,0.0483877724544157,0.0397891175748392,0.0372433050605831,0.0483877724544157,0.0397891175748392,0.0372433050605831
Cosmos3_seed103_0004,120,1,3,13.289482833182655,0.1482144286378037,0.0737250291595438,0.0696264705299244,0.1482144286378037,0.0737250291595438,0.0696264705299244
Cosmos3_seed103_0004,120,2,3,13.61282531680513,0.0918832550000584,0.0427803907829887,0.0332225415345453,0.0918832550000584,0.0427803907829887,0.0332225415345453
Cosmos3_seed103_0004,123,1,3,0.6997862169816743,0.1312448338306875,0.0761866495361402,0.0575843181242864,0.1312448338306875,0.0761866495361402,0.0575843181242864
Cosmos3_seed103_0004,123,2,3,0.14435548215636895,0.0961218281583008,0.0701639701382002,0.0685346985315914,0.0961218281583008,0.0701639701382002,0.0685346985315914
Cosmos3_seed103_0004,126,1,3,2.91627050104661,0.059106786459904,0.0165701287167926,0.0149813838754333,0.059106786459904,0.0165701287167926,0.0149813838754333
Cosmos3_seed103_0004,126,2,3,2.908839076252874,0.0544111912785173,0.0365402116903969,0.0254391080220177,0.0544111912785173,0.0365402116903969,0.0254391080220177
Cosmos3_seed103_0004,129,1,2,12.840730665003553,0.1203488983526869,0.0608295187910035,0.0505515774027587,0.1203488983526869,0.0608295187910035,0.0505515774027587
Cosmos3_seed103_0004,129,2,3,5.46297073584355,0.11052612592059,0.0237667269495833,0.0152550840420223,0.11052612592059,0.0237667269495833,0.0152550840420223
Cosmos3_seed103_0004,132,1,2,1.1648533674456447,0.1464815154675394,0.0936888446575354,0.0722805796816705,0.1464815154675394,0.0936888446575354,0.0722805796816705
Cosmos3_seed103_0004,132,2,3,0.6440645716447989,0.1078479108799338,0.0527600403145721,0.0296204155480964,0.1078479108799338,0.0527600403145721,0.0296204155480964
Cosmos3_seed103_0004,135,1,3,1.1823086277847794,0.1243972984256392,0.0805118693895592,0.0615341264592396,0.1243972984256392,0.0805118693895592,0.0615341264592396
Cosmos3_seed103_0004,135,2,3,0.6487681767329286,0.0768734052640418,0.0376927764399604,0.0209899799998845,0.0768734052640418,0.0376927764399604,0.0209899799998845
Cosmos3_seed103_0004,138,1,2,1.1875629786676947,0.1517058446664314,0.096029567078666,0.0726366657641477,0.1517058446664314,0.096029567078666,0.0726366657641477
Cosmos3_seed103_0004,138,1,3,0.7113078637014675,0.0959788015954052,0.0553289799648948,0.0410049695063321,0.0959788015954052,0.0553289799648948,0.0410049695063321
Cosmos3_seed103_0004,138,2,3,1.8961658257759273,0.0813901936820951,0.0381819908843546,0.0290994634119809,0.0813901936820951,0.0381819908843546,0.0290994634119809
Cosmos3_seed103_0004,141,1,3,0.2570507525228378,0.053593640316705,0.0438905554382312,0.0420173101155524,0.053593640316705,0.0438905554382312,0.0420173101155524
Cosmos3_seed103_0004,144,1,2,1.1661365928336924,0.1858460316088517,0.1165530267094327,0.0889979818272598,0.1858460316088517,0.1165530267094327,0.0889979818272598
Cosmos3_seed103_0004,144,1,3,1.5365453393964876,0.1707371602000957,0.1147127520985231,0.1006156785540283,0.1707371602000957,0.1147127520985231,0.1006156785540283
Cosmos3_seed103_0004,147,1,2,1.1800184010578527,0.1375179822353625,0.0859405748053692,0.0635852081365074,0.1375179822353625,0.0859405748053692,0.0635852081365074
Cosmos3_seed103_0004,147,1,3,1.6151740227653426,0.1632958558863992,0.1078479499290304,0.0971750901573849,0.1632958558863992,0.1078479499290304,0.0971750901573849
Cosmos3_seed103_0004,150,1,2,1.2284435615242575,0.1756582273525014,0.1134573616678802,0.0867564336936966,0.1756582273525014,0.1134573616678802,0.0867564336936966
Cosmos3_seed103_0004,150,2,3,0.6707634085095565,0.09835096991839,0.04868856001571,0.0267398559166235,0.09835096991839,0.04868856001571,0.0267398559166235
Cosmos3_seed103_0004,153,1,2,1.1909299018112125,0.1345234504021898,0.0866665290592554,0.0640238248766669,0.1345234504021898,0.0866665290592554,0.0640238248766669
Cosmos3_seed103_0004,153,2,3,0.6634389756058252,0.0925858457794553,0.0456130351877423,0.0256237558257452,0.0925858457794553,0.0456130351877423,0.0256237558257452
Cosmos3_seed103_0004,156,1,2,1.170683296013117,0.1431213875698956,0.0900195678156677,0.0659390837308309,0.1431213875698956,0.0900195678156677,0.0659390837308309
Cosmos3_seed103_0004,156,2,3,0.6676751288524297,0.0859283815488547,0.0414479802855623,0.0236760857175344,0.0859283815488547,0.0414479802855623,0.0236760857175344
Cosmos3_seed103_0004,159,1,2,0.28379083381736214,0.0585538455966055,0.0470175278034635,0.0441303095942886,0.0585538455966055,0.0470175278034635,0.0441303095942886
Cosmos3_seed103_0004,162,1,2,1.209254779778369,0.1395391357322849,0.0886437232050124,0.0663567791320699,0.1395391357322849,0.0886437232050124,0.0663567791320699
Cosmos3_seed103_0004,162,2,3,0.6631899525823729,0.1158493598402528,0.055942198827044,0.0310145513404229,0.1158493598402528,0.055942198827044,0.0310145513404229
Cosmos3_seed103_0004,165,1,2,1.2298589343553183,0.1750040287735365,0.1113495694031886,0.0846046907526783,0.1750040287735365,0.1113495694031886,0.0846046907526783
Cosmos3_seed103_0004,165,2,3,0.6664775736618496,0.1260956156904773,0.0605885426297338,0.0332525306428123,0.1260956156904773,0.0605885426297338,0.0332525306428123
Cosmos3_seed103_0004,168,1,2,0.21895846459569013,0.0436715401979861,0.0341121744326635,0.0318973003529071,0.0436715401979861,0.0341121744326635,0.0318973003529071
Cosmos3_seed103_0004,168,1,3,1.6064332780873627,0.1024507151070169,0.0697938297978935,0.0616621040008058,0.1024507151070169,0.0697938297978935,0.0616621040008058
Cosmos3_seed103_0004,168,2,3,2.662140264772573,0.0868771705340387,0.0462294364196653,0.0381912991908521,0.0868771705340387,0.0462294364196653,0.0381912991908521
Cosmos3_seed103_0004,171,1,3,1.1742987485945888,0.1208137111386953,0.0770740866987097,0.0585095166598273,0.1208137111386953,0.0770740866987097,0.0585095166598273
Cosmos3_seed103_0004,171,2,3,0.6524132949407039,0.0812891521090949,0.0398423086323354,0.0222549927083293,0.0812891521090949,0.0398423086323354,0.0222549927083293
Cosmos3_seed103_0004,174,1,3,1.2199826207855151,0.107239399955908,0.067860162272723,0.0525340212586044,0.107239399955908,0.067860162272723,0.0525340212586044
Cosmos3_seed103_0004,174,2,3,0.6548302979647906,0.0653690150042437,0.0318782199324276,0.0172354529047348,0.0653690150042437,0.0318782199324276,0.0172354529047348
Cosmos3_seed103_0004,177,1,2,0.22249672641677928,0.0584795082409121,0.0480255867773433,0.0448338672894098,0.0584795082409121,0.0480255867773433,0.0448338672894098
Cosmos3_seed103_0004,180,1,3,0.23467887646030025,0.0603255200090213,0.0499974623700723,0.0457499042455235,0.0603255200090213,0.0499974623700723,0.0457499042455235
Cosmos3_seed103_0004,183,1,3,0.2235946498268079,0.0528623704194234,0.0428486494142728,0.0404148481120843,0.0528623704194234,0.0428486494142728,0.0404148481120843
Cosmos3_seed103_0004,186,1,3,1.7137329344566437,0.0826064664168843,0.0452174081122175,0.037767874694909,0.0826064664168843,0.0452174081122175,0.037767874694909
Cosmos3_seed103_0004,186,2,3,0.5750187428904866,0.078004552589094,0.0394754954764984,0.0277153238228503,0.078004552589094,0.0394754954764984,0.0277153238228503
Cosmos3_seed103_0004,188,1,3,0.25635909457175093,0.0696521522551168,0.0586085499715439,0.0563984995066212,0.0696521522551168,0.0586085499715439,0.0563984995066212
Cosmos3_seed103_0006,0,1,2,1.0471687206624714,0.4031048059874701,0.1826344021199726,0.1770756265311815,0.4031048059874701,0.1826344021199726,0.1770756265311815
Cosmos3_seed103_0006,3,1,2,1.0491918759860177,0.3565653565256918,0.1609604578742616,0.1563642647823116,0.3565653565256918,0.1609604578742616,0.1563642647823116
Cosmos3_seed103_0006,6,1,2,1.0492083919983226,0.3903269460867639,0.1759982140734172,0.1712221808017241,0.3903269460867639,0.1759982140734172,0.1712221808017241
Cosmos3_seed103_0006,9,1,2,1.048683990941196,0.36519290570781,0.1645975845745235,0.1604941708599578,0.36519290570781,0.1645975845745235,0.1604941708599578
Cosmos3_seed103_0006,12,1,2,1.0463369645224025,0.3670176260395018,0.1649146798174446,0.1607670391188224,0.3670176260395018,0.1649146798174446,0.1607670391188224
Cosmos3_seed103_0006,15,1,2,1.0460465674475763,0.3314259694208784,0.1487896828899626,0.1445427537186043,0.3314259694208784,0.1487896828899626,0.1445427537186043
Cosmos3_seed103_0006,18,1,2,1.0454317071774801,0.3833961461059687,0.1722236929182632,0.166927408478936,0.3833961461059687,0.1722236929182632,0.166927408478936
Cosmos3_seed103_0006,21,1,2,1.0454745219050017,0.3786239113064674,0.1704925756095413,0.1656775384060052,0.3786239113064674,0.1704925756095413,0.1656775384060052
Cosmos3_seed103_0006,24,1,2,1.045791068214791,0.3452293153373601,0.1549748843679395,0.1509549017329862,0.3452293153373601,0.1549748843679395,0.1509549017329862
Cosmos3_seed103_0006,27,1,2,1.0467428863856851,0.3620495084336583,0.1627771011039865,0.1583697356192332,0.3620495084336583,0.1627771011039865,0.1583697356192332
Cosmos3_seed103_0006,30,1,2,1.0483826724851568,0.3853639249567905,0.1734992962523024,0.1688796354771694,0.3853639249567905,0.1734992962523024,0.1688796354771694
Cosmos3_seed103_0006,33,1,2,1.0472560522589016,0.3704721637760937,0.1663198865804372,0.1619855083777708,0.3704721637760937,0.1663198865804372,0.1619855083777708
Cosmos3_seed103_0006,36,1,2,1.0472434143681812,0.3696122929463993,0.1662921692271966,0.1616478802914289,0.3696122929463993,0.1662921692271966,0.1616478802914289
Cosmos3_seed103_0006,39,1,2,1.0451520803777283,0.3665446026273547,0.1646923034584869,0.1600026646843659,0.3665446026273547,0.1646923034584869,0.1600026646843659
Cosmos3_seed103_0006,42,1,2,1.0495455768698705,0.3959870996002375,0.1779768666779473,0.1724848697316183,0.3959870996002375,0.1779768666779473,0.1724848697316183
Cosmos3_seed103_0006,45,1,2,1.0472887327589306,0.3907501315763905,0.1759575861115341,0.171009560236526,0.3907501315763905,0.1759575861115341,0.171009560236526
Cosmos3_seed103_0006,48,1,2,1.0484741515810652,0.3775171496885476,0.1699299416528944,0.1651592813659242,0.3775171496885476,0.1699299416528944,0.1651592813659242
Cosmos3_seed103_0006,51,1,2,1.047538652304044,0.3787708893024316,0.1708389899940688,0.1663919779274105,0.3787708893024316,0.1708389899940688,0.1663919779274105
Cosmos3_seed103_0006,54,1,2,1.0454868674722158,0.3687458030355452,0.1663599637199073,0.1618279800233729,0.3687458030355452,0.1663599637199073,0.1618279800233729
Cosmos3_seed103_0006,57,1,2,1.0472391683563165,0.31872507928992,0.1431500741221907,0.1391732493328586,0.31872507928992,0.1431500741221907,0.1391732493328586
Cosmos3_seed103_0006,60,1,2,1.045501783665802,0.3076552191962158,0.1386426927782818,0.1347501307971147,0.3076552191962158,0.1386426927782818,0.1347501307971147
Cosmos3_seed103_0006,63,1,2,1.0410809744437832,0.2455413829223245,0.1096906027843395,0.1083263676822305,0.2455413829223245,0.1096906027843395,0.1083263676822305
Cosmos3_seed103_0006,66,1,2,0.9916548875887907,0.2537327625730201,0.1115233713723685,0.1102462449325955,0.2537327625730201,0.1115233713723685,0.1102462449325955
Cosmos3_seed103_0006,69,1,2,0.9754446893925423,0.2828313270494466,0.1221212953888396,0.1177662299745984,0.2828313270494466,0.1221212953888396,0.1177662299745984
Cosmos3_seed103_0006,72,1,2,0.9287422460746124,0.2652804793299347,0.1158834946156358,0.1109384651393723,0.2652804793299347,0.1158834946156358,0.1109384651393723
Cosmos3_seed103_0006,75,1,2,0.8437211572338108,0.2136505663505583,0.0950773926752558,0.0928745226918406,0.2136505663505583,0.0950773926752558,0.0928745226918406
Cosmos3_seed103_0006,78,1,2,0.7696474121169715,0.1759493947198698,0.078199449634904,0.0724280395551888,0.1759493947198698,0.078199449634904,0.0724280395551888
Cosmos3_seed103_0006,81,1,2,0.6581438593009968,0.1244154585617262,0.0551550361064783,0.0539921334112686,0.1244154585617262,0.0551550361064783,0.0539921334112686
Cosmos3_seed103_0006,84,1,2,0.5197951263231859,0.2646952295471966,0.1241416934907036,0.1177583972793784,0.2646952295471966,0.1241416934907036,0.1177583972793784
Cosmos3_seed103_0006,87,1,2,0.36840110678069043,0.1590402136574858,0.0795603395371203,0.0732706905956694,0.1590402136574858,0.0795603395371203,0.0732706905956694
Cosmos3_seed103_0006,90,1,2,0.24176452466431453,0.1897451399192801,0.1017738870365583,0.0946080740532225,0.1897451399192801,0.1017738870365583,0.0946080740532225
Cosmos3_seed103_0006,93,1,2,0.14380610967213436,0.1962647434406184,0.1073421348200816,0.0989404359430768,0.1962647434406184,0.1073421348200816,0.0989404359430768
Cosmos3_seed103_0006,96,1,2,0.028641701538824248,0.2564928738741301,0.1418633116480154,0.1302321563031425,0.2564928738741301,0.1418633116480154,0.1302321563031425
Cosmos3_seed103_0006,99,1,2,0.0,0.2288122785840626,0.125102585165556,0.1190555213257693,0.0,0.0,0.0
Cosmos3_seed103_0006,99,1,3,0.0,0.0834941432081009,0.0661611055346224,0.0628540088904412,0.0,0.0,0.0
Cosmos3_seed103_0006,102,1,2,0.0,0.1252449072209912,0.0960679726354978,0.0920128311683983,0.0,0.0,0.0
Cosmos3_seed103_0006,102,1,3,0.0,0.1614953725949114,0.0804767342010353,0.0789641038403349,0.0,0.0,0.0
Cosmos3_seed103_0006,105,1,2,0.0,0.2347158469918021,0.1136538906600475,0.1092582370775876,0.0,0.0,0.0
Cosmos3_seed103_0006,105,1,3,0.0,0.148638891818095,0.1054307855952556,0.0978357067885935,0.0,0.0,0.0
Cosmos3_seed103_0006,108,1,2,0.0,0.2207406162262513,0.1070656946948492,0.1021098118731321,0.0,0.0,0.0
Cosmos3_seed103_0006,108,1,3,0.0,0.1346997830969601,0.1004424424031894,0.0990581658014666,0.0,0.0,0.0
Cosmos3_seed103_0006,111,1,2,0.0,0.2144219954931613,0.0999207210341429,0.094837776913385,0.0,0.0,0.0
Cosmos3_seed103_0006,114,1,2,0.0,0.2328472448573477,0.1052847117273479,0.1007270119796342,0.0,0.0,0.0
Cosmos3_seed103_0006,117,1,2,0.0,0.1843191612966758,0.080307708101945,0.0773435644692499,0.0,0.0,0.0
Cosmos3_seed103_0006,120,1,2,0.0,0.1718599882840879,0.0762395872233897,0.0736584385223549,0.0,0.0,0.0
Cosmos3_seed103_0006,123,1,2,0.0,0.1946156026563775,0.0813557027110664,0.0800609259906686,0.0,0.0,0.0
Cosmos3_seed103_0006,126,1,2,0.0,0.135319577080732,0.0518176326396271,0.0496819999939452,0.0,0.0,0.0
Cosmos3_seed103_0006,129,1,2,0.0,0.0788460582828873,0.0279613103019381,0.024366860040865,0.0,0.0,0.0
Cosmos3_seed103_0007,0,1,2,0.10166772448721079,0.0453354081025713,0.0383699027459051,0.0330226757725928,0.0453354081025713,0.0383699027459051,0.0330226757725928
Cosmos3_seed103_0007,0,1,3,0.08674071488765199,0.0504388944970759,0.0379233827286459,0.0375568812219794,0.0504388944970759,0.0379233827286459,0.0375568812219794
Cosmos3_seed103_0007,0,2,3,0.18769983135332885,0.0529690862270017,0.0460321851588054,0.0408930903747669,0.0529690862270017,0.0460321851588054,0.0408930903747669
Cosmos3_seed103_0007,3,1,2,0.059387648771545884,0.0363983171970706,0.0297106335830911,0.0253820320480707,0.0363983171970706,0.0297106335830911,0.0253820320480707
Cosmos3_seed103_0007,3,1,3,0.2393491091280616,0.1065733879531469,0.0852936157822984,0.0718565974864569,0.1065733879531469,0.0852936157822984,0.0718565974864569
Cosmos3_seed103_0007,3,2,3,0.22473011208162166,0.092079164756068,0.063320174419612,0.0593192130623924,0.092079164756068,0.063320174419612,0.0593192130623924
Cosmos3_seed103_0007,6,1,2,0.8729114744981844,0.063635381824171,0.0443691292191463,0.0363583824008946,0.063635381824171,0.0443691292191463,0.0363583824008946
Cosmos3_seed103_0007,6,1,3,0.23680051346055847,0.1049060199326376,0.084260060655658,0.0705976604181112,0.1049060199326376,0.084260060655658,0.0705976604181112
Cosmos3_seed103_0007,6,2,3,2.4141648689484625,0.0849802331247869,0.0475906379129705,0.0465453855794433,0.0849802331247869,0.0475906379129705,0.0465453855794433
Cosmos3_seed103_0007,9,1,2,0.24341938491872844,0.0765778268652721,0.0702745829024181,0.0646888396506909,0.0765778268652721,0.0702745829024181,0.0646888396506909
Cosmos3_seed103_0007,9,1,3,0.22366242254620025,0.0875110623784726,0.0711810196324559,0.0597386571884482,0.0875110623784726,0.0711810196324559,0.0597386571884482
Cosmos3_seed103_0007,9,2,3,1.1894920433338698,0.079592471650203,0.070330249085513,0.0643188347987131,0.079592471650203,0.070330249085513,0.0643188347987131
Cosmos3_seed103_0007,12,1,2,6.588872577149548,0.06526841329182,0.0495653590331586,0.0428226642705803,0.06526841329182,0.0495653590331586,0.0428226642705803
Cosmos3_seed103_0007,12,1,3,0.14698928341365727,0.0536490689976166,0.0459047868365652,0.0401754803584239,0.0536490689976166,0.0459047868365652,0.0401754803584239
Cosmos3_seed103_0007,12,2,3,4.498888426419193,0.0061241626854973,0.0040702869130555,0.0030089587667302,0.0061241626854973,0.0040702869130555,0.0030089587667302
Cosmos3_seed103_0007,15,1,2,0.2398515727437741,0.0817497522886402,0.0652353393982197,0.0542044438061649,0.0817497522886402,0.0652353393982197,0.0542044438061649
Cosmos3_seed103_0007,15,1,3,6.5933536995415425,0.0686110312022834,0.0522130156906283,0.0450816229643895,0.0686110312022834,0.0522130156906283,0.0450816229643895
Cosmos3_seed103_0007,15,2,3,8.242744205762827,0.0561336243913023,0.0340882256573895,0.0328046642784544,0.0561336243913023,0.0340882256573895,0.0328046642784544
Cosmos3_seed103_0007,18,1,2,0.22098771180438515,0.1050118023572694,0.0853911207307456,0.0720685237840098,0.1050118023572694,0.0853911207307456,0.0720685237840098
Cosmos3_seed103_0007,18,1,3,6.612114188996914,0.0649437428644776,0.0493298045258781,0.0427239042360065,0.0649437428644776,0.0493298045258781,0.0427239042360065
Cosmos3_seed103_0007,18,2,3,8.234041457248706,0.0370757587589609,0.0229000657257799,0.022315576101394,0.0370757587589609,0.0229000657257799,0.022315576101394
Cosmos3_seed103_0007,21,1,2,0.23700408502576567,0.0981527122223945,0.0786802939225926,0.0658432673682988,0.0981527122223945,0.0786802939225926,0.0658432673682988
Cosmos3_seed103_0007,21,1,3,6.607700240237404,0.0562257533794069,0.042789726724134,0.0371705484245538,0.0562257533794069,0.042789726724134,0.0371705484245538
Cosmos3_seed103_0007,21,2,3,8.21424707098359,0.0359038180454242,0.0219032486132179,0.0211005840761703,0.0359038180454242,0.0219032486132179,0.0211005840761703
Cosmos3_seed103_0007,24,1,2,0.23408615296111376,0.0897851168810331,0.0719126317209426,0.0596522277841541,0.0897851168810331,0.0719126317209426,0.0596522277841541
Cosmos3_seed103_0007,24,1,3,4.823369563524848,0.1433267117499939,0.0804158688140556,0.0681213243981591,0.1433267117499939,0.0804158688140556,0.0681213243981591
Cosmos3_seed103_0007,24,2,3,6.480923665828369,0.1208597871637443,0.0817475905954159,0.0554647571539393,0.1208597871637443,0.0817475905954159,0.0554647571539393
Cosmos3_seed103_0007,27,1,2,0.2397310545903548,0.0787433432929309,0.0624153145881734,0.0519220295096224,0.0787433432929309,0.0624153145881734,0.0519220295096224
Cosmos3_seed103_0007,27,1,3,6.577692485046224,0.0512299946073451,0.0389901385976332,0.0337462173219875,0.0512299946073451,0.0389901385976332,0.0337462173219875
Cosmos3_seed103_0007,27,2,3,8.202080458864902,0.0173087583762812,0.0104417597821074,0.0100360744341851,0.0173087583762812,0.0104417597821074,0.0100360744341851
Cosmos3_seed103_0007,30,1,2,0.21996139634037998,0.0944971063849009,0.0765761520151292,0.0644082525111496,0.0944971063849009,0.0765761520151292,0.0644082525111496
Cosmos3_seed103_0007,30,1,3,6.527677197363396,0.0687260141699086,0.0519390145934006,0.0446175012296184,0.0687260141699086,0.0519390145934006,0.0446175012296184
Cosmos3_seed103_0007,30,2,3,8.211048419036343,0.0419532111492888,0.025692879810099,0.0251564424219438,0.0419532111492888,0.025692879810099,0.0251564424219438
Cosmos3_seed103_0007,33,1,2,6.342072115381963,0.0928988609396144,0.0796779130363097,0.0696874508328414,0.0928988609396144,0.0796779130363097,0.0696874508328414
Cosmos3_seed103_0007,33,1,3,6.521159453962252,0.0765423495416959,0.0578111299407009,0.0495773292417903,0.0765423495416959,0.0578111299407009,0.0495773292417903
Cosmos3_seed103_0007,33,2,3,2.2213647414194484,0.0780654523721947,0.067414283243375,0.0674056078742234,0.0780654523721947,0.067414283243375,0.0674056078742234
Cosmos3_seed103_0007,36,1,2,0.21414411232183617,0.1088107908067128,0.0887607272689316,0.0737971243214769,0.1088107908067128,0.0887607272689316,0.0737971243214769
Cosmos3_seed103_0007,36,1,3,6.154372315082096,0.0690778805822552,0.0664232673725952,0.0648484272933361,0.0690778805822552,0.0664232673725952,0.0648484272933361
Cosmos3_seed103_0007,36,2,3,7.371992225634392,0.1619625719400124,0.1289860559079702,0.1115270255281652,0.1619625719400124,0.1289860559079702,0.1115270255281652
Cosmos3_seed103_0007,39,1,2,0.21437148723892782,0.1060103038075098,0.0863458715237582,0.0718665854983902,0.1060103038075098,0.0863458715237582,0.0718665854983902
Cosmos3_seed103_0007,39,1,3,6.1743700796827135,0.0653383899451811,0.0627885910940147,0.0620551765496672,0.0653383899451811,0.0627885910940147,0.0620551765496672
Cosmos3_seed103_0007,39,2,3,7.393688273595726,0.0901933365952111,0.0726047825627592,0.0628837385598545,0.0901933365952111,0.0726047825627592,0.0628837385598545
Cosmos3_seed103_0007,42,1,2,0.209279425950962,0.1361167447718224,0.111509756068839,0.0939535221174728,0.1361167447718224,0.111509756068839,0.0939535221174728
Cosmos3_seed103_0007,42,1,3,6.462542381738268,0.0782122384171681,0.0584481734098725,0.0495823334794575,0.0782122384171681,0.0584481734098725,0.0495823334794575
Cosmos3_seed103_0007,42,2,3,8.248151925233907,0.048768830526644,0.0298565677490058,0.029654053159028,0.048768830526644,0.0298565677490058,0.029654053159028
Cosmos3_seed103_0007,45,1,2,0.22065174292140716,0.1126434751636721,0.0908560072391318,0.0755142551078457,0.1126434751636721,0.0908560072391318,0.0755142551078457
Cosmos3_seed103_0007,45,1,3,6.491231586887233,0.0883919784001272,0.0664488626929321,0.056496908924235,0.0883919784001272,0.0664488626929321,0.056496908924235
Cosmos3_seed103_0007,45,2,3,8.266001179335692,0.0494849926808345,0.0300051508870839,0.0293314798867283,0.0494849926808345,0.0300051508870839,0.0293314798867283
Cosmos3_seed103_0007,48,1,2,0.22815400178104603,0.1373075464926713,0.1101256516359314,0.0913992188188577,0.1373075464926713,0.1101256516359314,0.0913992188188577
Cosmos3_seed103_0007,48,1,3,6.523234757734709,0.0837818142307576,0.0631979566978266,0.0540113084095416,0.0837818142307576,0.0631979566978266,0.0540113084095416
Cosmos3_seed103_0007,48,2,3,8.257806485194653,0.0494854448927589,0.0299381417229814,0.0290734902423142,0.0494854448927589,0.0299381417229814,0.0290734902423142
Cosmos3_seed103_0007,51,1,2,0.21300526734585765,0.1329503329764932,0.1084707582245825,0.0916353737507863,0.1329503329764932,0.1084707582245825,0.0916353737507863
Cosmos3_seed103_0007,51,1,3,6.514010166719677,0.0696419010951749,0.0525939206298129,0.045065873406831,0.0696419010951749,0.0525939206298129,0.045065873406831
Cosmos3_seed103_0007,51,2,3,8.220960472148825,0.0476443000368554,0.0293561518896685,0.0289425878317785,0.0476443000368554,0.0293561518896685,0.0289425878317785
Cosmos3_seed103_0007,54,1,2,0.21989400548940485,0.1377254601038611,0.1114701512671082,0.0941293710963449,0.1377254601038611,0.1114701512671082,0.0941293710963449
Cosmos3_seed103_0007,54,1,3,6.52627314478748,0.0688528043005891,0.0520463520105258,0.0446531508136303,0.0688528043005891,0.0520463520105258,0.0446531508136303
Cosmos3_seed103_0007,54,2,3,8.217888286011954,0.0387759205810235,0.0237233019829549,0.0233496238929711,0.0387759205810235,0.0237233019829549,0.0233496238929711
Cosmos3_seed103_0007,57,1,2,0.22533663539407142,0.1189080894994315,0.0962657340876167,0.0799005152090552,0.1189080894994315,0.0962657340876167,0.0799005152090552
Cosmos3_seed103_0007,57,1,3,6.311526173231196,0.0894193238512935,0.082871145112947,0.080777037970134,0.0894193238512935,0.082871145112947,0.080777037970134
Cosmos3_seed103_0007,57,2,3,7.817120565210762,0.1027324938888582,0.0853264294569857,0.0764169090362683,0.1027324938888582,0.0853264294569857,0.0764169090362683
Cosmos3_seed103_0007,60,1,2,0.21608931287011912,0.1234746237636147,0.1005475038956917,0.0841967117523596,0.1234746237636147,0.1005475038956917,0.0841967117523596
Cosmos3_seed103_0007,60,1,3,6.331476484732375,0.1005345347970012,0.0932800960566166,0.0919453978524399,0.1005345347970012,0.0932800960566166,0.0919453978524399
Cosmos3_seed103_0007,60,2,3,7.813800856207299,0.1311130357923461,0.1083174540532622,0.0977571583253386,0.1311130357923461,0.1083174540532622,0.0977571583253386
Cosmos3_seed103_0007,63,1,2,6.400025239954396,0.1125183510694032,0.1022004169584355,0.1008448333805498,0.1125183510694032,0.1022004169584355,0.1008448333805498
Cosmos3_seed103_0007,63,1,3,0.21194430438128775,0.1236752240103372,0.1011240535347249,0.0866368405021964,0.1236752240103372,0.1011240535347249,0.0866368405021964
Cosmos3_seed103_0007,63,2,3,8.033771499424292,0.1690885852272632,0.1401151414261522,0.1321611767625159,0.1690885852272632,0.1401151414261522,0.1321611767625159
Cosmos3_seed103_0007,66,1,2,0.2190107635254511,0.1123893613198889,0.0915584287678489,0.0773874591536952,0.1123893613198889,0.0915584287678489,0.0773874591536952
Cosmos3_seed103_0007,66,1,3,6.396205657997552,0.0939588652701075,0.0842661349846407,0.0827338095010415,0.0939588652701075,0.0842661349846407,0.0827338095010415
Cosmos3_seed103_0007,66,2,3,8.134723462656687,0.1403698965410978,0.1164708273323759,0.109767584041349,0.1403698965410978,0.1164708273323759,0.109767584041349
Cosmos3_seed103_0007,69,1,2,0.22702907725318597,0.1315928127980195,0.1058585306273032,0.0888525170005633,0.1315928127980195,0.1058585306273032,0.0888525170005633
Cosmos3_seed103_0007,69,1,3,6.399121693717986,0.0799453267486732,0.0713229535424864,0.0691614547421098,0.0799453267486732,0.0713229535424864,0.0691614547421098
Cosmos3_seed103_0007,69,2,3,8.171928608267116,0.1011236823913052,0.0838903037799949,0.0789258745847097,0.1011236823913052,0.0838903037799949,0.0789258745847097
Cosmos3_seed103_0007,72,1,2,0.21969023300257962,0.1308341903134295,0.1054885533227481,0.0885509186491813,0.1308341903134295,0.1054885533227481,0.0885509186491813
Cosmos3_seed103_0007,72,1,3,6.561042361948851,0.0570940444648598,0.0432531292809983,0.0371248541954631,0.0570940444648598,0.0432531292809983,0.0371248541954631
Cosmos3_seed103_0007,72,2,3,8.259238642818596,0.0419520169649581,0.0256249870972625,0.0250613329677926,0.0419520169649581,0.0256249870972625,0.0250613329677926
Cosmos3_seed103_0007,75,1,2,0.21776704689958634,0.1284770673625888,0.1046815591985891,0.0883711687482342,0.1284770673625888,0.1046815591985891,0.0883711687482342
Cosmos3_seed103_0007,75,1,3,6.346254872379364,0.0952601071468046,0.0781449668288459,0.0740621989786646,0.0952601071468046,0.0781449668288459,0.0740621989786646
Cosmos3_seed103_0007,75,2,3,8.554251464752168,0.1617197198627688,0.1390310993727291,0.1351019092036703,0.1617197198627688,0.1390310993727291,0.1351019092036703
Cosmos3_seed103_0007,78,1,2,0.22291872647088423,0.144412873259611,0.1183628002503279,0.0976899711934976,0.144412873259611,0.1183628002503279,0.0976899711934976
Cosmos3_seed103_0007,78,1,3,6.230105673005903,0.0984901610322525,0.080946788437777,0.0780300754237263,0.0984901610322525,0.080946788437777,0.0780300754237263
Cosmos3_seed103_0007,78,2,3,8.617660790079489,0.1411942890908432,0.1200505211106163,0.1195462822311934,0.1411942890908432,0.1200505211106163,0.1195462822311934
Cosmos3_seed103_0007,81,1,2,0.21644870911930958,0.1322741342257624,0.1090863530966393,0.0903166180901024,0.1322741342257624,0.1090863530966393,0.0903166180901024
Cosmos3_seed103_0007,81,1,3,6.191245688409051,0.1040172461835571,0.0818556003173081,0.0794709914225837,0.1040172461835571,0.0818556003173081,0.0794709914225837
Cosmos3_seed103_0007,81,2,3,8.530559775853714,0.1530646784467236,0.1300200251504183,0.1235822357079695,0.1530646784467236,0.1300200251504183,0.1235822357079695
Cosmos3_seed103_0007,84,1,2,6.2108322131761176,0.1373695013777718,0.1027834463765407,0.0956460990713065,0.1373695013777718,0.1027834463765407,0.0956460990713065
Cosmos3_seed103_0007,84,1,3,0.21937006310373033,0.1466690492455976,0.1194542114794722,0.0994636726360408,0.1466690492455976,0.1194542114794722,0.0994636726360408
Cosmos3_seed103_0007,84,2,3,8.48669237321973,0.1815267236270012,0.158876429771617,0.1427674821440706,0.1815267236270012,0.158876429771617,0.1427674821440706
Cosmos3_seed103_0007,87,1,2,0.22010760209314914,0.1049334611780376,0.0863620822713104,0.071381181785863,0.1049334611780376,0.0863620822713104,0.071381181785863
Cosmos3_seed103_0007,87,1,3,6.210690958987269,0.1342372609639709,0.0958542713269448,0.0878417214079306,0.1342372609639709,0.0958542713269448,0.0878417214079306
Cosmos3_seed103_0007,87,2,3,8.556312525214176,0.1997507482819556,0.1725703476938746,0.1549836601823345,0.1997507482819556,0.1725703476938746,0.1549836601823345
Cosmos3_seed103_0007,90,1,2,0.2337911426742957,0.148065632992099,0.1200398199709676,0.098236334575013,0.148065632992099,0.1200398199709676,0.098236334575013
Cosmos3_seed103_0007,90,1,3,6.23731279919611,0.1674637904064246,0.1181416941433046,0.1091580208169677,0.1674637904064246,0.1181416941433046,0.1091580208169677
Cosmos3_seed103_0007,90,2,3,8.668047266206864,0.1596654930329182,0.1376405913029903,0.1207716887519703,0.1596654930329182,0.1376405913029903,0.1207716887519703
Cosmos3_seed103_0007,93,1,2,0.2253914085657881,0.13547835155027,0.1099197821486735,0.0897432733757692,0.13547835155027,0.1099197821486735,0.0897432733757692
Cosmos3_seed103_0007,93,1,3,6.226645534709891,0.161926940749861,0.1125644737026635,0.1041782305340814,0.161926940749861,0.1125644737026635,0.1041782305340814
Cosmos3_seed103_0007,93,2,3,8.671271958892234,0.1829121959665417,0.1557395267277078,0.1365303408260011,0.1829121959665417,0.1557395267277078,0.1365303408260011
Cosmos3_seed103_0007,96,1,2,0.21445715116680245,0.1296539810582645,0.1062774007318036,0.0871430667389136,0.1296539810582645,0.1062774007318036,0.0871430667389136
Cosmos3_seed103_0007,96,1,3,0.0,0.1264959359759659,0.063756486375679,0.0568784241060956,0.0,0.0,0.0
Cosmos3_seed103_0007,96,2,3,0.7634696168922334,0.1139696885150249,0.0700559857114336,0.0512298985640871,0.1139696885150249,0.0700559857114336,0.0512298985640871
Cosmos3_seed103_0007,99,1,2,6.2544474527817,0.1368610514411878,0.0931794403481044,0.0852158957946549,0.1368610514411878,0.0931794403481044,0.0852158957946549
Cosmos3_seed103_0007,99,1,3,0.2280146922071331,0.1197280009932991,0.096781583579097,0.0788762960744781,0.1197280009932991,0.096781583579097,0.0788762960744781
Cosmos3_seed103_0007,99,2,3,8.720564134913712,0.1902485931882081,0.158930736128082,0.140476724226194,0.1902485931882081,0.158930736128082,0.140476724226194
Cosmos3_seed103_0007,102,1,2,6.225063685151148,0.1471783816215378,0.0991975105207312,0.0904229548883664,0.1471783816215378,0.0991975105207312,0.0904229548883664
Cosmos3_seed103_0007,102,1,3,0.23580677511386025,0.1300686027047592,0.1054001238649425,0.0854228736046405,0.1300686027047592,0.1054001238649425,0.0854228736046405
Cosmos3_seed103_0007,102,2,3,8.741479689809081,0.190782722258604,0.1586818097625469,0.1410854665691963,0.190782722258604,0.1586818097625469,0.1410854665691963
Cosmos3_seed103_0007,105,1,2,6.279571199703492,0.1317676872800368,0.0938219415678626,0.0855149212839469,0.1317676872800368,0.0938219415678626,0.0855149212839469
Cosmos3_seed103_0007,105,1,3,0.0,0.1137878081066595,0.0576304375803275,0.0521636231365442,0.0,0.0,0.0
Cosmos3_seed103_0007,105,2,3,8.337867782957812,0.0887424549896727,0.0631236541672708,0.0520769388038775,0.0887424549896727,0.0631236541672708,0.0520769388038775
Cosmos3_seed103_0007,108,1,2,6.358744728486522,0.1176889248998686,0.0876748455251761,0.083505559685719,0.1176889248998686,0.0876748455251761,0.083505559685719
Cosmos3_seed103_0007,108,1,3,0.2307690835386015,0.1055669022629431,0.0851123205181493,0.0700158601441445,0.1055669022629431,0.0851123205181493,0.0700158601441445
Cosmos3_seed103_0007,108,2,3,8.758152241036965,0.1628271587475876,0.1378323359053879,0.1248206768070149,0.1628271587475876,0.1378323359053879,0.1248206768070149
Cosmos3_seed103_0007,111,1,2,0.22930225183405306,0.1163169332326778,0.0936309866205446,0.0770158637576066,0.1163169332326778,0.0936309866205446,0.0770158637576066
Cosmos3_seed103_0007,111,1,3,6.442640555620335,0.0696204617653824,0.0522654923886142,0.0444560126930108,0.0696204617653824,0.0522654923886142,0.0444560126930108
Cosmos3_seed103_0007,111,2,3,8.212838909768724,0.0507829018444365,0.0306882636756594,0.0296768257179489,0.0507829018444365,0.0306882636756594,0.0296768257179489
Cosmos3_seed103_0007,114,1,2,0.24098625354848188,0.1233130990416698,0.0983053859970175,0.0795867887643917,0.1233130990416698,0.0983053859970175,0.0795867887643917
Cosmos3_seed103_0007,114,1,3,6.434836964073498,0.0650997026351234,0.0487971751143372,0.0413600403295367,0.0650997026351234,0.0487971751143372,0.0413600403295367
Cosmos3_seed103_0007,114,2,3,8.24150936882693,0.0622167864214211,0.0371784562212064,0.0355114780749436,0.0622167864214211,0.0371784562212064,0.0355114780749436
Cosmos3_seed103_0007,117,1,2,0.23361446917077483,0.1447811200372193,0.1155842616672878,0.0939648665443513,0.1447811200372193,0.1155842616672878,0.0939648665443513
Cosmos3_seed103_0007,117,1,3,6.438974973575335,0.0630496018666243,0.0473689144931064,0.0401688352008042,0.0630496018666243,0.0473689144931064,0.0401688352008042
Cosmos3_seed103_0007,117,2,3,8.241586547513698,0.0660959807973553,0.0396435836686008,0.0380052767043418,0.0660959807973553,0.0396435836686008,0.0380052767043418
Cosmos3_seed103_0007,120,1,2,0.23628034583811208,0.1239468184957885,0.0981603028454854,0.0803507707793146,0.1239468184957885,0.0981603028454854,0.0803507707793146
Cosmos3_seed103_0007,120,1,3,6.511568017939979,0.055842141502392,0.0422750101033323,0.0361621856307076,0.055842141502392,0.0422750101033323,0.0361621856307076
Cosmos3_seed103_0007,120,2,3,8.244443794830458,0.03501822090365,0.0209950174178091,0.0200909024824885,0.03501822090365,0.0209950174178091,0.0200909024824885
Cosmos3_seed103_0007,123,1,2,0.24244619638011822,0.1229312971419835,0.0979686587651469,0.0793891726570481,0.1229312971419835,0.0979686587651469,0.0793891726570481
Cosmos3_seed103_0007,123,1,3,6.411091145974802,0.1291027400903868,0.0929414325591821,0.0865481311011685,0.1291027400903868,0.0929414325591821,0.0865481311011685
Cosmos3_seed103_0007,123,2,3,8.960196467713857,0.1994181656761542,0.170663671055517,0.1516145467675754,0.1994181656761542,0.170663671055517,0.1516145467675754
Cosmos3_seed103_0007,126,1,2,0.23680576052464414,0.1035313665851871,0.0828083616219583,0.0675900418915274,0.1035313665851871,0.0828083616219583,0.0675900418915274
Cosmos3_seed103_0007,126,1,3,6.376662559204961,0.1180053593079277,0.081949454710609,0.0755231968408286,0.1180053593079277,0.081949454710609,0.0755231968408286
Cosmos3_seed103_0007,126,2,3,8.844640593001248,0.1684713280356782,0.1433381557747515,0.1244026870461838,0.1684713280356782,0.1433381557747515,0.1244026870461838
Cosmos3_seed103_0007,129,1,2,6.326766846884277,0.1404633204557817,0.0938454210634614,0.0854202744889925,0.1404633204557817,0.0938454210634614,0.0854202744889925
Cosmos3_seed103_0007,129,1,3,0.22856493283826215,0.0939538375193957,0.0755600490208905,0.0619742574377571,0.0939538375193957,0.0755600490208905,0.0619742574377571
Cosmos3_seed103_0007,129,2,3,8.731588230586295,0.1888058908413437,0.1537965509833189,0.1358865361548701,0.1888058908413437,0.1537965509833189,0.1358865361548701
Cosmos3_seed103_0007,132,1,2,0.23151753176011688,0.1252898151925303,0.1001449916035414,0.0828368182841561,0.1252898151925303,0.1001449916035414,0.0828368182841561
Cosmos3_seed103_0007,132,1,3,6.490394654136703,0.0602937023024935,0.045354122713211,0.0386170578551409,0.0602937023024935,0.045354122713211,0.0386170578551409
Cosmos3_seed103_0007,132,2,3,8.251118705759616,0.0396889193942605,0.0238631383370194,0.0231824494751727,0.0396889193942605,0.0238631383370194,0.0231824494751727
Cosmos3_seed103_0007,135,1,2,0.23386813633143533,0.147446234486993,0.118621179253431,0.0978084155882913,0.147446234486993,0.118621179253431,0.0978084155882913
Cosmos3_seed103_0007,135,1,3,0.0,0.1127190386527878,0.0587298196628289,0.053607642901656,0.0,0.0,0.0
Cosmos3_seed103_0007,135,2,3,0.7773293112725169,0.1475751467171802,0.0932525310521647,0.0684789707424097,0.1475751467171802,0.0932525310521647,0.0684789707424097
Cosmos3_seed103_0007,138,1,2,0.24119913630081655,0.0817586032094162,0.0650624398128612,0.0535408477295398,0.0817586032094162,0.0650624398128612,0.0535408477295398
Cosmos3_seed103_0007,138,1,3,6.513906384679747,0.0830077493469569,0.0625491370974598,0.0534773919830054,0.0830077493469569,0.0625491370974598,0.0534773919830054
Cosmos3_seed103_0007,138,2,3,8.248655076408248,0.0308898493551873,0.0185231718635747,0.0178287689955172,0.0308898493551873,0.0185231718635747,0.0178287689955172
Cosmos3_seed103_0007,141,1,2,0.23496757759689318,0.114130072222129,0.0905732595143538,0.0746338350131049,0.114130072222129,0.0905732595143538,0.0746338350131049
Cosmos3_seed103_0007,141,1,3,6.539598440392246,0.0926513491892402,0.0702159228485433,0.060106747643569,0.0926513491892402,0.0702159228485433,0.060106747643569
Cosmos3_seed103_0007,141,2,3,8.253606900029883,0.0434116022262065,0.0261089604512943,0.0251326174268892,0.0434116022262065,0.0261089604512943,0.0251326174268892
Cosmos3_seed103_0007,144,1,2,0.22266650802851295,0.0888193829918331,0.0711290437575964,0.059200983663136,0.0888193829918331,0.0711290437575964,0.059200983663136
Cosmos3_seed103_0007,144,1,3,6.565733742666346,0.0868135671338634,0.0658929755959228,0.0566691672927346,0.0868135671338634,0.0658929755959228,0.0566691672927346
Cosmos3_seed103_0007,144,2,3,8.23816345767233,0.0321789707599776,0.0195597313585307,0.0189294121481321,0.0321789707599776,0.0195597313585307,0.0189294121481321
Cosmos3_seed103_0007,147,1,2,0.239118476165103,0.1478426260070516,0.1186395863436527,0.0973339398911678,0.1478426260070516,0.1186395863436527,0.0973339398911678
Cosmos3_seed103_0007,147,1,3,6.503923310405156,0.0832504954562088,0.0624511521666412,0.0532688146875756,0.0832504954562088,0.0624511521666412,0.0532688146875756
Cosmos3_seed103_0007,147,2,3,8.26320225955942,0.0811946273812477,0.0488777130248237,0.0470124601697123,0.0811946273812477,0.0488777130248237,0.0470124601697123
Cosmos3_seed103_0007,150,1,2,0.22825037601473092,0.1421699521172091,0.1150250538772847,0.0947295977649034,0.1421699521172091,0.1150250538772847,0.0947295977649034
Cosmos3_seed103_0007,150,1,3,6.46569434215366,0.0863342290041744,0.0645887179706668,0.0549425388782287,0.0863342290041744,0.0645887179706668,0.0549425388782287
Cosmos3_seed103_0007,150,2,3,8.242989651962112,0.0661941410052203,0.0400661698954167,0.0387899318185425,0.0661941410052203,0.0400661698954167,0.0387899318185425
Cosmos3_seed103_0007,153,1,2,0.2295595507316615,0.1065676337550243,0.085405952232031,0.0711476729873073,0.1065676337550243,0.085405952232031,0.0711476729873073
Cosmos3_seed103_0007,153,1,3,6.535834979055063,0.0762184692259181,0.0574912430467292,0.0492863739903371,0.0762184692259181,0.0574912430467292,0.0492863739903371
Cosmos3_seed103_0007,153,2,3,8.242556209227162,0.0476791504953875,0.0288225766030034,0.0280078772139046,0.0476791504953875,0.0288225766030034,0.0280078772139046
Cosmos3_seed103_0007,156,1,2,0.23104447416964258,0.131842073059721,0.105451309232232,0.087409264457909,0.131842073059721,0.105451309232232,0.087409264457909
Cosmos3_seed103_0007,156,1,3,6.531976515342489,0.0655437041650299,0.0495708008534337,0.0425445031642031,0.0655437041650299,0.0495708008534337,0.0425445031642031
Cosmos3_seed103_0007,156,2,3,8.23294094128574,0.0451068202508954,0.0272857012484913,0.0263525768386927,0.0451068202508954,0.0272857012484913,0.0263525768386927
Cosmos3_seed103_0007,159,1,2,0.22874814499979626,0.1127078119968074,0.0907466744704705,0.0742208348985357,0.1127078119968074,0.0907466744704705,0.0742208348985357
Cosmos3_seed103_0007,159,1,3,6.473092852228763,0.0671606608652135,0.0506444999598477,0.0430872351957292,0.0671606608652135,0.0506444999598477,0.0430872351957292
Cosmos3_seed103_0007,159,2,3,8.250552245155896,0.0404705157310224,0.024571561995987,0.0236217213377545,0.0404705157310224,0.024571561995987,0.0236217213377545
Cosmos3_seed103_0007,162,1,2,0.2307788023719503,0.0925216596063596,0.0737574073103173,0.060992204701291,0.0925216596063596,0.0737574073103173,0.060992204701291
Cosmos3_seed103_0007,162,1,3,0.0,0.0859955101821217,0.0438334155682081,0.0401422016178964,0.0,0.0,0.0
Cosmos3_seed103_0007,162,2,3,0.7822816969100368,0.1128595014226274,0.0695663108225134,0.0507875281117075,0.1128595014226274,0.0695663108225134,0.0507875281117075
Cosmos3_seed103_0007,165,1,2,0.2272092847770478,0.0737609282978467,0.0598133125715284,0.0496996943983165,0.0737609282978467,0.0598133125715284,0.0496996943983165
Cosmos3_seed103_0007,165,1,3,6.506103458030938,0.0833810139158508,0.0626283113484125,0.0533439468619226,0.0833810139158508,0.0626283113484125,0.0533439468619226
Cosmos3_seed103_0007,165,2,3,8.271815833266452,0.0370778374454284,0.022583404194007,0.0220308283686685,0.0370778374454284,0.022583404194007,0.0220308283686685
Cosmos3_seed103_0007,168,1,2,0.23105728980833082,0.1159681695842157,0.0931796295194343,0.0776935017947869,0.1159681695842157,0.0931796295194343,0.0776935017947869
Cosmos3_seed103_0007,168,1,3,6.544320510891289,0.0837700084497447,0.0632476853952763,0.0542963409894946,0.0837700084497447,0.0632476853952763,0.0542963409894946
Cosmos3_seed103_0007,168,2,3,8.243033297990818,0.0641883672537414,0.0389398777040882,0.0378209447698303,0.0641883672537414,0.0389398777040882,0.0378209447698303
Cosmos3_seed103_0007,171,1,2,6.668266635182415,0.0828052083345336,0.0703698877029919,0.0666531041038684,0.0828052083345336,0.0703698877029919,0.0666531041038684
Cosmos3_seed103_0007,171,1,3,0.23722698900970837,0.1364387221248554,0.1095530554150065,0.091201604317189,0.1364387221248554,0.1095530554150065,0.091201604317189
Cosmos3_seed103_0007,171,2,3,9.022260744511186,0.1288651955364929,0.1092418299532596,0.1070132974367077,0.1288651955364929,0.1092418299532596,0.1070132974367077
Cosmos3_seed103_0007,174,1,2,0.2510554178062585,0.1169776233963238,0.0937709216978695,0.0770300164281212,0.1169776233963238,0.0937709216978695,0.0770300164281212
Cosmos3_seed103_0007,174,1,3,3.1207944200701587,0.0834617762992818,0.0468885079140056,0.037784179832118,0.0834617762992818,0.0468885079140056,0.037784179832118
Cosmos3_seed103_0007,174,2,3,3.49560075303421,0.0792193100495532,0.0365596181185239,0.0236162331967434,0.0792193100495532,0.0365596181185239,0.0236162331967434
Cosmos3_seed103_0007,177,1,2,0.2486007595322268,0.0835834455875475,0.0676638420450963,0.0552850149723099,0.0835834455875475,0.0676638420450963,0.0552850149723099
Cosmos3_seed103_0007,177,1,3,6.140159951859018,0.0655051776950126,0.0595267048050059,0.055281293780715,0.0655051776950126,0.0595267048050059,0.055281293780715
Cosmos3_seed103_0007,177,2,3,7.885616335856342,0.0860272056442224,0.0749904299591837,0.0674249150779089,0.0860272056442224,0.0749904299591837,0.0674249150779089
Cosmos3_seed103_0007,180,1,2,0.2577325241607151,0.0946708484435948,0.0751192117815384,0.061395523728691,0.0946708484435948,0.0751192117815384,0.061395523728691
Cosmos3_seed103_0007,180,1,3,6.561759550747064,0.0774007772910368,0.0581152732791867,0.0500195614032899,0.0774007772910368,0.0581152732791867,0.0500195614032899
Cosmos3_seed103_0007,180,2,3,8.260960865292045,0.0357872672398455,0.0213210334565436,0.0202462382361776,0.0357872672398455,0.0213210334565436,0.0202462382361776
Cosmos3_seed103_0007,183,1,2,6.042381412560629,0.0775974878449948,0.0695549731149739,0.0635043083686228,0.0775974878449948,0.0695549731149739,0.0635043083686228
Cosmos3_seed103_0007,183,1,3,6.569062274413089,0.0863551363392081,0.0653271897468645,0.0562258955592798,0.0863551363392081,0.0653271897468645,0.0562258955592798
Cosmos3_seed103_0007,183,2,3,2.492078477818217,0.0362290301876231,0.025022892711216,0.0240269914476058,0.0362290301876231,0.025022892711216,0.0240269914476058
Cosmos3_seed103_0007,186,1,2,0.24435743838063498,0.1057203614444108,0.0838634317231677,0.0698925753555585,0.1057203614444108,0.0838634317231677,0.0698925753555585
Cosmos3_seed103_0007,186,1,3,0.10060136264663228,0.0622722352325807,0.0517818276168813,0.0443020309672902,0.0622722352325807,0.0517818276168813,0.0443020309672902
Cosmos3_seed103_0007,186,2,3,0.27312013046554867,0.1012209927063569,0.0701474560286583,0.0650398684892521,0.1012209927063569,0.0701474560286583,0.0650398684892521
Cosmos3_seed103_0007,188,1,2,0.24225838176116773,0.1138131574091161,0.0897609404954916,0.0745029076722449,0.1138131574091161,0.0897609404954916,0.0745029076722449
Cosmos3_seed103_0007,188,1,3,3.206469991396135,0.0873776524716421,0.0492938986390843,0.0400752322580665,0.0873776524716421,0.0492938986390843,0.0400752322580665
Cosmos3_seed103_0007,188,2,3,3.5620883972357706,0.0956362861825862,0.0447817773414955,0.0287130369089734,0.0956362861825862,0.0447817773414955,0.0287130369089734
Cosmos3_seed103_0008,0,1,2,0.01572317600677654,0.2829446180698563,0.1600601648176738,0.1479793926878982,0.2829446180698563,0.1600601648176738,0.1479793926878982
Cosmos3_seed103_0008,3,1,2,0.01662129167596643,0.3232529483985539,0.182848896775132,0.1692223268709853,0.3232529483985539,0.182848896775132,0.1692223268709853
Cosmos3_seed103_0008,6,1,2,0.01649155643989179,0.3460927354019805,0.1955565347089602,0.1804677810809152,0.3460927354019805,0.1955565347089602,0.1804677810809152
Cosmos3_seed103_0008,9,1,2,0.01633926612029723,0.3716980602951747,0.2101341945484606,0.1942120595872609,0.3716980602951747,0.2101341945484606,0.1942120595872609
Cosmos3_seed103_0008,12,1,2,0.015973424128890152,0.3437881759636686,0.1943929096581615,0.1795032356905948,0.3437881759636686,0.1943929096581615,0.1795032356905948
Cosmos3_seed103_0008,15,1,2,0.01652549301879466,0.3163704797407817,0.1785208403243845,0.1649059369006392,0.3163704797407817,0.1785208403243845,0.1649059369006392
Cosmos3_seed103_0008,18,1,2,0.01785518544953483,0.3387499005491627,0.1914601047253909,0.1765362501278709,0.3387499005491627,0.1914601047253909,0.1765362501278709
Cosmos3_seed103_0008,21,1,2,0.01642655129232781,0.3205428900334389,0.1808171103449983,0.1670431521372312,0.3205428900334389,0.1808171103449983,0.1670431521372312
Cosmos3_seed103_0008,24,1,2,0.01736742122729051,0.3510204602795914,0.1982429838737538,0.1835232686440569,0.3510204602795914,0.1982429838737538,0.1835232686440569
Cosmos3_seed103_0008,27,1,2,0.019594644231323666,0.352545396164553,0.1991140586617779,0.184818715711419,0.352545396164553,0.1991140586617779,0.184818715711419
Cosmos3_seed103_0008,30,1,2,0.01851361640767087,0.3251591185779076,0.1839216548451438,0.1703486692296275,0.3251591185779076,0.1839216548451438,0.1703486692296275
Cosmos3_seed103_0008,33,1,2,0.017692325876781833,0.3436917285875014,0.1946741543311174,0.1802912818894767,0.3436917285875014,0.1946741543311174,0.1802912818894767
Cosmos3_seed103_0008,36,1,2,0.01705431724332147,0.354527120879962,0.2006268520034015,0.1856271395964477,0.354527120879962,0.2006268520034015,0.1856271395964477
Cosmos3_seed103_0008,39,1,2,0.017836276123522666,0.2557132232541442,0.1464443025415667,0.136975306810727,0.2557132232541442,0.1464443025415667,0.136975306810727
Cosmos3_seed103_0008,42,1,2,0.01774532082084792,0.1976487388681813,0.116547622429296,0.1123391771039133,0.1976487388681813,0.116547622429296,0.1123391771039133
Cosmos3_seed103_0008,45,1,2,0.016546397273116475,0.1652911624368425,0.0986233343628096,0.0956924594848942,0.1652911624368425,0.0986233343628096,0.0956924594848942
Cosmos3_seed103_0008,48,1,2,0.017380565916224913,0.211502385030478,0.1267905957555096,0.1235913104224515,0.211502385030478,0.1267905957555096,0.1235913104224515
Cosmos3_seed103_0008,51,1,2,0.01778210547247862,0.2236184656795222,0.1338684938036848,0.1306728455847845,0.2236184656795222,0.1338684938036848,0.1306728455847845
Cosmos3_seed103_0008,54,1,2,0.018060679372318308,0.2105632616478706,0.1263242741340476,0.1234061656844991,0.2105632616478706,0.1263242741340476,0.1234061656844991
Cosmos3_seed103_0008,57,1,2,0.01619345786009108,0.1371637394087774,0.0824021073429926,0.080772344808374,0.1371637394087774,0.0824021073429926,0.080772344808374
Cosmos3_seed103_0008,60,1,2,0.01429786258204017,0.233170657708769,0.1382554531497485,0.1339157966325386,0.233170657708769,0.1382554531497485,0.1339157966325386
Cosmos3_seed103_0008,63,1,2,0.016190157726994683,0.134395620091525,0.0797503685389935,0.0772639240447738,0.134395620091525,0.0797503685389935,0.0772639240447738
Cosmos3_seed103_0008,66,1,2,0.016525942057752645,0.1284301110787448,0.0772793472569393,0.0760931762212629,0.1284301110787448,0.0772793472569393,0.0760931762212629
Cosmos3_seed103_0008,69,1,2,0.018961735731296125,0.1336918611729637,0.0820683708721964,0.0819148508616142,0.1336918611729637,0.0820683708721964,0.0819148508616142
Cosmos3_seed103_0008,72,1,2,0.020600694631103134,0.1921365671227037,0.118181889014059,0.1176796916828916,0.1921365671227037,0.118181889014059,0.1176796916828916
Cosmos3_seed103_0008,75,1,2,0.016155216853358065,0.2711217891920873,0.1599599343304741,0.1534500765560528,0.2711217891920873,0.1599599343304741,0.1534500765560528
Cosmos3_seed103_0008,78,1,2,0.008188919304919256,0.3530558031345575,0.19235153554812,0.1697757098390718,0.3530558031345575,0.19235153554812,0.1697757098390718
Cosmos3_seed103_0008,81,1,2,0.0,0.3069104390352967,0.1689980533029836,0.1524167480406215,0.0,0.0,0.0
Cosmos3_seed103_0008,84,1,2,0.0,0.2935093910360308,0.1687796069451362,0.1628411634631205,0.0,0.0,0.0
Cosmos3_seed103_0008,87,1,2,0.0,0.2442564858211195,0.1372481073242251,0.1325374920286178,0.0,0.0,0.0
Cosmos3_seed103_0008,96,1,2,0.0,0.0698820687970183,0.0319947622368728,0.0298286542181475,0.0,0.0,0.0
Cosmos3_seed103_0008,99,1,2,0.0,0.0784881396501318,0.039007628147926,0.0380295722604273,0.0,0.0,0.0
Cosmos3_seed103_0008,102,1,2,0.0,0.1087075927204832,0.0540751246170401,0.0527492471683828,0.0,0.0,0.0
Cosmos3_seed103_0008,105,1,2,0.0,0.0975458044663043,0.0481931333953292,0.046320525676266,0.0,0.0,0.0
Cosmos3_seed103_0008,108,1,2,0.0,0.1635326288376361,0.0833849767426972,0.0810497798878279,0.0,0.0,0.0
Cosmos3_seed103_0008,111,1,2,0.0,0.1615766504111703,0.0811326539835088,0.0781911375320747,0.0,0.0,0.0
Cosmos3_seed103_0008,114,1,2,0.0,0.2235884111833939,0.1099534457025951,0.1078314763676261,0.0,0.0,0.0
Cosmos3_seed103_0008,117,1,2,0.0,0.1917967266686053,0.0906961909669168,0.0881333327864864,0.0,0.0,0.0
Cosmos3_seed103_0008,120,1,2,0.0,0.1787767079363048,0.0843489238232447,0.0818415849869476,0.0,0.0,0.0
Cosmos3_seed103_0008,123,1,2,0.0,0.2010352791430256,0.0910396702100668,0.0863354170193745,0.0,0.0,0.0
Cosmos3_seed103_0008,126,1,2,0.0,0.1467819433956948,0.0633662460646583,0.0570773748700763,0.0,0.0,0.0
Cosmos3_seed103_0008,129,1,2,0.0,0.1420932386596127,0.0561448363139211,0.0486766610773315,0.0,0.0,0.0
Cosmos3_seed103_0008,132,1,2,0.0,0.135064287300358,0.0499306823265106,0.0419905737368388,0.0,0.0,0.0
Cosmos3_seed103_0008,135,1,2,0.0,0.1219092627718112,0.0410889192061039,0.032065312393536,0.0,0.0,0.0
Cosmos3_seed103_0008,138,1,2,0.0,0.1391786148754074,0.0472659233286079,0.0366505940820882,0.0,0.0,0.0
Cosmos3_seed103_0009,0,1,2,0.41988650077890577,0.2797262458058666,0.1134250471459765,0.1064740715532064,0.2797262458058666,0.1134250471459765,0.1064740715532064
Cosmos3_seed103_0009,3,1,2,0.41904934175962194,0.3086163235338604,0.1251810921399862,0.1177445529227038,0.3086163235338604,0.1251810921399862,0.1177445529227038
Cosmos3_seed103_0009,6,1,2,0.4181021457138483,0.305488370198294,0.1241511268237583,0.1172991182254759,0.305488370198294,0.1241511268237583,0.1172991182254759
Cosmos3_seed103_0009,9,1,2,0.421112546566264,0.3151953700070669,0.1273895986463861,0.1208619258236355,0.3151953700070669,0.1273895986463861,0.1208619258236355
Cosmos3_seed103_0009,12,1,2,0.41839715902241453,0.3184875760798152,0.1289659886131101,0.1214036118788613,0.3184875760798152,0.1289659886131101,0.1214036118788613
Cosmos3_seed103_0009,15,1,2,0.41639281781164195,0.3196663233564736,0.1295689219219195,0.1225927930891023,0.3196663233564736,0.1295689219219195,0.1225927930891023
Cosmos3_seed103_0009,18,1,2,0.4149836038671016,0.2749828851121734,0.1113511826473427,0.1055959741804623,0.2749828851121734,0.1113511826473427,0.1055959741804623
Cosmos3_seed103_0009,21,1,2,0.4203830633835185,0.2711449151780541,0.1099474450054323,0.1044756637485829,0.2711449151780541,0.1099474450054323,0.1044756637485829
Cosmos3_seed103_0009,24,1,2,0.41936531465053245,0.2580464907586226,0.1048853805288184,0.0998059229909014,0.2580464907586226,0.1048853805288184,0.0998059229909014
Cosmos3_seed103_0009,27,1,2,0.42013085642566705,0.2772242173387405,0.1119139933412434,0.1061466646885798,0.2772242173387405,0.1119139933412434,0.1061466646885798
Cosmos3_seed103_0009,30,1,2,0.42002250562665105,0.2457260870092687,0.0992303195121786,0.0942148477521191,0.2457260870092687,0.0992303195121786,0.0942148477521191
Cosmos3_seed103_0009,33,1,2,0.4191181477852251,0.2349360848625693,0.0951201009754796,0.0908074444572577,0.2349360848625693,0.0951201009754796,0.0908074444572577
Cosmos3_seed103_0009,36,1,2,0.4144693551377645,0.2148671831865042,0.0873822120184793,0.0833466516535538,0.2148671831865042,0.0873822120184793,0.0833466516535538
Cosmos3_seed103_0009,39,1,2,0.41904811327355207,0.2841010195996107,0.1148719339169239,0.1088976148361074,0.2841010195996107,0.1148719339169239,0.1088976148361074
Cosmos3_seed103_0009,42,1,2,0.41803812665865664,0.3108841849633058,0.1257980928335131,0.1199080870357072,0.3108841849633058,0.1257980928335131,0.1199080870357072
Cosmos3_seed103_0009,45,1,2,0.4182664785045673,0.1960222849130128,0.0798885912549403,0.0764043285565805,0.1960222849130128,0.0798885912549403,0.0764043285565805
Cosmos3_seed103_0009,48,1,2,0.41996739806818717,0.1554323862874746,0.0636052217371932,0.0607265085405652,0.1554323862874746,0.0636052217371932,0.0607265085405652
Cosmos3_seed103_0009,51,1,3,0.41693690972538877,0.0971348138260162,0.0363040672457981,0.0320349736857214,0.0971348138260162,0.0363040672457981,0.0320349736857214
Cosmos3_seed103_0009,51,2,3,0.3229895190388306,0.0641284500460578,0.0369739571509536,0.0364853802822138,0.0641284500460578,0.0369739571509536,0.0364853802822138
Cosmos3_seed103_0009,54,1,3,0.41765785025311536,0.1061461344787143,0.0392456321432816,0.0345421145822222,0.1061461344787143,0.0392456321432816,0.0345421145822222
Cosmos3_seed103_0009,54,2,3,0.3218078103361309,0.0740211582927898,0.0424049872370601,0.0422364400694439,0.0740211582927898,0.0424049872370601,0.0422364400694439
Cosmos3_seed103_0009,57,1,2,0.42056065217910804,0.1194028259367117,0.0444127088707238,0.039844177776515,0.1194028259367117,0.0444127088707238,0.039844177776515
Cosmos3_seed103_0009,60,1,3,0.41712247456300466,0.1628257253085893,0.060100654443504,0.0559473848688646,0.1628257253085893,0.060100654443504,0.0559473848688646
Cosmos3_seed103_0009,60,2,3,0.348226345721315,0.0863799200034136,0.0552606572077982,0.0539938587951537,0.0863799200034136,0.0552606572077982,0.0539938587951537
Cosmos3_seed103_0009,63,1,3,0.41812731829440813,0.205572209371474,0.0731123569067286,0.0676836369763442,0.205572209371474,0.0731123569067286,0.0676836369763442
Cosmos3_seed103_0009,63,2,3,0.38591026323951433,0.1200117710381317,0.0722898941165343,0.0702332799042148,0.1200117710381317,0.0722898941165343,0.0702332799042148
Cosmos3_seed103_0009,66,1,3,0.41636559519339417,0.1185813986991414,0.0409696623749802,0.037664213959917,0.1185813986991414,0.0409696623749802,0.037664213959917
Cosmos3_seed103_0009,66,2,3,0.39049057696628525,0.0635305823868974,0.0376287895914704,0.0364449325443063,0.0635305823868974,0.0376287895914704,0.0364449325443063
Cosmos3_seed103_0009,69,1,3,0.38546894606442744,0.101080737730657,0.0604875415384958,0.0583184986847307,0.101080737730657,0.0604875415384958,0.0583184986847307
Cosmos3_seed103_0009,69,2,3,0.40579688712454903,0.1359644005507526,0.0475183824651566,0.0432203263865801,0.1359644005507526,0.0475183824651566,0.0432203263865801
Cosmos3_seed103_0009,72,1,3,0.37835770510427535,0.109374380931523,0.0399957423903207,0.0371514882803779,0.109374380931523,0.0399957423903207,0.0371514882803779
Cosmos3_seed103_0009,72,2,3,0.339761231266355,0.0976501130582809,0.0613044699697888,0.0612213181186443,0.0976501130582809,0.0613044699697888,0.0612213181186443
Cosmos3_seed103_0009,75,1,3,0.37097204168952425,0.1068668378140173,0.0409341109567197,0.0379499099198154,0.1068668378140173,0.0409341109567197,0.0379499099198154
Cosmos3_seed103_0009,75,2,3,0.3472280879504293,0.0631807511070167,0.0414661765887781,0.0414576265437827,0.0631807511070167,0.0414661765887781,0.0414576265437827
Cosmos3_seed103_0009,78,1,3,0.36658092220466004,0.1426561127005418,0.058350678382422,0.0552017295171116,0.1426561127005418,0.058350678382422,0.0552017295171116
Cosmos3_seed103_0009,78,2,3,0.3453619354560157,0.0636156929891652,0.0435809581202321,0.0431662370079302,0.0636156929891652,0.0435809581202321,0.0431662370079302
Cosmos3_seed103_0009,81,1,3,0.3411504233519075,0.2026892767798912,0.088232057209739,0.0845212873652179,0.2026892767798912,0.088232057209739,0.0845212873652179
Cosmos3_seed103_0009,81,2,3,0.3288221317480422,0.0622507935165105,0.0445715279961084,0.043664990706247,0.0622507935165105,0.0445715279961084,0.043664990706247
Cosmos3_seed103_0009,84,1,2,0.29832902612067963,0.1575559016500661,0.0704012307864051,0.0676403559377072,0.1575559016500661,0.0704012307864051,0.0676403559377072
Cosmos3_seed103_0009,87,1,2,0.2597513322083804,0.2127200112362923,0.0956696291007676,0.0905444945280068,0.2127200112362923,0.0956696291007676,0.0905444945280068
Cosmos3_seed103_0009,90,1,2,0.1867324596326291,0.1678690982325443,0.0762729649730712,0.0691763041376955,0.1678690982325443,0.0762729649730712,0.0691763041376955
Cosmos3_seed103_0009,93,1,2,0.1111973392223984,0.1946341609696728,0.0905470833440171,0.0804291425158413,0.1946341609696728,0.0905470833440171,0.0804291425158413
Cosmos3_seed103_0009,96,1,2,0.011548701249182211,0.1651627691266442,0.0803776845020908,0.070601736397535,0.1651627691266442,0.0803776845020908,0.070601736397535
Cosmos3_seed103_0009,99,1,2,0.0,0.2479628651054723,0.1269969087056561,0.1111390845451559,0.0,0.0,0.0
Cosmos3_seed103_0009,102,1,2,0.0,0.1839018010670152,0.098856765361431,0.085651526769226,0.0,0.0,0.0
Cosmos3_seed103_0009,105,1,2,0.0,0.2198091226632959,0.1177169108099778,0.1000403382786565,0.0,0.0,0.0
Cosmos3_seed103_0009,108,1,3,0.0,0.1939727707495974,0.1001148214253967,0.0856556153225587,0.0,0.0,0.0
Cosmos3_seed103_0009,108,2,3,0.0,0.0824456380892109,0.0645117906581781,0.0638264501717484,0.0,0.0,0.0
Cosmos3_seed103_0009,111,1,3,0.0,0.1899430713959954,0.0948785657714584,0.0787257222704836,0.0,0.0,0.0
Cosmos3_seed103_0009,111,2,3,0.0,0.1153944848761368,0.0881790856130726,0.0879285455884574,0.0,0.0,0.0
Cosmos3_seed103_0009,114,1,2,0.0,0.1719827929790347,0.0798638699719163,0.0677731927288589,0.0,0.0,0.0
Cosmos3_seed103_0009,114,2,3,0.0,0.125395102000083,0.0332780411422361,0.0276175239899381,0.0,0.0,0.0
Cosmos3_seed103_0009,117,1,2,0.0,0.1584165088403568,0.0727155847271724,0.0635181728574089,0.0,0.0,0.0
Cosmos3_seed103_0009,120,1,2,0.0,0.1377469993239927,0.0611210835531933,0.0537338261743017,0.0,0.0,0.0
Cosmos3_seed103_0009,123,1,2,0.0,0.0933902457942317,0.0392217492924537,0.0352158287764304,0.0,0.0,0.0
Cosmos3_seed103_0009,126,1,2,0.0,0.1415604136190894,0.0526374619996755,0.0515316803294631,0.0,0.0,0.0
Cosmos3_seed103_0009,129,1,2,0.0,0.1403796014830059,0.048607819566889,0.0475569984534124,0.0,0.0,0.0
Cosmos3_seed103_0009,132,1,2,0.0,0.098327171151094,0.0322114540150334,0.0319177386424597,0.0,0.0,0.0
Cosmos3_seed103_0010,0,1,2,0.04105420846615905,0.4053871135290343,0.198541487314903,0.1822694176945316,0.4053871135290343,0.198541487314903,0.1822694176945316
Cosmos3_seed103_0010,3,1,2,0.04168942239826803,0.4042880768509196,0.1973616425121727,0.1812190274094574,0.4042880768509196,0.1973616425121727,0.1812190274094574
Cosmos3_seed103_0010,6,1,2,0.04281348655143749,0.4018913802412657,0.1958624441812685,0.1795147778815235,0.4018913802412657,0.1958624441812685,0.1795147778815235
Cosmos3_seed103_0010,9,1,2,0.04216666908995544,0.3937757251495171,0.1922299034739547,0.1763320305568519,0.3937757251495171,0.1922299034739547,0.1763320305568519
Cosmos3_seed103_0010,12,1,2,0.041765790978228176,0.4044581143510452,0.1979440810712933,0.1816960663967314,0.4044581143510452,0.1979440810712933,0.1816960663967314
Cosmos3_seed103_0010,15,1,2,0.04030288765367909,0.3719315141212066,0.1819334896143411,0.1673030042078546,0.3719315141212066,0.1819334896143411,0.1673030042078546
Cosmos3_seed103_0010,18,1,2,0.044057329058011414,0.3683314742665468,0.1802010019392108,0.1659648994533487,0.3683314742665468,0.1802010019392108,0.1659648994533487
Cosmos3_seed103_0010,21,1,2,0.04155496063874717,0.3949878975248391,0.19328953996435,0.1775013834616465,0.3949878975248391,0.19328953996435,0.1775013834616465
Cosmos3_seed103_0010,24,1,2,0.0410283429097826,0.3917517898444871,0.1918093794383461,0.175935806785682,0.3917517898444871,0.1918093794383461,0.175935806785682
Cosmos3_seed103_0010,27,1,2,0.04173596456539413,0.3645042947948487,0.1783351748155704,0.1636461956639568,0.3645042947948487,0.1783351748155704,0.1636461956639568
Cosmos3_seed103_0010,30,1,2,0.0409690610382859,0.378596114751811,0.1849038768120072,0.1694873895098774,0.378596114751811,0.1849038768120072,0.1694873895098774
Cosmos3_seed103_0010,30,1,3,0.01671420762954142,0.1176071485050707,0.0345132250078177,0.0299173774104621,0.1176071485050707,0.0345132250078177,0.0299173774104621
Cosmos3_seed103_0010,30,2,3,1.795585188649863,0.1706922385562942,0.1025641847912538,0.0814938965143125,0.1706922385562942,0.1025641847912538,0.0814938965143125
Cosmos3_seed103_0010,33,1,2,0.04141225550334929,0.4027181455549345,0.1967874133714832,0.1805726029686744,0.4027181455549345,0.1967874133714832,0.1805726029686744
Cosmos3_seed103_0010,33,1,3,0.02613029756861219,0.0793111419409817,0.023423169672513,0.0206871862429841,0.0793111419409817,0.023423169672513,0.0206871862429841
Cosmos3_seed103_0010,33,2,3,1.812088592289335,0.1254781999239828,0.0758374326461088,0.0614601935261731,0.1254781999239828,0.0758374326461088,0.0614601935261731
Cosmos3_seed103_0010,36,1,2,0.04117799235158151,0.3929361809433132,0.1925109176070987,0.176744114458352,0.3929361809433132,0.1925109176070987,0.176744114458352
Cosmos3_seed103_0010,36,1,3,0.028297127693217076,0.0829030413807732,0.0243324290697898,0.0216183597298723,0.0829030413807732,0.0243324290697898,0.0216183597298723
Cosmos3_seed103_0010,36,2,3,1.8116758894560754,0.1269843307144953,0.076073218845615,0.0620524113208613,0.1269843307144953,0.076073218845615,0.0620524113208613
Cosmos3_seed103_0010,39,1,2,0.044029168895771326,0.3682525300665656,0.1801969352352371,0.1654269149494972,0.3682525300665656,0.1801969352352371,0.1654269149494972
Cosmos3_seed103_0010,42,1,2,0.04091574677459582,0.4136870960423821,0.2025181691124737,0.1860339078762605,0.4136870960423821,0.2025181691124737,0.1860339078762605
Cosmos3_seed103_0010,45,1,2,0.04124838294638241,0.3880799367740641,0.1899063176433116,0.1742287604283062,0.3880799367740641,0.1899063176433116,0.1742287604283062
Cosmos3_seed103_0010,48,1,2,0.04313548212104193,0.3755421913400323,0.1840533773179032,0.1694224824255946,0.3755421913400323,0.1840533773179032,0.1694224824255946
Cosmos3_seed103_0010,51,1,2,0.04109401657088063,0.3601511405611183,0.1761719442952327,0.1617180355543956,0.3601511405611183,0.1761719442952327,0.1617180355543956
Cosmos3_seed103_0010,54,1,2,0.039525595849800046,0.3324890978081847,0.1628181453399457,0.1493517229681862,0.3324890978081847,0.1628181453399457,0.1493517229681862
Cosmos3_seed103_0010,57,1,2,0.04097686260715831,0.3903759817652913,0.1909150988415468,0.1754715518266763,0.3903759817652913,0.1909150988415468,0.1754715518266763
Cosmos3_seed103_0010,60,1,2,0.04010384046227045,0.347993132332211,0.1698397245330007,0.1555830602806967,0.347993132332211,0.1698397245330007,0.1555830602806967
Cosmos3_seed103_0010,63,1,2,0.03660327542429267,0.2929175605854451,0.1502989422137669,0.1435591286126108,0.2929175605854451,0.1502989422137669,0.1435591286126108
Cosmos3_seed103_0010,66,1,2,0.04176645180263602,0.2538624825682571,0.126268664517418,0.1168137715990565,0.2538624825682571,0.126268664517418,0.1168137715990565
Cosmos3_seed103_0010,69,1,2,0.04269395678345742,0.1930379952722528,0.0983284862039931,0.0926708629393146,0.1930379952722528,0.0983284862039931,0.0926708629393146
Cosmos3_seed103_0010,72,1,2,0.040000209641305795,0.0745363370910866,0.0381012994633776,0.0362050452452169,0.0745363370910866,0.0381012994633776,0.0362050452452169
Cosmos3_seed103_0010,75,1,2,0.03359753734934551,0.0525867594582182,0.0273181258303251,0.0263939663035084,0.0525867594582182,0.0273181258303251,0.0263939663035084
Cosmos3_seed103_0010,78,1,2,0.037319833279286105,0.0525781121459847,0.0266040014856313,0.0250240501013405,0.0525781121459847,0.0266040014856313,0.0250240501013405
Cosmos3_seed103_0010,81,1,2,0.03714126897254712,0.1001889743720144,0.0504575829600099,0.0472461689778206,0.1001889743720144,0.0504575829600099,0.0472461689778206
Cosmos3_seed103_0010,84,1,2,0.0369788297869917,0.1332733656349847,0.0692607709580919,0.066426116826244,0.1332733656349847,0.0692607709580919,0.066426116826244
Cosmos3_seed103_0010,87,1,2,0.0,0.0856287440154479,0.0486876711884506,0.0481917375422451,0.0,0.0,0.0
Cosmos3_seed103_0010,90,1,2,0.0,0.0943505553505207,0.0526744029572656,0.0517967590217065,0.0,0.0,0.0
Cosmos3_seed103_0010,93,1,2,0.0,0.1646412966011095,0.0923766005247641,0.0916241544748307,0.0,0.0,0.0
Cosmos3_seed103_0010,93,1,3,0.0749451270341906,0.1316509573224485,0.1013614262785589,0.0873208657111112,0.1316509573224485,0.1013614262785589,0.0873208657111112
Cosmos3_seed103_0010,96,1,2,0.0,0.2463535761994011,0.1245711532646397,0.1061353878465271,0.0,0.0,0.0
Cosmos3_seed103_0010,105,1,2,0.0,0.1091909726304068,0.056010185576042,0.0517696746578926,0.0,0.0,0.0
Cosmos3_seed103_0010,108,1,2,0.0,0.1022229707149552,0.0502891474280835,0.0470018606093878,0.0,0.0,0.0
Cosmos3_seed103_0010,111,1,2,0.0,0.0904410627302129,0.0408829806948301,0.0366321185362427,0.0,0.0,0.0
Cosmos3_seed103_0010,114,1,2,0.0,0.0985538018925709,0.0456298288107215,0.0402241336730597,0.0,0.0,0.0
Cosmos3_seed103_0010,117,1,2,0.0,0.0812866011143162,0.0345155205577682,0.0317016395167925,0.0,0.0,0.0
Cosmos3_seed103_0010,120,1,2,0.0,0.1094824109888758,0.0448483430886846,0.0411850679478093,0.0,0.0,0.0
Cosmos3_seed103_0010,126,1,2,0.0,0.0828064115841622,0.0317300203380585,0.0299010500228363,0.0,0.0,0.0
Cosmos3_seed103_0010,129,1,2,0.0,0.0716984736373426,0.0253896006699501,0.0228341920972738,0.0,0.0,0.0
Cosmos3_seed103_0011,0,1,2,0.41506503632900926,0.2990071118098367,0.1187974100901921,0.1084173168602555,0.2990071118098367,0.1187974100901921,0.1084173168602555
Cosmos3_seed103_0011,3,1,2,0.41671742232707365,0.3001598043574789,0.1188170741448514,0.1078896367670972,0.3001598043574789,0.1188170741448514,0.1078896367670972
Cosmos3_seed103_0011,6,1,2,0.41701964647659445,0.2959341044856922,0.1169044623110848,0.1062451732704882,0.2959341044856922,0.1169044623110848,0.1062451732704882
Cosmos3_seed103_0011,9,1,2,0.4180576379205203,0.3004509038886608,0.1184756128254889,0.1076868993428536,0.3004509038886608,0.1184756128254889,0.1076868993428536
Cosmos3_seed103_0011,12,1,2,0.4169985539337376,0.3080479247846314,0.1214126674888272,0.1103584485228484,0.3080479247846314,0.1214126674888272,0.1103584485228484
Cosmos3_seed103_0011,15,1,2,0.41652174003380316,0.2872232543349845,0.1126597030661551,0.1019742355747183,0.2872232543349845,0.1126597030661551,0.1019742355747183
Cosmos3_seed103_0011,18,1,2,0.41538446252586786,0.2828349433828264,0.1115901958430693,0.100893697149217,0.2828349433828264,0.1115901958430693,0.100893697149217
Cosmos3_seed103_0011,21,1,2,0.41728207416806706,0.2755777085552934,0.108794417569804,0.0983003407365984,0.2755777085552934,0.108794417569804,0.0983003407365984
Cosmos3_seed103_0011,24,1,2,0.4179104395438275,0.2627671337394306,0.1030504521252157,0.0936235194665284,0.2627671337394306,0.1030504521252157,0.0936235194665284
Cosmos3_seed103_0011,27,1,2,0.4180835298495133,0.2821167283888144,0.1105759234198929,0.1003156184313078,0.2821167283888144,0.1105759234198929,0.1003156184313078
Cosmos3_seed103_0011,30,1,2,0.41585497605621274,0.2874519248972432,0.1125809948035417,0.1026567300057141,0.2874519248972432,0.1125809948035417,0.1026567300057141
Cosmos3_seed103_0011,33,1,2,0.4150265813136847,0.2471761927080577,0.0967516261440484,0.0887784855754029,0.2471761927080577,0.0967516261440484,0.0887784855754029
Cosmos3_seed103_0011,36,1,2,0.41606918180320046,0.2541182051580983,0.0993872523360909,0.0907009280904817,0.2541182051580983,0.0993872523360909,0.0907009280904817
Cosmos3_seed103_0011,39,1,2,0.4141468112862959,0.2390319074325186,0.0936322833560321,0.0852452158009545,0.2390319074325186,0.0936322833560321,0.0852452158009545
Cosmos3_seed103_0011,42,1,2,0.41489401742993587,0.234818562653944,0.0925077075120365,0.0840341894537394,0.234818562653944,0.0925077075120365,0.0840341894537394
Cosmos3_seed103_0011,45,1,2,0.4144301388736219,0.2125160261125132,0.0837349153531251,0.0762268460963369,0.2125160261125132,0.0837349153531251,0.0762268460963369
Cosmos3_seed103_0011,48,1,2,0.41448488899603514,0.2096541465015722,0.0821438793524974,0.0749422286563186,0.2096541465015722,0.0821438793524974,0.0749422286563186
Cosmos3_seed103_0011,51,1,2,0.41737423707691435,0.1647138237668333,0.06347202776042,0.0585047775282265,0.1647138237668333,0.06347202776042,0.0585047775282265
Cosmos3_seed103_0011,54,1,2,0.4153596941092701,0.1600867175601748,0.0627142999390915,0.0575949560498252,0.1600867175601748,0.0627142999390915,0.0575949560498252
Cosmos3_seed103_0011,57,1,2,0.41512625869386455,0.17463807047924,0.068245656971393,0.0622722660473273,0.17463807047924,0.068245656971393,0.0622722660473273
Cosmos3_seed103_0011,60,1,2,0.40969597223600956,0.1933965880406819,0.0757482393810111,0.0695535789639556,0.1933965880406819,0.0757482393810111,0.0695535789639556
Cosmos3_seed103_0011,63,1,2,0.43631952655019973,0.3177719606122305,0.1183118274079972,0.1054711240551219,0.3177719606122305,0.1183118274079972,0.1054711240551219
Cosmos3_seed103_0011,66,1,2,0.4380828627103512,0.2879586935880399,0.1068608568820793,0.0949287857576333,0.2879586935880399,0.1068608568820793,0.0949287857576333
Cosmos3_seed103_0011,69,1,2,0.4322667696457557,0.282133966360378,0.1041693916079965,0.09244776033076,0.282133966360378,0.1041693916079965,0.09244776033076
Cosmos3_seed103_0011,72,1,2,0.41126532885517264,0.2731058039161985,0.1005170447514443,0.0883232856872107,0.2731058039161985,0.1005170447514443,0.0883232856872107
Cosmos3_seed103_0011,75,1,2,0.40011192305366494,0.2720984566627152,0.1008921634406123,0.0887860507193246,0.2720984566627152,0.1008921634406123,0.0887860507193246
Cosmos3_seed103_0011,78,1,2,0.3735652427298615,0.2941932003079083,0.1105930478263161,0.098820095030424,0.2941932003079083,0.1105930478263161,0.098820095030424
Cosmos3_seed103_0011,81,1,2,0.32957205811813745,0.2647506032329555,0.0994960140508613,0.0882993453872523,0.2647506032329555,0.0994960140508613,0.0882993453872523
Cosmos3_seed103_0011,84,1,2,0.24821812754769862,0.2291699915191891,0.0872826750492788,0.0791875160011622,0.2291699915191891,0.0872826750492788,0.0791875160011622
Cosmos3_seed103_0011,87,1,2,0.18606648254939853,0.2274326044539802,0.0886476459976501,0.0802689180732889,0.2274326044539802,0.0886476459976501,0.0802689180732889
Cosmos3_seed103_0011,90,1,2,0.11897280579267125,0.2069460260767873,0.0812196857042836,0.0746816236195141,0.2069460260767873,0.0812196857042836,0.0746816236195141
Cosmos3_seed103_0011,93,1,2,0.0722185244832071,0.1530171523030535,0.0625316837841156,0.0562106026307207,0.1530171523030535,0.0625316837841156,0.0562106026307207
Cosmos3_seed103_0011,96,1,2,0.0,0.1855657639717505,0.0789794440337222,0.0715485431100321,0.0,0.0,0.0
Cosmos3_seed103_0011,96,1,3,2.4223025718514246,0.1015313131397647,0.0464521412869582,0.0219401584404842,0.1015313131397647,0.0464521412869582,0.0219401584404842
Cosmos3_seed103_0011,96,2,3,6.03582901258668,0.1010577615714273,0.0432404712408177,0.0402254490911779,0.1010577615714273,0.0432404712408177,0.0402254490911779
Cosmos3_seed103_0011,99,1,2,0.0,0.1130562321789122,0.0530252914274419,0.0487591396795961,0.0,0.0,0.0
Cosmos3_seed103_0011,102,1,2,0.0,0.1336440155828575,0.0597198846271565,0.0559147492793654,0.0,0.0,0.0
Cosmos3_seed103_0011,105,1,2,0.0,0.1461572170209427,0.0650820254324601,0.0611730811001394,0.0,0.0,0.0
Cosmos3_seed103_0011,108,1,2,0.0,0.1716383045586758,0.0777875350903916,0.0743307536726294,0.0,0.0,0.0
Cosmos3_seed103_0011,111,1,2,0.0,0.2107867329286449,0.0939792754308846,0.089827840203078,0.0,0.0,0.0
Cosmos3_seed103_0011,114,1,2,0.0,0.173011693154526,0.0725115561871546,0.0690153101794782,0.0,0.0,0.0
Cosmos3_seed103_0011,117,1,2,0.0,0.1931108073471969,0.0778266677167804,0.0750891729866826,0.0,0.0,0.0
Cosmos3_seed103_0011,120,1,2,0.0,0.1604966318491163,0.063461344623046,0.0611205404732108,0.0,0.0,0.0
Cosmos3_seed103_0011,123,1,2,0.0,0.1397152634647359,0.0497402681338962,0.0490328623063989,0.0,0.0,0.0
Cosmos3_seed103_0011,126,1,2,0.0,0.13135546824958,0.0395558373589313,0.0372061003757146,0.0,0.0,0.0
Cosmos3_seed103_0011,188,1,2,2.390930140032257,0.0733176689818742,0.033818496506238,0.0161119241669278,0.0733176689818742,0.033818496506238,0.0161119241669278
Cosmos3_seed103_0012,0,1,2,0.6031644197811454,0.3568962913745689,0.1930492629024069,0.1767522555084124,0.3568962913745689,0.1930492629024069,0.1767522555084124
Cosmos3_seed103_0012,3,1,2,0.6036354295988912,0.3565579382705321,0.1924236809429304,0.1758945616076955,0.3565579382705321,0.1924236809429304,0.1758945616076955
Cosmos3_seed103_0012,6,1,2,0.602714734401304,0.3721180017228971,0.2010322937397511,0.1834505023561871,0.3721180017228971,0.2010322937397511,0.1834505023561871
Cosmos3_seed103_0012,9,1,2,0.602865063085418,0.3396364676359891,0.1842454698172211,0.1684798378139693,0.3396364676359891,0.1842454698172211,0.1684798378139693
Cosmos3_seed103_0012,12,1,2,0.6053545780768073,0.397988644640135,0.2157969382588155,0.1976705214671918,0.397988644640135,0.2157969382588155,0.1976705214671918
Cosmos3_seed103_0012,15,1,2,0.601403628825816,0.3558096838838649,0.1926770173467703,0.176303955778975,0.3558096838838649,0.1926770173467703,0.176303955778975
Cosmos3_seed103_0012,18,1,2,0.6002502659732392,0.3381339476183012,0.1830994129271123,0.1680155088320069,0.3381339476183012,0.1830994129271123,0.1680155088320069
Cosmos3_seed103_0012,21,1,2,0.6018725380359123,0.3277030865889855,0.1774375952477017,0.1630498087010106,0.3277030865889855,0.1774375952477017,0.1630498087010106
Cosmos3_seed103_0012,24,1,2,0.6023390907884599,0.3233168126447592,0.1751185943472496,0.1608540885448627,0.3233168126447592,0.1751185943472496,0.1608540885448627
Cosmos3_seed103_0012,27,1,2,0.600890721196313,0.2787097767451416,0.15100321330177,0.1384767103344938,0.2787097767451416,0.15100321330177,0.1384767103344938
Cosmos3_seed103_0012,30,1,2,0.6029001201760782,0.3088278823106852,0.1673640630618491,0.1532909332648229,0.3088278823106852,0.1673640630618491,0.1532909332648229
Cosmos3_seed103_0012,33,1,2,0.6022822790504305,0.3567186983470441,0.1928304713333162,0.1766616205255153,0.3567186983470441,0.1928304713333162,0.1766616205255153
Cosmos3_seed103_0012,36,1,2,0.601552774169542,0.3359104414973473,0.1815363752890002,0.1662356267087039,0.3359104414973473,0.1815363752890002,0.1662356267087039
Cosmos3_seed103_0012,39,1,2,0.6015467202486047,0.3488339267244739,0.1890655686271547,0.1732926604656915,0.3488339267244739,0.1890655686271547,0.1732926604656915
Cosmos3_seed103_0012,42,1,2,0.6028649353742271,0.3575067507928541,0.1937572387972125,0.1774787405702179,0.3575067507928541,0.1937572387972125,0.1774787405702179
Cosmos3_seed103_0012,45,1,2,0.6004128523285015,0.3256276914044878,0.1766574712392694,0.1614097825060181,0.3256276914044878,0.1766574712392694,0.1614097825060181
Cosmos3_seed103_0012,48,1,2,0.5992873298701797,0.3443010569988343,0.1871611396927483,0.1709686618723035,0.3443010569988343,0.1871611396927483,0.1709686618723035
Cosmos3_seed103_0012,51,1,2,0.5974195895970124,0.3067070951684393,0.166542835366007,0.1513620717357656,0.3067070951684393,0.166542835366007,0.1513620717357656
Cosmos3_seed103_0012,54,1,2,0.5951652170530575,0.2612849339851922,0.1425947914637333,0.1294822830857636,0.2612849339851922,0.1425947914637333,0.1294822830857636
Cosmos3_seed103_0012,57,1,2,0.5916879080788068,0.1910436637089219,0.1043628506604813,0.0944163253638017,0.1910436637089219,0.1043628506604813,0.0944163253638017
Cosmos3_seed103_0012,60,1,2,0.5851062646740183,0.2407407127576967,0.1308068319783882,0.1189683255882097,0.2407407127576967,0.1308068319783882,0.1189683255882097
Cosmos3_seed103_0012,63,1,2,0.5416072499592832,0.2299534995932897,0.1214423724155801,0.1081833266316347,0.2299534995932897,0.1214423724155801,0.1081833266316347
Cosmos3_seed103_0012,66,1,2,0.48899834192338043,0.1920022213136264,0.0992858237064325,0.0916658907872512,0.1920022213136264,0.0992858237064325,0.0916658907872512
Cosmos3_seed103_0012,69,1,2,0.3783676523807026,0.1641980406020293,0.0853547948303696,0.0773875082318797,0.1641980406020293,0.0853547948303696,0.0773875082318797
Cosmos3_seed103_0012,72,1,2,0.13674667491943743,0.1517264374426587,0.0742705469171911,0.0687222481412166,0.1517264374426587,0.0742705469171911,0.0687222481412166
Cosmos3_seed103_0012,75,1,2,0.04214129926264631,0.0952347178984161,0.0447514753241038,0.0399632658252039,0.0952347178984161,0.0447514753241038,0.0399632658252039
Cosmos3_seed103_0012,78,1,2,0.0,0.0758959439945717,0.0329362050993367,0.0286595146683342,0.0,0.0,0.0
Cosmos3_seed103_0012,81,1,2,0.0,0.0928028300090724,0.0396106912677374,0.0346598047376009,0.0,0.0,0.0
Cosmos3_seed103_0012,84,1,2,0.0,0.0872290067004985,0.0367169476452106,0.0325525957151822,0.0,0.0,0.0
Cosmos3_seed103_0012,99,1,2,0.0,0.0923064861989804,0.048617491975815,0.0472121877326033,0.0,0.0,0.0
Cosmos3_seed103_0012,102,1,2,0.0,0.0569994982632554,0.0302946266660459,0.0299823768820144,0.0,0.0,0.0
Cosmos3_seed103_0012,105,1,2,2.396563788108471,0.0723819556248183,0.0336999416167954,0.0162174362529995,0.0723819556248183,0.0336999416167954,0.0162174362529995
Cosmos3_seed103_0013,126,1,2,0.47705035702873194,0.018135247954384,0.0133024723329149,0.0117693399268623,0.018135247954384,0.0133024723329149,0.0117693399268623
Cosmos3_seed103_0013,129,1,2,0.42374773021294526,0.039183022143533,0.0287379444064424,0.0260964224857202,0.039183022143533,0.0287379444064424,0.0260964224857202
Cosmos3_seed103_0013,183,1,2,0.10529658249844154,0.0429614973633464,0.0312931986653584,0.02921225093993,0.0429614973633464,0.0312931986653584,0.02921225093993
Cosmos3_seed103_0013,186,1,2,0.10273217638148653,0.0447658288919634,0.0325165545683884,0.0303272723436414,0.0447658288919634,0.0325165545683884,0.0303272723436414
Cosmos3_seed103_0013,188,1,2,0.10503353753529625,0.0366415790494325,0.0265226599874241,0.0247951801498271,0.0366415790494325,0.0265226599874241,0.0247951801498271
Cosmos3_seed103_0017,0,1,2,0.0,0.1117281446217934,0.054243930449684,0.0345781218094338,0.0,0.0,0.0
Cosmos3_seed103_0017,0,1,3,0.36059620684491955,0.0532804163773751,0.042033813850155,0.0333701818773388,0.0532804163773751,0.042033813850155,0.0333701818773388
Cosmos3_seed103_0017,3,1,2,0.0,0.1205316171486261,0.0594926867434838,0.0378021738184762,0.0,0.0,0.0
Cosmos3_seed103_0017,3,1,3,0.33732352816034933,0.0586850746011015,0.045842863048257,0.0365079612141603,0.0586850746011015,0.045842863048257,0.0365079612141603
Cosmos3_seed103_0017,6,1,2,0.0,0.1239291605714056,0.0604509280820159,0.0386975518487846,0.0,0.0,0.0
Cosmos3_seed103_0017,6,1,3,0.33598740187876075,0.053070414778643,0.0408956547259043,0.0328130624132013,0.053070414778643,0.0408956547259043,0.0328130624132013
Cosmos3_seed103_0017,9,1,2,0.0,0.1338633570147732,0.0650170921376417,0.0417694475977825,0.0,0.0,0.0
Cosmos3_seed103_0017,9,1,3,0.3037466927391243,0.0525212882348434,0.039741677822432,0.0316070500750399,0.0525212882348434,0.039741677822432,0.0316070500750399
Cosmos3_seed103_0017,12,1,2,0.0,0.1212719921632665,0.0586633112869308,0.0379078674743092,0.0,0.0,0.0
Cosmos3_seed103_0017,12,1,3,0.34657191635887014,0.0573887537904077,0.0450797566123503,0.0357716628417457,0.0573887537904077,0.0450797566123503,0.0357716628417457
Cosmos3_seed103_0017,15,1,2,0.0,0.1262055386143615,0.0610650371599648,0.0394750501469535,0.0,0.0,0.0
Cosmos3_seed103_0017,15,1,3,0.2825807235316646,0.0449475749379432,0.0338015532619151,0.0266498230034234,0.0449475749379432,0.0338015532619151,0.0266498230034234
Cosmos3_seed103_0017,18,1,2,0.0,0.1465118270491726,0.0710565707544388,0.0456711123147331,0.0,0.0,0.0
Cosmos3_seed103_0017,18,1,3,0.32017674936338403,0.0508633957938245,0.0388901481725591,0.0309312637672199,0.0508633957938245,0.0388901481725591,0.0309312637672199
Cosmos3_seed103_0017,21,1,2,0.0,0.1008387741835479,0.0485291437471886,0.0312993486447239,0.0,0.0,0.0
Cosmos3_seed103_0017,24,1,2,0.0,0.0888998813184881,0.0424732856532796,0.027414721750983,0.0,0.0,0.0
Cosmos3_seed103_0017,24,1,3,0.291316183995707,0.0518311018340817,0.0386803956532344,0.0300247420128096,0.0518311018340817,0.0386803956532344,0.0300247420128096
Cosmos3_seed103_0017,27,1,2,0.0,0.1202330131030405,0.0564285309826363,0.0371828387309887,0.0,0.0,0.0
Cosmos3_seed103_0017,27,1,3,0.3279482769404576,0.0513612321071037,0.0393604467999732,0.0313936344057134,0.0513612321071037,0.0393604467999732,0.0313936344057134
Cosmos3_seed103_0017,30,1,2,0.0,0.1109320668253506,0.0522600632734341,0.0342823707640373,0.0,0.0,0.0
Cosmos3_seed103_0017,30,1,3,0.30027629079910156,0.0459183359656808,0.0346606088367712,0.0271109124660131,0.0459183359656808,0.0346606088367712,0.0271109124660131
Cosmos3_seed103_0017,33,1,2,0.0,0.0910886825485413,0.0429950225066325,0.0282699392629783,0.0,0.0,0.0
Cosmos3_seed103_0017,36,1,2,0.0,0.1315896816844543,0.0627480362472449,0.0408804700054548,0.0,0.0,0.0
Cosmos3_seed103_0017,36,1,3,4.108870861783522,0.0753570717851675,0.0545433733947872,0.0453244969885273,0.0753570717851675,0.0545433733947872,0.0453244969885273
Cosmos3_seed103_0017,36,2,3,1.6606631810846295,0.1646279563077079,0.094469342113894,0.0850332253050726,0.1646279563077079,0.094469342113894,0.0850332253050726
Cosmos3_seed103_0017,39,1,2,0.0,0.1183218532493558,0.0562377335396787,0.0366217896788309,0.0,0.0,0.0
Cosmos3_seed103_0017,39,1,3,0.30771183387841367,0.048951753507794,0.0368980750937319,0.0289949763293933,0.048951753507794,0.0368980750937319,0.0289949763293933
Cosmos3_seed103_0017,42,1,2,0.0,0.1480776648581594,0.0703718777383484,0.046002444457822,0.0,0.0,0.0
Cosmos3_seed103_0017,42,1,3,4.096466702226957,0.0791985124668419,0.0568482688810478,0.0477939262121527,0.0791985124668419,0.0568482688810478,0.0477939262121527
Cosmos3_seed103_0017,42,2,3,1.6224719464318391,0.1707127948950074,0.0964984173345761,0.0878823660809443,0.1707127948950074,0.0964984173345761,0.0878823660809443
Cosmos3_seed103_0017,45,1,2,0.0,0.1542999699558645,0.0727211582809796,0.0476150482215365,0.0,0.0,0.0
Cosmos3_seed103_0017,48,1,2,0.0,0.1352174330750926,0.064826845790317,0.0423338102073999,0.0,0.0,0.0
Cosmos3_seed103_0017,48,1,3,3.1927203529081822,0.0806736530068392,0.0548070444673192,0.037537133340253,0.0806736530068392,0.0548070444673192,0.037537133340253
Cosmos3_seed103_0017,48,2,3,1.5546080936166315,0.1715136842702131,0.1200594252123265,0.1154048516502224,0.1715136842702131,0.1200594252123265,0.1154048516502224
Cosmos3_seed103_0017,51,1,2,0.0,0.1392917337982878,0.0663959367948824,0.0434271824387427,0.0,0.0,0.0
Cosmos3_seed103_0017,51,1,3,0.2291182026083603,0.0743026980340141,0.0540355112351015,0.0414972679594173,0.0743026980340141,0.0540355112351015,0.0414972679594173
Cosmos3_seed103_0017,54,1,2,0.0,0.1436118002880519,0.0681320758628511,0.0442470864501259,0.0,0.0,0.0
Cosmos3_seed103_0017,54,1,3,3.9820754926752184,0.0885494951745957,0.047915178364784,0.0277988030665985,0.0885494951745957,0.047915178364784,0.0277988030665985
Cosmos3_seed103_0017,54,2,3,1.5014749730224275,0.140196429166581,0.0359902999872577,0.0321518077836006,0.140196429166581,0.0359902999872577,0.0321518077836006
Cosmos3_seed103_0017,57,1,2,0.0,0.1531998749582969,0.0727622356683392,0.047338007609628,0.0,0.0,0.0
Cosmos3_seed103_0017,57,1,3,0.2983893886349506,0.0421986861572659,0.0318104104853423,0.0245799018743169,0.0421986861572659,0.0318104104853423,0.0245799018743169
Cosmos3_seed103_0017,60,1,2,0.0,0.1616283186730747,0.0764538207173898,0.0501851068693951,0.0,0.0,0.0
Cosmos3_seed103_0017,60,1,3,0.2535737219561552,0.0423381411486955,0.0311705442203251,0.0242064450794595,0.0423381411486955,0.0311705442203251,0.0242064450794595
Cosmos3_seed103_0017,63,1,2,0.0,0.1554206018434364,0.073360648149882,0.0485690036234109,0.0,0.0,0.0
Cosmos3_seed103_0017,63,1,3,3.042704483190603,0.1026009510593626,0.0601596677052961,0.0419133196044823,0.1026009510593626,0.0601596677052961,0.0419133196044823
Cosmos3_seed103_0017,63,2,3,1.4163504021952709,0.1388146729320207,0.0940466471626526,0.0832916230607725,0.1388146729320207,0.0940466471626526,0.0832916230607725
Cosmos3_seed103_0017,66,1,2,0.0,0.1492387558298256,0.0703100447070965,0.0465883419269635,0.0,0.0,0.0
Cosmos3_seed103_0017,66,1,3,3.983269532076396,0.0726778237458532,0.0392452175634593,0.0226881731566177,0.0726778237458532,0.0392452175634593,0.0226881731566177
Cosmos3_seed103_0017,66,2,3,1.4877664274727473,0.1310660677652506,0.0333434743574759,0.029091342123025,0.1310660677652506,0.0333434743574759,0.029091342123025
Cosmos3_seed103_0017,69,1,2,0.0,0.1415040292137244,0.0662767832457888,0.0440294448353852,0.0,0.0,0.0
Cosmos3_seed103_0017,69,1,3,0.0,0.0509218840835159,0.0127221397439582,0.0066354895742898,0.0,0.0,0.0
Cosmos3_seed103_0017,72,1,2,0.0,0.1139790371731685,0.0534389524997489,0.0356088494503262,0.0,0.0,0.0
Cosmos3_seed103_0017,72,1,3,0.9645030000087311,0.06026613527046,0.0501870136956724,0.0478436155544312,0.06026613527046,0.0501870136956724,0.0478436155544312
Cosmos3_seed103_0017,72,2,3,0.07487698007119767,0.1131431957012267,0.0441752896785661,0.0308778301116591,0.1131431957012267,0.0441752896785661,0.0308778301116591
Cosmos3_seed103_0017,75,1,2,0.0,0.1451766965738184,0.0681906551922664,0.0451889500958389,0.0,0.0,0.0
Cosmos3_seed103_0017,75,1,3,0.0,0.0320706279293453,0.0048940185169244,0.004624610844485,0.0,0.0,0.0
Cosmos3_seed103_0017,75,2,3,0.0,0.0363871072553541,0.0118216398024779,0.0074027774867442,0.0,0.0,0.0
Cosmos3_seed103_0017,78,1,2,0.0,0.15462855816859,0.0723005516538558,0.047929864776559,0.0,0.0,0.0
Cosmos3_seed103_0017,78,1,3,0.0,0.0334193628778149,0.0050692706611188,0.0047986200770281,0.0,0.0,0.0
Cosmos3_seed103_0017,78,2,3,0.0,0.0415695141250592,0.0134856026025565,0.0084626394303673,0.0,0.0,0.0
Cosmos3_seed103_0017,81,1,2,0.0,0.1497121978300941,0.0699252725290755,0.0466063465584207,0.0,0.0,0.0
Cosmos3_seed103_0017,81,1,3,0.0,0.0343982650016533,0.0052220938140145,0.0049263806418589,0.0,0.0,0.0
Cosmos3_seed103_0017,81,2,3,0.0,0.0503717383907948,0.0163726164914238,0.0102946663824054,0.0,0.0,0.0
Cosmos3_seed103_0017,84,1,2,0.0,0.1348870658464213,0.0624976731067989,0.0416445484568999,0.0,0.0,0.0
Cosmos3_seed103_0017,84,1,3,0.0,0.036527508166856,0.0055535782212295,0.0052280693235968,0.0,0.0,0.0
Cosmos3_seed103_0017,84,2,3,0.0,0.0534387011714473,0.017535380752458,0.0109996268916907,0.0,0.0,0.0
Cosmos3_seed103_0017,87,1,2,0.0,0.1565269336192322,0.0731124850964194,0.0486206376565321,0.0,0.0,0.0
Cosmos3_seed103_0017,87,1,3,0.0,0.0593715673703095,0.0160142176958866,0.0078362000611498,0.0,0.0,0.0
Cosmos3_seed103_0017,90,1,2,0.0,0.1504229544913423,0.0700660337221859,0.0462541842542345,0.0,0.0,0.0
Cosmos3_seed103_0017,90,1,3,0.5211327677256352,0.0789155988731764,0.0367769606124874,0.0178553672782279,0.0789155988731764,0.0367769606124874,0.0178553672782279
Cosmos3_seed103_0017,93,1,2,0.0,0.149002379258837,0.0694021033105385,0.0456338385221568,0.0,0.0,0.0
Cosmos3_seed103_0017,93,1,3,0.5036118552586764,0.0741073406484884,0.0354535120144775,0.0176113930621247,0.0741073406484884,0.0354535120144775,0.0176113930621247
Cosmos3_seed103_0017,96,1,2,0.0,0.1099983338595025,0.0509461054534159,0.0337374730221026,0.0,0.0,0.0
Cosmos3_seed103_0017,96,1,3,0.0,0.0445100508279536,0.0116024792828944,0.0053647454323067,0.0,0.0,0.0
Cosmos3_seed103_0017,99,1,2,0.0,0.1249557768950953,0.0578519877233693,0.038379111210629,0.0,0.0,0.0
Cosmos3_seed103_0017,99,1,3,0.0,0.0480305111512553,0.0132209072938819,0.0063328670858831,0.0,0.0,0.0
Cosmos3_seed103_0017,102,1,2,0.0,0.1064835871180164,0.0489540874603863,0.0325848203423251,0.0,0.0,0.0
Cosmos3_seed103_0017,102,1,3,0.0,0.0516680228032341,0.0142045886241997,0.0067916607045009,0.0,0.0,0.0
Cosmos3_seed103_0017,105,1,2,0.0,0.1104936366417112,0.0509335841679321,0.0338259081253634,0.0,0.0,0.0
Cosmos3_seed103_0017,105,1,3,0.0,0.0572236917928972,0.01583421187121,0.0075134198365937,0.0,0.0,0.0
Cosmos3_seed103_0017,108,1,2,0.0,0.0936242307931912,0.0427947889721788,0.0283065910069193,0.0,0.0,0.0
Cosmos3_seed103_0017,108,1,3,0.0,0.0527350968415624,0.0140051417866886,0.0064065364669174,0.0,0.0,0.0
Cosmos3_seed103_0017,111,1,2,0.0,0.109352630454647,0.0504423185405484,0.0334610111213808,0.0,0.0,0.0
Cosmos3_seed103_0017,111,1,3,0.0,0.0548539913726381,0.0147284710971239,0.0066732035460762,0.0,0.0,0.0
Cosmos3_seed103_0017,114,1,2,0.0,0.1224397032563228,0.0566264561841842,0.0374485565160818,0.0,0.0,0.0
Cosmos3_seed103_0017,114,1,3,0.5150404367407029,0.0798955750686437,0.0378198472030201,0.0186429697227432,0.0798955750686437,0.0378198472030201,0.0186429697227432
Cosmos3_seed103_0017,117,1,2,0.0,0.1219859124212489,0.0564526416326394,0.0377029831053149,0.0,0.0,0.0
Cosmos3_seed103_0017,117,1,3,0.5205559078683869,0.0772140734132879,0.0363770121613648,0.0177325043475468,0.0772140734132879,0.0363770121613648,0.0177325043475468
Cosmos3_seed103_0017,120,1,2,0.0,0.0995491943281228,0.0454954170436245,0.030105614208954,0.0,0.0,0.0
Cosmos3_seed103_0017,120,1,3,0.9863401024546055,0.0867092833440069,0.0721264970993525,0.068288591013281,0.0867092833440069,0.0721264970993525,0.068288591013281
Cosmos3_seed103_0017,120,2,3,0.07076451557665522,0.1026755014633155,0.0390324648651128,0.0272805114213827,0.1026755014633155,0.0390324648651128,0.0272805114213827
Cosmos3_seed103_0017,123,1,2,0.0,0.1089516672495585,0.0499766810740258,0.03291467913158,0.0,0.0,0.0
Cosmos3_seed103_0017,123,1,3,3.9835411819953395,0.0901989897263399,0.0499013301539789,0.0284630646248818,0.0901989897263399,0.0499013301539789,0.0284630646248818
Cosmos3_seed103_0017,123,2,3,1.429073227865996,0.1124590698558448,0.0285389813118169,0.024716432692136,0.1124590698558448,0.0285389813118169,0.024716432692136
Cosmos3_seed103_0017,126,1,2,0.0,0.1112837833029041,0.051433468110313,0.0342169465058911,0.0,0.0,0.0
Cosmos3_seed103_0017,129,1,2,0.0,0.1190738226294789,0.0549927160277053,0.0367356027931343,0.0,0.0,0.0
Cosmos3_seed103_0017,129,1,3,3.978791537268717,0.1416606868027547,0.0798902790886652,0.0453420822592428,0.1416606868027547,0.0798902790886652,0.0453420822592428
Cosmos3_seed103_0017,129,2,3,1.445680409814774,0.1369264000627133,0.0358908369521596,0.0303002477965234,0.1369264000627133,0.0358908369521596,0.0303002477965234
Cosmos3_seed103_0017,132,1,2,0.0,0.1374894488704576,0.0635325633639373,0.0424076004458027,0.0,0.0,0.0
Cosmos3_seed103_0017,132,1,3,3.950412487623082,0.1397188491367551,0.0792485406856473,0.045755566733753,0.1397188491367551,0.0792485406856473,0.045755566733753
Cosmos3_seed103_0017,132,2,3,1.4315834977756665,0.1655962823806473,0.0441804622140901,0.0375421558249288,0.1655962823806473,0.0441804622140901,0.0375421558249288
Cosmos3_seed103_0017,135,1,2,0.0,0.1186587912889402,0.0548175870535606,0.0365449652588272,0.0,0.0,0.0
Cosmos3_seed103_0017,135,1,3,3.937961449111445,0.1187955565609907,0.0680758941509881,0.0400456132897257,0.1187955565609907,0.0680758941509881,0.0400456132897257
Cosmos3_seed103_0017,135,2,3,1.424359192291737,0.1425358394452503,0.0377343810232546,0.0332959328391788,0.1425358394452503,0.0377343810232546,0.0332959328391788
Cosmos3_seed103_0017,138,1,2,0.0,0.1253433332255087,0.0576771607811248,0.0382688337330187,0.0,0.0,0.0
Cosmos3_seed103_0017,138,1,3,0.0,0.0279313062519995,0.0042250128511185,0.0039934504589349,0.0,0.0,0.0
Cosmos3_seed103_0017,138,2,3,0.0,0.0489097036373545,0.0160778948808217,0.0100830240975159,0.0,0.0,0.0
Cosmos3_seed103_0017,141,1,2,0.0,0.1398194897138465,0.0647077272770659,0.0429226688520081,0.0,0.0,0.0
Cosmos3_seed103_0017,141,1,3,4.006815109939393,0.1153711537210632,0.0609699614237925,0.0361860072624013,0.1153711537210632,0.0609699614237925,0.0361860072624013
Cosmos3_seed103_0017,141,2,3,1.4650860955887948,0.1210894449416867,0.029615113858671,0.0264976635313498,0.1210894449416867,0.029615113858671,0.0264976635313498
Cosmos3_seed103_0017,144,1,2,0.0,0.1268860216706937,0.058660997794019,0.0388785980510057,0.0,0.0,0.0
Cosmos3_seed103_0017,144,1,3,4.429562692115917,0.1656315836833656,0.0790868949940443,0.0577995083005791,0.1656315836833656,0.0790868949940443,0.0577995083005791
Cosmos3_seed103_0017,144,2,3,1.5796789820912502,0.1281363222976304,0.0282858536916205,0.0256513851829718,0.1281363222976304,0.0282858536916205,0.0256513851829718
Cosmos3_seed103_0017,147,1,2,0.0,0.1365787375719043,0.0636338596911832,0.0421257493481853,0.0,0.0,0.0
Cosmos3_seed103_0017,147,1,3,3.972983115671418,0.1057857049673281,0.0562081353897751,0.0333456269459933,0.1057857049673281,0.0562081353897751,0.0333456269459933
Cosmos3_seed103_0017,147,2,3,1.4628639330981916,0.1094157118366773,0.0270867597672122,0.0242737788736272,0.1094157118366773,0.0270867597672122,0.0242737788736272
Cosmos3_seed103_0017,150,1,2,0.0,0.1228251386952783,0.05747997221165,0.0381938325511955,0.0,0.0,0.0
Cosmos3_seed103_0017,150,1,3,3.9315702935324617,0.1357541035104809,0.0728016016627767,0.0429519510120542,0.1357541035104809,0.0728016016627767,0.0429519510120542
Cosmos3_seed103_0017,150,2,3,1.4526670110449738,0.1133422260564121,0.0284452000371743,0.0252565637919191,0.1133422260564121,0.0284452000371743,0.0252565637919191
Cosmos3_seed103_0017,153,1,2,0.0,0.1150149266330036,0.053515293151739,0.0356681472984345,0.0,0.0,0.0
Cosmos3_seed103_0017,153,1,3,3.954790796282678,0.1195048855885643,0.0645992065858288,0.0376600942576014,0.1195048855885643,0.0645992065858288,0.0376600942576014
Cosmos3_seed103_0017,153,2,3,1.451406533834408,0.1101238261262258,0.0276978792524454,0.0242269137757307,0.1101238261262258,0.0276978792524454,0.0242269137757307
Cosmos3_seed103_0017,156,1,2,0.0,0.116225956538331,0.0536071127025052,0.0353597475505415,0.0,0.0,0.0
Cosmos3_seed103_0017,156,1,3,3.9795066715252316,0.1278263534750773,0.0677630985706751,0.0397406623713121,0.1278263534750773,0.0677630985706751,0.0397406623713121
Cosmos3_seed103_0017,156,2,3,1.4410808137143551,0.1107433699974242,0.0270775819818115,0.0240749273422436,0.1107433699974242,0.0270775819818115,0.0240749273422436
Cosmos3_seed103_0017,159,1,2,0.0,0.1468681600075038,0.0682768734733259,0.0452347800772006,0.0,0.0,0.0
Cosmos3_seed103_0017,159,1,3,0.5103448373367806,0.0735378135284028,0.0348028299129108,0.0171094603382789,0.0735378135284028,0.0348028299129108,0.0171094603382789
Cosmos3_seed103_0017,162,1,2,0.0,0.1192649239233017,0.0561374603984346,0.0375381221615225,0.0,0.0,0.0
Cosmos3_seed103_0017,162,1,3,3.9193029879365886,0.1401344192455804,0.0816875694336316,0.0505256164206265,0.1401344192455804,0.0816875694336316,0.0505256164206265
Cosmos3_seed103_0017,162,2,3,1.4551839581037116,0.1162406073700224,0.0338418069225459,0.0295015556751588,0.1162406073700224,0.0338418069225459,0.0295015556751588
Cosmos3_seed103_0017,165,1,2,0.0,0.1277784303853498,0.0603415788768052,0.040331884909604,0.0,0.0,0.0
Cosmos3_seed103_0017,165,1,3,1.4811645040102006,0.0887998388047838,0.0242361017969135,0.0207426976277679,0.0887998388047838,0.0242361017969135,0.0207426976277679
Cosmos3_seed103_0017,165,2,3,3.9459666019947996,0.0866228901813881,0.0495526617868667,0.0286390401370666,0.0866228901813881,0.0495526617868667,0.0286390401370666
Cosmos3_seed103_0017,168,1,2,0.0,0.1585631457228297,0.0745292583762184,0.049605707558649,0.0,0.0,0.0
Cosmos3_seed103_0017,168,1,3,1.4784758817982075,0.1118693377186225,0.0282782878636379,0.0248907341844923,0.1118693377186225,0.0282782878636379,0.0248907341844923
Cosmos3_seed103_0017,168,2,3,3.959059662163693,0.1269555860014175,0.0682761953073559,0.0399998862901203,0.1269555860014175,0.0682761953073559,0.0399998862901203
Cosmos3_seed103_0017,171,1,2,0.0,0.1600632027546249,0.0750079995308779,0.0495624747104771,0.0,0.0,0.0
Cosmos3_seed103_0017,171,1,3,3.9821499646686895,0.1213891327135119,0.0647016895782048,0.0376768886319076,0.1213891327135119,0.0647016895782048,0.0376768886319076
Cosmos3_seed103_0017,171,2,3,1.4834564488578903,0.142787368821646,0.0356649553256808,0.0314308187327202,0.142787368821646,0.0356649553256808,0.0314308187327202
Cosmos3_seed103_0017,174,1,2,0.0,0.1602665391476124,0.0751193151803402,0.0498352967532858,0.0,0.0,0.0
Cosmos3_seed103_0017,174,1,3,3.9720366250945784,0.0910236348991709,0.0480099629274013,0.0276153229871124,0.0910236348991709,0.0480099629274013,0.0276153229871124
Cosmos3_seed103_0017,174,2,3,1.4816720986938339,0.1476828993332533,0.0365103643884242,0.0316555231516863,0.1476828993332533,0.0365103643884242,0.0316555231516863
Cosmos3_seed103_0017,177,1,2,0.0,0.1620620915206155,0.0759281791648143,0.0508250057816664,0.0,0.0,0.0
Cosmos3_seed103_0017,177,1,3,3.9751110655140036,0.081520414872213,0.0424139574548423,0.0240126155167537,0.081520414872213,0.0424139574548423,0.0240126155167537
Cosmos3_seed103_0017,177,2,3,1.483193863779073,0.1169160610439241,0.028499558766167,0.024104290650468,0.1169160610439241,0.028499558766167,0.024104290650468
Cosmos3_seed103_0017,180,1,2,0.0,0.1584917579057457,0.0744400822273478,0.0500025114285355,0.0,0.0,0.0
Cosmos3_seed103_0017,180,1,3,0.2526460313449607,0.0502969803717473,0.0369065023752337,0.0295121782606556,0.0502969803717473,0.0369065023752337,0.0295121782606556
Cosmos3_seed103_0017,183,1,2,0.0,0.1305137868047734,0.0612849891759148,0.0409176721723931,0.0,0.0,0.0
Cosmos3_seed103_0017,183,1,3,0.0,0.0268353640028147,0.0065702572999014,0.0034900921566733,0.0,0.0,0.0
Cosmos3_seed103_0017,186,1,2,0.0,0.1531178426919575,0.0723264041439059,0.0476204636852891,0.0,0.0,0.0
Cosmos3_seed103_0017,186,1,3,0.304479650195144,0.0398995112918616,0.0300684930103475,0.0239007353979394,0.0398995112918616,0.0300684930103475,0.0239007353979394
Cosmos3_seed103_0017,188,1,2,0.0,0.1566123330885822,0.0731353371395777,0.0482072829696399,0.0,0.0,0.0
Cosmos3_seed103_0017,188,1,3,0.3217083611937184,0.0715040561194253,0.0552630620897966,0.0429404306096088,0.0715040561194253,0.0552630620897966,0.0429404306096088
Cosmos3_seed103_0056,0,1,3,1.1167590093483124,0.0640061800700582,0.014847151393356,0.0130045552671437,0.0640061800700582,0.014847151393356,0.0130045552671437
Cosmos3_seed103_0056,0,2,3,0.0,0.0341429651842717,0.0078881598968378,0.005871772479951,0.0,0.0,0.0
Cosmos3_seed103_0056,3,1,3,1.1256983061622208,0.0777419868126937,0.0180402057583734,0.0158676096331585,0.0777419868126937,0.0180402057583734,0.0158676096331585
Cosmos3_seed103_0056,3,2,3,0.0,0.0454775737119547,0.0104261557125885,0.0077577478791636,0.0,0.0,0.0
Cosmos3_seed103_0056,6,1,2,2.719337874309633,0.1053747322815836,0.0588654335098574,0.0422498650441275,0.1053747322815836,0.0588654335098574,0.0422498650441275
Cosmos3_seed103_0056,6,2,3,0.0,0.0240006691412939,0.0022707229879312,0.001055383332011,0.0,0.0,0.0
Cosmos3_seed103_0056,9,1,2,2.7455966968079952,0.1019195419216332,0.0576531747791388,0.0417004573043061,0.1019195419216332,0.0576531747791388,0.0417004573043061
Cosmos3_seed103_0056,12,1,3,1.129535352989529,0.0659058702615513,0.0152785532006236,0.0134140864493694,0.0659058702615513,0.0152785532006236,0.0134140864493694
Cosmos3_seed103_0056,15,1,2,1.175409790554419,0.0659307902238979,0.0159337458896973,0.0135930910589114,0.0659307902238979,0.0159337458896973,0.0135930910589114
Cosmos3_seed103_0056,15,1,3,0.48358969994482837,0.0370042129666111,0.0053134535771299,0.004073345940591,0.0370042129666111,0.0053134535771299,0.004073345940591
Cosmos3_seed103_0056,15,2,3,1.3241840811713614,0.0153394392210569,0.0091139280577894,0.0081899200360622,0.0153394392210569,0.0091139280577894,0.0081899200360622
Cosmos3_seed103_0056,18,1,2,0.48702094577161453,0.0406791940340165,0.0057891502429381,0.0044377075920388,0.0406791940340165,0.0057891502429381,0.0044377075920388
Cosmos3_seed103_0056,18,2,3,0.18141253638231034,0.0066512972575707,0.0027235846910095,0.0019752727936945,0.0066512972575707,0.0027235846910095,0.0019752727936945
Cosmos3_seed103_0056,21,1,2,1.1869357901793274,0.0959066025508738,0.0230274060769,0.0192417901649319,0.0959066025508738,0.0230274060769,0.0192417901649319
Cosmos3_seed103_0056,24,1,2,5.939181014415714,0.1434402808538741,0.1002636884071409,0.0948854937292655,0.1434402808538741,0.1002636884071409,0.0948854937292655
Cosmos3_seed103_0056,24,1,3,2.6526179636238445,0.1390599083107792,0.0753054666871159,0.0546433074936911,0.1390599083107792,0.0753054666871159,0.0546433074936911
Cosmos3_seed103_0056,24,2,3,1.0940526494865928,0.1505480731742009,0.1033812599324864,0.0800928663177325,0.1505480731742009,0.1033812599324864,0.0800928663177325
Cosmos3_seed103_0056,27,1,2,5.979048039523467,0.129953689685481,0.0913705761594841,0.0861889360089319,0.129953689685481,0.0913705761594841,0.0861889360089319
Cosmos3_seed103_0056,27,1,3,2.6829673387275865,0.1503995756408117,0.0818619250179103,0.059372338483445,0.1503995756408117,0.0818619250179103,0.059372338483445
Cosmos3_seed103_0056,27,2,3,1.0882069501077947,0.1571515195332425,0.1075142283603499,0.0832306977789883,0.1571515195332425,0.1075142283603499,0.0832306977789883
Cosmos3_seed103_0056,30,1,2,5.855672776647105,0.1801431650817501,0.1244130371935846,0.1179236408731893,0.1801431650817501,0.1244130371935846,0.1179236408731893
Cosmos3_seed103_0056,30,1,3,2.7110363881397737,0.1538601173960955,0.0846427216927445,0.0619957650318253,0.1538601173960955,0.0846427216927445,0.0619957650318253
Cosmos3_seed103_0056,30,2,3,1.0966867943072844,0.1688136009148678,0.1171965493708268,0.0933534304956235,0.1688136009148678,0.1171965493708268,0.0933534304956235
Cosmos3_seed103_0056,33,1,2,5.679523215861854,0.1873120236394984,0.1257500726696528,0.1196841477920984,0.1873120236394984,0.1257500726696528,0.1196841477920984
Cosmos3_seed103_0056,33,1,3,2.712048392911209,0.1759721775769022,0.0968494460803547,0.0703881925402134,0.1759721775769022,0.0968494460803547,0.0703881925402134
Cosmos3_seed103_0056,33,2,3,1.097741127870914,0.1802769235164431,0.1247013621166026,0.1022307957578809,0.1802769235164431,0.1247013621166026,0.1022307957578809
Cosmos3_seed103_0056,36,1,2,2.6745387192683245,0.1757699318480175,0.0949317506128913,0.0694850686906722,0.1757699318480175,0.0949317506128913,0.0694850686906722
Cosmos3_seed103_0056,36,1,3,5.755874744520014,0.1823674849769647,0.1231381640457595,0.1187419965808064,0.1823674849769647,0.1231381640457595,0.1187419965808064
Cosmos3_seed103_0056,36,2,3,1.0835941857064868,0.1930838415173942,0.1362817197315209,0.1090082193012353,0.1930838415173942,0.1362817197315209,0.1090082193012353
Cosmos3_seed103_0056,39,1,2,5.691869385582081,0.1464284080546702,0.0953077232410274,0.0894758796722757,0.1464284080546702,0.0953077232410274,0.0894758796722757
Cosmos3_seed103_0056,39,1,3,2.6868243858567675,0.1538526871005013,0.0811943947228063,0.0601579653718961,0.1538526871005013,0.0811943947228063,0.0601579653718961
Cosmos3_seed103_0056,39,2,3,1.0811133409743408,0.1797596204639189,0.1250365882406041,0.1013807088879707,0.1797596204639189,0.1250365882406041,0.1013807088879707
Cosmos3_seed103_0056,42,1,2,5.711144450429814,0.1612792939417158,0.1046852921995382,0.0992525571624704,0.1612792939417158,0.1046852921995382,0.0992525571624704
Cosmos3_seed103_0056,42,1,3,2.66559857389391,0.1543871850433051,0.0805029218145646,0.0600805584462551,0.1543871850433051,0.0805029218145646,0.0600805584462551
Cosmos3_seed103_0056,42,2,3,1.0725566593524485,0.1786136847166044,0.1263842869973068,0.1015281379052227,0.1786136847166044,0.1263842869973068,0.1015281379052227
Cosmos3_seed103_0056,45,1,2,2.7043333323731154,0.1749146622995471,0.0925520581761973,0.0693981319392347,0.1749146622995471,0.0925520581761973,0.0693981319392347
Cosmos3_seed103_0056,45,1,3,5.735334069689527,0.1577916367140048,0.1033498990717639,0.0978271816223894,0.1577916367140048,0.1033498990717639,0.0978271816223894
Cosmos3_seed103_0056,45,2,3,1.0828601972441625,0.1532968183298479,0.1088038656036309,0.0878978221317958,0.1532968183298479,0.1088038656036309,0.0878978221317958
Cosmos3_seed103_0056,48,1,2,2.6604641173090666,0.1602258090427193,0.0832866207506959,0.0637593328788837,0.1602258090427193,0.0832866207506959,0.0637593328788837
Cosmos3_seed103_0056,48,1,3,5.71750257093362,0.1625900271943032,0.1060178540198947,0.0986996381463051,0.1625900271943032,0.1060178540198947,0.0986996381463051
Cosmos3_seed103_0056,48,2,3,1.0528007402914226,0.1689610568443348,0.1204180781126633,0.0959951638914049,0.1689610568443348,0.1204180781126633,0.0959951638914049
Cosmos3_seed103_0056,51,1,2,5.688397521112745,0.155712179747002,0.1057774529570431,0.1047944359330917,0.155712179747002,0.1057774529570431,0.1047944359330917
Cosmos3_seed103_0056,51,1,3,2.6654582866814116,0.1382426885994277,0.0755871446879785,0.0551219283381192,0.1382426885994277,0.0755871446879785,0.0551219283381192
Cosmos3_seed103_0056,51,2,3,1.066535144360713,0.1581250280129689,0.1142410527444858,0.0919512090417555,0.1581250280129689,0.1142410527444858,0.0919512090417555
Cosmos3_seed103_0056,54,1,2,5.688828221473811,0.1529706220850996,0.1062386998294045,0.10392250344348,0.1529706220850996,0.1062386998294045,0.10392250344348
Cosmos3_seed103_0056,54,1,3,2.5664565166335036,0.1158823124486203,0.0630141835006452,0.0452108366168091,0.1158823124486203,0.0630141835006452,0.0452108366168091
Cosmos3_seed103_0056,54,2,3,1.0321319191785385,0.1422369722168925,0.1043253562004115,0.0816838731551514,0.1422369722168925,0.1043253562004115,0.0816838731551514
Cosmos3_seed103_0056,57,1,3,4.68901994928792,0.1692956701104391,0.0983149196607475,0.0881972417174141,0.1692956701104391,0.0983149196607475,0.0881972417174141
Cosmos3_seed103_0056,57,2,3,2.615240288627569,0.0743537346123162,0.0450621981852549,0.0439318307270983,0.0743537346123162,0.0450621981852549,0.0439318307270983
Cosmos3_seed103_0056,60,1,3,6.024312219409519,0.1698367198154603,0.1210243938385292,0.1205552081670808,0.1698367198154603,0.1210243938385292,0.1205552081670808
Cosmos3_seed103_0056,60,2,3,2.722323687272909,0.0762044331092382,0.0374433773816664,0.0349337320144357,0.0762044331092382,0.0374433773816664,0.0349337320144357
Cosmos3_seed103_0056,63,1,3,5.552152436069852,0.1526498084314911,0.140013440851152,0.1358246117784795,0.1526498084314911,0.140013440851152,0.1358246117784795
Cosmos3_seed103_0056,63,2,3,2.20925795384931,0.0849109125132025,0.0363685354902978,0.0352131186038488,0.0849109125132025,0.0363685354902978,0.0352131186038488
Cosmos3_seed103_0056,66,1,2,7.1850966390754625,0.1521347586225846,0.1172248700801528,0.1114243258401838,0.1521347586225846,0.1172248700801528,0.1114243258401838
Cosmos3_seed103_0056,66,1,3,4.793952240394989,0.1955275202737245,0.1043549674750094,0.1027739529916122,0.1955275202737245,0.1043549674750094,0.1027739529916122
Cosmos3_seed103_0056,69,1,2,6.055304353411701,0.2125645730047504,0.1394479537311763,0.1297538504523865,0.2125645730047504,0.1394479537311763,0.1297538504523865
Cosmos3_seed103_0056,69,1,3,2.6469156036168786,0.173284349527077,0.0865732210328913,0.066615880493829,0.173284349527077,0.0865732210328913,0.066615880493829
Cosmos3_seed103_0056,69,2,3,1.0819432747770497,0.1634853210970209,0.1170526013187709,0.0891423428917673,0.1634853210970209,0.1170526013187709,0.0891423428917673
Cosmos3_seed103_0056,72,1,2,5.912179266509104,0.191324995316544,0.1210917242383115,0.1124707217125229,0.191324995316544,0.1210917242383115,0.1124707217125229
Cosmos3_seed103_0056,72,1,3,2.655585207060022,0.1581427926051274,0.0786670112456719,0.0604900466631192,0.1581427926051274,0.0786670112456719,0.0604900466631192
Cosmos3_seed103_0056,72,2,3,1.0697079910409777,0.1352068737116743,0.0965639580648537,0.0758954174140671,0.1352068737116743,0.0965639580648537,0.0758954174140671
Cosmos3_seed103_0056,75,1,2,4.863448055706258,0.1988503923047897,0.1055269155612976,0.0990866291567924,0.1988503923047897,0.1055269155612976,0.0990866291567924
Cosmos3_seed103_0056,75,1,3,2.9188337942290965,0.1624081594676912,0.0868104772464609,0.064065733092004,0.1624081594676912,0.0868104772464609,0.064065733092004
Cosmos3_seed103_0056,75,2,3,1.0115696700574517,0.1848017226828834,0.1452472309578417,0.1442050118870527,0.1848017226828834,0.1452472309578417,0.1442050118870527
Cosmos3_seed103_0056,78,1,2,6.639383505985416,0.1635934528754945,0.1090654147867692,0.0923870591737519,0.1635934528754945,0.1090654147867692,0.0923870591737519
Cosmos3_seed103_0056,78,1,3,3.379869031116128,0.1381248435045522,0.0758124369367339,0.0618206777431821,0.1381248435045522,0.0758124369367339,0.0618206777431821
Cosmos3_seed103_0056,78,2,3,1.0937465007819764,0.135232401838755,0.0934110285667627,0.0769034238654017,0.135232401838755,0.0934110285667627,0.0769034238654017
Cosmos3_seed103_0056,81,1,2,7.0918997909493395,0.1392229679924053,0.095472247180745,0.0802022616268439,0.1392229679924053,0.095472247180745,0.0802022616268439
Cosmos3_seed103_0056,81,1,3,3.7524866959809016,0.1295936706031207,0.0732660508603319,0.0606813319140264,0.1295936706031207,0.0732660508603319,0.0606813319140264
Cosmos3_seed103_0056,81,2,3,1.097294400619818,0.1236746015656644,0.0860483033773506,0.0709406309651002,0.1236746015656644,0.0860483033773506,0.0709406309651002
Cosmos3_seed103_0056,84,1,2,7.859313075579485,0.1864393068642738,0.1242098419118351,0.1077915072348261,0.1864393068642738,0.1242098419118351,0.1077915072348261
Cosmos3_seed103_0056,84,1,3,4.2157062518347725,0.1792276946528865,0.096028321049523,0.0758051041060927,0.1792276946528865,0.096028321049523,0.0758051041060927
Cosmos3_seed103_0056,84,2,3,1.1001377636429217,0.1650287385295141,0.1130543372298767,0.0909207304344211,0.1650287385295141,0.1130543372298767,0.0909207304344211
Cosmos3_seed103_0056,87,1,2,7.981965995446261,0.1991855700981682,0.1366192091329682,0.1224057710572499,0.1991855700981682,0.1366192091329682,0.1224057710572499
Cosmos3_seed103_0056,87,1,3,4.594858083915249,0.1483270415983247,0.0859377073446958,0.0659154983046074,0.1483270415983247,0.0859377073446958,0.0659154983046074
Cosmos3_seed103_0056,87,2,3,1.141660651367179,0.1628170628231448,0.1118906557660188,0.0945155691257793,0.1628170628231448,0.1118906557660188,0.0945155691257793
Cosmos3_seed103_0056,90,1,2,8.568795337174436,0.2192770341010621,0.154596870363512,0.1421517609766911,0.2192770341010621,0.154596870363512,0.1421517609766911
Cosmos3_seed103_0056,90,1,3,4.70800033078876,0.1534168146974837,0.086434709062441,0.0636608659876857,0.1534168146974837,0.086434709062441,0.0636608659876857
Cosmos3_seed103_0056,90,2,3,1.1396143111648749,0.1510980200255278,0.1023280474312173,0.081771572736793,0.1510980200255278,0.1023280474312173,0.081771572736793
Cosmos3_seed103_0056,93,1,2,8.875788181485234,0.2016802578820002,0.1481142093478445,0.1340734252663493,0.2016802578820002,0.1481142093478445,0.1340734252663493
Cosmos3_seed103_0056,93,1,3,4.794507991264432,0.1279223553486624,0.073393630421554,0.0554284494597462,0.1279223553486624,0.073393630421554,0.0554284494597462
Cosmos3_seed103_0056,93,2,3,1.1494648386030362,0.1502952938472972,0.1027461887735005,0.080268344909427,0.1502952938472972,0.1027461887735005,0.080268344909427
Cosmos3_seed103_0056,96,1,2,4.899575651976054,0.1342023059908737,0.0751675949729541,0.0592495826183368,0.1342023059908737,0.0751675949729541,0.0592495826183368
Cosmos3_seed103_0056,96,1,3,9.190477268360583,0.1522500031157707,0.1116260029070867,0.0965768643778316,0.1522500031157707,0.1116260029070867,0.0965768643778316
Cosmos3_seed103_0056,96,2,3,1.1306624350568248,0.1460350224166589,0.099590838505606,0.0760820142504893,0.1460350224166589,0.099590838505606,0.0760820142504893
Cosmos3_seed103_0056,99,1,2,9.388253572443489,0.1910836314734066,0.1409526220406873,0.125907546066474,0.1910836314734066,0.1409526220406873,0.125907546066474
Cosmos3_seed103_0056,99,1,3,5.044755277892086,0.1197341334340416,0.0674625521783387,0.0509182434384033,0.1197341334340416,0.0674625521783387,0.0509182434384033
Cosmos3_seed103_0056,99,2,3,1.149421587943363,0.1220745246063061,0.0823027389414591,0.0628650705132174,0.1220745246063061,0.0823027389414591,0.0628650705132174
Cosmos3_seed103_0056,102,1,2,7.31797352669282,0.1898173658497414,0.1089747402558506,0.1063809505950579,0.1898173658497414,0.1089747402558506,0.1063809505950579
Cosmos3_seed103_0056,102,1,3,5.135976899290295,0.1314690594449119,0.0737315838481264,0.0568715396683492,0.1314690594449119,0.0737315838481264,0.0568715396683492
Cosmos3_seed103_0056,102,2,3,1.0611458377110736,0.199314798165101,0.1574863590910728,0.1538448808300176,0.199314798165101,0.1574863590910728,0.1538448808300176
Cosmos3_seed103_0056,105,1,2,9.702951411957342,0.2352622213992257,0.1592466251398178,0.1400424321586315,0.2352622213992257,0.1592466251398178,0.1400424321586315
Cosmos3_seed103_0056,105,1,3,1.1406967062529338,0.1360699187777049,0.0938420323197045,0.0715345036358584,0.1360699187777049,0.0938420323197045,0.0715345036358584
Cosmos3_seed103_0056,105,2,3,5.300995613973991,0.1227484376872408,0.0633362258295715,0.0496704451401087,0.1227484376872408,0.0633362258295715,0.0496704451401087
Cosmos3_seed103_0056,108,1,2,9.706498875535761,0.2685781617002458,0.1716080815013437,0.1434593121097997,0.2685781617002458,0.1716080815013437,0.1434593121097997
Cosmos3_seed103_0056,108,1,3,1.132534120389643,0.1320209170101202,0.0914062263937134,0.0705441822029298,0.1320209170101202,0.0914062263937134,0.0705441822029298
Cosmos3_seed103_0056,108,2,3,5.411030680739141,0.1488554486573204,0.0734035727106744,0.0607937909119222,0.1488554486573204,0.0734035727106744,0.0607937909119222
Cosmos3_seed103_0056,111,1,2,7.563922118890433,0.2107291321198358,0.0959496726659699,0.0911337883794478,0.2107291321198358,0.0959496726659699,0.0911337883794478
Cosmos3_seed103_0056,111,1,3,5.457624970402668,0.1375510833408501,0.0615462056607053,0.0519059945712344,0.1375510833408501,0.0615462056607053,0.0519059945712344
Cosmos3_seed103_0056,111,2,3,1.040779018904935,0.1475942005681027,0.1182283021580134,0.1161822552472961,0.1475942005681027,0.1182283021580134,0.1161822552472961
Cosmos3_seed103_0056,114,1,2,11.686576685994133,0.110079595208676,0.1022618910828195,0.0973495539667025,0.110079595208676,0.1022618910828195,0.0973495539667025
Cosmos3_seed103_0056,114,1,3,7.459879552890982,0.1286731801515825,0.0845257731203796,0.0781048874161948,0.1286731801515825,0.0845257731203796,0.0781048874161948
Cosmos3_seed103_0056,117,1,2,1.2197839005616675,0.1177768421795037,0.0792269809022492,0.0565078861347655,0.1177768421795037,0.0792269809022492,0.0565078861347655
Cosmos3_seed103_0056,117,2,3,1.054968163774213,0.1399982005459757,0.1122784865696551,0.1087290570216666,0.1399982005459757,0.1122784865696551,0.1087290570216666
Cosmos3_seed103_0056,120,1,3,1.0085181730011676,0.1762626748319019,0.1429576683723873,0.137834901088084,0.1762626748319019,0.1429576683723873,0.137834901088084
Cosmos3_seed103_0056,120,2,3,1.1992924787573331,0.1428932130629199,0.0893252303526558,0.0631784171580935,0.1428932130629199,0.0893252303526558,0.0631784171580935
Cosmos3_seed103_0056,123,1,2,1.015755936578,0.0529590328013061,0.0431988728693504,0.0425107212026908,0.0529590328013061,0.0431988728693504,0.0425107212026908
Cosmos3_seed103_0056,123,1,3,7.2755368027672755,0.1834958048796896,0.0862075016927973,0.0742648130195765,0.1834958048796896,0.0862075016927973,0.0742648130195765
Cosmos3_seed103_0056,123,2,3,5.193482700674793,0.0662389379374892,0.0306237476547621,0.0215193297561696,0.0662389379374892,0.0306237476547621,0.0215193297561696
Cosmos3_seed103_0056,126,1,2,1.0011963098950678,0.2010738409416284,0.1646809182658783,0.1618534354110873,0.2010738409416284,0.1646809182658783,0.1618534354110873
Cosmos3_seed103_0056,126,1,3,7.272878214911897,0.1498390468644199,0.0651465911525791,0.0613299548823322,0.1498390468644199,0.0651465911525791,0.0613299548823322
Cosmos3_seed103_0056,126,2,3,5.198041732539333,0.1071312818727657,0.0457785083471682,0.0352963902764078,0.1071312818727657,0.0457785083471682,0.0352963902764078
Cosmos3_seed103_0056,129,1,2,1.0129341371323004,0.1832322059153994,0.1491870586559247,0.1464401074915035,0.1832322059153994,0.1491870586559247,0.1464401074915035
Cosmos3_seed103_0056,129,1,3,1.048464219092085,0.04668654553143,0.0310418526155306,0.0244590490531776,0.04668654553143,0.0310418526155306,0.0244590490531776
Cosmos3_seed103_0056,132,1,2,1.019427815036633,0.2270664979869263,0.1857277998457882,0.183389358337231,0.2270664979869263,0.1857277998457882,0.183389358337231
Cosmos3_seed103_0056,132,1,3,7.3850841511700045,0.2173721974257204,0.1019512621589188,0.08885374347787,0.2173721974257204,0.1019512621589188,0.08885374347787
Cosmos3_seed103_0056,132,2,3,5.323932322741525,0.1496572870929405,0.0693080525839386,0.0494072488059559,0.1496572870929405,0.0693080525839386,0.0494072488059559
Cosmos3_seed103_0056,135,1,2,7.365995989094441,0.2842751991639407,0.1187580695606348,0.110413691354451,0.2842751991639407,0.1187580695606348,0.110413691354451
Cosmos3_seed103_0056,135,1,3,0.9960521828470812,0.1901592755808088,0.1558322149203554,0.1509012915793575,0.1901592755808088,0.1558322149203554,0.1509012915793575
Cosmos3_seed103_0056,135,2,3,5.182937857187921,0.1618196526295015,0.0654622811375883,0.0498758906678587,0.1618196526295015,0.0654622811375883,0.0498758906678587
Cosmos3_seed103_0056,138,1,2,5.173507883273863,0.0555323873017637,0.0210865900967373,0.0175462247479573,0.0555323873017637,0.0210865900967373,0.0175462247479573
Cosmos3_seed103_0056,138,1,3,4.984495076273803,0.0829079775140273,0.0572168767798319,0.0466512253310158,0.0829079775140273,0.0572168767798319,0.0466512253310158
Cosmos3_seed103_0056,138,2,3,0.39803486194270943,0.1518642902314938,0.0835579640856475,0.0818746440900664,0.1518642902314938,0.0835579640856475,0.0818746440900664
Cosmos3_seed103_0056,141,1,2,7.101026415752578,0.2055873491895443,0.112717202301336,0.0859111040596053,0.2055873491895443,0.112717202301336,0.0859111040596053
Cosmos3_seed103_0056,141,1,3,5.091044543788981,0.1730004658310813,0.092533939729677,0.0562802822070619,0.1730004658310813,0.092533939729677,0.0562802822070619
Cosmos3_seed103_0056,141,2,3,1.022563310147963,0.2235710590700411,0.1784069209612814,0.1740490529865019,0.2235710590700411,0.1784069209612814,0.1740490529865019
Cosmos3_seed103_0056,144,1,3,7.142852444917844,0.2429348389540853,0.1224034542492766,0.0938729110167451,0.2429348389540853,0.1224034542492766,0.0938729110167451
Cosmos3_seed103_0056,144,2,3,7.024417242064195,0.1656394775786148,0.1194297465050864,0.1138003762439216,0.1656394775786148,0.1194297465050864,0.1138003762439216
Cosmos3_seed103_0056,147,1,3,5.171256664128167,0.1688323082582827,0.084248203076264,0.0520770805869196,0.1688323082582827,0.084248203076264,0.0520770805869196
Cosmos3_seed103_0056,147,2,3,5.136297059491541,0.1108618543253067,0.1006101578265352,0.097917516670162,0.1108618543253067,0.1006101578265352,0.097917516670162
Cosmos3_seed103_0056,150,1,2,7.340478643847401,0.1895074553134138,0.1117422117873086,0.1061774951318406,0.1895074553134138,0.1117422117873086,0.1061774951318406
Cosmos3_seed103_0056,150,1,3,5.477481685957548,0.1117116367079555,0.0654670598770178,0.0502020727406458,0.1117116367079555,0.0654670598770178,0.0502020727406458
Cosmos3_seed103_0056,150,2,3,1.0297986370162173,0.1468933890951842,0.1185457122044797,0.117820078893247,0.1468933890951842,0.1185457122044797,0.117820078893247
Cosmos3_seed103_0056,153,1,2,7.663864848072539,0.1716742310174906,0.1301226346207574,0.1008832943053471,0.1716742310174906,0.1301226346207574,0.1008832943053471
Cosmos3_seed103_0056,153,1,3,1.0589939813588014,0.1773968343050004,0.1160199765468735,0.0898361456418251,0.1773968343050004,0.1160199765468735,0.0898361456418251
Cosmos3_seed103_0056,153,2,3,7.9933492810750195,0.1266379796188456,0.0760236501938424,0.0655975906873726,0.1266379796188456,0.0760236501938424,0.0655975906873726
Cosmos3_seed103_0056,156,1,3,1.2227606719985886,0.1031329162496223,0.0702129602965698,0.0503950611096498,0.1031329162496223,0.0702129602965698,0.0503950611096498
Cosmos3_seed103_0056,156,2,3,1.0225734149515564,0.1510228824725288,0.1193979301614981,0.1190742630660315,0.1510228824725288,0.1193979301614981,0.1190742630660315
Cosmos3_seed103_0056,159,1,3,1.0444373750392166,0.1694392493784965,0.1344306073534024,0.1326415170980363,0.1694392493784965,0.1344306073534024,0.1326415170980363
Cosmos3_seed103_0056,159,2,3,1.2518415930655107,0.111791184807383,0.0762917467467997,0.054256879502174,0.111791184807383,0.0762917467467997,0.054256879502174
Cosmos3_seed103_0056,162,1,3,1.2721044321797195,0.1164396748844189,0.0807830726797988,0.0572982939766652,0.1164396748844189,0.0807830726797988,0.0572982939766652
Cosmos3_seed103_0056,162,2,3,1.0615442315683508,0.1622696968551945,0.1275419828234754,0.1253939466731031,0.1622696968551945,0.1275419828234754,0.1253939466731031
Cosmos3_seed103_0056,165,1,3,1.2761530051501377,0.1377786629125947,0.0927513944380477,0.0658735149818052,0.1377786629125947,0.0927513944380477,0.0658735149818052
Cosmos3_seed103_0056,165,2,3,1.0555431567697666,0.1929889672335945,0.1513495958840659,0.1498056678433145,0.1929889672335945,0.1513495958840659,0.1498056678433145
Cosmos3_seed103_0056,168,1,3,1.0539541197840578,0.1776630362536794,0.1388074812676634,0.1380710109201994,0.1776630362536794,0.1388074812676634,0.1380710109201994
Cosmos3_seed103_0056,168,2,3,1.256678307120639,0.1392954660221066,0.0897376860672434,0.0617690576916296,0.1392954660221066,0.0897376860672434,0.0617690576916296
Cosmos3_seed103_0056,171,1,2,1.0414556127388925,0.1723669567725628,0.1353931853079749,0.1339020849704601,0.1723669567725628,0.1353931853079749,0.1339020849704601
Cosmos3_seed103_0056,171,1,3,1.0538195360759095,0.1615288208375574,0.1055937450443943,0.0807550989140788,0.1615288208375574,0.1055937450443943,0.0807550989140788
Cosmos3_seed103_0056,174,1,2,1.037845422567816,0.1656177615973946,0.1318985158405058,0.1306710311696443,0.1656177615973946,0.1318985158405058,0.1306710311696443
Cosmos3_seed103_0056,174,1,3,1.0542365474906834,0.1565382464431073,0.100096283457719,0.0771551373919105,0.1565382464431073,0.100096283457719,0.0771551373919105
Cosmos3_seed103_0056,177,1,2,1.051270708215732,0.1837102947388768,0.1447920017872565,0.1423501429544614,0.1837102947388768,0.1447920017872565,0.1423501429544614
Cosmos3_seed103_0056,177,1,3,1.0680118271672057,0.17074346829943,0.1072066211655218,0.0821697746952526,0.17074346829943,0.1072066211655218,0.0821697746952526
Cosmos3_seed103_0056,180,1,2,1.2270655285862848,0.1394190352472265,0.1008487160886108,0.0734239459816392,0.1394190352472265,0.1008487160886108,0.0734239459816392
Cosmos3_seed103_0056,180,2,3,1.0303853820178133,0.201020815145231,0.1654424887299718,0.1593108484972435,0.201020815145231,0.1654424887299718,0.1593108484972435
Cosmos3_seed103_0056,183,1,3,1.2315627353882816,0.1315132165593543,0.092925787578141,0.0661397670909314,0.1315132165593543,0.092925787578141,0.0661397670909314
Cosmos3_seed103_0056,183,2,3,1.0398020807850334,0.1637738922893932,0.1316519004950706,0.1284861745872896,0.1637738922893932,0.1316519004950706,0.1284861745872896
Cosmos3_seed103_0056,186,1,2,1.0298597270652865,0.1601671226085088,0.1281063056104957,0.1225339114588566,0.1601671226085088,0.1281063056104957,0.1225339114588566
Cosmos3_seed103_0056,186,1,3,1.3060465264482095,0.0659763265090404,0.0427237174307254,0.0378363815193521,0.0659763265090404,0.0427237174307254,0.0378363815193521
Cosmos3_seed103_0056,186,2,3,1.7362412461268708,0.0682905165125882,0.0353702748118937,0.0327486352399918,0.0682905165125882,0.0353702748118937,0.0327486352399918
Cosmos3_seed103_0056,188,1,2,1.0357682194023425,0.1463044990151901,0.1146425681929125,0.1094694920950774,0.1463044990151901,0.1146425681929125,0.1094694920950774
Cosmos3_seed103_0056,188,1,3,1.3685208569373246,0.0702710535689277,0.0460141722500103,0.0378735098127652,0.0702710535689277,0.0460141722500103,0.0378735098127652
Cosmos3_seed103_0056,188,2,3,1.7917653522150785,0.0809283491687125,0.0415244659378026,0.0357932223990177,0.0809283491687125,0.0415244659378026,0.0357932223990177
Cosmos3_seed103_0064,0,1,2,4.004723791440539,0.0904954911528714,0.0690934980374545,0.0569213003208686,0.0904954911528714,0.0690934980374545,0.0569213003208686
Cosmos3_seed103_0064,0,1,3,1.1619020556274995,0.0676244773517253,0.0451781905470183,0.0369910638244074,0.0676244773517253,0.0451781905470183,0.0369910638244074
Cosmos3_seed103_0064,0,2,3,3.5151911117368804,0.0353574695923294,0.0286726910802893,0.0267368787251149,0.0353574695923294,0.0286726910802893,0.0267368787251149
Cosmos3_seed103_0064,3,1,2,0.22300627778974164,0.1258755122299011,0.1023172485701957,0.0860411831242695,0.1258755122299011,0.1023172485701957,0.0860411831242695
Cosmos3_seed103_0064,3,1,3,3.9991762654307608,0.0914964304800385,0.0697569095278247,0.0575929847700833,0.0914964304800385,0.0697569095278247,0.0575929847700833
Cosmos3_seed103_0064,3,2,3,5.554529699759049,0.0756943991083538,0.0469088113251756,0.0460552625315877,0.0756943991083538,0.0469088113251756,0.0460552625315877
Cosmos3_seed103_0064,6,1,2,3.9735039507079186,0.0979418317816804,0.0745979701276996,0.0612776134964865,0.0979418317816804,0.0745979701276996,0.0612776134964865
Cosmos3_seed103_0064,6,1,3,0.21466886326715276,0.1235347052134244,0.1009519278904638,0.0846201436363132,0.1235347052134244,0.1009519278904638,0.0846201436363132
Cosmos3_seed103_0064,6,2,3,5.5440267191236785,0.0875257368261992,0.0544778798199364,0.0533870457413988,0.0875257368261992,0.0544778798199364,0.0533870457413988
Cosmos3_seed103_0064,9,1,2,3.941105176811892,0.0912756017643886,0.0694666759480259,0.0566929471326274,0.0912756017643886,0.0694666759480259,0.0566929471326274
Cosmos3_seed103_0064,9,1,3,0.20789179872049932,0.1330773481071465,0.1084020485193198,0.0905435807762408,0.1330773481071465,0.1084020485193198,0.0905435807762408
Cosmos3_seed103_0064,9,2,3,5.518968599038598,0.0782316999167986,0.0484995748697044,0.0473882063985911,0.0782316999167986,0.0484995748697044,0.0473882063985911
Cosmos3_seed103_0064,12,1,2,3.948457794760068,0.0833493899884124,0.0633404442437392,0.0517679526480165,0.0833493899884124,0.0633404442437392,0.0517679526480165
Cosmos3_seed103_0064,12,1,3,0.2033029482053766,0.1221788335117865,0.10046389653187,0.0847727484132818,0.1221788335117865,0.10046389653187,0.0847727484132818
Cosmos3_seed103_0064,12,2,3,5.467840093164182,0.072658528334368,0.045402453310495,0.0439757201117269,0.072658528334368,0.045402453310495,0.0439757201117269
Cosmos3_seed103_0064,15,1,2,0.19119011008958123,0.1351115805187924,0.1122589921518389,0.095513273317501,0.1351115805187924,0.1122589921518389,0.095513273317501
Cosmos3_seed103_0064,15,1,3,3.9571704881850027,0.0838715668434207,0.0638619250417865,0.0521148643787996,0.0838715668434207,0.0638619250417865,0.0521148643787996
Cosmos3_seed103_0064,15,2,3,5.425848133336987,0.0825173154441153,0.0522036542204371,0.0500700379448109,0.0825173154441153,0.0522036542204371,0.0500700379448109
Cosmos3_seed103_0064,18,1,2,3.9281619792010125,0.0710211665225491,0.0533551638418042,0.0431732839101661,0.0710211665225491,0.0533551638418042,0.0431732839101661
Cosmos3_seed103_0064,18,1,3,0.19057767087140545,0.1231068134734641,0.1034143875283479,0.0870710991385424,0.1231068134734641,0.1034143875283479,0.0870710991385424
Cosmos3_seed103_0064,18,2,3,5.4581146830020595,0.0838536224235343,0.0529187234549553,0.0508574900331326,0.0838536224235343,0.0529187234549553,0.0508574900331326
Cosmos3_seed103_0064,21,1,2,3.9213169614995778,0.0763551788444147,0.0573902725775787,0.0465764387376517,0.0763551788444147,0.0573902725775787,0.0465764387376517
Cosmos3_seed103_0064,21,1,3,4.235943964109903,0.0480217733392697,0.0393408011580304,0.0379673349616311,0.0480217733392697,0.0393408011580304,0.0379673349616311
Cosmos3_seed103_0064,21,2,3,0.27992416508732615,0.0350065025773144,0.0253930826471395,0.0251558161153064,0.0350065025773144,0.0253930826471395,0.0251558161153064
Cosmos3_seed103_0064,24,1,2,3.93189147103667,0.0632603899885834,0.0471371035291865,0.0386309969774032,0.0632603899885834,0.0471371035291865,0.0386309969774032
Cosmos3_seed103_0064,24,1,3,4.240794397202191,0.0595309890919126,0.0491044887819612,0.0476469174790528,0.0595309890919126,0.0491044887819612,0.0476469174790528
Cosmos3_seed103_0064,24,2,3,0.21288693269953965,0.043642277672998,0.0315538277869457,0.0313506810023633,0.043642277672998,0.0315538277869457,0.0313506810023633
Cosmos3_seed103_0064,27,1,2,3.9472217941535166,0.0614190773331421,0.0461857406489923,0.0377752022870276,0.0614190773331421,0.0461857406489923,0.0377752022870276
Cosmos3_seed103_0064,27,1,3,0.19015817983864622,0.1231355021704813,0.102744290640982,0.0879584063741133,0.1231355021704813,0.102744290640982,0.0879584063741133
Cosmos3_seed103_0064,27,2,3,5.378461716906014,0.0515996164271233,0.0323761728484101,0.0309317678468049,0.0515996164271233,0.0323761728484101,0.0309317678468049
Cosmos3_seed103_0064,30,1,2,3.913506223757675,0.0660933664510622,0.0492893185837265,0.0401071549860087,0.0660933664510622,0.0492893185837265,0.0401071549860087
Cosmos3_seed103_0064,30,1,3,0.18448311238758527,0.1254609766051009,0.1059711992615211,0.0904544465226001,0.1254609766051009,0.1059711992615211,0.0904544465226001
Cosmos3_seed103_0064,30,2,3,5.3672499657521335,0.0531563560662567,0.0334833828242906,0.0319195161140179,0.0531563560662567,0.0334833828242906,0.0319195161140179
Cosmos3_seed103_0064,33,1,2,3.9187073708898885,0.0784019559406736,0.0585168930744863,0.0475805580006105,0.0784019559406736,0.0585168930744863,0.0475805580006105
Cosmos3_seed103_0064,33,1,3,0.179804785132135,0.1143604163052914,0.0973111136166965,0.083252301306671,0.1143604163052914,0.0973111136166965,0.083252301306671
Cosmos3_seed103_0064,33,2,3,5.362126293710899,0.0590119876486608,0.0374784239690493,0.035620153489162,0.0590119876486608,0.0374784239690493,0.035620153489162
Cosmos3_seed103_0064,36,1,2,3.908745205194813,0.06544363112209,0.0490178775909577,0.0396908030373359,0.06544363112209,0.0490178775909577,0.0396908030373359
Cosmos3_seed103_0064,36,1,3,0.1790143234888271,0.1221270845893746,0.103347984355227,0.0883806214633175,0.1221270845893746,0.103347984355227,0.0883806214633175
Cosmos3_seed103_0064,36,2,3,5.3455382042010875,0.0655870461110559,0.0415714533328271,0.0393618543710784,0.0655870461110559,0.0415714533328271,0.0393618543710784
Cosmos3_seed103_0064,39,1,2,3.9193298354475825,0.0515125099280495,0.0384837416699947,0.0312675147716323,0.0515125099280495,0.0384837416699947,0.0312675147716323
Cosmos3_seed103_0064,39,1,3,0.19125551859791914,0.1277988243624214,0.107751073772847,0.091106717695404,0.1277988243624214,0.107751073772847,0.091106717695404
Cosmos3_seed103_0064,39,2,3,5.451335592069946,0.0528027063555786,0.0333541252896706,0.0321418507969943,0.0528027063555786,0.0333541252896706,0.0321418507969943
Cosmos3_seed103_0064,42,1,2,3.946218356730339,0.086765594865235,0.0647628307234731,0.0532450673569765,0.086765594865235,0.0647628307234731,0.0532450673569765
Cosmos3_seed103_0064,42,1,3,0.19180562753180777,0.132732494983209,0.1121426262648636,0.0954461926849508,0.132732494983209,0.1121426262648636,0.0954461926849508
Cosmos3_seed103_0064,42,2,3,5.426360463092034,0.0795626657591203,0.0501742702768051,0.0484670666574038,0.0795626657591203,0.0501742702768051,0.0484670666574038
Cosmos3_seed103_0064,45,1,2,0.18842030289317988,0.1384832509386117,0.1165080846854806,0.0990251060561632,0.1384832509386117,0.1165080846854806,0.0990251060561632
Cosmos3_seed103_0064,45,1,3,3.9381678196576138,0.075741459883024,0.0565079638413706,0.0464346393678692,0.075741459883024,0.0565079638413706,0.0464346393678692
Cosmos3_seed103_0064,45,2,3,5.422811000076819,0.077204515318044,0.0484593406108462,0.0468511942176376,0.077204515318044,0.0484593406108462,0.0468511942176376
Cosmos3_seed103_0064,48,1,2,3.949497817705354,0.0613176952279011,0.0458741089455631,0.0376119461560364,0.0613176952279011,0.0458741089455631,0.0376119461560364
Cosmos3_seed103_0064,48,1,3,0.18634336856521164,0.1312436799774986,0.1102387819839731,0.0942964562913207,0.1312436799774986,0.1102387819839731,0.0942964562913207
Cosmos3_seed103_0064,48,2,3,5.3906101273584435,0.0725977473588533,0.0456205977350227,0.0437278545108926,0.0725977473588533,0.0456205977350227,0.0437278545108926
Cosmos3_seed103_0064,51,1,2,0.19288692057160783,0.1273338887865705,0.1065135598074408,0.0905546693609174,0.1273338887865705,0.1065135598074408,0.0905546693609174
Cosmos3_seed103_0064,51,1,3,3.9683524009248132,0.0868752331289239,0.0651278104237953,0.0532082044063244,0.0868752331289239,0.0651278104237953,0.0532082044063244
Cosmos3_seed103_0064,51,2,3,5.44686030541204,0.0837646721072084,0.0525281716122925,0.0504775723885882,0.0837646721072084,0.0525281716122925,0.0504775723885882
Cosmos3_seed103_0064,54,1,2,3.9834216227154178,0.0867206833440316,0.0650819601888341,0.052105121092615,0.0867206833440316,0.0650819601888341,0.052105121092615
Cosmos3_seed103_0064,54,1,3,0.1805548885114553,0.1255603059108897,0.1057331241553585,0.0904480846327637,0.1255603059108897,0.1057331241553585,0.0904480846327637
Cosmos3_seed103_0064,54,2,3,5.434456193011564,0.080401012274179,0.0508110476823453,0.0475542815464181,0.080401012274179,0.0508110476823453,0.0475542815464181
Cosmos3_seed103_0064,57,1,2,3.970140802009392,0.0889730513060749,0.0664104594571611,0.0523238214573598,0.0889730513060749,0.0664104594571611,0.0523238214573598
Cosmos3_seed103_0064,57,1,3,4.2106079916581285,0.0904234464104524,0.0714337920605468,0.0685798914934471,0.0904234464104524,0.0714337920605468,0.0685798914934471
Cosmos3_seed103_0064,57,2,3,0.0,0.1011204887932526,0.0724619886535664,0.0722687543911373,0.0,0.0,0.0
Cosmos3_seed103_0064,60,1,2,3.9663359977884896,0.0945463522391774,0.072174857506444,0.0559359109310664,0.0945463522391774,0.072174857506444,0.0559359109310664
Cosmos3_seed103_0064,60,1,3,0.19569613286909512,0.1324683513427431,0.1105859844144288,0.0931546123508193,0.1324683513427431,0.1105859844144288,0.0931546123508193
Cosmos3_seed103_0064,60,2,3,5.511352581936512,0.0931787039361689,0.0593807638456582,0.054631897534476,0.0931787039361689,0.0593807638456582,0.054631897534476
Cosmos3_seed103_0064,63,1,2,4.001324117234028,0.0923096537071328,0.0708832965434846,0.0555480678197323,0.0923096537071328,0.0708832965434846,0.0555480678197323
Cosmos3_seed103_0064,63,1,3,4.173453399255612,0.0705015567653368,0.0573824223565982,0.0565209167044328,0.0705015567653368,0.0573824223565982,0.0565209167044328
Cosmos3_seed103_0064,63,2,3,0.0,0.1333016885957156,0.1060548128045285,0.100056889123477,0.0,0.0,0.0
Cosmos3_seed103_0064,66,1,2,3.991735396085675,0.1122961906164464,0.0862635125156896,0.0677879918631132,0.1122961906164464,0.0862635125156896,0.0677879918631132
Cosmos3_seed103_0064,66,1,3,0.19385302680290795,0.1253521023448514,0.1050679172025875,0.0892945758785491,0.1253521023448514,0.1050679172025875,0.0892945758785491
Cosmos3_seed103_0064,66,2,3,5.491618219570591,0.1191501494044319,0.0784799509583085,0.0709358669990184,0.1191501494044319,0.0784799509583085,0.0709358669990184
Cosmos3_seed103_0064,69,1,2,3.9851562310803677,0.1243805503575786,0.0968425564408957,0.0757631747481098,0.1243805503575786,0.0968425564408957,0.0757631747481098
Cosmos3_seed103_0064,69,1,3,4.178661314019471,0.0770476294948687,0.0635221289472073,0.0618378568342865,0.0770476294948687,0.0635221289472073,0.0618378568342865
Cosmos3_seed103_0064,69,2,3,0.0,0.1359707022508166,0.1092717442715726,0.1031943413020089,0.0,0.0,0.0
Cosmos3_seed103_0064,72,1,2,4.003183926675919,0.1034085757662613,0.0780411879332744,0.0631109178798341,0.1034085757662613,0.0780411879332744,0.0631109178798341
Cosmos3_seed103_0064,72,1,3,0.19741789260962164,0.1331898698470226,0.1110705334441171,0.0943259415788738,0.1331898698470226,0.1110705334441171,0.0943259415788738
Cosmos3_seed103_0064,72,2,3,5.4998150469902765,0.1199280197807395,0.0754771756975415,0.0718727023740496,0.1199280197807395,0.0754771756975415,0.0718727023740496
Cosmos3_seed103_0064,75,1,2,4.026197828861131,0.0878036917214285,0.0629644481237274,0.0528952746466027,0.0878036917214285,0.0629644481237274,0.0528952746466027
Cosmos3_seed103_0064,75,1,3,4.2835755979746155,0.117544365326111,0.0489633634977964,0.0470699261737851,0.117544365326111,0.0489633634977964,0.0470699261737851
Cosmos3_seed103_0064,78,1,2,3.9980986966099663,0.0964834809449304,0.0656077072440578,0.0568836274723021,0.0964834809449304,0.0656077072440578,0.0568836274723021
Cosmos3_seed103_0064,78,1,3,4.252795248538788,0.1002388159911824,0.0455072688585403,0.0379358347453808,0.1002388159911824,0.0455072688585403,0.0379358347453808
Cosmos3_seed103_0064,81,1,2,4.006683977508044,0.0544779940584269,0.0359104342677616,0.0323335509066359,0.0544779940584269,0.0359104342677616,0.0323335509066359
Cosmos3_seed103_0064,81,1,3,4.285282516241688,0.1066833482662825,0.0609159364486769,0.0556999558677416,0.1066833482662825,0.0609159364486769,0.0556999558677416
Cosmos3_seed103_0064,84,1,2,3.9879380009781817,0.1045869082994617,0.0669453310207449,0.0639083458461634,0.1045869082994617,0.0669453310207449,0.0639083458461634
Cosmos3_seed103_0064,84,1,3,0.1916493214168805,0.144606099831304,0.1226898150925912,0.1045109866677153,0.144606099831304,0.1226898150925912,0.1045109866677153
Cosmos3_seed103_0064,84,2,3,4.88897411849377,0.1069421054345665,0.0580782601095914,0.0518238591031543,0.1069421054345665,0.0580782601095914,0.0518238591031543
Cosmos3_seed103_0064,87,1,2,4.0068727775229425,0.1074682760643644,0.0821928813033701,0.064653445209638,0.1074682760643644,0.0821928813033701,0.064653445209638
Cosmos3_seed103_0064,87,1,3,4.49646883294914,0.1427949581514044,0.0847090283347805,0.075238433647133,0.1427949581514044,0.0847090283347805,0.075238433647133
Cosmos3_seed103_0064,87,2,3,0.0,0.1226360871471552,0.0924863509860321,0.0796382159096809,0.0,0.0,0.0
Cosmos3_seed103_0064,90,1,2,3.9808802579284577,0.1018098013751306,0.0761405776139068,0.0609255014552076,0.1018098013751306,0.0761405776139068,0.0609255014552076
Cosmos3_seed103_0064,90,1,3,0.20494944079265803,0.1411689734394699,0.1171900766157308,0.0980619375969174,0.1411689734394699,0.1171900766157308,0.0980619375969174
Cosmos3_seed103_0064,90,2,3,5.573242988930112,0.0716110407325978,0.044458841727622,0.0425139499819781,0.0716110407325978,0.044458841727622,0.0425139499819781
Cosmos3_seed103_0064,93,1,2,3.9891980826107725,0.0933515079906553,0.0699239789153103,0.0561634454161772,0.0933515079906553,0.0699239789153103,0.0561634454161772
Cosmos3_seed103_0064,93,1,3,4.740096386684954,0.1050674640391065,0.0641130236674925,0.0577843672801563,0.1050674640391065,0.0641130236674925,0.0577843672801563
Cosmos3_seed103_0064,93,2,3,0.07356322828938264,0.0873414027948313,0.0663545278234516,0.0551456494134069,0.0873414027948313,0.0663545278234516,0.0551456494134069
Cosmos3_seed103_0064,96,1,2,4.94878121830463,0.1184353499215411,0.0724970382610559,0.0649327596217705,0.1184353499215411,0.0724970382610559,0.0649327596217705
Cosmos3_seed103_0064,96,1,3,0.2002633603107591,0.1397268192958105,0.1156450285195427,0.0974610042149351,0.1397268192958105,0.1156450285195427,0.0974610042149351
Cosmos3_seed103_0064,96,2,3,6.809384892017569,0.1416730366463227,0.1029016184483607,0.0762804060274259,0.1416730366463227,0.1029016184483607,0.0762804060274259
Cosmos3_seed103_0064,99,1,2,5.073658743523525,0.1089853328992208,0.0659167748107321,0.0584626014118934,0.1089853328992208,0.0659167748107321,0.0584626014118934
Cosmos3_seed103_0064,99,1,3,3.991611129695972,0.1018916471806679,0.0765268322561517,0.0616959734751853,0.1018916471806679,0.0765268322561517,0.0616959734751853
Cosmos3_seed103_0064,99,2,3,0.11146411945592061,0.1453856359377371,0.1090702505345037,0.0923632652623373,0.1453856359377371,0.1090702505345037,0.0923632652623373
Cosmos3_seed103_0064,102,1,2,3.9965768510390904,0.0956717250041465,0.0724076766024488,0.0584067214281859,0.0956717250041465,0.0724076766024488,0.0584067214281859
Cosmos3_seed103_0064,102,1,3,5.178919270600413,0.1120112421517607,0.0670290441868844,0.061142361691445,0.1120112421517607,0.0670290441868844,0.061142361691445
Cosmos3_seed103_0064,102,2,3,0.2849507391664582,0.1396637024717095,0.1036112105465947,0.085966366731238,0.1396637024717095,0.1036112105465947,0.085966366731238
Cosmos3_seed103_0064,105,1,2,5.2300382912886985,0.1286428942952386,0.0782139381959196,0.070872510791221,0.1286428942952386,0.0782139381959196,0.070872510791221
Cosmos3_seed103_0064,105,1,3,3.9667999209489166,0.1044089579492982,0.0784617855154816,0.0630511188561884,0.1044089579492982,0.0784617855154816,0.0630511188561884
Cosmos3_seed103_0064,105,2,3,0.4504160051546361,0.1577292490671242,0.1193372364005086,0.0989698101127295,0.1577292490671242,0.1193372364005086,0.0989698101127295
Cosmos3_seed103_0064,108,1,2,3.99934962403377,0.0901487419087737,0.0679035756740398,0.0548613333474089,0.0901487419087737,0.0679035756740398,0.0548613333474089
Cosmos3_seed103_0064,108,1,3,5.371881301852883,0.1157868667459805,0.0686374138386537,0.0622327944586015,0.1157868667459805,0.0686374138386537,0.0622327944586015
Cosmos3_seed103_0064,108,2,3,0.633768727248061,0.1296082059442627,0.0950955937357922,0.0790014344546615,0.1296082059442627,0.0950955937357922,0.0790014344546615
Cosmos3_seed103_0064,111,1,2,5.421724541568163,0.113341999356637,0.0655352498982531,0.05906891760069,0.113341999356637,0.0655352498982531,0.05906891760069
Cosmos3_seed103_0064,111,1,3,0.19868095145298523,0.1189986626333087,0.0993940346270023,0.0841384400035522,0.1189986626333087,0.0993940346270023,0.0841384400035522
Cosmos3_seed103_0064,111,2,3,7.225736494932578,0.1446090526645744,0.0987746355427298,0.0743614292065679,0.1446090526645744,0.0987746355427298,0.0743614292065679
Cosmos3_seed103_0064,114,1,2,3.947025764802417,0.0840360118022955,0.0625384231445621,0.0501961606755745,0.0840360118022955,0.0625384231445621,0.0501961606755745
Cosmos3_seed103_0064,114,1,3,0.21201337635531223,0.1227645408481966,0.1019273700887907,0.0850870642060075,0.1227645408481966,0.1019273700887907,0.0850870642060075
Cosmos3_seed103_0064,114,2,3,5.548784664397993,0.078326097697894,0.048395597732346,0.0465325349063583,0.078326097697894,0.048395597732346,0.0465325349063583
Cosmos3_seed103_0064,117,1,2,3.901112341946748,0.0867915364706662,0.0644390604932242,0.051290597742453,0.0867915364706662,0.0644390604932242,0.051290597742453
Cosmos3_seed103_0064,117,1,3,0.19614068819222505,0.1293218792982976,0.10769162552443,0.0901017218856296,0.1293218792982976,0.10769162552443,0.0901017218856296
Cosmos3_seed103_0064,117,2,3,5.507198280372826,0.0823578037867934,0.0511596704518597,0.0488997201339558,0.0823578037867934,0.0511596704518597,0.0488997201339558
Cosmos3_seed103_0064,120,1,2,0.1896005608964617,0.1352556629817719,0.1130958911296361,0.0948073719407451,0.1352556629817719,0.1130958911296361,0.0948073719407451
Cosmos3_seed103_0064,120,1,3,3.928600434133972,0.0866443294947292,0.0649385429547949,0.0520587754312421,0.0866443294947292,0.0649385429547949,0.0520587754312421
Cosmos3_seed103_0064,120,2,3,5.498464993229872,0.0730093327105148,0.0457543240052958,0.0437550586337558,0.0730093327105148,0.0457543240052958,0.0437550586337558
Cosmos3_seed103_0064,123,1,2,0.18768347956478004,0.1262357210164584,0.1063595887744128,0.0896949026598459,0.1262357210164584,0.1063595887744128,0.0896949026598459
Cosmos3_seed103_0064,123,1,3,3.9353782816637954,0.0818959203491758,0.0612465911468705,0.0491415203768925,0.0818959203491758,0.0612465911468705,0.0491415203768925
Cosmos3_seed103_0064,123,2,3,5.474000780271526,0.0992115408836211,0.062570980734193,0.0595861388952374,0.0992115408836211,0.062570980734193,0.0595861388952374
Cosmos3_seed103_0064,126,1,2,3.945801943727169,0.0683102043034115,0.0512770213182473,0.0411530305948639,0.0683102043034115,0.0512770213182473,0.0411530305948639
Cosmos3_seed103_0064,126,1,3,5.767209790271305,0.1112544082519366,0.0500414229250247,0.0428069513791493,0.1112544082519366,0.0500414229250247,0.0428069513791493
Cosmos3_seed103_0064,126,2,3,1.2400332979427016,0.099599743049087,0.055820228024593,0.0489828625953796,0.099599743049087,0.055820228024593,0.0489828625953796
Cosmos3_seed103_0064,129,1,2,3.9691688477323814,0.0779086175433777,0.0586144283921905,0.0471277007018524,0.0779086175433777,0.0586144283921905,0.0471277007018524
Cosmos3_seed103_0064,129,1,3,0.20215591590408025,0.1358346760694581,0.1128397687123601,0.0943783153530361,0.1358346760694581,0.1128397687123601,0.0943783153530361
Cosmos3_seed103_0064,129,2,3,5.556098448040349,0.0876683178967227,0.0547915070234431,0.0526714081994909,0.0876683178967227,0.0547915070234431,0.0526714081994909
Cosmos3_seed103_0064,132,1,2,3.963187999194763,0.0753479427237779,0.056591868142805,0.0456172336851587,0.0753479427237779,0.056591868142805,0.0456172336851587
Cosmos3_seed103_0064,132,1,3,0.20071387710477373,0.1190932290225031,0.0995120084043075,0.0837491090488147,0.1190932290225031,0.0995120084043075,0.0837491090488147
Cosmos3_seed103_0064,132,2,3,5.516930908068129,0.0795759470715017,0.0499404979749888,0.0478324998920602,0.0795759470715017,0.0499404979749888,0.0478324998920602
Cosmos3_seed103_0064,135,1,2,3.9571791001631174,0.0908253828605663,0.0682145291704974,0.0547999272826614,0.0908253828605663,0.0682145291704974,0.0547999272826614
Cosmos3_seed103_0064,135,1,3,0.19755036877604884,0.1363721510089245,0.1143283101930426,0.0959735962441645,0.1363721510089245,0.1143283101930426,0.0959735962441645
Cosmos3_seed103_0064,135,2,3,5.534889570279059,0.0636555136802124,0.0400805589648681,0.0383564920955836,0.0636555136802124,0.0400805589648681,0.0383564920955836
Cosmos3_seed103_0064,138,1,2,3.9676606694297583,0.0814501752973389,0.0611718761840842,0.0491794044932434,0.0814501752973389,0.0611718761840842,0.0491794044932434
Cosmos3_seed103_0064,138,1,3,0.21473319470771327,0.1478370533727167,0.1219532907133164,0.1015173552204621,0.1478370533727167,0.1219532907133164,0.1015173552204621
Cosmos3_seed103_0064,138,2,3,5.588364653166937,0.1042961514283844,0.0646157346362426,0.0624055161983811,0.1042961514283844,0.0646157346362426,0.0624055161983811
Cosmos3_seed103_0064,141,1,2,3.9631015291815967,0.0599592720665849,0.045020260774054,0.0361059227683766,0.0599592720665849,0.045020260774054,0.0361059227683766
Cosmos3_seed103_0064,141,1,3,0.21381244949077735,0.1311354768462148,0.1075613676200245,0.0886095089828415,0.1311354768462148,0.1075613676200245,0.0886095089828415
Cosmos3_seed103_0064,141,2,3,5.635504191545614,0.0827345442651708,0.0509535737060895,0.0496045001189309,0.0827345442651708,0.0509535737060895,0.0496045001189309
Cosmos3_seed103_0064,144,1,2,4.9624490394618554,0.0792467519761331,0.0652882506084857,0.0605524150636506,0.0792467519761331,0.0652882506084857,0.0605524150636506
Cosmos3_seed103_0064,144,1,3,3.960149930339105,0.086705791197232,0.0651094581943985,0.0521694823668139,0.086705791197232,0.0651094581943985,0.0521694823668139
Cosmos3_seed103_0064,144,2,3,0.634213937027453,0.0849421094938294,0.0525499828734856,0.0390518364952342,0.0849421094938294,0.0525499828734856,0.0390518364952342
Cosmos3_seed103_0064,147,1,2,4.89015988104841,0.0580778177682091,0.0485440347434358,0.0442113672750193,0.0580778177682091,0.0485440347434358,0.0442113672750193
Cosmos3_seed103_0064,147,1,3,3.9734120668763944,0.0778789775764368,0.0586568288306889,0.0472971214197546,0.0778789775764368,0.0586568288306889,0.0472971214197546
Cosmos3_seed103_0064,147,2,3,0.6235701073639959,0.0651373652958814,0.0410066325797947,0.0301139907568095,0.0651373652958814,0.0410066325797947,0.0301139907568095
Cosmos3_seed103_0064,150,1,2,3.974769912032977,0.066304244491,0.0499468133486867,0.0402839089631791,0.066304244491,0.0499468133486867,0.0402839089631791
Cosmos3_seed103_0064,150,1,3,5.83383850385242,0.1303991939101791,0.0593235934556609,0.0512559289483494,0.1303991939101791,0.0593235934556609,0.0512559289483494
Cosmos3_seed103_0064,150,2,3,1.3096033911812117,0.0929471585451714,0.0524281870457477,0.0457103593497012,0.0929471585451714,0.0524281870457477,0.0457103593497012
Cosmos3_seed103_0064,153,1,2,3.973422965864535,0.0872710794489459,0.0656993653534967,0.0528353358502016,0.0872710794489459,0.0656993653534967,0.0528353358502016
Cosmos3_seed103_0064,153,1,3,4.948605879343669,0.058012590221408,0.0482685140135731,0.0444125729329389,0.058012590221408,0.0482685140135731,0.0444125729329389
Cosmos3_seed103_0064,153,2,3,0.6426059886388578,0.0493718470469897,0.0309251541824402,0.0228832221295834,0.0493718470469897,0.0309251541824402,0.0228832221295834
Cosmos3_seed103_0064,156,1,2,3.960171602278197,0.0873777032914065,0.0654602485705528,0.0525287905533987,0.0873777032914065,0.0654602485705528,0.0525287905533987
Cosmos3_seed103_0064,156,1,3,4.9361321950411226,0.0492237333888023,0.0411872774230489,0.0379288472866515,0.0492237333888023,0.0411872774230489,0.0379288472866515
Cosmos3_seed103_0064,156,2,3,0.6404502046842482,0.0563134751405485,0.0353002587608729,0.0260858023514061,0.0563134751405485,0.0353002587608729,0.0260858023514061
Cosmos3_seed103_0064,159,1,2,3.9846834983010604,0.092641420032302,0.0695328275602171,0.0560132191828968,0.092641420032302,0.0695328275602171,0.0560132191828968
Cosmos3_seed103_0064,159,1,3,5.081311184242906,0.0772884036013256,0.0627270700096198,0.0591463025759794,0.0772884036013256,0.0627270700096198,0.0591463025759794
Cosmos3_seed103_0064,159,2,3,0.656850961154868,0.0417064944507155,0.0254055756459511,0.0192975547183462,0.0417064944507155,0.0254055756459511,0.0192975547183462
Cosmos3_seed103_0064,162,1,2,3.981512837345065,0.0922391594720173,0.0696172992297449,0.0560838978415488,0.0922391594720173,0.0696172992297449,0.0560838978415488
Cosmos3_seed103_0064,162,1,3,5.243456261294671,0.0778595653100717,0.0607859731332146,0.0591886623046253,0.0778595653100717,0.0607859731332146,0.0591886623046253
Cosmos3_seed103_0064,162,2,3,0.6765093174940102,0.0379544637737579,0.0223643403705853,0.0175433392939312,0.0379544637737579,0.0223643403705853,0.0175433392939312
Cosmos3_seed103_0064,165,1,2,3.9674733162232267,0.0815149030942961,0.0613705997038108,0.0493738846583044,0.0815149030942961,0.0613705997038108,0.0493738846583044
Cosmos3_seed103_0064,165,1,3,5.848738074138079,0.0939763104257256,0.0434474422089915,0.0355143890784618,0.0939763104257256,0.0434474422089915,0.0355143890784618
Cosmos3_seed103_0064,165,2,3,1.4293724778053156,0.1580354079743101,0.0908161935082225,0.0836462568794092,0.1580354079743101,0.0908161935082225,0.0836462568794092
Cosmos3_seed103_0064,168,1,2,5.8462588638493225,0.1188319153531285,0.0552680079607036,0.0452587862756038,0.1188319153531285,0.0552680079607036,0.0452587862756038
Cosmos3_seed103_0064,168,1,3,3.958510123725831,0.0839790799119516,0.0630396533841797,0.0505639017614717,0.0839790799119516,0.0630396533841797,0.0505639017614717
Cosmos3_seed103_0064,168,2,3,1.4454347244265682,0.1471998892576619,0.0853535198015126,0.0782411180897278,0.1471998892576619,0.0853535198015126,0.0782411180897278
Cosmos3_seed103_0064,171,1,2,3.98445628638933,0.085844341748847,0.0646289332537999,0.0521187461971511,0.085844341748847,0.0646289332537999,0.0521187461971511
Cosmos3_seed103_0064,171,1,3,5.943031523702065,0.0734357807635213,0.0331835264975244,0.0261124576833244,0.0734357807635213,0.0331835264975244,0.0261124576833244
Cosmos3_seed103_0064,171,2,3,1.5189275784593859,0.1403892184596933,0.0786650106143303,0.0752612984857469,0.1403892184596933,0.0786650106143303,0.0752612984857469
Cosmos3_seed103_0064,174,1,2,3.968559990133624,0.0910351052829518,0.0686230465207973,0.0549543351339164,0.0910351052829518,0.0686230465207973,0.0549543351339164
Cosmos3_seed103_0064,174,1,3,5.8281796295839605,0.0989984917197759,0.0441509304231469,0.0357288779925809,0.0989984917197759,0.0441509304231469,0.0357288779925809
Cosmos3_seed103_0064,174,2,3,1.4065953900989105,0.1607888866659449,0.0895437641813607,0.0834097702518184,0.1607888866659449,0.0895437641813607,0.0834097702518184
Cosmos3_seed103_0064,177,1,2,3.9818272360257274,0.0916485666890411,0.0690516257712377,0.0557224143404943,0.0916485666890411,0.0690516257712377,0.0557224143404943
Cosmos3_seed103_0064,177,1,3,0.21601026384680316,0.1238824173072693,0.1017688340947282,0.0846704966003841,0.1238824173072693,0.1017688340947282,0.0846704966003841
Cosmos3_seed103_0064,177,2,3,5.610130865899262,0.0759474746106206,0.0470074503707437,0.0455937596418985,0.0759474746106206,0.0470074503707437,0.0455937596418985
Cosmos3_seed103_0064,180,1,2,3.980928270436925,0.0701833838906698,0.0526443249786049,0.0425117286153676,0.0701833838906698,0.0526443249786049,0.0425117286153676
Cosmos3_seed103_0064,180,1,3,5.850578467644817,0.0734731707275348,0.0328020031269901,0.0267647411328285,0.0734731707275348,0.0328020031269901,0.0267647411328285
Cosmos3_seed103_0064,180,2,3,1.395422163435981,0.11556587947225,0.0638916360263612,0.058735217980614,0.11556587947225,0.0638916360263612,0.058735217980614
Cosmos3_seed103_0064,183,1,2,4.023005751034731,0.0962788408004288,0.0728327042861898,0.0590251906214073,0.0962788408004288,0.0728327042861898,0.0590251906214073
Cosmos3_seed103_0064,183,1,3,5.903913134183915,0.1089295093577323,0.0491349404681762,0.0397670516980831,0.1089295093577323,0.0491349404681762,0.0397670516980831
Cosmos3_seed103_0064,183,2,3,1.4044203682227843,0.1302224605307765,0.0724802731027701,0.067745810711297,0.1302224605307765,0.0724802731027701,0.067745810711297
Cosmos3_seed103_0064,186,1,2,4.023621892940512,0.094958930538909,0.071535513365921,0.0580037254096741,0.094958930538909,0.071535513365921,0.0580037254096741
Cosmos3_seed103_0064,186,1,3,5.896061986983971,0.0940770026937418,0.0434489681987926,0.0351928698219282,0.0940770026937418,0.0434489681987926,0.0351928698219282
Cosmos3_seed103_0064,186,2,3,1.3954031561738507,0.1188336505730669,0.0676863732307409,0.0629523449729991,0.1188336505730669,0.0676863732307409,0.0629523449729991
Cosmos3_seed103_0064,188,1,2,4.0333195303779705,0.0973845199209555,0.0735600855151483,0.0597618716092264,0.0973845199209555,0.0735600855151483,0.0597618716092264
Cosmos3_seed103_0064,188,1,3,0.2119420409403699,0.1280671001949604,0.1058317422344281,0.0890749051486977,0.1280671001949604,0.1058317422344281,0.0890749051486977
Cosmos3_seed103_0064,188,2,3,5.585437808036821,0.1012382912653258,0.0631939458767457,0.0609983399101847,0.1012382912653258,0.0631939458767457,0.0609983399101847
LVP_0004,0,1,3,0.7200826966072041,0.047315863441361,0.0099909161722758,0.0097388977756809,0.047315863441361,0.0099909161722758,0.0097388977756809
LVP_0004,0,2,3,0.0,0.0834395564495744,0.0227914819641532,0.0141343107258777,0.0,0.0,0.0
LVP_0004,3,1,3,0.7195382574562865,0.0458331858905203,0.0096373709258443,0.0093752191659296,0.0458331858905203,0.0096373709258443,0.0093752191659296
LVP_0004,3,2,3,0.0,0.0667402173437933,0.0182800646084867,0.0114132376820703,0.0,0.0,0.0
LVP_0004,6,1,2,0.7214138954495838,0.0373464267553204,0.0077613772706412,0.0075046467005593,0.0373464267553204,0.0077613772706412,0.0075046467005593
LVP_0004,6,2,3,0.0,0.0870155821558001,0.0237507046867027,0.0147315797968707,0.0,0.0,0.0
LVP_0004,9,1,2,0.7238763978485282,0.0365628055247561,0.0076828434979405,0.0074103235802796,0.0365628055247561,0.0076828434979405,0.0074103235802796
LVP_0004,9,2,3,0.0,0.0842151153029063,0.0229660355858506,0.0141994520905286,0.0,0.0,0.0
LVP_0004,12,1,2,5.310601993053353,0.1130131945328731,0.1017004500584896,0.0976791951264507,0.1130131945328731,0.1017004500584896,0.0976791951264507
LVP_0004,12,2,3,6.181814515164124,0.1600690178489606,0.1068078034835958,0.1060014100565856,0.1600690178489606,0.1068078034835958,0.1060014100565856
LVP_0004,15,1,2,5.179392675752809,0.1150881351932503,0.1008650970731596,0.0988492648712147,0.1150881351932503,0.1008650970731596,0.0988492648712147
LVP_0004,15,2,3,6.189709926911422,0.1421183961828796,0.0974844528479134,0.0972726990926691,0.1421183961828796,0.0974844528479134,0.0972726990926691
LVP_0004,18,1,2,6.1481689082494775,0.1519057567919898,0.1043297278773724,0.1035985621033493,0.1519057567919898,0.1043297278773724,0.1035985621033493
LVP_0004,18,1,3,2.823988555944887,0.1098981494410036,0.0345706019192507,0.0258221058233761,0.1098981494410036,0.0345706019192507,0.0258221058233761
LVP_0004,21,1,2,6.325633767870564,0.1636190358630128,0.1150748598919606,0.1115688452250409,0.1636190358630128,0.1150748598919606,0.1115688452250409
LVP_0004,21,1,3,3.4930113546161525,0.0774228711341552,0.0482650122376944,0.0320045785900761,0.0774228711341552,0.0482650122376944,0.0320045785900761
LVP_0004,21,2,3,1.4142346144098403,0.1128104320483269,0.0725256180090073,0.0642847502108719,0.1128104320483269,0.0725256180090073,0.0642847502108719
LVP_0004,24,1,2,6.152821707535082,0.1432395111195165,0.0961067787046845,0.0928210253306669,0.1432395111195165,0.0961067787046845,0.0928210253306669
LVP_0004,24,1,3,3.767227022078027,0.0910130621565704,0.0591961885602006,0.0392693026202698,0.0910130621565704,0.0591961885602006,0.0392693026202698
LVP_0004,24,2,3,1.5167319075558032,0.1074506799949739,0.06884318470392,0.0667359397242503,0.1074506799949739,0.06884318470392,0.0667359397242503
LVP_0004,27,1,2,6.170471623152152,0.1350806929514097,0.089493229244578,0.0849537463531462,0.1350806929514097,0.089493229244578,0.0849537463531462
LVP_0004,27,1,3,2.846722103913271,0.0968346179053607,0.0295132818501214,0.0208582485357791,0.0968346179053607,0.0295132818501214,0.0208582485357791
LVP_0004,30,1,2,6.220292478109027,0.1776348315153656,0.124362670388183,0.1222040618264017,0.1776348315153656,0.124362670388183,0.1222040618264017
LVP_0004,30,1,3,2.8446548707997534,0.1266203764582128,0.0404257529355354,0.0308323037698369,0.1266203764582128,0.0404257529355354,0.0308323037698369
LVP_0004,33,1,2,6.263524604200658,0.1203447943277445,0.0605056221423678,0.0523166534551885,0.1203447943277445,0.0605056221423678,0.0523166534551885
LVP_0004,33,1,3,0.0,0.0550602592234819,0.0308664965638772,0.0259197107226667,0.0,0.0,0.0
LVP_0004,33,2,3,3.9406521783157396,0.0655248048438791,0.0184681436892465,0.0179358445723566,0.0655248048438791,0.0184681436892465,0.0179358445723566
LVP_0004,36,1,2,0.21159880557894653,0.0505775333182424,0.0379826461217203,0.0351278796802279,0.0505775333182424,0.0379826461217203,0.0351278796802279
LVP_0004,36,1,3,1.385539462357703,0.0542974318190086,0.0354718174229302,0.0329229125896701,0.0542974318190086,0.0354718174229302,0.0329229125896701
LVP_0004,36,2,3,2.44490805573948,0.0572172252805613,0.0280710409206988,0.0240957276119612,0.0572172252805613,0.0280710409206988,0.0240957276119612
LVP_0004,39,1,2,0.18789749268076256,0.0444437598927351,0.0343195542527991,0.0321717946498008,0.0444437598927351,0.0343195542527991,0.0321717946498008
LVP_0004,39,1,3,1.4599170444339318,0.0328299906241867,0.0203485366079664,0.0192593058364183,0.0328299906241867,0.0203485366079664,0.0192593058364183
LVP_0004,39,2,3,2.543074962778955,0.0581407952121553,0.0278275028866861,0.0246896727655192,0.0581407952121553,0.0278275028866861,0.0246896727655192
LVP_0004,42,1,2,0.25295013572518066,0.0457400553806155,0.0368818762178917,0.0361222071569219,0.0457400553806155,0.0368818762178917,0.0361222071569219
LVP_0004,45,1,2,1.2870945223481511,0.086481929530645,0.0550447959206701,0.0464270801920746,0.086481929530645,0.0550447959206701,0.0464270801920746
LVP_0004,45,2,3,0.6913663844299046,0.0992896301237922,0.0487373309830064,0.0260417036299562,0.0992896301237922,0.0487373309830064,0.0260417036299562
LVP_0004,48,1,2,1.4297245998866295,0.0842444844768059,0.0498800547465496,0.0444770084955379,0.0842444844768059,0.0498800547465496,0.0444770084955379
LVP_0004,48,2,3,0.0,0.092398371949955,0.039719423261898,0.0196032348090811,0.0,0.0,0.0
LVP_0030,18,1,2,0.21446982166650178,0.0486675507800905,0.0115838606824083,0.0102847603890995,0.0486675507800905,0.0115838606824083,0.0102847603890995
LVP_0030,18,2,3,0.0,0.0395532481584866,0.0278245318803931,0.0203206101251295,0.0,0.0,0.0
LVP_0030,21,1,2,0.21423462201568697,0.055691081569213,0.0131881786217512,0.011632896023254,0.055691081569213,0.0131881786217512,0.011632896023254
LVP_0030,21,2,3,0.21192027466870847,0.0233046103537443,0.0101741350203034,0.0078334902675511,0.0233046103537443,0.0101741350203034,0.0078334902675511
LVP_0030,24,1,2,2.583621786382232,0.0776039401480429,0.0363274639950574,0.0242669239288094,0.0776039401480429,0.0363274639950574,0.0242669239288094
LVP_0030,24,2,3,0.6236397093097902,0.0654817772914519,0.0122327355562296,0.0100685280905803,0.0654817772914519,0.0122327355562296,0.0100685280905803
LVP_0030,39,1,2,0.0,0.1476791495575541,0.1161989373598668,0.1020901534866388,0.0,0.0,0.0
LVP_0030,42,1,2,0.0,0.0958319440059597,0.0744368634636344,0.0644194300955446,0.0,0.0,0.0
LVP_0030,45,1,2,0.016969316888315215,0.5364997181968477,0.5104263622743114,0.4943860868481444,0.5364997181968477,0.5104263622743114,0.4943860868481444
LVP_0030,48,1,2,0.029191892944965044,0.5699864391988918,0.5473584055420595,0.5292057435649038,0.5699864391988918,0.5473584055420595,0.5292057435649038
LVP_0043,3,1,3,0.014471628481196977,0.0630369336569097,0.0089180797945713,0.0088978164221248,0.0630369336569097,0.0089180797945713,0.0088978164221248
LVP_0043,6,1,3,0.025752023637622534,0.0629518416786665,0.0088757166047458,0.0088586099602293,0.0629518416786665,0.0088757166047458,0.0088586099602293
LVP_0043,9,1,3,0.015404096452250049,0.0602155264694417,0.0083764793685484,0.0083517735715795,0.0602155264694417,0.0083764793685484,0.0083517735715795
LVP_0043,15,1,3,0.027537183096544612,0.0536551747194241,0.00756781840498,0.0075212535386465,0.0536551747194241,0.00756781840498,0.0075212535386465
LVP_0043,30,1,3,0.0,0.0743619581220536,0.0104205602660547,0.0102109089661648,0.0,0.0,0.0
LVP_0043,33,1,3,0.0,0.0675662147659022,0.0094722799946508,0.009354432972657,0.0,0.0,0.0
LVP_0043,36,1,3,0.00018752518249055757,0.0705401405120228,0.0098802472942588,0.0097643233618452,0.0705401405120228,0.0098802472942588,0.0097643233618452
LVP_0043,39,1,3,0.014682605842676482,0.0675012304040435,0.0094705095074194,0.0093730491757061,0.0675012304040435,0.0094705095074194,0.0093730491757061
LVP_0043,42,1,3,0.01351485066219975,0.0855472011411203,0.0120119612078165,0.0119377709110013,0.0855472011411203,0.0120119612078165,0.0119377709110013
LVP_0043,45,1,3,0.012625987299089815,0.0765001818234958,0.0108113526286973,0.0107709529552286,0.0765001818234958,0.0108113526286973,0.0107709529552286
LVP_0043,48,1,3,0.02608573019608686,0.0754547142001852,0.0106483808519254,0.0106289568372401,0.0754547142001852,0.0106483808519254,0.0106289568372401
LVP_0053,0,1,2,5.396398221203522,0.0876858945885203,0.065193854944019,0.0630708848378179,0.0876858945885203,0.065193854944019,0.0630708848378179
LVP_0053,0,1,3,1.6016207493898755,0.0584008826157647,0.0174826988063556,0.0142098206499401,0.0584008826157647,0.0174826988063556,0.0142098206499401
LVP_0053,3,1,2,7.9257826276209515,0.2524215597757836,0.2290790929462911,0.2241523891424305,0.2524215597757836,0.2290790929462911,0.2241523891424305
LVP_0053,3,1,3,3.387049212171216,0.0612841609529036,0.0394501713366265,0.029699732005638,0.0612841609529036,0.0394501713366265,0.029699732005638
LVP_0053,3,2,3,1.1286587098629397,0.0487537583691125,0.0320738306979797,0.0219135872854543,0.0487537583691125,0.0320738306979797,0.0219135872854543
LVP_0053,6,1,2,5.472197407029159,0.0814884768656327,0.0594855878868571,0.0573263735074398,0.0814884768656327,0.0594855878868571,0.0573263735074398
LVP_0053,6,1,3,1.5309126385940734,0.0539160669534946,0.0149896396500336,0.0132389579112567,0.0539160669534946,0.0149896396500336,0.0132389579112567
LVP_0053,9,1,2,6.644645259652176,0.1152111368313157,0.0863337703401151,0.0829052675215259,0.1152111368313157,0.0863337703401151,0.0829052675215259
LVP_0053,9,1,3,3.4139395357075077,0.0987475358217612,0.0579245673416486,0.0449016608560024,0.0987475358217612,0.0579245673416486,0.0449016608560024
LVP_0053,9,2,3,1.0942671621959268,0.1287351682912419,0.1007737665220375,0.0813477753189504,0.1287351682912419,0.1007737665220375,0.0813477753189504
LVP_0053,12,1,2,1.0914467943355213,0.1442916320995243,0.1123027312175141,0.0912397727356429,0.1442916320995243,0.1123027312175141,0.0912397727356429
LVP_0053,12,1,3,1.4210105053729891,0.1818738978064457,0.1443102065865972,0.1227511570439586,0.1818738978064457,0.1443102065865972,0.1227511570439586
LVP_0053,15,1,2,1.452609582477069,0.1888078524142412,0.1446391890116187,0.1200546980763244,0.1888078524142412,0.1446391890116187,0.1200546980763244
LVP_0053,15,1,3,1.1369213437984085,0.149893390676225,0.1174763436284303,0.0927202732926247,0.149893390676225,0.1174763436284303,0.0927202732926247
LVP_0053,18,1,2,1.140930933560526,0.1795665898055414,0.1438429474848981,0.1176999885597867,0.1795665898055414,0.1438429474848981,0.1176999885597867
LVP_0053,18,1,3,1.4055462955700375,0.2114555699672914,0.1677998658396914,0.1393444275189617,0.2114555699672914,0.1677998658396914,0.1393444275189617
LVP_0053,21,1,2,1.144488703963795,0.1471104725808322,0.1161723664323242,0.0967076970247851,0.1471104725808322,0.1161723664323242,0.0967076970247851
LVP_0053,21,1,3,1.3880999249222084,0.1887692697136873,0.1465050966679645,0.1176700242791156,0.1887692697136873,0.1465050966679645,0.1176700242791156
LVP_0053,24,1,2,5.244602641772152,0.0544544517599562,0.0381689436908834,0.0338497340688371,0.0544544517599562,0.0381689436908834,0.0338497340688371
LVP_0053,24,1,3,6.173321234536821,0.0628998079877132,0.0338633300512899,0.0233720978447504,0.0628998079877132,0.0338633300512899,0.0233720978447504
LVP_0053,27,1,2,6.811232269774315,0.1294694559286615,0.061595091496075,0.0460681401974696,0.1294694559286615,0.061595091496075,0.0460681401974696
LVP_0053,27,1,3,6.584601194325026,0.0762109550957855,0.0615716591851252,0.0515395638685671,0.0762109550957855,0.0615716591851252,0.0515395638685671
LVP_0053,30,1,2,1.0738359624757585,0.1585742112438701,0.1226270847980088,0.0965370872991641,0.1585742112438701,0.1226270847980088,0.0965370872991641
LVP_0053,30,2,3,1.4090155418537558,0.1681749966453276,0.1268756490036292,0.1078031591225603,0.1681749966453276,0.1268756490036292,0.1078031591225603
LVP_0053,33,1,2,1.0681656083924638,0.1734356105768075,0.1362359622350701,0.1089382888156842,0.1734356105768075,0.1362359622350701,0.1089382888156842
LVP_0053,33,2,3,1.3792891508751166,0.1458351485673444,0.1126053262513081,0.0936816307198696,0.1458351485673444,0.1126053262513081,0.0936816307198696
LVP_0053,36,1,3,2.345875214594251,0.14351495219265,0.0750097206804891,0.0736100997875085,0.14351495219265,0.0750097206804891,0.0736100997875085
LVP_0053,36,2,3,2.7090587971700826,0.1376018189041757,0.0703610539206732,0.0458126933163605,0.1376018189041757,0.0703610539206732,0.0458126933163605
LVP_0053,45,1,2,1.0568787076614823,0.1891629195147006,0.1451305126961225,0.1172171040489425,0.1891629195147006,0.1451305126961225,0.1172171040489425
LVP_0053,45,1,3,1.399159671773205,0.1745497669101841,0.1369263381914929,0.1187658416971927,0.1745497669101841,0.1369263381914929,0.1187658416971927
LVP_0053,48,1,2,1.0340673039370454,0.1287565080854435,0.0997521883799449,0.0837460874645354,0.1287565080854435,0.0997521883799449,0.0837460874645354
LVP_0053,48,1,3,1.3586792560764505,0.1401626932338044,0.1122405901051238,0.0955231109961424,0.1401626932338044,0.1122405901051238,0.0955231109961424
LVP_0054,0,1,2,3.5651907415264934,0.0374985366198264,0.0114587558008346,0.0098014795346265,0.0374985366198264,0.0114587558008346,0.0098014795346265
LVP_0054,0,2,3,0.0,0.0333231618556466,0.0077711996967106,0.0062722520648461,0.0,0.0,0.0
LVP_0054,3,1,2,8.910893598543272,0.0654212411704693,0.0476398555242099,0.0357500685758765,0.0654212411704693,0.0476398555242099,0.0357500685758765
LVP_0054,3,1,3,3.452065018573219,0.073760318201756,0.0214385048491858,0.0189184652104643,0.073760318201756,0.0214385048491858,0.0189184652104643
LVP_0054,6,1,2,10.30885562199538,0.1545809872910572,0.1107999761057775,0.0980944374962623,0.1545809872910572,0.1107999761057775,0.0980944374962623
LVP_0054,6,1,3,9.039979985331234,0.0651437888816753,0.0472002819321751,0.036021522224968,0.0651437888816753,0.0472002819321751,0.036021522224968
LVP_0054,6,2,3,1.1509967933531424,0.1417012768273396,0.1159686569469638,0.1089197782874181,0.1417012768273396,0.1159686569469638,0.1089197782874181
LVP_0054,9,1,2,13.059217857947013,0.191188803516513,0.1719976926607313,0.1647493959570031,0.191188803516513,0.1719976926607313,0.1647493959570031
LVP_0054,9,1,3,12.131660938270313,0.078729233201436,0.0536399987642994,0.0510775407292508,0.078729233201436,0.0536399987642994,0.0510775407292508
LVP_0054,9,2,3,1.5801065532080678,0.1661098204174378,0.1181535667182098,0.1012157788769419,0.1661098204174378,0.1181535667182098,0.1012157788769419
LVP_0054,12,1,2,12.814489006436927,0.2381449860656305,0.1846085493772506,0.1542433094110606,0.2381449860656305,0.1846085493772506,0.1542433094110606
LVP_0054,12,2,3,3.7703359948577666,0.0901998254767904,0.029809964900847,0.0217013928542816,0.0901998254767904,0.029809964900847,0.0217013928542816
LVP_0054,15,1,2,12.695676557559471,0.1819500442928259,0.135019658145461,0.1047971280815495,0.1819500442928259,0.135019658145461,0.1047971280815495
LVP_0054,15,2,3,4.077894201884472,0.0563053692832888,0.0193539678733585,0.0138855116739304,0.0563053692832888,0.0193539678733585,0.0138855116739304
LVP_0054,18,1,2,9.042157204459675,0.0819323967394394,0.0626010074071621,0.0526543009098056,0.0819323967394394,0.0626010074071621,0.0526543009098056
LVP_0054,18,2,3,12.134610910793109,0.1488274923371034,0.1185262279287076,0.1037834889821093,0.1488274923371034,0.1185262279287076,0.1037834889821093
LVP_0054,21,1,3,8.61325801702578,0.0726195397479371,0.0525939320903324,0.047772760902198,0.0726195397479371,0.0525939320903324,0.047772760902198
LVP_0054,21,2,3,12.200177165113674,0.1256049525951911,0.1089011431666703,0.1042574765277484,0.1256049525951911,0.1089011431666703,0.1042574765277484
LVP_0054,24,1,2,1.9966704266303807,0.182102586131418,0.1677724312131238,0.156619712875858,0.182102586131418,0.1677724312131238,0.156619712875858
LVP_0054,24,1,3,10.046931919884319,0.1708681709175815,0.1175534166298583,0.1144789422465055,0.1708681709175815,0.1175534166298583,0.1144789422465055
LVP_0054,24,2,3,12.090672966521842,0.1435578370590934,0.1057974418142024,0.0949226825215584,0.1435578370590934,0.1057974418142024,0.0949226825215584
LVP_0054,27,1,2,10.58937025245569,0.2179535327594159,0.1531948691899699,0.1455629280033576,0.2179535327594159,0.1531948691899699,0.1455629280033576
LVP_0054,27,2,3,2.000796058710967,0.0568570553387561,0.014483201555597,0.0135086868345928,0.0568570553387561,0.014483201555597,0.0135086868345928
LVP_0054,30,1,2,10.42272905782839,0.138752365301687,0.0971294850023918,0.0923219340166386,0.138752365301687,0.0971294850023918,0.0923219340166386
LVP_0054,30,1,3,8.663353430139379,0.0912793017972232,0.0658129590862716,0.0502554100253916,0.0912793017972232,0.0658129590862716,0.0502554100253916
LVP_0054,30,2,3,1.6341656979933075,0.1374126873509089,0.0941715566600166,0.0863294626152316,0.1374126873509089,0.0941715566600166,0.0863294626152316
LVP_0054,33,1,2,10.533967122896627,0.1487552884751741,0.1051317310929426,0.0982265424018902,0.1487552884751741,0.1051317310929426,0.0982265424018902
LVP_0054,33,1,3,8.336866285160765,0.0829109211898156,0.0609143685327341,0.0448586605812178,0.0829109211898156,0.0609143685327341,0.0448586605812178
LVP_0054,33,2,3,1.6391646481390632,0.1189416750083055,0.0816464107906979,0.0783559432894586,0.1189416750083055,0.0816464107906979,0.0783559432894586
LVP_0054,36,1,2,10.683349407333298,0.1631001675128099,0.1113929991399625,0.108476745122721,0.1631001675128099,0.1113929991399625,0.108476745122721
LVP_0054,36,1,3,9.288100319937936,0.1068374333570323,0.0734268224320825,0.0564635479075289,0.1068374333570323,0.0734268224320825,0.0564635479075289
LVP_0054,36,2,3,1.601896114978918,0.130229410973504,0.0871603796240882,0.0774121578927993,0.130229410973504,0.0871603796240882,0.0774121578927993
LVP_0054,39,1,2,1.2560773763267055,0.1164892602845472,0.0885394656890253,0.0734989732468022,0.1164892602845472,0.0885394656890253,0.0734989732468022
LVP_0054,39,1,3,0.7527486598872449,0.0320584529180888,0.018035776360525,0.011057615023473,0.0320584529180888,0.018035776360525,0.011057615023473
LVP_0054,39,2,3,1.1286237318674779,0.0671527290529487,0.0312925748973397,0.021207486842178,0.0671527290529487,0.0312925748973397,0.021207486842178
LVP_0054,42,1,2,1.2300539129850423,0.1275090520879296,0.0979358475880171,0.0792555972802459,0.1275090520879296,0.0979358475880171,0.0792555972802459
LVP_0054,45,1,2,1.2355926004033633,0.1185666195924133,0.0909097523054701,0.0742390761961352,0.1185666195924133,0.0909097523054701,0.0742390761961352
LVP_0054,48,1,2,1.2289474334559716,0.1153484340495205,0.0861189931178734,0.0687556179915968,0.1153484340495205,0.0861189931178734,0.0687556179915968
LVP_0055,0,1,2,1.6198682967902467,0.0426876469984837,0.0129984517426588,0.0108456525829924,0.0426876469984837,0.0129984517426588,0.0108456525829924
LVP_0055,0,2,3,0.0,0.0462249606690692,0.0104229236201801,0.0083806339123402,0.0,0.0,0.0
LVP_0055,3,1,2,1.6253727652052357,0.0379603343987435,0.0115881060958738,0.0096969316954613,0.0379603343987435,0.0115881060958738,0.0096969316954613
LVP_0055,3,2,3,0.0,0.0302749475839358,0.0068575098556245,0.0055213085802936,0.0,0.0,0.0
LVP_0055,6,1,2,1.6720595922371408,0.0418764832173671,0.0129633861722994,0.0109943597473745,0.0418764832173671,0.0129633861722994,0.0109943597473745
LVP_0055,6,2,3,0.010572216960711022,0.0341308862458295,0.0076390134596825,0.0061405496063294,0.0341308862458295,0.0076390134596825,0.0061405496063294
LVP_0055,9,1,2,7.524625593570986,0.2732911502719107,0.2521673169378085,0.2388253534686975,0.2732911502719107,0.2521673169378085,0.2388253534686975
LVP_0055,9,1,3,1.652416329166393,0.0610347405708874,0.0186388756183466,0.0157829790765179,0.0610347405708874,0.0186388756183466,0.0157829790765179
LVP_0055,12,1,2,7.5280595893692235,0.2875011375946284,0.2445997562233275,0.2082363381134375,0.2875011375946284,0.2445997562233275,0.2082363381134375
LVP_0055,12,1,3,4.095813073830426,0.1641230751073253,0.1127227289202716,0.0899858534679175,0.1641230751073253,0.1127227289202716,0.0899858534679175
LVP_0055,12,2,3,1.2875376979541717,0.1504559516827669,0.1021853343847684,0.0824384695964225,0.1504559516827669,0.1021853343847684,0.0824384695964225
LVP_0055,15,1,2,7.9357879804121945,0.1228928801855854,0.0699881748348709,0.0469460687364273,0.1228928801855854,0.0699881748348709,0.0469460687364273
LVP_0055,15,1,3,4.2706853769436925,0.164374065286253,0.0730873834320163,0.070744107331084,0.164374065286253,0.0730873834320163,0.070744107331084
LVP_0055,15,2,3,1.2571789437316363,0.1543076353740544,0.1001866453945321,0.0782205756518579,0.1543076353740544,0.1001866453945321,0.0782205756518579
LVP_0055,18,1,2,7.805964973401869,0.1451580446367736,0.1031999146490721,0.0769583597966712,0.1451580446367736,0.1031999146490721,0.0769583597966712
LVP_0055,18,1,3,4.171683494442342,0.1627059022148118,0.0900554304406998,0.080173716679632,0.1627059022148118,0.0900554304406998,0.080173716679632
LVP_0055,18,2,3,1.2264084754984954,0.1391784675478993,0.0923997137706442,0.0719347926530612,0.1391784675478993,0.0923997137706442,0.0719347926530612
LVP_0055,21,1,2,7.424564319163601,0.1216911395100133,0.07015123713372,0.0583529008598176,0.1216911395100133,0.07015123713372,0.0583529008598176
LVP_0055,21,1,3,7.096562564237382,0.091135285338564,0.0776520957102351,0.0731902562051734,0.091135285338564,0.0776520957102351,0.0731902562051734
LVP_0055,24,1,2,6.678108702432032,0.0787487269636655,0.0731716184059298,0.0690609568529012,0.0787487269636655,0.0731716184059298,0.0690609568529012
LVP_0055,24,1,3,7.801883676955313,0.1091745591828652,0.0619904820342243,0.0497902828684245,0.1091745591828652,0.0619904820342243,0.0497902828684245
LVP_0055,27,1,3,7.997470901930645,0.1326797011357485,0.0712457906888912,0.0675924485462095,0.1326797011357485,0.0712457906888912,0.0675924485462095
LVP_0055,27,2,3,7.94915563806969,0.1200621643360168,0.0971773906753691,0.0850201325129708,0.1200621643360168,0.0971773906753691,0.0850201325129708
LVP_0055,30,1,2,7.99683296491553,0.0794078474837703,0.0608109392764707,0.0490380936478899,0.0794078474837703,0.0608109392764707,0.0490380936478899
LVP_0055,30,1,3,8.46384929904193,0.106173325748235,0.0459924144254261,0.0450589899516672,0.106173325748235,0.0459924144254261,0.0450589899516672
LVP_0055,33,1,2,5.735795398520405,0.1158537032678203,0.0779181911654759,0.076964525791887,0.1158537032678203,0.0779181911654759,0.076964525791887
LVP_0055,33,1,3,9.416867069337682,0.0925794643264869,0.065200672665043,0.0538294552657484,0.0925794643264869,0.065200672665043,0.0538294552657484
LVP_0055,36,1,2,5.364816140625148,0.0764687570209577,0.045754803090853,0.0419943644692149,0.0764687570209577,0.045754803090853,0.0419943644692149
LVP_0055,36,2,3,9.93228270049208,0.0585539336303935,0.0446318265728844,0.040834859686116,0.0585539336303935,0.0446318265728844,0.040834859686116
LVP_0055,39,1,2,6.203260638199948,0.1029050493660746,0.0630832289939133,0.0607201249266421,0.1029050493660746,0.0630832289939133,0.0607201249266421
LVP_0055,39,2,3,9.358230358084793,0.1057482130653173,0.0960684794041914,0.0932033306785073,0.1057482130653173,0.0960684794041914,0.0932033306785073
LVP_0055,42,1,2,4.603177258923598,0.060860892984977,0.0394862051100985,0.0260779040255092,0.060860892984977,0.0394862051100985,0.0260779040255092
LVP_0055,42,1,3,2.5964481261673993,0.1482224247915407,0.0560077699833926,0.0522141143733886,0.1482224247915407,0.0560077699833926,0.0522141143733886
LVP_0055,42,2,3,0.32409469471319574,0.0655082590930862,0.0381525305332005,0.0270278188233788,0.0655082590930862,0.0381525305332005,0.0270278188233788
LVP_0055,45,1,2,1.5916547322887147,0.1594084164658908,0.1020477732156363,0.093200756248524,0.1594084164658908,0.1020477732156363,0.093200756248524
LVP_0055,45,1,3,10.324561713926137,0.0937236444590067,0.0797106395182002,0.0770485569911938,0.0937236444590067,0.0797106395182002,0.0770485569911938
LVP_0055,45,2,3,7.8800150243290945,0.1243307126786451,0.0676920760239518,0.0597588117519957,0.1243307126786451,0.0676920760239518,0.0597588117519957
LVP_0055,48,1,3,4.572511079137435,0.0828117057764564,0.0598152272234279,0.0470972365565243,0.0828117057764564,0.0598152272234279,0.0470972365565243
LVP_0055,48,2,3,4.72491317131718,0.0534170761457644,0.0293463699274613,0.0236782181096084,0.0534170761457644,0.0293463699274613,0.0236782181096084
LVP_0056,0,1,2,2.684982315273363,0.0681595318306988,0.0376098360633708,0.0261802970037518,0.0681595318306988,0.0376098360633708,0.0261802970037518
LVP_0056,0,1,3,4.167563075247108,0.0991271797928345,0.0712822096061043,0.0571037008926396,0.0991271797928345,0.0712822096061043,0.0571037008926396
LVP_0056,3,1,2,1.2365931930496556,0.0443341043918095,0.0109916648837849,0.0091882353231135,0.0443341043918095,0.0109916648837849,0.0091882353231135
LVP_0056,3,2,3,0.006900388289264118,0.0217024661456468,0.0048484855930569,0.0038144018926566,0.0217024661456468,0.0048484855930569,0.0038144018926566
LVP_0056,6,1,2,4.207945681684536,0.0932954001003517,0.0687677521496224,0.0553710561268144,0.0932954001003517,0.0687677521496224,0.0553710561268144
LVP_0056,6,1,3,1.2095444629962666,0.0571448782883999,0.0140350323593074,0.0116580624288683,0.0571448782883999,0.0140350323593074,0.0116580624288683
LVP_0056,9,1,2,4.314022529188571,0.105664287966685,0.0751923302954037,0.0622248751894451,0.105664287966685,0.0751923302954037,0.0622248751894451
LVP_0056,9,1,3,1.1981690647172332,0.0760832221921379,0.0185819231148931,0.015823391825935,0.0760832221921379,0.0185819231148931,0.015823391825935
LVP_0056,12,1,3,2.5690607861325407,0.143895678572188,0.0774421141874584,0.0500256211891264,0.143895678572188,0.0774421141874584,0.0500256211891264
LVP_0056,12,2,3,1.0528644431957386,0.0984744093435904,0.064792457375782,0.0428830984145133,0.0984744093435904,0.064792457375782,0.0428830984145133
LVP_0056,15,1,2,6.612694111216644,0.1610770819332208,0.0832232508661454,0.0724162122118752,0.1610770819332208,0.0832232508661454,0.0724162122118752
LVP_0056,15,1,3,1.0449238917483632,0.148739417394899,0.0956385900666322,0.066110884126351,0.148739417394899,0.0956385900666322,0.066110884126351
LVP_0056,15,2,3,2.697435666313802,0.1477126358934008,0.0527555762414725,0.0389838144536687,0.1477126358934008,0.0527555762414725,0.0389838144536687
LVP_0056,18,1,2,1.0481449740884072,0.1734134089053104,0.1111991067865335,0.0757836790014086,0.1734134089053104,0.1111991067865335,0.0757836790014086
LVP_0056,18,1,3,1.5932148647421087,0.2096009082376042,0.1400333810575209,0.1330443558412462,0.2096009082376042,0.1400333810575209,0.1330443558412462
LVP_0056,21,1,2,1.0724620700490304,0.176155480077271,0.115647323323999,0.0809432483768471,0.176155480077271,0.115647323323999,0.0809432483768471
LVP_0056,21,1,3,1.5845692969247966,0.2191705380283143,0.1449701366501965,0.1321125917836763,0.2191705380283143,0.1449701366501965,0.1321125917836763
LVP_0056,24,1,2,1.0637711268439973,0.1624388481820882,0.1027688287698522,0.0708462410647279,0.1624388481820882,0.1027688287698522,0.0708462410647279
LVP_0056,24,1,3,7.425554676282628,0.1098932324429522,0.0628896148111855,0.0619406136619543,0.1098932324429522,0.0628896148111855,0.0619406136619543
LVP_0056,24,2,3,3.0959290656526437,0.1280117982619912,0.0505025596924508,0.0324405588648541,0.1280117982619912,0.0505025596924508,0.0324405588648541
LVP_0056,27,1,2,7.237848771552122,0.0814193951457518,0.0797654284059892,0.0796813247308286,0.0814193951457518,0.0797654284059892,0.0796813247308286
LVP_0056,27,2,3,7.717627777193484,0.1196651384893982,0.0682639550795004,0.065206978417316,0.1196651384893982,0.0682639550795004,0.065206978417316
LVP_0056,30,1,2,7.327485086468192,0.096243551722772,0.0563750644144164,0.0538555775195564,0.096243551722772,0.0563750644144164,0.0538555775195564
LVP_0056,30,1,3,3.4552346387261705,0.1225560244448693,0.0527533431099813,0.0364118382803396,0.1225560244448693,0.0527533431099813,0.0364118382803396
LVP_0056,30,2,3,1.0478088611223197,0.1435129163221067,0.094629652251451,0.0695387944313005,0.1435129163221067,0.094629652251451,0.0695387944313005
LVP_0056,33,1,3,4.067148631613708,0.1128787599537857,0.0711981997315518,0.0594933158078601,0.1128787599537857,0.0711981997315518,0.0594933158078601
LVP_0056,33,2,3,4.295204320607734,0.1005814682604129,0.0504659399715471,0.0334901927369553,0.1005814682604129,0.0504659399715471,0.0334901927369553
LVP_0056,36,1,2,4.528760041876481,0.1171648231470924,0.080298779325467,0.0553470615870636,0.1171648231470924,0.080298779325467,0.0553470615870636
LVP_0056,36,1,3,8.71427650455673,0.0684328657758651,0.0621464765431953,0.0610865834030414,0.0684328657758651,0.0621464765431953,0.0610865834030414
LVP_0056,36,2,3,1.1314522388189572,0.1105750280956467,0.0749155562525836,0.0565368915671918,0.1105750280956467,0.0749155562525836,0.0565368915671918
LVP_0056,39,1,2,9.721847321863569,0.1069405788388778,0.0605643381065098,0.0570802511468041,0.1069405788388778,0.0605643381065098,0.0570802511468041
LVP_0056,39,1,3,1.031126358549902,0.1077459045257054,0.0691626566750865,0.0474804800630444,0.1077459045257054,0.0691626566750865,0.0474804800630444
LVP_0056,39,2,3,4.775424225801307,0.095581807611119,0.0371614899808072,0.0253101730329581,0.095581807611119,0.0371614899808072,0.0253101730329581
LVP_0056,42,1,2,1.05253402363966,0.0929385730439554,0.059220207607706,0.0415509399665076,0.0929385730439554,0.059220207607706,0.0415509399665076
LVP_0056,42,1,3,1.5471221566627755,0.1406246816291529,0.0918967039454217,0.0800116179012662,0.1406246816291529,0.0918967039454217,0.0800116179012662
LVP_0056,45,1,3,0.7355852383229973,0.0293395621078787,0.0157787536347287,0.0107588974966084,0.0293395621078787,0.0157787536347287,0.0107588974966084
LVP_0056,45,2,3,0.3517758328192773,0.0894130439239213,0.0560278937209752,0.0420918948262752,0.0894130439239213,0.0560278937209752,0.0420918948262752
LVP_0056,48,1,2,1.1588683746123802,0.1858459591323369,0.1275867415762304,0.0954498958814656,0.1858459591323369,0.1275867415762304,0.0954498958814656
LVP_0056,48,1,3,0.9764074320066325,0.1718737235801093,0.1266546225695447,0.111916833940911,0.1718737235801093,0.1266546225695447,0.111916833940911
