case,frame,evidence
Cosmos2.5_0016,0,0.0
Cosmos2.5_0016,3,0.0
Cosmos2.5_0016,6,0.0
Cosmos2.5_0016,9,0.0
Cosmos2.5_0016,12,0.0
Cosmos2.5_0016,15,0.0
Cosmos2.5_0016,18,0.0
Cosmos2.5_0016,21,0.0
Cosmos2.5_0016,24,0.0
Cosmos2.5_0016,27,0.11203266982801802
Cosmos2.5_0016,30,0.2106405842731959
Cosmos2.5_0016,33,0.2611479544333696
Cosmos2.5_0016,36,0.25491180011328557
Cosmos2.5_0016,39,0.24123419358900977
Cosmos2.5_0016,42,0.29230758041935834
Cosmos2.5_0016,45,0.2615459306479633
Cosmos2.5_0016,48,0.24928298642297764
Cosmos2.5_0016,51,0.2669652529528027
Cosmos2.5_0016,54,0.2945864785124946
Cosmos2.5_0016,57,0.27811479467298683
Cosmos2.5_0016,60,0.29607467307685853
Cosmos2.5_0016,63,0.2968844723190827
Cosmos2.5_0016,66,0.29684324499948817
Cosmos2.5_0016,69,0.28007674653745307
Cosmos2.5_0016,72,0.29537265472459945
Cosmos2.5_0016,75,0.3051590744463748
Cosmos2.5_0016,78,0.29426399454084473
Cosmos2.5_0016,81,0.29653915844272627
Cosmos2.5_0016,84,0.2658529978592612
Cosmos2.5_0016,87,0.2845929871463946
Cosmos2.5_0016,90,0.3258202788397912
Cosmos2.5_0016,92,0.3308717129227664
Cosmos2.5_0036,0,0.14270065470154372
Cosmos2.5_0036,3,0.08747666472171149
Cosmos2.5_0036,6,0.06997295559659802
Cosmos2.5_0036,9,0.05110371215387782
Cosmos2.5_0036,12,0.039582011822147656
Cosmos2.5_0036,15,0.07028995661817437
Cosmos2.5_0036,18,0.016426153909919753
Cosmos2.5_0036,21,0.00943053010371421
Cosmos2.5_0036,24,0.04999659699301286
Cosmos2.5_0036,27,0.008584927608391333
Cosmos2.5_0036,30,0.10906190048661489
Cosmos2.5_0036,33,0.023483818506379758
Cosmos2.5_0036,36,0.06866801330434248
Cosmos2.5_0036,39,0.11329209704886105
Cosmos2.5_0036,42,0.025495706911641148
Cosmos2.5_0036,45,0.13503439530228462
Cosmos2.5_0036,48,0.033689128953046085
Cosmos2.5_0036,51,0.0
Cosmos2.5_0036,54,0.0
Cosmos2.5_0036,57,0.07712219845279711
Cosmos2.5_0036,60,0.0
Cosmos2.5_0036,63,0.044127441517315416
Cosmos2.5_0036,66,0.0
Cosmos2.5_0036,69,0.04357297737369601
Cosmos2.5_0036,72,0.03019991489627524
Cosmos2.5_0036,75,0.03824731546899395
Cosmos2.5_0036,78,0.047549815957751686
Cosmos2.5_0036,81,0.03789620520452204
Cosmos2.5_0036,84,0.0
Cosmos2.5_0036,87,0.04111814411049052
Cosmos2.5_0036,90,0.06520695072989019
Cosmos2.5_0036,92,0.04143242209263962
Cosmos2.5_0057,0,0.1623734308494294
Cosmos2.5_0057,3,0.1249030653083274
Cosmos2.5_0057,6,0.11531399409144083
Cosmos2.5_0057,9,0.11096656699977878
Cosmos2.5_0057,12,0.11099553199808855
Cosmos2.5_0057,15,0.11509589810656917
Cosmos2.5_0057,18,0.16407024776187776
Cosmos2.5_0057,21,0.1354116101719333
Cosmos2.5_0057,24,0.1429798685571414
Cosmos2.5_0057,27,0.13280575361554667
Cosmos2.5_0057,30,0.11117348639697132
Cosmos2.5_0057,33,0.21305598916579704
Cosmos2.5_0057,36,0.08061959494422868
Cosmos2.5_0057,39,0.1403865807979134
Cosmos2.5_0057,42,0.1491272551205273
Cosmos2.5_0057,45,0.1265662791838541
Cosmos2.5_0057,48,0.1347932265273722
Cosmos2.5_0057,51,0.16105172933099268
Cosmos2.5_0057,54,0.17386041243863334
Cosmos2.5_0057,57,0.17977579324100548
Cosmos2.5_0057,60,0.1979615398177478
Cosmos2.5_0057,63,0.20658289715680875
Cosmos2.5_0057,66,0.1863210593121178
Cosmos2.5_0057,69,0.19315561853176622
Cosmos2.5_0057,72,0.19271152364992372
Cosmos2.5_0057,75,0.2294352083235063
Cosmos2.5_0057,78,0.21092626350379512
Cosmos2.5_0057,81,0.20792840272682353
Cosmos2.5_0057,84,0.1682726992132038
Cosmos2.5_0057,87,0.17166263007768537
Cosmos2.5_0057,90,0.05938581029277833
Cosmos2.5_0057,92,0.053316457542321324
Cosmos2.5_0058,0,0.0
Cosmos2.5_0058,3,0.0
Cosmos2.5_0058,6,0.0
Cosmos2.5_0058,9,0.0
Cosmos2.5_0058,12,0.0
Cosmos2.5_0058,15,0.08444791252117961
Cosmos2.5_0058,18,0.1206163228243478
Cosmos2.5_0058,21,0.12186625532354263
Cosmos2.5_0058,24,0.24038644289777006
Cosmos2.5_0058,27,0.28963905085179115
Cosmos2.5_0058,30,0.27048454709762826
Cosmos2.5_0058,33,0.25100408782602135
Cosmos2.5_0058,36,0.21193678881450997
Cosmos2.5_0058,39,0.2538482742726173
Cosmos2.5_0058,42,0.27425437795442525
Cosmos2.5_0058,45,0.28026397983176216
Cosmos2.5_0058,48,0.31057615380212966
Cosmos2.5_0058,51,0.3190805068565604
Cosmos2.5_0058,54,0.34517547346330674
Cosmos2.5_0058,57,0.3026961889797589
Cosmos2.5_0058,60,0.2971752494855063
Cosmos2.5_0058,63,0.2791122101382189
Cosmos2.5_0058,66,0.2953553889627359
Cosmos2.5_0058,69,0.33189453375625494
Cosmos2.5_0058,72,0.3227181946959643
Cosmos2.5_0058,75,0.3177457158265753
Cosmos2.5_0058,78,0.3186803007969248
Cosmos2.5_0058,81,0.2719049222957451
Cosmos2.5_0058,84,0.3223464492483968
Cosmos2.5_0058,87,0.3248818803304838
Cosmos2.5_0058,90,0.2889002622794696
Cosmos2.5_0058,92,0.3220832897235012
Cosmos2.5_0064,0,0.10025005281178602
Cosmos2.5_0064,3,0.11599948230637677
Cosmos2.5_0064,6,0.1174511627647034
Cosmos2.5_0064,9,0.12719064288448342
Cosmos2.5_0064,12,0.12567851431477528
Cosmos2.5_0064,15,0.15254513818628165
Cosmos2.5_0064,18,0.11651917069219896
Cosmos2.5_0064,21,0.12416413786095672
Cosmos2.5_0064,24,0.10638039960708279
Cosmos2.5_0064,27,0.14008483413271117
Cosmos2.5_0064,30,0.13487310220147056
Cosmos2.5_0064,33,0.1494702106307354
Cosmos2.5_0064,36,0.11615702593232749
Cosmos2.5_0064,39,0.1425750430718558
Cosmos2.5_0064,42,0.14417205886016077
Cosmos2.5_0064,45,0.15652472836924325
Cosmos2.5_0064,48,0.13329537399455932
Cosmos2.5_0064,51,0.14738047538314994
Cosmos2.5_0064,54,0.14576213124440449
Cosmos2.5_0064,57,0.16047831529006068
Cosmos2.5_0064,60,0.12667788109797726
Cosmos2.5_0064,63,0.10435085604395523
Cosmos2.5_0064,66,0.11207513139136563
Cosmos2.5_0064,69,0.10822729702634974
Cosmos2.5_0064,72,0.09107043235156795
Cosmos2.5_0064,75,0.1269788522042166
Cosmos2.5_0064,78,0.1607753473932183
Cosmos2.5_0064,81,0.13331875274495414
Cosmos2.5_0064,84,0.12011242001176814
Cosmos2.5_0064,87,0.13932867387857298
Cosmos2.5_0064,90,0.12107705692134642
Cosmos2.5_0064,92,0.11790707830223338
Cosmos3_seed101_0003,0,0.11993657705825218
Cosmos3_seed101_0003,3,0.09050698948507138
Cosmos3_seed101_0003,6,0.09270883278888749
Cosmos3_seed101_0003,9,0.08951794164253728
Cosmos3_seed101_0003,12,0.0926144959254823
Cosmos3_seed101_0003,15,0.0843893904561729
Cosmos3_seed101_0003,18,0.06246539149159722
Cosmos3_seed101_0003,21,0.06878953362256895
Cosmos3_seed101_0003,24,0.06005711528766338
Cosmos3_seed101_0003,27,0.09200356989837373
Cosmos3_seed101_0003,30,0.0990839077640171
Cosmos3_seed101_0003,33,0.12480104293613518
Cosmos3_seed101_0003,36,0.13261671107498266
Cosmos3_seed101_0003,39,0.10865324810960979
Cosmos3_seed101_0003,42,0.11816032394865092
Cosmos3_seed101_0003,45,0.3898701545286615
Cosmos3_seed101_0003,48,0.12709322788448268
Cosmos3_seed101_0003,51,0.1990179501494753
Cosmos3_seed101_0003,54,0.15129631026411314
Cosmos3_seed101_0003,57,0.14083795651440106
Cosmos3_seed101_0003,60,0.16902539391864504
Cosmos3_seed101_0003,63,0.19221705007031475
Cosmos3_seed101_0003,66,0.19043499947107173
Cosmos3_seed101_0003,69,0.16550996449298858
Cosmos3_seed101_0003,72,0.1999219230873242
Cosmos3_seed101_0003,75,0.18128677767943072
Cosmos3_seed101_0003,78,0.23124529573822558
Cosmos3_seed101_0003,81,0.18465130886633327
Cosmos3_seed101_0003,84,0.1999271930594007
Cosmos3_seed101_0003,87,0.18634652351971762
Cosmos3_seed101_0003,90,0.13127555987844644
Cosmos3_seed101_0003,93,0.12174522521710325
Cosmos3_seed101_0003,96,0.0768159021006912
Cosmos3_seed101_0003,99,0.09422888228485848
Cosmos3_seed101_0003,102,0.09506953497845051
Cosmos3_seed101_0003,105,0.07999918838326507
Cosmos3_seed101_0003,108,0.1064108829629883
Cosmos3_seed101_0003,111,0.07045703618491674
Cosmos3_seed101_0003,114,0.06584341533632881
Cosmos3_seed101_0003,117,0.07458309629521775
Cosmos3_seed101_0003,120,0.094404249075726
Cosmos3_seed101_0003,123,0.0
Cosmos3_seed101_0003,126,0.08385129347218905
Cosmos3_seed101_0003,129,0.06900716968642419
Cosmos3_seed101_0003,132,0.07033442634185144
Cosmos3_seed101_0003,135,0.09788977380039625
Cosmos3_seed101_0003,138,0.10197886841350193
Cosmos3_seed101_0003,141,0.09178435152141573
Cosmos3_seed101_0003,144,0.2922676740853217
Cosmos3_seed101_0003,147,0.2901355190049235
Cosmos3_seed101_0003,150,0.27306373619659374
Cosmos3_seed101_0003,153,0.26489992765011605
Cosmos3_seed101_0003,156,0.25200755096867183
Cosmos3_seed101_0003,159,0.303561950601412
Cosmos3_seed101_0003,162,0.2971952260495859
Cosmos3_seed101_0003,165,0.3423979810098522
Cosmos3_seed101_0003,168,0.344125678765675
Cosmos3_seed101_0003,171,0.24554616442060465
Cosmos3_seed101_0003,174,0.09159403864485259
Cosmos3_seed101_0003,177,0.08755667150224401
Cosmos3_seed101_0003,180,0.0741429963737714
Cosmos3_seed101_0003,183,0.06776344579603485
Cosmos3_seed101_0003,186,0.08687137250879923
Cosmos3_seed101_0003,188,0.054141855049598064
Cosmos3_seed101_0010,0,0.4053871135290343
Cosmos3_seed101_0010,3,0.40444157600872427
Cosmos3_seed101_0010,6,0.4018201080657945
Cosmos3_seed101_0010,9,0.4028601638713853
Cosmos3_seed101_0010,12,0.4173080927413038
Cosmos3_seed101_0010,15,0.40779811267910454
Cosmos3_seed101_0010,18,0.39648151072230464
Cosmos3_seed101_0010,21,0.378050104982903
Cosmos3_seed101_0010,24,0.3946407909705764
Cosmos3_seed101_0010,27,0.41664162177697667
Cosmos3_seed101_0010,30,0.4111435627978641
Cosmos3_seed101_0010,33,0.3821157756449862
Cosmos3_seed101_0010,36,0.4186385574478595
Cosmos3_seed101_0010,39,0.38969370240884543
Cosmos3_seed101_0010,42,0.4030999488806991
Cosmos3_seed101_0010,45,0.37914780847684787
Cosmos3_seed101_0010,48,0.3789543999232809
Cosmos3_seed101_0010,51,0.39035297191658563
Cosmos3_seed101_0010,54,0.3772541283051728
Cosmos3_seed101_0010,57,0.3945487051429838
Cosmos3_seed101_0010,60,0.4114731100496356
Cosmos3_seed101_0010,63,0.3956009813628775
Cosmos3_seed101_0010,66,0.40100945157819723
Cosmos3_seed101_0010,69,0.41434823527453546
Cosmos3_seed101_0010,72,0.42302509090555984
Cosmos3_seed101_0010,75,0.37335144335250947
Cosmos3_seed101_0010,78,0.3813059547429556
Cosmos3_seed101_0010,81,0.3969991767959174
Cosmos3_seed101_0010,84,0.3766461208470912
Cosmos3_seed101_0010,87,0.3721913226950045
Cosmos3_seed101_0010,90,0.39465322452318585
Cosmos3_seed101_0010,93,0.27519891198057006
Cosmos3_seed101_0010,96,0.29951101968841687
Cosmos3_seed101_0010,99,0.2972067317093467
Cosmos3_seed101_0010,102,0.30930350333002454
Cosmos3_seed101_0010,105,0.3267938699156786
Cosmos3_seed101_0010,108,0.3134926891646426
Cosmos3_seed101_0010,111,0.27713428123772227
Cosmos3_seed101_0010,114,0.2550042977731968
Cosmos3_seed101_0010,117,0.24262220311641944
Cosmos3_seed101_0010,120,0.2236510212840694
Cosmos3_seed101_0010,123,0.24680371563739198
Cosmos3_seed101_0010,126,0.2136313552596299
Cosmos3_seed101_0010,129,0.22701687972114198
Cosmos3_seed101_0010,132,0.16911722435594204
Cosmos3_seed101_0010,135,0.19554960282085043
Cosmos3_seed101_0010,138,0.20581362004910833
Cosmos3_seed101_0010,141,0.2890508533580229
Cosmos3_seed101_0010,144,0.290808717263169
Cosmos3_seed101_0010,147,0.2796291490239486
Cosmos3_seed101_0010,150,0.28163658123154955
Cosmos3_seed101_0010,153,0.27877358167300764
Cosmos3_seed101_0010,156,0.2842521349961741
Cosmos3_seed101_0010,159,0.24843440445812473
Cosmos3_seed101_0010,162,0.23194662015359338
Cosmos3_seed101_0010,165,0.232241397405503
Cosmos3_seed101_0010,168,0.24571692716635765
Cosmos3_seed101_0010,171,0.22213568960667532
Cosmos3_seed101_0010,174,0.2306756665132075
Cosmos3_seed101_0010,177,0.2492570011156787
Cosmos3_seed101_0010,180,0.2990622092628485
Cosmos3_seed101_0010,183,0.3031093594067646
Cosmos3_seed101_0010,186,0.3109622873950383
Cosmos3_seed101_0010,188,0.27047030271384165
Cosmos3_seed101_0012,0,0.3568962913745689
Cosmos3_seed101_0012,3,0.3271782012949423
Cosmos3_seed101_0012,6,0.3527963148140951
Cosmos3_seed101_0012,9,0.3670572608276611
Cosmos3_seed101_0012,12,0.36605818610061985
Cosmos3_seed101_0012,15,0.3490827045071714
Cosmos3_seed101_0012,18,0.342387512433961
Cosmos3_seed101_0012,21,0.35256397465436723
Cosmos3_seed101_0012,24,0.3948528426911195
Cosmos3_seed101_0012,27,0.37527563875927394
Cosmos3_seed101_0012,30,0.3157102418842864
Cosmos3_seed101_0012,33,0.3236807917367589
Cosmos3_seed101_0012,36,0.31219299349347496
Cosmos3_seed101_0012,39,0.31698040098193647
Cosmos3_seed101_0012,42,0.3017414480331786
Cosmos3_seed101_0012,45,0.38789337893638287
Cosmos3_seed101_0012,48,0.35645813147283084
Cosmos3_seed101_0012,51,0.3783673652695362
Cosmos3_seed101_0012,54,0.3586686542017973
Cosmos3_seed101_0012,57,0.3675179868039545
Cosmos3_seed101_0012,60,0.3613479787725249
Cosmos3_seed101_0012,63,0.3760981663882465
Cosmos3_seed101_0012,66,0.37737853944752126
Cosmos3_seed101_0012,69,0.3780165115027803
Cosmos3_seed101_0012,72,0.34172748106523676
Cosmos3_seed101_0012,75,0.3316180637209289
Cosmos3_seed101_0012,78,0.3382403893520491
Cosmos3_seed101_0012,81,0.33615270718222806
Cosmos3_seed101_0012,84,0.33437188412291163
Cosmos3_seed101_0012,87,0.32332939291067986
Cosmos3_seed101_0012,90,0.30218123230175836
Cosmos3_seed101_0012,93,0.3302971441937499
Cosmos3_seed101_0012,96,0.3134020219104108
Cosmos3_seed101_0012,99,0.3630654142148035
Cosmos3_seed101_0012,102,0.3162039129463622
Cosmos3_seed101_0012,105,0.34457590180399106
Cosmos3_seed101_0012,108,0.2879975185554394
Cosmos3_seed101_0012,111,0.3370540951556566
Cosmos3_seed101_0012,114,0.33509897546053896
Cosmos3_seed101_0012,117,0.2653521734948783
Cosmos3_seed101_0012,120,0.2297746146941859
Cosmos3_seed101_0012,123,0.20578235408059525
Cosmos3_seed101_0012,126,0.2148006466459133
Cosmos3_seed101_0012,129,0.2311073460820352
Cosmos3_seed101_0012,132,0.19154809777523002
Cosmos3_seed101_0012,135,0.15353853366211384
Cosmos3_seed101_0012,138,0.10764590502383888
Cosmos3_seed101_0012,141,0.17323387302069287
Cosmos3_seed101_0012,144,0.2150670389690933
Cosmos3_seed101_0012,147,0.19803211358476763
Cosmos3_seed101_0012,150,0.22723161739292388
Cosmos3_seed101_0012,153,0.1768807851540673
Cosmos3_seed101_0012,156,0.20382456486915101
Cosmos3_seed101_0012,159,0.27278468240028136
Cosmos3_seed101_0012,162,0.23064696490410425
Cosmos3_seed101_0012,165,0.1714135492397597
Cosmos3_seed101_0012,168,0.19342434859354773
Cosmos3_seed101_0012,171,0.18916925489836056
Cosmos3_seed101_0012,174,0.19589734006774812
Cosmos3_seed101_0012,177,0.2107462486932147
Cosmos3_seed101_0012,180,0.20531537331962965
Cosmos3_seed101_0012,183,0.23643324043354091
Cosmos3_seed101_0012,186,0.23458482573519612
Cosmos3_seed101_0012,188,0.2476624451478554
Cosmos3_seed101_0017,0,0.11172814462179342
Cosmos3_seed101_0017,3,0.10737545416059194
Cosmos3_seed101_0017,6,0.1157911495670682
Cosmos3_seed101_0017,9,0.14118780101518424
Cosmos3_seed101_0017,12,0.13473933471449442
Cosmos3_seed101_0017,15,0.1284197475722956
Cosmos3_seed101_0017,18,0.10432292741578392
Cosmos3_seed101_0017,21,0.11125934537438296
Cosmos3_seed101_0017,24,0.11017854222446392
Cosmos3_seed101_0017,27,0.1085263191896994
Cosmos3_seed101_0017,30,0.0981922876664923
Cosmos3_seed101_0017,33,0.13072704659725506
Cosmos3_seed101_0017,36,0.12249677029219977
Cosmos3_seed101_0017,39,0.12342205828903909
Cosmos3_seed101_0017,42,0.114985513859356
Cosmos3_seed101_0017,45,0.11937056373083507
Cosmos3_seed101_0017,48,0.1182566069146701
Cosmos3_seed101_0017,51,0.14177813191822555
Cosmos3_seed101_0017,54,0.12272583042093656
Cosmos3_seed101_0017,57,0.10642902857816057
Cosmos3_seed101_0017,60,0.11586712879254372
Cosmos3_seed101_0017,63,0.12340592672743807
Cosmos3_seed101_0017,66,0.11263876614256833
Cosmos3_seed101_0017,69,0.1152569169841716
Cosmos3_seed101_0017,72,0.09662891267550357
Cosmos3_seed101_0017,75,0.09735916133882531
Cosmos3_seed101_0017,78,0.13581628917006844
Cosmos3_seed101_0017,81,0.12296801311039895
Cosmos3_seed101_0017,84,0.1387559569436866
Cosmos3_seed101_0017,87,0.11630957017543014
Cosmos3_seed101_0017,90,0.12434704170579235
Cosmos3_seed101_0017,93,0.13578544533091624
Cosmos3_seed101_0017,96,0.11802517644796247
Cosmos3_seed101_0017,99,0.09944045607888592
Cosmos3_seed101_0017,102,0.09107463617941554
Cosmos3_seed101_0017,105,0.1257819400268763
Cosmos3_seed101_0017,108,0.08285378143547831
Cosmos3_seed101_0017,111,0.09817050227761381
Cosmos3_seed101_0017,114,0.1393312729379218
Cosmos3_seed101_0017,117,0.10067858956867116
Cosmos3_seed101_0017,120,0.14642144296336757
Cosmos3_seed101_0017,123,0.10313076200155877
Cosmos3_seed101_0017,126,0.08881407744688831
Cosmos3_seed101_0017,129,0.08567892509414934
Cosmos3_seed101_0017,132,0.06211145840535082
Cosmos3_seed101_0017,135,0.08034007966779894
Cosmos3_seed101_0017,138,0.10654203156196687
Cosmos3_seed101_0017,141,0.08355740681814046
Cosmos3_seed101_0017,144,0.0904701640994769
Cosmos3_seed101_0017,147,0.10192977669641146
Cosmos3_seed101_0017,150,0.091739231540149
Cosmos3_seed101_0017,153,0.08735410508205957
Cosmos3_seed101_0017,156,0.08366809355608076
Cosmos3_seed101_0017,159,0.08339119545315658
Cosmos3_seed101_0017,162,0.13370170179831609
Cosmos3_seed101_0017,165,0.08124085483247348
Cosmos3_seed101_0017,168,0.07894947052082042
Cosmos3_seed101_0017,171,0.14083886205928606
Cosmos3_seed101_0017,174,0.0749439061617762
Cosmos3_seed101_0017,177,0.07828025661455411
Cosmos3_seed101_0017,180,0.09047326362192427
Cosmos3_seed101_0017,183,0.07947871602190036
Cosmos3_seed101_0017,186,0.07670074173513688
Cosmos3_seed101_0017,188,0.06938053134604491
Cosmos3_seed101_0020,0,0.0
Cosmos3_seed101_0020,3,0.0
Cosmos3_seed101_0020,6,0.0
Cosmos3_seed101_0020,9,0.0
Cosmos3_seed101_0020,12,0.0
Cosmos3_seed101_0020,15,0.0
Cosmos3_seed101_0020,18,0.0
Cosmos3_seed101_0020,21,0.0
Cosmos3_seed101_0020,24,0.0
Cosmos3_seed101_0020,27,0.0
Cosmos3_seed101_0020,30,0.0
Cosmos3_seed101_0020,33,0.0
Cosmos3_seed101_0020,36,0.0
Cosmos3_seed101_0020,39,0.0
Cosmos3_seed101_0020,42,0.0
Cosmos3_seed101_0020,45,0.0
Cosmos3_seed101_0020,48,0.0
Cosmos3_seed101_0020,51,0.0
Cosmos3_seed101_0020,54,0.0
Cosmos3_seed101_0020,57,0.0
Cosmos3_seed101_0020,60,0.0
Cosmos3_seed101_0020,63,0.0
Cosmos3_seed101_0020,66,0.0
Cosmos3_seed101_0020,69,0.0
Cosmos3_seed101_0020,72,0.0
Cosmos3_seed101_0020,75,0.0
Cosmos3_seed101_0020,78,0.0
Cosmos3_seed101_0020,81,0.0
Cosmos3_seed101_0020,84,0.0
Cosmos3_seed101_0020,87,0.0
Cosmos3_seed101_0020,90,0.0
Cosmos3_seed101_0020,93,0.0
Cosmos3_seed101_0020,96,0.0
Cosmos3_seed101_0020,99,0.0
Cosmos3_seed101_0020,102,0.0
Cosmos3_seed101_0020,105,0.0
Cosmos3_seed101_0020,108,0.0
Cosmos3_seed101_0020,111,0.0
Cosmos3_seed101_0020,114,0.0
Cosmos3_seed101_0020,117,0.0
Cosmos3_seed101_0020,120,0.09848382646873564
Cosmos3_seed101_0020,123,0.0
Cosmos3_seed101_0020,126,0.21223781049039395
Cosmos3_seed101_0020,129,0.23531770018058615
Cosmos3_seed101_0020,132,0.36482905398849597
Cosmos3_seed101_0020,135,0.3632572981247848
Cosmos3_seed101_0020,138,0.4124385921641501
Cosmos3_seed101_0020,141,0.5523072717863773
Cosmos3_seed101_0020,144,0.5444430877052375
Cosmos3_seed101_0020,147,0.4699975409750458
Cosmos3_seed101_0020,150,0.33888473807600866
Cosmos3_seed101_0020,153,0.3356370892824851
Cosmos3_seed101_0020,156,0.3646823171752609
Cosmos3_seed101_0020,159,0.3972640814103626
Cosmos3_seed101_0020,162,0.384226054682641
Cosmos3_seed101_0020,165,0.4748447555515186
Cosmos3_seed101_0020,168,0.4975433665930569
Cosmos3_seed101_0020,171,0.478708125363884
Cosmos3_seed101_0020,174,0.5694300279739486
Cosmos3_seed101_0020,177,0.6155322446575117
Cosmos3_seed101_0020,180,0.5995513688480552
Cosmos3_seed101_0020,183,0.5673175187934107
Cosmos3_seed101_0020,186,0.6429967508173098
Cosmos3_seed101_0020,188,0.6296789351817654
Cosmos3_seed101_0027,0,0.027139003821003076
Cosmos3_seed101_0027,3,0.09054374931780503
Cosmos3_seed101_0027,6,0.07411212327785081
Cosmos3_seed101_0027,9,0.05138680169741279
Cosmos3_seed101_0027,12,0.04288145947288615
Cosmos3_seed101_0027,15,0.060836092150432716
Cosmos3_seed101_0027,18,0.04063822492892001
Cosmos3_seed101_0027,21,0.029853679390922084
Cosmos3_seed101_0027,24,0.05069751457216885
Cosmos3_seed101_0027,27,0.05697327449176132
Cosmos3_seed101_0027,30,0.08186794520615369
Cosmos3_seed101_0027,33,0.05128476546171876
Cosmos3_seed101_0027,36,0.048565015915414136
Cosmos3_seed101_0027,39,0.06150506660686956
Cosmos3_seed101_0027,42,0.1137804233092801
Cosmos3_seed101_0027,45,0.10977418076781974
Cosmos3_seed101_0027,48,0.09321639496863053
Cosmos3_seed101_0027,51,0.1435284412804754
Cosmos3_seed101_0027,54,0.1499115416279414
Cosmos3_seed101_0027,57,0.16386370034835226
Cosmos3_seed101_0027,60,0.15952694787721938
Cosmos3_seed101_0027,63,0.10776491641504422
Cosmos3_seed101_0027,66,0.11086866749426053
Cosmos3_seed101_0027,69,0.13667408207799195
Cosmos3_seed101_0027,72,0.17179244235203817
Cosmos3_seed101_0027,75,0.1597243557254437
Cosmos3_seed101_0027,78,0.09785004057518051
Cosmos3_seed101_0027,81,0.11897435829318581
Cosmos3_seed101_0027,84,0.12291217269679983
Cosmos3_seed101_0027,87,0.11298566765668819
Cosmos3_seed101_0027,90,0.0687416063972926
Cosmos3_seed101_0027,93,0.08702333464729343
Cosmos3_seed101_0027,96,0.10411922476903838
Cosmos3_seed101_0027,99,0.10019211588535475
Cosmos3_seed101_0027,102,0.10905609025534208
Cosmos3_seed101_0027,105,0.11540263574438973
Cosmos3_seed101_0027,108,0.11265516225205659
Cosmos3_seed101_0027,111,0.10642123342051225
Cosmos3_seed101_0027,114,0.11912643319670317
Cosmos3_seed101_0027,117,0.12481452461598251
Cosmos3_seed101_0027,120,0.126344541921269
Cosmos3_seed101_0027,123,0.09463407328847719
Cosmos3_seed101_0027,126,0.08372713512439986
Cosmos3_seed101_0027,129,0.06572674640671955
Cosmos3_seed101_0027,132,0.08227724914573133
Cosmos3_seed101_0027,135,0.08105568871451943
Cosmos3_seed101_0027,138,0.05921431177765848
Cosmos3_seed101_0027,141,0.019075819838019353
Cosmos3_seed101_0027,144,0.024199064550799478
Cosmos3_seed101_0027,147,0.06347605171889216
Cosmos3_seed101_0027,150,0.05419054308402469
Cosmos3_seed101_0027,153,0.07898659683364395
Cosmos3_seed101_0027,156,0.08867578320587398
Cosmos3_seed101_0027,159,0.07230065968277558
Cosmos3_seed101_0027,162,0.11703140333200053
Cosmos3_seed101_0027,165,0.07666210027289821
Cosmos3_seed101_0027,168,0.10472006469017058
Cosmos3_seed101_0027,171,0.0829161137492062
Cosmos3_seed101_0027,174,0.0741467883596371
Cosmos3_seed101_0027,177,0.10894868977036737
Cosmos3_seed101_0027,180,0.10310033395139816
Cosmos3_seed101_0027,183,0.10961712168212272
Cosmos3_seed101_0027,186,0.1164924971613425
Cosmos3_seed101_0027,188,0.1291902872685825
Cosmos3_seed101_0036,0,0.04595338040553227
Cosmos3_seed101_0036,3,0.03402468169461246
Cosmos3_seed101_0036,6,0.062098500853200594
Cosmos3_seed101_0036,9,0.03464511126296162
Cosmos3_seed101_0036,12,0.09665263134303474
Cosmos3_seed101_0036,15,0.027100773532575357
Cosmos3_seed101_0036,18,0.037653427458641635
Cosmos3_seed101_0036,21,0.06203962014359252
Cosmos3_seed101_0036,24,0.08952748166852396
Cosmos3_seed101_0036,27,0.04182305907553755
Cosmos3_seed101_0036,30,0.09528378513887496
Cosmos3_seed101_0036,33,0.037068179062148536
Cosmos3_seed101_0036,36,0.04776644420139389
Cosmos3_seed101_0036,39,0.0351975365877472
Cosmos3_seed101_0036,42,0.07943234666070989
Cosmos3_seed101_0036,45,0.06909686350096612
Cosmos3_seed101_0036,48,0.05772050990560918
Cosmos3_seed101_0036,51,0.0488901983251751
Cosmos3_seed101_0036,54,0.07238076303203067
Cosmos3_seed101_0036,57,0.07766583329671632
Cosmos3_seed101_0036,60,0.09267453638416523
Cosmos3_seed101_0036,63,0.05870334477397216
Cosmos3_seed101_0036,66,0.0943055323236165
Cosmos3_seed101_0036,69,0.09312588185515365
Cosmos3_seed101_0036,72,0.08588740979823152
Cosmos3_seed101_0036,75,0.0
Cosmos3_seed101_0036,78,0.09446437847494014
Cosmos3_seed101_0036,81,0.08733336023587307
Cosmos3_seed101_0036,84,0.0
Cosmos3_seed101_0036,87,0.12320162956569282
Cosmos3_seed101_0036,90,0.09962656895457538
Cosmos3_seed101_0036,93,0.13228981913965893
Cosmos3_seed101_0036,96,0.11859152223384654
Cosmos3_seed101_0036,99,0.12050737649640945
Cosmos3_seed101_0036,102,0.10133440377958397
Cosmos3_seed101_0036,105,0.11694898981657342
Cosmos3_seed101_0036,108,0.14041995182774977
Cosmos3_seed101_0036,111,0.11656706626424919
Cosmos3_seed101_0036,114,0.1090490031410861
Cosmos3_seed101_0036,117,0.09822690903724346
Cosmos3_seed101_0036,120,0.11198556828278228
Cosmos3_seed101_0036,123,0.17776255161861257
Cosmos3_seed101_0036,126,0.1814473987859315
Cosmos3_seed101_0036,129,0.06256767445441863
Cosmos3_seed101_0036,132,0.6874325815720541
Cosmos3_seed101_0036,135,0.44149923926006757
Cosmos3_seed101_0036,138,0.4068952340927209
Cosmos3_seed101_0036,141,0.2716384296092329
Cosmos3_seed101_0036,144,0.2470645857231743
Cosmos3_seed101_0036,147,0.2674990235948921
Cosmos3_seed101_0036,150,0.28923760565387047
Cosmos3_seed101_0036,153,0.2206096047525419
Cosmos3_seed101_0036,156,0.2692069322134008
Cosmos3_seed101_0036,159,0.1832177469050486
Cosmos3_seed101_0036,162,0.2973361104863086
Cosmos3_seed101_0036,165,0.2264783769473503
Cosmos3_seed101_0036,168,0.33301245808161367
Cosmos3_seed101_0036,171,0.4076881066115582
Cosmos3_seed101_0036,174,0.5021371574478313
Cosmos3_seed101_0036,177,0.5167209779006101
Cosmos3_seed101_0036,180,0.5401797600150289
Cosmos3_seed101_0036,183,0.5679659029523143
Cosmos3_seed101_0036,186,0.5697690831316018
Cosmos3_seed101_0036,188,0.5674905462020854
Cosmos3_seed101_0039,0,0.05984328626644002
Cosmos3_seed101_0039,3,0.07157225742886053
Cosmos3_seed101_0039,6,0.07619623394564282
Cosmos3_seed101_0039,9,0.08796280909012605
Cosmos3_seed101_0039,12,0.07901439697669492
Cosmos3_seed101_0039,15,0.07578516555859383
Cosmos3_seed101_0039,18,0.07719241115436608
Cosmos3_seed101_0039,21,0.07498094058775215
Cosmos3_seed101_0039,24,0.0748545747036465
Cosmos3_seed101_0039,27,0.06232009405869731
Cosmos3_seed101_0039,30,0.07572019550396127
Cosmos3_seed101_0039,33,0.0752985715179507
Cosmos3_seed101_0039,36,0.0777625200839276
Cosmos3_seed101_0039,39,0.09229399379860907
Cosmos3_seed101_0039,42,0.09867972499274388
Cosmos3_seed101_0039,45,0.0784051047001423
Cosmos3_seed101_0039,48,0.09079689138572866
Cosmos3_seed101_0039,51,0.08620684250873197
Cosmos3_seed101_0039,54,0.09506512692041227
Cosmos3_seed101_0039,57,0.08198541037807008
Cosmos3_seed101_0039,60,0.09150345139814936
Cosmos3_seed101_0039,63,0.09139648597250358
Cosmos3_seed101_0039,66,0.06549982971570517
Cosmos3_seed101_0039,69,0.07515236445085126
Cosmos3_seed101_0039,72,0.07365262565056038
Cosmos3_seed101_0039,75,0.09151338566973832
Cosmos3_seed101_0039,78,0.07826723240766432
Cosmos3_seed101_0039,81,0.09037583515981736
Cosmos3_seed101_0039,84,0.07615468028395668
Cosmos3_seed101_0039,87,0.08691365341800081
Cosmos3_seed101_0039,90,0.11984572899608359
Cosmos3_seed101_0039,93,0.09248048543742897
Cosmos3_seed101_0039,96,0.09239851031282627
Cosmos3_seed101_0039,99,0.09328507644076076
Cosmos3_seed101_0039,102,0.08660216925798715
Cosmos3_seed101_0039,105,0.09272408651742357
Cosmos3_seed101_0039,108,0.09612762751867023
Cosmos3_seed101_0039,111,0.08691706704000139
Cosmos3_seed101_0039,114,0.0868177018020952
Cosmos3_seed101_0039,117,0.08637166139130825
Cosmos3_seed101_0039,120,0.0820270334361329
Cosmos3_seed101_0039,123,0.0798896648192173
Cosmos3_seed101_0039,126,0.0868797483961072
Cosmos3_seed101_0039,129,0.09482281163041749
Cosmos3_seed101_0039,132,0.09091900718847613
Cosmos3_seed101_0039,135,0.18025512650763822
Cosmos3_seed101_0039,138,0.23502329376205652
Cosmos3_seed101_0039,141,0.2917093165618313
Cosmos3_seed101_0039,144,0.2642049022338549
Cosmos3_seed101_0039,147,0.22198180839039158
Cosmos3_seed101_0039,150,0.27774625344657017
Cosmos3_seed101_0039,153,0.24590696971097287
Cosmos3_seed101_0039,156,0.24199662827615914
Cosmos3_seed101_0039,159,0.2052878205274038
Cosmos3_seed101_0039,162,0.18129612742621254
Cosmos3_seed101_0039,165,0.166319566889877
Cosmos3_seed101_0039,168,0.194093536077543
Cosmos3_seed101_0039,171,0.08869565286808259
Cosmos3_seed101_0039,174,0.5804639508643231
Cosmos3_seed101_0039,177,0.6373723310922651
Cosmos3_seed101_0039,180,0.6117924154569425
Cosmos3_seed101_0039,183,0.570003996712784
Cosmos3_seed101_0039,186,0.5877613488042878
Cosmos3_seed101_0039,188,0.6094874159073462
Cosmos3_seed101_0049,0,0.0
Cosmos3_seed101_0049,3,0.0
Cosmos3_seed101_0049,6,0.0
Cosmos3_seed101_0049,9,0.0
Cosmos3_seed101_0049,12,0.0
Cosmos3_seed101_0049,15,0.0
Cosmos3_seed101_0049,18,0.0
Cosmos3_seed101_0049,21,0.0
Cosmos3_seed101_0049,24,0.0
Cosmos3_seed101_0049,27,0.0
Cosmos3_seed101_0049,30,0.0
Cosmos3_seed101_0049,33,0.0
Cosmos3_seed101_0049,36,0.0
Cosmos3_seed101_0049,39,0.0
Cosmos3_seed101_0049,42,0.0
Cosmos3_seed101_0049,45,0.0
Cosmos3_seed101_0049,48,0.0
Cosmos3_seed101_0049,51,0.0
Cosmos3_seed101_0049,54,0.0
Cosmos3_seed101_0049,57,0.0
Cosmos3_seed101_0049,60,0.0
Cosmos3_seed101_0049,63,0.0
Cosmos3_seed101_0049,66,0.0
Cosmos3_seed101_0049,69,0.0
Cosmos3_seed101_0049,72,0.0
Cosmos3_seed101_0049,75,0.0
Cosmos3_seed101_0049,78,0.0
Cosmos3_seed101_0049,81,0.0
Cosmos3_seed101_0049,84,0.0
Cosmos3_seed101_0049,87,0.0
Cosmos3_seed101_0049,90,0.0
Cosmos3_seed101_0049,93,0.0
Cosmos3_seed101_0049,96,0.0
Cosmos3_seed101_0049,99,0.0
Cosmos3_seed101_0049,102,0.0
Cosmos3_seed101_0049,105,0.0
Cosmos3_seed101_0049,108,0.0
Cosmos3_seed101_0049,111,0.10074088234086485
Cosmos3_seed101_0049,114,0.0
Cosmos3_seed101_0049,117,0.13244742489071495
Cosmos3_seed101_0049,120,0.090557905759162
Cosmos3_seed101_0049,123,0.10393335379723671
Cosmos3_seed101_0049,126,0.0
Cosmos3_seed101_0049,129,0.1534826171758855
Cosmos3_seed101_0049,132,0.0
Cosmos3_seed101_0049,135,0.0
Cosmos3_seed101_0049,138,0.0
Cosmos3_seed101_0049,141,0.0
Cosmos3_seed101_0049,144,0.0
Cosmos3_seed101_0049,147,0.1905284135639587
Cosmos3_seed101_0049,150,0.0
Cosmos3_seed101_0049,153,0.0
Cosmos3_seed101_0049,156,0.034886574624650314
Cosmos3_seed101_0049,159,0.04725054958635482
Cosmos3_seed101_0049,162,0.0
Cosmos3_seed101_0049,165,0.14022942435640964
Cosmos3_seed101_0049,168,0.13292904568710787
Cosmos3_seed101_0049,171,0.13963076390148682
Cosmos3_seed101_0049,174,0.1658523010243475
Cosmos3_seed101_0049,177,0.13258856676419842
Cosmos3_seed101_0049,180,0.0384508174705983
Cosmos3_seed101_0049,183,0.041365544736497006
Cosmos3_seed101_0049,186,0.03802277098800326
Cosmos3_seed101_0049,188,0.037924586863976255
Cosmos3_seed101_0054,0,0.06592869051856722
Cosmos3_seed101_0054,3,0.0725184851062466
Cosmos3_seed101_0054,6,0.0
Cosmos3_seed101_0054,9,0.04155951062141074
Cosmos3_seed101_0054,12,0.044351724410803574
Cosmos3_seed101_0054,15,0.08826187707067351
Cosmos3_seed101_0054,18,0.1842504870551063
Cosmos3_seed101_0054,21,0.15446408641593115
Cosmos3_seed101_0054,24,0.1605012274305105
Cosmos3_seed101_0054,27,0.2103271884031191
Cosmos3_seed101_0054,30,0.2098616442637723
Cosmos3_seed101_0054,33,0.22682274814599032
Cosmos3_seed101_0054,36,0.2231283167452481
Cosmos3_seed101_0054,39,0.2845200880226945
Cosmos3_seed101_0054,42,0.23785758971776622
Cosmos3_seed101_0054,45,0.17545358594799557
Cosmos3_seed101_0054,48,0.15952827048764032
Cosmos3_seed101_0054,51,0.15238696549230898
Cosmos3_seed101_0054,54,0.15903301013281743
Cosmos3_seed101_0054,57,0.16503268125115686
Cosmos3_seed101_0054,60,0.16694124953913886
Cosmos3_seed101_0054,63,0.21868786277017188
Cosmos3_seed101_0054,66,0.15681688805374192
Cosmos3_seed101_0054,69,0.15608458311897744
Cosmos3_seed101_0054,72,0.16569574835598783
Cosmos3_seed101_0054,75,0.1607769417144904
Cosmos3_seed101_0054,78,0.13368620462838168
Cosmos3_seed101_0054,81,0.26367605860187004
Cosmos3_seed101_0054,84,0.2440449506342827
Cosmos3_seed101_0054,87,0.23494188590806409
Cosmos3_seed101_0054,90,0.2037308689482924
Cosmos3_seed101_0054,93,0.1817581428322293
Cosmos3_seed101_0054,96,0.1496880392909238
Cosmos3_seed101_0054,99,0.15900971083024004
Cosmos3_seed101_0054,102,0.22514362428259385
Cosmos3_seed101_0054,105,0.1682184121859509
Cosmos3_seed101_0054,108,0.19910352846060794
Cosmos3_seed101_0054,111,0.2134028021513008
Cosmos3_seed101_0054,114,0.26413289390432576
Cosmos3_seed101_0054,117,0.21782991704245847
Cosmos3_seed101_0054,120,0.18406515769176074
Cosmos3_seed101_0054,123,0.20980131651357165
Cosmos3_seed101_0054,126,0.19697169601474493
Cosmos3_seed101_0054,129,0.2143371653670016
Cosmos3_seed101_0054,132,0.20049738234565548
Cosmos3_seed101_0054,135,0.21334013291259243
Cosmos3_seed101_0054,138,0.20837527705905035
Cosmos3_seed101_0054,141,0.23235759188913566
Cosmos3_seed101_0054,144,0.16127200140869807
Cosmos3_seed101_0054,147,0.1661126644306542
Cosmos3_seed101_0054,150,0.1443664983122858
Cosmos3_seed101_0054,153,0.19211087646119507
Cosmos3_seed101_0054,156,0.1656600031638536
Cosmos3_seed101_0054,159,0.17064981978289934
Cosmos3_seed101_0054,162,0.18289170260121276
Cosmos3_seed101_0054,165,0.22410028164578835
Cosmos3_seed101_0054,168,0.4342529037633879
Cosmos3_seed101_0054,171,0.35059664081622266
Cosmos3_seed101_0054,174,0.316178927454865
Cosmos3_seed101_0054,177,0.42921985197701956
Cosmos3_seed101_0054,180,0.3983685522514372
Cosmos3_seed101_0054,183,0.4129394396430056
Cosmos3_seed101_0054,186,0.36667946753751285
Cosmos3_seed101_0054,188,0.3611872178326138
Cosmos3_seed101_0055,0,0.06836944294123694
Cosmos3_seed101_0055,3,0.07946619543367174
Cosmos3_seed101_0055,6,0.14540858780597504
Cosmos3_seed101_0055,9,0.04726208113602948
Cosmos3_seed101_0055,12,0.03779372925312032
Cosmos3_seed101_0055,15,0.11961020135070675
Cosmos3_seed101_0055,18,0.17856435073602336
Cosmos3_seed101_0055,21,0.1778798292536173
Cosmos3_seed101_0055,24,0.18697335833358383
Cosmos3_seed101_0055,27,0.19299414929793035
Cosmos3_seed101_0055,30,0.18673573674012675
Cosmos3_seed101_0055,33,0.19025674536779685
Cosmos3_seed101_0055,36,0.19542240417152665
Cosmos3_seed101_0055,39,0.1871935027183923
Cosmos3_seed101_0055,42,0.1976291080090685
Cosmos3_seed101_0055,45,0.21301276966536742
Cosmos3_seed101_0055,48,0.21206214030895362
Cosmos3_seed101_0055,51,0.2141567767713864
Cosmos3_seed101_0055,54,0.18946325250735324
Cosmos3_seed101_0055,57,0.19300139296675448
Cosmos3_seed101_0055,60,0.1972748776465523
Cosmos3_seed101_0055,63,0.22234551721771942
Cosmos3_seed101_0055,66,0.22069967780737546
Cosmos3_seed101_0055,69,0.20587050547766905
Cosmos3_seed101_0055,72,0.19842745526399444
Cosmos3_seed101_0055,75,0.13702019951130406
Cosmos3_seed101_0055,78,0.12179926126584752
Cosmos3_seed101_0055,81,0.11456474053146692
Cosmos3_seed101_0055,84,0.14700007777574142
Cosmos3_seed101_0055,87,0.18008545930251796
Cosmos3_seed101_0055,90,0.16562198231650493
Cosmos3_seed101_0055,93,0.174866953701567
Cosmos3_seed101_0055,96,0.15691777275350863
Cosmos3_seed101_0055,99,0.1463606036043971
Cosmos3_seed101_0055,102,0.15971720180345
Cosmos3_seed101_0055,105,0.1356498398217619
Cosmos3_seed101_0055,108,0.14294298540227612
Cosmos3_seed101_0055,111,0.1364806987358093
Cosmos3_seed101_0055,114,0.1639617521695542
Cosmos3_seed101_0055,117,0.2115855322260545
Cosmos3_seed101_0055,120,0.20446526280948835
Cosmos3_seed101_0055,123,0.19902927125667527
Cosmos3_seed101_0055,126,0.23122174669811016
Cosmos3_seed101_0055,129,0.3606434981728871
Cosmos3_seed101_0055,132,0.18247397937012869
Cosmos3_seed101_0055,135,0.09224648057403763
Cosmos3_seed101_0055,138,0.16733342632842563
Cosmos3_seed101_0055,141,0.18797162240025206
Cosmos3_seed101_0055,144,0.1613967394998986
Cosmos3_seed101_0055,147,0.20112592773832513
Cosmos3_seed101_0055,150,0.2720145382484332
Cosmos3_seed101_0055,153,0.29086372603177646
Cosmos3_seed101_0055,156,0.20073620412118984
Cosmos3_seed101_0055,159,0.2077734940011737
Cosmos3_seed101_0055,162,0.19848435621685898
Cosmos3_seed101_0055,165,0.22160544705565874
Cosmos3_seed101_0055,168,0.20221261940629848
Cosmos3_seed101_0055,171,0.21680878084397673
Cosmos3_seed101_0055,174,0.2123684249974682
Cosmos3_seed101_0055,177,0.3882259340489017
Cosmos3_seed101_0055,180,0.4088103968446298
Cosmos3_seed101_0055,183,0.4590057160194164
Cosmos3_seed101_0055,186,0.4646017669977897
Cosmos3_seed101_0055,188,0.44704832989360777
Cosmos3_seed101_0065,0,0.0
Cosmos3_seed101_0065,3,0.0
Cosmos3_seed101_0065,6,0.0
Cosmos3_seed101_0065,9,0.0
Cosmos3_seed101_0065,12,0.0
Cosmos3_seed101_0065,15,0.0
Cosmos3_seed101_0065,18,0.0
Cosmos3_seed101_0065,21,0.0
Cosmos3_seed101_0065,24,0.0
Cosmos3_seed101_0065,27,0.0
Cosmos3_seed101_0065,30,0.0
Cosmos3_seed101_0065,33,0.0
Cosmos3_seed101_0065,36,0.0
Cosmos3_seed101_0065,39,0.0
Cosmos3_seed101_0065,42,0.0
Cosmos3_seed101_0065,45,0.0
Cosmos3_seed101_0065,48,0.0
Cosmos3_seed101_0065,51,0.0
Cosmos3_seed101_0065,54,0.0
Cosmos3_seed101_0065,57,0.0
Cosmos3_seed101_0065,60,0.0
Cosmos3_seed101_0065,63,0.0
Cosmos3_seed101_0065,66,0.0
Cosmos3_seed101_0065,69,0.0
Cosmos3_seed101_0065,72,0.0
Cosmos3_seed101_0065,75,0.0
Cosmos3_seed101_0065,78,0.0
Cosmos3_seed101_0065,81,0.0
Cosmos3_seed101_0065,84,0.0
Cosmos3_seed101_0065,87,0.0
Cosmos3_seed101_0065,90,0.0
Cosmos3_seed101_0065,93,0.0
Cosmos3_seed101_0065,96,0.0
Cosmos3_seed101_0065,99,0.0
Cosmos3_seed101_0065,102,0.0
Cosmos3_seed101_0065,105,0.0
Cosmos3_seed101_0065,108,0.0
Cosmos3_seed101_0065,111,0.0
Cosmos3_seed101_0065,114,0.0
Cosmos3_seed101_0065,117,0.0
Cosmos3_seed101_0065,120,0.0
Cosmos3_seed101_0065,123,0.0
Cosmos3_seed101_0065,126,0.0
Cosmos3_seed101_0065,129,0.0
Cosmos3_seed101_0065,132,0.0
Cosmos3_seed101_0065,135,0.0
Cosmos3_seed101_0065,138,0.13121488106391963
Cosmos3_seed101_0065,141,0.14292727123326063
Cosmos3_seed101_0065,144,0.11971796370723842
Cosmos3_seed101_0065,147,0.1449812380323059
Cosmos3_seed101_0065,150,0.15865410232213348
Cosmos3_seed101_0065,153,0.08765576480423548
Cosmos3_seed101_0065,156,0.29086341837280943
Cosmos3_seed101_0065,159,0.21844842171056697
Cosmos3_seed101_0065,162,0.04983259363150641
Cosmos3_seed101_0065,165,0.16012960257085332
Cosmos3_seed101_0065,168,0.33338820334168917
Cosmos3_seed101_0065,171,0.30499772834647315
Cosmos3_seed101_0065,174,0.39349479032318424
Cosmos3_seed101_0065,177,0.5079523440489291
Cosmos3_seed101_0065,180,0.4795679061128227
Cosmos3_seed101_0065,183,0.49354310326541123
Cosmos3_seed101_0065,186,0.4954526503808792
Cosmos3_seed101_0065,188,0.4824419985956493
Cosmos3_seed102_0000,0,0.15666558018304333
Cosmos3_seed102_0000,3,0.1629062031028106
Cosmos3_seed102_0000,6,0.11157383689036303
Cosmos3_seed102_0000,9,0.12767942052122047
Cosmos3_seed102_0000,12,0.15956191339234466
Cosmos3_seed102_0000,15,0.11362357002628418
Cosmos3_seed102_0000,18,0.19250851398958652
Cosmos3_seed102_0000,21,0.1176328422338965
Cosmos3_seed102_0000,24,0.11651357106236317
Cosmos3_seed102_0000,27,0.0
Cosmos3_seed102_0000,30,0.0
Cosmos3_seed102_0000,33,0.0
Cosmos3_seed102_0000,36,0.1462614608793144
Cosmos3_seed102_0000,39,0.0
Cosmos3_seed102_0000,42,0.0
Cosmos3_seed102_0000,45,0.0
Cosmos3_seed102_0000,48,0.0
Cosmos3_seed102_0000,51,0.0
Cosmos3_seed102_0000,54,0.12623153694070052
Cosmos3_seed102_0000,57,0.0
Cosmos3_seed102_0000,60,0.0
Cosmos3_seed102_0000,63,0.0
Cosmos3_seed102_0000,66,0.14620674823658367
Cosmos3_seed102_0000,69,0.15877654842083222
Cosmos3_seed102_0000,72,0.14324967794552876
Cosmos3_seed102_0000,75,0.14582594359013373
Cosmos3_seed102_0000,78,0.12911019338030114
Cosmos3_seed102_0000,81,0.12289235794020842
Cosmos3_seed102_0000,84,0.1257121020073786
Cosmos3_seed102_0000,87,0.10569508416529443
Cosmos3_seed102_0000,90,0.12546160765709205
Cosmos3_seed102_0000,93,0.12831521511657498
Cosmos3_seed102_0000,96,0.12664616170523946
Cosmos3_seed102_0000,99,0.12147955106907245
Cosmos3_seed102_0000,102,0.1564863065199305
Cosmos3_seed102_0000,105,0.13600579102442298
Cosmos3_seed102_0000,108,0.11913059447323447
Cosmos3_seed102_0000,111,0.11125641397436871
Cosmos3_seed102_0000,114,0.12943516534246727
Cosmos3_seed102_0000,117,0.1490728805463168
Cosmos3_seed102_0000,120,0.12010263302853406
Cosmos3_seed102_0000,123,0.11742572336862891
Cosmos3_seed102_0000,126,0.11896917030452903
Cosmos3_seed102_0000,129,0.11312418426027056
Cosmos3_seed102_0000,132,0.1016762200500497
Cosmos3_seed102_0000,135,0.12772639909344605
Cosmos3_seed102_0000,138,0.08775695921218091
Cosmos3_seed102_0000,141,0.09765509339128724
Cosmos3_seed102_0000,144,0.1040033839756298
Cosmos3_seed102_0000,147,0.09600999081084942
Cosmos3_seed102_0000,150,0.09824534393672736
Cosmos3_seed102_0000,153,0.10731854150021351
Cosmos3_seed102_0000,156,0.10393879319903634
Cosmos3_seed102_0000,159,0.14764057504215494
Cosmos3_seed102_0000,162,0.1202721270691666
Cosmos3_seed102_0000,165,0.11698004786241972
Cosmos3_seed102_0000,168,0.11693908012911008
Cosmos3_seed102_0000,171,0.09064127815154327
Cosmos3_seed102_0000,174,0.11044757941353606
Cosmos3_seed102_0000,177,0.11459440295884078
Cosmos3_seed102_0000,180,0.1355217524710443
Cosmos3_seed102_0000,183,0.07784005067803626
Cosmos3_seed102_0000,186,0.09145402623228319
Cosmos3_seed102_0000,188,0.08236407663852263
Cosmos3_seed102_0001,0,0.15948663417211992
Cosmos3_seed102_0001,3,0.18915239449412138
Cosmos3_seed102_0001,6,0.17929599632992635
Cosmos3_seed102_0001,9,0.16998906024124794
Cosmos3_seed102_0001,12,0.15055646428674357
Cosmos3_seed102_0001,15,0.1863867912999962
Cosmos3_seed102_0001,18,0.16224284324393945
Cosmos3_seed102_0001,21,0.20029540056167405
Cosmos3_seed102_0001,24,0.15096816901190221
Cosmos3_seed102_0001,27,0.19252198308251764
Cosmos3_seed102_0001,30,0.21715359638470258
Cosmos3_seed102_0001,33,0.20639370783629388
Cosmos3_seed102_0001,36,0.17981367018483824
Cosmos3_seed102_0001,39,0.2074081493511311
Cosmos3_seed102_0001,42,0.2211945813738803
Cosmos3_seed102_0001,45,0.2045055969380442
Cosmos3_seed102_0001,48,0.0
Cosmos3_seed102_0001,51,0.0
Cosmos3_seed102_0001,54,0.11482340764081732
Cosmos3_seed102_0001,57,0.17697472598680122
Cosmos3_seed102_0001,60,0.09342421380064485
Cosmos3_seed102_0001,63,0.0
Cosmos3_seed102_0001,66,0.1739001212563963
Cosmos3_seed102_0001,69,0.1439400344603796
Cosmos3_seed102_0001,72,0.10546627752450723
Cosmos3_seed102_0001,75,0.1247820789405466
Cosmos3_seed102_0001,78,0.10780506930822759
Cosmos3_seed102_0001,81,0.10215829622654207
Cosmos3_seed102_0001,84,0.12232782439097599
Cosmos3_seed102_0001,87,0.11243566915647144
Cosmos3_seed102_0001,90,0.1463343522007744
Cosmos3_seed102_0001,93,0.1237526460967847
Cosmos3_seed102_0001,96,0.10295957049810645
Cosmos3_seed102_0001,99,0.1327925930243153
Cosmos3_seed102_0001,102,0.10785526799323483
Cosmos3_seed102_0001,105,0.11442242113850819
Cosmos3_seed102_0001,108,0.09289941146301928
Cosmos3_seed102_0001,111,0.1076071161390415
Cosmos3_seed102_0001,114,0.1363512762932433
Cosmos3_seed102_0001,117,0.1314162631383639
Cosmos3_seed102_0001,120,0.07916893603877262
Cosmos3_seed102_0001,123,0.0
Cosmos3_seed102_0001,126,0.09722094233597472
Cosmos3_seed102_0001,129,0.11500835231281738
Cosmos3_seed102_0001,132,0.1012903421750296
Cosmos3_seed102_0001,135,0.09367851001603691
Cosmos3_seed102_0001,138,0.09857379394716008
Cosmos3_seed102_0001,141,0.09298929304436569
Cosmos3_seed102_0001,144,0.10396794333955306
Cosmos3_seed102_0001,147,0.1082141432098089
Cosmos3_seed102_0001,150,0.09504586115065228
Cosmos3_seed102_0001,153,0.10509605963817124
Cosmos3_seed102_0001,156,0.0938017001342073
Cosmos3_seed102_0001,159,0.11257716651888952
Cosmos3_seed102_0001,162,0.10588818301392681
Cosmos3_seed102_0001,165,0.08910923727340937
Cosmos3_seed102_0001,168,0.08735466654986977
Cosmos3_seed102_0001,171,0.10750846477499297
Cosmos3_seed102_0001,174,0.09788772582552464
Cosmos3_seed102_0001,177,0.1078234825783821
Cosmos3_seed102_0001,180,0.11510771451325985
Cosmos3_seed102_0001,183,0.13052837914016724
Cosmos3_seed102_0001,186,0.11211718661056219
Cosmos3_seed102_0001,188,0.08869318922377606
Cosmos3_seed102_0002,0,0.1611761843532072
Cosmos3_seed102_0002,3,0.16112813018270342
Cosmos3_seed102_0002,6,0.14681173770480857
Cosmos3_seed102_0002,9,0.13137127028947787
Cosmos3_seed102_0002,12,0.1322356939749889
Cosmos3_seed102_0002,15,0.1364732832540334
Cosmos3_seed102_0002,18,0.12615217682555802
Cosmos3_seed102_0002,21,0.09852061171486677
Cosmos3_seed102_0002,24,0.09145068759404215
Cosmos3_seed102_0002,27,0.12215396409544427
Cosmos3_seed102_0002,30,0.11367607029779142
Cosmos3_seed102_0002,33,0.1385520039366258
Cosmos3_seed102_0002,36,0.1372209761945882
Cosmos3_seed102_0002,39,0.13378870862697853
Cosmos3_seed102_0002,42,0.13921936524658773
Cosmos3_seed102_0002,45,0.14991310108458936
Cosmos3_seed102_0002,48,0.144134548447301
Cosmos3_seed102_0002,51,0.1482969737864898
Cosmos3_seed102_0002,54,0.15518300459984216
Cosmos3_seed102_0002,57,0.1571827961234849
Cosmos3_seed102_0002,60,0.17281630900864806
Cosmos3_seed102_0002,63,0.14803743654621476
Cosmos3_seed102_0002,66,0.1476236096015455
Cosmos3_seed102_0002,69,0.0
Cosmos3_seed102_0002,72,0.0
Cosmos3_seed102_0002,75,0.0
Cosmos3_seed102_0002,78,0.10529946926752666
Cosmos3_seed102_0002,81,0.13529551194275116
Cosmos3_seed102_0002,84,0.09343058059826886
Cosmos3_seed102_0002,87,0.1421335483323159
Cosmos3_seed102_0002,90,0.1647557644586417
Cosmos3_seed102_0002,93,0.14919249079640537
Cosmos3_seed102_0002,96,0.0956205965819761
Cosmos3_seed102_0002,99,0.11286781342643955
Cosmos3_seed102_0002,102,0.12228790531780094
Cosmos3_seed102_0002,105,0.13334933449437994
Cosmos3_seed102_0002,108,0.1433851992515562
Cosmos3_seed102_0002,111,0.11956582431772232
Cosmos3_seed102_0002,114,0.14930948111650394
Cosmos3_seed102_0002,117,0.14936058231958801
Cosmos3_seed102_0002,120,0.0923638104929333
Cosmos3_seed102_0002,123,0.12442125327986496
Cosmos3_seed102_0002,126,0.18015967932333277
Cosmos3_seed102_0002,129,0.14171289716234028
Cosmos3_seed102_0002,132,0.15425583543304114
Cosmos3_seed102_0002,135,0.11523237602632753
Cosmos3_seed102_0002,138,0.08593323301824869
Cosmos3_seed102_0002,141,0.12153681658808153
Cosmos3_seed102_0002,144,0.1380934764800046
Cosmos3_seed102_0002,147,0.0
Cosmos3_seed102_0002,150,0.0
Cosmos3_seed102_0002,153,0.0
Cosmos3_seed102_0002,156,0.0
Cosmos3_seed102_0002,159,0.12564232681632864
Cosmos3_seed102_0002,162,0.09124712135538102
Cosmos3_seed102_0002,165,0.10912161530168052
Cosmos3_seed102_0002,168,0.1147606384116721
Cosmos3_seed102_0002,171,0.12136296987633786
Cosmos3_seed102_0002,174,0.12449154372561366
Cosmos3_seed102_0002,177,0.1197640240965525
Cosmos3_seed102_0002,180,0.1297783184417625
Cosmos3_seed102_0002,183,0.10897288710770735
Cosmos3_seed102_0002,186,0.09913787584246296
Cosmos3_seed102_0002,188,0.08212074669411157
Cosmos3_seed102_0003,0,0.11993657705825218
Cosmos3_seed102_0003,3,0.08562833021917052
Cosmos3_seed102_0003,6,0.08936387762322119
Cosmos3_seed102_0003,9,0.09147670993000737
Cosmos3_seed102_0003,12,0.11047032088528136
Cosmos3_seed102_0003,15,0.0944412518672074
Cosmos3_seed102_0003,18,0.1535161199911442
Cosmos3_seed102_0003,21,0.1430139779326681
Cosmos3_seed102_0003,24,0.14483394233495994
Cosmos3_seed102_0003,27,0.1462257125889278
Cosmos3_seed102_0003,30,0.15491202377659385
Cosmos3_seed102_0003,33,0.14604935215936965
Cosmos3_seed102_0003,36,0.14488085145661972
Cosmos3_seed102_0003,39,0.12948744877910665
Cosmos3_seed102_0003,42,0.1478152248003344
Cosmos3_seed102_0003,45,0.13290538834408455
Cosmos3_seed102_0003,48,0.15991261971550347
Cosmos3_seed102_0003,51,0.19373617159203477
Cosmos3_seed102_0003,54,0.18366463259489374
Cosmos3_seed102_0003,57,0.1405559532162384
Cosmos3_seed102_0003,60,0.15486605101092743
Cosmos3_seed102_0003,63,0.1595797727156095
Cosmos3_seed102_0003,66,0.14749698787148716
Cosmos3_seed102_0003,69,0.12380749564704778
Cosmos3_seed102_0003,72,0.16515543889089493
Cosmos3_seed102_0003,75,0.2063100884268874
Cosmos3_seed102_0003,78,0.18472100238381642
Cosmos3_seed102_0003,81,0.1729896518061455
Cosmos3_seed102_0003,84,0.17752793110906775
Cosmos3_seed102_0003,87,0.17894351607799633
Cosmos3_seed102_0003,90,0.2070627957145659
Cosmos3_seed102_0003,93,0.16846247514947546
Cosmos3_seed102_0003,96,0.179357472601336
Cosmos3_seed102_0003,99,0.1501830463635976
Cosmos3_seed102_0003,102,0.132711212629092
Cosmos3_seed102_0003,105,0.15676026909731966
Cosmos3_seed102_0003,108,0.13943752703381065
Cosmos3_seed102_0003,111,0.09448562131257142
Cosmos3_seed102_0003,114,0.06711095210659578
Cosmos3_seed102_0003,117,0.05825136149894658
Cosmos3_seed102_0003,120,0.16086591414706106
Cosmos3_seed102_0003,123,0.12510175636699855
Cosmos3_seed102_0003,126,0.11811569306711314
Cosmos3_seed102_0003,129,0.12166161035526894
Cosmos3_seed102_0003,132,0.12369792107686703
Cosmos3_seed102_0003,135,0.12003799484844888
Cosmos3_seed102_0003,138,0.14595239941292537
Cosmos3_seed102_0003,141,0.16321174429709212
Cosmos3_seed102_0003,144,0.17317690677653028
Cosmos3_seed102_0003,147,0.16285824368953167
Cosmos3_seed102_0003,150,0.16312584490870416
Cosmos3_seed102_0003,153,0.15395883653168912
Cosmos3_seed102_0003,156,0.19257943327606664
Cosmos3_seed102_0003,159,0.12292565519652184
Cosmos3_seed102_0003,162,0.2188720221162569
Cosmos3_seed102_0003,165,0.20314127378170918
Cosmos3_seed102_0003,168,0.2426870148866273
Cosmos3_seed102_0003,171,0.260892752487129
Cosmos3_seed102_0003,174,0.206589236496749
Cosmos3_seed102_0003,177,0.16089401952863705
Cosmos3_seed102_0003,180,0.1566733436179668
Cosmos3_seed102_0003,183,0.1628554910044379
Cosmos3_seed102_0003,186,0.18379907685989783
Cosmos3_seed102_0003,188,0.14707829497741226
Cosmos3_seed102_0004,0,0.08811622381404875
Cosmos3_seed102_0004,3,0.0917397912581245
Cosmos3_seed102_0004,6,0.026312223847784776
Cosmos3_seed102_0004,9,0.030048154794473654
Cosmos3_seed102_0004,12,0.09317540830865423
Cosmos3_seed102_0004,15,0.09220002042082119
Cosmos3_seed102_0004,18,0.09361708335417915
Cosmos3_seed102_0004,21,0.08776875406334114
Cosmos3_seed102_0004,24,0.09661540772710794
Cosmos3_seed102_0004,27,0.08945576526628228
Cosmos3_seed102_0004,30,0.08323871042548521
Cosmos3_seed102_0004,33,0.08937697120603441
Cosmos3_seed102_0004,36,0.08526276817808444
Cosmos3_seed102_0004,39,0.26805635386238297
Cosmos3_seed102_0004,42,0.14974726701399887
Cosmos3_seed102_0004,45,0.14419163442950966
Cosmos3_seed102_0004,48,0.14487957449429376
Cosmos3_seed102_0004,51,0.1649607208030017
Cosmos3_seed102_0004,54,0.1639482301802057
Cosmos3_seed102_0004,57,0.14428804483503455
Cosmos3_seed102_0004,60,0.13550006505460266
Cosmos3_seed102_0004,63,0.1745879671052811
Cosmos3_seed102_0004,66,0.12919692241599423
Cosmos3_seed102_0004,69,0.1447190965554114
Cosmos3_seed102_0004,72,0.16036002380826345
Cosmos3_seed102_0004,75,0.17114609685078297
Cosmos3_seed102_0004,78,0.19826963792801358
Cosmos3_seed102_0004,81,0.19918586857166232
Cosmos3_seed102_0004,84,0.17370676391872883
Cosmos3_seed102_0004,87,0.23874652927412496
Cosmos3_seed102_0004,90,0.23673762558411182
Cosmos3_seed102_0004,93,0.14368141343255708
Cosmos3_seed102_0004,96,0.20894689811348108
Cosmos3_seed102_0004,99,0.23633595383704742
Cosmos3_seed102_0004,102,0.1959058434401185
Cosmos3_seed102_0004,105,0.2061697148580517
Cosmos3_seed102_0004,108,0.15080522528611387
Cosmos3_seed102_0004,111,0.16663321187438473
Cosmos3_seed102_0004,114,0.10365088634759102
Cosmos3_seed102_0004,117,0.112680874116792
Cosmos3_seed102_0004,120,0.09648697307232472
Cosmos3_seed102_0004,123,0.13912818956909456
Cosmos3_seed102_0004,126,0.146715457195173
Cosmos3_seed102_0004,129,0.13257629416615677
Cosmos3_seed102_0004,132,0.1605496619201123
Cosmos3_seed102_0004,135,0.1939892824497502
Cosmos3_seed102_0004,138,0.1933531875325236
Cosmos3_seed102_0004,141,0.14652743447348648
Cosmos3_seed102_0004,144,0.12259850241815869
Cosmos3_seed102_0004,147,0.11916564090253076
Cosmos3_seed102_0004,150,0.14100519921686683
Cosmos3_seed102_0004,153,0.18135624706046102
Cosmos3_seed102_0004,156,0.1737510444141258
Cosmos3_seed102_0004,159,0.10894177825385423
Cosmos3_seed102_0004,162,0.08550176503283136
Cosmos3_seed102_0004,165,0.09514440271478761
Cosmos3_seed102_0004,168,0.08870752513564358
Cosmos3_seed102_0004,171,0.0970372661915856
Cosmos3_seed102_0004,174,0.0863263187252914
Cosmos3_seed102_0004,177,0.08034814710443632
Cosmos3_seed102_0004,180,0.0891161494838154
Cosmos3_seed102_0004,183,0.07052922241752761
Cosmos3_seed102_0004,186,0.08759839505759719
Cosmos3_seed102_0004,188,0.0692371308755961
Cosmos3_seed102_0006,0,0.4031048059874701
Cosmos3_seed102_0006,3,0.3983769545171299
Cosmos3_seed102_0006,6,0.34161203933056233
Cosmos3_seed102_0006,9,0.35617229218300234
Cosmos3_seed102_0006,12,0.3394541166114931
Cosmos3_seed102_0006,15,0.3592030388116078
Cosmos3_seed102_0006,18,0.3766397146284515
Cosmos3_seed102_0006,21,0.3730792691606223
Cosmos3_seed102_0006,24,0.4077306072038625
Cosmos3_seed102_0006,27,0.3887577383724333
Cosmos3_seed102_0006,30,0.34868156977268455
Cosmos3_seed102_0006,33,0.349127775760467
Cosmos3_seed102_0006,36,0.3217844856108696
Cosmos3_seed102_0006,39,0.31332925585882815
Cosmos3_seed102_0006,42,0.3201505073802059
Cosmos3_seed102_0006,45,0.34216496865683577
Cosmos3_seed102_0006,48,0.3055551340637725
Cosmos3_seed102_0006,51,0.32928194657572635
Cosmos3_seed102_0006,54,0.3691048252404044
Cosmos3_seed102_0006,57,0.3341474865454712
Cosmos3_seed102_0006,60,0.35963256515366177
Cosmos3_seed102_0006,63,0.32643284427147257
Cosmos3_seed102_0006,66,0.32916590674454094
Cosmos3_seed102_0006,69,0.35239296043519375
Cosmos3_seed102_0006,72,0.3151484023295845
Cosmos3_seed102_0006,75,0.28596118717572244
Cosmos3_seed102_0006,78,0.2813865103933674
Cosmos3_seed102_0006,81,0.3204536599874817
Cosmos3_seed102_0006,84,0.2791257690594361
Cosmos3_seed102_0006,87,0.2817477857159223
Cosmos3_seed102_0006,90,0.2642128541380109
Cosmos3_seed102_0006,93,0.2525370497906016
Cosmos3_seed102_0006,96,0.21269955076653774
Cosmos3_seed102_0006,99,0.16812526960366392
Cosmos3_seed102_0006,102,0.19563766344298575
Cosmos3_seed102_0006,105,0.1286848700380138
Cosmos3_seed102_0006,108,0.14083085115657548
Cosmos3_seed102_0006,111,0.1165071608821797
Cosmos3_seed102_0006,114,0.10424962820490596
Cosmos3_seed102_0006,117,0.1036340425856351
Cosmos3_seed102_0006,120,0.12629136110375574
Cosmos3_seed102_0006,123,0.21857614492807495
Cosmos3_seed102_0006,126,0.26003938017524997
Cosmos3_seed102_0006,129,0.21648174862143219
Cosmos3_seed102_0006,132,0.17009632059908647
Cosmos3_seed102_0006,135,0.16255280461823854
Cosmos3_seed102_0006,138,0.21984898043789608
Cosmos3_seed102_0006,141,0.1763800377004287
Cosmos3_seed102_0006,144,0.21908830278979105
Cosmos3_seed102_0006,147,0.0
Cosmos3_seed102_0006,150,0.0
Cosmos3_seed102_0006,153,0.0
Cosmos3_seed102_0006,156,0.0
Cosmos3_seed102_0006,159,0.031740373131499876
Cosmos3_seed102_0006,162,0.0
Cosmos3_seed102_0006,165,0.0
Cosmos3_seed102_0006,168,0.0
Cosmos3_seed102_0006,171,0.0
Cosmos3_seed102_0006,174,0.0
Cosmos3_seed102_0006,177,0.0
Cosmos3_seed102_0006,180,0.0
Cosmos3_seed102_0006,183,0.0
Cosmos3_seed102_0006,186,0.0
Cosmos3_seed102_0006,188,0.0
Cosmos3_seed102_0007,0,0.05296908622700179
Cosmos3_seed102_0007,3,0.1012266400690925
Cosmos3_seed102_0007,6,0.10412453222073832
Cosmos3_seed102_0007,9,0.10459948669059535
Cosmos3_seed102_0007,12,0.10497520216948454
Cosmos3_seed102_0007,15,0.10048837715300579
Cosmos3_seed102_0007,18,0.08895490191153378
Cosmos3_seed102_0007,21,0.09158764976237634
Cosmos3_seed102_0007,24,0.09510636293035685
Cosmos3_seed102_0007,27,0.10232189977398568
Cosmos3_seed102_0007,30,0.11485471881324066
Cosmos3_seed102_0007,33,0.07927511367187791
Cosmos3_seed102_0007,36,0.08149337550132317
Cosmos3_seed102_0007,39,0.23423115692988544
Cosmos3_seed102_0007,42,0.06252161746317778
Cosmos3_seed102_0007,45,0.08885954501030251
Cosmos3_seed102_0007,48,0.07730902973560852
Cosmos3_seed102_0007,51,0.04718166381667188
Cosmos3_seed102_0007,54,0.06260371604818657
Cosmos3_seed102_0007,57,0.07891545843278318
Cosmos3_seed102_0007,60,0.08019439356216951
Cosmos3_seed102_0007,63,0.08919505967143598
Cosmos3_seed102_0007,66,0.1114774869961318
Cosmos3_seed102_0007,69,0.10122701154947271
Cosmos3_seed102_0007,72,0.09963138153449523
Cosmos3_seed102_0007,75,0.10233834838046788
Cosmos3_seed102_0007,78,0.09226473028766546
Cosmos3_seed102_0007,81,0.11216357039891654
Cosmos3_seed102_0007,84,0.11822349228310408
Cosmos3_seed102_0007,87,0.09151896623146086
Cosmos3_seed102_0007,90,0.1125994241220854
Cosmos3_seed102_0007,93,0.12597665627325225
Cosmos3_seed102_0007,96,0.11636418957643252
Cosmos3_seed102_0007,99,0.14135856924003073
Cosmos3_seed102_0007,102,0.13593384340630915
Cosmos3_seed102_0007,105,0.0947453507302129
Cosmos3_seed102_0007,108,0.09546193415904822
Cosmos3_seed102_0007,111,0.1192837854414188
Cosmos3_seed102_0007,114,0.1578268699208773
Cosmos3_seed102_0007,117,0.15038729778116625
Cosmos3_seed102_0007,120,0.14945331067828724
Cosmos3_seed102_0007,123,0.12709480883497884
Cosmos3_seed102_0007,126,0.12536763426564823
Cosmos3_seed102_0007,129,0.129330065575312
Cosmos3_seed102_0007,132,0.14416581879223755
Cosmos3_seed102_0007,135,0.12115363469114508
Cosmos3_seed102_0007,138,0.129553574234763
Cosmos3_seed102_0007,141,0.12950438719468638
Cosmos3_seed102_0007,144,0.12333892813500669
Cosmos3_seed102_0007,147,0.13869652610584354
Cosmos3_seed102_0007,150,0.1260818974956694
Cosmos3_seed102_0007,153,0.11193139255324545
Cosmos3_seed102_0007,156,0.12498152400679843
Cosmos3_seed102_0007,159,0.11608022362181221
Cosmos3_seed102_0007,162,0.11297095910661223
Cosmos3_seed102_0007,165,0.10006439135122719
Cosmos3_seed102_0007,168,0.09143463780588598
Cosmos3_seed102_0007,171,0.08140876769620904
Cosmos3_seed102_0007,174,0.08326338448333644
Cosmos3_seed102_0007,177,0.0818724815930901
Cosmos3_seed102_0007,180,0.11821742090006476
Cosmos3_seed102_0007,183,0.09459864669241515
Cosmos3_seed102_0007,186,0.07418020562928065
Cosmos3_seed102_0007,188,0.09491861881469633
Cosmos3_seed102_0008,0,0.2829446180698563
Cosmos3_seed102_0008,3,0.3096179873874951
Cosmos3_seed102_0008,6,0.3265210406984349
Cosmos3_seed102_0008,9,0.36315026997591954
Cosmos3_seed102_0008,12,0.22919929477546386
Cosmos3_seed102_0008,15,0.16408342396972506
Cosmos3_seed102_0008,18,0.2823403614699027
Cosmos3_seed102_0008,21,0.23430398985368545
Cosmos3_seed102_0008,24,0.24194733967167273
Cosmos3_seed102_0008,27,0.23667178190067303
Cosmos3_seed102_0008,30,0.24731288367253987
Cosmos3_seed102_0008,33,0.2431886395844225
Cosmos3_seed102_0008,36,0.21116960216314626
Cosmos3_seed102_0008,39,0.20129601375151196
Cosmos3_seed102_0008,42,0.19611745791521915
Cosmos3_seed102_0008,45,0.27512717722706403
Cosmos3_seed102_0008,48,0.16668368315539397
Cosmos3_seed102_0008,51,0.1885358587264296
Cosmos3_seed102_0008,54,0.0
Cosmos3_seed102_0008,57,0.0
Cosmos3_seed102_0008,60,0.15887372416525153
Cosmos3_seed102_0008,63,0.10876862478511472
Cosmos3_seed102_0008,66,0.12937989788973903
Cosmos3_seed102_0008,69,0.1173123231787018
Cosmos3_seed102_0008,72,0.11286613536870044
Cosmos3_seed102_0008,75,0.11732483999595274
Cosmos3_seed102_0008,78,0.16870902360212178
Cosmos3_seed102_0008,81,0.18938175733075976
Cosmos3_seed102_0008,84,0.15091701899947385
Cosmos3_seed102_0008,87,0.12225715305205483
Cosmos3_seed102_0008,90,0.0
Cosmos3_seed102_0008,93,0.0
Cosmos3_seed102_0008,96,0.0
Cosmos3_seed102_0008,99,0.0
Cosmos3_seed102_0008,102,0.0
Cosmos3_seed102_0008,105,0.0
Cosmos3_seed102_0008,108,0.0
Cosmos3_seed102_0008,111,0.0
Cosmos3_seed102_0008,114,0.0
Cosmos3_seed102_0008,117,0.0
Cosmos3_seed102_0008,120,0.0
Cosmos3_seed102_0008,123,0.0
Cosmos3_seed102_0008,126,0.0
Cosmos3_seed102_0008,129,0.0
Cosmos3_seed102_0008,132,0.0
Cosmos3_seed102_0008,135,0.0
Cosmos3_seed102_0008,138,0.0
Cosmos3_seed102_0008,141,0.0
Cosmos3_seed102_0008,144,0.0
Cosmos3_seed102_0008,147,0.0
Cosmos3_seed102_0008,150,0.0
Cosmos3_seed102_0008,153,0.0
Cosmos3_seed102_0008,156,0.0
Cosmos3_seed102_0008,159,0.0
Cosmos3_seed102_0008,162,0.0
Cosmos3_seed102_0008,165,0.0
Cosmos3_seed102_0008,168,0.05147416584238537
Cosmos3_seed102_0008,171,0.0
Cosmos3_seed102_0008,174,0.0
Cosmos3_seed102_0008,177,0.0
Cosmos3_seed102_0008,180,0.0
Cosmos3_seed102_0008,183,0.0
Cosmos3_seed102_0008,186,0.0
Cosmos3_seed102_0008,188,0.0
Cosmos3_seed102_0009,0,0.2797262458058666
Cosmos3_seed102_0009,3,0.3047980050165683
Cosmos3_seed102_0009,6,0.2926598330908949
Cosmos3_seed102_0009,9,0.2727769321870777
Cosmos3_seed102_0009,12,0.3059119267377772
Cosmos3_seed102_0009,15,0.2365613237812515
Cosmos3_seed102_0009,18,0.29512183611080095
Cosmos3_seed102_0009,21,0.3052866264787437
Cosmos3_seed102_0009,24,0.29234763091675714
Cosmos3_seed102_0009,27,0.272145266597015
Cosmos3_seed102_0009,30,0.2910463901693082
Cosmos3_seed102_0009,33,0.15960012730243958
Cosmos3_seed102_0009,36,0.19746485639810762
Cosmos3_seed102_0009,39,0.24071993592379254
Cosmos3_seed102_0009,42,0.24521552307333463
Cosmos3_seed102_0009,45,0.2286469756596667
Cosmos3_seed102_0009,48,0.30691878287840607
Cosmos3_seed102_0009,51,0.20604536206355378
Cosmos3_seed102_0009,54,0.2781818534670761
Cosmos3_seed102_0009,57,0.1869883018326382
Cosmos3_seed102_0009,60,0.24155526271259864
Cosmos3_seed102_0009,63,0.21589277095655623
Cosmos3_seed102_0009,66,0.20078390088516174
Cosmos3_seed102_0009,69,0.2281611175921278
Cosmos3_seed102_0009,72,0.30108097478982954
Cosmos3_seed102_0009,75,0.3560658413441584
Cosmos3_seed102_0009,78,0.30195935533346624
Cosmos3_seed102_0009,81,0.3455595091561856
Cosmos3_seed102_0009,84,0.3331636137982741
Cosmos3_seed102_0009,87,0.35789784439116823
Cosmos3_seed102_0009,90,0.31840100159331136
Cosmos3_seed102_0009,93,0.3500584036729378
Cosmos3_seed102_0009,96,0.3435000601980652
Cosmos3_seed102_0009,99,0.3808197516296238
Cosmos3_seed102_0009,102,0.39388505340765584
Cosmos3_seed102_0009,105,0.2715058828289741
Cosmos3_seed102_0009,108,0.3663777522417492
Cosmos3_seed102_0009,111,0.3997162286188232
Cosmos3_seed102_0009,114,0.3404885954262594
Cosmos3_seed102_0009,117,0.3427226604671203
Cosmos3_seed102_0009,120,0.3694248590334598
Cosmos3_seed102_0009,123,0.2754010230591026
Cosmos3_seed102_0009,126,0.1689359418078481
Cosmos3_seed102_0009,129,0.0
Cosmos3_seed102_0009,132,0.0
Cosmos3_seed102_0009,135,0.0
Cosmos3_seed102_0009,138,0.0
Cosmos3_seed102_0009,141,0.0
Cosmos3_seed102_0009,144,0.0
Cosmos3_seed102_0009,147,0.0
Cosmos3_seed102_0009,150,0.0
Cosmos3_seed102_0009,153,0.0
Cosmos3_seed102_0009,156,0.0
Cosmos3_seed102_0009,159,0.0
Cosmos3_seed102_0009,162,0.0
Cosmos3_seed102_0009,165,0.0
Cosmos3_seed102_0009,168,0.0
Cosmos3_seed102_0009,171,0.0
Cosmos3_seed102_0009,174,0.0
Cosmos3_seed102_0009,177,0.0
Cosmos3_seed102_0009,180,0.0
Cosmos3_seed102_0009,183,0.0
Cosmos3_seed102_0009,186,0.0
Cosmos3_seed102_0009,188,0.0
Cosmos3_seed102_0010,0,0.4053871135290343
Cosmos3_seed102_0010,3,0.3875070419917968
Cosmos3_seed102_0010,6,0.3708916948595305
Cosmos3_seed102_0010,9,0.3708830360055178
Cosmos3_seed102_0010,12,0.39397765133064594
Cosmos3_seed102_0010,15,0.38261094715569766
Cosmos3_seed102_0010,18,0.3794583182097389
Cosmos3_seed102_0010,21,0.39091465745810466
Cosmos3_seed102_0010,24,0.38586621998724646
Cosmos3_seed102_0010,27,0.3807606905664814
Cosmos3_seed102_0010,30,0.3865564084404886
Cosmos3_seed102_0010,33,0.4083005737405632
Cosmos3_seed102_0010,36,0.4131963202882399
Cosmos3_seed102_0010,39,0.3807612267757641
Cosmos3_seed102_0010,42,0.3896944510456927
Cosmos3_seed102_0010,45,0.38350147923981204
Cosmos3_seed102_0010,48,0.3970976843711332
Cosmos3_seed102_0010,51,0.40508774944029075
Cosmos3_seed102_0010,54,0.3814821646945276
Cosmos3_seed102_0010,57,0.384892606048754
Cosmos3_seed102_0010,60,0.368254686923066
Cosmos3_seed102_0010,63,0.38462302784737984
Cosmos3_seed102_0010,66,0.34585255595749603
Cosmos3_seed102_0010,69,0.3425331896241175
Cosmos3_seed102_0010,72,0.3796679150102952
Cosmos3_seed102_0010,75,0.39529998251403353
Cosmos3_seed102_0010,78,0.3705797660927761
Cosmos3_seed102_0010,81,0.40759803834889
Cosmos3_seed102_0010,84,0.40312016056252553
Cosmos3_seed102_0010,87,0.3751500874262708
Cosmos3_seed102_0010,90,0.3831154036352448
Cosmos3_seed102_0010,93,0.3715061365385999
Cosmos3_seed102_0010,96,0.3464632923626953
Cosmos3_seed102_0010,99,0.38833134186322116
Cosmos3_seed102_0010,102,0.3621590540095812
Cosmos3_seed102_0010,105,0.34352105468143723
Cosmos3_seed102_0010,108,0.35529391224507045
Cosmos3_seed102_0010,111,0.3578842577225173
Cosmos3_seed102_0010,114,0.3636008170276054
Cosmos3_seed102_0010,117,0.35269231343121854
Cosmos3_seed102_0010,120,0.34362304797632176
Cosmos3_seed102_0010,123,0.3590017933251126
Cosmos3_seed102_0010,126,0.3703105826059445
Cosmos3_seed102_0010,129,0.3318358293178616
Cosmos3_seed102_0010,132,0.357779208216579
Cosmos3_seed102_0010,135,0.330109109416894
Cosmos3_seed102_0010,138,0.36957769143699026
Cosmos3_seed102_0010,141,0.3679518808556842
Cosmos3_seed102_0010,144,0.3501609763069387
Cosmos3_seed102_0010,147,0.2933796394640193
Cosmos3_seed102_0010,150,0.2875220916887503
Cosmos3_seed102_0010,153,0.280393178915174
Cosmos3_seed102_0010,156,0.353819123852832
Cosmos3_seed102_0010,159,0.35494398393073456
Cosmos3_seed102_0010,162,0.33250013722182936
Cosmos3_seed102_0010,165,0.3921133016727277
Cosmos3_seed102_0010,168,0.4233281811352059
Cosmos3_seed102_0010,171,0.4044806349088178
Cosmos3_seed102_0010,174,0.4012502995462025
Cosmos3_seed102_0010,177,0.44362121477194133
Cosmos3_seed102_0010,180,0.43782773560001503
Cosmos3_seed102_0010,183,0.4401766657162203
Cosmos3_seed102_0010,186,0.3998635677383441
Cosmos3_seed102_0010,188,0.41250502223964297
Cosmos3_seed102_0011,0,0.29900711180983675
Cosmos3_seed102_0011,3,0.2804865785438888
Cosmos3_seed102_0011,6,0.2979568612987087
Cosmos3_seed102_0011,9,0.3172612705970296
Cosmos3_seed102_0011,12,0.3008317716364529
Cosmos3_seed102_0011,15,0.30133286476240034
Cosmos3_seed102_0011,18,0.33011196279137167
Cosmos3_seed102_0011,21,0.2544158260483953
Cosmos3_seed102_0011,24,0.2496957602125962
Cosmos3_seed102_0011,27,0.2544395158568295
Cosmos3_seed102_0011,30,0.24348626785618277
Cosmos3_seed102_0011,33,0.2846824083543613
Cosmos3_seed102_0011,36,0.26552320405203783
Cosmos3_seed102_0011,39,0.21549376238623374
Cosmos3_seed102_0011,42,0.1517888316648451
Cosmos3_seed102_0011,45,0.18953398048456216
Cosmos3_seed102_0011,48,0.24729114746782033
Cosmos3_seed102_0011,51,0.2063930654061591
Cosmos3_seed102_0011,54,0.1275588780902891
Cosmos3_seed102_0011,57,0.1173905845005687
Cosmos3_seed102_0011,60,0.15016589905661026
Cosmos3_seed102_0011,63,0.18247327228357504
Cosmos3_seed102_0011,66,0.15283395354486226
Cosmos3_seed102_0011,69,0.17668862878451816
Cosmos3_seed102_0011,72,0.14661204228982452
Cosmos3_seed102_0011,75,0.13237341149958604
Cosmos3_seed102_0011,78,0.16682620014427404
Cosmos3_seed102_0011,81,0.17659686559392104
Cosmos3_seed102_0011,84,0.2185103553347469
Cosmos3_seed102_0011,87,0.25041676200410207
Cosmos3_seed102_0011,90,0.3392433430290952
Cosmos3_seed102_0011,93,0.3402425537717259
Cosmos3_seed102_0011,96,0.31593611568608254
Cosmos3_seed102_0011,99,0.3343175079435458
Cosmos3_seed102_0011,102,0.3406766524144752
Cosmos3_seed102_0011,105,0.32461258110712704
Cosmos3_seed102_0011,108,0.3422165728516944
Cosmos3_seed102_0011,111,0.3036588490229095
Cosmos3_seed102_0011,114,0.3173595641317039
Cosmos3_seed102_0011,117,0.2793901222337227
Cosmos3_seed102_0011,120,0.26154632316299686
Cosmos3_seed102_0011,123,0.2524213157803965
Cosmos3_seed102_0011,126,0.2691032396527038
Cosmos3_seed102_0011,129,0.24785830261246095
Cosmos3_seed102_0011,132,0.2392721990652884
Cosmos3_seed102_0011,135,0.25922830061693525
Cosmos3_seed102_0011,138,0.26569143859209643
Cosmos3_seed102_0011,141,0.23346990372114687
Cosmos3_seed102_0011,144,0.19713841266079613
Cosmos3_seed102_0011,147,0.0
Cosmos3_seed102_0011,150,0.0
Cosmos3_seed102_0011,153,0.0
Cosmos3_seed102_0011,156,0.0
Cosmos3_seed102_0011,159,0.0
Cosmos3_seed102_0011,162,0.0
Cosmos3_seed102_0011,165,0.0
Cosmos3_seed102_0011,168,0.0
Cosmos3_seed102_0011,171,0.0
Cosmos3_seed102_0011,174,0.0
Cosmos3_seed102_0011,177,0.0
Cosmos3_seed102_0011,180,0.0
Cosmos3_seed102_0011,183,0.0
Cosmos3_seed102_0011,186,0.0
Cosmos3_seed102_0011,188,0.0
Cosmos3_seed102_0062,0,0.0
Cosmos3_seed102_0062,3,0.0
Cosmos3_seed102_0062,6,0.0
Cosmos3_seed102_0062,9,0.0
Cosmos3_seed102_0062,12,0.0
Cosmos3_seed102_0062,15,0.0
Cosmos3_seed102_0062,18,0.0
Cosmos3_seed102_0062,21,0.0
Cosmos3_seed102_0062,24,0.0
Cosmos3_seed102_0062,27,0.0
Cosmos3_seed102_0062,30,0.0
Cosmos3_seed102_0062,33,0.0
Cosmos3_seed102_0062,36,0.0
Cosmos3_seed102_0062,39,0.0
Cosmos3_seed102_0062,42,0.0
Cosmos3_seed102_0062,45,0.0
Cosmos3_seed102_0062,48,0.0
Cosmos3_seed102_0062,51,0.0
Cosmos3_seed102_0062,54,0.0
Cosmos3_seed102_0062,57,0.0
Cosmos3_seed102_0062,60,0.0
Cosmos3_seed102_0062,63,0.0
Cosmos3_seed102_0062,66,0.0
Cosmos3_seed102_0062,69,0.0
Cosmos3_seed102_0062,72,0.0
Cosmos3_seed102_0062,75,0.0
Cosmos3_seed102_0062,78,0.0
Cosmos3_seed102_0062,81,0.0
Cosmos3_seed102_0062,84,0.0
Cosmos3_seed102_0062,87,0.0
Cosmos3_seed102_0062,90,0.0
Cosmos3_seed102_0062,93,0.0
Cosmos3_seed102_0062,96,0.0
Cosmos3_seed102_0062,99,0.0
Cosmos3_seed102_0062,102,0.0
Cosmos3_seed102_0062,105,0.0
Cosmos3_seed102_0062,108,0.0
Cosmos3_seed102_0062,111,0.0
Cosmos3_seed102_0062,114,0.0
Cosmos3_seed102_0062,117,0.0
Cosmos3_seed102_0062,120,0.0
Cosmos3_seed102_0062,123,0.0
Cosmos3_seed102_0062,126,0.0
Cosmos3_seed102_0062,129,0.0
Cosmos3_seed102_0062,132,0.0
Cosmos3_seed102_0062,135,0.0
Cosmos3_seed102_0062,138,0.0
Cosmos3_seed102_0062,141,0.0
Cosmos3_seed102_0062,144,0.0
Cosmos3_seed102_0062,147,0.0
Cosmos3_seed102_0062,150,0.0
Cosmos3_seed102_0062,153,0.0
Cosmos3_seed102_0062,156,0.0
Cosmos3_seed102_0062,159,0.0
Cosmos3_seed102_0062,162,0.0
Cosmos3_seed102_0062,165,0.0
Cosmos3_seed102_0062,168,0.0
Cosmos3_seed102_0062,171,0.0
Cosmos3_seed102_0062,174,0.0
Cosmos3_seed102_0062,177,0.0
Cosmos3_seed102_0062,180,0.0
Cosmos3_seed102_0062,183,0.0
Cosmos3_seed102_0062,186,0.0
Cosmos3_seed102_0062,188,0.0
Cosmos3_seed102_0064,0,0.09049549115287149
Cosmos3_seed102_0064,3,0.1433542152485917
Cosmos3_seed102_0064,6,0.12995829066522208
Cosmos3_seed102_0064,9,0.12260896440265956
Cosmos3_seed102_0064,12,0.0717456832688833
Cosmos3_seed102_0064,15,0.09289575610217399
Cosmos3_seed102_0064,18,0.09310413628771014
Cosmos3_seed102_0064,21,0.12753972007661027
Cosmos3_seed102_0064,24,0.13536191774648293
Cosmos3_seed102_0064,27,0.11136672933290977
Cosmos3_seed102_0064,30,0.07815324124270523
Cosmos3_seed102_0064,33,0.13247463394374845
Cosmos3_seed102_0064,36,0.10239890951396649
Cosmos3_seed102_0064,39,0.08494068406814373
Cosmos3_seed102_0064,42,0.08447563324015328
Cosmos3_seed102_0064,45,0.08159608959055285
Cosmos3_seed102_0064,48,0.08447272892511051
Cosmos3_seed102_0064,51,0.12148721681022301
Cosmos3_seed102_0064,54,0.12733606272077705
Cosmos3_seed102_0064,57,0.09933303163292066
Cosmos3_seed102_0064,60,0.12382419125214447
Cosmos3_seed102_0064,63,0.1263461176537537
Cosmos3_seed102_0064,66,0.08741804749174983
Cosmos3_seed102_0064,69,0.12223438232909262
Cosmos3_seed102_0064,72,0.11741607643476858
Cosmos3_seed102_0064,75,0.09904258994510542
Cosmos3_seed102_0064,78,0.1207486403678244
Cosmos3_seed102_0064,81,0.12224826802279341
Cosmos3_seed102_0064,84,0.11843800687462824
Cosmos3_seed102_0064,87,0.12335776236455835
Cosmos3_seed102_0064,90,0.14136424288810998
Cosmos3_seed102_0064,93,0.12748259770326162
Cosmos3_seed102_0064,96,0.16106388394346322
Cosmos3_seed102_0064,99,0.15525204204287585
Cosmos3_seed102_0064,102,0.060012296604968166
Cosmos3_seed102_0064,105,0.06958907091274616
Cosmos3_seed102_0064,108,0.10218024958712207
Cosmos3_seed102_0064,111,0.0697824855419559
Cosmos3_seed102_0064,114,0.06203433129088624
Cosmos3_seed102_0064,117,0.1293577671284431
Cosmos3_seed102_0064,120,0.08484699716141045
Cosmos3_seed102_0064,123,0.11596813194520424
Cosmos3_seed102_0064,126,0.14860765256183914
Cosmos3_seed102_0064,129,0.07749454771232366
Cosmos3_seed102_0064,132,0.10994805892590943
Cosmos3_seed102_0064,135,0.06844073458910295
Cosmos3_seed102_0064,138,0.12600822125228928
Cosmos3_seed102_0064,141,0.11831675992386201
Cosmos3_seed102_0064,144,0.07444948467596499
Cosmos3_seed102_0064,147,0.10427284099837092
Cosmos3_seed102_0064,150,0.12674064938119742
Cosmos3_seed102_0064,153,0.0817759285730459
Cosmos3_seed102_0064,156,0.12789648532459424
Cosmos3_seed102_0064,159,0.07782717620439679
Cosmos3_seed102_0064,162,0.09018208269390945
Cosmos3_seed102_0064,165,0.0901567241133679
Cosmos3_seed102_0064,168,0.07547169295341111
Cosmos3_seed102_0064,171,0.14414182930194386
Cosmos3_seed102_0064,174,0.09968608664224526
Cosmos3_seed102_0064,177,0.05809626867881931
Cosmos3_seed102_0064,180,0.06675664160192439
Cosmos3_seed102_0064,183,0.11389665349762772
Cosmos3_seed102_0064,186,0.06814412200040149
Cosmos3_seed102_0064,188,0.07916371570474426
Cosmos3_seed103_0000,0,0.15666558018304333
Cosmos3_seed103_0000,3,0.1454256944796667
Cosmos3_seed103_0000,6,0.0727149778633222
Cosmos3_seed103_0000,9,0.0
Cosmos3_seed103_0000,12,0.15341231387264248
Cosmos3_seed103_0000,15,0.15133710020950608
Cosmos3_seed103_0000,18,0.1456344803123201
Cosmos3_seed103_0000,21,0.16111593393309687
Cosmos3_seed103_0000,24,0.1614378666730023
Cosmos3_seed103_0000,27,0.17336540223575714
Cosmos3_seed103_0000,30,0.25372626991266833
Cosmos3_seed103_0000,33,0.0
Cosmos3_seed103_0000,36,0.14284825716396463
Cosmos3_seed103_0000,39,0.0
Cosmos3_seed103_0000,42,0.08906559792312643
Cosmos3_seed103_0000,45,0.0
Cosmos3_seed103_0000,48,0.0750296738367246
Cosmos3_seed103_0000,51,0.07797029741072696
Cosmos3_seed103_0000,54,0.0
Cosmos3_seed103_0000,57,0.0
Cosmos3_seed103_0000,60,0.0
Cosmos3_seed103_0000,63,0.07507841020197664
Cosmos3_seed103_0000,66,0.0
Cosmos3_seed103_0000,69,0.0
Cosmos3_seed103_0000,72,0.0
Cosmos3_seed103_0000,75,0.0
Cosmos3_seed103_0000,78,0.13607340366876128
Cosmos3_seed103_0000,81,0.10685117270131093
Cosmos3_seed103_0000,84,0.12717861505644498
Cosmos3_seed103_0000,87,0.13956062064381738
Cosmos3_seed103_0000,90,0.11645553789515445
Cosmos3_seed103_0000,93,0.10762279155465279
Cosmos3_seed103_0000,96,0.12188524229469655
Cosmos3_seed103_0000,99,0.10472988598873233
Cosmos3_seed103_0000,102,0.09760133757933716
Cosmos3_seed103_0000,105,0.10403051644084202
Cosmos3_seed103_0000,108,0.12461334527277827
Cosmos3_seed103_0000,111,0.0
Cosmos3_seed103_0000,114,0.09664488125137759
Cosmos3_seed103_0000,117,0.09233523429056864
Cosmos3_seed103_0000,120,0.12259853753180326
Cosmos3_seed103_0000,123,0.10949419766618539
Cosmos3_seed103_0000,126,0.09683762585854909
Cosmos3_seed103_0000,129,0.08785294555120794
Cosmos3_seed103_0000,132,0.10677942273597811
Cosmos3_seed103_0000,135,0.08929705798851395
Cosmos3_seed103_0000,138,0.09857582440295767
Cosmos3_seed103_0000,141,0.08375521972929546
Cosmos3_seed103_0000,144,0.09227094726017707
Cosmos3_seed103_0000,147,0.11486161239787582
Cosmos3_seed103_0000,150,0.15791372632551928
Cosmos3_seed103_0000,153,0.12060582177942192
Cosmos3_seed103_0000,156,0.09501805758864863
Cosmos3_seed103_0000,159,0.0
Cosmos3_seed103_0000,162,0.10659728098397074
Cosmos3_seed103_0000,165,0.09739131181260546
Cosmos3_seed103_0000,168,0.11378194471854378
Cosmos3_seed103_0000,171,0.12547326395818056
Cosmos3_seed103_0000,174,0.10870775966968665
Cosmos3_seed103_0000,177,0.12188940140270282
Cosmos3_seed103_0000,180,0.1271260667181009
Cosmos3_seed103_0000,183,0.10366889541347317
Cosmos3_seed103_0000,186,0.08209291671249887
Cosmos3_seed103_0000,188,0.10068942098368014
Cosmos3_seed103_0001,0,0.15948663417211992
Cosmos3_seed103_0001,3,0.18580720545242804
Cosmos3_seed103_0001,6,0.17123786646415565
Cosmos3_seed103_0001,9,0.16771820535536747
Cosmos3_seed103_0001,12,0.17279796873483316
Cosmos3_seed103_0001,15,0.1754085822350759
Cosmos3_seed103_0001,18,0.15317796033001702
Cosmos3_seed103_0001,21,0.1567094177316024
Cosmos3_seed103_0001,24,0.1698566837835501
Cosmos3_seed103_0001,27,0.14397400330963064
Cosmos3_seed103_0001,30,0.13464643956147987
Cosmos3_seed103_0001,33,0.1734240310329797
Cosmos3_seed103_0001,36,0.15628353774908516
Cosmos3_seed103_0001,39,0.16157632738316643
Cosmos3_seed103_0001,42,0.18146921358042475
Cosmos3_seed103_0001,45,0.18409569914040583
Cosmos3_seed103_0001,48,0.15127573353532095
Cosmos3_seed103_0001,51,0.17360353724724323
Cosmos3_seed103_0001,54,0.16248578601702485
Cosmos3_seed103_0001,57,0.1352556357975019
Cosmos3_seed103_0001,60,0.1335333074401689
Cosmos3_seed103_0001,63,0.1480528469450082
Cosmos3_seed103_0001,66,0.1538541463233292
Cosmos3_seed103_0001,69,0.1599428091687653
Cosmos3_seed103_0001,72,0.15859801937983944
Cosmos3_seed103_0001,75,0.14824843255337605
Cosmos3_seed103_0001,78,0.14932945044484358
Cosmos3_seed103_0001,81,0.15338963595643756
Cosmos3_seed103_0001,84,0.13451772727638578
Cosmos3_seed103_0001,87,0.17100960183718886
Cosmos3_seed103_0001,90,0.12744102072478616
Cosmos3_seed103_0001,93,0.12780840700710988
Cosmos3_seed103_0001,96,0.1700881189831474
Cosmos3_seed103_0001,99,0.13756373706604413
Cosmos3_seed103_0001,102,0.07297360525518118
Cosmos3_seed103_0001,105,0.10357057729842739
Cosmos3_seed103_0001,108,0.09802166769031172
Cosmos3_seed103_0001,111,0.14615258403827086
Cosmos3_seed103_0001,114,0.14010266565117702
Cosmos3_seed103_0001,117,0.1039515606715747
Cosmos3_seed103_0001,120,0.0982807305980531
Cosmos3_seed103_0001,123,0.11131108899644872
Cosmos3_seed103_0001,126,0.11714233364548358
Cosmos3_seed103_0001,129,0.1062488654044766
Cosmos3_seed103_0001,132,0.09179614555581117
Cosmos3_seed103_0001,135,0.11717257435956352
Cosmos3_seed103_0001,138,0.1017331109740487
Cosmos3_seed103_0001,141,0.08759282690313525
Cosmos3_seed103_0001,144,0.1017586500146591
Cosmos3_seed103_0001,147,0.10784864271011596
Cosmos3_seed103_0001,150,0.11058294968080883
Cosmos3_seed103_0001,153,0.10960832993090527
Cosmos3_seed103_0001,156,0.09892353269361656
Cosmos3_seed103_0001,159,0.08623841619982653
Cosmos3_seed103_0001,162,0.09163577468516317
Cosmos3_seed103_0001,165,0.08381151331357853
Cosmos3_seed103_0001,168,0.0897876347002215
Cosmos3_seed103_0001,171,0.09303818559480045
Cosmos3_seed103_0001,174,0.07306941652871962
Cosmos3_seed103_0001,177,0.061072997977480704
Cosmos3_seed103_0001,180,0.06974848555391094
Cosmos3_seed103_0001,183,0.03901268821884393
Cosmos3_seed103_0001,186,0.06555766055211279
Cosmos3_seed103_0001,188,0.06278188624219191
Cosmos3_seed103_0002,0,0.1611761843532072
Cosmos3_seed103_0002,3,0.14283130333979382
Cosmos3_seed103_0002,6,0.13648150116127428
Cosmos3_seed103_0002,9,0.14974711569090776
Cosmos3_seed103_0002,12,0.1447241432885236
Cosmos3_seed103_0002,15,0.14903447140771695
Cosmos3_seed103_0002,18,0.1356681719468146
Cosmos3_seed103_0002,21,0.1650463520890137
Cosmos3_seed103_0002,24,0.1780728982396858
Cosmos3_seed103_0002,27,0.17854101110425308
Cosmos3_seed103_0002,30,0.0
Cosmos3_seed103_0002,33,0.14055336867813548
Cosmos3_seed103_0002,36,0.1594434263259153
Cosmos3_seed103_0002,39,0.1431414225966598
Cosmos3_seed103_0002,42,0.13328938777690214
Cosmos3_seed103_0002,45,0.13683897108642057
Cosmos3_seed103_0002,48,0.12770014171105132
Cosmos3_seed103_0002,51,0.06436120403338591
Cosmos3_seed103_0002,54,0.13845518402522258
Cosmos3_seed103_0002,57,0.1548322562400083
Cosmos3_seed103_0002,60,0.0718137778576205
Cosmos3_seed103_0002,63,0.15734426782657915
Cosmos3_seed103_0002,66,0.21759519397497423
Cosmos3_seed103_0002,69,0.10622503394760403
Cosmos3_seed103_0002,72,0.15465184874804683
Cosmos3_seed103_0002,75,0.15484967089850812
Cosmos3_seed103_0002,78,0.10889021026987614
Cosmos3_seed103_0002,81,0.1343597671374197
Cosmos3_seed103_0002,84,0.10936003360549817
Cosmos3_seed103_0002,87,0.14292493410139825
Cosmos3_seed103_0002,90,0.14175846766016545
Cosmos3_seed103_0002,93,0.1435202154925057
Cosmos3_seed103_0002,96,0.15928796681750515
Cosmos3_seed103_0002,99,0.1675918915423307
Cosmos3_seed103_0002,102,0.17653197072916454
Cosmos3_seed103_0002,105,0.16955490897755754
Cosmos3_seed103_0002,108,0.19734685377068542
Cosmos3_seed103_0002,111,0.15762363905600588
Cosmos3_seed103_0002,114,0.14232835352208123
Cosmos3_seed103_0002,117,0.10057341205783811
Cosmos3_seed103_0002,120,0.0892993254951901
Cosmos3_seed103_0002,123,0.0
Cosmos3_seed103_0002,126,0.09492022609375689
Cosmos3_seed103_0002,129,0.13031795071498745
Cosmos3_seed103_0002,132,0.13715578464654457
Cosmos3_seed103_0002,135,0.12149103131388331
Cosmos3_seed103_0002,138,0.1430177563181789
Cosmos3_seed103_0002,141,0.13475260348853382
Cosmos3_seed103_0002,144,0.0
Cosmos3_seed103_0002,147,0.0
Cosmos3_seed103_0002,150,0.14328573617637716
Cosmos3_seed103_0002,153,0.0
Cosmos3_seed103_0002,156,0.0
Cosmos3_seed103_0002,159,0.0949654485628297
Cosmos3_seed103_0002,162,0.09594849693167333
Cosmos3_seed103_0002,165,0.0906702875854417
Cosmos3_seed103_0002,168,0.09872516139003523
Cosmos3_seed103_0002,171,0.0
Cosmos3_seed103_0002,174,0.12390264516445931
Cosmos3_seed103_0002,177,0.09994397292435464
Cosmos3_seed103_0002,180,0.10117642648687801
Cosmos3_seed103_0002,183,0.08760626262562624
Cosmos3_seed103_0002,186,0.09832842727374203
Cosmos3_seed103_0002,188,0.08688316345945558
Cosmos3_seed103_0003,0,0.11993657705825218
Cosmos3_seed103_0003,3,0.10714921343439568
Cosmos3_seed103_0003,6,0.10481519089300853
Cosmos3_seed103_0003,9,0.10498942408837322
Cosmos3_seed103_0003,12,0.08866901600177811
Cosmos3_seed103_0003,15,0.13706581970118178
Cosmos3_seed103_0003,18,0.09546697781514518
Cosmos3_seed103_0003,21,0.10528895044356962
Cosmos3_seed103_0003,24,0.11265168495894042
Cosmos3_seed103_0003,27,0.11464035580901168
Cosmos3_seed103_0003,30,0.11481530137248551
Cosmos3_seed103_0003,33,0.11148791960424272
Cosmos3_seed103_0003,36,0.10328485494393008
Cosmos3_seed103_0003,39,0.10649999745929903
Cosmos3_seed103_0003,42,0.10169028077895369
Cosmos3_seed103_0003,45,0.10818576703599299
Cosmos3_seed103_0003,48,0.12659366706205855
Cosmos3_seed103_0003,51,0.11033885792839217
Cosmos3_seed103_0003,54,0.11426245042812908
Cosmos3_seed103_0003,57,0.11955830150558124
Cosmos3_seed103_0003,60,0.11320672334306613
Cosmos3_seed103_0003,63,0.12324849125810819
Cosmos3_seed103_0003,66,0.10523847618135175
Cosmos3_seed103_0003,69,0.09007618295146458
Cosmos3_seed103_0003,72,0.09816761018230542
Cosmos3_seed103_0003,75,0.11975002084764919
Cosmos3_seed103_0003,78,0.14231542604230418
Cosmos3_seed103_0003,81,0.15080919849031657
Cosmos3_seed103_0003,84,0.17508591087589606
Cosmos3_seed103_0003,87,0.1430591946867868
Cosmos3_seed103_0003,90,0.10809204868253315
Cosmos3_seed103_0003,93,0.07232499447937268
Cosmos3_seed103_0003,96,0.11784303799466837
Cosmos3_seed103_0003,99,0.1251803464456238
Cosmos3_seed103_0003,102,0.11509852484552667
Cosmos3_seed103_0003,105,0.12012689252003075
Cosmos3_seed103_0003,108,0.12039623928219428
Cosmos3_seed103_0003,111,0.15429798004743017
Cosmos3_seed103_0003,114,0.14057546050675623
Cosmos3_seed103_0003,117,0.17678093949725388
Cosmos3_seed103_0003,120,0.1980076353869481
Cosmos3_seed103_0003,123,0.1785707763820868
Cosmos3_seed103_0003,126,0.1616080506168513
Cosmos3_seed103_0003,129,0.1337770381543912
Cosmos3_seed103_0003,132,0.12512922277565863
Cosmos3_seed103_0003,135,0.0490963981117139
Cosmos3_seed103_0003,138,0.05113725875936027
Cosmos3_seed103_0003,141,0.0494584245147935
Cosmos3_seed103_0003,144,0.04319360954373969
Cosmos3_seed103_0003,147,0.05798230162722226
Cosmos3_seed103_0003,150,0.07169717556902032
Cosmos3_seed103_0003,153,0.05586236895611984
Cosmos3_seed103_0003,156,0.06582533426637338
Cosmos3_seed103_0003,159,0.053799133921823915
Cosmos3_seed103_0003,162,0.05358252709942731
Cosmos3_seed103_0003,165,0.058171699722385145
Cosmos3_seed103_0003,168,0.04374436444704063
Cosmos3_seed103_0003,171,0.04910746984359678
Cosmos3_seed103_0003,174,0.0495899637526716
Cosmos3_seed103_0003,177,0.05443102063873505
Cosmos3_seed103_0003,180,0.057183484058195046
Cosmos3_seed103_0003,183,0.04560993319377923
Cosmos3_seed103_0003,186,0.04925270241485957
Cosmos3_seed103_0003,188,0.05488609158368266
Cosmos3_seed103_0004,0,0.08811622381404875
Cosmos3_seed103_0004,3,0.2728578802700648
Cosmos3_seed103_0004,6,0.10940719722378522
Cosmos3_seed103_0004,9,0.09526036143452907
Cosmos3_seed103_0004,12,0.12131173364839636
Cosmos3_seed103_0004,15,0.11654839325245342
Cosmos3_seed103_0004,18,0.10728021245820442
Cosmos3_seed103_0004,21,0.11442648744052523
Cosmos3_seed103_0004,24,0.10258648542424903
Cosmos3_seed103_0004,27,0.12059732582053871
Cosmos3_seed103_0004,30,0.11436568763637013
Cosmos3_seed103_0004,33,0.11773482563230055
Cosmos3_seed103_0004,36,0.13268422564626092
Cosmos3_seed103_0004,39,0.12173635851065638
Cosmos3_seed103_0004,42,0.13293947312712845
Cosmos3_seed103_0004,45,0.15613851862882994
Cosmos3_seed103_0004,48,0.12372310065485627
Cosmos3_seed103_0004,51,0.1795234674172445
Cosmos3_seed103_0004,54,0.15438759703693133
Cosmos3_seed103_0004,57,0.16034969180395442
Cosmos3_seed103_0004,60,0.14263681923102509
Cosmos3_seed103_0004,63,0.10703056052357446
Cosmos3_seed103_0004,66,0.09004559473588782
Cosmos3_seed103_0004,69,0.123422712813827
Cosmos3_seed103_0004,72,0.08922126116971192
Cosmos3_seed103_0004,75,0.12155333762741417
Cosmos3_seed103_0004,78,0.11902492046952969
Cosmos3_seed103_0004,81,0.13849739703106126
Cosmos3_seed103_0004,84,0.11257155748374623
Cosmos3_seed103_0004,87,0.12513848445062845
Cosmos3_seed103_0004,90,0.13586034422746082
Cosmos3_seed103_0004,93,0.11332167259142452
Cosmos3_seed103_0004,96,0.11192206291157542
Cosmos3_seed103_0004,99,0.07513992919611398
Cosmos3_seed103_0004,102,0.06634088063652092
Cosmos3_seed103_0004,105,0.1630805147178773
Cosmos3_seed103_0004,108,0.10751271397796512
Cosmos3_seed103_0004,111,0.06923266679403137
Cosmos3_seed103_0004,114,0.12510193671150366
Cosmos3_seed103_0004,117,0.16635832058068292
Cosmos3_seed103_0004,120,0.1482144286378037
Cosmos3_seed103_0004,123,0.1312448338306875
Cosmos3_seed103_0004,126,0.05910678645990405
Cosmos3_seed103_0004,129,0.12034889835268694
Cosmos3_seed103_0004,132,0.1464815154675394
Cosmos3_seed103_0004,135,0.12439729842563921
Cosmos3_seed103_0004,138,0.15170584466643144
Cosmos3_seed103_0004,141,0.053593640316705084
Cosmos3_seed103_0004,144,0.18584603160885177
Cosmos3_seed103_0004,147,0.16329585588639928
Cosmos3_seed103_0004,150,0.17565822735250142
Cosmos3_seed103_0004,153,0.1345234504021898
Cosmos3_seed103_0004,156,0.1431213875698956
Cosmos3_seed103_0004,159,0.058553845596605536
Cosmos3_seed103_0004,162,0.13953913573228496
Cosmos3_seed103_0004,165,0.17500402877353655
Cosmos3_seed103_0004,168,0.10245071510701692
Cosmos3_seed103_0004,171,0.12081371113869536
Cosmos3_seed103_0004,174,0.10723939995590803
Cosmos3_seed103_0004,177,0.05847950824091219
Cosmos3_seed103_0004,180,0.06032552000902133
Cosmos3_seed103_0004,183,0.052862370419423405
Cosmos3_seed103_0004,186,0.08260646641688431
Cosmos3_seed103_0004,188,0.06965215225511688
Cosmos3_seed103_0006,0,0.4031048059874701
Cosmos3_seed103_0006,3,0.3565653565256918
Cosmos3_seed103_0006,6,0.39032694608676394
Cosmos3_seed103_0006,9,0.36519290570781004
Cosmos3_seed103_0006,12,0.36701762603950183
Cosmos3_seed103_0006,15,0.3314259694208784
Cosmos3_seed103_0006,18,0.3833961461059687
Cosmos3_seed103_0006,21,0.37862391130646744
Cosmos3_seed103_0006,24,0.3452293153373601
Cosmos3_seed103_0006,27,0.3620495084336583
Cosmos3_seed103_0006,30,0.38536392495679056
Cosmos3_seed103_0006,33,0.3704721637760937
Cosmos3_seed103_0006,36,0.3696122929463993
Cosmos3_seed103_0006,39,0.3665446026273547
Cosmos3_seed103_0006,42,0.3959870996002375
Cosmos3_seed103_0006,45,0.39075013157639055
Cosmos3_seed103_0006,48,0.3775171496885476
Cosmos3_seed103_0006,51,0.37877088930243163
Cosmos3_seed103_0006,54,0.36874580303554527
Cosmos3_seed103_0006,57,0.31872507928992005
Cosmos3_seed103_0006,60,0.3076552191962158
Cosmos3_seed103_0006,63,0.24554138292232458
Cosmos3_seed103_0006,66,0.25373276257302013
Cosmos3_seed103_0006,69,0.2828313270494466
Cosmos3_seed103_0006,72,0.26528047932993476
Cosmos3_seed103_0006,75,0.21365056635055832
Cosmos3_seed103_0006,78,0.17594939471986984
Cosmos3_seed103_0006,81,0.12441545856172624
Cosmos3_seed103_0006,84,0.26469522954719665
Cosmos3_seed103_0006,87,0.15904021365748586
Cosmos3_seed103_0006,90,0.18974513991928013
Cosmos3_seed103_0006,93,0.1962647434406184
Cosmos3_seed103_0006,96,0.2564928738741301
Cosmos3_seed103_0006,99,0.22881227858406264
Cosmos3_seed103_0006,102,0.16149537259491142
Cosmos3_seed103_0006,105,0.23471584699180212
Cosmos3_seed103_0006,108,0.22074061622625135
Cosmos3_seed103_0006,111,0.21442199549316135
Cosmos3_seed103_0006,114,0.23284724485734776
Cosmos3_seed103_0006,117,0.18431916129667583
Cosmos3_seed103_0006,120,0.17185998828408797
Cosmos3_seed103_0006,123,0.1946156026563775
Cosmos3_seed103_0006,126,0.13531957708073206
Cosmos3_seed103_0006,129,0.07884605828288732
Cosmos3_seed103_0006,132,0.0
Cosmos3_seed103_0006,135,0.0
Cosmos3_seed103_0006,138,0.0
Cosmos3_seed103_0006,141,0.0
Cosmos3_seed103_0006,144,0.0
Cosmos3_seed103_0006,147,0.0
Cosmos3_seed103_0006,150,0.0
Cosmos3_seed103_0006,153,0.0
Cosmos3_seed103_0006,156,0.0
Cosmos3_seed103_0006,159,0.0
Cosmos3_seed103_0006,162,0.0
Cosmos3_seed103_0006,165,0.0
Cosmos3_seed103_0006,168,0.0
Cosmos3_seed103_0006,171,0.0
Cosmos3_seed103_0006,174,0.0
Cosmos3_seed103_0006,177,0.0
Cosmos3_seed103_0006,180,0.0
Cosmos3_seed103_0006,183,0.0
Cosmos3_seed103_0006,186,0.0
Cosmos3_seed103_0006,188,0.0
Cosmos3_seed103_0007,0,0.05296908622700179
Cosmos3_seed103_0007,3,0.10657338795314698
Cosmos3_seed103_0007,6,0.10490601993263761
Cosmos3_seed103_0007,9,0.08751106237847261
Cosmos3_seed103_0007,12,0.06526841329182007
Cosmos3_seed103_0007,15,0.08174975228864029
Cosmos3_seed103_0007,18,0.1050118023572694
Cosmos3_seed103_0007,21,0.09815271222239452
Cosmos3_seed103_0007,24,0.14332671174999395
Cosmos3_seed103_0007,27,0.07874334329293099
Cosmos3_seed103_0007,30,0.09449710638490098
Cosmos3_seed103_0007,33,0.09289886093961444
Cosmos3_seed103_0007,36,0.16196257194001246
Cosmos3_seed103_0007,39,0.10601030380750982
Cosmos3_seed103_0007,42,0.1361167447718224
Cosmos3_seed103_0007,45,0.11264347516367215
Cosmos3_seed103_0007,48,0.13730754649267138
Cosmos3_seed103_0007,51,0.13295033297649328
Cosmos3_seed103_0007,54,0.13772546010386116
Cosmos3_seed103_0007,57,0.11890808949943159
Cosmos3_seed103_0007,60,0.13111303579234618
Cosmos3_seed103_0007,63,0.16908858522726325
Cosmos3_seed103_0007,66,0.1403698965410978
Cosmos3_seed103_0007,69,0.13159281279801957
Cosmos3_seed103_0007,72,0.13083419031342955
Cosmos3_seed103_0007,75,0.16171971986276884
Cosmos3_seed103_0007,78,0.14441287325961105
Cosmos3_seed103_0007,81,0.15306467844672367
Cosmos3_seed103_0007,84,0.1815267236270012
Cosmos3_seed103_0007,87,0.19975074828195566
Cosmos3_seed103_0007,90,0.16746379040642462
Cosmos3_seed103_0007,93,0.18291219596654176
Cosmos3_seed103_0007,96,0.12965398105826456
Cosmos3_seed103_0007,99,0.1902485931882081
Cosmos3_seed103_0007,102,0.190782722258604
Cosmos3_seed103_0007,105,0.13176768728003682
Cosmos3_seed103_0007,108,0.16282715874758769
Cosmos3_seed103_0007,111,0.11631693323267789
Cosmos3_seed103_0007,114,0.12331309904166989
Cosmos3_seed103_0007,117,0.14478112003721938
Cosmos3_seed103_0007,120,0.12394681849578854
Cosmos3_seed103_0007,123,0.19941816567615422
Cosmos3_seed103_0007,126,0.16847132803567821
Cosmos3_seed103_0007,129,0.1888058908413437
Cosmos3_seed103_0007,132,0.12528981519253038
Cosmos3_seed103_0007,135,0.14757514671718025
Cosmos3_seed103_0007,138,0.08300774934695695
Cosmos3_seed103_0007,141,0.11413007222212902
Cosmos3_seed103_0007,144,0.08881938299183317
Cosmos3_seed103_0007,147,0.14784262600705167
Cosmos3_seed103_0007,150,0.14216995211720918
Cosmos3_seed103_0007,153,0.1065676337550243
Cosmos3_seed103_0007,156,0.131842073059721
Cosmos3_seed103_0007,159,0.11270781199680747
Cosmos3_seed103_0007,162,0.1128595014226274
Cosmos3_seed103_0007,165,0.08338101391585086
Cosmos3_seed103_0007,168,0.11596816958421576
Cosmos3_seed103_0007,171,0.1364387221248554
Cosmos3_seed103_0007,174,0.1169776233963238
Cosmos3_seed103_0007,177,0.0860272056442224
Cosmos3_seed103_0007,180,0.0946708484435948
Cosmos3_seed103_0007,183,0.08635513633920815
Cosmos3_seed103_0007,186,0.10572036144441081
Cosmos3_seed103_0007,188,0.11381315740911614
Cosmos3_seed103_0008,0,0.2829446180698563
Cosmos3_seed103_0008,3,0.32325294839855395
Cosmos3_seed103_0008,6,0.34609273540198054
Cosmos3_seed103_0008,9,0.37169806029517477
Cosmos3_seed103_0008,12,0.3437881759636686
Cosmos3_seed103_0008,15,0.31637047974078175
Cosmos3_seed103_0008,18,0.33874990054916276
Cosmos3_seed103_0008,21,0.32054289003343894
Cosmos3_seed103_0008,24,0.35102046027959144
Cosmos3_seed103_0008,27,0.35254539616455305
Cosmos3_seed103_0008,30,0.32515911857790764
Cosmos3_seed103_0008,33,0.34369172858750147
Cosmos3_seed103_0008,36,0.354527120879962
Cosmos3_seed103_0008,39,0.2557132232541442
Cosmos3_seed103_0008,42,0.19764873886818138
Cosmos3_seed103_0008,45,0.16529116243684258
Cosmos3_seed103_0008,48,0.211502385030478
Cosmos3_seed103_0008,51,0.2236184656795222
Cosmos3_seed103_0008,54,0.21056326164787062
Cosmos3_seed103_0008,57,0.13716373940877744
Cosmos3_seed103_0008,60,0.23317065770876905
Cosmos3_seed103_0008,63,0.134395620091525
Cosmos3_seed103_0008,66,0.12843011107874489
Cosmos3_seed103_0008,69,0.13369186117296378
Cosmos3_seed103_0008,72,0.1921365671227037
Cosmos3_seed103_0008,75,0.2711217891920873
Cosmos3_seed103_0008,78,0.35305580313455753
Cosmos3_seed103_0008,81,0.30691043903529674
Cosmos3_seed103_0008,84,0.2935093910360308
Cosmos3_seed103_0008,87,0.24425648582111956
Cosmos3_seed103_0008,90,0.0
Cosmos3_seed103_0008,93,0.0
Cosmos3_seed103_0008,96,0.06988206879701832
Cosmos3_seed103_0008,99,0.07848813965013182
Cosmos3_seed103_0008,102,0.10870759272048325
Cosmos3_seed103_0008,105,0.09754580446630438
Cosmos3_seed103_0008,108,0.16353262883763614
Cosmos3_seed103_0008,111,0.16157665041117036
Cosmos3_seed103_0008,114,0.22358841118339398
Cosmos3_seed103_0008,117,0.1917967266686053
Cosmos3_seed103_0008,120,0.1787767079363048
Cosmos3_seed103_0008,123,0.20103527914302563
Cosmos3_seed103_0008,126,0.14678194339569484
Cosmos3_seed103_0008,129,0.1420932386596127
Cosmos3_seed103_0008,132,0.13506428730035802
Cosmos3_seed103_0008,135,0.12190926277181127
Cosmos3_seed103_0008,138,0.1391786148754074
Cosmos3_seed103_0008,141,0.0
Cosmos3_seed103_0008,144,0.0
Cosmos3_seed103_0008,147,0.0
Cosmos3_seed103_0008,150,0.0
Cosmos3_seed103_0008,153,0.0
Cosmos3_seed103_0008,156,0.0
Cosmos3_seed103_0008,159,0.0
Cosmos3_seed103_0008,162,0.0
Cosmos3_seed103_0008,165,0.0
Cosmos3_seed103_0008,168,0.0
Cosmos3_seed103_0008,171,0.0
Cosmos3_seed103_0008,174,0.0
Cosmos3_seed103_0008,177,0.0
Cosmos3_seed103_0008,180,0.0
Cosmos3_seed103_0008,183,0.0
Cosmos3_seed103_0008,186,0.0
Cosmos3_seed103_0008,188,0.0
Cosmos3_seed103_0009,0,0.2797262458058666
Cosmos3_seed103_0009,3,0.3086163235338604
Cosmos3_seed103_0009,6,0.305488370198294
Cosmos3_seed103_0009,9,0.31519537000706693
Cosmos3_seed103_0009,12,0.3184875760798152
Cosmos3_seed103_0009,15,0.3196663233564736
Cosmos3_seed103_0009,18,0.27498288511217345
Cosmos3_seed103_0009,21,0.2711449151780541
Cosmos3_seed103_0009,24,0.2580464907586226
Cosmos3_seed103_0009,27,0.2772242173387405
Cosmos3_seed103_0009,30,0.2457260870092687
Cosmos3_seed103_0009,33,0.23493608486256934
Cosmos3_seed103_0009,36,0.21486718318650425
Cosmos3_seed103_0009,39,0.28410101959961076
Cosmos3_seed103_0009,42,0.3108841849633058
Cosmos3_seed103_0009,45,0.19602228491301282
Cosmos3_seed103_0009,48,0.15543238628747466
Cosmos3_seed103_0009,51,0.0971348138260162
Cosmos3_seed103_0009,54,0.10614613447871438
Cosmos3_seed103_0009,57,0.11940282593671174
Cosmos3_seed103_0009,60,0.1628257253085893
Cosmos3_seed103_0009,63,0.20557220937147405
Cosmos3_seed103_0009,66,0.11858139869914147
Cosmos3_seed103_0009,69,0.13596440055075268
Cosmos3_seed103_0009,72,0.10937438093152307
Cosmos3_seed103_0009,75,0.10686683781401737
Cosmos3_seed103_0009,78,0.1426561127005418
Cosmos3_seed103_0009,81,0.20268927677989124
Cosmos3_seed103_0009,84,0.1575559016500661
Cosmos3_seed103_0009,87,0.21272001123629233
Cosmos3_seed103_0009,90,0.16786909823254437
Cosmos3_seed103_0009,93,0.19463416096967284
Cosmos3_seed103_0009,96,0.16516276912664424
Cosmos3_seed103_0009,99,0.24796286510547233
Cosmos3_seed103_0009,102,0.18390180106701526
Cosmos3_seed103_0009,105,0.21980912266329594
Cosmos3_seed103_0009,108,0.1939727707495974
Cosmos3_seed103_0009,111,0.18994307139599542
Cosmos3_seed103_0009,114,0.1719827929790347
Cosmos3_seed103_0009,117,0.15841650884035682
Cosmos3_seed103_0009,120,0.1377469993239927
Cosmos3_seed103_0009,123,0.0933902457942317
Cosmos3_seed103_0009,126,0.14156041361908944
Cosmos3_seed103_0009,129,0.14037960148300596
Cosmos3_seed103_0009,132,0.09832717115109403
Cosmos3_seed103_0009,135,0.0
Cosmos3_seed103_0009,138,0.0
Cosmos3_seed103_0009,141,0.0
Cosmos3_seed103_0009,144,0.0
Cosmos3_seed103_0009,147,0.0
Cosmos3_seed103_0009,150,0.0
Cosmos3_seed103_0009,153,0.0
Cosmos3_seed103_0009,156,0.0
Cosmos3_seed103_0009,159,0.0
Cosmos3_seed103_0009,162,0.0
Cosmos3_seed103_0009,165,0.0
Cosmos3_seed103_0009,168,0.0
Cosmos3_seed103_0009,171,0.0
Cosmos3_seed103_0009,174,0.0
Cosmos3_seed103_0009,177,0.0
Cosmos3_seed103_0009,180,0.0
Cosmos3_seed103_0009,183,0.0
Cosmos3_seed103_0009,186,0.0
Cosmos3_seed103_0009,188,0.0
Cosmos3_seed103_0010,0,0.4053871135290343
Cosmos3_seed103_0010,3,0.40428807685091966
Cosmos3_seed103_0010,6,0.4018913802412657
Cosmos3_seed103_0010,9,0.3937757251495171
Cosmos3_seed103_0010,12,0.4044581143510452
Cosmos3_seed103_0010,15,0.3719315141212066
Cosmos3_seed103_0010,18,0.3683314742665468
Cosmos3_seed103_0010,21,0.39498789752483915
Cosmos3_seed103_0010,24,0.3917517898444871
Cosmos3_seed103_0010,27,0.36450429479484875
Cosmos3_seed103_0010,30,0.37859611475181104
Cosmos3_seed103_0010,33,0.40271814555493457
Cosmos3_seed103_0010,36,0.39293618094331323
Cosmos3_seed103_0010,39,0.36825253006656566
Cosmos3_seed103_0010,42,0.41368709604238213
Cosmos3_seed103_0010,45,0.3880799367740641
Cosmos3_seed103_0010,48,0.3755421913400323
Cosmos3_seed103_0010,51,0.36015114056111835
Cosmos3_seed103_0010,54,0.33248909780818475
Cosmos3_seed103_0010,57,0.39037598176529137
Cosmos3_seed103_0010,60,0.347993132332211
Cosmos3_seed103_0010,63,0.29291756058544516
Cosmos3_seed103_0010,66,0.25386248256825716
Cosmos3_seed103_0010,69,0.19303799527225282
Cosmos3_seed103_0010,72,0.07453633709108665
Cosmos3_seed103_0010,75,0.052586759458218245
Cosmos3_seed103_0010,78,0.05257811214598478
Cosmos3_seed103_0010,81,0.10018897437201449
Cosmos3_seed103_0010,84,0.13327336563498476
Cosmos3_seed103_0010,87,0.08562874401544793
Cosmos3_seed103_0010,90,0.09435055535052073
Cosmos3_seed103_0010,93,0.16464129660110952
Cosmos3_seed103_0010,96,0.2463535761994011
Cosmos3_seed103_0010,99,0.0
Cosmos3_seed103_0010,102,0.0
Cosmos3_seed103_0010,105,0.10919097263040686
Cosmos3_seed103_0010,108,0.10222297071495524
Cosmos3_seed103_0010,111,0.09044106273021296
Cosmos3_seed103_0010,114,0.09855380189257094
Cosmos3_seed103_0010,117,0.08128660111431629
Cosmos3_seed103_0010,120,0.1094824109888758
Cosmos3_seed103_0010,123,0.0
Cosmos3_seed103_0010,126,0.08280641158416226
Cosmos3_seed103_0010,129,0.07169847363734262
Cosmos3_seed103_0010,132,0.0
Cosmos3_seed103_0010,135,0.0
Cosmos3_seed103_0010,138,0.0
Cosmos3_seed103_0010,141,0.0
Cosmos3_seed103_0010,144,0.0
Cosmos3_seed103_0010,147,0.0
Cosmos3_seed103_0010,150,0.0
Cosmos3_seed103_0010,153,0.0
Cosmos3_seed103_0010,156,0.0
Cosmos3_seed103_0010,159,0.0
Cosmos3_seed103_0010,162,0.0
Cosmos3_seed103_0010,165,0.0
Cosmos3_seed103_0010,168,0.0
Cosmos3_seed103_0010,171,0.0
Cosmos3_seed103_0010,174,0.0
Cosmos3_seed103_0010,177,0.0
Cosmos3_seed103_0010,180,0.0
Cosmos3_seed103_0010,183,0.0
Cosmos3_seed103_0010,186,0.0
Cosmos3_seed103_0010,188,0.0
Cosmos3_seed103_0011,0,0.29900711180983675
Cosmos3_seed103_0011,3,0.30015980435747897
Cosmos3_seed103_0011,6,0.2959341044856922
Cosmos3_seed103_0011,9,0.30045090388866086
Cosmos3_seed103_0011,12,0.30804792478463144
Cosmos3_seed103_0011,15,0.2872232543349845
Cosmos3_seed103_0011,18,0.28283494338282644
Cosmos3_seed103_0011,21,0.2755777085552934
Cosmos3_seed103_0011,24,0.26276713373943067
Cosmos3_seed103_0011,27,0.28211672838881446
Cosmos3_seed103_0011,30,0.28745192489724325
Cosmos3_seed103_0011,33,0.2471761927080577
Cosmos3_seed103_0011,36,0.25411820515809835
Cosmos3_seed103_0011,39,0.23903190743251865
Cosmos3_seed103_0011,42,0.23481856265394405
Cosmos3_seed103_0011,45,0.21251602611251325
Cosmos3_seed103_0011,48,0.2096541465015722
Cosmos3_seed103_0011,51,0.16471382376683336
Cosmos3_seed103_0011,54,0.16008671756017487
Cosmos3_seed103_0011,57,0.17463807047924002
Cosmos3_seed103_0011,60,0.1933965880406819
Cosmos3_seed103_0011,63,0.31777196061223056
Cosmos3_seed103_0011,66,0.2879586935880399
Cosmos3_seed103_0011,69,0.282133966360378
Cosmos3_seed103_0011,72,0.2731058039161985
Cosmos3_seed103_0011,75,0.2720984566627152
Cosmos3_seed103_0011,78,0.29419320030790835
Cosmos3_seed103_0011,81,0.2647506032329555
Cosmos3_seed103_0011,84,0.22916999151918915
Cosmos3_seed103_0011,87,0.2274326044539802
Cosmos3_seed103_0011,90,0.20694602607678736
Cosmos3_seed103_0011,93,0.15301715230305357
Cosmos3_seed103_0011,96,0.18556576397175054
Cosmos3_seed103_0011,99,0.1130562321789122
Cosmos3_seed103_0011,102,0.13364401558285752
Cosmos3_seed103_0011,105,0.14615721702094273
Cosmos3_seed103_0011,108,0.17163830455867587
Cosmos3_seed103_0011,111,0.21078673292864492
Cosmos3_seed103_0011,114,0.17301169315452605
Cosmos3_seed103_0011,117,0.19311080734719696
Cosmos3_seed103_0011,120,0.1604966318491163
Cosmos3_seed103_0011,123,0.13971526346473595
Cosmos3_seed103_0011,126,0.13135546824958003
Cosmos3_seed103_0011,129,0.0
Cosmos3_seed103_0011,132,0.0
Cosmos3_seed103_0011,135,0.0
Cosmos3_seed103_0011,138,0.0
Cosmos3_seed103_0011,141,0.0
Cosmos3_seed103_0011,144,0.0
Cosmos3_seed103_0011,147,0.0
Cosmos3_seed103_0011,150,0.0
Cosmos3_seed103_0011,153,0.0
Cosmos3_seed103_0011,156,0.0
Cosmos3_seed103_0011,159,0.0
Cosmos3_seed103_0011,162,0.0
Cosmos3_seed103_0011,165,0.0
Cosmos3_seed103_0011,168,0.0
Cosmos3_seed103_0011,171,0.0
Cosmos3_seed103_0011,174,0.0
Cosmos3_seed103_0011,177,0.0
Cosmos3_seed103_0011,180,0.0
Cosmos3_seed103_0011,183,0.0
Cosmos3_seed103_0011,186,0.0
Cosmos3_seed103_0011,188,0.07331766898187421
Cosmos3_seed103_0012,0,0.3568962913745689
Cosmos3_seed103_0012,3,0.35655793827053217
Cosmos3_seed103_0012,6,0.3721180017228971
Cosmos3_seed103_0012,9,0.33963646763598915
Cosmos3_seed103_0012,12,0.397988644640135
Cosmos3_seed103_0012,15,0.3558096838838649
Cosmos3_seed103_0012,18,0.33813394761830123
Cosmos3_seed103_0012,21,0.32770308658898556
Cosmos3_seed103_0012,24,0.32331681264475925
Cosmos3_seed103_0012,27,0.27870977674514164
Cosmos3_seed103_0012,30,0.30882788231068525
Cosmos3_seed103_0012,33,0.35671869834704417
Cosmos3_seed103_0012,36,0.3359104414973473
Cosmos3_seed103_0012,39,0.3488339267244739
Cosmos3_seed103_0012,42,0.3575067507928541
Cosmos3_seed103_0012,45,0.32562769140448783
Cosmos3_seed103_0012,48,0.3443010569988343
Cosmos3_seed103_0012,51,0.3067070951684393
Cosmos3_seed103_0012,54,0.26128493398519226
Cosmos3_seed103_0012,57,0.1910436637089219
Cosmos3_seed103_0012,60,0.24074071275769676
Cosmos3_seed103_0012,63,0.22995349959328978
Cosmos3_seed103_0012,66,0.19200222131362646
Cosmos3_seed103_0012,69,0.16419804060202936
Cosmos3_seed103_0012,72,0.1517264374426587
Cosmos3_seed103_0012,75,0.09523471789841617
Cosmos3_seed103_0012,78,0.07589594399457178
Cosmos3_seed103_0012,81,0.09280283000907245
Cosmos3_seed103_0012,84,0.08722900670049856
Cosmos3_seed103_0012,87,0.0
Cosmos3_seed103_0012,90,0.0
Cosmos3_seed103_0012,93,0.0
Cosmos3_seed103_0012,96,0.0
Cosmos3_seed103_0012,99,0.09230648619898045
Cosmos3_seed103_0012,102,0.056999498263255434
Cosmos3_seed103_0012,105,0.07238195562481838
Cosmos3_seed103_0012,108,0.0
Cosmos3_seed103_0012,111,0.0
Cosmos3_seed103_0012,114,0.0
Cosmos3_seed103_0012,117,0.0
Cosmos3_seed103_0012,120,0.0
Cosmos3_seed103_0012,123,0.0
Cosmos3_seed103_0012,126,0.0
Cosmos3_seed103_0012,129,0.0
Cosmos3_seed103_0012,132,0.0
Cosmos3_seed103_0012,135,0.0
Cosmos3_seed103_0012,138,0.0
Cosmos3_seed103_0012,141,0.0
Cosmos3_seed103_0012,144,0.0
Cosmos3_seed103_0012,147,0.0
Cosmos3_seed103_0012,150,0.0
Cosmos3_seed103_0012,153,0.0
Cosmos3_seed103_0012,156,0.0
Cosmos3_seed103_0012,159,0.0
Cosmos3_seed103_0012,162,0.0
Cosmos3_seed103_0012,165,0.0
Cosmos3_seed103_0012,168,0.0
Cosmos3_seed103_0012,171,0.0
Cosmos3_seed103_0012,174,0.0
Cosmos3_seed103_0012,177,0.0
Cosmos3_seed103_0012,180,0.0
Cosmos3_seed103_0012,183,0.0
Cosmos3_seed103_0012,186,0.0
Cosmos3_seed103_0012,188,0.0
Cosmos3_seed103_0013,0,0.0
Cosmos3_seed103_0013,3,0.0
Cosmos3_seed103_0013,6,0.0
Cosmos3_seed103_0013,9,0.0
Cosmos3_seed103_0013,12,0.0
Cosmos3_seed103_0013,15,0.0
Cosmos3_seed103_0013,18,0.0
Cosmos3_seed103_0013,21,0.0
Cosmos3_seed103_0013,24,0.0
Cosmos3_seed103_0013,27,0.0
Cosmos3_seed103_0013,30,0.0
Cosmos3_seed103_0013,33,0.0
Cosmos3_seed103_0013,36,0.0
Cosmos3_seed103_0013,39,0.0
Cosmos3_seed103_0013,42,0.0
Cosmos3_seed103_0013,45,0.0
Cosmos3_seed103_0013,48,0.0
Cosmos3_seed103_0013,51,0.0
Cosmos3_seed103_0013,54,0.0
Cosmos3_seed103_0013,57,0.0
Cosmos3_seed103_0013,60,0.0
Cosmos3_seed103_0013,63,0.0
Cosmos3_seed103_0013,66,0.0
Cosmos3_seed103_0013,69,0.0
Cosmos3_seed103_0013,72,0.0
Cosmos3_seed103_0013,75,0.0
Cosmos3_seed103_0013,78,0.0
Cosmos3_seed103_0013,81,0.0
Cosmos3_seed103_0013,84,0.0
Cosmos3_seed103_0013,87,0.0
Cosmos3_seed103_0013,90,0.0
Cosmos3_seed103_0013,93,0.0
Cosmos3_seed103_0013,96,0.0
Cosmos3_seed103_0013,99,0.0
Cosmos3_seed103_0013,102,0.0
Cosmos3_seed103_0013,105,0.0
Cosmos3_seed103_0013,108,0.0
Cosmos3_seed103_0013,111,0.0
Cosmos3_seed103_0013,114,0.0
Cosmos3_seed103_0013,117,0.0
Cosmos3_seed103_0013,120,0.0
Cosmos3_seed103_0013,123,0.0
Cosmos3_seed103_0013,126,0.018135247954384096
Cosmos3_seed103_0013,129,0.03918302214353302
Cosmos3_seed103_0013,132,0.0
Cosmos3_seed103_0013,135,0.0
Cosmos3_seed103_0013,138,0.0
Cosmos3_seed103_0013,141,0.0
Cosmos3_seed103_0013,144,0.0
Cosmos3_seed103_0013,147,0.0
Cosmos3_seed103_0013,150,0.0
Cosmos3_seed103_0013,153,0.0
Cosmos3_seed103_0013,156,0.0
Cosmos3_seed103_0013,159,0.0
Cosmos3_seed103_0013,162,0.0
Cosmos3_seed103_0013,165,0.0
Cosmos3_seed103_0013,168,0.0
Cosmos3_seed103_0013,171,0.0
Cosmos3_seed103_0013,174,0.0
Cosmos3_seed103_0013,177,0.0
Cosmos3_seed103_0013,180,0.0
Cosmos3_seed103_0013,183,0.04296149736334648
Cosmos3_seed103_0013,186,0.04476582889196346
Cosmos3_seed103_0013,188,0.03664157904943252
Cosmos3_seed103_0017,0,0.11172814462179342
Cosmos3_seed103_0017,3,0.12053161714862613
Cosmos3_seed103_0017,6,0.12392916057140563
Cosmos3_seed103_0017,9,0.13386335701477323
Cosmos3_seed103_0017,12,0.12127199216326658
Cosmos3_seed103_0017,15,0.1262055386143615
Cosmos3_seed103_0017,18,0.1465118270491726
Cosmos3_seed103_0017,21,0.10083877418354797
Cosmos3_seed103_0017,24,0.0888998813184881
Cosmos3_seed103_0017,27,0.12023301310304055
Cosmos3_seed103_0017,30,0.11093206682535069
Cosmos3_seed103_0017,33,0.09108868254854136
Cosmos3_seed103_0017,36,0.16462795630770793
Cosmos3_seed103_0017,39,0.1183218532493558
Cosmos3_seed103_0017,42,0.17071279489500746
Cosmos3_seed103_0017,45,0.15429996995586456
Cosmos3_seed103_0017,48,0.1715136842702131
Cosmos3_seed103_0017,51,0.1392917337982878
Cosmos3_seed103_0017,54,0.14361180028805198
Cosmos3_seed103_0017,57,0.15319987495829696
Cosmos3_seed103_0017,60,0.16162831867307473
Cosmos3_seed103_0017,63,0.15542060184343645
Cosmos3_seed103_0017,66,0.14923875582982563
Cosmos3_seed103_0017,69,0.14150402921372449
Cosmos3_seed103_0017,72,0.11397903717316853
Cosmos3_seed103_0017,75,0.14517669657381843
Cosmos3_seed103_0017,78,0.15462855816859006
Cosmos3_seed103_0017,81,0.14971219783009412
Cosmos3_seed103_0017,84,0.1348870658464213
Cosmos3_seed103_0017,87,0.1565269336192322
Cosmos3_seed103_0017,90,0.15042295449134235
Cosmos3_seed103_0017,93,0.14900237925883705
Cosmos3_seed103_0017,96,0.10999833385950251
Cosmos3_seed103_0017,99,0.12495577689509534
Cosmos3_seed103_0017,102,0.10648358711801642
Cosmos3_seed103_0017,105,0.11049363664171126
Cosmos3_seed103_0017,108,0.0936242307931912
Cosmos3_seed103_0017,111,0.109352630454647
Cosmos3_seed103_0017,114,0.12243970325632281
Cosmos3_seed103_0017,117,0.1219859124212489
Cosmos3_seed103_0017,120,0.1026755014633155
Cosmos3_seed103_0017,123,0.11245906985584482
Cosmos3_seed103_0017,126,0.11128378330290417
Cosmos3_seed103_0017,129,0.14166068680275476
Cosmos3_seed103_0017,132,0.16559628238064736
Cosmos3_seed103_0017,135,0.14253583944525036
Cosmos3_seed103_0017,138,0.1253433332255087
Cosmos3_seed103_0017,141,0.13981948971384653
Cosmos3_seed103_0017,144,0.1656315836833656
Cosmos3_seed103_0017,147,0.1365787375719043
Cosmos3_seed103_0017,150,0.13575410351048092
Cosmos3_seed103_0017,153,0.11950488558856436
Cosmos3_seed103_0017,156,0.12782635347507737
Cosmos3_seed103_0017,159,0.1468681600075038
Cosmos3_seed103_0017,162,0.1401344192455804
Cosmos3_seed103_0017,165,0.12777843038534986
Cosmos3_seed103_0017,168,0.15856314572282976
Cosmos3_seed103_0017,171,0.16006320275462493
Cosmos3_seed103_0017,174,0.16026653914761246
Cosmos3_seed103_0017,177,0.16206209152061551
Cosmos3_seed103_0017,180,0.1584917579057457
Cosmos3_seed103_0017,183,0.1305137868047734
Cosmos3_seed103_0017,186,0.1531178426919575
Cosmos3_seed103_0017,188,0.15661233308858225
Cosmos3_seed103_0056,0,0.0640061800700582
Cosmos3_seed103_0056,3,0.07774198681269373
Cosmos3_seed103_0056,6,0.10537473228158367
Cosmos3_seed103_0056,9,0.10191954192163327
Cosmos3_seed103_0056,12,0.0659058702615513
Cosmos3_seed103_0056,15,0.06593079022389799
Cosmos3_seed103_0056,18,0.04067919403401659
Cosmos3_seed103_0056,21,0.09590660255087384
Cosmos3_seed103_0056,24,0.15054807317420094
Cosmos3_seed103_0056,27,0.1571515195332425
Cosmos3_seed103_0056,30,0.18014316508175013
Cosmos3_seed103_0056,33,0.18731202363949842
Cosmos3_seed103_0056,36,0.19308384151739424
Cosmos3_seed103_0056,39,0.17975962046391897
Cosmos3_seed103_0056,42,0.17861368471660446
Cosmos3_seed103_0056,45,0.17491466229954714
Cosmos3_seed103_0056,48,0.16896105684433482
Cosmos3_seed103_0056,51,0.15812502801296896
Cosmos3_seed103_0056,54,0.15297062208509968
Cosmos3_seed103_0056,57,0.16929567011043917
Cosmos3_seed103_0056,60,0.16983671981546034
Cosmos3_seed103_0056,63,0.15264980843149115
Cosmos3_seed103_0056,66,0.1955275202737245
Cosmos3_seed103_0056,69,0.21256457300475046
Cosmos3_seed103_0056,72,0.19132499531654407
Cosmos3_seed103_0056,75,0.19885039230478974
Cosmos3_seed103_0056,78,0.16359345287549457
Cosmos3_seed103_0056,81,0.13922296799240536
Cosmos3_seed103_0056,84,0.18643930686427385
Cosmos3_seed103_0056,87,0.19918557009816826
Cosmos3_seed103_0056,90,0.2192770341010621
Cosmos3_seed103_0056,93,0.2016802578820002
Cosmos3_seed103_0056,96,0.15225000311577078
Cosmos3_seed103_0056,99,0.19108363147340665
Cosmos3_seed103_0056,102,0.19931479816510106
Cosmos3_seed103_0056,105,0.23526222139922573
Cosmos3_seed103_0056,108,0.26857816170024584
Cosmos3_seed103_0056,111,0.21072913211983585
Cosmos3_seed103_0056,114,0.12867318015158258
Cosmos3_seed103_0056,117,0.13999820054597578
Cosmos3_seed103_0056,120,0.17626267483190192
Cosmos3_seed103_0056,123,0.18349580487968964
Cosmos3_seed103_0056,126,0.20107384094162845
Cosmos3_seed103_0056,129,0.18323220591539943
Cosmos3_seed103_0056,132,0.22706649798692632
Cosmos3_seed103_0056,135,0.2842751991639407
Cosmos3_seed103_0056,138,0.15186429023149384
Cosmos3_seed103_0056,141,0.22357105907004113
Cosmos3_seed103_0056,144,0.24293483895408532
Cosmos3_seed103_0056,147,0.16883230825828272
Cosmos3_seed103_0056,150,0.1895074553134138
Cosmos3_seed103_0056,153,0.1773968343050004
Cosmos3_seed103_0056,156,0.1510228824725288
Cosmos3_seed103_0056,159,0.16943924937849653
Cosmos3_seed103_0056,162,0.16226969685519457
Cosmos3_seed103_0056,165,0.1929889672335945
Cosmos3_seed103_0056,168,0.17766303625367943
Cosmos3_seed103_0056,171,0.17236695677256283
Cosmos3_seed103_0056,174,0.1656177615973946
Cosmos3_seed103_0056,177,0.18371029473887684
Cosmos3_seed103_0056,180,0.20102081514523107
Cosmos3_seed103_0056,183,0.1637738922893932
Cosmos3_seed103_0056,186,0.16016712260850885
Cosmos3_seed103_0056,188,0.14630449901519013
Cosmos3_seed103_0058,0,0.0
Cosmos3_seed103_0058,3,0.0
Cosmos3_seed103_0058,6,0.0
Cosmos3_seed103_0058,9,0.0
Cosmos3_seed103_0058,12,0.0
Cosmos3_seed103_0058,15,0.0
Cosmos3_seed103_0058,18,0.0
Cosmos3_seed103_0058,21,0.0
Cosmos3_seed103_0058,24,0.0
Cosmos3_seed103_0058,27,0.0
Cosmos3_seed103_0058,30,0.0
Cosmos3_seed103_0058,33,0.0
Cosmos3_seed103_0058,36,0.0
Cosmos3_seed103_0058,39,0.0
Cosmos3_seed103_0058,42,0.0
Cosmos3_seed103_0058,45,0.0
Cosmos3_seed103_0058,48,0.0
Cosmos3_seed103_0058,51,0.0
Cosmos3_seed103_0058,54,0.0
Cosmos3_seed103_0058,57,0.0
Cosmos3_seed103_0058,60,0.0
Cosmos3_seed103_0058,63,0.0
Cosmos3_seed103_0058,66,0.0
Cosmos3_seed103_0058,69,0.0
Cosmos3_seed103_0058,72,0.0
Cosmos3_seed103_0058,75,0.0
Cosmos3_seed103_0058,78,0.0
Cosmos3_seed103_0058,81,0.0
Cosmos3_seed103_0058,84,0.0
Cosmos3_seed103_0058,87,0.0
Cosmos3_seed103_0058,90,0.0
Cosmos3_seed103_0058,93,0.0
Cosmos3_seed103_0058,96,0.0
Cosmos3_seed103_0058,99,0.0
Cosmos3_seed103_0058,102,0.0
Cosmos3_seed103_0058,105,0.0
Cosmos3_seed103_0058,108,0.0
Cosmos3_seed103_0058,111,0.0
Cosmos3_seed103_0058,114,0.0
Cosmos3_seed103_0058,117,0.0
Cosmos3_seed103_0058,120,0.0
Cosmos3_seed103_0058,123,0.0
Cosmos3_seed103_0058,126,0.0
Cosmos3_seed103_0058,129,0.0
Cosmos3_seed103_0058,132,0.0
Cosmos3_seed103_0058,135,0.0
Cosmos3_seed103_0058,138,0.0
Cosmos3_seed103_0058,141,0.0
Cosmos3_seed103_0058,144,0.0
Cosmos3_seed103_0058,147,0.0
Cosmos3_seed103_0058,150,0.0
Cosmos3_seed103_0058,153,0.0
Cosmos3_seed103_0058,156,0.0
Cosmos3_seed103_0058,159,0.0
Cosmos3_seed103_0058,162,0.0
Cosmos3_seed103_0058,165,0.0
Cosmos3_seed103_0058,168,0.0
Cosmos3_seed103_0058,171,0.0
Cosmos3_seed103_0058,174,0.0
Cosmos3_seed103_0058,177,0.0
Cosmos3_seed103_0058,180,0.0
Cosmos3_seed103_0058,183,0.0
Cosmos3_seed103_0058,186,0.0
Cosmos3_seed103_0058,188,0.0
Cosmos3_seed103_0062,0,0.0
Cosmos3_seed103_0062,3,0.0
Cosmos3_seed103_0062,6,0.0
Cosmos3_seed103_0062,9,0.0
Cosmos3_seed103_0062,12,0.0
Cosmos3_seed103_0062,15,0.0
Cosmos3_seed103_0062,18,0.0
Cosmos3_seed103_0062,21,0.0
Cosmos3_seed103_0062,24,0.0
Cosmos3_seed103_0062,27,0.0
Cosmos3_seed103_0062,30,0.0
Cosmos3_seed103_0062,33,0.0
Cosmos3_seed103_0062,36,0.0
Cosmos3_seed103_0062,39,0.0
Cosmos3_seed103_0062,42,0.0
Cosmos3_seed103_0062,45,0.0
Cosmos3_seed103_0062,48,0.0
Cosmos3_seed103_0062,51,0.0
Cosmos3_seed103_0062,54,0.0
Cosmos3_seed103_0062,57,0.0
Cosmos3_seed103_0062,60,0.0
Cosmos3_seed103_0062,63,0.0
Cosmos3_seed103_0062,66,0.0
Cosmos3_seed103_0062,69,0.0
Cosmos3_seed103_0062,72,0.0
Cosmos3_seed103_0062,75,0.0
Cosmos3_seed103_0062,78,0.0
Cosmos3_seed103_0062,81,0.0
Cosmos3_seed103_0062,84,0.0
Cosmos3_seed103_0062,87,0.0
Cosmos3_seed103_0062,90,0.0
Cosmos3_seed103_0062,93,0.0
Cosmos3_seed103_0062,96,0.0
Cosmos3_seed103_0062,99,0.0
Cosmos3_seed103_0062,102,0.0
Cosmos3_seed103_0062,105,0.0
Cosmos3_seed103_0062,108,0.0
Cosmos3_seed103_0062,111,0.0
Cosmos3_seed103_0062,114,0.0
Cosmos3_seed103_0062,117,0.0
Cosmos3_seed103_0062,120,0.0
Cosmos3_seed103_0062,123,0.0
Cosmos3_seed103_0062,126,0.0
Cosmos3_seed103_0062,129,0.0
Cosmos3_seed103_0062,132,0.0
Cosmos3_seed103_0062,135,0.0
Cosmos3_seed103_0062,138,0.0
Cosmos3_seed103_0062,141,0.0
Cosmos3_seed103_0062,144,0.0
Cosmos3_seed103_0062,147,0.0
Cosmos3_seed103_0062,150,0.0
Cosmos3_seed103_0062,153,0.0
Cosmos3_seed103_0062,156,0.0
Cosmos3_seed103_0062,159,0.0
Cosmos3_seed103_0062,162,0.0
Cosmos3_seed103_0062,165,0.0
Cosmos3_seed103_0062,168,0.0
Cosmos3_seed103_0062,171,0.0
Cosmos3_seed103_0062,174,0.0
Cosmos3_seed103_0062,177,0.0
Cosmos3_seed103_0062,180,0.0
Cosmos3_seed103_0062,183,0.0
Cosmos3_seed103_0062,186,0.0
Cosmos3_seed103_0062,188,0.0
Cosmos3_seed103_0064,0,0.09049549115287149
Cosmos3_seed103_0064,3,0.12587551222990115
Cosmos3_seed103_0064,6,0.12353470521342444
Cosmos3_seed103_0064,9,0.13307734810714655
Cosmos3_seed103_0064,12,0.12217883351178659
Cosmos3_seed103_0064,15,0.1351115805187924
Cosmos3_seed103_0064,18,0.12310681347346414
Cosmos3_seed103_0064,21,0.07635517884441474
Cosmos3_seed103_0064,24,0.06326038998858345
Cosmos3_seed103_0064,27,0.1231355021704813
Cosmos3_seed103_0064,30,0.12546097660510092
Cosmos3_seed103_0064,33,0.11436041630529145
Cosmos3_seed103_0064,36,0.12212708458937464
Cosmos3_seed103_0064,39,0.1277988243624214
Cosmos3_seed103_0064,42,0.13273249498320905
Cosmos3_seed103_0064,45,0.13848325093861175
Cosmos3_seed103_0064,48,0.13124367997749864
Cosmos3_seed103_0064,51,0.12733388878657056
Cosmos3_seed103_0064,54,0.12556030591088976
Cosmos3_seed103_0064,57,0.10112048879325267
Cosmos3_seed103_0064,60,0.13246835134274312
Cosmos3_seed103_0064,63,0.1333016885957156
Cosmos3_seed103_0064,66,0.12535210234485147
Cosmos3_seed103_0064,69,0.13597070225081667
Cosmos3_seed103_0064,72,0.1331898698470226
Cosmos3_seed103_0064,75,0.11754436532611104
Cosmos3_seed103_0064,78,0.1002388159911824
Cosmos3_seed103_0064,81,0.10668334826628251
Cosmos3_seed103_0064,84,0.14460609983130407
Cosmos3_seed103_0064,87,0.1427949581514044
Cosmos3_seed103_0064,90,0.1411689734394699
Cosmos3_seed103_0064,93,0.10506746403910656
Cosmos3_seed103_0064,96,0.14167303664632272
Cosmos3_seed103_0064,99,0.14538563593773712
Cosmos3_seed103_0064,102,0.13966370247170956
Cosmos3_seed103_0064,105,0.15772924906712424
Cosmos3_seed103_0064,108,0.1296082059442627
Cosmos3_seed103_0064,111,0.14460905266457444
Cosmos3_seed103_0064,114,0.12276454084819668
Cosmos3_seed103_0064,117,0.12932187929829767
Cosmos3_seed103_0064,120,0.1352556629817719
Cosmos3_seed103_0064,123,0.12623572101645847
Cosmos3_seed103_0064,126,0.11125440825193669
Cosmos3_seed103_0064,129,0.13583467606945815
Cosmos3_seed103_0064,132,0.1190932290225031
Cosmos3_seed103_0064,135,0.13637215100892458
Cosmos3_seed103_0064,138,0.14783705337271677
Cosmos3_seed103_0064,141,0.13113547684621485
Cosmos3_seed103_0064,144,0.08670579119723208
Cosmos3_seed103_0064,147,0.07787897757643684
Cosmos3_seed103_0064,150,0.13039919391017915
Cosmos3_seed103_0064,153,0.08727107944894599
Cosmos3_seed103_0064,156,0.08737770329140657
Cosmos3_seed103_0064,159,0.09264142003230202
Cosmos3_seed103_0064,162,0.09223915947201734
Cosmos3_seed103_0064,165,0.1580354079743101
Cosmos3_seed103_0064,168,0.14719988925766195
Cosmos3_seed103_0064,171,0.1403892184596933
Cosmos3_seed103_0064,174,0.16078888666594493
Cosmos3_seed103_0064,177,0.12388241730726934
Cosmos3_seed103_0064,180,0.11556587947225004
Cosmos3_seed103_0064,183,0.13022246053077657
Cosmos3_seed103_0064,186,0.11883365057306695
Cosmos3_seed103_0064,188,0.1280671001949604
LVP_0004,0,0.08343955644957449
LVP_0004,3,0.0667402173437933
LVP_0004,6,0.0870155821558001
LVP_0004,9,0.0842151153029063
LVP_0004,12,0.16006901784896063
LVP_0004,15,0.14211839618287964
LVP_0004,18,0.15190575679198984
LVP_0004,21,0.16361903586301285
LVP_0004,24,0.14323951111951655
LVP_0004,27,0.13508069295140976
LVP_0004,30,0.17763483151536563
LVP_0004,33,0.12034479432774453
LVP_0004,36,0.05721722528056132
LVP_0004,39,0.05814079521215533
LVP_0004,42,0.045740055380615596
LVP_0004,45,0.09928963012379222
LVP_0004,48,0.09239837194995507
LVP_0030,0,0.0
LVP_0030,3,0.0
LVP_0030,6,0.0
LVP_0030,9,0.0
LVP_0030,12,0.0
LVP_0030,15,0.0
LVP_0030,18,0.04866755078009055
LVP_0030,21,0.05569108156921301
LVP_0030,24,0.07760394014804295
LVP_0030,27,0.0
LVP_0030,30,0.0
LVP_0030,33,0.0
LVP_0030,36,0.0
LVP_0030,39,0.14767914955755418
LVP_0030,42,0.09583194400595971
LVP_0030,45,0.5364997181968477
LVP_0030,48,0.5699864391988918
LVP_0043,0,0.0
LVP_0043,3,0.06303693365690972
LVP_0043,6,0.06295184167866652
LVP_0043,9,0.06021552646944175
LVP_0043,12,0.0
LVP_0043,15,0.05365517471942412
LVP_0043,18,0.0
LVP_0043,21,0.0
LVP_0043,24,0.0
LVP_0043,27,0.0
LVP_0043,30,0.07436195812205364
LVP_0043,33,0.06756621476590222
LVP_0043,36,0.07054014051202284
LVP_0043,39,0.06750123040404359
LVP_0043,42,0.08554720114112035
LVP_0043,45,0.07650018182349586
LVP_0043,48,0.07545471420018526
LVP_0053,0,0.08768589458852036
LVP_0053,3,0.2524215597757836
LVP_0053,6,0.08148847686563274
LVP_0053,9,0.12873516829124199
LVP_0053,12,0.1818738978064457
LVP_0053,15,0.18880785241424125
LVP_0053,18,0.21145556996729148
LVP_0053,21,0.1887692697136873
LVP_0053,24,0.06289980798771325
LVP_0053,27,0.12946945592866155
LVP_0053,30,0.16817499664532765
LVP_0053,33,0.17343561057680754
LVP_0053,36,0.14351495219265
LVP_0053,39,0.0
LVP_0053,42,0.0
LVP_0053,45,0.18916291951470063
LVP_0053,48,0.14016269323380445
LVP_0054,0,0.0374985366198264
LVP_0054,3,0.07376031820175609
LVP_0054,6,0.1545809872910572
LVP_0054,9,0.19118880351651302
LVP_0054,12,0.23814498606563053
LVP_0054,15,0.18195004429282594
LVP_0054,18,0.14882749233710346
LVP_0054,21,0.12560495259519114
LVP_0054,24,0.18210258613141805
LVP_0054,27,0.21795353275941592
LVP_0054,30,0.138752365301687
LVP_0054,33,0.1487552884751741
LVP_0054,36,0.1631001675128099
LVP_0054,39,0.11648926028454724
LVP_0054,42,0.12750905208792965
LVP_0054,45,0.11856661959241334
LVP_0054,48,0.11534843404952055
LVP_0055,0,0.046224960669069295
LVP_0055,3,0.037960334398743516
LVP_0055,6,0.04187648321736716
LVP_0055,9,0.27329115027191075
LVP_0055,12,0.2875011375946284
LVP_0055,15,0.164374065286253
LVP_0055,18,0.1627059022148118
LVP_0055,21,0.12169113951001338
LVP_0055,24,0.10917455918286528
LVP_0055,27,0.1326797011357485
LVP_0055,30,0.106173325748235
LVP_0055,33,0.11585370326782038
LVP_0055,36,0.07646875702095778
LVP_0055,39,0.1057482130653173
LVP_0055,42,0.14822242479154074
LVP_0055,45,0.15940841646589088
LVP_0055,48,0.08281170577645645
LVP_0056,0,0.09912717979283452
LVP_0056,3,0.044334104391809556
LVP_0056,6,0.09329540010035178
LVP_0056,9,0.10566428796668507
LVP_0056,12,0.14389567857218805
LVP_0056,15,0.16107708193322084
LVP_0056,18,0.20960090823760424
LVP_0056,21,0.21917053802831432
LVP_0056,24,0.16243884818208823
LVP_0056,27,0.11966513848939828
LVP_0056,30,0.14351291632210678
LVP_0056,33,0.1128787599537857
LVP_0056,36,0.11716482314709248
LVP_0056,39,0.10774590452570547
LVP_0056,42,0.14062468162915298
LVP_0056,45,0.08941304392392133
LVP_0056,48,0.1858459591323369
LVP_0062,0,0.0
LVP_0062,3,0.0
LVP_0062,6,0.0
LVP_0062,9,0.0
LVP_0062,12,0.0
LVP_0062,15,0.0
LVP_0062,18,0.0
LVP_0062,21,0.0
LVP_0062,24,0.0
LVP_0062,27,0.0
LVP_0062,30,0.0
LVP_0062,33,0.0
LVP_0062,36,0.0
LVP_0062,39,0.0
LVP_0062,42,0.0
LVP_0062,45,0.0
LVP_0062,48,0.0
